{"type":"FeatureCollection","features":[{"type":"Feature","id":25359,"geometry":{"type":"Polygon","coordinates":[[[114.25799911957743,22.311852368770435],[114.25805172828451,22.311868943107811],[114.2580058762471,22.311990592757155],[114.25795496893434,22.311973298628416],[114.25799911957743,22.311852368770435]]]},"properties":{"OBJECTID":25359,"Shape__Length":39.724691734374886,"Shape__Area":80.320661687963479,"GeoRefNo":"4462719217","DateCreate":1114790400000,"BuildingBlockType":"Tower","BuildingCSUID":"4462719217T20050430","BuildingID":1101780797,"Status":"Active","BuildingNameEN":null,"BuildingNameTC":null,"BaseHeight":5.7000000000000002,"TopHeight":10.1,"Storeys":null,"StoreysInBasement":null,"DateStamp":1286380800000}},{"type":"Feature","id":25371,"geometry":{"type":"Polygon","coordinates":[[[114.25781439320728,22.311408605921123],[114.2578353590627,22.311415227882861],[114.25784146023723,22.311402551024525],[114.25782485089063,22.311369413686801],[114.25780753037982,22.311364283022602],[114.25780126446759,22.311381779320779],[114.25765188991841,22.311332587944211],[114.2577023606777,22.311196992839538],[114.25785444285744,22.311246267886357],[114.25784289283686,22.311274168990494],[114.25785434468489,22.311277969395796],[114.2578600397681,22.311262752793638],[114.25788384882138,22.311251083208482],[114.25790889738029,22.311260818134752],[114.25791408453847,22.311246045277219],[114.25788291327416,22.31123520201599],[114.25792968154005,22.311114195813936],[114.25807537139301,22.31116304318115],[114.25802835710331,22.311284041871396],[114.25800620754623,22.311276004890487],[114.25799998871437,22.311292124277735],[114.25801831339557,22.311325544390158],[114.25803243378604,22.311330576033246],[114.25804196258963,22.311311342682451],[114.25819401361264,22.311361535475708],[114.25814180439156,22.311497536533167],[114.2579885459516,22.31144661706233],[114.25799754022654,22.311421393806171],[114.25798513513175,22.311416644952896],[114.2579794557075,22.311431402526086],[114.25795510721521,22.311444433938025],[114.25793194160471,22.311437284440654],[114.25792866587781,22.311446602584461],[114.25796036868623,22.311456313585271],[114.2579140456461,22.311578711996461],[114.25776851170103,22.311529910917514],[114.25781439320728,22.311408605921123]]]},"properties":{"OBJECTID":25371,"Shape__Length":244.43305340764036,"Shape__Area":1339.7902319085363,"GeoRefNo":"4461919154","DateCreate":1114790400000,"BuildingBlockType":"Tower","BuildingCSUID":"4461919154T20050430","BuildingID":1101780855,"Status":"Active","BuildingNameEN":"Sheung Yan House","BuildingNameTC":"尚仁樓","BaseHeight":5.7000000000000002,"TopHeight":113.09999999999999,"Storeys":39,"StoreysInBasement":null,"DateStamp":1786636800000}},{"type":"Feature","id":25681,"geometry":{"type":"Polygon","coordinates":[[[114.26077439807119,22.310738324066637],[114.26076149575543,22.310740911778883],[114.26075702085465,22.310749273899173],[114.26048586772912,22.310658182550434],[114.26047732922078,22.310634025319406],[114.26052876906269,22.31050604081225],[114.26055215608865,22.310492290132327],[114.26082353160503,22.310584077516733],[114.26081952551414,22.310593143331161],[114.26082868349924,22.310599170034408],[114.26088362590788,22.310455211814968],[114.26079005722652,22.310424290204022],[114.26088178960846,22.310191639866588],[114.26108105432581,22.310259141977507],[114.26085462642162,22.310842350947429],[114.26074819749945,22.310807389365571],[114.26077439807119,22.310738324066637]]]},"properties":{"OBJECTID":25681,"Shape__Length":249.73298449550848,"Shape__Area":1715.1922630465585,"GeoRefNo":"4493019054","DateCreate":1114790400000,"BuildingBlockType":"Tower","BuildingCSUID":"4493019054T20050430","BuildingID":1101780899,"Status":"Active","BuildingNameEN":"Chi Lin Buddhist Primary School","BuildingNameTC":"佛教志蓮小學","BaseHeight":5.9000000000000004,"TopHeight":19.800000000000001,"Storeys":null,"StoreysInBasement":null,"DateStamp":1286380800000}},{"type":"Feature","id":25684,"geometry":{"type":"Polygon","coordinates":[[[114.26140167216369,22.310513336713832],[114.26140894203219,22.310539570421223],[114.26135043693084,22.310553607376061],[114.26137726081814,22.310650402303974],[114.26143304458047,22.31063701831669],[114.2614400785934,22.310662400650237],[114.26143383797998,22.31066389792764],[114.2614389335989,22.310682285629674],[114.2613646009939,22.310700119993619],[114.26137011702187,22.310721215935384],[114.26137795099555,22.310719442486931],[114.26139323072977,22.310773434603508],[114.26134351349542,22.310785616062443],[114.26133053835849,22.310738466398167],[114.26130930189507,22.310743526106499],[114.26132231408374,22.31079081030904],[114.26127922938126,22.310801366668628],[114.2612638609864,22.31074706113554],[114.2612714964296,22.310745190265134],[114.2612635021209,22.310716941570924],[114.26125895398506,22.310718055966262],[114.26125613829213,22.310718745834382],[114.26125332269622,22.310719435702396],[114.2612505071003,22.31072012557037],[114.26124769140726,22.310720815438334],[114.26124487581129,22.310721505306205],[114.26124206021528,22.310722195174041],[114.26123924452217,22.310722885041844],[114.2612364289261,22.310723574909574],[114.26123361332999,22.310724264777246],[114.26123079763681,22.310724954644904],[114.26122798204065,22.310725644512491],[114.26122516644448,22.310726334380021],[114.26122235075123,22.310727024247541],[114.26121953515502,22.310727714205289],[114.26121671955876,22.310728404072659],[114.26121390386541,22.310729093940051],[114.26121108826909,22.310729783807325],[114.26120827267275,22.310730473674557],[114.26120545697931,22.310731163541799],[114.26120264138289,22.310731853408925],[114.26119982578645,22.310732543276021],[114.26119701009294,22.310733233143125],[114.26119419449644,22.310733923010098],[114.26118803200001,22.310712147123638],[114.26117460059223,22.31071543799532],[114.26117133605912,22.310703902291987],[114.26123096041056,22.310689293363193],[114.26122137873078,22.310655435414631],[114.26119549078375,22.310661778337895],[114.2611902197758,22.310643152763042],[114.26121610771965,22.310636809840638],[114.26120309792286,22.310590838495589],[114.26114309857621,22.310604122368975],[114.2611405238829,22.310593035126928],[114.26115404818712,22.310589951010424],[114.26114812431689,22.310567460316488],[114.26114480246389,22.310554848194965],[114.26121980857148,22.310536852294657],[114.26121308721216,22.310512597619717],[114.26120564253704,22.310514383771466],[114.2612028690437,22.310504375248311],[114.26120214199287,22.310501751966978],[114.26120141503907,22.310499128595286],[114.2612006880853,22.310496505223607],[114.26119996103451,22.310493881851972],[114.26119923408078,22.310491258480258],[114.26119850712709,22.310488635108566],[114.26119778007639,22.310486011736916],[114.26119705312274,22.310483388365206],[114.26119632616916,22.310480764993486],[114.26119559911851,22.3104781416218],[114.26119487216495,22.310475518250104],[114.26119414521143,22.310472894878373],[114.2611934181609,22.310470271506681],[114.26119269120741,22.310467648134949],[114.26119196425398,22.310465024763207],[114.26119123720349,22.310462401391522],[114.2611905102501,22.310459778019773],[114.26123451327051,22.310449220483193],[114.26124774570675,22.310496970738399],[114.26126789303997,22.310492136828195],[114.26125466059739,22.310444386664937],[114.26129842867569,22.310433885493946],[114.26131356100176,22.310488491325945],[114.26130656659228,22.310490169512761],[114.26131328806362,22.31051442409348],[114.26138922056333,22.310496205840842],[114.26139444815865,22.310515069930201],[114.26140167216369,22.310513336713832]]]},"properties":{"OBJECTID":25684,"Shape__Length":192.21962302582216,"Shape__Area":620.58468041642084,"GeoRefNo":"4496719073","DateCreate":1114790400000,"BuildingBlockType":"Tower","BuildingCSUID":"4496719073T20050430","BuildingID":1101780904,"Status":"Active","BuildingNameEN":"Beverly Garden Block 2","BuildingNameTC":"富康花園第二座","BaseHeight":5.7000000000000002,"TopHeight":115.09999999999999,"Storeys":40,"StoreysInBasement":null,"DateStamp":1599580800000}},{"type":"Feature","id":25687,"geometry":{"type":"Polygon","coordinates":[[[114.25826877929042,22.31166907963329],[114.25825227357845,22.311690032312683],[114.25824961665698,22.311688924147386],[114.25824698077166,22.311687773437345],[114.25824436669907,22.311686580453149],[114.25824177511888,22.311685345645952],[114.25823920700174,22.311684069195888],[114.25823666293027,22.311682751644508],[114.25823414368118,22.311681393442914],[114.25823165012808,22.311679994771335],[114.25822918295063,22.311678556171216],[114.25822674282853,22.311677078184108],[114.25822433053841,22.311675561080506],[114.25822194685693,22.311674005311549],[114.25821959246386,22.311672411509036],[114.25821726813585,22.311670780033829],[114.25821497435841,22.311669111337199],[114.25821271200533,22.311667405960531],[114.25821048165933,22.311665664535692],[114.25820828399993,22.311663887333264],[114.25820611980407,22.311662075165614],[114.25820398955716,22.311660228303399],[114.25820189393902,22.31165834755905],[114.25819983362929,22.31165643329345],[114.25819780921063,22.31165448613844],[114.25819582136278,22.311652506725814],[114.25819387057135,22.311650495597178],[114.25819195741899,22.31164845338439],[114.25818678478099,22.311645044490607],[114.25819796905576,22.311635052033189],[114.25820156142925,22.311623676013529],[114.25821835480107,22.311616773719859],[114.25821925934389,22.311618276047572],[114.25822072534623,22.311620616765047],[114.2582222341358,22.31162293380088],[114.25822378503292,22.311625226613579],[114.25822537774603,22.311627494480806],[114.25822701169243,22.311629736770765],[114.25822868658055,22.311631952851393],[114.25823040173066,22.311634142000624],[114.25823215665712,22.311636303676867],[114.25823395106842,22.311638437248114],[114.25823578418778,22.311640542082603],[114.25823765562652,22.311642617458102],[114.25823956470506,22.311644662923403],[114.25824151103473,22.311646677756276],[114.25824349403291,22.311648661505473],[114.25824551301992,22.31165061353915],[114.25824756741305,22.311652533225516],[114.2582496567267,22.311654420113239],[114.25825178028124,22.311656273570545],[114.25825393749399,22.311658093146196],[114.25825612758817,22.311659878208427],[114.25825835017527,22.3116616282156],[114.25826060447865,22.311663342806874],[114.2582628898186,22.311665021440739],[114.25826520561245,22.311666663575689],[114.25826755108355,22.311668268760577],[114.25826877929042,22.31166907963329]]]},"properties":{"OBJECTID":25687,"Shape__Length":23.977675428269961,"Shape__Area":30.496235332732407,"GeoRefNo":"4465019188","DateCreate":1114790400000,"BuildingBlockType":"Tower","BuildingCSUID":"4465019188T20050430","BuildingID":1101780844,"Status":"Active","BuildingNameEN":null,"BuildingNameTC":null,"BaseHeight":5.7000000000000002,"TopHeight":9.3000000000000007,"Storeys":null,"StoreysInBasement":null,"DateStamp":1286380800000}},{"type":"Feature","id":27821,"geometry":{"type":"Polygon","coordinates":[[[114.25741695645138,22.308341342412781],[114.25742025134653,22.308332852011162],[114.25768651687686,22.30842311581323],[114.25769448782894,22.30844514650488],[114.25765960086845,22.30853510867372],[114.25764545231056,22.308571689655061],[114.25762323433895,22.308583801727679],[114.25735696854395,22.308493537824276],[114.25735997275615,22.308485860322399],[114.25734948518034,22.308475480338252],[114.2573449228541,22.308473947400874],[114.25728386894596,22.308629123410427],[114.25737948401252,22.30866167642402],[114.25729042277477,22.308888117773201],[114.25709540660475,22.308821658870404],[114.25732179077899,22.308245845909425],[114.25742303558832,22.308280111919863],[114.25739803266781,22.308343699769519],[114.25740162431542,22.308344962269583],[114.25741695645138,22.308341342412781]]]},"properties":{"OBJECTID":27821,"Shape__Length":247.91274095611115,"Shape__Area":1634.4662499983701,"GeoRefNo":"4457618832","DateCreate":1114790400000,"BuildingBlockType":"Tower","BuildingCSUID":"4457618832T20050430","BuildingID":1101781083,"Status":"Active","BuildingNameEN":"Tseung Kwan O Catholic Primary School","BuildingNameTC":"將軍澳天主教小學","BaseHeight":5.7000000000000002,"TopHeight":31,"Storeys":null,"StoreysInBasement":null,"DateStamp":1286380800000}},{"type":"Feature","id":27828,"geometry":{"type":"Polygon","coordinates":[[[114.26084727303254,22.309355119906488],[114.26089564850274,22.309368498237134],[114.2608770709369,22.309422931130133],[114.26082774804829,22.309407164330075],[114.26084727303254,22.309355119906488]]]},"properties":{"OBJECTID":27828,"Shape__Length":23.001980369760108,"Shape__Area":32.840565760408118,"GeoRefNo":"4492118937","DateCreate":1192118400000,"BuildingBlockType":"Open-sided Structure","BuildingCSUID":"4492118937T20071012","BuildingID":1101781021,"Status":"Active","BuildingNameEN":null,"BuildingNameTC":null,"BaseHeight":null,"TopHeight":null,"Storeys":null,"StoreysInBasement":null,"DateStamp":1286380800000}},{"type":"Feature","id":27832,"geometry":{"type":"Polygon","coordinates":[[[114.261147452144,22.309454766616838],[114.26102114880466,22.309413538998747],[114.26104194984715,22.309353212830359],[114.26104255509055,22.309353412905114],[114.26116877385611,22.309395137053286],[114.261147452144,22.309454766616838]]]},"properties":{"OBJECTID":27832,"Shape__Length":41.63367355186319,"Shape__Area":96.602489549440165,"GeoRefNo":"4494518939","DateCreate":1192118400000,"BuildingBlockType":"Open-sided Structure","BuildingCSUID":"4494518939T20071012","BuildingID":1101781013,"Status":"Active","BuildingNameEN":null,"BuildingNameTC":null,"BaseHeight":null,"TopHeight":null,"Storeys":null,"StoreysInBasement":null,"DateStamp":1286380800000}},{"type":"Feature","id":27870,"geometry":{"type":"Polygon","coordinates":[[[114.26264858280405,22.308369552559789],[114.26264320234758,22.30835622497678],[114.26264182683855,22.30834289699072],[114.26208407424062,22.30815734216419],[114.2621624394213,22.307958781273406],[114.26286522081509,22.308197847370753],[114.26291860551062,22.308217248743436],[114.26297103101443,22.308238796007448],[114.26302239772818,22.308262448308035],[114.26307260818584,22.308288160635286],[114.26312410108956,22.308316530782875],[114.26317407518236,22.308347162442779],[114.26322241580407,22.308379985329051],[114.26321019529784,22.308408844603235],[114.26322510260236,22.308417077266657],[114.26324356907887,22.308429222707264],[114.26326033203883,22.308441897614422],[114.26327698728588,22.308457429768659],[114.26329301050323,22.308474646645461],[114.26330920819362,22.308491813939924],[114.26332340389841,22.308510715994771],[114.26324201781354,22.308565210545787],[114.26308245361713,22.308500699594166],[114.26308471030967,22.308493175904733],[114.26282511897024,22.308403874679001],[114.26281149418642,22.30841411339059],[114.26279627505693,22.308422176571504],[114.26278357732228,22.308426567747055],[114.2627798589785,22.308427853688041],[114.26276267444275,22.308430996320691],[114.26274517036317,22.308431522594805],[114.26272780375027,22.308429418632105],[114.26271102796871,22.308424739459806],[114.26269528118686,22.308417607301124],[114.2626809745345,22.308408208239968],[114.26266848161823,22.308396787891972],[114.262658128618,22.308383644275327],[114.26264858280405,22.308369552559789]]]},"properties":{"OBJECTID":27870,"Shape__Length":305.87962066362576,"Shape__Area":2902.2071166907781,"GeoRefNo":"4511718813","DateCreate":1114790400000,"BuildingBlockType":"Tower","BuildingCSUID":"4511718813T20050430","BuildingID":1101781127,"Status":"Active","BuildingNameEN":"Tseung Kwan O Plaza Club House","BuildingNameTC":"將軍澳廣場會所","BaseHeight":6,"TopHeight":24.899999999999999,"Storeys":null,"StoreysInBasement":null,"DateStamp":1286380800000}},{"type":"Feature","id":27875,"geometry":{"type":"Polygon","coordinates":[[[114.25747443814542,22.306885823635433],[114.25746848034478,22.306887959264266],[114.2574617075892,22.306873666194193],[114.25744168388383,22.30688185895545],[114.25744890318187,22.306896512035131],[114.25744327568829,22.306899061461674],[114.25746515673997,22.306942903190599],[114.25736595633195,22.306985712373237],[114.2573232909663,22.306900060136755],[114.25732343699192,22.306899997120993],[114.25737758760265,22.306876382308392],[114.257368045677,22.306856968361473],[114.25731389507212,22.306880583170923],[114.25731364319007,22.30688069184373],[114.25727115462716,22.306795394316911],[114.25727091822642,22.30679491265149],[114.2573704030154,22.306753171705292],[114.25739353368787,22.306796573575809],[114.25740041084468,22.306793584372095],[114.25740797347966,22.306808878636627],[114.25742755063285,22.30680032587064],[114.25741998799622,22.306785031606999],[114.25742469612709,22.306783335849325],[114.25740240234681,22.30673914031938],[114.25750148844607,22.306696176295613],[114.25754397711846,22.306781473762836],[114.25748942984643,22.306804613276821],[114.25748917796467,22.306804721949902],[114.2574988257598,22.306824090232595],[114.25749897168826,22.306824027307037],[114.25755362491952,22.306800842042325],[114.25759621101207,22.306886333513784],[114.25749715610502,22.306928871786237],[114.25749604790226,22.306929249184364],[114.25747443814542,22.306885823635433]]]},"properties":{"OBJECTID":27875,"Shape__Length":152.16847975035736,"Shape__Area":531.28005707935677,"GeoRefNo":"4456818655","DateCreate":1114790400000,"BuildingBlockType":"Tower","BuildingCSUID":"4456818655T20050430","BuildingID":1101781237,"Status":"Active","BuildingNameEN":"Park Central Tower 2","BuildingNameTC":"將軍澳中心第二座","BaseHeight":5.5,"TopHeight":167.09999999999999,"Storeys":50,"StoreysInBasement":null,"DateStamp":1599580800000}},{"type":"Feature","id":27877,"geometry":{"type":"Polygon","coordinates":[[[114.26246266726783,22.306364226896669],[114.26246265085398,22.306337305055159],[114.26246261936721,22.306285660683976],[114.26247475068203,22.306285654279556],[114.26247473787923,22.306264658136392],[114.26254655525226,22.30626462020367],[114.26254645926078,22.306107487775972],[114.26255805678304,22.306107481647427],[114.26255804341672,22.306085582443881],[114.26266780739653,22.306085524309289],[114.26266782077997,22.306107423512739],[114.2626794183022,22.306107417375507],[114.2626795144424,22.306264549802677],[114.26275133181498,22.306264511779322],[114.26275134604023,22.306287765572119],[114.2627581395766,22.306287761973664],[114.26275816979087,22.30633714878498],[114.26275818460388,22.30636136135627],[114.26275139106396,22.306361364954739],[114.26275140538633,22.306384618747224],[114.26267764694059,22.306384657798038],[114.26267768530229,22.306447420461161],[114.26265657679028,22.306447431630751],[114.26265658479186,22.306460525999245],[114.26256972446981,22.306460572022903],[114.26256971647635,22.306447477654363],[114.26254860796425,22.306447488809901],[114.26254856966023,22.306384726146558],[114.26247481121406,22.306384765105143],[114.26247479858947,22.306364220492231],[114.26246266726783,22.306364226896669]]]},"properties":{"OBJECTID":27877,"Shape__Length":143.94999999931207,"Shape__Area":766.84925149810761,"GeoRefNo":"4510218591","DateCreate":1114790400000,"BuildingBlockType":"Tower","BuildingCSUID":"4510218591T20050430","BuildingID":1101781280,"Status":"Active","BuildingNameEN":"Bauhinia Garden Block 4","BuildingNameTC":"寶盈花園第四座","BaseHeight":6,"TopHeight":122,"Storeys":41,"StoreysInBasement":null,"DateStamp":1599580800000}},{"type":"Feature","id":27878,"geometry":{"type":"Polygon","coordinates":[[[114.26220934532239,22.306810020805127],[114.26220935781136,22.306830565417108],[114.2621355991304,22.306830604222171],[114.26213563725072,22.306893366882729],[114.26211452867138,22.306893377981986],[114.2621145366226,22.306906472349969],[114.26202767602356,22.306906518084205],[114.26202766808048,22.3068934237162],[114.26200655950107,22.30689343480142],[114.26200652143842,22.306830672140649],[114.26193276275704,22.306830710853497],[114.26193274866694,22.306807457061733],[114.2619259551053,22.306807460625706],[114.2619259104161,22.306733861245604],[114.26193270397417,22.306733857681639],[114.26193268988415,22.30671060388962],[114.26200450748618,22.306710566196191],[114.26200441209905,22.306553433774894],[114.26201600965828,22.306553427684992],[114.26201599637618,22.306531528482346],[114.26212576070601,22.306531470713445],[114.26212577400526,22.306553369916003],[114.26213737156445,22.306553363817422],[114.26213746710033,22.306710496238182],[114.26220928470195,22.306710458454084],[114.26220929746536,22.306731454596267],[114.26222142881879,22.306731448210659],[114.26222147668258,22.306810014419511],[114.26220934532239,22.306810020805127]]]},"properties":{"OBJECTID":27878,"Shape__Length":143.94999999928257,"Shape__Area":766.84924974583805,"GeoRefNo":"4504618648","DateCreate":1114790400000,"BuildingBlockType":"Tower","BuildingCSUID":"4504618648T20050430","BuildingID":1101781245,"Status":"Active","BuildingNameEN":"Bauhinia Garden Block 8","BuildingNameTC":"寶盈花園第八座","BaseHeight":6,"TopHeight":122,"Storeys":41,"StoreysInBasement":null,"DateStamp":1599580800000}},{"type":"Feature","id":27879,"geometry":{"type":"Polygon","coordinates":[[[114.25783267387568,22.30700717519429],[114.25782671617239,22.307009310745869],[114.2578199432775,22.306995017781464],[114.25779991957585,22.307003210496497],[114.2578071389175,22.307017863559878],[114.2578015114256,22.307020412998824],[114.25782339260797,22.307064254678387],[114.25772419222432,22.307107064079403],[114.25768152670044,22.307021411939093],[114.25768167262903,22.307021349013372],[114.25773582322581,22.306997734081584],[114.25772628124244,22.30697832015618],[114.25767213065147,22.307001935084823],[114.25767187886649,22.307002043667829],[114.25762938995234,22.306916746236904],[114.2576291535502,22.306916264662327],[114.25772863831783,22.306874523497104],[114.25775176912092,22.306917925315513],[114.25775864627593,22.306914936006354],[114.25776620895648,22.306930230344129],[114.25778578610465,22.306921677535058],[114.25777822351947,22.30690638319814],[114.25778293155302,22.306904687520447],[114.25776063764083,22.306860492040773],[114.25785972371524,22.306817527798895],[114.2579022126418,22.306902825170273],[114.25784766538219,22.306925964804325],[114.2578474135004,22.30692607338765],[114.25785706135326,22.306945441648608],[114.25785720728167,22.30694537872272],[114.25791186050061,22.306922193427994],[114.25795444684788,22.307007684713064],[114.25785539196461,22.307050223203593],[114.25785428376193,22.30705060069447],[114.25783267387568,22.30700717519429]]]},"properties":{"OBJECTID":27879,"Shape__Length":152.16841334163678,"Shape__Area":531.27972684360634,"GeoRefNo":"4460518668","DateCreate":1114790400000,"BuildingBlockType":"Tower","BuildingCSUID":"4460518668T20050430","BuildingID":1101781231,"Status":"Active","BuildingNameEN":"Park Central Tower 1","BuildingNameTC":"將軍澳中心第一座","BaseHeight":5.5,"TopHeight":167.5,"Storeys":50,"StoreysInBasement":null,"DateStamp":1599580800000}},{"type":"Feature","id":27891,"geometry":{"type":"Polygon","coordinates":[[[114.2623422988986,22.306242602849089],[114.26220220651703,22.306242676637549],[114.26220220898712,22.306246740407225],[114.26218449727223,22.306246749727602],[114.26218446187524,22.306188502361838],[114.26218834389334,22.30618850031918],[114.26232625258574,22.306188427693744],[114.26232624342541,22.306173378922374],[114.26233166139826,22.306168331752964],[114.26234993444291,22.306168322120609],[114.26235090549717,22.306169224668906],[114.26252458773796,22.306169133011274],[114.26252463250485,22.306242506630419],[114.26243728706486,22.306242552748763],[114.2623422988986,22.306242602849089]]]},"properties":{"OBJECTID":27891,"Shape__Length":87.059212766588502,"Shape__Area":254.6290736916196,"GeoRefNo":"4507518585","DateCreate":1114790400000,"BuildingBlockType":"Tower","BuildingCSUID":"4507518585T20050430","BuildingID":1101781303,"Status":"Active","BuildingNameEN":null,"BuildingNameTC":null,"BaseHeight":6,"TopHeight":10.4,"Storeys":1,"StoreysInBasement":1,"DateStamp":1599580800000}},{"type":"Feature","id":27961,"geometry":{"type":"Polygon","coordinates":[[[114.25746924851489,22.307554980178057],[114.25747148801088,22.30755943422167],[114.25747377463087,22.30756398216008],[114.25749575128751,22.307554415050269],[114.25749726070578,22.307557416974639],[114.25749945278744,22.307561776761975],[114.25751945154325,22.307553070797375],[114.25753372257367,22.307581454193048],[114.25755438062974,22.307572461174569],[114.25754010959604,22.30754407769037],[114.25756010834678,22.307535371720778],[114.25755791626365,22.307531011934255],[114.25755640684439,22.307528010010437],[114.25757838348974,22.307518442889435],[114.25757609686717,22.307513895042778],[114.2575738702912,22.307509466641072],[114.25757825483471,22.307507531909796],[114.25759627568031,22.307499686904467],[114.2575985130418,22.307504136612732],[114.257602309085,22.307511686472772],[114.2576126304691,22.307532214392218],[114.2576469488138,22.307517358935744],[114.25765682568577,22.307537002707011],[114.25764607663383,22.307541682572978],[114.25765635925754,22.307562131400797],[114.25764932420461,22.307565187791209],[114.2576546915661,22.307575861816385],[114.25766135770178,22.307589118668648],[114.25766672506501,22.307599792512786],[114.25767375739879,22.307596730794931],[114.2576840400305,22.307617179530524],[114.25770094410123,22.307609819923307],[114.25771081777651,22.307629449695188],[114.25768818230898,22.307639304696785],[114.25770539002863,22.307673525348353],[114.2576373034412,22.307703046542301],[114.25762819851445,22.307684932169622],[114.25761004336604,22.30769284398141],[114.25759963403829,22.307672141273567],[114.25758601404277,22.307678083869085],[114.25759642336898,22.307698786577792],[114.25757837834826,22.307706659770506],[114.25758725187379,22.307724730101533],[114.2575198274896,22.307754542243615],[114.25750249004754,22.307719984253893],[114.25747966144507,22.307730055153776],[114.2574695567874,22.307710044030209],[114.25748619344797,22.307702925514782],[114.257475019628,22.30768047196484],[114.25748191819496,22.307677343946914],[114.25747658034017,22.307666659245349],[114.25747217078333,22.307657832850762],[114.2574668337073,22.307647149593357],[114.25745984852067,22.307650188973216],[114.25744865930496,22.307627782478392],[114.25743855516117,22.307631981040227],[114.25742867843158,22.307611867483896],[114.2574628019867,22.307597100392169],[114.25745283447812,22.307576756963222],[114.25744911829459,22.307569172382525],[114.25744691322575,22.307564671904199],[114.257451323618,22.307562788637938],[114.25746485532105,22.307556897933154],[114.25746924851489,22.307554980178057]]]},"properties":{"OBJECTID":27961,"Shape__Length":125.24081324282288,"Shape__Area":436.1969828469027,"GeoRefNo":"4458218741","DateCreate":1114790400000,"BuildingBlockType":"Tower","BuildingCSUID":"4458218741T20050430","BuildingID":1101781191,"Status":"Active","BuildingNameEN":"Park Central Tower 11","BuildingNameTC":"將軍澳中心第十一座","BaseHeight":5.5,"TopHeight":164.59999999999999,"Storeys":49,"StoreysInBasement":null,"DateStamp":1599580800000}},{"type":"Feature","id":29478,"geometry":{"type":"Polygon","coordinates":[[[114.26231225668927,22.311703194783092],[114.26227620947176,22.311691088216033],[114.26228686172576,22.311679387168919],[114.26231754661259,22.311689609978302],[114.26231225668927,22.311703194783092]]]},"properties":{"OBJECTID":29478,"Shape__Length":10.604938480012036,"Shape__Area":5.8284525501434006,"GeoRefNo":"4506919193","DateCreate":1237910400000,"BuildingBlockType":"Tower","BuildingCSUID":"4506919193T20090325","BuildingID":1101780843,"Status":"Active","BuildingNameEN":"TSEUNG KWAN O SPORTS GROUND","BuildingNameTC":"將軍澳運動場","BaseHeight":5.5999999999999996,"TopHeight":7.5999999999999996,"Storeys":null,"StoreysInBasement":null,"DateStamp":1286380800000}},{"type":"Feature","id":29479,"geometry":{"type":"Polygon","coordinates":[[[114.25724002651799,22.311349711935847],[114.25735672920857,22.311388703150563],[114.2573509727291,22.311401045236053],[114.25735319239506,22.311420068532044],[114.25731281804794,22.31152702836199],[114.25735864904695,22.311541541713403],[114.25732923552196,22.311616217137377],[114.25721925255959,22.311580399899135],[114.25722445539012,22.3115672563566],[114.25718357113625,22.31155220680829],[114.25717473784377,22.311543892469217],[114.25717938556824,22.311530481445843],[114.25719141326192,22.311524650571013],[114.25719908270334,22.311502143245107],[114.25717713223283,22.311495490804276],[114.25722233790685,22.311376963578375],[114.2572361093787,22.311363375365463],[114.25724002651799,22.311349711935847]]]},"properties":{"OBJECTID":29479,"Shape__Length":87.627792831634224,"Shape__Area":370.03996574897315,"GeoRefNo":"4455219166","DateCreate":1114790400000,"BuildingBlockType":"Tower","BuildingCSUID":"4455219166T20050430","BuildingID":1101780851,"Status":"Active","BuildingNameEN":"Sheung Yee House","BuildingNameTC":"尚義樓","BaseHeight":5.7000000000000002,"TopHeight":64,"Storeys":21,"StoreysInBasement":null,"DateStamp":1786636800000}},{"type":"Feature","id":29807,"geometry":{"type":"Polygon","coordinates":[[[114.26167194547662,22.309799719896002],[114.26167640803943,22.309816857546998],[114.26168601255084,22.309814692222819],[114.26169196036791,22.309837533725279],[114.26163620528087,22.309850103498047],[114.2616514301703,22.309908572724389],[114.26167733738075,22.309902732090283],[114.26168219305139,22.309921379812508],[114.26165628593473,22.309927220447349],[114.2616633349478,22.309954291487408],[114.26170948545709,22.309943887031551],[114.26171909007373,22.309941721705364],[114.26172505716305,22.309964637517957],[114.26171545264201,22.309966802844446],[114.26172022115801,22.309985115846715],[114.26164613915589,22.310001817320483],[114.26165235001643,22.310025669119927],[114.2616604113167,22.310023851740503],[114.26167379494061,22.310075249884491],[114.26162988144785,22.310085149975677],[114.26162236180024,22.310056271796718],[114.26162121323031,22.310051860950008],[114.26161735924205,22.310037060098622],[114.26159528178273,22.310042037383266],[114.26160780398142,22.310090127262008],[114.26156461633839,22.310099863682954],[114.26155123265495,22.310048465530034],[114.26155689804149,22.310047188353291],[114.2615499793003,22.310020617806881],[114.26147300556525,22.310037971095682],[114.26146894497393,22.31002237682987],[114.26146263475711,22.310023799371411],[114.26145498148676,22.309994407683988],[114.26151017507756,22.309981964604773],[114.2614847317399,22.309884252545128],[114.2614295381852,22.30989669561572],[114.2614231063525,22.309871995046262],[114.26142996784624,22.309870448138302],[114.26142491434736,22.30985104067695],[114.26150133670289,22.309833811688748],[114.2614954160574,22.309811074107213],[114.2614897506799,22.30981235137212],[114.26147576324625,22.309758634378188],[114.26151895079066,22.309748897980811],[114.26153120503209,22.309795958699656],[114.26155328245505,22.30979098142371],[114.26154102820668,22.30974392070652],[114.26158494169621,22.309734020639237],[114.26159892916907,22.309787737533476],[114.26159086788158,22.309789555000179],[114.26159786366348,22.309816421347769],[114.26162106791321,22.309811190075092],[114.26167194547662,22.309799719896002]]]},"properties":{"OBJECTID":29807,"Shape__Length":189.9231033847114,"Shape__Area":624.45234503719337,"GeoRefNo":"4499518995","DateCreate":1114790400000,"BuildingBlockType":"Tower","BuildingCSUID":"4499518995T20050430","BuildingID":1101780947,"Status":"Active","BuildingNameEN":"Beverly Garden Block 4","BuildingNameTC":"富康花園第四座","BaseHeight":5.7000000000000002,"TopHeight":118.5,"Storeys":41,"StoreysInBasement":null,"DateStamp":1599580800000}},{"type":"Feature","id":29816,"geometry":{"type":"Polygon","coordinates":[[[114.26101942660729,22.310108363261691],[114.26100879467093,22.31010941298802],[114.26100655092095,22.310117384648684],[114.26073369920701,22.310025551909646],[114.26072709865412,22.310002373507299],[114.26077733074999,22.309873662393485],[114.26080298014041,22.309858603145969],[114.261069384366,22.309951614903664],[114.26106607759907,22.309961851088385],[114.26107353599993,22.309967136074921],[114.26113131106436,22.309819589336684],[114.26103748088354,22.309789119260071],[114.26112952143011,22.309554640452074],[114.26132754669302,22.309622333728129],[114.2611023280275,22.310206269598083],[114.26099577698149,22.310170877207877],[114.26101942660729,22.310108363261691]]]},"properties":{"OBJECTID":29816,"Shape__Length":249.02641019129584,"Shape__Area":1710.7313159080909,"GeoRefNo":"4494919001","DateCreate":1114790400000,"BuildingBlockType":"Tower","BuildingCSUID":"4494919001T20050430","BuildingID":1101780938,"Status":"Active","BuildingNameEN":"Yan Oi Tong Tin Ka Ping Primary School","BuildingNameTC":"仁愛堂田家炳小學","BaseHeight":5.9000000000000004,"TopHeight":19.699999999999999,"Storeys":null,"StoreysInBasement":null,"DateStamp":1286380800000}},{"type":"Feature","id":29817,"geometry":{"type":"Polygon","coordinates":[[[114.25943695896419,22.309359721402778],[114.25951807595798,22.309148533822185],[114.25976686300011,22.309233917548312],[114.25972445822997,22.309344130416367],[114.25988115822406,22.309395526568675],[114.25988043081009,22.30938961189873],[114.2598738292377,22.309384607450355],[114.25997038958599,22.309134938585714],[114.26000102706919,22.309125992609445],[114.26013600108585,22.30917078031715],[114.26014662892979,22.309193204609336],[114.26010566477355,22.309308889650833],[114.2600491992049,22.309443594393354],[114.2600401438801,22.309444882287206],[114.26003524362666,22.309450512941218],[114.26010157919755,22.309472155406787],[114.26006121847173,22.309572080735261],[114.25982073517683,22.309490820652883],[114.25943695896419,22.309359721402778]]]},"properties":{"OBJECTID":29817,"Shape__Length":252.74065454739116,"Shape__Area":1792.9549298032641,"GeoRefNo":"4483018936","DateCreate":1114790400000,"BuildingBlockType":"Tower","BuildingCSUID":"4483018936T20050430","BuildingID":1101780995,"Status":"Active","BuildingNameEN":"Yan Chai Hospital Wong Wha San Secondary School","BuildingNameTC":"仁濟醫院王華湘中學","BaseHeight":6.5,"TopHeight":31.800000000000001,"Storeys":null,"StoreysInBasement":null,"DateStamp":1286380800000}},{"type":"Feature","id":29820,"geometry":{"type":"Polygon","coordinates":[[[114.25793014125263,22.309590604237407],[114.25785498807507,22.309564499566758],[114.25790550923922,22.309435942524455],[114.25792161399291,22.309394961921942],[114.25799673811335,22.309420800264604],[114.25793014125263,22.309590604237407]]]},"properties":{"OBJECTID":29820,"Shape__Length":56.523517298023876,"Shape__Area":165.19963787237037,"GeoRefNo":"4461918949","DateCreate":1192118400000,"BuildingBlockType":"Open-sided Structure","BuildingCSUID":"4461918949T20071012","BuildingID":1101780991,"Status":"Active","BuildingNameEN":null,"BuildingNameTC":null,"BaseHeight":null,"TopHeight":null,"Storeys":null,"StoreysInBasement":null,"DateStamp":1286380800000}},{"type":"Feature","id":29836,"geometry":{"type":"Polygon","coordinates":[[[114.2639855919861,22.309465840080733],[114.264055501147,22.309591517549592],[114.26397376288926,22.309631283835575],[114.2639588556528,22.309638456359341],[114.2638892824168,22.309512561663809],[114.26390477940525,22.309505031037382],[114.2639855919861,22.309465840080733]]]},"properties":{"OBJECTID":29836,"Shape__Length":53.770627485781844,"Shape__Area":175.77159560181198,"GeoRefNo":"4524218956","DateCreate":1114790400000,"BuildingBlockType":"Tower","BuildingCSUID":"4524218956T20050430","BuildingID":1101780986,"Status":"Active","BuildingNameEN":null,"BuildingNameTC":null,"BaseHeight":5.4000000000000004,"TopHeight":13.1,"Storeys":null,"StoreysInBasement":null,"DateStamp":1286380800000}},{"type":"Feature","id":29840,"geometry":{"type":"Polygon","coordinates":[[[114.2629388122287,22.309642488257129],[114.26285648961287,22.309676480397282],[114.26284153037037,22.309645113955092],[114.26284214719949,22.309643624301732],[114.26286676425556,22.30963345958892],[114.2628627292433,22.309624998884573],[114.26290397946677,22.309607966061499],[114.26289479549173,22.309588709120113],[114.26283394195471,22.309568021503026],[114.26282530014556,22.309571931186664],[114.26283442439028,22.309589392338935],[114.26282547801533,22.309593439810396],[114.26283258216527,22.309607035131513],[114.26282977488052,22.309614591167044],[114.26280098048137,22.309627618259565],[114.26278082228431,22.309589041286294],[114.26277827612968,22.309584168640946],[114.26276299833128,22.309554931233148],[114.26276087640731,22.309550870574743],[114.26274071823224,22.309512293415448],[114.26276973955696,22.309499163625681],[114.26277950032841,22.309517843032939],[114.26279368367328,22.309511426229893],[114.26280280791011,22.309528887384101],[114.26282865900816,22.309517191878275],[114.26285798709081,22.309527162271277],[114.26287563906993,22.309482206716314],[114.26284631089838,22.309472236326503],[114.26283465153701,22.309447788912617],[114.26281557880004,22.309455664224409],[114.26280918180005,22.309442250945509],[114.26278877851456,22.309450675748906],[114.2627756891993,22.309423230117027],[114.26281764971755,22.309405904076925],[114.26283967123045,22.309396811050547],[114.26285419780102,22.309390812809035],[114.26285952028026,22.309388615099117],[114.26290165756302,22.309371216066602],[114.26291464447289,22.309398447085467],[114.26291155549097,22.30940590727684],[114.26289670542945,22.309412039077063],[114.26290074053465,22.309420499780739],[114.26288166780516,22.309428375190588],[114.26288556550078,22.309436547710831],[114.26294641889126,22.309457235309083],[114.26296678150527,22.309448022948995],[114.26294704771297,22.309410258162831],[114.26295599407266,22.309406210594325],[114.26294368703175,22.309382658374062],[114.26297794517846,22.309367159117585],[114.2630173277572,22.309442526084236],[114.26303260559611,22.309471763378049],[114.26306738397574,22.309538319094884],[114.26303836267093,22.309551448847497],[114.26303411880724,22.309543327447631],[114.26302888193368,22.309545696699097],[114.26302294056445,22.309534326630519],[114.26301922990774,22.309536005403832],[114.26301144832846,22.309533502373569],[114.26299521514248,22.309502436708687],[114.26298443576555,22.309507313539463],[114.26297636940176,22.309517412226768],[114.26294944105484,22.309508257759923],[114.26293245529405,22.309551516842046],[114.26295938364824,22.309560671401961],[114.26295855349369,22.309573230063812],[114.26296341529888,22.309583424201648],[114.26299734801665,22.309569412905233],[114.26300503095207,22.309572167129534],[114.26300670454914,22.309575676253324],[114.26301912396889,22.309570548040828],[114.26302148597446,22.309575500701037],[114.26303035697441,22.309571837691404],[114.2630434462563,22.309599283302084],[114.2629707480241,22.309629301526741],[114.2629388122287,22.309642488257129]]]},"properties":{"OBJECTID":29840,"Shape__Length":209.10993697079013,"Shape__Area":528.21406104472726,"GeoRefNo":"4513118951","DateCreate":1114790400000,"BuildingBlockType":"Tower","BuildingCSUID":"4513118951T20050430","BuildingID":1101780979,"Status":"Active","BuildingNameEN":"Tseung Kwan O Plaza Tower 1","BuildingNameTC":"將軍澳廣場第一座","BaseHeight":24.300000000000001,"TopHeight":161,"Storeys":47,"StoreysInBasement":null,"DateStamp":1599580800000}},{"type":"Feature","id":29845,"geometry":{"type":"Polygon","coordinates":[[[114.25753643690039,22.308357809007795],[114.25748265963709,22.308339593942794],[114.25750233244477,22.308289554632193],[114.25755610969142,22.308307769690835],[114.25753643690039,22.308357809007795]]]},"properties":{"OBJECTID":29845,"Shape__Length":23.593981282818021,"Shape__Area":34.792199994872512,"GeoRefNo":"4457718819","DateCreate":1192118400000,"BuildingBlockType":"Open-sided Structure","BuildingCSUID":"4457718819T20071012","BuildingID":1101781137,"Status":"Active","BuildingNameEN":"TSEUNG KWAN O CATHOLIC PRIMARY SCHOOL","BuildingNameTC":"將軍澳天主教小學","BaseHeight":null,"TopHeight":null,"Storeys":null,"StoreysInBasement":null,"DateStamp":1286380800000}},{"type":"Feature","id":29847,"geometry":{"type":"Polygon","coordinates":[[[114.2619989121041,22.308419451932956],[114.26199725344152,22.30841713970602],[114.2620358030651,22.308399346517771],[114.26204556375913,22.308418025881906],[114.262054728292,22.308413879724235],[114.2620638523653,22.308431340922876],[114.26208864875478,22.308420122632729],[114.26211175821609,22.308427979116804],[114.26212941020042,22.308383023636743],[114.26210630074553,22.308375167155109],[114.26209511718241,22.308351716954153],[114.26207604464933,22.308359592179638],[114.26207191128265,22.308350925156578],[114.26205150801387,22.30835934986807],[114.26203448464126,22.308323247519116],[114.26216966612886,22.308267583809904],[114.26219150202149,22.308311792278268],[114.26214568168152,22.308330838259923],[114.26215062423469,22.308341201976113],[114.26216326757437,22.308345500121867],[114.26217535333318,22.30834960891741],[114.262199510195,22.308357821456351],[114.2622115961501,22.30836193033938],[114.26222423900822,22.308366228480626],[114.26223454309446,22.308361566788065],[114.26221512786796,22.308324411033773],[114.262258332342,22.308304864579799],[114.26227902063459,22.308344456836636],[114.26228241548664,22.308350953829112],[114.26229769305323,22.308380191196896],[114.26230066378099,22.308385876380861],[114.26232082167249,22.308424453420464],[114.26229727304651,22.308435107217942],[114.26228913965851,22.308432490913535],[114.2622820397991,22.308418903691642],[114.26226785654082,22.308425320450525],[114.2622587324426,22.308407859263433],[114.26223459069882,22.308418781392419],[114.26220269290855,22.308407937262334],[114.26218504084751,22.308452892659933],[114.26221693874376,22.308463736883638],[114.26222782711557,22.308486568002987],[114.26224689965724,22.308478692759753],[114.26225329655941,22.308492106062712],[114.26226813772256,22.308485977937799],[114.26227616800958,22.308488856726768],[114.26228678886727,22.308511127002141],[114.26224620420919,22.308527884879517],[114.26219940986202,22.308547206912483],[114.26219785741785,22.308547847908752],[114.26215727273848,22.308564605763852],[114.26214182176967,22.308532207493872],[114.26216222496103,22.308523782771179],[114.26215848524365,22.308515941120859],[114.26217755779321,22.308508065795461],[114.26217261523213,22.308497702080327],[114.26212372942047,22.308481082772907],[114.26211164365186,22.308476974063932],[114.26209900039875,22.308472675552974],[114.26209354757054,22.308475142418494],[114.26208804166934,22.308477633423429],[114.26210491057766,22.308509916264747],[114.26210927478164,22.308507941867965],[114.26211564045006,22.308520124141417],[114.26206414399641,22.30854342189091],[114.26201587130701,22.30845103974147],[114.2619989121041,22.308419451932956]]]},"properties":{"OBJECTID":29847,"Shape__Length":194.27840691351673,"Shape__Area":499.09099124661327,"GeoRefNo":"4505518830","DateCreate":1114790400000,"BuildingBlockType":"Tower","BuildingCSUID":"4505518830T20050430","BuildingID":1101781128,"Status":"Active","BuildingNameEN":"Tseung Kwan O Plaza Tower 5","BuildingNameTC":"將軍澳廣場第五座","BaseHeight":24.300000000000001,"TopHeight":161,"Storeys":47,"StoreysInBasement":null,"DateStamp":1599580800000}},{"type":"Feature","id":29854,"geometry":{"type":"Polygon","coordinates":[[[114.2571750363679,22.307597322831718],[114.25716386260606,22.307574869259891],[114.25717076117481,22.307571741255124],[114.2571654233477,22.307561056543108],[114.25716101391077,22.307552230139848],[114.25715567676536,22.307541546872024],[114.25714869167425,22.307544586238489],[114.25713750241952,22.307522179721779],[114.25712739827397,22.30752637826431],[114.25711752159636,22.307506264688588],[114.25715164515879,22.30749149766212],[114.25714167770273,22.307471154213637],[114.25713796153882,22.307463569625664],[114.2571357564816,22.307459069143007],[114.25714016687475,22.307457185885177],[114.25715369867783,22.307451295206242],[114.25715809177561,22.307449377459573],[114.25716033126004,22.307453831507587],[114.25716261796529,22.307458379450416],[114.25718459462676,22.307448812382631],[114.25718610394023,22.307451814400327],[114.25718829601053,22.307456174101652],[114.25720829477076,22.307447468175283],[114.25722256582465,22.307475851598856],[114.25724322388524,22.307466858619872],[114.25722895282807,22.307438475107769],[114.25724895158325,22.307429769176387],[114.25724675951142,22.307425409385583],[114.25724525019699,22.307422407458773],[114.25726722684718,22.307412840379783],[114.25726494013936,22.307408292528692],[114.25726271357485,22.30740386412263],[114.25726709821646,22.307401929399671],[114.25728511896895,22.307394084428861],[114.2572873563189,22.307398534141491],[114.25729115234252,22.307406084008985],[114.25730147367341,22.30742661194866],[114.25733579202549,22.30741175655778],[114.2573456688465,22.307431400348413],[114.25733491988929,22.307436080193774],[114.2573452023629,22.307456529041794],[114.25733816730843,22.307459585418737],[114.25734353464226,22.307470259454441],[114.25735020084059,22.307483516319703],[114.25735556807912,22.30749419017441],[114.25736260041442,22.307491128469984],[114.25737288299311,22.307511577225743],[114.25738978716464,22.307504217650795],[114.25739966069196,22.30752384744207],[114.25737702521943,22.307533702400391],[114.25739423285037,22.307567923085664],[114.25732614634526,22.307597444149398],[114.25731704136842,22.30757932975893],[114.25729888621601,22.307587241535977],[114.25728847694191,22.307566538807741],[114.25727485694337,22.307572481377246],[114.25728526621589,22.307593184106331],[114.25726722119119,22.307601057264552],[114.25727609467,22.307619127612938],[114.25720867026995,22.307648939626148],[114.25719133301455,22.307614381602395],[114.257168491017,22.307624458335159],[114.25715839970393,22.307604441315338],[114.2571750363679,22.307597322831718]]]},"properties":{"OBJECTID":29854,"Shape__Length":125.24233171400429,"Shape__Area":436.19880317318592,"GeoRefNo":"4455018730","DateCreate":1114790400000,"BuildingBlockType":"Tower","BuildingCSUID":"4455018730T20050430","BuildingID":1101781203,"Status":"Active","BuildingNameEN":"Park Central Tower 10","BuildingNameTC":"將軍澳中心第十座","BaseHeight":5.5,"TopHeight":161.69999999999999,"Storeys":48,"StoreysInBasement":null,"DateStamp":1599580800000}},{"type":"Feature","id":29857,"geometry":{"type":"Polygon","coordinates":[[[114.26256396775551,22.308641757001599],[114.26253203214588,22.308654943652929],[114.26252493563399,22.308657873948651],[114.2624816895876,22.308675730779456],[114.26246220357226,22.308634871825596],[114.26250278823524,22.30861811389439],[114.26249814086833,22.308608369171342],[114.26248549798005,22.308604071051683],[114.26247341160797,22.308599962189483],[114.26242452582231,22.308583342792485],[114.26241422182322,22.308588004496972],[114.26242334595253,22.30860546567483],[114.26241439953125,22.308609513214307],[114.26242416019319,22.308628192555013],[114.26238990206778,22.308643691605294],[114.26236974422271,22.308605114575439],[114.26234810102197,22.308563695041695],[114.26232794310287,22.308525118006251],[114.26235149174157,22.3085144642044],[114.26235962513542,22.308517080415339],[114.26236672491031,22.308530667723971],[114.26238090827172,22.308524250956477],[114.26239003229567,22.308541712136414],[114.26241417414538,22.308530789894078],[114.26244607197982,22.308541634072569],[114.26246372387114,22.308496678557034],[114.2624318260456,22.308485834381937],[114.26242093764073,22.308463003276383],[114.26240186511103,22.308470878630356],[114.26239783006335,22.308462417913109],[114.26238343251877,22.308468362855965],[114.26237476183849,22.308465254490955],[114.26236197588595,22.308438444325844],[114.26240411284908,22.308421045421294],[114.26241034755235,22.308418471029896],[114.26244228302275,22.308405284402326],[114.26244935478161,22.308402364418104],[114.26249149182004,22.308384965400464],[114.26250427779232,22.308411775465178],[114.2625009372338,22.308419843451553],[114.26248653969805,22.308425788493878],[114.2624905746529,22.308434249118704],[114.26247150213104,22.308442124480869],[114.26247614939345,22.308451869114631],[114.26254216090794,22.308474310596321],[114.26255752214229,22.308467360927391],[114.26253778859858,22.308429596086146],[114.26254673500483,22.308425548539823],[114.26253442802195,22.308401996285234],[114.26256868607246,22.308386497294503],[114.26260794086801,22.308461620702563],[114.26262321851438,22.308490858039043],[114.26264634715734,22.308535120215279],[114.26261799811415,22.308547945929437],[114.26260921608404,22.308545121016127],[114.26260232839773,22.308531939802389],[114.26259338208339,22.308535987351696],[114.26258425793752,22.308518526183292],[114.26256011620023,22.308529448360559],[114.26252821826284,22.308518604294861],[114.26251056638945,22.308563559817244],[114.26254246433575,22.308574403886311],[114.2625462418778,22.308582324886661],[114.26255335267203,22.30859723507367],[114.26257242530734,22.308589359701916],[114.2625788222456,22.308602772991748],[114.26259366330908,22.308596644837198],[114.26260169370615,22.308599523700224],[114.26261231462378,22.308621793863491],[114.26257017752948,22.308639192912167],[114.26256396775551,22.308641757001599]]]},"properties":{"OBJECTID":29857,"Shape__Length":195.00433276525459,"Shape__Area":483.38236396616117,"GeoRefNo":"4508918842","DateCreate":1114790400000,"BuildingBlockType":"Tower","BuildingCSUID":"4508918842T20050430","BuildingID":1101781111,"Status":"Active","BuildingNameEN":"Tseung Kwan O Plaza Tower 6","BuildingNameTC":"將軍澳廣場第六座","BaseHeight":24.300000000000001,"TopHeight":161,"Storeys":47,"StoreysInBasement":null,"DateStamp":1599580800000}},{"type":"Feature","id":29861,"geometry":{"type":"Polygon","coordinates":[[[114.26260786149176,22.307725773585023],[114.26256537136739,22.307710849772629],[114.26202480483404,22.3075270784819],[114.26170165245829,22.307417213081308],[114.2616942322007,22.30741479757523],[114.26169131669629,22.307413697457495],[114.26168702524485,22.307411871457351],[114.26168422382968,22.307410539103056],[114.26168011977255,22.307408372009217],[114.261677453804,22.307406817521471],[114.2616735683047,22.307404325843631],[114.2616710581708,22.3074025611322],[114.26166742084148,22.30739976381917],[114.2616650854752,22.307397802149147],[114.26166282518172,22.30739576593734],[114.26166020617403,22.307393226818316],[114.26165735126982,22.307390263835902],[114.26165460918156,22.3073872100369],[114.26165198340529,22.30738406903173],[114.26164947695192,22.307380844701989],[114.26164538990841,22.307375188715941],[114.26164318756507,22.3073717224779],[114.2616411164904,22.307368186906455],[114.26163917930727,22.307364586154364],[114.26163652968037,22.307359072732194],[114.26163493713706,22.307355328574538],[114.26163297402155,22.307350087336939],[114.26163779267823,22.307337811508397],[114.26165507378143,22.307343688257088],[114.26166647024742,22.307314648643761],[114.26174173559895,22.307314586595869],[114.26174949950193,22.307314580183633],[114.26177182128107,22.307314561723466],[114.26177958537822,22.307314555399984],[114.26191400130885,22.307314444403897],[114.26191401283964,22.307333478105392],[114.26199456533004,22.30733336638832],[114.2620760883748,22.307333323566539],[114.26207607357547,22.307308940951557],[114.26246524899258,22.307308735964128],[114.2626569793173,22.307308634632165],[114.26271229119752,22.307327428019107],[114.2626937344023,22.307374717734451],[114.26273943293207,22.307390397753203],[114.26260786149176,22.307725773585023]]]},"properties":{"OBJECTID":29861,"Shape__Length":279.93397910374085,"Shape__Area":3047.6311194395262,"GeoRefNo":"4507318724","DateCreate":1114790400000,"BuildingBlockType":"Tower","BuildingCSUID":"4507318724T20050430","BuildingID":1101781193,"Status":"Active","BuildingNameEN":null,"BuildingNameTC":null,"BaseHeight":6,"TopHeight":35.200000000000003,"Storeys":8,"StoreysInBasement":null,"DateStamp":1599580800000}},{"type":"Feature","id":29872,"geometry":{"type":"Polygon","coordinates":[[[114.26222177702579,22.311793969052054],[114.26226591212743,22.31180899764502],[114.26225441526482,22.311821287659424],[114.2622426275349,22.311817314083967],[114.26221017560547,22.311806373445723],[114.26222177702579,22.311793969052054]]]},"properties":{"OBJECTID":29872,"Shape__Length":13.31575950413426,"Shape__Area":8.1978208664429832,"GeoRefNo":"4506319205","DateCreate":1237910400000,"BuildingBlockType":"Tower","BuildingCSUID":"4506319205T20090325","BuildingID":1101780825,"Status":"Active","BuildingNameEN":"TSEUNG KWAN O SPORTS GROUND","BuildingNameTC":"將軍澳運動場","BaseHeight":5.5999999999999996,"TopHeight":9,"Storeys":null,"StoreysInBasement":null,"DateStamp":1286380800000}},{"type":"Feature","id":29876,"geometry":{"type":"Polygon","coordinates":[[[114.26126262936094,22.310863254318043],[114.2612698992218,22.310889488030544],[114.26121139396075,22.310903524935092],[114.26123821781994,22.311000319881966],[114.2612940017346,22.310986935942591],[114.26130103574016,22.311012318281101],[114.26129479510975,22.311013815553157],[114.26129989072329,22.311032203258787],[114.26122555791535,22.311050037558839],[114.26123107393639,22.31107113350447],[114.26123890793134,22.311069360062731],[114.26125418765071,22.311123352190119],[114.26120447028036,22.311135533606326],[114.26119149515733,22.311088383932926],[114.26117025863596,22.311093443623015],[114.26118327081069,22.311140727834715],[114.26114018599036,22.31115128415729],[114.26112481761044,22.3110969786133],[114.26113245307454,22.311095107749463],[114.26112445877361,22.311066859049596],[114.26111991062533,22.311067973441023],[114.26111709492469,22.311068663306706],[114.26111427932109,22.311069353172307],[114.26111146371746,22.311070043037851],[114.26110864801673,22.311070732903396],[114.26110583241305,22.311071422768848],[114.26110301680932,22.311072112634243],[114.26110020110853,22.311072802499638],[114.26109738550474,22.311073492364958],[114.26109456990095,22.311074182230204],[114.26109175420008,22.311074872095453],[114.2610889385962,22.311075561960614],[114.26108612299232,22.311076251825718],[114.26108330729141,22.311076941781135],[114.26108049168747,22.31107763164615],[114.26107767608352,22.311078321511111],[114.26107486038245,22.311079011376062],[114.26107204477843,22.311079701240939],[114.26106922917438,22.311080391105747],[114.26106641347323,22.311081080970556],[114.26106359786914,22.31108177083528],[114.26106078226501,22.311082460699943],[114.26105796656378,22.311083150564613],[114.26105515095959,22.311083840429184],[114.26104898846916,22.311062064538351],[114.26103555702463,22.311065355398508],[114.26103229249469,22.311053819692845],[114.26109191700922,22.311039210815288],[114.26108233533876,22.311005352859933],[114.26105644732097,22.311011695851274],[114.26105117631809,22.310993070182398],[114.26107706433277,22.310986727282227],[114.26106405454864,22.310940755927959],[114.26100405503927,22.310954039749817],[114.26100148035039,22.310942952506043],[114.26101500469137,22.31093986840116],[114.26100908082844,22.310917377703074],[114.26100575897955,22.310904765579224],[114.26108076529188,22.310886769743369],[114.26107404393964,22.310862515063707],[114.26106659924416,22.310864301209055],[114.26106382575379,22.310854292774238],[114.26106309870369,22.310851669402112],[114.26106237175065,22.310849046029901],[114.26106164479764,22.310846422657693],[114.2610609177476,22.310843799285532],[114.26106019079467,22.310841175913342],[114.26105946384172,22.310838552541121],[114.26105873679177,22.310835929168942],[114.26105800983889,22.31083330579672],[114.26105728288604,22.310830682424495],[114.26105655583618,22.310828059052323],[114.26105582888337,22.310825435680076],[114.26105510193062,22.310822812307837],[114.26105437488083,22.310820188935651],[114.26105364792811,22.310817565563408],[114.26105292097543,22.31081494219114],[114.26105219392574,22.310812318818932],[114.26105146697311,22.310809695446679],[114.2610954701137,22.310799138038231],[114.26110870253605,22.310846888212481],[114.26112884992426,22.310842054319558],[114.26111561749553,22.310794304146956],[114.26115938569338,22.310783803103892],[114.26117451800357,22.310838408856256],[114.26116752357498,22.31084008703705],[114.26117424503931,22.310864341622526],[114.26125017774631,22.31084612343513],[114.26125540533619,22.310864987528166],[114.26126262936094,22.310863254318043]]]},"properties":{"OBJECTID":29876,"Shape__Length":192.21961088682389,"Shape__Area":620.5846413431517,"GeoRefNo":"4494919111","DateCreate":1114790400000,"BuildingBlockType":"Tower","BuildingCSUID":"4494919111T20050430","BuildingID":1101780879,"Status":"Active","BuildingNameEN":"Beverly Garden Block 1","BuildingNameTC":"富康花園第一座","BaseHeight":5.7000000000000002,"TopHeight":115.3,"Storeys":40,"StoreysInBasement":null,"DateStamp":1599580800000}},{"type":"Feature","id":29891,"geometry":{"type":"Polygon","coordinates":[[[114.26204337286116,22.31110817102239],[114.26211317554663,22.311146490077817],[114.26221204262032,22.311200764415421],[114.26220477487557,22.311209774455335],[114.26212009094709,22.311310302910215],[114.2620341247798,22.311409657112975],[114.26198912690997,22.311420696267437],[114.26193562952162,22.311433820519078],[114.26169861011796,22.311353413650092],[114.26171972445073,22.311299520371392],[114.26172997190449,22.311273364295999],[114.26190169571554,22.311331611968701],[114.26204337286116,22.31110817102239]]]},"properties":{"OBJECTID":29891,"Shape__Length":143.17874715941073,"Shape__Area":802.23960537460914,"GeoRefNo":"4504219148","DateCreate":1114790400000,"BuildingBlockType":"Tower","BuildingCSUID":"4504219148T20050430","BuildingID":1101780860,"Status":"Active","BuildingNameEN":null,"BuildingNameTC":null,"BaseHeight":5.7000000000000002,"TopHeight":13.9,"Storeys":7,"StoreysInBasement":null,"DateStamp":1599580800000}},{"type":"Feature","id":29907,"geometry":{"type":"Polygon","coordinates":[[[114.25821201290057,22.311605072074656],[114.2581987301634,22.31161279050761],[114.2581947293648,22.311612070879743],[114.25819184740764,22.311611686538395],[114.2581889510526,22.311611411203536],[114.25818604515256,22.311611245233944],[114.25818313426927,22.311611188988557],[114.25818022344961,22.311611242555113],[114.25817731735206,22.311611405750735],[114.25817442063511,22.311611678392431],[114.25817153824826,22.311612060026164],[114.25816867484974,22.311612550017497],[114.25816726541287,22.311607329684747],[114.25816661594908,22.311604688831771],[114.25816600666096,22.311602039650502],[114.25816543783996,22.311599382682623],[114.25816490938934,22.311596718470028],[114.25816442160064,22.311594047644679],[114.2581639744741,22.311591370658164],[114.25816356820408,22.311588687961823],[114.25816320279105,22.311586000278215],[114.25816287823515,22.311583307968494],[114.2581625947309,22.311580611664734],[114.25816235227857,22.311577911908763],[114.25816215097559,22.311575209242335],[114.25816199082223,22.311572504207344],[114.25816187181877,22.31156979734558],[114.25816179406257,22.311567089108539],[114.25816175745697,22.311564380218741],[114.25816176219629,22.311561671037271],[114.25816180808683,22.311558962196397],[114.25816189522587,22.311556254237907],[114.25816202351673,22.311553547703646],[114.2581621930568,22.311550843225749],[114.25816240365221,22.311548141165559],[114.25816265540034,22.311545442155101],[114.25816294820447,22.31154274673629],[114.2581632819678,22.311540055360716],[114.25816365669071,22.311537368750809],[114.25816407227649,22.311534687358158],[114.25816452862826,22.311532011634334],[114.2581968029565,22.31153524104268],[114.25819675172865,22.311537949795948],[114.25819675009566,22.311540658885558],[114.2581967980572,22.311543367679345],[114.25819689570986,22.311546075364557],[114.258197042859,22.311548781038201],[114.25819723950417,22.31155148397783],[114.25819748564494,22.311554183370692],[114.25819778118392,22.311556878584696],[114.25819812602342,22.311559568626521],[114.25819852016312,22.311562252864057],[114.2581989633113,22.311564930394315],[114.25819945546765,22.311567600585235],[114.2581999964375,22.311570262533795],[114.25820058602638,22.311572915607986],[114.25820122413671,22.311575558904796],[114.25820191057394,22.311578191611552],[114.25820264514364,22.311580813186506],[114.25820342765113,22.311583422636417],[114.2582042577078,22.311586019329319],[114.25820513531328,22.311588602542784],[114.25820605998175,22.311591171373983],[114.25820703171286,22.311593725190754],[114.25820804992385,22.311596263270957],[114.25820911451726,22.311598784892205],[114.25821022510436,22.311601289151618],[114.25821138149072,22.311603775507454],[114.25821201290057,22.311605072074656]]]},"properties":{"OBJECTID":29907,"Shape__Length":25.031288578358271,"Shape__Area":34.146358082035221,"GeoRefNo":"4464519179","DateCreate":1114790400000,"BuildingBlockType":"Tower","BuildingCSUID":"4464519179T20050430","BuildingID":1101780852,"Status":"Active","BuildingNameEN":null,"BuildingNameTC":null,"BaseHeight":5.7000000000000002,"TopHeight":9.3000000000000007,"Storeys":null,"StoreysInBasement":null,"DateStamp":1286380800000}},{"type":"Feature","id":29911,"geometry":{"type":"Polygon","coordinates":[[[114.25925608496395,22.311786108490828],[114.25926736621152,22.311791792755372],[114.25929252242439,22.311782726703548],[114.25930835867095,22.311817729551176],[114.25927431624299,22.311831576676202],[114.2592628567302,22.311808083805264],[114.25924901597266,22.311805391052232],[114.25925608496395,22.311786108490828]]]},"properties":{"OBJECTID":29911,"Shape__Length":18.704869034228313,"Shape__Area":18.61271857069362,"GeoRefNo":"4475919205","DateCreate":1114790400000,"BuildingBlockType":"Tower","BuildingCSUID":"4475919205T20050430","BuildingID":1101780823,"Status":"Active","BuildingNameEN":"SHEUNG CHUN HOUSE","BuildingNameTC":"尚真樓","BaseHeight":5.7000000000000002,"TopHeight":16,"Storeys":null,"StoreysInBasement":null,"DateStamp":1286380800000}},{"type":"Feature","id":29915,"geometry":{"type":"Polygon","coordinates":[[[114.26200905223391,22.31040473921048],[114.26202138793806,22.310453571016236],[114.26204440168709,22.310448537553338],[114.26203206597539,22.310399705749326],[114.26207717253909,22.31038984041264],[114.26208950826559,22.310438672213245],[114.26208116239138,22.310440497620135],[114.26208829150337,22.310468718824868],[114.2620966374762,22.310466893417569],[114.26216004046773,22.310453026372343],[114.26216434728622,22.310470074958296],[114.26217787318518,22.310467116642148],[114.26218506730586,22.310495594819063],[114.26212666712759,22.310508367714863],[114.26213152546619,22.310527599700311],[114.26215637823948,22.310522164115209],[114.26216177069118,22.310543510513714],[114.26213691801139,22.310548946099587],[114.26215106769877,22.310604958432631],[114.26220946781787,22.310592185528147],[114.26221553253852,22.310616193158726],[114.262202006626,22.31061915147799],[114.26220633894418,22.310636301101404],[114.26216146472301,22.310646115690005],[114.26214293577755,22.31065016816471],[114.26213458989145,22.310651993484043],[114.26212846381068,22.310653333414912],[114.26213626461637,22.310684213593792],[114.26214239069843,22.310682873662625],[114.26215507320681,22.310733078015041],[114.26211831252732,22.310741117964884],[114.26210563003139,22.310690913699901],[114.26208261614785,22.310695947171521],[114.26209529863604,22.310746151438277],[114.26205245756987,22.310755521254599],[114.26203977509614,22.310705316984507],[114.26204842588857,22.31070342495434],[114.26204062510109,22.310672544771251],[114.26196196690543,22.310689748184831],[114.26195763461541,22.310672598554916],[114.26195190989236,22.31067385058137],[114.26194584521423,22.310649842940979],[114.26200131969138,22.310637710109933],[114.26197691931441,22.310541119369674],[114.26192144487324,22.310553252192399],[114.26191425080299,22.310524774003817],[114.2619199755203,22.310523521978695],[114.26191566882686,22.310506473386237],[114.26199432682863,22.310489269995067],[114.26198717234267,22.310460948469611],[114.26197655067038,22.310463271568228],[114.26196424027563,22.310414540075723],[114.26200905223391,22.31040473921048]]]},"properties":{"OBJECTID":29915,"Shape__Length":192.52028344433216,"Shape__Area":613.30441553654646,"GeoRefNo":"4504619070","DateCreate":1114790400000,"BuildingBlockType":"Tower","BuildingCSUID":"4504619070T20050430","BuildingID":1101780905,"Status":"Active","BuildingNameEN":"Beverly Garden Block 8","BuildingNameTC":"富康花園第八座","BaseHeight":5.7000000000000002,"TopHeight":117.8,"Storeys":41,"StoreysInBasement":null,"DateStamp":1599580800000}},{"type":"Feature","id":29924,"geometry":{"type":"Polygon","coordinates":[[[114.25749249680575,22.310655594078767],[114.2575142010274,22.310662238924358],[114.25751912632293,22.31064791746757],[114.25749910220964,22.310613755464313],[114.2574864196675,22.310609916994505],[114.25747864535785,22.310628285574985],[114.25735098375209,22.310585509290235],[114.25735785973934,22.310564585683082],[114.25733567892961,22.310557466585376],[114.25737275385879,22.310460513376054],[114.25739688825108,22.310468152383322],[114.25740295509864,22.310449271355413],[114.25753230048448,22.310493248464155],[114.25752305212922,22.31051869361535],[114.25753327314985,22.310522456005227],[114.25753965175109,22.310508868734537],[114.25756463657837,22.310498843804716],[114.25758802466812,22.310506689413813],[114.25759394240205,22.310492168967816],[114.25756150134374,22.310482435052467],[114.25760705453538,22.310360931860728],[114.25775274349469,22.310409779524885],[114.25770481518144,22.310528682135235],[114.25768528712561,22.310523253374207],[114.25768008431723,22.310538485168543],[114.25769955329852,22.31057446790475],[114.25771030591731,22.310577098032923],[114.25771914327517,22.310556464849871],[114.25784678921667,22.310599699877898],[114.25784090575254,22.310620424517232],[114.25786212554658,22.310626824558113],[114.25785286093378,22.310650581284769],[114.2578321658516,22.310703649003617],[114.25782512154044,22.310721712362831],[114.25780219436216,22.310714799960735],[114.257794611341,22.310734782770233],[114.25766671906311,22.31069154005856],[114.257675920349,22.310667471999114],[114.2576654375292,22.310664161007786],[114.25765871067078,22.310680724129043],[114.25763102589761,22.310690435792242],[114.25760981393076,22.310683806249777],[114.25760651472076,22.31069381289246],[114.25763919413698,22.310703783823168],[114.25759239098176,22.31082153326069],[114.25759120282264,22.310824522438381],[114.25744660327155,22.310775787425044],[114.25749249680575,22.310655594078767]]]},"properties":{"OBJECTID":29924,"Shape__Length":242.56214854915589,"Shape__Area":1312.124130986829,"GeoRefNo":"4458819072","DateCreate":1114790400000,"BuildingBlockType":"Tower","BuildingCSUID":"4458819072T20050430","BuildingID":1101780901,"Status":"Active","BuildingNameEN":"Sheung Shun House","BuildingNameTC":"尚信樓","BaseHeight":5.0999999999999996,"TopHeight":131.5,"Storeys":42,"StoreysInBasement":null,"DateStamp":1786636800000}},{"type":"Feature","id":30002,"geometry":{"type":"Polygon","coordinates":[[[114.26042741011524,22.311647715708897],[114.26045489708724,22.311658214778607],[114.26045999766133,22.311645966388891],[114.26044270048642,22.311640147501876],[114.26042993805153,22.311617008300697],[114.26043801310956,22.311597040559644],[114.26042729956833,22.311593263165236],[114.2604156715218,22.311623459435936],[114.26028510917264,22.311578987587545],[114.26029314494488,22.311560167391711],[114.260270780467,22.311551205104916],[114.26030758383348,22.311454932106958],[114.26033217171279,22.311463733402569],[114.26033927778779,22.311443276255041],[114.26046908588556,22.311488184266388],[114.26046004976784,22.311507433037161],[114.26047441639729,22.311512472106596],[114.26051122963763,22.311495230956396],[114.26051560744266,22.311482500703768],[114.2604966107168,22.311475940023005],[114.2605431227549,22.311355154909617],[114.2606882822878,22.311405132274754],[114.26064157897454,22.311524303218157],[114.26061134514323,22.311514867958234],[114.26060803830647,22.311525104131846],[114.26062561289389,22.311530012664157],[114.26063642182704,22.311552631884446],[114.26062979241495,22.311573563265878],[114.26064050586302,22.311577340646959],[114.26065210247457,22.311548062426798],[114.26078463427378,22.311592594910152],[114.26077778230861,22.311612830153688],[114.26079991643377,22.311621325698127],[114.26076217565553,22.311716191420221],[114.26073854887534,22.311708109070345],[114.26073098195909,22.311727633070547],[114.2605998563635,22.31168521171335],[114.26060847079283,22.311663882232722],[114.26059504947497,22.311660021089612],[114.2605592601378,22.31167614518704],[114.26055291306298,22.311688814597535],[114.26057486372213,22.311695466580765],[114.26055156030191,22.311756662256865],[114.26052904594009,22.311815622991247],[114.2603826232382,22.311765764438587],[114.26038608669184,22.311756747590554],[114.26042741011524,22.311647715708897]]]},"properties":{"OBJECTID":30002,"Shape__Length":243.99246594161042,"Shape__Area":1315.3465620488003,"GeoRefNo":"4488219201","DateCreate":1114790400000,"BuildingBlockType":"Tower","BuildingCSUID":"4488219201T20050430","BuildingID":1101780829,"Status":"Active","BuildingNameEN":"Sheung Chi House","BuildingNameTC":"尚智樓","BaseHeight":5.4000000000000004,"TopHeight":130.69999999999999,"Storeys":42,"StoreysInBasement":null,"DateStamp":1786636800000}},{"type":"Feature","id":30003,"geometry":{"type":"Polygon","coordinates":[[[114.26202827731888,22.310792766297585],[114.26203909985617,22.310835607905961],[114.26197799984715,22.310848971232307],[114.26198269872356,22.310867571976083],[114.26204379874027,22.310854208738299],[114.26205465125166,22.310897168991598],[114.26199355121732,22.310910532233461],[114.26199172348082,22.310903297336953],[114.26196505626041,22.310909129750549],[114.26198294787828,22.310979954735743],[114.26196366303184,22.3109841725758],[114.261965277417,22.310990563043109],[114.26194182543637,22.310995692178071],[114.26192892223548,22.310944613854765],[114.26186886759032,22.310957748478575],[114.26187423112113,22.310978980573392],[114.26185271491198,22.310983686409717],[114.26184735138423,22.310962454314215],[114.26182132170547,22.310968147208506],[114.26183422486945,22.311019225540317],[114.26181023061424,22.311024473331589],[114.26180628650687,22.311008860321905],[114.26178794683017,22.311012871387032],[114.26177898778616,22.31097740606198],[114.26177238512875,22.310951268921716],[114.26174379298581,22.310957522320116],[114.2617456206132,22.310964757219466],[114.2616893892591,22.310977055528571],[114.26167853685311,22.310934095250943],[114.26173476819098,22.310921796945561],[114.26173006934549,22.310903196104313],[114.26167383801472,22.310915494498371],[114.26166301558247,22.310872652775394],[114.26172069620267,22.310860037465329],[114.26172237099046,22.310866667395011],[114.26174952972505,22.310860727480442],[114.26173130581232,22.310788586703442],[114.26175112009376,22.310784253112438],[114.26174943119916,22.310777567471586],[114.26177299173912,22.310772414557057],[114.26177468063476,22.310779100197649],[114.26178619519115,22.310824681524554],[114.26189371759651,22.310801165302781],[114.26188051410666,22.310748898253689],[114.26190193624649,22.310744213052732],[114.26190362514794,22.310750898691989],[114.26192662788736,22.310745867780177],[114.26194485189473,22.310818008535325],[114.26196885212607,22.310812759366403],[114.26196717732738,22.310806129529546],[114.26202827731888,22.310792766297585]]]},"properties":{"OBJECTID":30003,"Shape__Length":192.90781179926171,"Shape__Area":619.37162388798231,"GeoRefNo":"4502519103","DateCreate":1114790400000,"BuildingBlockType":"Tower","BuildingCSUID":"4502519103T20050430","BuildingID":1101780890,"Status":"Active","BuildingNameEN":"Beverly Garden Block 9","BuildingNameTC":"富康花園第九座","BaseHeight":5.7000000000000002,"TopHeight":117.2,"Storeys":41,"StoreysInBasement":null,"DateStamp":1599580800000}},{"type":"Feature","id":30443,"geometry":{"type":"Polygon","coordinates":[[[114.26062617840397,22.306360718704934],[114.2606058799479,22.306343907886216],[114.26060484700307,22.306344987576658],[114.26059705387333,22.306338533817385],[114.26059421497266,22.30634150183619],[114.26052715485872,22.306285967541399],[114.26053118673795,22.306281751781992],[114.26052828737738,22.306279350234668],[114.26052709342865,22.306280597976894],[114.2604950130723,22.306254031141314],[114.26049604601786,22.306252952354637],[114.26047574662242,22.306236141519829],[114.2605040066303,22.306206595069099],[114.26051935273019,22.306205763561731],[114.26052449991707,22.306210026059752],[114.26052869376781,22.306205641344523],[114.26055801943568,22.306229925756082],[114.26056447121444,22.306223180178083],[114.26056153981281,22.30622075336219],[114.26056069127071,22.306207191641349],[114.26056723129238,22.306206836975061],[114.26056498647641,22.306170959549991],[114.26055864109516,22.3061657043054],[114.26055035038777,22.306174372544508],[114.26054509445169,22.306170020700453],[114.26053406086413,22.306181555764393],[114.26052934867877,22.306177653363253],[114.26052338088083,22.306183892976438],[114.26051631211796,22.306178039374469],[114.26051066632678,22.306183942882679],[114.26050686006977,22.306180790456629],[114.26050408615433,22.306183691613942],[114.26048868052588,22.306170933899846],[114.26048480868123,22.306174980703478],[114.26046326061412,22.306157136506815],[114.26048292047916,22.306136544723429],[114.26048110765338,22.306135043869045],[114.26048288160138,22.306133188971558],[114.26048342535209,22.306133639318222],[114.26050875041983,22.306107161172516],[114.26050820666913,22.306106710825922],[114.26050998061638,22.306104855928115],[114.26051179344206,22.306106356782198],[114.26053114876562,22.30608611914959],[114.26053477441701,22.306089120857244],[114.26057897079792,22.306042911028591],[114.26057842704778,22.306042461585282],[114.26058020099275,22.306040605783654],[114.26058708817777,22.306046309568703],[114.26060321856895,22.306029444716458],[114.26063384921514,22.30605481030717],[114.26062797744659,22.306060948731929],[114.26063178370305,22.306064101155197],[114.26062629892365,22.306069834808948],[114.26063336768563,22.306075688406224],[114.26062768989679,22.306081625348284],[114.26063240208164,22.306085527746607],[114.26062072449575,22.306097737735243],[114.260622826676,22.306099478652644],[114.26061540694607,22.306107236160482],[114.26062174747213,22.30611248779315],[114.26062178372935,22.306113072054419],[114.26063006717798,22.306113397392512],[114.26063956960883,22.306113770865629],[114.26064038484181,22.306126797991752],[114.26066140917017,22.306125659205872],[114.26066059687372,22.306112677231376],[114.26067800613225,22.306110015042712],[114.26067793991264,22.30610963759775],[114.26068377870384,22.306103532601487],[114.26067544183273,22.306096628499777],[114.26067731276768,22.306094672407259],[114.26066419088755,22.306083805440533],[114.26066838473018,22.306079420721669],[114.26066200439436,22.306074137504275],[114.26066829515763,22.306067559974455],[114.26066213329348,22.306062457256182],[114.26066552017943,22.30605891550962],[114.26065892331454,22.306053451791936],[114.2606861832819,22.306024950666508],[114.26070430766751,22.306039960091741],[114.26071043645402,22.306033551516297],[114.2607124308546,22.306035202182258],[114.26071194687538,22.306035708146258],[114.26076160786725,22.30607683310955],[114.26076641371186,22.306071807801771],[114.26078961344912,22.306091019239723],[114.26079400029739,22.306086432132219],[114.26079599469968,22.306088082797128],[114.26079551072058,22.306088588761366],[114.2608243285852,22.30611245346492],[114.26082481256427,22.306111947500575],[114.26082680599735,22.306113599068659],[114.2608227411547,22.306117848265764],[114.26084179330851,22.30613437885156],[114.26080573982371,22.306172978962572],[114.26079039372915,22.306173810497036],[114.26078524653559,22.306169548007457],[114.26078105269393,22.30617393272929],[114.26074719638291,22.306145895777235],[114.26074074461648,22.30615264136253],[114.26073838803616,22.306150690165239],[114.26073526399202,22.306153956343937],[114.26073636339773,22.306171532036995],[114.26073055026278,22.306171847502544],[114.26073103038767,22.306179510623519],[114.26073224153845,22.306179444976749],[114.26073346342822,22.306198981150207],[114.26074546810992,22.306193330814075],[114.26075280542794,22.306206828672099],[114.26077562528556,22.306196087605926],[114.26077606346513,22.306196893811979],[114.26077714527335,22.306196383926164],[114.26078973977758,22.30621955174016],[114.26079134163074,22.306218797758824],[114.26082145847629,22.306274198459811],[114.26081281273586,22.306278268513282],[114.26082197787588,22.306285858504687],[114.26077681256795,22.306333079423968],[114.26076765228194,22.306325493039793],[114.26076430715142,22.306333952832823],[114.26070167636044,22.306312547480132],[114.26070229460674,22.306310979447904],[114.26067519449713,22.306301713610377],[114.26068442750864,22.306278320480697],[114.26066916901983,22.306273105067053],[114.26067444544192,22.306259737048357],[114.26064472178585,22.306261382432453],[114.26064498732714,22.306265629387589],[114.26062755276133,22.306266573965175],[114.26062121834147,22.30627319666884],[114.26062013083806,22.306272295976445],[114.26061529200464,22.306277355613108],[114.2606525924068,22.306308244482992],[114.26064839855687,22.30631262920134],[114.26065354575155,22.306316891695193],[114.26065443840452,22.306331171325429],[114.26062617840397,22.306360718704934]]]},"properties":{"OBJECTID":30443,"Shape__Length":220.53143665322392,"Shape__Area":820.06457825663688,"GeoRefNo":"4490018584","DateCreate":1369756800000,"BuildingBlockType":"Tower","BuildingCSUID":"4490018584T20130529","BuildingID":1810100209,"Status":"Active","BuildingNameEN":"Luna Diamond","BuildingNameTC":"月鑽天","BaseHeight":20.5,"TopHeight":100.2,"Storeys":24,"StoreysInBasement":null,"DateStamp":1599580800000}},{"type":"Feature","id":31499,"geometry":{"type":"Polygon","coordinates":[[[114.25862987030773,22.312743137631809],[114.25848160625952,22.312692258021308],[114.25848933514297,22.312672076979769],[114.25847040402765,22.312666468757602],[114.25843560844235,22.312683298890736],[114.25843061962485,22.312696830316867],[114.25845470772744,22.312705221345176],[114.25840784199107,22.312826305387304],[114.25826207426452,22.312777561592018],[114.25830820377701,22.312656014420398],[114.25833598604275,22.312664193920039],[114.25834022199777,22.312653645680896],[114.25832154914382,22.312645511363588],[114.25830983147016,22.312624544505109],[114.25831830338117,22.312603448118228],[114.25830822569242,22.312599951658257],[114.25829650921867,22.312630222592361],[114.25814582544284,22.312579845990147],[114.25819769011893,22.312443162679223],[114.25834862873067,22.312491702463724],[114.25834089326095,22.312513262113089],[114.25835760961279,22.312518629624517],[114.25839142373303,22.3125011052777],[114.25839468688314,22.312488024805241],[114.25837698900305,22.312481963157666],[114.25842385362095,22.312361108858472],[114.25856986268722,22.312410772788471],[114.25852275317483,22.31253139606897],[114.25849203516104,22.312519296001316],[114.25848902698179,22.312530539614411],[114.25850450900653,22.312536590264575],[114.25851473195857,22.312561225909423],[114.25850724705772,22.312581867751156],[114.25852322596208,22.312587001814713],[114.25853445434031,22.312555809266858],[114.25868152658256,22.312605953618792],[114.25862987030773,22.312743137631809]]]},"properties":{"OBJECTID":31499,"Shape__Length":244.2402141126594,"Shape__Area":1335.1180986425341,"GeoRefNo":"4466819292","DateCreate":1114790400000,"BuildingBlockType":"Tower","BuildingCSUID":"4466819292T20050430","BuildingID":1101780685,"Status":"Active","BuildingNameEN":"Kwong Yin House","BuildingNameTC":"廣賢閣","BaseHeight":5.7000000000000002,"TopHeight":113.5,"Storeys":39,"StoreysInBasement":null,"DateStamp":1788105600000}},{"type":"Feature","id":31889,"geometry":{"type":"Polygon","coordinates":[[[114.25797792834807,22.309049820364564],[114.25803698696271,22.309070555768493],[114.2580381325116,22.309070957959719],[114.25801647089965,22.309122190364935],[114.2579572766839,22.309102126898132],[114.25797792834807,22.309049820364564]]]},"properties":{"OBJECTID":31889,"Shape__Length":25.388513703782593,"Shape__Area":40.235785384766743,"GeoRefNo":"4462618904","DateCreate":1192118400000,"BuildingBlockType":"Open-sided Structure","BuildingCSUID":"4462618904T20071012","BuildingID":1101781062,"Status":"Active","BuildingNameEN":null,"BuildingNameTC":null,"BaseHeight":null,"TopHeight":null,"Storeys":null,"StoreysInBasement":null,"DateStamp":1286380800000}},{"type":"Feature","id":31915,"geometry":{"type":"Polygon","coordinates":[[[114.26038441629579,22.310531817314548],[114.26044078130661,22.310551270157319],[114.26041939710568,22.310610919246553],[114.26036201346905,22.310593214070877],[114.26038441629579,22.310531817314548]]]},"properties":{"OBJECTID":31915,"Shape__Length":26.56634200661281,"Shape__Area":43.915291961584181,"GeoRefNo":"4487419068","DateCreate":1192118400000,"BuildingBlockType":"Open-sided Structure","BuildingCSUID":"4487419068T20071012","BuildingID":1101780914,"Status":"Active","BuildingNameEN":null,"BuildingNameTC":null,"BaseHeight":null,"TopHeight":null,"Storeys":null,"StoreysInBasement":null,"DateStamp":1286380800000}},{"type":"Feature","id":31917,"geometry":{"type":"Polygon","coordinates":[[[114.26261841991199,22.309529805442846],[114.26261132326076,22.309532735742206],[114.26256807705346,22.309550592594881],[114.26254859079366,22.309509733656281],[114.26258917569864,22.309492975614202],[114.26258452839369,22.309483230985062],[114.26257188542397,22.309478932872842],[114.26255979897391,22.309474823927452],[114.26253564257838,22.309466611714516],[114.2625235561305,22.309462502856707],[114.26251091287328,22.30945820464957],[114.26250060871591,22.309462866359269],[114.26252002417631,22.309500022073482],[114.26247681937184,22.309519568595299],[114.26245613084929,22.309479976370124],[114.26245273596173,22.309473479382298],[114.26243745824316,22.309444242033511],[114.26243448748737,22.309438556852847],[114.26241432941814,22.309399979832744],[114.2624378823688,22.309389324120428],[114.26244601164294,22.309391942315525],[114.26245311156769,22.309405529528419],[114.26246729491628,22.309399112753834],[114.26247641910525,22.309416573926786],[114.26250056100133,22.309405651762674],[114.26253245913837,22.30941649592231],[114.262550111111,22.309371540401965],[114.26251821298278,22.309360696245687],[114.26250732449559,22.30933786514862],[114.26249090295433,22.309344645777635],[114.26248825185208,22.309345740421993],[114.26248421687094,22.309337279798143],[114.26246981914348,22.309343224748332],[114.26246114840717,22.309340116298145],[114.26244836235796,22.309313306233353],[114.26249049966943,22.309295907217059],[114.26249673431286,22.309293332912883],[114.26252867007082,22.30928014626906],[114.26253574177474,22.309277226191018],[114.26257787906454,22.309259827242336],[114.26259066513353,22.30928663729706],[114.26258732455935,22.309294705284405],[114.26257292693768,22.309300650243696],[114.26257696192312,22.30930911095566],[114.26255788928751,22.309316986327531],[114.26256253668214,22.309326730957597],[114.26261105726388,22.309343226062257],[114.26262313894752,22.309347333380945],[114.26262854852494,22.309349172400438],[114.26264390985047,22.3093422226335],[114.26262417615982,22.309304457807279],[114.26263312261926,22.309300410346761],[114.26262081554465,22.309276858011241],[114.26265507379863,22.309261359003283],[114.26269432888658,22.309336482471775],[114.26270960664672,22.309365719796631],[114.262732735559,22.309409981955199],[114.26270438625033,22.309422807593347],[114.26269560416372,22.30941998268521],[114.26268871652324,22.309406801566954],[114.2626797700587,22.309410849120805],[114.26267064584488,22.309393387959339],[114.26264650396423,22.309404310148743],[114.26261460591826,22.309393466011478],[114.26259695386655,22.309438421538722],[114.26262885201844,22.309449265679337],[114.26263974053408,22.309472096767841],[114.26265881318618,22.309464221476762],[114.26266521017284,22.309477634761592],[114.26268005142187,22.309471506599468],[114.26268808177367,22.309474385367498],[114.26269870277169,22.309496655612769],[114.26265656542607,22.309514054682818],[114.26265035561507,22.309516618775373],[114.26261841991199,22.309529805442846]]]},"properties":{"OBJECTID":31917,"Shape__Length":195.25446962352089,"Shape__Area":486.35874934650104,"GeoRefNo":"4509818939","DateCreate":1114790400000,"BuildingBlockType":"Tower","BuildingCSUID":"4509818939T20050430","BuildingID":1101780998,"Status":"Active","BuildingNameEN":"Tseung Kwan O Plaza Tower 2","BuildingNameTC":"將軍澳廣場第二座","BaseHeight":24.300000000000001,"TopHeight":161,"Storeys":47,"StoreysInBasement":null,"DateStamp":1599580800000}},{"type":"Feature","id":31920,"geometry":{"type":"Polygon","coordinates":[[[114.2615422524221,22.310163656672295],[114.26154952239557,22.310189890374431],[114.26149101745401,22.310203927380083],[114.26151784137051,22.310300722379122],[114.26157362498043,22.310287338253076],[114.26158065900103,22.310312720581582],[114.26157441840465,22.31031421786442],[114.26157951402911,22.310332605562799],[114.2615051816271,22.310350439991314],[114.26151069756524,22.310371535929235],[114.26151853151762,22.310369762473993],[114.26153381126734,22.31042375457957],[114.26148409426608,22.310435936081653],[114.2614711191147,22.31038878642665],[114.26144988270926,22.310393846153421],[114.2614628949124,22.310441130346689],[114.26141981032787,22.310451686834025],[114.26140444191739,22.310397381221655],[114.26141207733977,22.310395510434915],[114.26140408302288,22.310367261656143],[114.26139953480245,22.310368376055489],[114.26139671921425,22.310369065925997],[114.26139390362607,22.310369755796476],[114.26139108794077,22.31037044566693],[114.26138827235253,22.310371135537299],[114.26138545676423,22.310371825407625],[114.26138264107887,22.310372515277926],[114.26137982549054,22.310373205148149],[114.26137700990216,22.310373895018301],[114.26137419421677,22.310374584978803],[114.26137137862835,22.310375274848852],[114.26136856303991,22.310375964718887],[114.26136574735436,22.310376654588918],[114.26136293176586,22.310377344458836],[114.26136011617733,22.310378034328696],[114.26135730049171,22.310378724198586],[114.26135448490312,22.310379414068358],[114.26135166931449,22.310380103938101],[114.2613488536288,22.31038079380782],[114.26134603804013,22.310381483677446],[114.26134322245142,22.31038217354704],[114.2613404068627,22.310382863416571],[114.26133759117688,22.310383553286112],[114.2613347755881,22.310384243155532],[114.26132861298835,22.31036246727356],[114.26131518171438,22.310365758156863],[114.26131191717796,22.310354222455867],[114.2613715413663,22.310339613565564],[114.26136195967675,22.310305755533584],[114.2613360718006,22.310312098569646],[114.26133080078732,22.310293472998602],[114.26135668866029,22.310287129963381],[114.2613436788503,22.310241158627655],[114.26128367966645,22.310254442553127],[114.26128110487149,22.310243355312917],[114.26129462923603,22.310240271274914],[114.2612887053582,22.310217780494874],[114.26128538350096,22.310205168375692],[114.26136038940368,22.31018717241022],[114.26135366794009,22.310162917830468],[114.2613462233823,22.310164703988629],[114.26134344988598,22.310154695467439],[114.26134272283431,22.310152072096347],[114.2613419958797,22.310149448725181],[114.26134126892515,22.310146825354],[114.26134054187357,22.310144201982872],[114.26133981491905,22.310141578611681],[114.26133908796459,22.310138955240522],[114.26133836091307,22.310136331869391],[114.26133763395866,22.310133708498199],[114.26133690700425,22.310131085126987],[114.26133617995282,22.310128461755863],[114.26133545299848,22.310125838384661],[114.26133472604417,22.310123215013441],[114.26133399899282,22.310120591642274],[114.26133327203856,22.310117968271069],[114.26133254508433,22.310115344899852],[114.26133181803307,22.310112721528665],[114.2613310910789,22.310110098157445],[114.26137509397917,22.310099540672965],[114.26138832642977,22.310147290828393],[114.26140847370795,22.310142456900667],[114.26139524125097,22.31009470674687],[114.26143900911272,22.310084205628229],[114.26145414155224,22.310138811359042],[114.26144714716186,22.310140489551923],[114.26145386864053,22.310164744127853],[114.26152980083583,22.310146525899615],[114.26153502853387,22.310165389894859],[114.2615422524221,22.310163656672295]]]},"properties":{"OBJECTID":31920,"Shape__Length":192.21960145328964,"Shape__Area":620.58448138406186,"GeoRefNo":"4498219035","DateCreate":1114790400000,"BuildingBlockType":"Tower","BuildingCSUID":"4498219035T20050430","BuildingID":1101780922,"Status":"Active","BuildingNameEN":"Beverly Garden Block 3","BuildingNameTC":"富康花園第三座","BaseHeight":5.7000000000000002,"TopHeight":115,"Storeys":40,"StoreysInBasement":null,"DateStamp":1599580800000}},{"type":"Feature","id":31921,"geometry":{"type":"Polygon","coordinates":[[[114.2631244811591,22.310570043108072],[114.2631421969796,22.310577090099859],[114.26313099035151,22.310601481746058],[114.26311327452844,22.310594434662768],[114.2631244811591,22.310570043108072]]]},"properties":{"OBJECTID":31921,"Shape__Length":9.8452675869555843,"Shape__Area":5.8313676910502776,"GeoRefNo":"4515519070","DateCreate":1237910400000,"BuildingBlockType":"Tower","BuildingCSUID":"4515519070T20090325","BuildingID":1101780915,"Status":"Active","BuildingNameEN":"TSEUNG KWAN O SPORTS GROUND","BuildingNameTC":"將軍澳運動場","BaseHeight":6,"TopHeight":8.5,"Storeys":null,"StoreysInBasement":null,"DateStamp":1286380800000}},{"type":"Feature","id":31922,"geometry":{"type":"Polygon","coordinates":[[[114.25992576986872,22.309798538985639],[114.25997961075397,22.309816677616528],[114.25996011693891,22.309866775552802],[114.25990627593987,22.309848636915667],[114.25992576986872,22.309798538985639]]]},"properties":{"OBJECTID":31922,"Shape__Length":23.600007629339679,"Shape__Area":34.810022506520447,"GeoRefNo":"4482718986","DateCreate":1192118400000,"BuildingBlockType":"Open-sided Structure","BuildingCSUID":"4482718986T20071012","BuildingID":1101780956,"Status":"Active","BuildingNameEN":"C.& M. A. SUN KEI SECONDARY SCHOOL","BuildingNameTC":"基督教宣道會宣基中學","BaseHeight":null,"TopHeight":null,"Storeys":null,"StoreysInBasement":null,"DateStamp":1286380800000}},{"type":"Feature","id":31925,"geometry":{"type":"Polygon","coordinates":[[[114.2639855919861,22.309465840080733],[114.26389724112201,22.309307009232253],[114.26387643820787,22.309270413963407],[114.26393281414386,22.309243838796338],[114.26395089138894,22.30927753092039],[114.26399369992129,22.309257644578196],[114.26396617211483,22.309206338838166],[114.26399906345046,22.309191059453603],[114.26403721218291,22.309262160329766],[114.26405684834808,22.309253249213267],[114.26411815744537,22.309364111980887],[114.26405548028517,22.30939448850917],[114.26425112279702,22.309745585221613],[114.26416432645981,22.309787170653188],[114.26414599993156,22.309754208994004],[114.264055501147,22.309591517549592],[114.2639855919861,22.309465840080733]]]},"properties":{"OBJECTID":31925,"Shape__Length":176.19600274861639,"Shape__Area":769.5871277593759,"GeoRefNo":"4525118951","DateCreate":1114790400000,"BuildingBlockType":"Tower","BuildingCSUID":"4525118951T20050430","BuildingID":1101780965,"Status":"Active","BuildingNameEN":"Tseung Kwan O Infeed Sub-station","BuildingNameTC":"將軍澳饋電站","BaseHeight":5.4000000000000004,"TopHeight":15.5,"Storeys":null,"StoreysInBasement":null,"DateStamp":1286380800000}},{"type":"Feature","id":31989,"geometry":{"type":"Polygon","coordinates":[[[114.25777741129662,22.308684686970668],[114.25775003716807,22.308675308805103],[114.25777155157562,22.308621204775161],[114.25779882864288,22.308630582985611],[114.25777741129662,22.308684686970668]]]},"properties":{"OBJECTID":31989,"Shape__Length":18.774780251664154,"Shape__Area":19.165450000948461,"GeoRefNo":"4460318856","DateCreate":1192118400000,"BuildingBlockType":"Open-sided Structure","BuildingCSUID":"4460318856T20071012","BuildingID":1101781109,"Status":"Active","BuildingNameEN":"TSEUNG KWAN O CATHOLIC PRIMARY SCHOOL","BuildingNameTC":"將軍澳天主教小學","BaseHeight":null,"TopHeight":null,"Storeys":null,"StoreysInBasement":null,"DateStamp":1286380800000}},{"type":"Feature","id":31991,"geometry":{"type":"Polygon","coordinates":[[[114.26278577676564,22.308756471539471],[114.26278174178363,22.308748010832108],[114.26282299175983,22.30873097811887],[114.26281606352573,22.30871645074464],[114.26281065397026,22.308714611731169],[114.26279856757921,22.308710502893305],[114.26274755291908,22.308693159836192],[114.26273891116125,22.308697069515475],[114.26274803533801,22.308714530674717],[114.2627390889192,22.308718578232028],[114.26274636704049,22.308732506514865],[114.26274374367081,22.308739567665757],[114.26271459161302,22.308752756581047],[114.26269443356614,22.308714179682752],[114.26269231165676,22.308710118752064],[114.26267703397204,22.308680881423001],[114.26267448774048,22.30867600868514],[114.26265432981273,22.308637431781374],[114.2626833509651,22.30862430200618],[114.26269311166378,22.308642981330536],[114.26270729492444,22.308636564534648],[114.26271641909331,22.308654025695798],[114.26274226994084,22.308642330293313],[114.26277159793149,22.308652300613229],[114.26278414217175,22.308620353097336],[114.26278924973225,22.308607345063148],[114.26275992184682,22.308597374746306],[114.26274826247655,22.308572927233083],[114.26272918995043,22.308580802625453],[114.26272279299886,22.308567389341544],[114.26270238973798,22.308575814134667],[114.2626893006188,22.308548368492495],[114.26273143767102,22.308530969412811],[114.26273587328744,22.308529137825463],[114.2627678087522,22.308515951133987],[114.26277313110272,22.30851375351715],[114.26281526813409,22.308496354415645],[114.26282841635647,22.308523923825948],[114.26282552983169,22.308530895443983],[114.26281031610237,22.308537177427812],[114.26281435108001,22.308545638134699],[114.26279527856133,22.308553513534829],[114.26279917613039,22.308561686058148],[114.26286768677845,22.308584977035618],[114.26288304800859,22.308578027245662],[114.26286331436184,22.308540262444843],[114.26287226066863,22.308536214880686],[114.26285995371855,22.30851266265126],[114.26289421175983,22.308497163592016],[114.26293346676036,22.308572286919631],[114.26294874448658,22.308601524315126],[114.26297187325027,22.30864578635364],[114.26294352411763,22.308658612124553],[114.26293474217118,22.308655787228904],[114.26292785444896,22.30864260611958],[114.26291890803992,22.308646653596522],[114.26290978394346,22.308629192446773],[114.26288564221272,22.308640114762632],[114.2628537442252,22.308629270670941],[114.26283609244237,22.308674226227858],[114.26286799034166,22.308685070232659],[114.26287887883647,22.308707901397621],[114.26289795137137,22.308700025987761],[114.26290198645603,22.308708486692197],[114.26291638400303,22.308702541703497],[114.26292505470988,22.308705650039371],[114.26293784079421,22.308732460068502],[114.26288856295378,22.308752807778365],[114.26285662734961,22.308765994493413],[114.26277550216138,22.308799492437537],[114.2627600510241,22.308767094137597],[114.26278577676564,22.308756471539471]]]},"properties":{"OBJECTID":31991,"Shape__Length":200.940510853077,"Shape__Area":493.71836877912193,"GeoRefNo":"4512218854","DateCreate":1114790400000,"BuildingBlockType":"Tower","BuildingCSUID":"4512218854T20050430","BuildingID":1101781095,"Status":"Active","BuildingNameEN":"Tseung Kwan O Plaza Tower 7","BuildingNameTC":"將軍澳廣場第七座","BaseHeight":24.300000000000001,"TopHeight":161,"Storeys":47,"StoreysInBasement":null,"DateStamp":1599580800000}},{"type":"Feature","id":31995,"geometry":{"type":"Polygon","coordinates":[[[114.26175782857067,22.309180968135223],[114.26179666069007,22.309163540686523],[114.26180642130879,22.309182220153573],[114.26181558599556,22.309178073919288],[114.26182471008914,22.309195535129675],[114.2618495065356,22.309184316967013],[114.2618726161095,22.309192173393772],[114.26189026836269,22.309147217943348],[114.26186715879521,22.309139361519069],[114.26185597550214,22.309115911845563],[114.26183690285198,22.309123787132869],[114.26183276908873,22.309115119382284],[114.2618123657917,22.309123544063237],[114.26179506050079,22.309087847043322],[114.26193385131552,22.309030404601764],[114.26195539212291,22.309074462802709],[114.26190653992323,22.309095032594936],[114.26191148248587,22.309105396317442],[114.26192412588722,22.309109694571525],[114.26193621180201,22.309113803384282],[114.26198509771531,22.309130423017265],[114.26199540176846,22.309125761249881],[114.26198627775533,22.309108300139258],[114.26199522412371,22.30910425262357],[114.26198546348536,22.309085573167767],[114.26201972176337,22.309070074293579],[114.26203987967669,22.309108651364763],[114.2620432745363,22.309115148361588],[114.26205855213693,22.309144385839367],[114.26206158350246,22.309150187038526],[114.26208168071054,22.309188648002475],[114.2620533314837,22.309201473617474],[114.26204454942393,22.309198648673902],[114.26203766175833,22.309185467527506],[114.26202871538599,22.309189514955193],[114.26201959126745,22.309172053756349],[114.2619954493738,22.309182975849179],[114.26196355133098,22.309172131673634],[114.26194589919523,22.309217087131767],[114.26197779714987,22.309227931310755],[114.26198868554258,22.309250762534276],[114.26200775829842,22.309242887229168],[114.26201415521282,22.309256300540259],[114.26202899637015,22.309250172527864],[114.26203702679311,22.309253051328231],[114.2620476476711,22.309275321526819],[114.26200551031054,22.309292720428246],[114.2619990346397,22.309295394267021],[114.26196709892523,22.309308580806654],[114.26196026812917,22.309311401306587],[114.26191702180948,22.30932925798626],[114.26189753586681,22.309288398967624],[114.26193812078627,22.309271641178249],[114.26193347343668,22.309261896439764],[114.26192083050671,22.30925759836688],[114.26190874428882,22.309253489553239],[114.26188694828903,22.309246079728467],[114.26188458738675,22.309245277152872],[114.26187250146215,22.309241168336396],[114.2618598581474,22.309236869807393],[114.26184889944702,22.309241827661385],[114.26186566228853,22.309273907572194],[114.26187002651955,22.309271933091651],[114.26187480073284,22.309281069825502],[114.26182295064699,22.309304298417789],[114.26175782857067,22.309180968135223]]]},"properties":{"OBJECTID":31995,"Shape__Length":194.2271754424454,"Shape__Area":500.87605915075989,"GeoRefNo":"4503018914","DateCreate":1114790400000,"BuildingBlockType":"Tower","BuildingCSUID":"4503018914T20050430","BuildingID":1101781033,"Status":"Active","BuildingNameEN":"Tseung Kwan O Plaza Tower 3A","BuildingNameTC":"將軍澳廣場第三Ａ座","BaseHeight":24.300000000000001,"TopHeight":161,"Storeys":47,"StoreysInBasement":null,"DateStamp":1599580800000}},{"type":"Feature","id":32034,"geometry":{"type":"Polygon","coordinates":[[[114.25783136996799,22.309842443852979],[114.25775626216161,22.309816118768399],[114.25775968646553,22.309807668934532],[114.25780945945985,22.30968101703284],[114.25782282383027,22.309647010154336],[114.25789796105811,22.309672655009393],[114.25783136996799,22.309842443852979]]]},"properties":{"OBJECTID":32034,"Shape__Length":56.472920467100181,"Shape__Area":164.88270573945343,"GeoRefNo":"4460918976","DateCreate":1192118400000,"BuildingBlockType":"Open-sided Structure","BuildingCSUID":"4460918976T20071012","BuildingID":1101780960,"Status":"Active","BuildingNameEN":null,"BuildingNameTC":null,"BaseHeight":null,"TopHeight":null,"Storeys":null,"StoreysInBasement":null,"DateStamp":1286380800000}},{"type":"Feature","id":32035,"geometry":{"type":"Polygon","coordinates":[[[114.25989011996747,22.309890244100224],[114.25994396088338,22.309908382742641],[114.25992446704296,22.30995848067413],[114.25987062611031,22.309940342025424],[114.25989011996747,22.309890244100224]]]},"properties":{"OBJECTID":32035,"Shape__Length":23.599994820046373,"Shape__Area":34.809984719138484,"GeoRefNo":"4482318997","DateCreate":1192118400000,"BuildingBlockType":"Open-sided Structure","BuildingCSUID":"4482318997T20071012","BuildingID":1101780951,"Status":"Active","BuildingNameEN":"C.& M. A. SUN KEI SECONDARY SCHOOL","BuildingNameTC":"基督教宣道會宣基中學","BaseHeight":null,"TopHeight":null,"Storeys":null,"StoreysInBasement":null,"DateStamp":1286380800000}},{"type":"Feature","id":32037,"geometry":{"type":"Polygon","coordinates":[[[114.26242190868281,22.309776941188417],[114.26243424447453,22.309825773056588],[114.2624572582028,22.309820739535009],[114.26244492240356,22.309771907758911],[114.26249002873638,22.309762042307366],[114.26250236455039,22.30981087408006],[114.26249401871885,22.309812699417897],[114.26250114788149,22.309840920696814],[114.26250949371453,22.309839095268309],[114.26257289647856,22.309825228061587],[114.26257720332757,22.30984227663777],[114.26259072915731,22.309839318287192],[114.26259792332903,22.309867796447847],[114.26253952344966,22.309880569402051],[114.26254438182282,22.309899801466816],[114.26256923446888,22.309894365818415],[114.26257462695884,22.309915712204727],[114.26254977440627,22.309921147853892],[114.26256392409691,22.309977160064665],[114.26262232401416,22.309964387101726],[114.26262838877784,22.30998839471857],[114.2626148629345,22.309991352981982],[114.26261919528349,22.310008502685903],[114.26257432129198,22.310018317298457],[114.26255579244145,22.310022369910666],[114.26254744659805,22.310024195251255],[114.26254132054859,22.310025535107417],[114.26254912140966,22.310056415268647],[114.26255524746041,22.31005507541218],[114.26256793005869,22.310105279645594],[114.26253116956747,22.31011331977934],[114.26251848698155,22.310063115543073],[114.26249547321575,22.310068148982968],[114.26250815579391,22.310118353221036],[114.26246531485008,22.310127723236821],[114.2624526323834,22.310077518995364],[114.26246128313157,22.310075626943178],[114.26245348219167,22.310044746777791],[114.26237482449575,22.310061950391614],[114.26237049217492,22.310044800681212],[114.26236476748124,22.310046052812542],[114.26235870276008,22.310022045185864],[114.26241417695319,22.310009912123242],[114.26238977640307,22.309913321438181],[114.26233430224596,22.309925454492483],[114.26232710812462,22.309896976320193],[114.26233283281265,22.309895724280477],[114.26232852608867,22.309878675697757],[114.26240718368776,22.309861472106302],[114.26240002915105,22.309833150597033],[114.26238940753312,22.309835473722682],[114.26237709705103,22.309786742258037],[114.26242190868281,22.309776941188417]]]},"properties":{"OBJECTID":32037,"Shape__Length":192.52031782302183,"Shape__Area":613.30433016183679,"GeoRefNo":"4508918999","DateCreate":1114790400000,"BuildingBlockType":"Tower","BuildingCSUID":"4508918999T20050430","BuildingID":1101780943,"Status":"Active","BuildingNameEN":"Beverly Garden Block 6","BuildingNameTC":"富康花園第六座","BaseHeight":5.7000000000000002,"TopHeight":117.5,"Storeys":41,"StoreysInBasement":null,"DateStamp":1599580800000}},{"type":"Feature","id":32038,"geometry":{"type":"Polygon","coordinates":[[[114.26202939525572,22.310072250541765],[114.26203053370611,22.310076757115198],[114.26200516688718,22.310082305201401],[114.26200402843757,22.310077798627784],[114.26197803871561,22.310083482857053],[114.2619599928221,22.310012046482395],[114.26191709190262,22.310021429389042],[114.2619187168787,22.310027861934643],[114.26186215452222,22.310040232722493],[114.26185194101569,22.309999801225811],[114.26190850325969,22.30998743035126],[114.26190321622933,22.309966501101048],[114.26184665399326,22.309978871973776],[114.26183597488431,22.309936597845642],[114.26189253720135,22.309924226976584],[114.26189366115048,22.309928676214383],[114.2619210011617,22.309922696621815],[114.26190376503236,22.309854465857544],[114.26191932590673,22.309851062460989],[114.26191744059447,22.309843599479944],[114.26194343027453,22.309837915170071],[114.26195509093181,22.309884075184659],[114.261980457717,22.309878527196567],[114.26197569456797,22.309859671730937],[114.26199825436471,22.309854737668733],[114.26200301751656,22.309873593043406],[114.26206312961871,22.309860445786647],[114.26205266662481,22.309819027388532],[114.26205146883086,22.309814285779805],[114.26207445588523,22.309809258286744],[114.26207565367984,22.309813999805005],[114.26209864325627,22.309808971675032],[114.26211656690408,22.309879923879524],[114.26214579296831,22.309873531823271],[114.26214426410318,22.30986747977871],[114.26220097706816,22.309855075851488],[114.2622025059356,22.309861127895534],[114.26221128678394,22.309895887373912],[114.2621545738034,22.309908291304701],[114.26215978722269,22.309928929077792],[114.2622165002111,22.309916525145187],[114.26222570484994,22.309952962465161],[114.26222742323506,22.309959764580885],[114.26217071023018,22.309972168517302],[114.26216935297737,22.309966795754661],[114.26216899184766,22.309965366400974],[114.26213976586247,22.309971758461351],[114.26214148414667,22.309978560668323],[114.26215804387206,22.310044113467072],[114.26213785833461,22.310048528307597],[114.26213899678829,22.310053034880283],[114.26211320562091,22.310058675770208],[114.26211206716795,22.310054169107026],[114.26209967329028,22.310005107056103],[114.2620170014053,22.310023188484521],[114.26202939525572,22.310072250541765]]]},"properties":{"OBJECTID":32038,"Shape__Length":189.31036889202534,"Shape__Area":624.32311838573958,"GeoRefNo":"4504018999","DateCreate":1114790400000,"BuildingBlockType":"Tower","BuildingCSUID":"4504018999T20050430","BuildingID":1101780948,"Status":"Active","BuildingNameEN":"Beverly Garden Block 5","BuildingNameTC":"富康花園第五座","BaseHeight":5.7000000000000002,"TopHeight":117.5,"Storeys":41,"StoreysInBasement":null,"DateStamp":1599580800000}},{"type":"Feature","id":32039,"geometry":{"type":"Polygon","coordinates":[[[114.26419450512206,22.310158367957516],[114.26421231192587,22.310152694735621],[114.26422156315567,22.310177835088865],[114.26420375634906,22.310183508311766],[114.26419450512206,22.310158367957516]]]},"properties":{"OBJECTID":32039,"Shape__Length":9.7637923212752895,"Shape__Area":5.7065958460751656,"GeoRefNo":"4526619024","DateCreate":1237910400000,"BuildingBlockType":"Tower","BuildingCSUID":"4526619024T20090325","BuildingID":1101780940,"Status":"Active","BuildingNameEN":"TSEUNG KWAN O SPORTS GROUND","BuildingNameTC":"將軍澳運動場","BaseHeight":6,"TopHeight":8.5999999999999996,"Storeys":null,"StoreysInBasement":null,"DateStamp":1286380800000}},{"type":"Feature","id":32042,"geometry":{"type":"Polygon","coordinates":[[[114.263024201779,22.309684723351062],[114.26305051323082,22.309622163443017],[114.26312449830596,22.309648437003489],[114.26311491432202,22.309671003968244],[114.26312293481584,22.309674390961952],[114.26309394230897,22.30974518225252],[114.26307085739845,22.309799080107542],[114.26297935572507,22.309767232660619],[114.26301428116741,22.309680990858055],[114.263024201779,22.309684723351062]]]},"properties":{"OBJECTID":32042,"Shape__Length":55.381034473442583,"Shape__Area":168.07105487637986,"GeoRefNo":"4514718973","DateCreate":1114790400000,"BuildingBlockType":"Tower","BuildingCSUID":"4514718973T20050430","BuildingID":1101780964,"Status":"Active","BuildingNameEN":null,"BuildingNameTC":null,"BaseHeight":6,"TopHeight":19.600000000000001,"Storeys":null,"StoreysInBasement":null,"DateStamp":1286380800000}},{"type":"Feature","id":32077,"geometry":{"type":"Polygon","coordinates":[[[114.26337055475796,22.310039564423313],[114.26338783275175,22.310046510389469],[114.26337650596089,22.310070904285482],[114.26335922796467,22.310063958318146],[114.26337055475796,22.310039564423313]]]},"properties":{"OBJECTID":32077,"Shape__Length":9.7637963130946694,"Shape__Area":5.7065940496263377,"GeoRefNo":"4518019011","DateCreate":1237910400000,"BuildingBlockType":"Tower","BuildingCSUID":"4518019011T20090325","BuildingID":1101780949,"Status":"Active","BuildingNameEN":"TSEUNG KWAN O SPORTS GROUND","BuildingNameTC":"將軍澳運動場","BaseHeight":6.0999999999999996,"TopHeight":8.5999999999999996,"Storeys":null,"StoreysInBasement":null,"DateStamp":1286380800000}},{"type":"Feature","id":32110,"geometry":{"type":"Polygon","coordinates":[[[114.2583909494201,22.308974171578608],[114.25844647466894,22.308993559438623],[114.25844641759987,22.308993722559972],[114.2584272901434,22.309048384831051],[114.25837176487549,22.309028996964649],[114.2583909494201,22.308974171578608]]]},"properties":{"OBJECTID":32110,"Shape__Length":24.990982065077937,"Shape__Area":38.977403252400265,"GeoRefNo":"4466918895","DateCreate":1192118400000,"BuildingBlockType":"Open-sided Structure","BuildingCSUID":"4466918895T20071012","BuildingID":1101781070,"Status":"Active","BuildingNameEN":null,"BuildingNameTC":null,"BaseHeight":null,"TopHeight":null,"Storeys":null,"StoreysInBasement":null,"DateStamp":1286380800000}},{"type":"Feature","id":32115,"geometry":{"type":"Polygon","coordinates":[[[114.25747892027429,22.309433111159134],[114.2574539727517,22.309424454186171],[114.25747577870081,22.309370620972928],[114.25750024079618,22.309379007266084],[114.25747892027429,22.309433111159134]]]},"properties":{"OBJECTID":32115,"Shape__Length":18.181373196544598,"Shape__Area":17.308999996873549,"GeoRefNo":"4457318938","DateCreate":1192118400000,"BuildingBlockType":"Open-sided Structure","BuildingCSUID":"4457318938T20071012","BuildingID":1101781020,"Status":"Active","BuildingNameEN":"PO LEUNG KUK WONG WING SHU PRIMARY SCHOOL","BuildingNameTC":"保良局黃永樹小學","BaseHeight":null,"TopHeight":null,"Storeys":null,"StoreysInBasement":null,"DateStamp":1286380800000}},{"type":"Feature","id":32118,"geometry":{"type":"Polygon","coordinates":[[[114.26238712766742,22.309260887111144],[114.26240720787924,22.309299315261878],[114.26237885856298,22.309312140933638],[114.26237007658683,22.309309316007734],[114.26236318888527,22.309296134875432],[114.26235424241827,22.309300182321067],[114.2623451183492,22.309282721231174],[114.262320976365,22.309293643372349],[114.26228907836912,22.309282799170745],[114.26227142632389,22.309327754663421],[114.26230332432866,22.309338598868397],[114.2623142127828,22.309361429979255],[114.26233328543822,22.309353554636022],[114.26233968248582,22.309366967933951],[114.26235452364048,22.30936083989187],[114.26236255397934,22.309363718676106],[114.26237317491739,22.30938598894317],[114.26233103766127,22.309403387838543],[114.26228579539089,22.309422068807471],[114.26224254917597,22.30943992566392],[114.26222306302616,22.309399066595017],[114.26226364793843,22.309382308724448],[114.26225900065968,22.309372564085763],[114.26224635770981,22.309368265948056],[114.26223427127876,22.309364156978305],[114.26221011492113,22.309355944716639],[114.26219802849218,22.309351835744163],[114.26218538525478,22.309347537511535],[114.26217508119177,22.309352199290867],[114.26219449645372,22.30938935504491],[114.26215129173468,22.309408901480285],[114.2621306032231,22.309369309212766],[114.26212720835328,22.309362812217984],[114.2621119307145,22.309333574837872],[114.2621089599742,22.309327889651147],[114.26208880210729,22.309289312589691],[114.2621123508922,22.309278658823089],[114.26212048432602,22.309281275135952],[114.26212758411666,22.309294862363441],[114.26214176746906,22.309288445617209],[114.26214589205119,22.309296338810022],[114.26215089161036,22.30930590680887],[114.26217503351293,22.30929498469304],[114.26220693159988,22.309305828826702],[114.26222458366303,22.309260873340886],[114.26219268558495,22.309250029210602],[114.26218179725623,22.309227198000823],[114.26216272451235,22.309235073326395],[114.26215868955397,22.309226612603958],[114.262144291921,22.309232557525281],[114.26213562110163,22.309229449147963],[114.26212283512466,22.309202639056927],[114.26216497244361,22.30918524012495],[114.26217339973149,22.309181760445693],[114.26220533539767,22.309168573865399],[114.26221021455694,22.309166559189418],[114.26225235185417,22.309149160234732],[114.26226780301393,22.309181558581688],[114.26224739963648,22.3091899833173],[114.26225143469618,22.309198444037502],[114.26223236196007,22.309206319280946],[114.26223700932853,22.309216064010876],[114.26228589550681,22.309232683462366],[114.26229798163682,22.309236792338218],[114.26231062467346,22.309241090471961],[114.26232092872388,22.309236428774263],[114.26230151344978,22.309199272944401],[114.26232267934591,22.309189697211504],[114.26231939038234,22.309183403082354],[114.26234142911906,22.309173432340085],[114.26236540653004,22.309219318709868],[114.2623686743144,22.309225572392133],[114.26238395199476,22.30925480983862],[114.26238712766742,22.309260887111144]]]},"properties":{"OBJECTID":32118,"Shape__Length":190.9056103419141,"Shape__Area":472.93888113839023,"GeoRefNo":"4506418927","DateCreate":1114790400000,"BuildingBlockType":"Tower","BuildingCSUID":"4506418927T20050430","BuildingID":1101781017,"Status":"Active","BuildingNameEN":"Tseung Kwan O Plaza Tower 3","BuildingNameTC":"將軍澳廣場第三座","BaseHeight":24.300000000000001,"TopHeight":161,"Storeys":47,"StoreysInBasement":null,"DateStamp":1599580800000}},{"type":"Feature","id":34011,"geometry":{"type":"Polygon","coordinates":[[[114.2599097073622,22.31248379834447],[114.26005686248875,22.312532100428928],[114.26004913271299,22.312552511374044],[114.26006560300227,22.312557877480906],[114.26009916628382,22.312541270596501],[114.26010366800728,22.312526587878057],[114.26008523145948,22.312520522732623],[114.26013357179625,22.312399675313532],[114.26027982557758,22.312449798407872],[114.26023222609312,22.312570190075629],[114.26020052432811,22.312557855590885],[114.26019677104031,22.31257047416522],[114.26021397767671,22.312576303418961],[114.2602246954457,22.312600481842921],[114.26021623262969,22.312619740326895],[114.26023147188481,22.312625100367143],[114.26024292859697,22.312597585114052],[114.26039558380442,22.312647739758109],[114.26034618985122,22.312783057335999],[114.26018985345311,22.312730357007826],[114.26019634561126,22.312711318530368],[114.26018061614036,22.312705496643282],[114.26014434029106,22.312723009081008],[114.2601393559445,22.312735621603561],[114.26016270013146,22.312745157478286],[114.26011880015722,22.312864188825802],[114.25997131392198,22.312814289186946],[114.26001866963738,22.312693436892349],[114.26004299965754,22.312702747868418],[114.2600477366569,22.312690363949752],[114.26003151155342,22.312685228808348],[114.26001980233508,22.312662424072702],[114.26002728589204,22.312642011991262],[114.2600162222133,22.312638740463306],[114.2600045039509,22.312669471178001],[114.25985820743732,22.312619851314622],[114.2599097073622,22.31248379834447]]]},"properties":{"OBJECTID":34011,"Shape__Length":243.67223665944249,"Shape__Area":1332.1271068185363,"GeoRefNo":"4484519297","DateCreate":1114790400000,"BuildingBlockType":"Tower","BuildingCSUID":"4484519297T20050430","BuildingID":1101780679,"Status":"Active","BuildingNameEN":"Kwong Ning House","BuildingNameTC":"廣寧閣","BaseHeight":5.7000000000000002,"TopHeight":114.3,"Storeys":39,"StoreysInBasement":null,"DateStamp":1788105600000}},{"type":"Feature","id":34033,"geometry":{"type":"Polygon","coordinates":[[[114.25903666170395,22.312360928988852],[114.25906444179604,22.312369567932183],[114.25906868097188,22.312358330457059],[114.25904975644491,22.312351343688146],[114.25903803427573,22.312331296018055],[114.25904675116095,22.312310430471172],[114.25903520174009,22.31230577798291],[114.25902299637211,22.312335357293698],[114.25887378110303,22.312286826746401],[114.25892614717714,22.31214807782921],[114.25907781445578,22.31219868836752],[114.25907082539807,22.312218643388245],[114.25908705041277,22.312223778626326],[114.25911888488547,22.312208312211116],[114.25912437367425,22.312193174869517],[114.25910495352312,22.312186875044873],[114.25915280223147,22.312066025361251],[114.25929684274145,22.312115449153119],[114.25924948875389,22.312235841678671],[114.25922000075776,22.312223977634673],[114.25921576047122,22.312235444943113],[114.25923222402749,22.3122421896589],[114.25924418146796,22.312264536204722],[114.25923570202254,22.31228724099341],[114.25924996079775,22.312291677162332],[114.25926290695605,22.312261641954656],[114.25941481957975,22.312312483144751],[114.25936319683015,22.312450316857653],[114.2592085802618,22.312398543139921],[114.25921630789773,22.3123785918023],[114.25920007957671,22.31237414588437],[114.25916404756751,22.312392118901407],[114.25916005350007,22.312403587437775],[114.25918316344233,22.312410594825653],[114.25913629843238,22.312531679080511],[114.258989294272,22.312484078663879],[114.25903666170395,22.312360928988852]]]},"properties":{"OBJECTID":34033,"Shape__Length":245.08171769783982,"Shape__Area":1348.1437351390123,"GeoRefNo":"4474419260","DateCreate":1114790400000,"BuildingBlockType":"Tower","BuildingCSUID":"4474419260T20050430","BuildingID":1101780707,"Status":"Active","BuildingNameEN":"Kwong Lung House","BuildingNameTC":"廣隆閣","BaseHeight":5.7000000000000002,"TopHeight":113.59999999999999,"Storeys":39,"StoreysInBasement":null,"DateStamp":1788105600000}},{"type":"Feature","id":34197,"geometry":{"type":"Polygon","coordinates":[[[114.26020412628787,22.312215522278148],[114.26023460901725,22.312225323223991],[114.2602388437882,22.312215004764347],[114.26022140295633,22.312206646885848],[114.26021068193944,22.312183157767461],[114.26021815120309,22.312165732462809],[114.26020611042433,22.312160847863016],[114.26019365027916,22.312192264125674],[114.26004271576289,22.312142807011416],[114.2600960654424,22.312004062630713],[114.26024822318901,22.312055134099158],[114.26024075608829,22.312072099837284],[114.2602577176595,22.312077698119957],[114.26029051917067,22.312065912480548],[114.26029601550933,22.312049166746313],[114.26027388935874,22.312042394167268],[114.26032099617436,22.311922000024467],[114.26046651308974,22.311971659793308],[114.26041964493025,22.312093663467795],[114.26039162851278,22.312082955697679],[114.26038838185056,22.312092589855677],[114.26040361449924,22.312099328404059],[114.26041458945056,22.312121210384436],[114.26040710269976,22.312142311882187],[114.26042087016529,22.312146515753856],[114.2604330686668,22.312118314861966],[114.2605832581512,22.312169146454263],[114.26053016382689,22.312306054126704],[114.26037923787665,22.312254759325331],[114.26038646745053,22.312235954261535],[114.26037147005727,22.31223151450925],[114.2603339709905,22.312247412678676],[114.26032972966925,22.312259109754898],[114.26035136246891,22.312266109789903],[114.26030400605791,22.312387191925598],[114.26015627290515,22.31233752105209],[114.26020412628787,22.312215522278148]]]},"properties":{"OBJECTID":34197,"Shape__Length":244.10524103181419,"Shape__Area":1348.4746711930563,"GeoRefNo":"4486519243","DateCreate":1114790400000,"BuildingBlockType":"Tower","BuildingCSUID":"4486519243T20050430","BuildingID":1101780728,"Status":"Active","BuildingNameEN":"Kwong Sun House","BuildingNameTC":"廣新閣","BaseHeight":5.7000000000000002,"TopHeight":114,"Storeys":39,"StoreysInBasement":null,"DateStamp":1788105600000}},{"type":"Feature","id":34234,"geometry":{"type":"Polygon","coordinates":[[[114.26126513760605,22.311756292335815],[114.26132488370204,22.311776505108337],[114.26131809567038,22.311795293187711],[114.26134019057318,22.311803505027495],[114.26130328250071,22.311899260674849],[114.26128044729157,22.311891272993822],[114.26127216842612,22.311911887653253],[114.26114300736832,22.311867697884651],[114.26115453308554,22.311840904615813],[114.26114348824395,22.311836454119931],[114.26113548137522,22.311853624452084],[114.26111028755,22.311864688647756],[114.2610889311413,22.311856482533866],[114.26108489575086,22.311869318100758],[114.26111534662608,22.311879432350072],[114.26106791120091,22.312000150820648],[114.26092327082654,22.311951935581526],[114.26097046876083,22.311830066596919],[114.26099330906155,22.311837365103962],[114.26100007997849,22.311820874521004],[114.2609828331306,22.311789953678613],[114.26096515202973,22.311784073458053],[114.2609575587518,22.311804099493102],[114.26083018117718,22.311756518192396],[114.26083544706208,22.311742579809966],[114.26081427408629,22.311734803150173],[114.26085183136617,22.311638093824751],[114.26087327402389,22.311645189613664],[114.26088104002659,22.311627050345486],[114.2610101962872,22.311669410547822],[114.26099860756138,22.311698459321441],[114.26101275957285,22.311702572727938],[114.26101877896443,22.311685068668968],[114.26104154043063,22.311675204200725],[114.26106570651262,22.311681924593064],[114.26106952924451,22.311671015182402],[114.26104079581471,22.311660937057837],[114.26108680725922,22.311540366167662],[114.2612314826309,22.311590098295977],[114.26118449438397,22.311710409291834],[114.2611621140874,22.311701906161751],[114.261156290811,22.311713672715221],[114.26117457700046,22.31174824000523],[114.26119064335286,22.311754020803232],[114.26119846435556,22.31173427494851],[114.26126513760605,22.311756292335815]]]},"properties":{"OBJECTID":34234,"Shape__Length":243.72150163933455,"Shape__Area":1296.1095580676604,"GeoRefNo":"4494319206","DateCreate":1114790400000,"BuildingBlockType":"Tower","BuildingCSUID":"4494319206T20050430","BuildingID":1101780795,"Status":"Active","BuildingNameEN":"Sheung Lai House","BuildingNameTC":"尚禮樓","BaseHeight":5.4000000000000004,"TopHeight":131.19999999999999,"Storeys":42,"StoreysInBasement":null,"DateStamp":1786636800000}},{"type":"Feature","id":34241,"geometry":{"type":"Polygon","coordinates":[[[114.25744596099027,22.312122651646657],[114.25748020269175,22.312165852980176],[114.25742556847759,22.312203503861301],[114.25739086336586,22.31216033390216],[114.25744596099027,22.312122651646657]]]},"properties":{"OBJECTID":34241,"Shape__Length":25.964592463553736,"Shape__Area":41.849160593469172,"GeoRefNo":"4456719244","DateCreate":1114790400000,"BuildingBlockType":"Tower","BuildingCSUID":"4456719244T20050430","BuildingID":1101780769,"Status":"Active","BuildingNameEN":"HONG KONG TAOIST ASSOCIATION THE YUEN YUEN INSTITUTE NO.3 SECONDARY SCHOOL","BuildingNameTC":"香港道教聯合會圓玄學院第三中學","BaseHeight":5.7999999999999998,"TopHeight":9.5999999999999996,"Storeys":null,"StoreysInBasement":null,"DateStamp":1286380800000}},{"type":"Feature","id":34243,"geometry":{"type":"Polygon","coordinates":[[[114.25805172828451,22.311868943107811],[114.25805695666146,22.311856791447138],[114.25820862773173,22.311906483755898],[114.25819816422819,22.311932165700892],[114.25821144150601,22.311935907820409],[114.2582176700972,22.311920544372661],[114.25824036657416,22.311911006695613],[114.25826470517512,22.311918479938356],[114.25826869385398,22.311908160208102],[114.2582364976972,22.311896282534061],[114.25828262581649,22.311774965096294],[114.25842838480492,22.311825317235293],[114.25838078178151,22.311946167850859],[114.25836136272882,22.311939638107571],[114.25835564191937,22.311951787316254],[114.25837418288063,22.311987493010893],[114.258388937245,22.311991242410404],[114.25839543074203,22.311971974263766],[114.25854685254059,22.312022354331123],[114.25849599073881,22.312155366407524],[114.25834407645539,22.312104983832153],[114.25835430029269,22.312077922213959],[114.25834078118579,22.312073259829408],[114.2583337942861,22.312092755250788],[114.25831133837244,22.312103442956641],[114.25828897491311,22.312094830693386],[114.25828423880974,22.31210698482311],[114.25831546006735,22.312116789823047],[114.25827007271025,22.312237651390021],[114.25812479697086,22.3121891396667],[114.25816870181411,22.312069419627854],[114.25819205778342,22.312076428388671],[114.25819728954156,22.31206358741667],[114.25817874542346,22.312028571099368],[114.25816473283952,22.312024136067087],[114.25815726116792,22.312042020665732],[114.2580058762471,22.311990592757155],[114.25805172828451,22.311868943107811]]]},"properties":{"OBJECTID":34243,"Shape__Length":243.28522635289974,"Shape__Area":1326.7189371406573,"GeoRefNo":"4465419229","DateCreate":1114790400000,"BuildingBlockType":"Tower","BuildingCSUID":"4465419229T20050430","BuildingID":1101780761,"Status":"Active","BuildingNameEN":"Po Chung House","BuildingNameTC":"寶松閣","BaseHeight":5.7000000000000002,"TopHeight":113.3,"Storeys":null,"StoreysInBasement":null,"DateStamp":1286380800000}},{"type":"Feature","id":34259,"geometry":{"type":"Polygon","coordinates":[[[114.26306139933938,22.308639803874431],[114.2630933348955,22.30862661711901],[114.26309865724505,22.308624419401227],[114.26314079426895,22.308607020215423],[114.2631537811539,22.308634251217772],[114.26315069229848,22.308641711504553],[114.26313584232815,22.308647843326987],[114.26313987732857,22.308656304025575],[114.26312080481321,22.308664179373565],[114.26312470240437,22.308672351979201],[114.26318555559524,22.308693039490549],[114.2632059179858,22.308683827100023],[114.26318618423736,22.308646062248982],[114.26319513063862,22.308642014757314],[114.26318282352806,22.308618462552953],[114.26321708146209,22.308602963245185],[114.26325578514694,22.30867703092925],[114.2632710629516,22.308706268293758],[114.26329633494369,22.308754631563602],[114.26329197074872,22.308756605811624],[114.26330215605905,22.308776097445794],[114.26327749893565,22.308787252903365],[114.26327325517842,22.308779131418607],[114.26326801824035,22.308781500768283],[114.26326207688437,22.308770130707352],[114.26325836634773,22.308771809486156],[114.26325058470951,22.308769306376764],[114.26323435155973,22.308738240823118],[114.26322357234669,22.308743117579663],[114.26321550594686,22.308753216369972],[114.26318857773116,22.308744061851261],[114.26317159213576,22.308787321052289],[114.26319852035863,22.308796475483444],[114.26319769032683,22.308809034237882],[114.26320255202565,22.308819228369575],[114.26323648453497,22.308805216932171],[114.26324416753023,22.308807971145434],[114.26324584102703,22.30881148026716],[114.26325826037058,22.308806352126421],[114.26326062237155,22.308811304693343],[114.26326949331701,22.308807641670438],[114.2632825826709,22.308835087354748],[114.26320988478817,22.308865105688046],[114.26317794928596,22.308878292466094],[114.26309562707871,22.308912284729303],[114.26308017585521,22.308879886550876],[114.26310590159299,22.308869263902142],[114.26310186658849,22.308860803202933],[114.2631431165586,22.30884377031823],[114.26313393260119,22.308824513388501],[114.26307307936075,22.308803825767964],[114.2630644377023,22.308807735464498],[114.26307356192669,22.308825196605031],[114.26306461551032,22.308829244180234],[114.26307171964443,22.3088428394922],[114.26306891248473,22.30885039553246],[114.2630401181673,22.308863422668136],[114.26301996011223,22.308824845811092],[114.26301741386609,22.308819972988434],[114.26300213610176,22.308790735690632],[114.2630000141824,22.308786674854357],[114.26297985605227,22.308748097901631],[114.26300887719682,22.308734968068389],[114.26301863804359,22.308753647463018],[114.26303282130043,22.308747230638769],[114.26304194551696,22.308764691781214],[114.2630677963575,22.308752996236738],[114.26309712439415,22.308762966497508],[114.26310459746931,22.30874393396649],[114.26311477610443,22.308718011003194],[114.26308544807586,22.30870804065523],[114.26307378873679,22.308683593165888],[114.26305471621407,22.308691468596429],[114.26304831922634,22.308678055325654],[114.26302791596912,22.308686480159579],[114.26301482677601,22.308659034544288],[114.26305696372368,22.308641635380358],[114.26306139933938,22.308639803874431]]]},"properties":{"OBJECTID":34259,"Shape__Length":209.1832469683186,"Shape__Area":527.02205445603227,"GeoRefNo":"4515618867","DateCreate":1114790400000,"BuildingBlockType":"Tower","BuildingCSUID":"4515618867T20050430","BuildingID":1101781081,"Status":"Active","BuildingNameEN":"Tseung Kwan O Plaza Tower 8","BuildingNameTC":"將軍澳廣場第八座","BaseHeight":24.300000000000001,"TopHeight":161,"Storeys":47,"StoreysInBasement":null,"DateStamp":1599580800000}},{"type":"Feature","id":34264,"geometry":{"type":"Polygon","coordinates":[[[114.26010404997497,22.30934827210989],[114.26015789071022,22.309366410683054],[114.2601383970208,22.309416508733442],[114.26008455626879,22.309398370063676],[114.26010404997497,22.30934827210989]]]},"properties":{"OBJECTID":34264,"Shape__Length":23.600007631090715,"Shape__Area":34.810022511685993,"GeoRefNo":"4484518936","DateCreate":1192118400000,"BuildingBlockType":"Open-sided Structure","BuildingCSUID":"4484518936T20071012","BuildingID":1101781023,"Status":"Active","BuildingNameEN":"YAN CHAI HOSPITAL WONG WHA SAN SECONDARY SCHOOL","BuildingNameTC":"仁濟醫院王華湘中學","BaseHeight":null,"TopHeight":null,"Storeys":null,"StoreysInBasement":null,"DateStamp":1286380800000}},{"type":"Feature","id":34267,"geometry":{"type":"Polygon","coordinates":[[[114.26014205592692,22.309257198868057],[114.26019589663207,22.309275337428883],[114.26017640296874,22.309325435394033],[114.26012256224683,22.309307296826901],[114.26014205592692,22.309257198868057]]]},"properties":{"OBJECTID":34267,"Shape__Length":23.599994820046376,"Shape__Area":34.809984719138484,"GeoRefNo":"4484918926","DateCreate":1192118400000,"BuildingBlockType":"Open-sided Structure","BuildingCSUID":"4484918926T20071012","BuildingID":1101781034,"Status":"Active","BuildingNameEN":"YAN CHAI HOSPITAL WONG WHA SAN SECONDARY SCHOOL","BuildingNameTC":"仁濟醫院王華湘中學","BaseHeight":null,"TopHeight":null,"Storeys":null,"StoreysInBasement":null,"DateStamp":1286380800000}},{"type":"Feature","id":34359,"geometry":{"type":"Polygon","coordinates":[[[114.26470232824929,22.311881462863795],[114.2647507444706,22.311921215494877],[114.26469010935919,22.31193926981004],[114.26470232824929,22.311881462863795]]]},"properties":{"OBJECTID":34359,"Shape__Length":19.736559049049553,"Shape__Area":18.73748012057419,"GeoRefNo":"4531919217","DateCreate":1237910400000,"BuildingBlockType":"Tower","BuildingCSUID":"4531919217T20090325","BuildingID":1101780806,"Status":"Active","BuildingNameEN":"TSEUNG KWAN O SPORTS GROUND","BuildingNameTC":"將軍澳運動場","BaseHeight":6.0999999999999996,"TopHeight":8.5999999999999996,"Storeys":null,"StoreysInBasement":null,"DateStamp":1286380800000}},{"type":"Feature","id":43677,"geometry":{"type":"Polygon","coordinates":[[[114.25939525075863,22.310439760329636],[114.25936082234844,22.310525353242994],[114.25921922419266,22.310478319194818],[114.25925241086281,22.310390713389417],[114.25928750283119,22.310402588399093],[114.2592838412826,22.310413306780926],[114.259304710122,22.310420293890733],[114.25930922131425,22.310410303845632],[114.25933365671203,22.310418678585837],[114.25932977104895,22.310429195610038],[114.2593511253191,22.310436288124933],[114.25935582774444,22.310425541488076],[114.25939525075863,22.310439760329636]]]},"properties":{"OBJECTID":43677,"Shape__Length":56.367828345304773,"Shape__Area":153.46916958406749,"GeoRefNo":"4475819059","DateCreate":1312732800000,"BuildingBlockType":"Tower","BuildingCSUID":"4475819059T20110808","BuildingID":1810071450,"Status":"Active","BuildingNameEN":"TONG MING ST PARK","BuildingNameTC":"唐明街公園","BaseHeight":6,"TopHeight":8.6999999999999993,"Storeys":null,"StoreysInBasement":null,"DateStamp":1363536000000}},{"type":"Feature","id":53882,"geometry":{"type":"Polygon","coordinates":[[[114.26103822552888,22.307817788027229],[114.26096880968656,22.307794188889503],[114.26098036807198,22.307764752256332],[114.26104978390164,22.307788351389227],[114.26103822552888,22.307817788027229]]]},"properties":{"OBJECTID":53882,"Shape__Length":22.170629218008195,"Shape__Area":26.426823499797862,"GeoRefNo":"4493718760","DateCreate":1114790400000,"BuildingBlockType":"Tower","BuildingCSUID":"4493718760T20050430","BuildingID":1101781184,"Status":"Active","BuildingNameEN":"MTR TSEUNG KWAN O STATION","BuildingNameTC":"港鐵將軍澳站","BaseHeight":6.5,"TopHeight":13.5,"Storeys":null,"StoreysInBasement":null,"DateStamp":1373472000000}},{"type":"Feature","id":53883,"geometry":{"type":"Polygon","coordinates":[[[114.25884825310477,22.306939379849013],[114.25891670715825,22.306962956905753],[114.25890492917028,22.30699256526886],[114.25883647510432,22.306968988207284],[114.25884825310477,22.306939379849013]]]},"properties":{"OBJECTID":53883,"Shape__Length":22.034318687734828,"Shape__Area":26.294236605911205,"GeoRefNo":"4471718669","DateCreate":1114790400000,"BuildingBlockType":"Tower","BuildingCSUID":"4471718669T20050430","BuildingID":1101781236,"Status":"Active","BuildingNameEN":"MTR TSEUNG KWAN O STATION","BuildingNameTC":"港鐵將軍澳站","BaseHeight":6.4000000000000004,"TopHeight":14.1,"Storeys":null,"StoreysInBasement":null,"DateStamp":1373472000000}},{"type":"Feature","id":53884,"geometry":{"type":"Polygon","coordinates":[[[114.25937545082262,22.308038548222072],[114.25935907498312,22.308016576072628],[114.25936082634429,22.308007598764458],[114.25937228381571,22.308000214933774],[114.25935410140818,22.307975841563199],[114.25935629394333,22.307974422643412],[114.25935500214757,22.307972707486492],[114.25928075666464,22.307971146826272],[114.25928034901256,22.307987618849257],[114.25924726365785,22.307986904184514],[114.25924686554801,22.308003105284495],[114.25924062719479,22.308006639418938],[114.25920966730014,22.308005977850268],[114.2592118947676,22.307915201119954],[114.25920898318097,22.307915139384438],[114.2592096561234,22.307887649893704],[114.25921450876865,22.307887755796383],[114.2592149543165,22.307869694368335],[114.25924187678068,22.307870267681391],[114.25925047873416,22.307875681671383],[114.25925011852875,22.307890320458391],[114.25928052518783,22.307890955208823],[114.25928104678333,22.307870193592315],[114.25930577585997,22.307870731887249],[114.25930546300881,22.30788336585692],[114.25933165757809,22.307883921463954],[114.25934041802444,22.307878272882501],[114.25934497333773,22.307884384282062],[114.25935575168798,22.307877425236128],[114.25935064274506,22.307870573609261],[114.2593707636193,22.307857577367855],[114.25934809390776,22.307827182868667],[114.25936108420709,22.307818822953948],[114.25935184732118,22.307806437668898],[114.2593880059955,22.307785242510391],[114.25945083825462,22.307869529239646],[114.25945330249982,22.307868055996526],[114.25946657023475,22.307885866613319],[114.259462582927,22.307888442365819],[114.25947987177059,22.307911633171052],[114.2594838590787,22.307909057418129],[114.25950446972138,22.307936707644792],[114.25949170255355,22.30794492296755],[114.25949005137291,22.307942711311796],[114.25946533198019,22.307958653886441],[114.25945860099614,22.307949644775789],[114.2594424771271,22.307960056240539],[114.25942723772029,22.307939663874091],[114.25943042950922,22.30793760327181],[114.25941890037932,22.307922139723189],[114.25939238621106,22.307939248148081],[114.25939426078948,22.307941766731531],[114.2593807078093,22.307950515251004],[114.25939158618141,22.307965112195852],[114.25940394587793,22.307957131884017],[114.25943843615293,22.308003396151388],[114.25939297494749,22.308032723596501],[114.25939020679651,22.308029022459177],[114.25937545082262,22.308038548222072]]]},"properties":{"OBJECTID":53884,"Shape__Length":138.33636500247115,"Shape__Area":387.9894140084487,"GeoRefNo":"4476718763","DateCreate":1312473600000,"BuildingBlockType":"Tower","BuildingCSUID":"4476718763T20110805","BuildingID":1810071421,"Status":"Active","BuildingNameEN":"Luna Diamond","BuildingNameTC":"月鑽海","BaseHeight":25.800000000000001,"TopHeight":186.19999999999999,"Storeys":40,"StoreysInBasement":null,"DateStamp":1599580800000}},{"type":"Feature","id":53931,"geometry":{"type":"Polygon","coordinates":[[[114.26027467320637,22.308124174312766],[114.26021298225142,22.308157583497227],[114.26019740035517,22.308132685110444],[114.26019771659489,22.308125893936392],[114.2602127644976,22.308117749630707],[114.26020099093682,22.308098931034589],[114.26019904426867,22.30809581963867],[114.26019611401783,22.308091135978845],[114.26020202441481,22.308087932496299],[114.26021142386554,22.308082838018432],[114.26020676386892,22.308075389536263],[114.26019015905288,22.30804884873714],[114.260173801381,22.30805770713118],[114.26016589387196,22.308045077383802],[114.26013800044252,22.308060172814812],[114.26013519298468,22.308055686048213],[114.26011099603831,22.308068783813443],[114.26010405025687,22.30805768877136],[114.26009636490414,22.308059625265191],[114.26008525885295,22.308021268974748],[114.26016713394502,22.307975965560527],[114.26017894664808,22.307994860538177],[114.26018683439503,22.307990548888466],[114.26017962631467,22.307979020515482],[114.26018519529713,22.307976010463797],[114.26018753425362,22.307976027323043],[114.26019038195923,22.307950216403029],[114.26016339032924,22.30794760236725],[114.26016573604403,22.307926297975204],[114.26015523443847,22.307925264851065],[114.26015778276241,22.307901937500407],[114.26015488075222,22.307901659042557],[114.26015648328496,22.307887290533625],[114.26028636516692,22.307899658898531],[114.26028842009389,22.307911668540154],[114.26029106674419,22.307939517550778],[114.2602766341311,22.30793779110083],[114.26027440424573,22.30795800273215],[114.26026948344656,22.307957535672241],[114.26026708950015,22.307979309681727],[114.2602612854762,22.307978752769873],[114.26026050356339,22.307985833162906],[114.26028205981761,22.308020291876524],[114.26029379929783,22.308013928293633],[114.26030625315833,22.308033825328618],[114.26028696547755,22.308044274627623],[114.26030226567207,22.308068739682192],[114.26031585825335,22.308061381778071],[114.26032511960501,22.308065774913565],[114.26033447701616,22.308080740123057],[114.26033866150149,22.308087432352956],[114.2603218866461,22.308096516741664],[114.26032432496498,22.30810041670599],[114.26029878915413,22.308114255697514],[114.26029732227671,22.308111908496226],[114.26027467320637,22.308124174312766]]]},"properties":{"OBJECTID":53931,"Shape__Length":122.6391699646624,"Shape__Area":362.32817499874386,"GeoRefNo":"4485518785","DateCreate":1312473600000,"BuildingBlockType":"Tower","BuildingCSUID":"4485518785T20110805","BuildingID":1810071425,"Status":"Active","BuildingNameEN":"Star Diamond","BuildingNameTC":"星鑽海","BaseHeight":25.800000000000001,"TopHeight":182.19999999999999,"Storeys":39,"StoreysInBasement":null,"DateStamp":1599580800000}},{"type":"Feature","id":53934,"geometry":{"type":"Polygon","coordinates":[[[114.26006906902478,22.308296945392119],[114.26004494091691,22.308278887540897],[114.26004260785083,22.308272440889173],[114.26005351871336,22.308259819542851],[114.26002772058868,22.30824052535359],[114.26003881572022,22.308227687179304],[114.25998094714325,22.30818436997254],[114.25997877350288,22.308184912922808],[114.25997946399315,22.308187314708555],[114.25994868372486,22.308195060677964],[114.25995234028225,22.308207575216368],[114.25994746325591,22.308215488521437],[114.25991972025423,22.308222474358544],[114.25991503281804,22.308206357137902],[114.25991035560789,22.308207524481041],[114.25989588490448,22.308157845528566],[114.25995429169778,22.308143122821122],[114.25995823029788,22.308156639611596],[114.25997664799016,22.308151997473775],[114.2599723398217,22.308137180466733],[114.25997551293986,22.308136375116824],[114.25996708139368,22.308107400241568],[114.25994754777173,22.308112313868126],[114.25994856888387,22.308115808187285],[114.25992279574346,22.308122269240705],[114.25991767068504,22.308104644133834],[114.2599062881937,22.308107494603046],[114.25989842072823,22.308080488106107],[114.25989562605402,22.308081193924121],[114.25989155133857,22.308067252763461],[114.25992645566164,22.308058457142533],[114.2599277199152,22.308062818274934],[114.25995699607275,22.30805544333489],[114.25995573181835,22.308051082202727],[114.25997821536069,22.308045417523193],[114.25997907095584,22.308048017897576],[114.26008525885295,22.308021268974748],[114.26009636490414,22.308059625265191],[114.26008282820314,22.308063036749846],[114.26008698071804,22.308077212661335],[114.2600486024555,22.308086868006122],[114.26005499179831,22.308108872301407],[114.2600463360687,22.308111053116956],[114.26004975927484,22.308122836294341],[114.26005748344704,22.308120890752214],[114.26006026479591,22.308130452730985],[114.26008068385754,22.308145740089628],[114.26008919916556,22.30813588333395],[114.2601084822055,22.308150295303921],[114.26009450663902,22.308166494345055],[114.260118207513,22.308184227306914],[114.26012806122006,22.308172825629356],[114.26013839783975,22.308173831748114],[114.26015938006334,22.308189534215106],[114.26014721811484,22.308203619168491],[114.26015100481395,22.308206443801325],[114.26013249032106,22.308227873894637],[114.26013021830038,22.30822617730859],[114.26006906902478,22.308296945392119]]]},"properties":{"OBJECTID":53934,"Shape__Length":138.08262726723407,"Shape__Area":387.43955199811251,"GeoRefNo":"4483618799","DateCreate":1312473600000,"BuildingBlockType":"Tower","BuildingCSUID":"4483618799T20110805","BuildingID":1810071426,"Status":"Active","BuildingNameEN":"Sun Diamond","BuildingNameTC":"日鑽海","BaseHeight":25.800000000000001,"TopHeight":186.19999999999999,"Storeys":40,"StoreysInBasement":null,"DateStamp":1599580800000}},{"type":"Feature","id":80833,"geometry":{"type":"Polygon","coordinates":[[[114.26204337286116,22.31110817102239],[114.26282136505381,22.309881174279464],[114.262950879607,22.309925006100222],[114.26299018050562,22.309946737139146],[114.26294068155838,22.310034050476112],[114.26289584983905,22.310113130833884],[114.26284641334729,22.310205312141445],[114.26279967940059,22.310298706074182],[114.26275568231807,22.310393243983654],[114.2627265068693,22.310456651793302],[114.26269421080104,22.310518736099496],[114.26265886322801,22.310579364114023],[114.26262297895313,22.310634647916295],[114.26255746589531,22.310733744234568],[114.26249112183288,22.310831350283603],[114.26242289783282,22.310927823144038],[114.26235221000859,22.311023148943331],[114.26227949207723,22.311117146025158],[114.26221204262032,22.311200764415421],[114.26211317554663,22.311146490077817],[114.26204337286116,22.31110817102239]]]},"properties":{"OBJECTID":80833,"Shape__Length":357.65271523639399,"Shape__Area":3578.8617293603356,"GeoRefNo":"4508619082","DateCreate":1114790400000,"BuildingBlockType":"Tower","BuildingCSUID":"4508619082T20050430","BuildingID":1101780875,"Status":"Active","BuildingNameEN":null,"BuildingNameTC":null,"BaseHeight":5.7000000000000002,"TopHeight":29.300000000000001,"Storeys":7,"StoreysInBasement":null,"DateStamp":1599580800000}},{"type":"Feature","id":80887,"geometry":{"type":"Polygon","coordinates":[[[114.25799673811335,22.309420800264604],[114.25800643869668,22.309396066377968],[114.25802028700518,22.30940068853193],[114.25807205191101,22.309417966143869],[114.25806747951363,22.309429624499472],[114.25788868104985,22.309885512310011],[114.25788721238462,22.309889278081247],[114.25782166971085,22.309867176734421],[114.25783136996799,22.309842443852979],[114.25789796105811,22.309672655009393],[114.25793013863615,22.309590611101964],[114.25793014125263,22.309590604237407],[114.25799673811335,22.309420800264604]]]},"properties":{"OBJECTID":80887,"Shape__Length":125.45589064154295,"Shape__Area":398.94013985018512,"GeoRefNo":"4462118967","DateCreate":1114790400000,"BuildingBlockType":"Tower","BuildingCSUID":"4462118967T20050430","BuildingID":1101780954,"Status":"Active","BuildingNameEN":"TKO Town Centre Sub Station","BuildingNameTC":"將軍澳市中心變電站","BaseHeight":6,"TopHeight":13.9,"Storeys":null,"StoreysInBasement":null,"DateStamp":1445788800000}},{"type":"Feature","id":80953,"geometry":{"type":"Polygon","coordinates":[[[114.26126855995248,22.308779832400315],[114.26127103812104,22.30876100673515],[114.26125426477738,22.308759238786088],[114.26126032837364,22.30871430261746],[114.26123900978634,22.308711884933022],[114.2612394395186,22.308702979002945],[114.26122334244074,22.308702177785651],[114.26123070098431,22.308640239304896],[114.26122069330206,22.308637410890356],[114.26122937855448,22.308611499025719],[114.26123895090704,22.308613922824492],[114.26125428049872,22.308573576241042],[114.26130994258898,22.308592410467593],[114.26131491778197,22.308579680149027],[114.26125903728442,22.308560772077229],[114.26127452160632,22.308519201945433],[114.26126754960515,22.308516503167944],[114.26127682878295,22.308492176583968],[114.26128786733167,22.308495954206531],[114.26132268737487,22.308443509195861],[114.26133721398595,22.30845214942109],[114.26134301864622,22.30844566052966],[114.26136045093877,22.30845646116445],[114.26138598528526,22.30841753301398],[114.26140148799324,22.308427212417602],[114.26141281999965,22.308410965336147],[114.26144083764666,22.308428024879067],[114.26140368540271,22.308481291470798],[114.26142240967565,22.308492598854645],[114.26144288317774,22.308463245228644],[114.26147547694313,22.308482884858915],[114.26146851243182,22.308492617248639],[114.2614865252705,22.308502876995163],[114.26144764090493,22.308558026567766],[114.26145810033218,22.308564506978112],[114.26142827539772,22.308607297236001],[114.26141304023814,22.308598096949616],[114.2614068321258,22.308606997765754],[114.26138240919404,22.308592249080217],[114.26138716433235,22.308585431478765],[114.26136992306027,22.308575019695418],[114.2613488823379,22.30862885881427],[114.26136928371577,22.30863118403748],[114.26137034575403,22.308623116810473],[114.26139924540853,22.308626410737848],[114.26139785895505,22.308636942946066],[114.26141580086393,22.308638987961896],[114.26140909792126,22.308689532201484],[114.26139604565991,22.308687919820354],[114.26138781955105,22.308753906816907],[114.26136780596725,22.308751083627346],[114.26136650763171,22.308762418699793],[114.26132763872694,22.308758132440325],[114.26133221111662,22.308723398462682],[114.26131005470705,22.308720873127786],[114.26130182974605,22.308783352814974],[114.26126855995248,22.308779832400315]]]},"properties":{"OBJECTID":80953,"Shape__Length":175.89141899303368,"Shape__Area":593.4225740629638,"GeoRefNo":"4497218843","DateCreate":1114704000000,"BuildingBlockType":"Tower","BuildingCSUID":"4497218843T20050429","BuildingID":1101781099,"Status":"Active","BuildingNameEN":"The Grandiose Block 2","BuildingNameTC":"君傲灣第二座","BaseHeight":24.699999999999999,"TopHeight":174.30000000000001,"Storeys":47,"StoreysInBasement":null,"DateStamp":1599580800000}},{"type":"Feature","id":81096,"geometry":{"type":"Polygon","coordinates":[[[114.26141281999965,22.308410965336147],[114.26142367860439,22.308395396969733],[114.26141623561037,22.308390921131831],[114.26144536914373,22.308349323545897],[114.26145948975854,22.308357921347643],[114.26146435274113,22.308350672386023],[114.26145532442133,22.308311274330983],[114.26146213790902,22.308309912032055],[114.26144603295629,22.3082392672768],[114.26143921919892,22.308240176600282],[114.26143311810138,22.308212099763615],[114.26144285142601,22.308209830083069],[114.26143992258027,22.308195791646472],[114.26139149907318,22.308207139464258],[114.26136588135333,22.30810072014976],[114.26146759644909,22.308079380538391],[114.26147394259139,22.308110174824893],[114.26154523933883,22.308093380061734],[114.26156207663129,22.30816764768317],[114.26154029419614,22.308172440853276],[114.2615317665387,22.308184667230481],[114.26156976434842,22.308207613464631],[114.26157175119444,22.308216298870612],[114.26158646463671,22.30821338468456],[114.26157960515637,22.308177602528843],[114.26162007657592,22.308169273316551],[114.26167888715079,22.308157169825552],[114.2616949946742,22.308231890789063],[114.26170764838361,22.308229619654991],[114.26171936434801,22.308286226626588],[114.26163710044653,22.308304606471786],[114.26163585518566,22.308299162935334],[114.26162015687301,22.308302272159811],[114.26160927612761,22.308304427310539],[114.26160210301629,22.308273071126923],[114.26158549107113,22.308276361347218],[114.26158889239757,22.308291229717202],[114.26157387049572,22.308312767238903],[114.26161255561249,22.308336102051435],[114.2615799726446,22.308383221152948],[114.26157315532842,22.308378242803666],[114.26150847457841,22.308470216307494],[114.26149143219165,22.308459355431662],[114.26148316482826,22.308471135287498],[114.26145304713361,22.308453234473262],[114.26147655863839,22.308419525244524],[114.26145559553672,22.308406865980075],[114.26144083764666,22.308428024879067],[114.26141281999965,22.308410965336147]]]},"properties":{"OBJECTID":81096,"Shape__Length":186.63566870905564,"Shape__Area":756.83543909608034,"GeoRefNo":"4498818809","DateCreate":1143388800000,"BuildingBlockType":"Tower","BuildingCSUID":"4498818809T20060327","BuildingID":1101781133,"Status":"Active","BuildingNameEN":"The Grandiose Block 3","BuildingNameTC":"君傲灣第三座","BaseHeight":24.699999999999999,"TopHeight":174.30000000000001,"Storeys":47,"StoreysInBasement":null,"DateStamp":1599580800000}},{"type":"Feature","id":81097,"geometry":{"type":"Polygon","coordinates":[[[114.26170157588378,22.306608247329912],[114.26170442023262,22.306504954990764],[114.26170532684615,22.306401632057035],[114.26170528821426,22.30633770309008],[114.26170514581808,22.306102060614656],[114.26183519324842,22.306101992519835],[114.26183521838936,22.306143533277684],[114.26183524093429,22.30618078450058],[114.26182917528129,22.306180787678972],[114.26182918457189,22.306196139698038],[114.26183816173929,22.306196134993932],[114.26183824737944,22.306337633468761],[114.26183848626619,22.306732326818594],[114.26180487879286,22.306765174276489],[114.26168964666176,22.306759988902989],[114.26169542903986,22.306735076046731],[114.26170157588378,22.306608247329912]]]},"properties":{"OBJECTID":81097,"Shape__Length":174.5968231596851,"Shape__Area":1010.3110979556959,"GeoRefNo":"4501618610","DateCreate":1114790400000,"BuildingBlockType":"Tower","BuildingCSUID":"4501618610T20050430","BuildingID":1101781256,"Status":"Active","BuildingNameEN":"BAUHINIA GARDEN COMMERCIAL CENTRE","BuildingNameTC":"寶盈花園商場","BaseHeight":6,"TopHeight":15.800000000000001,"Storeys":2,"StoreysInBasement":null,"DateStamp":1599580800000}},{"type":"Feature","id":81319,"geometry":{"type":"Polygon","coordinates":[[[114.26357125211869,22.306754065213866],[114.26357144661677,22.306948936094106],[114.26353262749066,22.306948960008096],[114.26336653776208,22.306819429316167],[114.26336615117366,22.306757469121248],[114.26339891819099,22.306714203726255],[114.26340592304665,22.306718797015527],[114.26341190534114,22.306710898006511],[114.26346933608605,22.306748557551387],[114.26347757345904,22.306737680939591],[114.26350740713701,22.306698288598664],[114.26348784444981,22.306685460605618],[114.26345786569912,22.306725044469239],[114.26343612884359,22.306710898801988],[114.26344004018024,22.306705694816326],[114.26337945489954,22.306666267849081],[114.26339508967803,22.306645466004571],[114.26338445184714,22.306638543222892],[114.26339477327562,22.306624810749359],[114.26338143470177,22.306616130428075],[114.26337580193122,22.306623624678636],[114.26335234020416,22.306608356513333],[114.26334421347748,22.306619880554059],[114.26333337842351,22.306677058619311],[114.26330631966869,22.306672619063498],[114.26330530113017,22.306677994349599],[114.2632853190657,22.306674715784563],[114.26328422913437,22.306680467142844],[114.26325800976058,22.306676165209495],[114.26326714789182,22.306627942617336],[114.26324401827068,22.306624799557866],[114.26324138406044,22.306641584153567],[114.26322862673464,22.30663985057129],[114.26322396139342,22.306664601148761],[114.26319516449846,22.30665990124476],[114.26319617306008,22.306654550798811],[114.26317207564523,22.30665061788612],[114.26317110906579,22.306655745524644],[114.26315135831352,22.306652522087266],[114.26315014360706,22.306658966158206],[114.26312359871426,22.306654633852887],[114.26313264599573,22.306606637532973],[114.26310897847182,22.306602774820838],[114.263100040784,22.306650189781358],[114.26307386268603,22.306645917236008],[114.26307495763727,22.306640108712724],[114.26305542149017,22.30663692027861],[114.26305846963311,22.30662074999827],[114.26303020289699,22.306616136567186],[114.2630319488816,22.306606874034923],[114.26302045769586,22.306604998615118],[114.26302672907912,22.306571728532937],[114.26304124248303,22.306574334998874],[114.26304418230103,22.306558770097482],[114.26302967441414,22.306556453149955],[114.26303586927519,22.306523589123753],[114.26304706684667,22.306525416655759],[114.26304890617898,22.30651565883543],[114.26307735197193,22.306520301427284],[114.26308034158457,22.306504441197987],[114.2630996488453,22.306507592273952],[114.26310078916305,22.306501542609215],[114.26312751116157,22.30650590390276],[114.26311853933866,22.306553500398095],[114.26314174824381,22.306557288308596],[114.26315075352932,22.306509513981648],[114.26317707515646,22.306513809827596],[114.26317590388666,22.30652002377596],[114.26324904253254,22.306531960580479],[114.26324445208293,22.306557436998709],[114.26325676813029,22.3065593584708],[114.26325375557872,22.306576077706222],[114.26327872301975,22.306579972846823],[114.26330260724839,22.306548193530336],[114.26327622799982,22.306531027773527],[114.26329885925499,22.306500915451775],[114.26330968775491,22.30650796185683],[114.2633392147189,22.30646867437391],[114.26336109318029,22.306482911278533],[114.26335718524098,22.306488110925919],[114.26337353688017,22.306498751359531],[114.26337049886961,22.306502793632745],[114.26339108459082,22.306516189299874],[114.2633941790384,22.306512072042185],[114.26341082923391,22.306522906831827],[114.26341462187341,22.306517860494012],[114.26343644685372,22.306532062649055],[114.26340630898514,22.306572163139215],[114.26342469778351,22.30658430192133],[114.26343584106732,22.306569685994191],[114.26344651235596,22.306576730396912],[114.26346218201229,22.306556177500809],[114.26348553688443,22.3065715945317],[114.2634822992711,22.306575841095498],[114.26350305154587,22.306589540087497],[114.26350657721815,22.306584842200525],[114.26352277449804,22.306595367380595],[114.26352633556432,22.306590622515152],[114.26354843056141,22.306604980198223],[114.2635187583991,22.306644516589149],[114.26353801401397,22.306657029123166],[114.2635676514579,22.306617538984028],[114.26358995967254,22.306632035167112],[114.2635862922302,22.306636921780932],[114.26360277215036,22.306647630574492],[114.26359300406951,22.30666064591605],[114.26361629746377,22.306675782199331],[114.26360979565629,22.306684445572991],[114.26361914948262,22.306690523762509],[114.26359887662737,22.306717536106081],[114.26358665515539,22.306709594449305],[114.26357692119063,22.306722545022158],[114.26358885062422,22.306730308571744],[114.26357125211869,22.306754065213866]]]},"properties":{"OBJECTID":81319,"Shape__Length":329.88137345691234,"Shape__Area":1211.7862436482537,"GeoRefNo":"4517518627","DateCreate":1404230400000,"BuildingBlockType":"Podium","BuildingCSUID":"4517518627P20140702","BuildingID":1810129438,"Status":"Active","BuildingNameEN":"YEE YUET HOUSE (BLK 2)","BuildingNameTC":"怡悅樓(第2座)","BaseHeight":5.9000000000000004,"TopHeight":10.4,"Storeys":null,"StoreysInBasement":null,"DateStamp":1445875200000}},{"type":"Feature","id":81621,"geometry":{"type":"Polygon","coordinates":[[[114.26126855995248,22.308779832400315],[114.26130182974605,22.308783352814974],[114.26129846131153,22.308808940515213],[114.26132326686187,22.308811767809541],[114.26132851784836,22.308771879715589],[114.26136421302823,22.308775967601093],[114.26136198480152,22.308790956758067],[114.26138256812018,22.308793027763631],[114.26136965743657,22.308900865178614],[114.26137860664778,22.308901693135336],[114.26137038963086,22.308957021940333],[114.26132415011529,22.30895175166442],[114.26132079520663,22.308977236950561],[114.2613079243127,22.30898659935534],[114.26131838463979,22.308999049902997],[114.26134552831752,22.308979305347492],[114.2613563039054,22.308992131130442],[114.26136226486562,22.308999226255647],[114.26137144026042,22.308992552014804],[114.26141884144369,22.309057653816371],[114.26136977777939,22.309095778229484],[114.26136200723623,22.309086529256479],[114.26132213611319,22.309115531842156],[114.26129594024049,22.3091341795852],[114.261234733706,22.309056874207958],[114.26126519558926,22.30903544752536],[114.26125593073806,22.309024419845425],[114.26124841207302,22.309029888987077],[114.26120344925322,22.309024764217778],[114.26120154475015,22.309039231596334],[114.26122030996177,22.309063010329144],[114.26115886264991,22.309106818116952],[114.26110796830125,22.309048085349509],[114.2610825021397,22.3090667157919],[114.26101847214619,22.308989310746203],[114.26111239427216,22.308923064787123],[114.26114060482976,22.308959687629084],[114.2611522334565,22.308951771140453],[114.26114641231786,22.308944280213932],[114.26117190572037,22.308926780829722],[114.26117638352842,22.308932607211354],[114.26123631261633,22.308886779248382],[114.2612322829691,22.308882201657386],[114.26126761522055,22.308856786874831],[114.26126778040937,22.308848887001037],[114.26125194895211,22.308846802942025],[114.26125728864176,22.308797672708142],[114.26126608216897,22.308798653911094],[114.26126855995248,22.308779832400315]]]},"properties":{"OBJECTID":81621,"Shape__Length":188.88956128379985,"Shape__Area":767.94337791964745,"GeoRefNo":"4496218891","DateCreate":1142524800000,"BuildingBlockType":"Tower","BuildingCSUID":"4496218891T20060317","BuildingID":1101781060,"Status":"Active","BuildingNameEN":"The Grandiose Block 1","BuildingNameTC":"君傲灣第一座","BaseHeight":24.699999999999999,"TopHeight":174.30000000000001,"Storeys":47,"StoreysInBasement":null,"DateStamp":1599580800000}},{"type":"Feature","id":81674,"geometry":{"type":"Polygon","coordinates":[[[114.2613563039054,22.308992131130442],[114.26137264460253,22.308975494029919],[114.26139032168464,22.308961398164126],[114.2614097085402,22.308949405534467],[114.26143051800157,22.308939693741433],[114.26143649605827,22.308873513578366],[114.26147750792148,22.308867990288363],[114.26151466194227,22.308869211879855],[114.26155146210625,22.308874125988829],[114.26159727962039,22.30888550525983],[114.26159813625675,22.308855685411746],[114.26159672298778,22.308834311895499],[114.26159795079742,22.308812928419872],[114.26160180354972,22.308791816657674],[114.26160823045889,22.308771254597129],[114.26161714686376,22.30875151320015],[114.26162042468393,22.308745849481429],[114.26162917936809,22.308730722262808],[114.26164395698297,22.308711524873676],[114.26166123949784,22.308694232984266],[114.26168074601915,22.308679127682641],[114.26170215943183,22.308666454495356],[114.26172513183182,22.308656419411104],[114.26174928966783,22.308649185536826],[114.2617742402421,22.308644870565715],[114.2618038094765,22.308570215094907],[114.26190872097851,22.308605289224257],[114.26190905794347,22.308605289047502],[114.26189968365406,22.30862928591943],[114.26177957650663,22.308936312036128],[114.26173486508553,22.308921591999695],[114.26166078300299,22.309116534932731],[114.26165283761956,22.309136483075712],[114.26164482832577,22.30915506690879],[114.26163419547439,22.309172474342422],[114.26162113385064,22.309188386313494],[114.26162069212032,22.309188795449938],[114.26160588280396,22.309202511459535],[114.26158872159253,22.30921459108793],[114.26156996453341,22.309224403874534],[114.2615506429359,22.309232317909178],[114.2615301754781,22.309238209505097],[114.26150963069323,22.309242051102508],[114.26148871287664,22.30924322146026],[114.2614678213875,22.309241698335093],[114.26144735483948,22.309237510687936],[114.26142534994435,22.309230798794708],[114.26140469381137,22.309221058777222],[114.26138586456126,22.309208515971083],[114.26136929794126,22.309193460664151],[114.26135167269693,22.309175215757708],[114.26135029957786,22.309174215611915],[114.26135009313401,22.309173871382765],[114.26134988717533,22.309173526972717],[114.26134968160468,22.309173182291573],[114.2613494765192,22.309172837429543],[114.26134927172478,22.309172492386768],[114.26134906741551,22.30917214716311],[114.26134886349428,22.309171801668338],[114.26134865996116,22.309171455992761],[114.26134845681614,22.309171110136354],[114.26134825415622,22.309170764008805],[114.26134805178735,22.309170417700454],[114.26134784990361,22.309170071211263],[114.26134764840802,22.309169724541267],[114.26134744730045,22.309169377600135],[114.26134724667803,22.309169030478117],[114.26134704634667,22.309168683175361],[114.26134684650046,22.309168335691741],[114.2613466470423,22.309167987936988],[114.2613464480693,22.309167640001373],[114.26134624938734,22.309167291884993],[114.26134605119049,22.309166943497441],[114.26134585338174,22.309166594929074],[114.26134565596115,22.30916624627023],[114.26134545902558,22.309165897249866],[114.2613452624782,22.309165548139006],[114.26134506631891,22.309165198847342],[114.26134487054766,22.309164849284546],[114.26134467516455,22.309164499540962],[114.26134448026654,22.309164149616461],[114.26134428575659,22.309163799420887],[114.26134409163483,22.309163449134783],[114.2613438979011,22.309163098577571],[114.26134370465252,22.309162747839487],[114.26134351179205,22.30916239692057],[114.26134331931966,22.309162045820869],[114.2613431273324,22.30916169444999],[114.26134293563618,22.309161342898339],[114.26134274442515,22.309160991256121],[114.26134255369924,22.309160639342736],[114.26134236326439,22.30916028724862],[114.26134217331462,22.309159934883294],[114.261341983753,22.309159582427483],[114.26134179457951,22.309159229790843],[114.26134160589112,22.309158876883039],[114.2613414175908,22.309158523794405],[114.26134122967861,22.309158170524977],[114.26134104215448,22.309157817074709],[114.26134085511555,22.309157463443622],[114.26134066846473,22.309157109631673],[114.26134048229905,22.30915675563887],[114.26134029642435,22.30915640137502],[114.26134011103488,22.309156047020576],[114.2613399261305,22.309155692394992],[114.26133974151722,22.309155337678952],[114.26133955738906,22.309154982691737],[114.26133937364898,22.309154627523686],[114.26133919039405,22.309154272174791],[114.26133900743018,22.309153916645116],[114.26133882504851,22.309153560934533],[114.26133864295791,22.309153205043192],[114.26133846135247,22.309152848970982],[114.26133828013509,22.309152492717953],[114.26133809930585,22.309152136284116],[114.26133791896174,22.309151779669396],[114.26133773900571,22.309151422783575],[114.26133755943781,22.309151065807246],[114.26133738035507,22.309150708650051],[114.26133720166037,22.309150351221739],[114.26133702335385,22.309149993702917],[114.26133684553248,22.309149636003205],[114.26133666809913,22.309149278032386],[114.26133649115101,22.309148919971022],[114.26133631449393,22.309148561728879],[114.26133613832197,22.309148203215575],[114.26133596263521,22.309147844611719],[114.26133578733655,22.309147485827047],[114.26133561242592,22.309147126771254],[114.26133543790348,22.309146767624927],[114.26133526386617,22.309146408297746],[114.26133509021697,22.309146048789781],[114.26133491705293,22.30914568910093],[114.26133474427698,22.309145329231253],[114.26133457188912,22.309144969180771],[114.26133439998645,22.309144608949428],[114.26133422847188,22.309144248537276],[114.26133405744244,22.309143887944249],[114.26133388670407,22.309143527170448],[114.26133371654795,22.30914316630605],[114.26133354668282,22.309142805170584],[114.26133337730286,22.309142443854242],[114.26133320831106,22.309142082447401],[114.2613330398044,22.309141720859689],[114.26133287168585,22.309141359091168],[114.26133270405239,22.309140997051504],[114.26133253680715,22.30914063501158],[114.26133236994995,22.309140272700564],[114.26133220357791,22.309139910208685],[114.26133203759397,22.309139547535999],[114.26133187199818,22.309139184772782],[114.2613317068875,22.309138821738404],[114.26133154216498,22.309138458613532],[114.2613313779276,22.309138095307784],[114.26133121407837,22.309137731821242],[114.26133105071428,22.309137368244109],[114.26133088773828,22.309137004395858],[114.2613307251504,22.309136640457115],[114.26133056304766,22.309136276247195],[114.26133040133307,22.309135911946768],[114.26133024010363,22.30913554746548],[114.26133007926234,22.309135182893677],[114.26132991880908,22.309134818050747],[114.26132975884106,22.309134453117267],[114.26132959926113,22.30913408800297],[114.26132944016636,22.30913372270782],[114.26132928145972,22.30913335723185],[114.26132912323817,22.309132991575005],[114.2613289654048,22.309132625827647],[114.26132880795956,22.309132259899492],[114.26132865099945,22.309131893790454],[114.26132849452456,22.309131527590871],[114.26132833834068,22.30913116112022],[114.26132818273901,22.309130794558957],[114.26132802742845,22.309130427816914],[114.26132787260306,22.309130060984327],[114.26132771826278,22.309129693880589],[114.26132756431065,22.309129326686307],[114.26132741084371,22.309128959311188],[114.26132725776488,22.309128591845532],[114.26132710507416,22.309128224199082],[114.2613269528686,22.309127856371759],[114.26132680105114,22.309127488363636],[114.26132664971885,22.309127120174633],[114.26132649877472,22.309126751895132],[114.26132634831578,22.309126383525051],[114.26132619824489,22.309126014883876],[114.26132604865921,22.309125646152133],[114.26132589946162,22.30912527723957],[114.26132575074922,22.309124908146135],[114.26132560242496,22.309124538962223],[114.26132545458586,22.309124169597428],[114.2613253071349,22.309123800142107],[114.26132516007199,22.309123430415681],[114.26132501349434,22.309123060688997],[114.2613248674018,22.309122690691158],[114.26132472169742,22.309122320602796],[114.26132457647819,22.30912195033358],[114.26132443164711,22.309121579973848],[114.26132428720409,22.30912120934299],[114.26132414324631,22.309120838711884],[114.26132399977365,22.309120467809613],[114.26132385668915,22.309120096816816],[114.26132371399279,22.309119725733531],[114.2613235717816,22.309119354469384],[114.26132343005557,22.309118983024334],[114.26132328871766,22.30911861148882],[114.2613231477679,22.309118239772481],[114.26132300730328,22.309117867875273],[114.26132286732384,22.309117495887481],[114.26132272773253,22.309117123718917],[114.26132258862641,22.309116751459793],[114.26132244990841,22.309116379019823],[114.26132231157855,22.309116006489365],[114.26132213611319,22.309115531842156],[114.26136200723623,22.309086529256479],[114.26136977777939,22.309095778229484],[114.26141884144369,22.309057653816371],[114.26137144026042,22.308992552014804],[114.26136226486562,22.308999226255647],[114.2613563039054,22.308992131130442]]]},"properties":{"OBJECTID":81674,"Shape__Length":229.31628291377655,"Shape__Area":1892.0799661863366,"GeoRefNo":"4498818895","DateCreate":1142524800000,"BuildingBlockType":"Tower","BuildingCSUID":"4498818895T20060317","BuildingID":1101781041,"Status":"Active","BuildingNameEN":"POPCORN II","BuildingNameTC":"POPCORN II","BaseHeight":24.699999999999999,"TopHeight":34.100000000000001,"Storeys":null,"StoreysInBasement":null,"DateStamp":1445788800000}},{"type":"Feature","id":88814,"geometry":{"type":"Polygon","coordinates":[[[114.26323817267618,22.30463526851165],[114.26323817306397,22.304674551096102],[114.26322846813451,22.304674573965006],[114.2632284677768,22.304635335901409],[114.26323817267618,22.30463526851165]]]},"properties":{"OBJECTID":88814,"Shape__Length":10.69497703856068,"Shape__Area":4.3474641594062549,"GeoRefNo":"4516618414","DateCreate":1176307200000,"BuildingBlockType":"Tower","BuildingCSUID":"4516618414T20070412","BuildingID":1101781507,"Status":"Active","BuildingNameEN":"EVANGEL COLLEGE","BuildingNameTC":"播道書院","BaseHeight":5.7999999999999998,"TopHeight":7.5,"Storeys":null,"StoreysInBasement":null,"DateStamp":1286380800000}},{"type":"Feature","id":88817,"geometry":{"type":"Polygon","coordinates":[[[114.26208114261784,22.30466035188455],[114.26208115758682,22.304685015720381],[114.26206194181012,22.304685037737666],[114.26206192683729,22.30466036198143],[114.26208114261784,22.30466035188455]]]},"properties":{"OBJECTID":88817,"Shape__Length":9.4236004393984363,"Shape__Area":5.4089639997400933,"GeoRefNo":"4504618415","DateCreate":1176307200000,"BuildingBlockType":"Tower","BuildingCSUID":"4504618415T20070412","BuildingID":1101781503,"Status":"Active","BuildingNameEN":"EVANGEL COLLEGE","BuildingNameTC":"播道書院","BaseHeight":5.9000000000000004,"TopHeight":8.8000000000000007,"Storeys":null,"StoreysInBasement":null,"DateStamp":1286380800000}},{"type":"Feature","id":89343,"geometry":{"type":"Polygon","coordinates":[[[114.26111561115998,22.306328141003654],[114.26112833725398,22.306504470083237],[114.26115005063397,22.306852086128586],[114.26109441448546,22.306908142427041],[114.26109674001255,22.306910069252464],[114.26109387847073,22.306917359337525],[114.26109550247567,22.306917929227946],[114.26108039155288,22.306956295370053],[114.26114422906775,22.306977758826239],[114.26112539126876,22.307026269719721],[114.26108272959547,22.307011926725099],[114.26099015353965,22.306980463310705],[114.26099896252852,22.306956910814371],[114.26095467167114,22.306941881763638],[114.26095895835327,22.306930600680271],[114.26094746873399,22.30692664021786],[114.2609424624281,22.30692562226556],[114.26093463741289,22.306920780863237],[114.26091909680085,22.306914893743201],[114.26084824811488,22.306892976249053],[114.2608354048426,22.306887538081625],[114.26082340260584,22.306880433884199],[114.26081245630819,22.306871790859503],[114.26080276194629,22.306861763763425],[114.2607941842392,22.30684911989221],[114.26078748953506,22.306835385793235],[114.26078281360365,22.306820839996462],[114.26076994781651,22.306710028346306],[114.26076006924544,22.306668194769284],[114.26075732728383,22.306657987995479],[114.26075503207153,22.306649932982925],[114.26075265923022,22.30664189697476],[114.26074926273797,22.30663100511671],[114.26074551364879,22.306619605921156],[114.26074132354844,22.306607535076839],[114.26073646212632,22.306594289698282],[114.26073093338942,22.306580078390276],[114.26072579679403,22.306567584499785],[114.26072112605898,22.306556742065315],[114.26071548090236,22.306544219539528],[114.26071097590636,22.306534634981894],[114.26070588810259,22.306524206364152],[114.260698168405,22.30650910396427],[114.26069431504791,22.306501858898233],[114.26068564198155,22.306486197996314],[114.26067816528727,22.306473344992774],[114.26066965044916,22.306459363700156],[114.260661844136,22.306447097855326],[114.26065086565654,22.30643065428654],[114.26064759618086,22.306426044950406],[114.26064404401811,22.306420983327097],[114.26063842592886,22.306413140442487],[114.26063107130112,22.306403162717359],[114.26062013197033,22.306388884664596],[114.26061446480215,22.306381736257812],[114.26060643866154,22.306371882597578],[114.26060015410012,22.30636447804002],[114.26059371325456,22.306357017573163],[114.26058889240329,22.306351552032702],[114.26058166900557,22.30634354561797],[114.26058934499498,22.306337468574647],[114.26059238706526,22.306335060348353],[114.26058696814214,22.306329190545647],[114.26057889426627,22.306320653570452],[114.26056964356974,22.306311162667694],[114.26055875194142,22.3063003658832],[114.26054882188527,22.306290860880903],[114.26053841135017,22.306281221569947],[114.26053064800003,22.306274243114046],[114.26052458498715,22.306268911865455],[114.26051703349528,22.306262414630677],[114.2605104103573,22.306256840747306],[114.26050509810852,22.306252452808639],[114.26050220984688,22.306255647519446],[114.26049117956083,22.306246673177423],[114.26049001669082,22.306247958831882],[114.26048495980726,22.306253551382696],[114.26047910977915,22.306248961435031],[114.26047438415816,22.306245314605292],[114.26046535439676,22.306238492125583],[114.26045708401085,22.306232407957175],[114.26045100895755,22.306228036665033],[114.26044237755208,22.306221964421731],[114.2604312083234,22.306214340222265],[114.26041969361508,22.306206747807142],[114.26040949458879,22.306200241997882],[114.26040675667751,22.306198414711485],[114.26040357100906,22.30619599163597],[114.26040067837236,22.306193466363609],[114.26039886344506,22.30619169549438],[114.26039699014676,22.306189688053419],[114.26039556153896,22.306188015418705],[114.26039398424086,22.306186001503811],[114.26039259623097,22.306184054317828],[114.26039097884035,22.306181532903683],[114.26038950794977,22.306178933750893],[114.26038833709502,22.306176586397324],[114.26038765975622,22.30617507863559],[114.26038672183388,22.306172750126301],[114.26038546861339,22.30616898501054],[114.26038484609865,22.306166645502064],[114.26038432155379,22.306164220152386],[114.26038394658325,22.306161990689759],[114.26038369012862,22.306159953517895],[114.2603834936186,22.306157535223747],[114.26038340744415,22.30615460935287],[114.26038338423085,22.306115587227865],[114.26038321169668,22.305825550543549],[114.26038515270079,22.305825549543808],[114.26038513575178,22.305797058000149],[114.26038416524992,22.305797058500012],[114.26038416095228,22.305789834019819],[114.26038949191874,22.305789831273945],[114.26038491422041,22.305716685747221],[114.2604340021765,22.305716660456095],[114.26043281561159,22.30569769680115],[114.26087062308522,22.305696714718692],[114.26086786590757,22.305777846271475],[114.26087425742466,22.305778145395141],[114.26087313292302,22.305813373727545],[114.26083061740815,22.305813626660946],[114.26083285258066,22.305905163306239],[114.26077838364458,22.305962248115581],[114.26078396829327,22.306051036730015],[114.26078435149908,22.306057129388989],[114.26083429799031,22.306098492409376],[114.26083542792146,22.306097311524496],[114.26083969540088,22.30610084479542],[114.2608417935997,22.306134378941714],[114.26084413618868,22.306171833868273],[114.26094110955813,22.306252138819588],[114.26098133268795,22.306249958922201],[114.26101739947298,22.306248006575775],[114.26111561115998,22.306328141003654]]]},"properties":{"OBJECTID":89343,"Shape__Length":421.75685802854872,"Shape__Area":6101.5563682503052,"GeoRefNo":"4491218584","DateCreate":1369843200000,"BuildingBlockType":"Podium","BuildingCSUID":"4491218584P20130530","BuildingID":1810100263,"Status":"Active","BuildingNameEN":null,"BuildingNameTC":null,"BaseHeight":5.4000000000000004,"TopHeight":20.5,"Storeys":4,"StoreysInBasement":3,"DateStamp":1599580800000}},{"type":"Feature","id":89635,"geometry":{"type":"Polygon","coordinates":[[[114.26265528882881,22.306007641987765],[114.26265529572645,22.306018930237094],[114.26257086193588,22.306018974976801],[114.262570855045,22.30600768672744],[114.26254829084412,22.30600769865217],[114.26254824996396,22.30594087221569],[114.2623793824759,22.305940961449174],[114.26237937590297,22.305930169882647],[114.26235584121169,22.305930182292361],[114.26235577892287,22.305828046210031],[114.26237931359705,22.30582803380037],[114.26237930702415,22.305817242233669],[114.26254817446052,22.305817153000675],[114.26254813358079,22.305750326562634],[114.26257312399406,22.305750313355666],[114.26257312013512,22.305743991935827],[114.26265221600248,22.305743950019448],[114.26265221986498,22.30575027143928],[114.26267721027817,22.305750258216268],[114.26267725232319,22.305818890774017],[114.2627447022091,22.305818855065397],[114.26274471422342,22.305838496619621],[114.26275878650372,22.305838489166067],[114.26275883595018,22.305919313032398],[114.26274476366176,22.305919320485959],[114.26274477567614,22.305938962039946],[114.26267732573254,22.305938997748779],[114.262677367778,22.30600763030494],[114.26265528882881,22.306007641987765]]]},"properties":{"OBJECTID":89635,"Shape__Length":143.95001000170811,"Shape__Area":766.84931873420385,"GeoRefNo":"4510218549","DateCreate":1114790400000,"BuildingBlockType":"Tower","BuildingCSUID":"4510218549T20050430","BuildingID":1101781329,"Status":"Active","BuildingNameEN":"Bauhinia Garden Block 5","BuildingNameTC":"寶盈花園第五座","BaseHeight":6,"TopHeight":122,"Storeys":41,"StoreysInBasement":null,"DateStamp":1599580800000}},{"type":"Feature","id":89746,"geometry":{"type":"Polygon","coordinates":[[[114.26206192683729,22.30466036198143],[114.26193713218238,22.304660427499002],[114.26193714703282,22.304684937453487],[114.26190819996185,22.304684878044295],[114.26171574038628,22.304684482993267],[114.26171577160144,22.30447067502573],[114.2617910772709,22.304470635604524],[114.2617910747808,22.304466518733978],[114.26190168464066,22.304466460768271],[114.26205558127064,22.304491627755592],[114.26205563288002,22.304576688794828],[114.26208592886921,22.304576672876074],[114.26208597965682,22.304660349342576],[114.26208114261784,22.30466035188455],[114.26206192683729,22.30466036198143]]]},"properties":{"OBJECTID":89746,"Shape__Length":122.06127053431287,"Shape__Area":816.67918814496636,"GeoRefNo":"4502918406","DateCreate":1176134400000,"BuildingBlockType":"Tower","BuildingCSUID":"4502918406T20070410","BuildingID":1101781504,"Status":"Active","BuildingNameEN":"EVANGEL COLLEGE","BuildingNameTC":"播道書院","BaseHeight":5.9000000000000004,"TopHeight":25.199999999999999,"Storeys":null,"StoreysInBasement":null,"DateStamp":1286380800000}},{"type":"Feature","id":91239,"geometry":{"type":"Polygon","coordinates":[[[114.26229238505964,22.304470055313516],[114.26235789331324,22.304470020790227],[114.26235785399844,22.304405451991073],[114.26232505708799,22.304405469278525],[114.2622723841106,22.304300516254074],[114.26225930499112,22.304300523142039],[114.2622592753071,22.304284268069839],[114.26235025887236,22.304284220132626],[114.26235027014337,22.304302732865573],[114.26240777176407,22.304302702542902],[114.26240774592321,22.304260287162535],[114.26218792509245,22.30420560156151],[114.26219594573455,22.304177685097343],[114.26216031838375,22.304168822421801],[114.26215634156787,22.304182663914908],[114.26202133201859,22.304149078889054],[114.26203828030837,22.304090088400429],[114.26194909539788,22.304067902502165],[114.26196075066126,22.30402733452248],[114.26203057921155,22.30404470525832],[114.26203057368268,22.304035589859165],[114.26187187467285,22.303996110861046],[114.26187184819298,22.303952372043771],[114.26191979248861,22.303952346904136],[114.26191978684912,22.303884719326419],[114.26203290843479,22.303884782861541],[114.26203294130008,22.303938966473169],[114.26211058041871,22.303938925678835],[114.26211056191515,22.303908447397408],[114.26228719087108,22.303908354452023],[114.26228718510249,22.30389887232004],[114.26259968246274,22.30389870740721],[114.26259967419176,22.303885161504482],[114.26273942454962,22.303885087559905],[114.26273943352443,22.303899762287816],[114.26289082976062,22.303899682045294],[114.26289083838178,22.30391375370953],[114.26292890386833,22.303904241262774],[114.26293208368016,22.30391374835035],[114.26293562906932,22.303914062359208],[114.2629390460549,22.303914996748336],[114.26294221039343,22.303916517448094],[114.2629452394153,22.303918779812829],[114.26294853168736,22.303922870644929],[114.26295040321307,22.303927675648904],[114.26295077547532,22.303930971441389],[114.26295040743955,22.303934569429639],[114.26294937367773,22.303937740804322],[114.26294656165908,22.303942130899969],[114.26294249916435,22.303945570465746],[114.26293906583265,22.303947260379058],[114.26293564999405,22.303948198394863],[114.26293210498966,22.303948513548047],[114.26289085969253,22.303948537600625],[114.26289088439611,22.303988859237101],[114.26262278672387,22.303989001237429],[114.26262280216724,22.304014286922193],[114.26266744468373,22.304014263307604],[114.26267098958992,22.304014577774009],[114.26267440657621,22.304015512168725],[114.26267757091418,22.304017032873592],[114.26268059993394,22.304019295243275],[114.26268288019992,22.304021840847664],[114.26268459993479,22.304024742915704],[114.26268569647743,22.304027895912828],[114.26268613597502,22.304031486880763],[114.2626853788842,22.304036548935297],[114.26268307243829,22.304041187371325],[114.26268061502425,22.304043986172466],[114.26267785963063,22.304046085891549],[114.26267442629329,22.304047775799248],[114.26267101045045,22.304048713809493],[114.2626674654429,22.304049028956896],[114.26262282340191,22.304049054738616],[114.26262291579032,22.30420032273317],[114.26261228578923,22.304237320960926],[114.26284151951437,22.304294349765723],[114.26282848679793,22.304339713697495],[114.26290833776063,22.304359577960629],[114.26290834134109,22.304365420759627],[114.26295809524713,22.304377879704663],[114.26296231495256,22.304379786895286],[114.26296573470948,22.304382214853923],[114.26296859726187,22.30438520255429],[114.26297079840938,22.304388641413563],[114.26297235217031,22.304392760259837],[114.2629729237663,22.30439636081941],[114.26297271613498,22.304400721808378],[114.26297224840943,22.304402863574225],[114.26297078148829,22.304406626231891],[114.2629685737835,22.304410061562262],[114.26296541564504,22.304413289422431],[114.26296194671195,22.304415656108532],[114.26295805802688,22.304417367214931],[114.26295350366168,22.304418413841557],[114.26295116362782,22.304418601294898],[114.26294687021162,22.30441835487122],[114.26290836798154,22.304408894073834],[114.26290837634666,22.304422544730578],[114.26303381247664,22.304422478125545],[114.26303386069239,22.304501044355067],[114.2630047459071,22.304501059823338],[114.26300475283233,22.304512348074663],[114.26301445776154,22.304512342919153],[114.26301449627022,22.304575105596161],[114.26299217380841,22.304573300315479],[114.26299218184728,22.304586405704242],[114.26287111279126,22.304586469961333],[114.26287107489979,22.304524610344256],[114.26281017646342,22.304524642631716],[114.26281022358695,22.30460162850553],[114.26256565921324,22.304601757940123],[114.2625656719069,22.304622554691861],[114.2622191144482,22.304623086597744],[114.26221887615681,22.304488605405638],[114.26229239632312,22.304488568046082],[114.26229238505964,22.304470055313516]],[[114.26269459192353,22.304367866819863],[114.26269463603528,22.304420184337516],[114.26269494283811,22.304425631616141],[114.26269589281266,22.304432391784815],[114.26269710171856,22.304437729315648],[114.26269826658648,22.304441674531233],[114.26270015803051,22.304446837590746],[114.2627018254194,22.304450623421076],[114.26270437189071,22.304455536708492],[114.26270727656099,22.304460274702837],[114.2627105256356,22.304464815015503],[114.26271317911399,22.304468077451716],[114.26271799337815,22.304473216838641],[114.26272217640448,22.304477038272037],[114.2627266328433,22.304480582140421],[114.26273134143038,22.304483831387149],[114.26273627973791,22.304486770672074],[114.26274142417422,22.304489385829608],[114.26274675027538,22.304491664591065],[114.26275223260772,22.304493595952586],[114.26275643121893,22.304494810963892],[114.26276212376376,22.30449611341276],[114.2627664491191,22.304496848560706],[114.2627722688875,22.304497502995986],[114.26277812326708,22.304497782281448],[114.26280627804728,22.304497778650859],[114.26280623534805,22.304428017256999],[114.26279854827227,22.30442802133075],[114.26279647376091,22.304429946671199],[114.26279419238831,22.304431474503733],[114.26279139233324,22.304432760229663],[114.26278870123109,22.304433515620723],[114.26278653984333,22.304433827147832],[114.26278435384808,22.304433891791202],[114.26278217565924,22.304433708630643],[114.26278003749887,22.304433280448567],[114.26277739827559,22.304432380411924],[114.26277494244171,22.304431108036592],[114.26277273008994,22.304429494626898],[114.26277081549497,22.304427579617904],[114.2627692454633,22.304425410124551],[114.26276805865302,22.304423039135987],[114.26276728411739,22.304420524793958],[114.26276694072172,22.304417928857792],[114.26276707481476,22.304415026079681],[114.26276765641819,22.304412467130504],[114.26276865996552,22.304410023910783],[114.26277006113406,22.304407756486881],[114.26277182540828,22.304405720324993],[114.26277390953467,22.304403965296956],[114.26277626249171,22.304402534505769],[114.26277882665362,22.304401463020699],[114.26278123250752,22.304400833577233],[114.26278402101642,22.304400504740407],[114.26278651948341,22.304400555703818],[114.26278898621851,22.304400929076564],[114.26279166371206,22.304401725060178],[114.2627941749012,22.304402900236639],[114.26279645814193,22.304404425650379],[114.26279853413429,22.304406347888321],[114.26280170735259,22.304406346206743],[114.26280170010929,22.304394511513529],[114.26269459192353,22.304367866819863]]]},"properties":{"OBJECTID":91239,"Shape__Length":635.78510993040197,"Shape__Area":5189.0625570301127,"GeoRefNo":"4507318353","DateCreate":1176134400000,"BuildingBlockType":"Tower","BuildingCSUID":"4507318353T20070410","BuildingID":1101781515,"Status":"Active","BuildingNameEN":"EVANGEL COLLEGE","BuildingNameTC":"播道書院","BaseHeight":5.9000000000000004,"TopHeight":27,"Storeys":null,"StoreysInBasement":null,"DateStamp":1286380800000}},{"type":"Feature","id":91398,"geometry":{"type":"Polygon","coordinates":[[[114.25705439995862,22.309527380343095],[114.25729416126755,22.309608069097482],[114.257345898183,22.309585350882088],[114.25736342060934,22.309541894344271],[114.25740848263283,22.309557145326604],[114.25735422775035,22.309688441061031],[114.2573463092115,22.309707075118077],[114.25730219958403,22.309725627797789],[114.25724665919483,22.309747825464626],[114.25724106962899,22.309749020274868],[114.2572006379891,22.309735519881745],[114.25700005391884,22.309668543560559],[114.25705439995862,22.309527380343095]]]},"properties":{"OBJECTID":91398,"Shape__Length":114.83606947975264,"Shape__Area":601.47587119666912,"GeoRefNo":"4454518967","DateCreate":1568736000000,"BuildingBlockType":"Tower","BuildingCSUID":"4454518967T20190918","BuildingID":1101780967,"Status":"Active","BuildingNameEN":null,"BuildingNameTC":null,"BaseHeight":5.9000000000000004,"TopHeight":11.199999999999999,"Storeys":null,"StoreysInBasement":null,"DateStamp":1568736000000}},{"type":"Feature","id":91505,"geometry":{"type":"Polygon","coordinates":[[[114.26297488684017,22.304632561274893],[114.2629749183159,22.304683884708329],[114.26295570253981,22.304683906741168],[114.26295567106385,22.304632571477612],[114.26297488684017,22.304632561274893]]]},"properties":{"OBJECTID":91505,"Shape__Length":15.327870435375093,"Shape__Area":11.25419130365205,"GeoRefNo":"4513818414","DateCreate":1176134400000,"BuildingBlockType":"Tower","BuildingCSUID":"4513818414T20070410","BuildingID":1101781505,"Status":"Active","BuildingNameEN":"EVANGEL COLLEGE","BuildingNameTC":"播道書院","BaseHeight":5.9000000000000004,"TopHeight":8.8000000000000007,"Storeys":null,"StoreysInBasement":null,"DateStamp":1286380800000}},{"type":"Feature","id":103653,"geometry":{"type":"Polygon","coordinates":[[[114.26299890572741,22.305185682468249],[114.26300225197922,22.305173809265451],[114.26300353710627,22.305161540655337],[114.26300272391049,22.305149231753745],[114.26299983592986,22.305137238842768],[114.26299495675723,22.305125909058127],[114.26298822762058,22.305115570341286],[114.26297984329531,22.305106521947195],[114.26297004646636,22.305099025782301],[114.26295912070366,22.305093298823671],[114.26294738225425,22.305089506838549],[114.26293517088843,22.305087759586236],[114.26292284006512,22.30508810764108],[114.26291074670092,22.30509054092861],[114.26289924083919,22.305094989017128],[114.26288865551795,22.305101323156386],[114.26287929713014,22.305109360004231],[114.26287143655499,22.305118866933501],[114.26286530131746,22.305129568765409],[114.26286106900245,22.305141155734617],[114.26285886211465,22.305153292455426],[114.26285874453258,22.305165627629531],[114.26286071965968,22.305177804214388],[114.26286473032573,22.305189469757821],[114.26287066044171,22.305200286599792],[114.26287833835995,22.305209941645995],[114.26288754184255,22.305218155430385],[114.26289800449398,22.305224690204351],[114.26290942347201,22.305229356818362],[114.26290236436915,22.305255188089074],[114.26288654217431,22.305248681329935],[114.26287205639073,22.305239579580736],[114.26285932870259,22.30522814779528],[114.26284872961551,22.305214718755213],[114.26284056767111,22.305199683382664],[114.26283508046527,22.305183479360437],[114.26283242773168,22.305166578390978],[114.26283268669199,22.305149472464993],[114.26283584980781,22.305132659539531],[114.26284182500017,22.305116629042331],[114.26285043832999,22.305101847624481],[114.26286143906145,22.305088745576111],[114.26287450696098,22.305077704300558],[114.26288926161935,22.305069045211638],[114.26290527352536,22.305063020377226],[114.26292207656915,22.305059805181489],[114.26293918161063,22.305059493219442],[114.2629560907185,22.305062093572371],[114.26297231166512,22.305067530543457],[114.26298737225541,22.305075645861351],[114.26300083407246,22.30508620328747],[114.26301230523997,22.305098895492954],[114.2630214518299,22.305113353005076],[114.26302800758312,22.305129154962675],[114.2630317816603,22.305145841367487],[114.26303266419728,22.305162926474825],[114.26303062950321,22.305179912933674],[114.26302573680847,22.305196306264708],[114.26299890572741,22.305185682468249]]]},"properties":{"OBJECTID":103653,"Shape__Length":95.854506975236205,"Shape__Area":134.87798125862665,"GeoRefNo":"4513518460","DateCreate":1402934400000,"BuildingBlockType":"Open-sided Structure","BuildingCSUID":"4513518460T20140617","BuildingID":1810128435,"Status":"Active","BuildingNameEN":null,"BuildingNameTC":null,"BaseHeight":null,"TopHeight":null,"Storeys":null,"StoreysInBasement":null,"DateStamp":1408032000000}},{"type":"Feature","id":103654,"geometry":{"type":"Polygon","coordinates":[[[114.26356363530275,22.305836917653291],[114.26357579527647,22.305886206952124],[114.26350178251722,22.30590147951369],[114.26349004253673,22.305852242362441],[114.26355009234675,22.30583977377783],[114.26356363530275,22.305836917653291]]]},"properties":{"OBJECTID":103654,"Shape__Length":26.766864638651054,"Shape__Area":43.555003446962814,"GeoRefNo":"4519718548","DateCreate":1366041600000,"BuildingBlockType":"Tower","BuildingCSUID":"4519718548T20130416","BuildingID":1810098089,"Status":"Active","BuildingNameEN":null,"BuildingNameTC":null,"BaseHeight":5.5,"TopHeight":8.8000000000000007,"Storeys":null,"StoreysInBasement":null,"DateStamp":1403798400000}},{"type":"Feature","id":103655,"geometry":{"type":"Polygon","coordinates":[[[114.26290885986806,22.306449142726521],[114.26296175246168,22.306449114650924],[114.2629617715676,22.306480270217083],[114.26290887896225,22.306480298292723],[114.26290885986806,22.306449142726521]]]},"properties":{"OBJECTID":103655,"Shape__Length":17.799999998882413,"Shape__Area":18.802499996582046,"GeoRefNo":"4513618614","DateCreate":1366041600000,"BuildingBlockType":"Tower","BuildingCSUID":"4513618614T20130416","BuildingID":1810098096,"Status":"Active","BuildingNameEN":null,"BuildingNameTC":null,"BaseHeight":5.4000000000000004,"TopHeight":9,"Storeys":null,"StoreysInBasement":null,"DateStamp":1403798400000}},{"type":"Feature","id":103656,"geometry":{"type":"Polygon","coordinates":[[[114.26303988706,22.305531371866149],[114.26303988414882,22.305573432532523],[114.26280853563212,22.305573418680709],[114.26280915352156,22.305531358049429],[114.26303988706,22.305531371866149]]]},"properties":{"OBJECTID":103656,"Shape__Length":56.928342683532755,"Shape__Area":110.87992859317062,"GeoRefNo":"4513518513","DateCreate":1402848000000,"BuildingBlockType":"Open-sided Structure","BuildingCSUID":"4513518513T20140616","BuildingID":1810128204,"Status":"Active","BuildingNameEN":null,"BuildingNameTC":null,"BaseHeight":null,"TopHeight":null,"Storeys":null,"StoreysInBasement":null,"DateStamp":1408032000000}},{"type":"Feature","id":103657,"geometry":{"type":"Polygon","coordinates":[[[114.26316487164627,22.305171641944771],[114.26314738029922,22.305200751919994],[114.26309651160025,22.305174286620424],[114.26311376846097,22.305145299772125],[114.26316487164627,22.305171641944771]]]},"properties":{"OBJECTID":103657,"Shape__Length":19.387380713193608,"Shape__Area":22.133301717357991,"GeoRefNo":"4515618471","DateCreate":1402934400000,"BuildingBlockType":"Tower","BuildingCSUID":"4515618471T20140617","BuildingID":1810128440,"Status":"Active","BuildingNameEN":null,"BuildingNameTC":null,"BaseHeight":5.7000000000000002,"TopHeight":9.1999999999999993,"Storeys":null,"StoreysInBasement":null,"DateStamp":1408032000000}},{"type":"Feature","id":103658,"geometry":{"type":"Polygon","coordinates":[[[114.26335774885412,22.307287331121589],[114.26335777583776,22.307331129521209],[114.26296180772027,22.307331289685706],[114.26296199634481,22.307287541742586],[114.26335774885412,22.307287331121589]]]},"properties":{"OBJECTID":103658,"Shape__Length":91.272051249979654,"Shape__Area":197.71150242765253,"GeoRefNo":"4515918708","DateCreate":1404230400000,"BuildingBlockType":"Open-sided Structure","BuildingCSUID":"4515918708T20140702","BuildingID":1810129423,"Status":"Active","BuildingNameEN":null,"BuildingNameTC":null,"BaseHeight":null,"TopHeight":null,"Storeys":null,"StoreysInBasement":null,"DateStamp":1408032000000}},{"type":"Feature","id":103659,"geometry":{"type":"Polygon","coordinates":[[[114.26335768016553,22.307180092320863],[114.26335771018692,22.307224568466037],[114.26297144654704,22.307224774047786],[114.26297141664794,22.307180297902146],[114.26335768016553,22.307180092320863]]]},"properties":{"OBJECTID":103659,"Shape__Length":89.450100013886924,"Shape__Area":196.01698998828883,"GeoRefNo":"4515918696","DateCreate":1404230400000,"BuildingBlockType":"Open-sided Structure","BuildingCSUID":"4515918696T20140702","BuildingID":1810129424,"Status":"Active","BuildingNameEN":null,"BuildingNameTC":null,"BaseHeight":null,"TopHeight":null,"Storeys":null,"StoreysInBasement":null,"DateStamp":1408032000000}},{"type":"Feature","id":103660,"geometry":{"type":"Polygon","coordinates":[[[114.26390946030277,22.30727010351098],[114.26390949855551,22.307331799922586],[114.26369111329261,22.307331628663356],[114.26369107531417,22.307270220598387],[114.26390946030277,22.30727010351098]]]},"properties":{"OBJECTID":103660,"Shape__Length":58.636032652662493,"Shape__Area":153.37311704314862,"GeoRefNo":"4522518707","DateCreate":1404230400000,"BuildingBlockType":"Open-sided Structure","BuildingCSUID":"4522518707T20140702","BuildingID":1810129430,"Status":"Active","BuildingNameEN":null,"BuildingNameTC":null,"BaseHeight":null,"TopHeight":null,"Storeys":null,"StoreysInBasement":null,"DateStamp":1408032000000}},{"type":"Feature","id":103661,"geometry":{"type":"Polygon","coordinates":[[[114.2638707892409,22.307134439487992],[114.26387081638434,22.30717823788785],[114.26376308962773,22.307178295656605],[114.26376306251787,22.307134497256609],[114.2638707892409,22.307134439487992]]]},"properties":{"OBJECTID":103661,"Shape__Length":31.899999998509884,"Shape__Area":53.834999994058165,"GeoRefNo":"4522618691","DateCreate":1404230400000,"BuildingBlockType":"Open-sided Structure","BuildingCSUID":"4522618691T20140702","BuildingID":1810129431,"Status":"Active","BuildingNameEN":null,"BuildingNameTC":null,"BaseHeight":null,"TopHeight":null,"Storeys":null,"StoreysInBasement":null,"DateStamp":1408032000000}}]}