{"type":"FeatureCollection","features":[{"type":"Feature","id":171088,"geometry":{"type":"LineString","coordinates":[[114.16352346441738,22.330525406393189,5.3430999999982305],[114.16370144936215,22.33038788695147,5.3120000000053551]]},"properties":{"OBJECTID":171088,"PedestrianRouteID":220013278,"Location":1,"FeatureType":1,"AliasNameEN":"Fuk Wa Street","AliasNameTC":"福華街","CrossingFeature":null,"WeatherProof":1,"WheelchairBarrier":2,"WheelchairAccess":2,"ObstaclesType":null,"Gradient":0.0013047899999999999,"Direction":0,"PositionCertainty":1,"Enabled":1,"DataSource":1,"LevelSource":2,"StreetNameEN":"Fuk Wa Street","StreetNameTC":"福華街","ST_CODE":10560,"FloorID":null,"BuildingID_1":null,"BuildingID_2":null,"SiteID":null,"TerminalID":null,"AccessTimeID":null,"CreationDate":1614441600000,"ModifiedBy":"LANDSD","LastAmendmentDate":1654963200000,"Shape__Length":23.835170778118894}},{"type":"Feature","id":171089,"geometry":{"type":"LineString","coordinates":[[114.16048469384275,22.329921405099025,4.3625000000029104],[114.1604953119891,22.329913144089623,4.3653999999951338]]},"properties":{"OBJECTID":171089,"PedestrianRouteID":220013279,"Location":1,"FeatureType":1,"AliasNameEN":"Ki Lung Street","AliasNameTC":"基隆街","CrossingFeature":null,"WeatherProof":2,"WheelchairBarrier":2,"WheelchairAccess":2,"ObstaclesType":null,"Gradient":0.0020336799999999999,"Direction":0,"PositionCertainty":1,"Enabled":1,"DataSource":1,"LevelSource":2,"StreetNameEN":"Ki Lung Street","StreetNameTC":"基隆街","ST_CODE":10989,"FloorID":null,"BuildingID_1":null,"BuildingID_2":null,"SiteID":null,"TerminalID":null,"AccessTimeID":null,"CreationDate":1614441600000,"ModifiedBy":"LANDSD","LastAmendmentDate":1654963200000,"Shape__Length":1.425987534478846}},{"type":"Feature","id":171090,"geometry":{"type":"LineString","coordinates":[[114.16044700028708,22.329950729012783,4.3522999999986496],[114.16048469384275,22.329921405099025,4.3625000000029104]]},"properties":{"OBJECTID":171090,"PedestrianRouteID":220013280,"Location":1,"FeatureType":1,"AliasNameEN":"Ki Lung Street","AliasNameTC":"基隆街","CrossingFeature":null,"WeatherProof":1,"WheelchairBarrier":2,"WheelchairAccess":2,"ObstaclesType":null,"Gradient":0.0020150099999999998,"Direction":0,"PositionCertainty":1,"Enabled":1,"DataSource":1,"LevelSource":2,"StreetNameEN":"Ki Lung Street","StreetNameTC":"基隆街","ST_CODE":10989,"FloorID":null,"BuildingID_1":null,"BuildingID_2":null,"SiteID":null,"TerminalID":null,"AccessTimeID":null,"CreationDate":1614441600000,"ModifiedBy":"LANDSD","LastAmendmentDate":1654963200000,"Shape__Length":5.0619974492836519}},{"type":"Feature","id":171091,"geometry":{"type":"LineString","coordinates":[[114.1601298220165,22.330197479878315,4.2663000000029569],[114.16013935586415,22.33019006314024,4.2688999999954831]]},"properties":{"OBJECTID":171091,"PedestrianRouteID":220013281,"Location":1,"FeatureType":1,"AliasNameEN":"Ki Lung Street","AliasNameTC":"基隆街","CrossingFeature":null,"WeatherProof":2,"WheelchairBarrier":2,"WheelchairAccess":2,"ObstaclesType":null,"Gradient":0.0020307400000000001,"Direction":0,"PositionCertainty":1,"Enabled":1,"DataSource":1,"LevelSource":2,"StreetNameEN":"Ki Lung Street","StreetNameTC":"基隆街","ST_CODE":10989,"FloorID":null,"BuildingID_1":null,"BuildingID_2":null,"SiteID":null,"TerminalID":null,"AccessTimeID":null,"CreationDate":1614441600000,"ModifiedBy":"LANDSD","LastAmendmentDate":1654963200000,"Shape__Length":1.2803196361967246}},{"type":"Feature","id":171092,"geometry":{"type":"LineString","coordinates":[[114.16037348960532,22.330007916758994,4.3323999999993248],[114.16044700028708,22.329950729012783,4.3522999999986496]]},"properties":{"OBJECTID":171092,"PedestrianRouteID":220013282,"Location":1,"FeatureType":1,"AliasNameEN":"Ki Lung Street","AliasNameTC":"基隆街","CrossingFeature":null,"WeatherProof":2,"WheelchairBarrier":2,"WheelchairAccess":2,"ObstaclesType":null,"Gradient":0.0020157999999999999,"Direction":0,"PositionCertainty":1,"Enabled":1,"DataSource":1,"LevelSource":2,"StreetNameEN":"Ki Lung Street","StreetNameTC":"基隆街","ST_CODE":10989,"FloorID":null,"BuildingID_1":null,"BuildingID_2":null,"SiteID":null,"TerminalID":null,"AccessTimeID":null,"CreationDate":1614441600000,"ModifiedBy":"LANDSD","LastAmendmentDate":1654963200000,"Shape__Length":9.8719794617406151}},{"type":"Feature","id":171093,"geometry":{"type":"LineString","coordinates":[[114.16013935586415,22.33019006314024,4.2688999999954831],[114.16037348960532,22.330007916758994,4.3323999999993248]]},"properties":{"OBJECTID":171093,"PedestrianRouteID":220013283,"Location":1,"FeatureType":1,"AliasNameEN":"Ki Lung Street","AliasNameTC":"基隆街","CrossingFeature":null,"WeatherProof":1,"WheelchairBarrier":2,"WheelchairAccess":2,"ObstaclesType":null,"Gradient":0.0020195500000000002,"Direction":0,"PositionCertainty":1,"Enabled":1,"DataSource":1,"LevelSource":2,"StreetNameEN":"Ki Lung Street","StreetNameTC":"基隆街","ST_CODE":10989,"FloorID":null,"BuildingID_1":null,"BuildingID_2":null,"SiteID":null,"TerminalID":null,"AccessTimeID":null,"CreationDate":1614441600000,"ModifiedBy":"LANDSD","LastAmendmentDate":1654963200000,"Shape__Length":31.442656642681836}},{"type":"Feature","id":171094,"geometry":{"type":"LineString","coordinates":[[114.16140615548919,22.330070481054722,4.3775000000023283],[114.16133795232233,22.330122885340238,4.3708999999944353]]},"properties":{"OBJECTID":171094,"PedestrianRouteID":220013284,"Location":1,"FeatureType":1,"AliasNameEN":"Yu Chau Street","AliasNameTC":"汝州街","CrossingFeature":null,"WeatherProof":1,"WheelchairBarrier":2,"WheelchairAccess":2,"ObstaclesType":null,"Gradient":0.00072424999999999996,"Direction":0,"PositionCertainty":1,"Enabled":1,"DataSource":1,"LevelSource":2,"StreetNameEN":"Yu Chau Street","StreetNameTC":"汝州街","ST_CODE":12888,"FloorID":null,"BuildingID_1":null,"BuildingID_2":null,"SiteID":null,"TerminalID":null,"AccessTimeID":null,"CreationDate":1614441600000,"ModifiedBy":"LANDSD","LastAmendmentDate":1654963200000,"Shape__Length":9.1128919301053255}},{"type":"Feature","id":171095,"geometry":{"type":"LineString","coordinates":[[114.16161555145459,22.329909591219995,4.3978000000061002],[114.16140615548919,22.330070481054722,4.3775000000023283]]},"properties":{"OBJECTID":171095,"PedestrianRouteID":220013285,"Location":1,"FeatureType":1,"AliasNameEN":"Yu Chau Street","AliasNameTC":"汝州街","CrossingFeature":null,"WeatherProof":2,"WheelchairBarrier":2,"WheelchairAccess":2,"ObstaclesType":null,"Gradient":0.00072557000000000003,"Direction":0,"PositionCertainty":1,"Enabled":1,"DataSource":1,"LevelSource":2,"StreetNameEN":"Yu Chau Street","StreetNameTC":"汝州街","ST_CODE":12888,"FloorID":null,"BuildingID_1":null,"BuildingID_2":null,"SiteID":null,"TerminalID":null,"AccessTimeID":null,"CreationDate":1614441600000,"ModifiedBy":"LANDSD","LastAmendmentDate":1654963200000,"Shape__Length":27.978175157382395}},{"type":"Feature","id":171096,"geometry":{"type":"LineString","coordinates":[[114.16129870863696,22.330153038310666,4.3669999999983702],[114.16129766604737,22.330153839223399,4.3669999999983702]]},"properties":{"OBJECTID":171096,"PedestrianRouteID":220013286,"Location":1,"FeatureType":1,"AliasNameEN":"Yu Chau Street","AliasNameTC":"汝州街","CrossingFeature":null,"WeatherProof":1,"WheelchairBarrier":2,"WheelchairAccess":2,"ObstaclesType":null,"Gradient":0,"Direction":0,"PositionCertainty":1,"Enabled":1,"DataSource":1,"LevelSource":2,"StreetNameEN":"Yu Chau Street","StreetNameTC":"汝州街","ST_CODE":12888,"FloorID":null,"BuildingID_1":null,"BuildingID_2":null,"SiteID":null,"TerminalID":null,"AccessTimeID":null,"CreationDate":1614441600000,"ModifiedBy":"LANDSD","LastAmendmentDate":1654963200000,"Shape__Length":0.13929267768041032}},{"type":"Feature","id":171097,"geometry":{"type":"LineString","coordinates":[[114.16133795232233,22.330122885340238,4.3708999999944353],[114.16129870863696,22.330153038310666,4.3669999999983702]]},"properties":{"OBJECTID":171097,"PedestrianRouteID":220013287,"Location":1,"FeatureType":1,"AliasNameEN":"Yu Chau Street","AliasNameTC":"汝州街","CrossingFeature":null,"WeatherProof":2,"WheelchairBarrier":2,"WheelchairAccess":2,"ObstaclesType":null,"Gradient":0.00074377999999999998,"Direction":0,"PositionCertainty":1,"Enabled":1,"DataSource":1,"LevelSource":2,"StreetNameEN":"Yu Chau Street","StreetNameTC":"汝州街","ST_CODE":12888,"FloorID":null,"BuildingID_1":null,"BuildingID_2":null,"SiteID":null,"TerminalID":null,"AccessTimeID":null,"CreationDate":1614441600000,"ModifiedBy":"LANDSD","LastAmendmentDate":1654963200000,"Shape__Length":5.2434918830921236}},{"type":"Feature","id":171098,"geometry":{"type":"LineString","coordinates":[[114.16197369068564,22.329634412018596,4.4326000000000931],[114.16196233683216,22.329643136326595,4.4315000000060536]]},"properties":{"OBJECTID":171098,"PedestrianRouteID":220013288,"Location":1,"FeatureType":1,"AliasNameEN":"Pei Ho Street","AliasNameTC":"北河街","CrossingFeature":null,"WeatherProof":2,"WheelchairBarrier":2,"WheelchairAccess":2,"ObstaclesType":null,"Gradient":0.00072508000000000002,"Direction":0,"PositionCertainty":1,"Enabled":1,"DataSource":1,"LevelSource":2,"StreetNameEN":"Pei Ho Street","StreetNameTC":"北河街","ST_CODE":11675,"FloorID":null,"BuildingID_1":null,"BuildingID_2":null,"SiteID":null,"TerminalID":null,"AccessTimeID":null,"CreationDate":1614441600000,"ModifiedBy":"LANDSD","LastAmendmentDate":1654963200000,"Shape__Length":1.5170717190652045}},{"type":"Feature","id":171099,"geometry":{"type":"LineString","coordinates":[[114.16196233683216,22.329643136326595,4.4315000000060536],[114.16161555145459,22.329909591219995,4.3978000000061002]]},"properties":{"OBJECTID":171099,"PedestrianRouteID":220013289,"Location":1,"FeatureType":1,"AliasNameEN":"Yu Chau Street","AliasNameTC":"汝州街","CrossingFeature":null,"WeatherProof":1,"WheelchairBarrier":2,"WheelchairAccess":2,"ObstaclesType":null,"Gradient":0.00072729999999999995,"Direction":0,"PositionCertainty":1,"Enabled":1,"DataSource":1,"LevelSource":2,"StreetNameEN":"Yu Chau Street","StreetNameTC":"汝州街","ST_CODE":12888,"FloorID":null,"BuildingID_1":null,"BuildingID_2":null,"SiteID":null,"TerminalID":null,"AccessTimeID":null,"CreationDate":1614441600000,"ModifiedBy":"LANDSD","LastAmendmentDate":1654963200000,"Shape__Length":46.335441517404149}},{"type":"Feature","id":171103,"geometry":{"type":"LineString","coordinates":[[114.16269643661757,22.329071753024191,4.4116000000067288],[114.16268919198326,22.329077414568122,4.4116000000067288]]},"properties":{"OBJECTID":171103,"PedestrianRouteID":220013293,"Location":1,"FeatureType":1,"AliasNameEN":"Yu Chau Street","AliasNameTC":"汝州街","CrossingFeature":null,"WeatherProof":2,"WheelchairBarrier":2,"WheelchairAccess":2,"ObstaclesType":null,"Gradient":0,"Direction":0,"PositionCertainty":1,"Enabled":1,"DataSource":1,"LevelSource":2,"StreetNameEN":"Yu Chau Street","StreetNameTC":"汝州街","ST_CODE":12888,"FloorID":null,"BuildingID_1":null,"BuildingID_2":null,"SiteID":null,"TerminalID":null,"AccessTimeID":null,"CreationDate":1614441600000,"ModifiedBy":"LANDSD","LastAmendmentDate":1654963200000,"Shape__Length":0.97472698231961452}},{"type":"Feature","id":171104,"geometry":{"type":"LineString","coordinates":[[114.16268919198326,22.329077414568122,4.4116000000067288],[114.16266539622401,22.329096010073858,4.4116000000067288]]},"properties":{"OBJECTID":171104,"PedestrianRouteID":220013294,"Location":1,"FeatureType":1,"AliasNameEN":"Yu Chau Street","AliasNameTC":"汝州街","CrossingFeature":null,"WeatherProof":1,"WheelchairBarrier":2,"WheelchairAccess":2,"ObstaclesType":null,"Gradient":0,"Direction":0,"PositionCertainty":1,"Enabled":1,"DataSource":1,"LevelSource":2,"StreetNameEN":"Yu Chau Street","StreetNameTC":"汝州街","ST_CODE":12888,"FloorID":null,"BuildingID_1":null,"BuildingID_2":null,"SiteID":null,"TerminalID":null,"AccessTimeID":null,"CreationDate":1614441600000,"ModifiedBy":"LANDSD","LastAmendmentDate":1654963200000,"Shape__Length":3.201562126195995}},{"type":"Feature","id":171105,"geometry":{"type":"LineString","coordinates":[[114.16266539622401,22.329096010073858,4.4116000000067288],[114.16264986825726,22.329108144917164,4.4116000000067288]]},"properties":{"OBJECTID":171105,"PedestrianRouteID":220013295,"Location":1,"FeatureType":1,"AliasNameEN":"Yu Chau Street","AliasNameTC":"汝州街","CrossingFeature":null,"WeatherProof":2,"WheelchairBarrier":2,"WheelchairAccess":2,"ObstaclesType":null,"Gradient":0,"Direction":0,"PositionCertainty":1,"Enabled":1,"DataSource":1,"LevelSource":2,"StreetNameEN":"Yu Chau Street","StreetNameTC":"汝州街","ST_CODE":12888,"FloorID":null,"BuildingID_1":null,"BuildingID_2":null,"SiteID":null,"TerminalID":null,"AccessTimeID":null,"CreationDate":1614441600000,"ModifiedBy":"LANDSD","LastAmendmentDate":1654963200000,"Shape__Length":2.0892073539488494}},{"type":"Feature","id":171106,"geometry":{"type":"LineString","coordinates":[[114.16264986825726,22.329108144917164,4.4116000000067288],[114.16260097009392,22.329146357157676,4.4098999999987427]]},"properties":{"OBJECTID":171106,"PedestrianRouteID":220013296,"Location":1,"FeatureType":1,"AliasNameEN":"Yu Chau Street","AliasNameTC":"汝州街","CrossingFeature":null,"WeatherProof":1,"WheelchairBarrier":2,"WheelchairAccess":2,"ObstaclesType":null,"Gradient":0.00025839999999999999,"Direction":0,"PositionCertainty":1,"Enabled":1,"DataSource":1,"LevelSource":2,"StreetNameEN":"Yu Chau Street","StreetNameTC":"汝州街","ST_CODE":12888,"FloorID":null,"BuildingID_1":null,"BuildingID_2":null,"SiteID":null,"TerminalID":null,"AccessTimeID":null,"CreationDate":1614441600000,"ModifiedBy":"LANDSD","LastAmendmentDate":1654963200000,"Shape__Length":6.5789331551078361}},{"type":"Feature","id":171107,"geometry":{"type":"LineString","coordinates":[[114.16260097009392,22.329146357157676,4.4098999999987427],[114.16259172378328,22.329153583521556,4.4098999999987427]]},"properties":{"OBJECTID":171107,"PedestrianRouteID":220013297,"Location":1,"FeatureType":1,"AliasNameEN":"Yu Chau Street","AliasNameTC":"汝州街","CrossingFeature":null,"WeatherProof":2,"WheelchairBarrier":2,"WheelchairAccess":2,"ObstaclesType":null,"Gradient":0,"Direction":0,"PositionCertainty":1,"Enabled":1,"DataSource":1,"LevelSource":2,"StreetNameEN":"Yu Chau Street","StreetNameTC":"汝州街","ST_CODE":12888,"FloorID":null,"BuildingID_1":null,"BuildingID_2":null,"SiteID":null,"TerminalID":null,"AccessTimeID":null,"CreationDate":1614441600000,"ModifiedBy":"LANDSD","LastAmendmentDate":1654963200000,"Shape__Length":1.2440805197969067}},{"type":"Feature","id":171108,"geometry":{"type":"LineString","coordinates":[[114.16259172378328,22.329153583521556,4.4098999999987427],[114.16256278209701,22.329176199878667,4.4098999999987427]]},"properties":{"OBJECTID":171108,"PedestrianRouteID":220013298,"Location":1,"FeatureType":1,"AliasNameEN":"Yu Chau Street","AliasNameTC":"汝州街","CrossingFeature":null,"WeatherProof":1,"WheelchairBarrier":2,"WheelchairAccess":2,"ObstaclesType":null,"Gradient":0,"Direction":0,"PositionCertainty":1,"Enabled":1,"DataSource":1,"LevelSource":2,"StreetNameEN":"Yu Chau Street","StreetNameTC":"汝州街","ST_CODE":12888,"FloorID":null,"BuildingID_1":null,"BuildingID_2":null,"SiteID":null,"TerminalID":null,"AccessTimeID":null,"CreationDate":1614441600000,"ModifiedBy":"LANDSD","LastAmendmentDate":1654963200000,"Shape__Length":3.8938757102556516}},{"type":"Feature","id":171109,"geometry":{"type":"LineString","coordinates":[[114.16232928833789,22.329358668280079,4.4033999999955995],[114.1621052150676,22.32953377365952,4.3971000000019558]]},"properties":{"OBJECTID":171109,"PedestrianRouteID":220013299,"Location":1,"FeatureType":1,"AliasNameEN":"Yu Chau Street","AliasNameTC":"汝州街","CrossingFeature":null,"WeatherProof":2,"WheelchairBarrier":2,"WheelchairAccess":2,"ObstaclesType":null,"Gradient":0.00020897,"Direction":0,"PositionCertainty":1,"Enabled":1,"DataSource":1,"LevelSource":2,"StreetNameEN":"Yu Chau Street","StreetNameTC":"汝州街","ST_CODE":12888,"FloorID":null,"BuildingID_1":null,"BuildingID_2":null,"SiteID":null,"TerminalID":null,"AccessTimeID":null,"CreationDate":1614441600000,"ModifiedBy":"LANDSD","LastAmendmentDate":1654963200000,"Shape__Length":30.147561741945403}},{"type":"Feature","id":171110,"geometry":{"type":"LineString","coordinates":[[114.16236768708561,22.329328660373942,4.404500000004191],[114.16232928833789,22.329358668280079,4.4033999999955995]]},"properties":{"OBJECTID":171110,"PedestrianRouteID":220013300,"Location":1,"FeatureType":1,"AliasNameEN":"Yu Chau Street","AliasNameTC":"汝州街","CrossingFeature":null,"WeatherProof":1,"WheelchairBarrier":2,"WheelchairAccess":2,"ObstaclesType":null,"Gradient":0.00021291999999999999,"Direction":0,"PositionCertainty":1,"Enabled":1,"DataSource":1,"LevelSource":2,"StreetNameEN":"Yu Chau Street","StreetNameTC":"汝州街","ST_CODE":12888,"FloorID":null,"BuildingID_1":null,"BuildingID_2":null,"SiteID":null,"TerminalID":null,"AccessTimeID":null,"CreationDate":1614441600000,"ModifiedBy":"LANDSD","LastAmendmentDate":1654963200000,"Shape__Length":5.166342444298083}},{"type":"Feature","id":171111,"geometry":{"type":"LineString","coordinates":[[114.162490719063,22.329232515461268,4.4079000000056112],[114.16236768708561,22.329328660373942,4.404500000004191]]},"properties":{"OBJECTID":171111,"PedestrianRouteID":220013301,"Location":1,"FeatureType":1,"AliasNameEN":"Yu Chau Street","AliasNameTC":"汝州街","CrossingFeature":null,"WeatherProof":2,"WheelchairBarrier":2,"WheelchairAccess":2,"ObstaclesType":null,"Gradient":0.00020540000000000001,"Direction":0,"PositionCertainty":1,"Enabled":1,"DataSource":1,"LevelSource":2,"StreetNameEN":"Yu Chau Street","StreetNameTC":"汝州街","ST_CODE":12888,"FloorID":null,"BuildingID_1":null,"BuildingID_2":null,"SiteID":null,"TerminalID":null,"AccessTimeID":null,"CreationDate":1614441600000,"ModifiedBy":"LANDSD","LastAmendmentDate":1654963200000,"Shape__Length":16.553124202485701}},{"type":"Feature","id":171112,"geometry":{"type":"LineString","coordinates":[[114.16256278209701,22.329176199878667,4.4098999999987427],[114.16255853413148,22.329179520050175,4.4098999999987427]]},"properties":{"OBJECTID":171112,"PedestrianRouteID":220013302,"Location":1,"FeatureType":1,"AliasNameEN":"Yu Chau Street","AliasNameTC":"汝州街","CrossingFeature":null,"WeatherProof":2,"WheelchairBarrier":2,"WheelchairAccess":2,"ObstaclesType":null,"Gradient":0,"Direction":0,"PositionCertainty":1,"Enabled":1,"DataSource":1,"LevelSource":2,"StreetNameEN":"Yu Chau Street","StreetNameTC":"汝州街","ST_CODE":12888,"FloorID":null,"BuildingID_1":null,"BuildingID_2":null,"SiteID":null,"TerminalID":null,"AccessTimeID":null,"CreationDate":1614441600000,"ModifiedBy":"LANDSD","LastAmendmentDate":1654963200000,"Shape__Length":0.57157418537081528}},{"type":"Feature","id":171113,"geometry":{"type":"LineString","coordinates":[[114.16255853413148,22.329179520050175,4.4098999999987427],[114.162490719063,22.329232515461268,4.4079000000056112]]},"properties":{"OBJECTID":171113,"PedestrianRouteID":220013303,"Location":1,"FeatureType":1,"AliasNameEN":"Yu Chau Street","AliasNameTC":"汝州街","CrossingFeature":null,"WeatherProof":1,"WheelchairBarrier":2,"WheelchairAccess":2,"ObstaclesType":null,"Gradient":0.00021919999999999999,"Direction":0,"PositionCertainty":1,"Enabled":1,"DataSource":1,"LevelSource":2,"StreetNameEN":"Yu Chau Street","StreetNameTC":"汝州街","ST_CODE":12888,"FloorID":null,"BuildingID_1":null,"BuildingID_2":null,"SiteID":null,"TerminalID":null,"AccessTimeID":null,"CreationDate":1614441600000,"ModifiedBy":"LANDSD","LastAmendmentDate":1654963200000,"Shape__Length":9.1240963182477195}},{"type":"Feature","id":171114,"geometry":{"type":"LineString","coordinates":[[114.16160215633653,22.33085631373352,4.4331999999994878],[114.16153887398788,22.330785908071025,4.4762999999948079]]},"properties":{"OBJECTID":171114,"PedestrianRouteID":220013304,"Location":1,"FeatureType":1,"AliasNameEN":"Kweilin Street","AliasNameTC":"桂林街","CrossingFeature":null,"WeatherProof":2,"WheelchairBarrier":2,"WheelchairAccess":2,"ObstaclesType":null,"Gradient":0.0042408599999999999,"Direction":0,"PositionCertainty":1,"Enabled":1,"DataSource":1,"LevelSource":2,"StreetNameEN":"Kweilin Street","StreetNameTC":"桂林街","ST_CODE":11114,"FloorID":null,"BuildingID_1":null,"BuildingID_2":null,"SiteID":null,"TerminalID":null,"AccessTimeID":null,"CreationDate":1614441600000,"ModifiedBy":"LANDSD","LastAmendmentDate":1654963200000,"Shape__Length":10.162969376182561}},{"type":"Feature","id":171115,"geometry":{"type":"LineString","coordinates":[[114.16147487543184,22.330714704915049,4.5200000000040745],[114.1614633665689,22.330701900265641,4.5277999999962049]]},"properties":{"OBJECTID":171115,"PedestrianRouteID":220013305,"Location":1,"FeatureType":1,"AliasNameEN":"Kweilin Street","AliasNameTC":"桂林街","CrossingFeature":null,"WeatherProof":2,"WheelchairBarrier":2,"WheelchairAccess":2,"ObstaclesType":null,"Gradient":0.0042200299999999996,"Direction":0,"PositionCertainty":1,"Enabled":1,"DataSource":1,"LevelSource":2,"StreetNameEN":"Kweilin Street","StreetNameTC":"桂林街","ST_CODE":11114,"FloorID":null,"BuildingID_1":null,"BuildingID_2":null,"SiteID":null,"TerminalID":null,"AccessTimeID":null,"CreationDate":1614441600000,"ModifiedBy":"LANDSD","LastAmendmentDate":1654963200000,"Shape__Length":1.8483177426612691}},{"type":"Feature","id":171116,"geometry":{"type":"LineString","coordinates":[[114.16153887398788,22.330785908071025,4.4762999999948079],[114.16147487543184,22.330714704915049,4.5200000000040745]]},"properties":{"OBJECTID":171116,"PedestrianRouteID":220013306,"Location":1,"FeatureType":1,"AliasNameEN":"Kweilin Street","AliasNameTC":"桂林街","CrossingFeature":null,"WeatherProof":1,"WheelchairBarrier":2,"WheelchairAccess":2,"ObstaclesType":null,"Gradient":0.0042517500000000003,"Direction":0,"PositionCertainty":1,"Enabled":1,"DataSource":1,"LevelSource":2,"StreetNameEN":"Kweilin Street","StreetNameTC":"桂林街","ST_CODE":11114,"FloorID":null,"BuildingID_1":null,"BuildingID_2":null,"SiteID":null,"TerminalID":null,"AccessTimeID":null,"CreationDate":1614441600000,"ModifiedBy":"LANDSD","LastAmendmentDate":1654963200000,"Shape__Length":10.27804903668846}},{"type":"Feature","id":171129,"geometry":{"type":"LineString","coordinates":[[114.16272014206497,22.33210297191437,5.5994000000064261],[114.16270979573162,22.332091390197288,5.5841999999975087]]},"properties":{"OBJECTID":171129,"PedestrianRouteID":220013319,"Location":1,"FeatureType":1,"AliasNameEN":"Kweilin Street","AliasNameTC":"桂林街","CrossingFeature":null,"WeatherProof":1,"WheelchairBarrier":2,"WheelchairAccess":2,"ObstaclesType":null,"Gradient":0.0091146200000000004,"Direction":0,"PositionCertainty":1,"Enabled":1,"DataSource":1,"LevelSource":2,"StreetNameEN":"Kweilin Street","StreetNameTC":"桂林街","ST_CODE":11114,"FloorID":null,"BuildingID_1":null,"BuildingID_2":null,"SiteID":null,"TerminalID":null,"AccessTimeID":null,"CreationDate":1614441600000,"ModifiedBy":"LANDSD","LastAmendmentDate":1654963200000,"Shape__Length":1.6676047977242872}},{"type":"Feature","id":171130,"geometry":{"type":"LineString","coordinates":[[114.16270613630959,22.332090802890697,5.5823999999993248],[114.16270533057877,22.332091424124396,5.5823999999993248]]},"properties":{"OBJECTID":171130,"PedestrianRouteID":220013320,"Location":1,"FeatureType":1,"AliasNameEN":"Kweilin Street","AliasNameTC":"桂林街","CrossingFeature":null,"WeatherProof":1,"WheelchairBarrier":2,"WheelchairAccess":2,"ObstaclesType":null,"Gradient":0,"Direction":0,"PositionCertainty":1,"Enabled":1,"DataSource":1,"LevelSource":2,"StreetNameEN":"Kweilin Street","StreetNameTC":"桂林街","ST_CODE":11114,"FloorID":null,"BuildingID_1":null,"BuildingID_2":null,"SiteID":null,"TerminalID":null,"AccessTimeID":null,"CreationDate":1614441600000,"ModifiedBy":"LANDSD","LastAmendmentDate":1654963200000,"Shape__Length":0.10780742091618596}},{"type":"Feature","id":171131,"geometry":{"type":"LineString","coordinates":[[114.16270979573162,22.332091390197288,5.5841999999975087],[114.16270799240273,22.332089371705475,5.5815000000002328]]},"properties":{"OBJECTID":171131,"PedestrianRouteID":220013321,"Location":1,"FeatureType":1,"AliasNameEN":"Kweilin Street","AliasNameTC":"桂林街","CrossingFeature":null,"WeatherProof":2,"WheelchairBarrier":2,"WheelchairAccess":2,"ObstaclesType":null,"Gradient":0.0092894499999999994,"Direction":0,"PositionCertainty":1,"Enabled":1,"DataSource":1,"LevelSource":2,"StreetNameEN":"Kweilin Street","StreetNameTC":"桂林街","ST_CODE":11114,"FloorID":null,"BuildingID_1":null,"BuildingID_2":null,"SiteID":null,"TerminalID":null,"AccessTimeID":null,"CreationDate":1614441600000,"ModifiedBy":"LANDSD","LastAmendmentDate":1654963200000,"Shape__Length":0.29064392334050615}},{"type":"Feature","id":171135,"geometry":{"type":"LineString","coordinates":[[114.16395401567482,22.328599048952004,4.9566000000049826],[114.16399485327376,22.328567540871042,4.9799999999959255]]},"properties":{"OBJECTID":171135,"PedestrianRouteID":220013325,"Location":1,"FeatureType":1,"AliasNameEN":"Apliu Street","AliasNameTC":"鴨寮街","CrossingFeature":null,"WeatherProof":1,"WheelchairBarrier":2,"WheelchairAccess":2,"ObstaclesType":null,"Gradient":0.0042812199999999996,"Direction":0,"PositionCertainty":1,"Enabled":1,"DataSource":1,"LevelSource":2,"StreetNameEN":"Apliu Street","StreetNameTC":"鴨寮街","ST_CODE":10025,"FloorID":null,"BuildingID_1":null,"BuildingID_2":null,"SiteID":null,"TerminalID":null,"AccessTimeID":null,"CreationDate":1614441600000,"ModifiedBy":"LANDSD","LastAmendmentDate":1654963200000,"Shape__Length":5.4657039787649833}},{"type":"Feature","id":171136,"geometry":{"type":"LineString","coordinates":[[114.16383362769685,22.328691936057879,4.8874999999970896],[114.16395401567482,22.328599048952004,4.9566000000049826]]},"properties":{"OBJECTID":171136,"PedestrianRouteID":220013326,"Location":1,"FeatureType":1,"AliasNameEN":"Apliu Street","AliasNameTC":"鴨寮街","CrossingFeature":null,"WeatherProof":2,"WheelchairBarrier":2,"WheelchairAccess":2,"ObstaclesType":null,"Gradient":0.00428847,"Direction":0,"PositionCertainty":1,"Enabled":1,"DataSource":1,"LevelSource":2,"StreetNameEN":"Apliu Street","StreetNameTC":"鴨寮街","ST_CODE":10025,"FloorID":null,"BuildingID_1":null,"BuildingID_2":null,"SiteID":null,"TerminalID":null,"AccessTimeID":null,"CreationDate":1614441600000,"ModifiedBy":"LANDSD","LastAmendmentDate":1654963200000,"Shape__Length":16.112881642576589}},{"type":"Feature","id":171137,"geometry":{"type":"LineString","coordinates":[[114.16125520406871,22.332277928953452,5.060299999997369],[114.16124607203956,22.332285008050178,5.0672999999951571]]},"properties":{"OBJECTID":171137,"PedestrianRouteID":220013327,"Location":1,"FeatureType":1,"AliasNameEN":"Fuk Wa Street","AliasNameTC":"福華街","CrossingFeature":null,"WeatherProof":1,"WheelchairBarrier":2,"WheelchairAccess":2,"ObstaclesType":null,"Gradient":0.0057162300000000001,"Direction":0,"PositionCertainty":1,"Enabled":1,"DataSource":1,"LevelSource":2,"StreetNameEN":"Fuk Wa Street","StreetNameTC":"福華街","ST_CODE":10560,"FloorID":null,"BuildingID_1":null,"BuildingID_2":null,"SiteID":null,"TerminalID":null,"AccessTimeID":null,"CreationDate":1614441600000,"ModifiedBy":"LANDSD","LastAmendmentDate":1654963200000,"Shape__Length":1.2245703288348091}},{"type":"Feature","id":171138,"geometry":{"type":"LineString","coordinates":[[114.16115831291378,22.332149368404295,4.9585999999981141],[114.16126541753408,22.332270011019222,5.0525000000052387],[114.16126475158624,22.332270527504431,5.0525000000052387]]},"properties":{"OBJECTID":171138,"PedestrianRouteID":220013328,"Location":1,"FeatureType":1,"AliasNameEN":"Yen Chow Street","AliasNameTC":"欽州街","CrossingFeature":null,"WeatherProof":2,"WheelchairBarrier":2,"WheelchairAccess":2,"ObstaclesType":null,"Gradient":0.0053914899999999997,"Direction":0,"PositionCertainty":1,"Enabled":1,"DataSource":1,"LevelSource":2,"StreetNameEN":"Yen Chow Street","StreetNameTC":"欽州街","ST_CODE":12852,"FloorID":null,"BuildingID_1":null,"BuildingID_2":null,"SiteID":null,"TerminalID":null,"AccessTimeID":null,"CreationDate":1614441600000,"ModifiedBy":"LANDSD","LastAmendmentDate":1654963200000,"Shape__Length":17.416157636193308}},{"type":"Feature","id":171139,"geometry":{"type":"LineString","coordinates":[[114.16111559360222,22.332101249337168,4.9211000000068452],[114.16112168582163,22.332108112265573,4.9263999999966472]]},"properties":{"OBJECTID":171139,"PedestrianRouteID":220013329,"Location":1,"FeatureType":1,"AliasNameEN":"Yen Chow Street","AliasNameTC":"欽州街","CrossingFeature":null,"WeatherProof":2,"WheelchairBarrier":2,"WheelchairAccess":2,"ObstaclesType":null,"Gradient":0.0053772500000000001,"Direction":0,"PositionCertainty":1,"Enabled":1,"DataSource":1,"LevelSource":2,"StreetNameEN":"Yen Chow Street","StreetNameTC":"欽州街","ST_CODE":12852,"FloorID":null,"BuildingID_1":null,"BuildingID_2":null,"SiteID":null,"TerminalID":null,"AccessTimeID":null,"CreationDate":1614441600000,"ModifiedBy":"LANDSD","LastAmendmentDate":1654963200000,"Shape__Length":0.98562431991423294}},{"type":"Feature","id":171140,"geometry":{"type":"LineString","coordinates":[[114.16112168582163,22.332108112265573,4.9263999999966472],[114.16115831291378,22.332149368404295,4.9585999999981141]]},"properties":{"OBJECTID":171140,"PedestrianRouteID":220013330,"Location":1,"FeatureType":1,"AliasNameEN":"Yen Chow Street","AliasNameTC":"欽州街","CrossingFeature":null,"WeatherProof":1,"WheelchairBarrier":2,"WheelchairAccess":2,"ObstaclesType":null,"Gradient":0.0054342799999999997,"Direction":0,"PositionCertainty":1,"Enabled":1,"DataSource":1,"LevelSource":2,"StreetNameEN":"Yen Chow Street","StreetNameTC":"欽州街","ST_CODE":12852,"FloorID":null,"BuildingID_1":null,"BuildingID_2":null,"SiteID":null,"TerminalID":null,"AccessTimeID":null,"CreationDate":1614441600000,"ModifiedBy":"LANDSD","LastAmendmentDate":1654963200000,"Shape__Length":5.9252935830459315}},{"type":"Feature","id":171141,"geometry":{"type":"LineString","coordinates":[[114.16387543836488,22.329360239614068,4.6782999999995809],[114.16388464967345,22.329353074582283,4.6839000000036322]]},"properties":{"OBJECTID":171141,"PedestrianRouteID":220013331,"Location":1,"FeatureType":1,"AliasNameEN":"Cheung Sha Wan Road","AliasNameTC":"長沙灣道","CrossingFeature":null,"WeatherProof":2,"WheelchairBarrier":2,"WheelchairAccess":2,"ObstaclesType":null,"Gradient":0.0045272200000000002,"Direction":0,"PositionCertainty":1,"Enabled":1,"DataSource":1,"LevelSource":2,"StreetNameEN":"Cheung Sha Wan Road","StreetNameTC":"長沙灣道","ST_CODE":10206,"FloorID":null,"BuildingID_1":null,"BuildingID_2":null,"SiteID":null,"TerminalID":null,"AccessTimeID":null,"CreationDate":1614441600000,"ModifiedBy":"LANDSD","LastAmendmentDate":1654963200000,"Shape__Length":1.2369532979601041}},{"type":"Feature","id":171142,"geometry":{"type":"LineString","coordinates":[[114.16388464967345,22.329353074582283,4.6839000000036322],[114.16397420385185,22.329283410760684,4.7382000000070548]]},"properties":{"OBJECTID":171142,"PedestrianRouteID":220013332,"Location":1,"FeatureType":1,"AliasNameEN":"Cheung Sha Wan Road","AliasNameTC":"長沙灣道","CrossingFeature":null,"WeatherProof":1,"WheelchairBarrier":2,"WheelchairAccess":2,"ObstaclesType":null,"Gradient":0.0045151200000000001,"Direction":0,"PositionCertainty":1,"Enabled":1,"DataSource":1,"LevelSource":2,"StreetNameEN":"Cheung Sha Wan Road","StreetNameTC":"長沙灣道","ST_CODE":10206,"FloorID":null,"BuildingID_1":null,"BuildingID_2":null,"SiteID":null,"TerminalID":null,"AccessTimeID":null,"CreationDate":1614441600000,"ModifiedBy":"LANDSD","LastAmendmentDate":1654963200000,"Shape__Length":12.026189344737332}},{"type":"Feature","id":171143,"geometry":{"type":"LineString","coordinates":[[114.16397420385185,22.329283410760684,4.7382000000070548],[114.16413692015136,22.329156834674166,4.8368000000045868]]},"properties":{"OBJECTID":171143,"PedestrianRouteID":220013333,"Location":1,"FeatureType":1,"AliasNameEN":"Cheung Sha Wan Road","AliasNameTC":"長沙灣道","CrossingFeature":null,"WeatherProof":2,"WheelchairBarrier":2,"WheelchairAccess":2,"ObstaclesType":null,"Gradient":0.0045123300000000002,"Direction":0,"PositionCertainty":1,"Enabled":1,"DataSource":1,"LevelSource":2,"StreetNameEN":"Cheung Sha Wan Road","StreetNameTC":"長沙灣道","ST_CODE":10206,"FloorID":null,"BuildingID_1":null,"BuildingID_2":null,"SiteID":null,"TerminalID":null,"AccessTimeID":null,"CreationDate":1614441600000,"ModifiedBy":"LANDSD","LastAmendmentDate":1654963200000,"Shape__Length":21.85108843192733}},{"type":"Feature","id":171145,"geometry":{"type":"LineString","coordinates":[[114.16413692015136,22.329156834674166,4.8368000000045868],[114.16435939724546,22.328983769974727,4.9716999999945983]]},"properties":{"OBJECTID":171145,"PedestrianRouteID":220013335,"Location":1,"FeatureType":1,"AliasNameEN":"Cheung Sha Wan Road","AliasNameTC":"長沙灣道","CrossingFeature":null,"WeatherProof":1,"WheelchairBarrier":2,"WheelchairAccess":2,"ObstaclesType":null,"Gradient":0.0045152300000000003,"Direction":0,"PositionCertainty":1,"Enabled":1,"DataSource":1,"LevelSource":2,"StreetNameEN":"Cheung Sha Wan Road","StreetNameTC":"長沙灣道","ST_CODE":10206,"FloorID":null,"BuildingID_1":null,"BuildingID_2":null,"SiteID":null,"TerminalID":null,"AccessTimeID":null,"CreationDate":1614441600000,"ModifiedBy":"LANDSD","LastAmendmentDate":1654963200000,"Shape__Length":29.876426570697891}},{"type":"Feature","id":171147,"geometry":{"type":"LineString","coordinates":[[114.16279970917446,22.328132708592062,4.2789000000047963],[114.16278771770502,22.328142102973722,4.2633999999961816]]},"properties":{"OBJECTID":171147,"PedestrianRouteID":220013337,"Location":1,"FeatureType":1,"AliasNameEN":"Ki Lung Street","AliasNameTC":"基隆街","CrossingFeature":null,"WeatherProof":2,"WheelchairBarrier":2,"WheelchairAccess":2,"ObstaclesType":null,"Gradient":0.0095969100000000002,"Direction":0,"PositionCertainty":1,"Enabled":1,"DataSource":1,"LevelSource":2,"StreetNameEN":"Ki Lung Street","StreetNameTC":"基隆街","ST_CODE":10989,"FloorID":null,"BuildingID_1":null,"BuildingID_2":null,"SiteID":null,"TerminalID":null,"AccessTimeID":null,"CreationDate":1614441600000,"ModifiedBy":"LANDSD","LastAmendmentDate":1654963200000,"Shape__Length":1.6150536357331908}},{"type":"Feature","id":171148,"geometry":{"type":"LineString","coordinates":[[114.16099838113722,22.330186360998589,4.3793000000005122],[114.16099690493061,22.330184724512893,4.3831999999965774]]},"properties":{"OBJECTID":171148,"PedestrianRouteID":220013338,"Location":1,"FeatureType":1,"AliasNameEN":"Kweilin Street","AliasNameTC":"桂林街","CrossingFeature":null,"WeatherProof":1,"WheelchairBarrier":2,"WheelchairAccess":2,"ObstaclesType":null,"Gradient":0.016483749999999998,"Direction":0,"PositionCertainty":1,"Enabled":1,"DataSource":1,"LevelSource":2,"StreetNameEN":"Kweilin Street","StreetNameTC":"桂林街","ST_CODE":11114,"FloorID":null,"BuildingID_1":null,"BuildingID_2":null,"SiteID":null,"TerminalID":null,"AccessTimeID":null,"CreationDate":1614441600000,"ModifiedBy":"LANDSD","LastAmendmentDate":1654963200000,"Shape__Length":0.23657525167763924}},{"type":"Feature","id":171149,"geometry":{"type":"LineString","coordinates":[[114.1608590096146,22.330310749914528,4.3246000000071945],[114.16087986925629,22.330294613415582,4.3289999999979045]]},"properties":{"OBJECTID":171149,"PedestrianRouteID":220013339,"Location":1,"FeatureType":1,"AliasNameEN":"Yu Chau Street","AliasNameTC":"汝州街","CrossingFeature":null,"WeatherProof":2,"WheelchairBarrier":2,"WheelchairAccess":2,"ObstaclesType":null,"Gradient":0.0015743300000000001,"Direction":0,"PositionCertainty":1,"Enabled":1,"DataSource":1,"LevelSource":2,"StreetNameEN":"Yu Chau Street","StreetNameTC":"汝州街","ST_CODE":12888,"FloorID":null,"BuildingID_1":null,"BuildingID_2":null,"SiteID":null,"TerminalID":null,"AccessTimeID":null,"CreationDate":1614441600000,"ModifiedBy":"LANDSD","LastAmendmentDate":1654963200000,"Shape__Length":2.7948287687792837}},{"type":"Feature","id":171150,"geometry":{"type":"LineString","coordinates":[[114.16099950794583,22.330187610038159,4.376300000003539],[114.16099838113722,22.330186360998589,4.3793000000005122]]},"properties":{"OBJECTID":171150,"PedestrianRouteID":220013340,"Location":1,"FeatureType":1,"AliasNameEN":"Kweilin Street","AliasNameTC":"桂林街","CrossingFeature":null,"WeatherProof":2,"WheelchairBarrier":2,"WheelchairAccess":2,"ObstaclesType":null,"Gradient":0.01661238,"Direction":0,"PositionCertainty":1,"Enabled":1,"DataSource":1,"LevelSource":2,"StreetNameEN":"Kweilin Street","StreetNameTC":"桂林街","ST_CODE":11114,"FloorID":null,"BuildingID_1":null,"BuildingID_2":null,"SiteID":null,"TerminalID":null,"AccessTimeID":null,"CreationDate":1614441600000,"ModifiedBy":"LANDSD","LastAmendmentDate":1654963200000,"Shape__Length":0.18057159240518927}},{"type":"Feature","id":171151,"geometry":{"type":"LineString","coordinates":[[114.16087986925629,22.330294613415582,4.3289999999979045],[114.16100718790962,22.330196117596522,4.3559999999997672]]},"properties":{"OBJECTID":171151,"PedestrianRouteID":220013341,"Location":1,"FeatureType":1,"AliasNameEN":"Yu Chau Street","AliasNameTC":"汝州街","CrossingFeature":null,"WeatherProof":1,"WheelchairBarrier":2,"WheelchairAccess":2,"ObstaclesType":null,"Gradient":0.00158275,"Direction":0,"PositionCertainty":1,"Enabled":1,"DataSource":1,"LevelSource":2,"StreetNameEN":"Yu Chau Street","StreetNameTC":"汝州街","ST_CODE":12888,"FloorID":null,"BuildingID_1":null,"BuildingID_2":null,"SiteID":null,"TerminalID":null,"AccessTimeID":null,"CreationDate":1614441600000,"ModifiedBy":"LANDSD","LastAmendmentDate":1654963200000,"Shape__Length":17.058860632048575}},{"type":"Feature","id":171152,"geometry":{"type":"LineString","coordinates":[[114.16100401702063,22.328033773899637,4.1165000000037253],[114.1609964384479,22.328039594274305,4.1180000000022119]]},"properties":{"OBJECTID":171152,"PedestrianRouteID":220013342,"Location":1,"FeatureType":1,"AliasNameEN":"Lai Chi Kok Road","AliasNameTC":"荔枝角道","CrossingFeature":null,"WeatherProof":2,"WheelchairBarrier":2,"WheelchairAccess":2,"ObstaclesType":null,"Gradient":0.0014815900000000001,"Direction":0,"PositionCertainty":1,"Enabled":1,"DataSource":1,"LevelSource":2,"StreetNameEN":"Lai Chi Kok Road","StreetNameTC":"荔枝角道","ST_CODE":11149,"FloorID":null,"BuildingID_1":null,"BuildingID_2":null,"SiteID":null,"TerminalID":null,"AccessTimeID":null,"CreationDate":1614441600000,"ModifiedBy":"LANDSD","LastAmendmentDate":1654963200000,"Shape__Length":1.0124236515927205}},{"type":"Feature","id":171158,"geometry":{"type":"LineString","coordinates":[[114.16418888154787,22.331895102617615,6.5872999999992317],[114.1640843582732,22.331778661350956,5.9369000000006054]]},"properties":{"OBJECTID":171158,"PedestrianRouteID":220013348,"Location":1,"FeatureType":1,"AliasNameEN":"Pei Ho Street","AliasNameTC":"北河街","CrossingFeature":null,"WeatherProof":1,"WheelchairBarrier":2,"WheelchairAccess":2,"ObstaclesType":null,"Gradient":0.038697139999999998,"Direction":0,"PositionCertainty":1,"Enabled":1,"DataSource":1,"LevelSource":2,"StreetNameEN":"Pei Ho Street","StreetNameTC":"北河街","ST_CODE":11675,"FloorID":null,"BuildingID_1":null,"BuildingID_2":null,"SiteID":null,"TerminalID":null,"AccessTimeID":null,"CreationDate":1614441600000,"ModifiedBy":"LANDSD","LastAmendmentDate":1654963200000,"Shape__Length":16.799051195604196}},{"type":"Feature","id":171159,"geometry":{"type":"LineString","coordinates":[[114.1643414335643,22.332065051905342,7.1576999999961117],[114.16419424694666,22.331901080377186,6.6206999999994878],[114.16418888154787,22.331895102617615,6.5872999999992317]]},"properties":{"OBJECTID":171159,"PedestrianRouteID":220013349,"Location":1,"FeatureType":1,"AliasNameEN":"Pei Ho Street","AliasNameTC":"北河街","CrossingFeature":null,"WeatherProof":2,"WheelchairBarrier":2,"WheelchairAccess":2,"ObstaclesType":null,"Gradient":0.023259869999999998,"Direction":0,"PositionCertainty":1,"Enabled":1,"DataSource":1,"LevelSource":2,"StreetNameEN":"Pei Ho Street","StreetNameTC":"北河街","ST_CODE":11675,"FloorID":null,"BuildingID_1":null,"BuildingID_2":null,"SiteID":null,"TerminalID":null,"AccessTimeID":null,"CreationDate":1614441600000,"ModifiedBy":"LANDSD","LastAmendmentDate":1654963200000,"Shape__Length":24.518501794787294}},{"type":"Feature","id":171168,"geometry":{"type":"LineString","coordinates":[[114.1613315517081,22.330342617756035,4.4073999999964144],[114.16134941962279,22.330362253755109,4.4213000000017928]]},"properties":{"OBJECTID":171168,"PedestrianRouteID":220013358,"Location":1,"FeatureType":1,"AliasNameEN":"Kweilin Street","AliasNameTC":"桂林街","CrossingFeature":null,"WeatherProof":2,"WheelchairBarrier":2,"WheelchairAccess":2,"ObstaclesType":null,"Gradient":0.0048789799999999998,"Direction":0,"PositionCertainty":1,"Enabled":1,"DataSource":1,"LevelSource":2,"StreetNameEN":"Kweilin Street","StreetNameTC":"桂林街","ST_CODE":11114,"FloorID":null,"BuildingID_1":null,"BuildingID_2":null,"SiteID":null,"TerminalID":null,"AccessTimeID":null,"CreationDate":1614441600000,"ModifiedBy":"LANDSD","LastAmendmentDate":1654963200000,"Shape__Length":2.8489342991905873}},{"type":"Feature","id":171169,"geometry":{"type":"LineString","coordinates":[[114.16121987492789,22.330219892264417,4.3225999999995111],[114.1613315517081,22.330342617756035,4.4073999999964144]]},"properties":{"OBJECTID":171169,"PedestrianRouteID":220013359,"Location":1,"FeatureType":1,"AliasNameEN":"Kweilin Street","AliasNameTC":"桂林街","CrossingFeature":null,"WeatherProof":1,"WheelchairBarrier":2,"WheelchairAccess":2,"ObstaclesType":null,"Gradient":0.00476239,"Direction":0,"PositionCertainty":1,"Enabled":1,"DataSource":1,"LevelSource":2,"StreetNameEN":"Kweilin Street","StreetNameTC":"桂林街","ST_CODE":11114,"FloorID":null,"BuildingID_1":null,"BuildingID_2":null,"SiteID":null,"TerminalID":null,"AccessTimeID":null,"CreationDate":1614441600000,"ModifiedBy":"LANDSD","LastAmendmentDate":1654963200000,"Shape__Length":17.806039079307201}},{"type":"Feature","id":171170,"geometry":{"type":"LineString","coordinates":[[114.16092488708946,22.331964010164768,4.8603000000002794],[114.16090847527343,22.331976664008327,4.8695000000006985]]},"properties":{"OBJECTID":171170,"PedestrianRouteID":220013360,"Location":1,"FeatureType":1,"AliasNameEN":"Cheung Sha Wan Road","AliasNameTC":"長沙灣道","CrossingFeature":null,"WeatherProof":1,"WheelchairBarrier":2,"WheelchairAccess":2,"ObstaclesType":null,"Gradient":0.0041895700000000001,"Direction":0,"PositionCertainty":1,"Enabled":1,"DataSource":1,"LevelSource":2,"StreetNameEN":"Cheung Sha Wan Road","StreetNameTC":"長沙灣道","ST_CODE":10206,"FloorID":null,"BuildingID_1":null,"BuildingID_2":null,"SiteID":null,"TerminalID":null,"AccessTimeID":null,"CreationDate":1614441600000,"ModifiedBy":"LANDSD","LastAmendmentDate":1654963200000,"Shape__Length":2.1959167373874537}},{"type":"Feature","id":171171,"geometry":{"type":"LineString","coordinates":[[114.16090847527343,22.331976664008327,4.8695000000006985],[114.16080950825116,22.332052972591118,4.9247999999934109]]},"properties":{"OBJECTID":171171,"PedestrianRouteID":220013361,"Location":1,"FeatureType":1,"AliasNameEN":"Cheung Sha Wan Road","AliasNameTC":"長沙灣道","CrossingFeature":null,"WeatherProof":2,"WheelchairBarrier":2,"WheelchairAccess":2,"ObstaclesType":null,"Gradient":0.0041760499999999997,"Direction":0,"PositionCertainty":1,"Enabled":1,"DataSource":1,"LevelSource":2,"StreetNameEN":"Cheung Sha Wan Road","StreetNameTC":"長沙灣道","ST_CODE":10206,"FloorID":null,"BuildingID_1":null,"BuildingID_2":null,"SiteID":null,"TerminalID":null,"AccessTimeID":null,"CreationDate":1614441600000,"ModifiedBy":"LANDSD","LastAmendmentDate":1654963200000,"Shape__Length":13.242091952738601}},{"type":"Feature","id":171172,"geometry":{"type":"LineString","coordinates":[[114.16204276076674,22.331666746231754,5.1067000000039116],[114.16205255380842,22.331659109059974,5.1036000000021886]]},"properties":{"OBJECTID":171172,"PedestrianRouteID":220013362,"Location":1,"FeatureType":1,"AliasNameEN":"Fuk Wa Street","AliasNameTC":"福華街","CrossingFeature":null,"WeatherProof":2,"WheelchairBarrier":2,"WheelchairAccess":2,"ObstaclesType":null,"Gradient":0.0023548000000000002,"Direction":0,"PositionCertainty":1,"Enabled":1,"DataSource":1,"LevelSource":2,"StreetNameEN":"Fuk Wa Street","StreetNameTC":"福華街","ST_CODE":10560,"FloorID":null,"BuildingID_1":null,"BuildingID_2":null,"SiteID":null,"TerminalID":null,"AccessTimeID":null,"CreationDate":1614441600000,"ModifiedBy":"LANDSD","LastAmendmentDate":1654963200000,"Shape__Length":1.3164554981993273}},{"type":"Feature","id":171173,"geometry":{"type":"LineString","coordinates":[[114.16205255380842,22.331659109059974,5.1036000000021886],[114.16212470562158,22.331602842462903,5.0806000000011409]]},"properties":{"OBJECTID":171173,"PedestrianRouteID":220013363,"Location":1,"FeatureType":1,"AliasNameEN":"Fuk Wa Street","AliasNameTC":"福華街","CrossingFeature":null,"WeatherProof":1,"WheelchairBarrier":2,"WheelchairAccess":2,"ObstaclesType":null,"Gradient":0.0023713499999999999,"Direction":0,"PositionCertainty":1,"Enabled":1,"DataSource":1,"LevelSource":2,"StreetNameEN":"Fuk Wa Street","StreetNameTC":"福華街","ST_CODE":10560,"FloorID":null,"BuildingID_1":null,"BuildingID_2":null,"SiteID":null,"TerminalID":null,"AccessTimeID":null,"CreationDate":1614441600000,"ModifiedBy":"LANDSD","LastAmendmentDate":1654963200000,"Shape__Length":9.6990928550461373}},{"type":"Feature","id":171174,"geometry":{"type":"LineString","coordinates":[[114.16212470562158,22.331602842462903,5.0806000000011409],[114.16212683158733,22.331601184641187,5.0806000000011409]]},"properties":{"OBJECTID":171174,"PedestrianRouteID":220013364,"Location":1,"FeatureType":1,"AliasNameEN":"Fuk Wa Street","AliasNameTC":"福華街","CrossingFeature":null,"WeatherProof":2,"WheelchairBarrier":2,"WheelchairAccess":2,"ObstaclesType":null,"Gradient":0,"Direction":0,"PositionCertainty":1,"Enabled":1,"DataSource":1,"LevelSource":2,"StreetNameEN":"Fuk Wa Street","StreetNameTC":"福華街","ST_CODE":10560,"FloorID":null,"BuildingID_1":null,"BuildingID_2":null,"SiteID":null,"TerminalID":null,"AccessTimeID":null,"CreationDate":1614441600000,"ModifiedBy":"LANDSD","LastAmendmentDate":1654963200000,"Shape__Length":0.28577956454382153}},{"type":"Feature","id":171175,"geometry":{"type":"LineString","coordinates":[[114.16219896295499,22.33154493336075,5.0571000000054482],[114.16221475818682,22.331532616170801,5.051900000005844]]},"properties":{"OBJECTID":171175,"PedestrianRouteID":220013365,"Location":1,"FeatureType":1,"AliasNameEN":"Fuk Wa Street","AliasNameTC":"福華街","CrossingFeature":null,"WeatherProof":2,"WheelchairBarrier":2,"WheelchairAccess":2,"ObstaclesType":null,"Gradient":0.0024490599999999999,"Direction":0,"PositionCertainty":1,"Enabled":1,"DataSource":1,"LevelSource":2,"StreetNameEN":"Fuk Wa Street","StreetNameTC":"福華街","ST_CODE":10560,"FloorID":null,"BuildingID_1":null,"BuildingID_2":null,"SiteID":null,"TerminalID":null,"AccessTimeID":null,"CreationDate":1614441600000,"ModifiedBy":"LANDSD","LastAmendmentDate":1654963200000,"Shape__Length":2.1232576904872316}},{"type":"Feature","id":171176,"geometry":{"type":"LineString","coordinates":[[114.16212683158733,22.331601184641187,5.0806000000011409],[114.16219896295499,22.33154493336075,5.0571000000054482]]},"properties":{"OBJECTID":171176,"PedestrianRouteID":220013366,"Location":1,"FeatureType":1,"AliasNameEN":"Fuk Wa Street","AliasNameTC":"福華街","CrossingFeature":null,"WeatherProof":1,"WheelchairBarrier":2,"WheelchairAccess":2,"ObstaclesType":null,"Gradient":0.0024235799999999998,"Direction":0,"PositionCertainty":1,"Enabled":1,"DataSource":1,"LevelSource":2,"StreetNameEN":"Fuk Wa Street","StreetNameTC":"福華街","ST_CODE":10560,"FloorID":null,"BuildingID_1":null,"BuildingID_2":null,"SiteID":null,"TerminalID":null,"AccessTimeID":null,"CreationDate":1614441600000,"ModifiedBy":"LANDSD","LastAmendmentDate":1654963200000,"Shape__Length":9.6963914040860004}},{"type":"Feature","id":171177,"geometry":{"type":"LineString","coordinates":[[114.16164767355137,22.331974847552797,5.1027000000030966],[114.16163913857821,22.331981503193681,5.1013999999995576]]},"properties":{"OBJECTID":171177,"PedestrianRouteID":220013367,"Location":1,"FeatureType":1,"AliasNameEN":"Fuk Wa Street","AliasNameTC":"福華街","CrossingFeature":null,"WeatherProof":2,"WheelchairBarrier":2,"WheelchairAccess":2,"ObstaclesType":null,"Gradient":0.00113309,"Direction":0,"PositionCertainty":1,"Enabled":1,"DataSource":1,"LevelSource":2,"StreetNameEN":"Fuk Wa Street","StreetNameTC":"福華街","ST_CODE":10560,"FloorID":null,"BuildingID_1":null,"BuildingID_2":null,"SiteID":null,"TerminalID":null,"AccessTimeID":null,"CreationDate":1614441600000,"ModifiedBy":"LANDSD","LastAmendmentDate":1654963200000,"Shape__Length":1.1473051262221223}},{"type":"Feature","id":171178,"geometry":{"type":"LineString","coordinates":[[114.16163913857821,22.331981503193681,5.1013999999995576],[114.16152084388321,22.332073752081218,5.0673999999999069]]},"properties":{"OBJECTID":171178,"PedestrianRouteID":220013368,"Location":1,"FeatureType":1,"AliasNameEN":"Fuk Wa Street","AliasNameTC":"福華街","CrossingFeature":null,"WeatherProof":1,"WheelchairBarrier":2,"WheelchairAccess":2,"ObstaclesType":null,"Gradient":0.00108793,"Direction":0,"PositionCertainty":1,"Enabled":1,"DataSource":1,"LevelSource":2,"StreetNameEN":"Fuk Wa Street","StreetNameTC":"福華街","ST_CODE":10560,"FloorID":null,"BuildingID_1":null,"BuildingID_2":null,"SiteID":null,"TerminalID":null,"AccessTimeID":null,"CreationDate":1614441600000,"ModifiedBy":"LANDSD","LastAmendmentDate":1689004800000,"Shape__Length":15.901764475769616}},{"type":"Feature","id":171179,"geometry":{"type":"LineString","coordinates":[[114.16222479708833,22.329704145521948,4.4048000000038883],[114.16224333372855,22.329724827225814,4.4024000000063097]]},"properties":{"OBJECTID":171179,"PedestrianRouteID":220013369,"Location":1,"FeatureType":1,"AliasNameEN":"Pei Ho Street","AliasNameTC":"北河街","CrossingFeature":null,"WeatherProof":2,"WheelchairBarrier":2,"WheelchairAccess":2,"ObstaclesType":null,"Gradient":0.00080484999999999997,"Direction":0,"PositionCertainty":1,"Enabled":1,"DataSource":1,"LevelSource":2,"StreetNameEN":"Pei Ho Street","StreetNameTC":"北河街","ST_CODE":11675,"FloorID":null,"BuildingID_1":null,"BuildingID_2":null,"SiteID":null,"TerminalID":null,"AccessTimeID":null,"CreationDate":1614441600000,"ModifiedBy":"LANDSD","LastAmendmentDate":1654963200000,"Shape__Length":2.9819151584337011}},{"type":"Feature","id":171180,"geometry":{"type":"LineString","coordinates":[[114.16208573606461,22.329548995645382,4.4226999999955297],[114.16209498737886,22.329559317539918,4.4214999999967404]]},"properties":{"OBJECTID":171180,"PedestrianRouteID":220013370,"Location":1,"FeatureType":1,"AliasNameEN":"Pei Ho Street","AliasNameTC":"北河街","CrossingFeature":null,"WeatherProof":2,"WheelchairBarrier":2,"WheelchairAccess":2,"ObstaclesType":null,"Gradient":0.00080632999999999996,"Direction":0,"PositionCertainty":1,"Enabled":1,"DataSource":1,"LevelSource":2,"StreetNameEN":"Pei Ho Street","StreetNameTC":"北河街","ST_CODE":11675,"FloorID":null,"BuildingID_1":null,"BuildingID_2":null,"SiteID":null,"TerminalID":null,"AccessTimeID":null,"CreationDate":1614441600000,"ModifiedBy":"LANDSD","LastAmendmentDate":1654963200000,"Shape__Length":1.4882239910331034}},{"type":"Feature","id":171181,"geometry":{"type":"LineString","coordinates":[[114.16209498737886,22.329559317539918,4.4214999999967404],[114.16222479708833,22.329704145521948,4.4048000000038883]]},"properties":{"OBJECTID":171181,"PedestrianRouteID":220013371,"Location":1,"FeatureType":1,"AliasNameEN":"Pei Ho Street","AliasNameTC":"北河街","CrossingFeature":null,"WeatherProof":1,"WheelchairBarrier":2,"WheelchairAccess":2,"ObstaclesType":null,"Gradient":0.00079973999999999996,"Direction":0,"PositionCertainty":1,"Enabled":1,"DataSource":1,"LevelSource":2,"StreetNameEN":"Pei Ho Street","StreetNameTC":"北河街","ST_CODE":11675,"FloorID":null,"BuildingID_1":null,"BuildingID_2":null,"SiteID":null,"TerminalID":null,"AccessTimeID":null,"CreationDate":1614441600000,"ModifiedBy":"LANDSD","LastAmendmentDate":1654963200000,"Shape__Length":20.881690197113542}},{"type":"Feature","id":171197,"geometry":{"type":"LineString","coordinates":[[114.1628374937947,22.332562025427741,5.9453000000066822],[114.16281734561795,22.332577531901176,5.9382999999943422]]},"properties":{"OBJECTID":171197,"PedestrianRouteID":220013387,"Location":1,"FeatureType":1,"AliasNameEN":"Un Chau Street","AliasNameTC":"元州街","CrossingFeature":null,"WeatherProof":1,"WheelchairBarrier":2,"WheelchairAccess":2,"ObstaclesType":null,"Gradient":0.0025985100000000001,"Direction":0,"PositionCertainty":1,"Enabled":1,"DataSource":1,"LevelSource":2,"StreetNameEN":"Un Chau Street","StreetNameTC":"元州街","ST_CODE":12556,"FloorID":null,"BuildingID_1":null,"BuildingID_2":null,"SiteID":null,"TerminalID":null,"AccessTimeID":null,"CreationDate":1614441600000,"ModifiedBy":"LANDSD","LastAmendmentDate":1654963200000,"Shape__Length":2.6938484619798642}},{"type":"Feature","id":171198,"geometry":{"type":"LineString","coordinates":[[114.16295939526545,22.332468207281543,5.9878000000026077],[114.1628374937947,22.332562025427741,5.9453000000066822]]},"properties":{"OBJECTID":171198,"PedestrianRouteID":220013388,"Location":1,"FeatureType":1,"AliasNameEN":"Un Chau Street","AliasNameTC":"元州街","CrossingFeature":null,"WeatherProof":2,"WheelchairBarrier":2,"WheelchairAccess":2,"ObstaclesType":null,"Gradient":0.0026075999999999998,"Direction":0,"PositionCertainty":1,"Enabled":1,"DataSource":1,"LevelSource":2,"StreetNameEN":"Un Chau Street","StreetNameTC":"元州街","ST_CODE":12556,"FloorID":null,"BuildingID_1":null,"BuildingID_2":null,"SiteID":null,"TerminalID":null,"AccessTimeID":null,"CreationDate":1614441600000,"ModifiedBy":"LANDSD","LastAmendmentDate":1654963200000,"Shape__Length":16.298464998894691}},{"type":"Feature","id":171201,"geometry":{"type":"LineString","coordinates":[[114.16409367973075,22.332334623432708,7.7332000000023982],[114.16384017827598,22.332532927486103,8.3684999999968568]]},"properties":{"OBJECTID":171201,"PedestrianRouteID":220013391,"Location":1,"FeatureType":1,"AliasNameEN":"Tai Po Road","AliasNameTC":"大埔道","CrossingFeature":null,"WeatherProof":1,"WheelchairBarrier":2,"WheelchairAccess":2,"ObstaclesType":null,"Gradient":0.01861695,"Direction":0,"PositionCertainty":1,"Enabled":1,"DataSource":1,"LevelSource":2,"StreetNameEN":"Tai Po Road","StreetNameTC":"大埔道","ST_CODE":12254,"FloorID":null,"BuildingID_1":null,"BuildingID_2":null,"SiteID":null,"TerminalID":null,"AccessTimeID":null,"CreationDate":1614441600000,"ModifiedBy":"LANDSD","LastAmendmentDate":1654963200000,"Shape__Length":34.120868107911342}},{"type":"Feature","id":171202,"geometry":{"type":"LineString","coordinates":[[114.16410336398508,22.332327047536985,7.7088999999978114],[114.16409367973075,22.332334623432708,7.7332000000023982]]},"properties":{"OBJECTID":171202,"PedestrianRouteID":220013392,"Location":1,"FeatureType":1,"AliasNameEN":"Tai Po Road","AliasNameTC":"大埔道","CrossingFeature":null,"WeatherProof":2,"WheelchairBarrier":2,"WheelchairAccess":2,"ObstaclesType":null,"Gradient":0.018639880000000001,"Direction":0,"PositionCertainty":1,"Enabled":1,"DataSource":1,"LevelSource":2,"StreetNameEN":"Tai Po Road","StreetNameTC":"大埔道","ST_CODE":12254,"FloorID":null,"BuildingID_1":null,"BuildingID_2":null,"SiteID":null,"TerminalID":null,"AccessTimeID":null,"CreationDate":1614441600000,"ModifiedBy":"LANDSD","LastAmendmentDate":1654963200000,"Shape__Length":1.3035055651275083}},{"type":"Feature","id":171203,"geometry":{"type":"LineString","coordinates":[[114.16383363342491,22.33253804820307,8.3849000000045635],[114.16382899708411,22.332541674511976,8.3965000000025611]]},"properties":{"OBJECTID":171203,"PedestrianRouteID":220013393,"Location":1,"FeatureType":1,"AliasNameEN":"Tai Po Road","AliasNameTC":"大埔道","CrossingFeature":null,"WeatherProof":1,"WheelchairBarrier":2,"WheelchairAccess":2,"ObstaclesType":null,"Gradient":0.0185874,"Direction":0,"PositionCertainty":1,"Enabled":1,"DataSource":1,"LevelSource":2,"StreetNameEN":"Tai Po Road","StreetNameTC":"大埔道","ST_CODE":12254,"FloorID":null,"BuildingID_1":null,"BuildingID_2":null,"SiteID":null,"TerminalID":null,"AccessTimeID":null,"CreationDate":1614441600000,"ModifiedBy":"LANDSD","LastAmendmentDate":1654963200000,"Shape__Length":0.62400666621882972}},{"type":"Feature","id":171204,"geometry":{"type":"LineString","coordinates":[[114.16384017827598,22.332532927486103,8.3684999999968568],[114.16383363342491,22.33253804820307,8.3849000000045635]]},"properties":{"OBJECTID":171204,"PedestrianRouteID":220013394,"Location":1,"FeatureType":1,"AliasNameEN":"Tai Po Road","AliasNameTC":"大埔道","CrossingFeature":null,"WeatherProof":2,"WheelchairBarrier":2,"WheelchairAccess":2,"ObstaclesType":null,"Gradient":0.01861322,"Direction":0,"PositionCertainty":1,"Enabled":1,"DataSource":1,"LevelSource":2,"StreetNameEN":"Tai Po Road","StreetNameTC":"大埔道","ST_CODE":12254,"FloorID":null,"BuildingID_1":null,"BuildingID_2":null,"SiteID":null,"TerminalID":null,"AccessTimeID":null,"CreationDate":1614441600000,"ModifiedBy":"LANDSD","LastAmendmentDate":1654963200000,"Shape__Length":0.88099265031731122}},{"type":"Feature","id":171205,"geometry":{"type":"LineString","coordinates":[[114.16382701285441,22.332543226709426,8.4015000000072177],[114.16353355314638,22.332772786417308,9.136899999997695]]},"properties":{"OBJECTID":171205,"PedestrianRouteID":220013395,"Location":1,"FeatureType":1,"AliasNameEN":"Tai Po Road","AliasNameTC":"大埔道","CrossingFeature":null,"WeatherProof":1,"WheelchairBarrier":2,"WheelchairAccess":2,"ObstaclesType":null,"Gradient":0.01861604,"Direction":0,"PositionCertainty":1,"Enabled":1,"DataSource":1,"LevelSource":2,"StreetNameEN":"Tai Po Road","StreetNameTC":"大埔道","ST_CODE":12254,"FloorID":null,"BuildingID_1":null,"BuildingID_2":null,"SiteID":null,"TerminalID":null,"AccessTimeID":null,"CreationDate":1614441600000,"ModifiedBy":"LANDSD","LastAmendmentDate":1654963200000,"Shape__Length":39.498996169913518}},{"type":"Feature","id":171207,"geometry":{"type":"LineString","coordinates":[[114.16382899708411,22.332541674511976,8.3965000000025611],[114.16382701285441,22.332543226709426,8.4015000000072177]]},"properties":{"OBJECTID":171207,"PedestrianRouteID":220013397,"Location":1,"FeatureType":1,"AliasNameEN":"Tai Po Road","AliasNameTC":"大埔道","CrossingFeature":null,"WeatherProof":2,"WheelchairBarrier":2,"WheelchairAccess":2,"ObstaclesType":null,"Gradient":0.018719159999999999,"Direction":0,"PositionCertainty":1,"Enabled":1,"DataSource":1,"LevelSource":2,"StreetNameEN":"Tai Po Road","StreetNameTC":"大埔道","ST_CODE":12254,"FloorID":null,"BuildingID_1":null,"BuildingID_2":null,"SiteID":null,"TerminalID":null,"AccessTimeID":null,"CreationDate":1614441600000,"ModifiedBy":"LANDSD","LastAmendmentDate":1654963200000,"Shape__Length":0.26707484009522897}},{"type":"Feature","id":171213,"geometry":{"type":"LineString","coordinates":[[114.16174218817993,22.329374653909017,4.2427000000025146],[114.16172597319846,22.329356700502576,4.2470000000030268]]},"properties":{"OBJECTID":171213,"PedestrianRouteID":220013403,"Location":1,"FeatureType":1,"AliasNameEN":"Pei Ho Street","AliasNameTC":"北河街","CrossingFeature":null,"WeatherProof":2,"WheelchairBarrier":2,"WheelchairAccess":2,"ObstaclesType":null,"Gradient":0.0016559299999999999,"Direction":0,"PositionCertainty":1,"Enabled":1,"DataSource":1,"LevelSource":2,"StreetNameEN":"Pei Ho Street","StreetNameTC":"北河街","ST_CODE":11675,"FloorID":null,"BuildingID_1":null,"BuildingID_2":null,"SiteID":null,"TerminalID":null,"AccessTimeID":null,"CreationDate":1614441600000,"ModifiedBy":"LANDSD","LastAmendmentDate":1654963200000,"Shape__Length":2.596725803613146}},{"type":"Feature","id":171214,"geometry":{"type":"LineString","coordinates":[[114.16172597319846,22.329356700502576,4.2470000000030268],[114.16161679126716,22.329235808710699,4.2755999999935739]]},"properties":{"OBJECTID":171214,"PedestrianRouteID":220013404,"Location":1,"FeatureType":1,"AliasNameEN":"Pei Ho Street","AliasNameTC":"北河街","CrossingFeature":null,"WeatherProof":1,"WheelchairBarrier":2,"WheelchairAccess":2,"ObstaclesType":null,"Gradient":0.0016356700000000001,"Direction":0,"PositionCertainty":1,"Enabled":1,"DataSource":1,"LevelSource":2,"StreetNameEN":"Pei Ho Street","StreetNameTC":"北河街","ST_CODE":11675,"FloorID":null,"BuildingID_1":null,"BuildingID_2":null,"SiteID":null,"TerminalID":null,"AccessTimeID":null,"CreationDate":1614441600000,"ModifiedBy":"LANDSD","LastAmendmentDate":1654963200000,"Shape__Length":17.48516204802775}},{"type":"Feature","id":171217,"geometry":{"type":"LineString","coordinates":[[114.16051395344361,22.329898641948802,4.3671999999933178],[114.1604953119891,22.329913144089623,4.3653999999951338]]},"properties":{"OBJECTID":171217,"PedestrianRouteID":220013407,"Location":1,"FeatureType":1,"AliasNameEN":"Ki Lung Street","AliasNameTC":"基隆街","CrossingFeature":null,"WeatherProof":2,"WheelchairBarrier":2,"WheelchairAccess":2,"ObstaclesType":null,"Gradient":0.00071902000000000001,"Direction":0,"PositionCertainty":1,"Enabled":1,"DataSource":1,"LevelSource":2,"StreetNameEN":"Ki Lung Street","StreetNameTC":"基隆街","ST_CODE":10989,"FloorID":null,"BuildingID_1":null,"BuildingID_2":null,"SiteID":null,"TerminalID":null,"AccessTimeID":null,"CreationDate":1614441600000,"ModifiedBy":"LANDSD","LastAmendmentDate":1654963200000,"Shape__Length":2.5034195212096249}},{"type":"Feature","id":171218,"geometry":{"type":"LineString","coordinates":[[114.16063424475549,22.329805059250273,4.3787000000011176],[114.16051395344361,22.329898641948802,4.3671999999933178]]},"properties":{"OBJECTID":171218,"PedestrianRouteID":220013408,"Location":1,"FeatureType":1,"AliasNameEN":"Ki Lung Street","AliasNameTC":"基隆街","CrossingFeature":null,"WeatherProof":1,"WheelchairBarrier":2,"WheelchairAccess":2,"ObstaclesType":null,"Gradient":0.00071188000000000002,"Direction":0,"PositionCertainty":1,"Enabled":1,"DataSource":1,"LevelSource":2,"StreetNameEN":"Ki Lung Street","StreetNameTC":"基隆街","ST_CODE":10989,"FloorID":null,"BuildingID_1":null,"BuildingID_2":null,"SiteID":null,"TerminalID":null,"AccessTimeID":null,"CreationDate":1614441600000,"ModifiedBy":"LANDSD","LastAmendmentDate":1654963200000,"Shape__Length":16.1544394480891}},{"type":"Feature","id":171219,"geometry":{"type":"LineString","coordinates":[[114.16115360377711,22.328747508013954,4.2550000000046566],[114.161009840189,22.328858366134099,4.2458000000042375]]},"properties":{"OBJECTID":171219,"PedestrianRouteID":220013409,"Location":1,"FeatureType":1,"AliasNameEN":"Tai Nan Street","AliasNameTC":"大南街","CrossingFeature":null,"WeatherProof":1,"WheelchairBarrier":2,"WheelchairAccess":2,"ObstaclesType":null,"Gradient":0.00047825,"Direction":0,"PositionCertainty":1,"Enabled":1,"DataSource":1,"LevelSource":2,"StreetNameEN":"Tai Nan Street","StreetNameTC":"大南街","ST_CODE":12239,"FloorID":null,"BuildingID_1":null,"BuildingID_2":null,"SiteID":null,"TerminalID":null,"AccessTimeID":null,"CreationDate":1614441600000,"ModifiedBy":"LANDSD","LastAmendmentDate":1654963200000,"Shape__Length":19.236912510288672}},{"type":"Feature","id":171220,"geometry":{"type":"LineString","coordinates":[[114.16091329452573,22.328932813843792,4.2396000000007916],[114.16089830132599,22.328944375129939,4.2396000000007916]]},"properties":{"OBJECTID":171220,"PedestrianRouteID":220013410,"Location":1,"FeatureType":1,"AliasNameEN":"Tai Nan Street","AliasNameTC":"大南街","CrossingFeature":null,"WeatherProof":2,"WheelchairBarrier":2,"WheelchairAccess":2,"ObstaclesType":null,"Gradient":0,"Direction":0,"PositionCertainty":1,"Enabled":1,"DataSource":1,"LevelSource":2,"StreetNameEN":"Tai Nan Street","StreetNameTC":"大南街","ST_CODE":12239,"FloorID":null,"BuildingID_1":null,"BuildingID_2":null,"SiteID":null,"TerminalID":null,"AccessTimeID":null,"CreationDate":1614441600000,"ModifiedBy":"LANDSD","LastAmendmentDate":1654963200000,"Shape__Length":2.0062164423875628}},{"type":"Feature","id":171221,"geometry":{"type":"LineString","coordinates":[[114.16089830132599,22.328944375129939,4.2396000000007916],[114.16080393196346,22.329017144202076,4.2326000000030035]]},"properties":{"OBJECTID":171221,"PedestrianRouteID":220013411,"Location":1,"FeatureType":1,"AliasNameEN":"Tai Nan Street","AliasNameTC":"大南街","CrossingFeature":null,"WeatherProof":1,"WheelchairBarrier":2,"WheelchairAccess":2,"ObstaclesType":null,"Gradient":0.00055435,"Direction":0,"PositionCertainty":1,"Enabled":1,"DataSource":1,"LevelSource":2,"StreetNameEN":"Tai Nan Street","StreetNameTC":"大南街","ST_CODE":12239,"FloorID":null,"BuildingID_1":null,"BuildingID_2":null,"SiteID":null,"TerminalID":null,"AccessTimeID":null,"CreationDate":1614441600000,"ModifiedBy":"LANDSD","LastAmendmentDate":1654963200000,"Shape__Length":12.62746080933276}},{"type":"Feature","id":171222,"geometry":{"type":"LineString","coordinates":[[114.16080393196346,22.329017144202076,4.2326000000030035],[114.16073307794532,22.329071781241137,4.2280999999929918]]},"properties":{"OBJECTID":171222,"PedestrianRouteID":220013412,"Location":1,"FeatureType":1,"AliasNameEN":"Tai Nan Street","AliasNameTC":"大南街","CrossingFeature":null,"WeatherProof":2,"WheelchairBarrier":2,"WheelchairAccess":2,"ObstaclesType":null,"Gradient":0.00047464000000000002,"Direction":0,"PositionCertainty":1,"Enabled":1,"DataSource":1,"LevelSource":2,"StreetNameEN":"Tai Nan Street","StreetNameTC":"大南街","ST_CODE":12239,"FloorID":null,"BuildingID_1":null,"BuildingID_2":null,"SiteID":null,"TerminalID":null,"AccessTimeID":null,"CreationDate":1614441600000,"ModifiedBy":"LANDSD","LastAmendmentDate":1654963200000,"Shape__Length":9.4809568185825306}},{"type":"Feature","id":171223,"geometry":{"type":"LineString","coordinates":[[114.16041791770337,22.329314805074173,4.2014999999955762],[114.16041744785895,22.329315167152995,4.2014999999955762],[114.16041691697342,22.329314581917441,4.2014999999955762]]},"properties":{"OBJECTID":171223,"PedestrianRouteID":220013413,"Location":1,"FeatureType":1,"AliasNameEN":"Kweilin Street","AliasNameTC":"桂林街","CrossingFeature":null,"WeatherProof":2,"WheelchairBarrier":2,"WheelchairAccess":2,"ObstaclesType":null,"Gradient":0,"Direction":0,"PositionCertainty":1,"Enabled":1,"DataSource":1,"LevelSource":2,"StreetNameEN":"Kweilin Street","StreetNameTC":"桂林街","ST_CODE":11114,"FloorID":null,"BuildingID_1":null,"BuildingID_2":null,"SiteID":null,"TerminalID":null,"AccessTimeID":null,"CreationDate":1614441600000,"ModifiedBy":"LANDSD","LastAmendmentDate":1654963200000,"Shape__Length":0.14765409092672277}},{"type":"Feature","id":171224,"geometry":{"type":"LineString","coordinates":[[114.16041691697342,22.329314581917441,4.2014999999955762],[114.16038826759893,22.32928302525314,4.1870000000053551]]},"properties":{"OBJECTID":171224,"PedestrianRouteID":220013414,"Location":1,"FeatureType":1,"AliasNameEN":"Kweilin Street","AliasNameTC":"桂林街","CrossingFeature":null,"WeatherProof":1,"WheelchairBarrier":2,"WheelchairAccess":2,"ObstaclesType":null,"Gradient":0.00317001,"Direction":0,"PositionCertainty":1,"Enabled":1,"DataSource":1,"LevelSource":2,"StreetNameEN":"Kweilin Street","StreetNameTC":"桂林街","ST_CODE":11114,"FloorID":null,"BuildingID_1":null,"BuildingID_2":null,"SiteID":null,"TerminalID":null,"AccessTimeID":null,"CreationDate":1614441600000,"ModifiedBy":"LANDSD","LastAmendmentDate":1654963200000,"Shape__Length":4.5741062977915519}},{"type":"Feature","id":171225,"geometry":{"type":"LineString","coordinates":[[114.16094120837208,22.328911289477432,4.2413999999989755],[114.16091329452573,22.328932813843792,4.2396000000007916]]},"properties":{"OBJECTID":171225,"PedestrianRouteID":220013415,"Location":1,"FeatureType":1,"AliasNameEN":"Tai Nan Street","AliasNameTC":"大南街","CrossingFeature":null,"WeatherProof":1,"WheelchairBarrier":2,"WheelchairAccess":2,"ObstaclesType":null,"Gradient":0.00048191,"Direction":0,"PositionCertainty":1,"Enabled":1,"DataSource":1,"LevelSource":2,"StreetNameEN":"Tai Nan Street","StreetNameTC":"大南街","ST_CODE":12239,"FloorID":null,"BuildingID_1":null,"BuildingID_2":null,"SiteID":null,"TerminalID":null,"AccessTimeID":null,"CreationDate":1614441600000,"ModifiedBy":"LANDSD","LastAmendmentDate":1654963200000,"Shape__Length":3.7351041062985053}},{"type":"Feature","id":171226,"geometry":{"type":"LineString","coordinates":[[114.161009840189,22.328858366134099,4.2458000000042375],[114.16094120837208,22.328911289477432,4.2413999999989755]]},"properties":{"OBJECTID":171226,"PedestrianRouteID":220013416,"Location":1,"FeatureType":1,"AliasNameEN":"Tai Nan Street","AliasNameTC":"大南街","CrossingFeature":null,"WeatherProof":2,"WheelchairBarrier":2,"WheelchairAccess":2,"ObstaclesType":null,"Gradient":0.00047910999999999999,"Direction":0,"PositionCertainty":1,"Enabled":1,"DataSource":1,"LevelSource":2,"StreetNameEN":"Tai Nan Street","StreetNameTC":"大南街","ST_CODE":12239,"FloorID":null,"BuildingID_1":null,"BuildingID_2":null,"SiteID":null,"TerminalID":null,"AccessTimeID":null,"CreationDate":1614441600000,"ModifiedBy":"LANDSD","LastAmendmentDate":1654963200000,"Shape__Length":9.1836030759718934}},{"type":"Feature","id":171229,"geometry":{"type":"LineString","coordinates":[[114.16374454829332,22.33110496557893,5.7165999999997439],[114.16373593873277,22.331111595136313,5.7197000000014668]]},"properties":{"OBJECTID":171229,"PedestrianRouteID":220013419,"Location":1,"FeatureType":1,"AliasNameEN":"Fuk Wing Street","AliasNameTC":"福榮街","CrossingFeature":null,"WeatherProof":2,"WheelchairBarrier":2,"WheelchairAccess":2,"ObstaclesType":null,"Gradient":0.0026924499999999999,"Direction":0,"PositionCertainty":1,"Enabled":1,"DataSource":1,"LevelSource":2,"StreetNameEN":"Fuk Wing Street","StreetNameTC":"福榮街","ST_CODE":10562,"FloorID":null,"BuildingID_1":null,"BuildingID_2":null,"SiteID":null,"TerminalID":null,"AccessTimeID":null,"CreationDate":1614441600000,"ModifiedBy":"LANDSD","LastAmendmentDate":1654963200000,"Shape__Length":1.151364951527813}},{"type":"Feature","id":171230,"geometry":{"type":"LineString","coordinates":[[114.16420535614212,22.330750129176785,5.5497999999934109],[114.1641954671862,22.330757743895663,5.5534000000043306]]},"properties":{"OBJECTID":171230,"PedestrianRouteID":220013420,"Location":1,"FeatureType":1,"AliasNameEN":"Fuk Wing Street","AliasNameTC":"福榮街","CrossingFeature":null,"WeatherProof":2,"WheelchairBarrier":2,"WheelchairAccess":2,"ObstaclesType":null,"Gradient":0.0027221900000000002,"Direction":0,"PositionCertainty":1,"Enabled":1,"DataSource":1,"LevelSource":2,"StreetNameEN":"Fuk Wing Street","StreetNameTC":"福榮街","ST_CODE":10562,"FloorID":null,"BuildingID_1":null,"BuildingID_2":null,"SiteID":null,"TerminalID":null,"AccessTimeID":null,"CreationDate":1614441600000,"ModifiedBy":"LANDSD","LastAmendmentDate":1654963200000,"Shape__Length":1.3224615606935699}},{"type":"Feature","id":171231,"geometry":{"type":"LineString","coordinates":[[114.1641954671862,22.330757743895663,5.5534000000043306],[114.16374454829332,22.33110496557893,5.7165999999997439]]},"properties":{"OBJECTID":171231,"PedestrianRouteID":220013421,"Location":1,"FeatureType":1,"AliasNameEN":"Fuk Wing Street","AliasNameTC":"福榮街","CrossingFeature":null,"WeatherProof":1,"WheelchairBarrier":2,"WheelchairAccess":2,"ObstaclesType":null,"Gradient":0.0027063600000000001,"Direction":0,"PositionCertainty":1,"Enabled":1,"DataSource":1,"LevelSource":2,"StreetNameEN":"Fuk Wing Street","StreetNameTC":"福榮街","ST_CODE":10562,"FloorID":null,"BuildingID_1":null,"BuildingID_2":null,"SiteID":null,"TerminalID":null,"AccessTimeID":null,"CreationDate":1614441600000,"ModifiedBy":"LANDSD","LastAmendmentDate":1654963200000,"Shape__Length":60.302143268566908}},{"type":"Feature","id":171234,"geometry":{"type":"LineString","coordinates":[[114.16382724925099,22.331490503091825,5.9236999999993714],[114.16383755002026,22.33150197817395,5.9248999999981606]]},"properties":{"OBJECTID":171234,"PedestrianRouteID":220013424,"Location":1,"FeatureType":1,"AliasNameEN":"Pei Ho Street","AliasNameTC":"北河街","CrossingFeature":null,"WeatherProof":2,"WheelchairBarrier":2,"WheelchairAccess":2,"ObstaclesType":null,"Gradient":0.00072484000000000003,"Direction":0,"PositionCertainty":1,"Enabled":1,"DataSource":1,"LevelSource":2,"StreetNameEN":"Pei Ho Street","StreetNameTC":"北河街","ST_CODE":11675,"FloorID":null,"BuildingID_1":null,"BuildingID_2":null,"SiteID":null,"TerminalID":null,"AccessTimeID":null,"CreationDate":1614441600000,"ModifiedBy":"LANDSD","LastAmendmentDate":1654963200000,"Shape__Length":1.655530745532579}},{"type":"Feature","id":171235,"geometry":{"type":"LineString","coordinates":[[114.16368509434699,22.331332093428717,5.9161000000021886],[114.16382724925099,22.331490503091825,5.9236999999993714]]},"properties":{"OBJECTID":171235,"PedestrianRouteID":220013425,"Location":1,"FeatureType":1,"AliasNameEN":"Pei Ho Street","AliasNameTC":"北河街","CrossingFeature":null,"WeatherProof":1,"WheelchairBarrier":2,"WheelchairAccess":2,"ObstaclesType":null,"Gradient":0.00033697000000000002,"Direction":0,"PositionCertainty":1,"Enabled":1,"DataSource":1,"LevelSource":2,"StreetNameEN":"Pei Ho Street","StreetNameTC":"北河街","ST_CODE":11675,"FloorID":null,"BuildingID_1":null,"BuildingID_2":null,"SiteID":null,"TerminalID":null,"AccessTimeID":null,"CreationDate":1614441600000,"ModifiedBy":"LANDSD","LastAmendmentDate":1690819200000,"Shape__Length":22.851162968679361}},{"type":"Feature","id":171236,"geometry":{"type":"LineString","coordinates":[[114.16439747803901,22.328252876260354,5.0712000000057742],[114.16413303360852,22.328459739222751,5.0856000000057975]]},"properties":{"OBJECTID":171236,"PedestrianRouteID":220013426,"Location":1,"FeatureType":1,"AliasNameEN":"Apliu Street","AliasNameTC":"鴨寮街","CrossingFeature":null,"WeatherProof":2,"WheelchairBarrier":2,"WheelchairAccess":2,"ObstaclesType":null,"Gradient":0.00040455999999999999,"Direction":0,"PositionCertainty":1,"Enabled":1,"DataSource":1,"LevelSource":2,"StreetNameEN":"Apliu Street","StreetNameTC":"鴨寮街","ST_CODE":10025,"FloorID":null,"BuildingID_1":null,"BuildingID_2":null,"SiteID":null,"TerminalID":null,"AccessTimeID":null,"CreationDate":1614441600000,"ModifiedBy":"LANDSD","LastAmendmentDate":1654963200000,"Shape__Length":35.594277071213334}},{"type":"Feature","id":171239,"geometry":{"type":"LineString","coordinates":[[114.16297728979201,22.332174291431937,5.6594999999942956],[114.16295595747474,22.332150297161981,5.6346000000048662]]},"properties":{"OBJECTID":171239,"PedestrianRouteID":220013429,"Location":1,"FeatureType":1,"AliasNameEN":"Kweilin Street","AliasNameTC":"桂林街","CrossingFeature":null,"WeatherProof":2,"WheelchairBarrier":2,"WheelchairAccess":2,"ObstaclesType":null,"Gradient":0.0072212600000000002,"Direction":0,"PositionCertainty":1,"Enabled":1,"DataSource":1,"LevelSource":2,"StreetNameEN":"Kweilin Street","StreetNameTC":"桂林街","ST_CODE":11114,"FloorID":null,"BuildingID_1":null,"BuildingID_2":null,"SiteID":null,"TerminalID":null,"AccessTimeID":null,"CreationDate":1614441600000,"ModifiedBy":"LANDSD","LastAmendmentDate":1654963200000,"Shape__Length":3.4480937704924179}},{"type":"Feature","id":171240,"geometry":{"type":"LineString","coordinates":[[114.16295595747474,22.332150297161981,5.6346000000048662],[114.16283453063566,22.332013716354531,5.4928999999974621]]},"properties":{"OBJECTID":171240,"PedestrianRouteID":220013430,"Location":1,"FeatureType":1,"AliasNameEN":"Kweilin Street","AliasNameTC":"桂林街","CrossingFeature":null,"WeatherProof":1,"WheelchairBarrier":2,"WheelchairAccess":2,"ObstaclesType":null,"Gradient":0.0072194399999999997,"Direction":0,"PositionCertainty":1,"Enabled":1,"DataSource":1,"LevelSource":2,"StreetNameEN":"Kweilin Street","StreetNameTC":"桂林街","ST_CODE":11114,"FloorID":null,"BuildingID_1":null,"BuildingID_2":null,"SiteID":null,"TerminalID":null,"AccessTimeID":null,"CreationDate":1614441600000,"ModifiedBy":"LANDSD","LastAmendmentDate":1654963200000,"Shape__Length":19.627232872770328}},{"type":"Feature","id":171246,"geometry":{"type":"LineString","coordinates":[[114.16380412325167,22.330022056415441,4.9529999999940628],[114.16378062771186,22.32999574302028,4.902700000006007]]},"properties":{"OBJECTID":171246,"PedestrianRouteID":220013436,"Location":1,"FeatureType":1,"AliasNameEN":"Nam Cheong Street","AliasNameTC":"南昌街","CrossingFeature":null,"WeatherProof":2,"WheelchairBarrier":2,"WheelchairAccess":2,"ObstaclesType":null,"Gradient":0.013277809999999999,"Direction":0,"PositionCertainty":1,"Enabled":1,"DataSource":1,"LevelSource":2,"StreetNameEN":"Nam Cheong Street","StreetNameTC":"南昌街","ST_CODE":11487,"FloorID":null,"BuildingID_1":null,"BuildingID_2":null,"SiteID":null,"TerminalID":null,"AccessTimeID":null,"CreationDate":1614441600000,"ModifiedBy":"LANDSD","LastAmendmentDate":1654963200000,"Shape__Length":3.7880519540018414}},{"type":"Feature","id":171247,"geometry":{"type":"LineString","coordinates":[[114.16366314723322,22.329864172379832,4.6512999999977183],[114.16366032676488,22.329861014155945,4.6453000000037719]]},"properties":{"OBJECTID":171247,"PedestrianRouteID":220013437,"Location":1,"FeatureType":1,"AliasNameEN":"Cheung Sha Wan Road","AliasNameTC":"長沙灣道","CrossingFeature":null,"WeatherProof":2,"WheelchairBarrier":2,"WheelchairAccess":2,"ObstaclesType":null,"Gradient":0.013195180000000001,"Direction":0,"PositionCertainty":1,"Enabled":1,"DataSource":1,"LevelSource":2,"StreetNameEN":"Cheung Sha Wan Road","StreetNameTC":"長沙灣道","ST_CODE":10206,"FloorID":null,"BuildingID_1":null,"BuildingID_2":null,"SiteID":null,"TerminalID":null,"AccessTimeID":null,"CreationDate":1614441600000,"ModifiedBy":"LANDSD","LastAmendmentDate":1654963200000,"Shape__Length":0.45468500092529479}},{"type":"Feature","id":171248,"geometry":{"type":"LineString","coordinates":[[114.16378062771186,22.32999574302028,4.902700000006007],[114.16366314723322,22.329864172379832,4.6512999999977183]]},"properties":{"OBJECTID":171248,"PedestrianRouteID":220013438,"Location":1,"FeatureType":1,"AliasNameEN":"Nam Cheong Street","AliasNameTC":"南昌街","CrossingFeature":null,"WeatherProof":1,"WheelchairBarrier":2,"WheelchairAccess":2,"ObstaclesType":null,"Gradient":0.01327218,"Direction":0,"PositionCertainty":1,"Enabled":1,"DataSource":1,"LevelSource":2,"StreetNameEN":"Nam Cheong Street","StreetNameTC":"南昌街","ST_CODE":11487,"FloorID":null,"BuildingID_1":null,"BuildingID_2":null,"SiteID":null,"TerminalID":null,"AccessTimeID":null,"CreationDate":1614441600000,"ModifiedBy":"LANDSD","LastAmendmentDate":1654963200000,"Shape__Length":18.940759145922588}},{"type":"Feature","id":171249,"geometry":{"type":"LineString","coordinates":[[114.16320310489735,22.329359088168172,4.3850999999995111],[114.16341046664456,22.329588666503216,4.550600000002305]]},"properties":{"OBJECTID":171249,"PedestrianRouteID":220013439,"Location":1,"FeatureType":1,"AliasNameEN":"Nam Cheong Street","AliasNameTC":"南昌街","CrossingFeature":null,"WeatherProof":1,"WheelchairBarrier":2,"WheelchairAccess":2,"ObstaclesType":null,"Gradient":0.0049839400000000001,"Direction":0,"PositionCertainty":1,"Enabled":1,"DataSource":1,"LevelSource":2,"StreetNameEN":"Nam Cheong Street","StreetNameTC":"南昌街","ST_CODE":11487,"FloorID":null,"BuildingID_1":null,"BuildingID_2":null,"SiteID":null,"TerminalID":null,"AccessTimeID":null,"CreationDate":1614441600000,"ModifiedBy":"LANDSD","LastAmendmentDate":1654963200000,"Shape__Length":33.20638845506474}},{"type":"Feature","id":171250,"geometry":{"type":"LineString","coordinates":[[114.16394635647775,22.33018134648708,5.3061000000016065],[114.16395550508645,22.33019159240968,5.3288000000029569]]},"properties":{"OBJECTID":171250,"PedestrianRouteID":220013440,"Location":1,"FeatureType":1,"AliasNameEN":"Nam Cheong Street","AliasNameTC":"南昌街","CrossingFeature":null,"WeatherProof":2,"WheelchairBarrier":2,"WheelchairAccess":2,"ObstaclesType":null,"Gradient":0.01538876,"Direction":0,"PositionCertainty":1,"Enabled":1,"DataSource":1,"LevelSource":2,"StreetNameEN":"Nam Cheong Street","StreetNameTC":"南昌街","ST_CODE":11487,"FloorID":null,"BuildingID_1":null,"BuildingID_2":null,"SiteID":null,"TerminalID":null,"AccessTimeID":null,"CreationDate":1614441600000,"ModifiedBy":"LANDSD","LastAmendmentDate":1654963200000,"Shape__Length":1.4749864449020702}},{"type":"Feature","id":171251,"geometry":{"type":"LineString","coordinates":[[114.16380412325167,22.330022056415441,4.9529999999940628],[114.16381440255313,22.330033568524705,4.9784999999974389]]},"properties":{"OBJECTID":171251,"PedestrianRouteID":220013441,"Location":1,"FeatureType":1,"AliasNameEN":"Nam Cheong Street","AliasNameTC":"南昌街","CrossingFeature":null,"WeatherProof":2,"WheelchairBarrier":2,"WheelchairAccess":2,"ObstaclesType":null,"Gradient":0.01538551,"Direction":0,"PositionCertainty":1,"Enabled":1,"DataSource":1,"LevelSource":2,"StreetNameEN":"Nam Cheong Street","StreetNameTC":"南昌街","ST_CODE":11487,"FloorID":null,"BuildingID_1":null,"BuildingID_2":null,"SiteID":null,"TerminalID":null,"AccessTimeID":null,"CreationDate":1614441600000,"ModifiedBy":"LANDSD","LastAmendmentDate":1654963200000,"Shape__Length":1.6572727288826135}},{"type":"Feature","id":171252,"geometry":{"type":"LineString","coordinates":[[114.16381440255313,22.330033568524705,4.9784999999974389],[114.16394635647775,22.33018134648708,5.3061000000016065]]},"properties":{"OBJECTID":171252,"PedestrianRouteID":220013442,"Location":1,"FeatureType":1,"AliasNameEN":"Nam Cheong Street","AliasNameTC":"南昌街","CrossingFeature":null,"WeatherProof":1,"WheelchairBarrier":2,"WheelchairAccess":2,"ObstaclesType":null,"Gradient":0.01539782,"Direction":0,"PositionCertainty":1,"Enabled":1,"DataSource":1,"LevelSource":2,"StreetNameEN":"Nam Cheong Street","StreetNameTC":"南昌街","ST_CODE":11487,"FloorID":null,"BuildingID_1":null,"BuildingID_2":null,"SiteID":null,"TerminalID":null,"AccessTimeID":null,"CreationDate":1614441600000,"ModifiedBy":"LANDSD","LastAmendmentDate":1654963200000,"Shape__Length":21.274054367743922}},{"type":"Feature","id":171253,"geometry":{"type":"LineString","coordinates":[[114.16215297987054,22.329308967947831,4.2893000000040047],[114.16212943252769,22.329327216622389,4.2893000000040047]]},"properties":{"OBJECTID":171253,"PedestrianRouteID":220013443,"Location":1,"FeatureType":1,"AliasNameEN":"Yu Chau Street","AliasNameTC":"汝州街","CrossingFeature":null,"WeatherProof":2,"WheelchairBarrier":2,"WheelchairAccess":2,"ObstaclesType":null,"Gradient":0,"Direction":0,"PositionCertainty":1,"Enabled":1,"DataSource":1,"LevelSource":2,"StreetNameEN":"Yu Chau Street","StreetNameTC":"汝州街","ST_CODE":12888,"FloorID":null,"BuildingID_1":null,"BuildingID_2":null,"SiteID":null,"TerminalID":null,"AccessTimeID":null,"CreationDate":1614441600000,"ModifiedBy":"LANDSD","LastAmendmentDate":1654963200000,"Shape__Length":3.1572870460602012}},{"type":"Feature","id":171254,"geometry":{"type":"LineString","coordinates":[[114.16212943252769,22.329327216622389,4.2893000000040047],[114.16208756237242,22.32935966421989,4.2893000000040047]]},"properties":{"OBJECTID":171254,"PedestrianRouteID":220013444,"Location":1,"FeatureType":1,"AliasNameEN":"Yu Chau Street","AliasNameTC":"汝州街","CrossingFeature":null,"WeatherProof":1,"WheelchairBarrier":2,"WheelchairAccess":2,"ObstaclesType":null,"Gradient":0,"Direction":0,"PositionCertainty":1,"Enabled":1,"DataSource":1,"LevelSource":2,"StreetNameEN":"Yu Chau Street","StreetNameTC":"汝州街","ST_CODE":12888,"FloorID":null,"BuildingID_1":null,"BuildingID_2":null,"SiteID":null,"TerminalID":null,"AccessTimeID":null,"CreationDate":1614441600000,"ModifiedBy":"LANDSD","LastAmendmentDate":1654963200000,"Shape__Length":5.6139946993326397}},{"type":"Feature","id":171255,"geometry":{"type":"LineString","coordinates":[[114.16203855819057,22.329397640581586,4.2894999999989523],[114.16200533345479,22.329423388253701,4.2894999999989523]]},"properties":{"OBJECTID":171255,"PedestrianRouteID":220013445,"Location":1,"FeatureType":1,"AliasNameEN":"Yu Chau Street","AliasNameTC":"汝州街","CrossingFeature":null,"WeatherProof":1,"WheelchairBarrier":2,"WheelchairAccess":2,"ObstaclesType":null,"Gradient":0,"Direction":0,"PositionCertainty":1,"Enabled":1,"DataSource":1,"LevelSource":2,"StreetNameEN":"Yu Chau Street","StreetNameTC":"汝州街","ST_CODE":12888,"FloorID":null,"BuildingID_1":null,"BuildingID_2":null,"SiteID":null,"TerminalID":null,"AccessTimeID":null,"CreationDate":1614441600000,"ModifiedBy":"LANDSD","LastAmendmentDate":1654963200000,"Shape__Length":4.4547999972749857}},{"type":"Feature","id":171256,"geometry":{"type":"LineString","coordinates":[[114.16208756237242,22.32935966421989,4.2893000000040047],[114.16203855819057,22.329397640581586,4.2894999999989523]]},"properties":{"OBJECTID":171256,"PedestrianRouteID":220013446,"Location":1,"FeatureType":1,"AliasNameEN":"Yu Chau Street","AliasNameTC":"汝州街","CrossingFeature":null,"WeatherProof":2,"WheelchairBarrier":2,"WheelchairAccess":2,"ObstaclesType":null,"Gradient":3.044e-05,"Direction":0,"PositionCertainty":1,"Enabled":1,"DataSource":1,"LevelSource":2,"StreetNameEN":"Yu Chau Street","StreetNameTC":"汝州街","ST_CODE":12888,"FloorID":null,"BuildingID_1":null,"BuildingID_2":null,"SiteID":null,"TerminalID":null,"AccessTimeID":null,"CreationDate":1614441600000,"ModifiedBy":"LANDSD","LastAmendmentDate":1654963200000,"Shape__Length":6.5705454307356161}},{"type":"Feature","id":171257,"geometry":{"type":"LineString","coordinates":[[114.16325161120382,22.328464482886204,4.5336999999999534],[114.16314832036664,22.328544533037583,4.4521999999997206]]},"properties":{"OBJECTID":171257,"PedestrianRouteID":220013447,"Location":1,"FeatureType":1,"AliasNameEN":"Yu Chau Street","AliasNameTC":"汝州街","CrossingFeature":null,"WeatherProof":2,"WheelchairBarrier":2,"WheelchairAccess":2,"ObstaclesType":null,"Gradient":0.0058845399999999997,"Direction":0,"PositionCertainty":1,"Enabled":1,"DataSource":1,"LevelSource":2,"StreetNameEN":"Yu Chau Street","StreetNameTC":"汝州街","ST_CODE":12888,"FloorID":null,"BuildingID_1":null,"BuildingID_2":null,"SiteID":null,"TerminalID":null,"AccessTimeID":null,"CreationDate":1614441600000,"ModifiedBy":"LANDSD","LastAmendmentDate":1654963200000,"Shape__Length":13.849685351998284}},{"type":"Feature","id":171258,"geometry":{"type":"LineString","coordinates":[[114.16349316501336,22.328277277256721,4.7243000000016764],[114.16348079597364,22.328286863106857,4.7145000000018626]]},"properties":{"OBJECTID":171258,"PedestrianRouteID":220013448,"Location":1,"FeatureType":1,"AliasNameEN":"Yu Chau Street","AliasNameTC":"汝州街","CrossingFeature":null,"WeatherProof":2,"WheelchairBarrier":2,"WheelchairAccess":2,"ObstaclesType":null,"Gradient":0.0059089299999999997,"Direction":0,"PositionCertainty":1,"Enabled":1,"DataSource":1,"LevelSource":2,"StreetNameEN":"Yu Chau Street","StreetNameTC":"汝州街","ST_CODE":12888,"FloorID":null,"BuildingID_1":null,"BuildingID_2":null,"SiteID":null,"TerminalID":null,"AccessTimeID":null,"CreationDate":1614441600000,"ModifiedBy":"LANDSD","LastAmendmentDate":1654963200000,"Shape__Length":1.6584873232347952}},{"type":"Feature","id":171259,"geometry":{"type":"LineString","coordinates":[[114.16348079597364,22.328286863106857,4.7145000000018626],[114.16325161120382,22.328464482886204,4.5336999999999534]]},"properties":{"OBJECTID":171259,"PedestrianRouteID":220013449,"Location":1,"FeatureType":1,"AliasNameEN":"Yu Chau Street","AliasNameTC":"汝州街","CrossingFeature":null,"WeatherProof":1,"WheelchairBarrier":2,"WheelchairAccess":2,"ObstaclesType":null,"Gradient":0.0058833799999999997,"Direction":0,"PositionCertainty":1,"Enabled":1,"DataSource":1,"LevelSource":2,"StreetNameEN":"Yu Chau Street","StreetNameTC":"汝州街","ST_CODE":12888,"FloorID":null,"BuildingID_1":null,"BuildingID_2":null,"SiteID":null,"TerminalID":null,"AccessTimeID":null,"CreationDate":1614441600000,"ModifiedBy":"LANDSD","LastAmendmentDate":1654963200000,"Shape__Length":30.730259726772061}},{"type":"Feature","id":171260,"geometry":{"type":"LineString","coordinates":[[114.16381145174255,22.331989105461268,5.9701000000059139],[114.16380355660293,22.331995211305216,5.9729999999981374]]},"properties":{"OBJECTID":171260,"PedestrianRouteID":220013450,"Location":1,"FeatureType":1,"AliasNameEN":"Un Chau Street","AliasNameTC":"元州街","CrossingFeature":null,"WeatherProof":2,"WheelchairBarrier":2,"WheelchairAccess":2,"ObstaclesType":null,"Gradient":0.0027418199999999998,"Direction":0,"PositionCertainty":1,"Enabled":1,"DataSource":1,"LevelSource":2,"StreetNameEN":"Un Chau Street","StreetNameTC":"元州街","ST_CODE":12556,"FloorID":null,"BuildingID_1":null,"BuildingID_2":null,"SiteID":null,"TerminalID":null,"AccessTimeID":null,"CreationDate":1614441600000,"ModifiedBy":"LANDSD","LastAmendmentDate":1654963200000,"Shape__Length":1.0576877287692579}},{"type":"Feature","id":171261,"geometry":{"type":"LineString","coordinates":[[114.16380355660293,22.331995211305216,5.9729999999981374],[114.16364906198892,22.33211468874115,6.029500000004191]]},"properties":{"OBJECTID":171261,"PedestrianRouteID":220013451,"Location":1,"FeatureType":1,"AliasNameEN":"Un Chau Street","AliasNameTC":"元州街","CrossingFeature":null,"WeatherProof":1,"WheelchairBarrier":2,"WheelchairAccess":2,"ObstaclesType":null,"Gradient":0.0027298700000000001,"Direction":0,"PositionCertainty":1,"Enabled":1,"DataSource":1,"LevelSource":2,"StreetNameEN":"Un Chau Street","StreetNameTC":"元州街","ST_CODE":12556,"FloorID":null,"BuildingID_1":null,"BuildingID_2":null,"SiteID":null,"TerminalID":null,"AccessTimeID":null,"CreationDate":1614441600000,"ModifiedBy":"LANDSD","LastAmendmentDate":1654963200000,"Shape__Length":20.696906214737716}},{"type":"Feature","id":171262,"geometry":{"type":"LineString","coordinates":[[114.16364906198892,22.33211468874115,6.029500000004191],[114.16357112291952,22.332174961505402,6.0191000000049826]]},"properties":{"OBJECTID":171262,"PedestrianRouteID":220013452,"Location":1,"FeatureType":1,"AliasNameEN":"Un Chau Street","AliasNameTC":"元州街","CrossingFeature":null,"WeatherProof":2,"WheelchairBarrier":2,"WheelchairAccess":2,"ObstaclesType":null,"Gradient":0.0027296,"Direction":0,"PositionCertainty":1,"Enabled":1,"DataSource":1,"LevelSource":2,"StreetNameEN":"Un Chau Street","StreetNameTC":"元州街","ST_CODE":12556,"FloorID":null,"BuildingID_1":null,"BuildingID_2":null,"SiteID":null,"TerminalID":null,"AccessTimeID":null,"CreationDate":1614441600000,"ModifiedBy":"LANDSD","LastAmendmentDate":1689004800000,"Shape__Length":10.441055919287329}},{"type":"Feature","id":171263,"geometry":{"type":"LineString","coordinates":[[114.16260226436671,22.328960786908056,4.3444000000017695],[114.16262164420377,22.328945768038377,4.3372999999992317]]},"properties":{"OBJECTID":171263,"PedestrianRouteID":220013453,"Location":1,"FeatureType":1,"AliasNameEN":"Yu Chau Street","AliasNameTC":"汝州街","CrossingFeature":null,"WeatherProof":2,"WheelchairBarrier":2,"WheelchairAccess":2,"ObstaclesType":null,"Gradient":0.0027323400000000002,"Direction":0,"PositionCertainty":1,"Enabled":1,"DataSource":1,"LevelSource":2,"StreetNameEN":"Yu Chau Street","StreetNameTC":"汝州街","ST_CODE":12888,"FloorID":null,"BuildingID_1":null,"BuildingID_2":null,"SiteID":null,"TerminalID":null,"AccessTimeID":null,"CreationDate":1614441600000,"ModifiedBy":"LANDSD","LastAmendmentDate":1654963200000,"Shape__Length":2.5984956903066867}},{"type":"Feature","id":171264,"geometry":{"type":"LineString","coordinates":[[114.16262164420377,22.328945768038377,4.3372999999992317],[114.16265869148238,22.328917057638087,4.3237999999983003]]},"properties":{"OBJECTID":171264,"PedestrianRouteID":220013454,"Location":1,"FeatureType":1,"AliasNameEN":"Yu Chau Street","AliasNameTC":"汝州街","CrossingFeature":null,"WeatherProof":1,"WheelchairBarrier":2,"WheelchairAccess":2,"ObstaclesType":null,"Gradient":0.0027177299999999998,"Direction":0,"PositionCertainty":1,"Enabled":1,"DataSource":1,"LevelSource":2,"StreetNameEN":"Yu Chau Street","StreetNameTC":"汝州街","ST_CODE":12888,"FloorID":null,"BuildingID_1":null,"BuildingID_2":null,"SiteID":null,"TerminalID":null,"AccessTimeID":null,"CreationDate":1614441600000,"ModifiedBy":"LANDSD","LastAmendmentDate":1654963200000,"Shape__Length":4.9673700407376851}},{"type":"Feature","id":171265,"geometry":{"type":"LineString","coordinates":[[114.16265869148238,22.328917057638087,4.3237999999983003],[114.16273826386794,22.328855391107666,4.294899999993504]]},"properties":{"OBJECTID":171265,"PedestrianRouteID":220013455,"Location":1,"FeatureType":1,"AliasNameEN":"Yu Chau Street","AliasNameTC":"汝州街","CrossingFeature":null,"WeatherProof":2,"WheelchairBarrier":2,"WheelchairAccess":2,"ObstaclesType":null,"Gradient":0.00270871,"Direction":0,"PositionCertainty":1,"Enabled":1,"DataSource":1,"LevelSource":2,"StreetNameEN":"Yu Chau Street","StreetNameTC":"汝州街","ST_CODE":12888,"FloorID":null,"BuildingID_1":null,"BuildingID_2":null,"SiteID":null,"TerminalID":null,"AccessTimeID":null,"CreationDate":1614441600000,"ModifiedBy":"LANDSD","LastAmendmentDate":1654963200000,"Shape__Length":10.669262052818125}},{"type":"Feature","id":171269,"geometry":{"type":"LineString","coordinates":[[114.1636889840883,22.329423069335004,4.6168000000034226],[114.1636803615968,22.329413393268922,4.6086999999970431]]},"properties":{"OBJECTID":171269,"PedestrianRouteID":220013459,"Location":1,"FeatureType":1,"AliasNameEN":"Nam Cheong Street","AliasNameTC":"南昌街","CrossingFeature":null,"WeatherProof":2,"WheelchairBarrier":2,"WheelchairAccess":2,"ObstaclesType":null,"Gradient":0.0058196699999999999,"Direction":0,"PositionCertainty":1,"Enabled":1,"DataSource":1,"LevelSource":2,"StreetNameEN":"Nam Cheong Street","StreetNameTC":"南昌街","ST_CODE":11487,"FloorID":null,"BuildingID_1":null,"BuildingID_2":null,"SiteID":null,"TerminalID":null,"AccessTimeID":null,"CreationDate":1614441600000,"ModifiedBy":"LANDSD","LastAmendmentDate":1654963200000,"Shape__Length":1.3918162667744061}},{"type":"Feature","id":171270,"geometry":{"type":"LineString","coordinates":[[114.16372789887082,22.329466738967014,4.6535000000003492],[114.1636889840883,22.329423069335004,4.6168000000034226]]},"properties":{"OBJECTID":171270,"PedestrianRouteID":220013460,"Location":1,"FeatureType":1,"AliasNameEN":"Nam Cheong Street","AliasNameTC":"南昌街","CrossingFeature":null,"WeatherProof":1,"WheelchairBarrier":2,"WheelchairAccess":2,"ObstaclesType":null,"Gradient":0.0058424899999999997,"Direction":0,"PositionCertainty":1,"Enabled":1,"DataSource":1,"LevelSource":2,"StreetNameEN":"Nam Cheong Street","StreetNameTC":"南昌街","ST_CODE":11487,"FloorID":null,"BuildingID_1":null,"BuildingID_2":null,"SiteID":null,"TerminalID":null,"AccessTimeID":null,"CreationDate":1614441600000,"ModifiedBy":"LANDSD","LastAmendmentDate":1654963200000,"Shape__Length":6.2814953163737632}},{"type":"Feature","id":171271,"geometry":{"type":"LineString","coordinates":[[114.1636803615968,22.329413393268922,4.6086999999970431],[114.16360790029844,22.329332077809021,4.5403999999980442]]},"properties":{"OBJECTID":171271,"PedestrianRouteID":220013461,"Location":1,"FeatureType":1,"AliasNameEN":"Nam Cheong Street","AliasNameTC":"南昌街","CrossingFeature":null,"WeatherProof":1,"WheelchairBarrier":2,"WheelchairAccess":2,"ObstaclesType":null,"Gradient":0.0058392899999999996,"Direction":0,"PositionCertainty":1,"Enabled":1,"DataSource":1,"LevelSource":2,"StreetNameEN":"Nam Cheong Street","StreetNameTC":"南昌街","ST_CODE":11487,"FloorID":null,"BuildingID_1":null,"BuildingID_2":null,"SiteID":null,"TerminalID":null,"AccessTimeID":null,"CreationDate":1614441600000,"ModifiedBy":"LANDSD","LastAmendmentDate":1654963200000,"Shape__Length":11.696498504115555}},{"type":"Feature","id":171272,"geometry":{"type":"LineString","coordinates":[[114.16360790029844,22.329332077809021,4.5403999999980442],[114.16345799412484,22.329163853738343,4.3990000000048894]]},"properties":{"OBJECTID":171272,"PedestrianRouteID":220013462,"Location":1,"FeatureType":1,"AliasNameEN":"Nam Cheong Street","AliasNameTC":"南昌街","CrossingFeature":null,"WeatherProof":2,"WheelchairBarrier":2,"WheelchairAccess":2,"ObstaclesType":null,"Gradient":0.0058435099999999997,"Direction":0,"PositionCertainty":1,"Enabled":1,"DataSource":1,"LevelSource":2,"StreetNameEN":"Nam Cheong Street","StreetNameTC":"南昌街","ST_CODE":11487,"FloorID":null,"BuildingID_1":null,"BuildingID_2":null,"SiteID":null,"TerminalID":null,"AccessTimeID":null,"CreationDate":1614441600000,"ModifiedBy":"LANDSD","LastAmendmentDate":1654963200000,"Shape__Length":24.197493583856449}},{"type":"Feature","id":171273,"geometry":{"type":"LineString","coordinates":[[114.16289941452457,22.330435535787075,4.7177999999985332],[114.16288683751513,22.330445269672897,4.7210999999952037]]},"properties":{"OBJECTID":171273,"PedestrianRouteID":220013463,"Location":1,"FeatureType":1,"AliasNameEN":"Cheung Sha Wan Road","AliasNameTC":"長沙灣道","CrossingFeature":null,"WeatherProof":2,"WheelchairBarrier":2,"WheelchairAccess":2,"ObstaclesType":null,"Gradient":0.0019579599999999999,"Direction":0,"PositionCertainty":1,"Enabled":1,"DataSource":1,"LevelSource":2,"StreetNameEN":"Cheung Sha Wan Road","StreetNameTC":"長沙灣道","ST_CODE":10206,"FloorID":null,"BuildingID_1":null,"BuildingID_2":null,"SiteID":null,"TerminalID":null,"AccessTimeID":null,"CreationDate":1614441600000,"ModifiedBy":"LANDSD","LastAmendmentDate":1759161600000,"Shape__Length":1.6854267587269918}},{"type":"Feature","id":171274,"geometry":{"type":"LineString","coordinates":[[114.16354742422618,22.32993402803935,4.5467000000062399],[114.16318907841102,22.330211359970264,4.6413000000029569]]},"properties":{"OBJECTID":171274,"PedestrianRouteID":220013464,"Location":1,"FeatureType":1,"AliasNameEN":"Cheung Sha Wan Road","AliasNameTC":"長沙灣道","CrossingFeature":null,"WeatherProof":1,"WheelchairBarrier":2,"WheelchairAccess":2,"ObstaclesType":null,"Gradient":0.0019699700000000001,"Direction":0,"PositionCertainty":1,"Enabled":1,"DataSource":1,"LevelSource":2,"StreetNameEN":"Cheung Sha Wan Road","StreetNameTC":"長沙灣道","ST_CODE":10206,"FloorID":null,"BuildingID_1":null,"BuildingID_2":null,"SiteID":null,"TerminalID":null,"AccessTimeID":null,"CreationDate":1614441600000,"ModifiedBy":"LANDSD","LastAmendmentDate":1654963200000,"Shape__Length":48.020963319436596}},{"type":"Feature","id":171275,"geometry":{"type":"LineString","coordinates":[[114.16336909895163,22.329050346394688,4.3907999999937601],[114.16336276393167,22.329055234123299,4.3908999999985099]]},"properties":{"OBJECTID":171275,"PedestrianRouteID":220013465,"Location":1,"FeatureType":1,"AliasNameEN":"Nam Cheong Street","AliasNameTC":"南昌街","CrossingFeature":null,"WeatherProof":2,"WheelchairBarrier":2,"WheelchairAccess":2,"ObstaclesType":null,"Gradient":0.00011794,"Direction":0,"PositionCertainty":1,"Enabled":1,"DataSource":1,"LevelSource":2,"StreetNameEN":"Nam Cheong Street","StreetNameTC":"南昌街","ST_CODE":11487,"FloorID":null,"BuildingID_1":null,"BuildingID_2":null,"SiteID":null,"TerminalID":null,"AccessTimeID":null,"CreationDate":1614441600000,"ModifiedBy":"LANDSD","LastAmendmentDate":1654963200000,"Shape__Length":0.84787525702409272}},{"type":"Feature","id":171276,"geometry":{"type":"LineString","coordinates":[[114.16333369856123,22.329023074700736,4.3870000000024447],[114.16311129413073,22.328776989781439,4.3564999999944121]]},"properties":{"OBJECTID":171276,"PedestrianRouteID":220013466,"Location":1,"FeatureType":1,"AliasNameEN":"Nam Cheong Street","AliasNameTC":"南昌街","CrossingFeature":null,"WeatherProof":1,"WheelchairBarrier":2,"WheelchairAccess":2,"ObstaclesType":null,"Gradient":0.00085667000000000002,"Direction":0,"PositionCertainty":1,"Enabled":1,"DataSource":1,"LevelSource":2,"StreetNameEN":"Nam Cheong Street","StreetNameTC":"南昌街","ST_CODE":11487,"FloorID":null,"BuildingID_1":null,"BuildingID_2":null,"SiteID":null,"TerminalID":null,"AccessTimeID":null,"CreationDate":1614441600000,"ModifiedBy":"LANDSD","LastAmendmentDate":1654963200000,"Shape__Length":35.602819573550626}},{"type":"Feature","id":171282,"geometry":{"type":"LineString","coordinates":[[114.16427296555298,22.32852787775413,5.0877000000036787],[114.16422677928996,22.328563841179722,5.08629999999539]]},"properties":{"OBJECTID":171282,"PedestrianRouteID":220013472,"Location":1,"FeatureType":1,"AliasNameEN":"Apliu Street","AliasNameTC":"鴨寮街","CrossingFeature":null,"WeatherProof":2,"WheelchairBarrier":2,"WheelchairAccess":2,"ObstaclesType":null,"Gradient":0.00022562999999999999,"Direction":0,"PositionCertainty":1,"Enabled":1,"DataSource":1,"LevelSource":2,"StreetNameEN":"Apliu Street","StreetNameTC":"鴨寮街","ST_CODE":10025,"FloorID":null,"BuildingID_1":null,"BuildingID_2":null,"SiteID":null,"TerminalID":null,"AccessTimeID":null,"CreationDate":1614441600000,"ModifiedBy":"LANDSD","LastAmendmentDate":1654963200000,"Shape__Length":6.2048616617711225}},{"type":"Feature","id":171283,"geometry":{"type":"LineString","coordinates":[[114.16436403626354,22.328456964897452,5.0887999999977183],[114.16427296555298,22.32852787775413,5.0877000000036787]]},"properties":{"OBJECTID":171283,"PedestrianRouteID":220013473,"Location":1,"FeatureType":1,"AliasNameEN":"Apliu Street","AliasNameTC":"鴨寮街","CrossingFeature":null,"WeatherProof":2,"WheelchairBarrier":2,"WheelchairAccess":2,"ObstaclesType":null,"Gradient":8.9909999999999998e-05,"Direction":0,"PositionCertainty":1,"Enabled":1,"DataSource":1,"LevelSource":2,"StreetNameEN":"Apliu Street","StreetNameTC":"鴨寮街","ST_CODE":10025,"FloorID":null,"BuildingID_1":null,"BuildingID_2":null,"SiteID":null,"TerminalID":null,"AccessTimeID":null,"CreationDate":1614441600000,"ModifiedBy":"LANDSD","LastAmendmentDate":1654963200000,"Shape__Length":12.234811637261334}},{"type":"Feature","id":171286,"geometry":{"type":"LineString","coordinates":[[114.16269263381204,22.32975309844748,4.3616999999940163],[114.16270587961277,22.329742874273506,4.3616999999940163]]},"properties":{"OBJECTID":171286,"PedestrianRouteID":220013476,"Location":1,"FeatureType":1,"AliasNameEN":"Apliu Street","AliasNameTC":"鴨寮街","CrossingFeature":null,"WeatherProof":2,"WheelchairBarrier":2,"WheelchairAccess":2,"ObstaclesType":null,"Gradient":0,"Direction":0,"PositionCertainty":1,"Enabled":1,"DataSource":1,"LevelSource":2,"StreetNameEN":"Apliu Street","StreetNameTC":"鴨寮街","ST_CODE":10025,"FloorID":null,"BuildingID_1":null,"BuildingID_2":null,"SiteID":null,"TerminalID":null,"AccessTimeID":null,"CreationDate":1614441600000,"ModifiedBy":"LANDSD","LastAmendmentDate":1654963200000,"Shape__Length":1.7731225399928268}},{"type":"Feature","id":171287,"geometry":{"type":"LineString","coordinates":[[114.16244909420598,22.329941074786877,4.3586999999970431],[114.16269263381204,22.32975309844748,4.3616999999940163]]},"properties":{"OBJECTID":171287,"PedestrianRouteID":220013477,"Location":1,"FeatureType":1,"AliasNameEN":"Apliu Street","AliasNameTC":"鴨寮街","CrossingFeature":null,"WeatherProof":1,"WheelchairBarrier":2,"WheelchairAccess":2,"ObstaclesType":null,"Gradient":9.2020000000000003e-05,"Direction":0,"PositionCertainty":1,"Enabled":1,"DataSource":1,"LevelSource":2,"StreetNameEN":"Apliu Street","StreetNameTC":"鴨寮街","ST_CODE":10025,"FloorID":null,"BuildingID_1":null,"BuildingID_2":null,"SiteID":null,"TerminalID":null,"AccessTimeID":null,"CreationDate":1614441600000,"ModifiedBy":"LANDSD","LastAmendmentDate":1654963200000,"Shape__Length":32.600424642282803}},{"type":"Feature","id":171288,"geometry":{"type":"LineString","coordinates":[[114.16281454558415,22.329659000429501,4.3632000000070548],[114.1628285718441,22.329648173972991,4.3632000000070548]]},"properties":{"OBJECTID":171288,"PedestrianRouteID":220013478,"Location":1,"FeatureType":1,"AliasNameEN":"Apliu Street","AliasNameTC":"鴨寮街","CrossingFeature":null,"WeatherProof":2,"WheelchairBarrier":2,"WheelchairAccess":2,"ObstaclesType":null,"Gradient":0,"Direction":0,"PositionCertainty":1,"Enabled":1,"DataSource":1,"LevelSource":2,"StreetNameEN":"Apliu Street","StreetNameTC":"鴨寮街","ST_CODE":10025,"FloorID":null,"BuildingID_1":null,"BuildingID_2":null,"SiteID":null,"TerminalID":null,"AccessTimeID":null,"CreationDate":1614441600000,"ModifiedBy":"LANDSD","LastAmendmentDate":1654963200000,"Shape__Length":1.8775880834058631}},{"type":"Feature","id":171289,"geometry":{"type":"LineString","coordinates":[[114.16270587961277,22.329742874273506,4.3616999999940163],[114.16281454558415,22.329659000429501,4.3632000000070548]]},"properties":{"OBJECTID":171289,"PedestrianRouteID":220013479,"Location":1,"FeatureType":1,"AliasNameEN":"Apliu Street","AliasNameTC":"鴨寮街","CrossingFeature":null,"WeatherProof":1,"WheelchairBarrier":2,"WheelchairAccess":2,"ObstaclesType":null,"Gradient":0.00010312,"Direction":0,"PositionCertainty":1,"Enabled":1,"DataSource":1,"LevelSource":2,"StreetNameEN":"Apliu Street","StreetNameTC":"鴨寮街","ST_CODE":10025,"FloorID":null,"BuildingID_1":null,"BuildingID_2":null,"SiteID":null,"TerminalID":null,"AccessTimeID":null,"CreationDate":1614441600000,"ModifiedBy":"LANDSD","LastAmendmentDate":1654963200000,"Shape__Length":14.546122515497256}},{"type":"Feature","id":171290,"geometry":{"type":"LineString","coordinates":[[114.16305059300946,22.329476806082603,4.3659999999945285],[114.16305817546056,22.329470953103129,4.3659999999945285]]},"properties":{"OBJECTID":171290,"PedestrianRouteID":220013480,"Location":1,"FeatureType":1,"AliasNameEN":"Apliu Street","AliasNameTC":"鴨寮街","CrossingFeature":null,"WeatherProof":2,"WheelchairBarrier":2,"WheelchairAccess":2,"ObstaclesType":null,"Gradient":0,"Direction":0,"PositionCertainty":1,"Enabled":1,"DataSource":1,"LevelSource":2,"StreetNameEN":"Apliu Street","StreetNameTC":"鴨寮街","ST_CODE":10025,"FloorID":null,"BuildingID_1":null,"BuildingID_2":null,"SiteID":null,"TerminalID":null,"AccessTimeID":null,"CreationDate":1614441600000,"ModifiedBy":"LANDSD","LastAmendmentDate":1654963200000,"Shape__Length":1.0150273149110669}},{"type":"Feature","id":171291,"geometry":{"type":"LineString","coordinates":[[114.1628285718441,22.329648173972991,4.3632000000070548],[114.16305059300946,22.329476806082603,4.3659999999945285]]},"properties":{"OBJECTID":171291,"PedestrianRouteID":220013481,"Location":1,"FeatureType":1,"AliasNameEN":"Apliu Street","AliasNameTC":"鴨寮街","CrossingFeature":null,"WeatherProof":1,"WheelchairBarrier":2,"WheelchairAccess":2,"ObstaclesType":null,"Gradient":9.4209999999999994e-05,"Direction":0,"PositionCertainty":1,"Enabled":1,"DataSource":1,"LevelSource":2,"StreetNameEN":"Apliu Street","StreetNameTC":"鴨寮街","ST_CODE":10025,"FloorID":null,"BuildingID_1":null,"BuildingID_2":null,"SiteID":null,"TerminalID":null,"AccessTimeID":null,"CreationDate":1614441600000,"ModifiedBy":"LANDSD","LastAmendmentDate":1654963200000,"Shape__Length":29.720023988913333}},{"type":"Feature","id":171302,"geometry":{"type":"LineString","coordinates":[[114.16164767355137,22.331974847552797,5.1027000000030966],[114.16165543773569,22.331968793275959,5.1027000000030966]]},"properties":{"OBJECTID":171302,"PedestrianRouteID":220013492,"Location":1,"FeatureType":1,"AliasNameEN":"Fuk Wa Street","AliasNameTC":"福華街","CrossingFeature":null,"WeatherProof":2,"WheelchairBarrier":2,"WheelchairAccess":2,"ObstaclesType":null,"Gradient":0,"Direction":0,"PositionCertainty":1,"Enabled":1,"DataSource":1,"LevelSource":2,"StreetNameEN":"Fuk Wa Street","StreetNameTC":"福華街","ST_CODE":10560,"FloorID":null,"BuildingID_1":null,"BuildingID_2":null,"SiteID":null,"TerminalID":null,"AccessTimeID":null,"CreationDate":1614441600000,"ModifiedBy":"LANDSD","LastAmendmentDate":1654963200000,"Shape__Length":1.0436715419694329}},{"type":"Feature","id":171303,"geometry":{"type":"LineString","coordinates":[[114.16165543773569,22.331968793275959,5.1027000000030966],[114.16169089882897,22.33194113953741,5.1027000000030966]]},"properties":{"OBJECTID":171303,"PedestrianRouteID":220013493,"Location":1,"FeatureType":1,"AliasNameEN":"Fuk Wa Street","AliasNameTC":"福華街","CrossingFeature":null,"WeatherProof":1,"WheelchairBarrier":2,"WheelchairAccess":2,"ObstaclesType":null,"Gradient":0,"Direction":0,"PositionCertainty":1,"Enabled":1,"DataSource":1,"LevelSource":2,"StreetNameEN":"Fuk Wa Street","StreetNameTC":"福華街","ST_CODE":10560,"FloorID":null,"BuildingID_1":null,"BuildingID_2":null,"SiteID":null,"TerminalID":null,"AccessTimeID":null,"CreationDate":1614441600000,"ModifiedBy":"LANDSD","LastAmendmentDate":1654963200000,"Shape__Length":4.7668854789800292}},{"type":"Feature","id":171304,"geometry":{"type":"LineString","coordinates":[[114.16169089882897,22.33194113953741,5.1027000000030966],[114.16199849888433,22.331701263387387,5.1067000000039116]]},"properties":{"OBJECTID":171304,"PedestrianRouteID":220013494,"Location":1,"FeatureType":1,"AliasNameEN":"Fuk Wa Street","AliasNameTC":"福華街","CrossingFeature":null,"WeatherProof":2,"WheelchairBarrier":2,"WheelchairAccess":2,"ObstaclesType":null,"Gradient":9.6739999999999999e-05,"Direction":0,"PositionCertainty":1,"Enabled":1,"DataSource":1,"LevelSource":2,"StreetNameEN":"Fuk Wa Street","StreetNameTC":"福華街","ST_CODE":10560,"FloorID":null,"BuildingID_1":null,"BuildingID_2":null,"SiteID":null,"TerminalID":null,"AccessTimeID":null,"CreationDate":1614441600000,"ModifiedBy":"LANDSD","LastAmendmentDate":1654963200000,"Shape__Length":41.349361235688121}},{"type":"Feature","id":171305,"geometry":{"type":"LineString","coordinates":[[114.16203287841391,22.33167445293029,5.1067000000039116],[114.16204276076674,22.331666746231754,5.1067000000039116]]},"properties":{"OBJECTID":171305,"PedestrianRouteID":220013495,"Location":1,"FeatureType":1,"AliasNameEN":"Fuk Wa Street","AliasNameTC":"福華街","CrossingFeature":null,"WeatherProof":2,"WheelchairBarrier":2,"WheelchairAccess":2,"ObstaclesType":null,"Gradient":0,"Direction":0,"PositionCertainty":1,"Enabled":1,"DataSource":1,"LevelSource":2,"StreetNameEN":"Fuk Wa Street","StreetNameTC":"福華街","ST_CODE":10560,"FloorID":null,"BuildingID_1":null,"BuildingID_2":null,"SiteID":null,"TerminalID":null,"AccessTimeID":null,"CreationDate":1614441600000,"ModifiedBy":"LANDSD","LastAmendmentDate":1654963200000,"Shape__Length":1.3284525780966796}},{"type":"Feature","id":171306,"geometry":{"type":"LineString","coordinates":[[114.16199849888433,22.331701263387387,5.1067000000039116],[114.16203287841391,22.33167445293029,5.1067000000039116]]},"properties":{"OBJECTID":171306,"PedestrianRouteID":220013496,"Location":1,"FeatureType":1,"AliasNameEN":"Fuk Wa Street","AliasNameTC":"福華街","CrossingFeature":null,"WeatherProof":1,"WheelchairBarrier":2,"WheelchairAccess":2,"ObstaclesType":null,"Gradient":0,"Direction":0,"PositionCertainty":1,"Enabled":1,"DataSource":1,"LevelSource":2,"StreetNameEN":"Fuk Wa Street","StreetNameTC":"福華街","ST_CODE":10560,"FloorID":null,"BuildingID_1":null,"BuildingID_2":null,"SiteID":null,"TerminalID":null,"AccessTimeID":null,"CreationDate":1614441600000,"ModifiedBy":"LANDSD","LastAmendmentDate":1654963200000,"Shape__Length":4.6215117540688384}},{"type":"Feature","id":171307,"geometry":{"type":"LineString","coordinates":[[114.16166256448955,22.332713921532356,5.4091000000044005],[114.16157237616414,22.332612756127435,5.3497999999963213],[114.1615711707165,22.332611403233134,5.3497999999963213],[114.16148629250294,22.332516193946248,5.2918999999965308],[114.16147373140683,22.33250210324616,5.2832999999955064],[114.16140515885303,22.332425183286826,5.2364999999990687]]},"properties":{"OBJECTID":171307,"PedestrianRouteID":220013497,"Location":1,"FeatureType":1,"AliasNameEN":"Yen Chow Street","AliasNameTC":"欽州街","CrossingFeature":null,"WeatherProof":2,"WheelchairBarrier":2,"WheelchairAccess":2,"ObstaclesType":null,"Gradient":0.0041551000000000001,"Direction":0,"PositionCertainty":1,"Enabled":1,"DataSource":1,"LevelSource":2,"StreetNameEN":"Yen Chow Street","StreetNameTC":"欽州街","ST_CODE":12852,"FloorID":null,"BuildingID_1":null,"BuildingID_2":null,"SiteID":null,"TerminalID":null,"AccessTimeID":null,"CreationDate":1614441600000,"ModifiedBy":"LANDSD","LastAmendmentDate":1654963200000,"Shape__Length":41.539070816446426}},{"type":"Feature","id":171308,"geometry":{"type":"LineString","coordinates":[[114.16140515885303,22.332425183286826,5.2364999999990687],[114.16140186765955,22.332421492175598,5.2342999999964377]]},"properties":{"OBJECTID":171308,"PedestrianRouteID":220013498,"Location":1,"FeatureType":1,"AliasNameEN":"Yen Chow Street","AliasNameTC":"欽州街","CrossingFeature":null,"WeatherProof":2,"WheelchairBarrier":2,"WheelchairAccess":2,"ObstaclesType":null,"Gradient":0.0041426400000000004,"Direction":0,"PositionCertainty":1,"Enabled":1,"DataSource":1,"LevelSource":2,"StreetNameEN":"Yen Chow Street","StreetNameTC":"欽州街","ST_CODE":12852,"FloorID":null,"BuildingID_1":null,"BuildingID_2":null,"SiteID":null,"TerminalID":null,"AccessTimeID":null,"CreationDate":1614441600000,"ModifiedBy":"LANDSD","LastAmendmentDate":1654963200000,"Shape__Length":0.53105978955005584}},{"type":"Feature","id":171309,"geometry":{"type":"LineString","coordinates":[[114.16123169486714,22.330446232298144,4.4533999999985099],[114.1612147062927,22.330427453373243,4.4318000000057509]]},"properties":{"OBJECTID":171309,"PedestrianRouteID":220013499,"Location":1,"FeatureType":1,"AliasNameEN":"Kweilin Street","AliasNameTC":"桂林街","CrossingFeature":null,"WeatherProof":2,"WheelchairBarrier":2,"WheelchairAccess":2,"ObstaclesType":null,"Gradient":0.0079469299999999996,"Direction":0,"PositionCertainty":1,"Enabled":1,"DataSource":1,"LevelSource":2,"StreetNameEN":"Kweilin Street","StreetNameTC":"桂林街","ST_CODE":11114,"FloorID":null,"BuildingID_1":null,"BuildingID_2":null,"SiteID":null,"TerminalID":null,"AccessTimeID":null,"CreationDate":1614441600000,"ModifiedBy":"LANDSD","LastAmendmentDate":1654963200000,"Shape__Length":2.7179751007672039}},{"type":"Feature","id":171310,"geometry":{"type":"LineString","coordinates":[[114.16051336795759,22.330759688919908,4.3233000000036554],[114.16050642117671,22.330765081283676,4.3233000000036554]]},"properties":{"OBJECTID":171310,"PedestrianRouteID":220013500,"Location":1,"FeatureType":1,"AliasNameEN":"Yu Chau Street","AliasNameTC":"汝州街","CrossingFeature":null,"WeatherProof":2,"WheelchairBarrier":2,"WheelchairAccess":2,"ObstaclesType":null,"Gradient":0,"Direction":0,"PositionCertainty":1,"Enabled":1,"DataSource":1,"LevelSource":2,"StreetNameEN":"Yu Chau Street","StreetNameTC":"汝州街","ST_CODE":12888,"FloorID":null,"BuildingID_1":null,"BuildingID_2":null,"SiteID":null,"TerminalID":null,"AccessTimeID":null,"CreationDate":1614441600000,"ModifiedBy":"LANDSD","LastAmendmentDate":1654963200000,"Shape__Length":0.93205750919542374}},{"type":"Feature","id":171311,"geometry":{"type":"LineString","coordinates":[[114.16078377846151,22.330549798241673,4.3141999999934342],[114.16071556020631,22.330602748610641,4.3165000000008149]]},"properties":{"OBJECTID":171311,"PedestrianRouteID":220013501,"Location":1,"FeatureType":1,"AliasNameEN":"Yu Chau Street","AliasNameTC":"汝州街","CrossingFeature":null,"WeatherProof":2,"WheelchairBarrier":2,"WheelchairAccess":2,"ObstaclesType":null,"Gradient":0.00025128999999999999,"Direction":0,"PositionCertainty":1,"Enabled":1,"DataSource":1,"LevelSource":2,"StreetNameEN":"Yu Chau Street","StreetNameTC":"汝州街","ST_CODE":12888,"FloorID":null,"BuildingID_1":null,"BuildingID_2":null,"SiteID":null,"TerminalID":null,"AccessTimeID":null,"CreationDate":1614441600000,"ModifiedBy":"LANDSD","LastAmendmentDate":1654963200000,"Shape__Length":9.1526928785683115}},{"type":"Feature","id":171312,"geometry":{"type":"LineString","coordinates":[[114.16071556020631,22.330602748610641,4.3165000000008149],[114.16051336795759,22.330759688919908,4.3233000000036554]]},"properties":{"OBJECTID":171312,"PedestrianRouteID":220013502,"Location":1,"FeatureType":1,"AliasNameEN":"Yu Chau Street","AliasNameTC":"汝州街","CrossingFeature":null,"WeatherProof":1,"WheelchairBarrier":2,"WheelchairAccess":2,"ObstaclesType":null,"Gradient":0.00025066999999999998,"Direction":0,"PositionCertainty":1,"Enabled":1,"DataSource":1,"LevelSource":2,"StreetNameEN":"Yu Chau Street","StreetNameTC":"汝州街","ST_CODE":12888,"FloorID":null,"BuildingID_1":null,"BuildingID_2":null,"SiteID":null,"TerminalID":null,"AccessTimeID":null,"CreationDate":1614441600000,"ModifiedBy":"LANDSD","LastAmendmentDate":1654963200000,"Shape__Length":27.127717858742354}},{"type":"Feature","id":171313,"geometry":{"type":"LineString","coordinates":[[114.16085074632704,22.330497818507887,4.3120000000053551],[114.16078377846151,22.330549798241673,4.3141999999934342]]},"properties":{"OBJECTID":171313,"PedestrianRouteID":220013503,"Location":1,"FeatureType":1,"AliasNameEN":"Yu Chau Street","AliasNameTC":"汝州街","CrossingFeature":null,"WeatherProof":1,"WheelchairBarrier":2,"WheelchairAccess":2,"ObstaclesType":null,"Gradient":0.00024485000000000002,"Direction":0,"PositionCertainty":1,"Enabled":1,"DataSource":1,"LevelSource":2,"StreetNameEN":"Yu Chau Street","StreetNameTC":"汝州街","ST_CODE":12888,"FloorID":null,"BuildingID_1":null,"BuildingID_2":null,"SiteID":null,"TerminalID":null,"AccessTimeID":null,"CreationDate":1614441600000,"ModifiedBy":"LANDSD","LastAmendmentDate":1654963200000,"Shape__Length":8.9849261057913274}},{"type":"Feature","id":171314,"geometry":{"type":"LineString","coordinates":[[114.16101786532447,22.330368100655893,4.3641000000061467],[114.16085074632704,22.330497818507887,4.3120000000053551]]},"properties":{"OBJECTID":171314,"PedestrianRouteID":220013504,"Location":1,"FeatureType":1,"AliasNameEN":"Yu Chau Street","AliasNameTC":"汝州街","CrossingFeature":null,"WeatherProof":2,"WheelchairBarrier":2,"WheelchairAccess":2,"ObstaclesType":null,"Gradient":0.00024529,"Direction":0,"PositionCertainty":1,"Enabled":1,"DataSource":1,"LevelSource":2,"StreetNameEN":"Yu Chau Street","StreetNameTC":"汝州街","ST_CODE":12888,"FloorID":null,"BuildingID_1":null,"BuildingID_2":null,"SiteID":null,"TerminalID":null,"AccessTimeID":null,"CreationDate":1614441600000,"ModifiedBy":"LANDSD","LastAmendmentDate":1689177600000,"Shape__Length":22.422118171922111}},{"type":"Feature","id":171317,"geometry":{"type":"LineString","coordinates":[[114.16311129413073,22.328776989781439,4.3564999999944121],[114.16309929319816,22.328763711097842,4.3239000000030501],[114.16309999309864,22.328763164806794,4.3239000000030501]]},"properties":{"OBJECTID":171317,"PedestrianRouteID":220013507,"Location":1,"FeatureType":1,"AliasNameEN":"Nam Cheong Street","AliasNameTC":"南昌街","CrossingFeature":null,"WeatherProof":1,"WheelchairBarrier":2,"WheelchairAccess":2,"ObstaclesType":null,"Gradient":0.016175289999999998,"Direction":0,"PositionCertainty":1,"Enabled":1,"DataSource":1,"LevelSource":2,"StreetNameEN":"Nam Cheong Street","StreetNameTC":"南昌街","ST_CODE":11487,"FloorID":null,"BuildingID_1":null,"BuildingID_2":null,"SiteID":null,"TerminalID":null,"AccessTimeID":null,"CreationDate":1614441600000,"ModifiedBy":"LANDSD","LastAmendmentDate":1654963200000,"Shape__Length":2.0152436515675802}},{"type":"Feature","id":171318,"geometry":{"type":"LineString","coordinates":[[114.16309999309864,22.328763164806794,4.3239000000030501],[114.16312818035168,22.328741137082829,4.3361000000004424]]},"properties":{"OBJECTID":171318,"PedestrianRouteID":220013508,"Location":1,"FeatureType":1,"AliasNameEN":"Yu Chau Street","AliasNameTC":"汝州街","CrossingFeature":null,"WeatherProof":1,"WheelchairBarrier":2,"WheelchairAccess":2,"ObstaclesType":null,"Gradient":0.0032169099999999999,"Direction":0,"PositionCertainty":1,"Enabled":1,"DataSource":1,"LevelSource":2,"StreetNameEN":"Yu Chau Street","StreetNameTC":"汝州街","ST_CODE":12888,"FloorID":null,"BuildingID_1":null,"BuildingID_2":null,"SiteID":null,"TerminalID":null,"AccessTimeID":null,"CreationDate":1614441600000,"ModifiedBy":"LANDSD","LastAmendmentDate":1654963200000,"Shape__Length":3.7924443225593905}},{"type":"Feature","id":171319,"geometry":{"type":"LineString","coordinates":[[114.16356563350199,22.328399279173127,4.7329000000027008],[114.16354806618433,22.328413007834815,4.7174999999988358]]},"properties":{"OBJECTID":171319,"PedestrianRouteID":220013509,"Location":1,"FeatureType":1,"AliasNameEN":"Yu Chau Street","AliasNameTC":"汝州街","CrossingFeature":null,"WeatherProof":2,"WheelchairBarrier":2,"WheelchairAccess":2,"ObstaclesType":null,"Gradient":0.0065153800000000003,"Direction":0,"PositionCertainty":1,"Enabled":1,"DataSource":1,"LevelSource":2,"StreetNameEN":"Yu Chau Street","StreetNameTC":"汝州街","ST_CODE":12888,"FloorID":null,"BuildingID_1":null,"BuildingID_2":null,"SiteID":null,"TerminalID":null,"AccessTimeID":null,"CreationDate":1614441600000,"ModifiedBy":"LANDSD","LastAmendmentDate":1654963200000,"Shape__Length":2.3636053504338954}},{"type":"Feature","id":171320,"geometry":{"type":"LineString","coordinates":[[114.16354806618433,22.328413007834815,4.7174999999988358],[114.16349889379082,22.328451435255115,4.6744999999937136]]},"properties":{"OBJECTID":171320,"PedestrianRouteID":220013510,"Location":1,"FeatureType":1,"AliasNameEN":"Yu Chau Street","AliasNameTC":"汝州街","CrossingFeature":null,"WeatherProof":1,"WheelchairBarrier":2,"WheelchairAccess":2,"ObstaclesType":null,"Gradient":0.0064993899999999999,"Direction":0,"PositionCertainty":1,"Enabled":1,"DataSource":1,"LevelSource":2,"StreetNameEN":"Yu Chau Street","StreetNameTC":"汝州街","ST_CODE":12888,"FloorID":null,"BuildingID_1":null,"BuildingID_2":null,"SiteID":null,"TerminalID":null,"AccessTimeID":null,"CreationDate":1614441600000,"ModifiedBy":"LANDSD","LastAmendmentDate":1654963200000,"Shape__Length":6.6159105754110996}},{"type":"Feature","id":171321,"geometry":{"type":"LineString","coordinates":[[114.16349889379082,22.328451435255115,4.6744999999937136],[114.16348137208446,22.328465128693946,4.6591999999945983]]},"properties":{"OBJECTID":171321,"PedestrianRouteID":220013511,"Location":1,"FeatureType":1,"AliasNameEN":"Yu Chau Street","AliasNameTC":"汝州街","CrossingFeature":null,"WeatherProof":2,"WheelchairBarrier":2,"WheelchairAccess":2,"ObstaclesType":null,"Gradient":0.0064898400000000002,"Direction":0,"PositionCertainty":1,"Enabled":1,"DataSource":1,"LevelSource":2,"StreetNameEN":"Yu Chau Street","StreetNameTC":"汝州街","ST_CODE":12888,"FloorID":null,"BuildingID_1":null,"BuildingID_2":null,"SiteID":null,"TerminalID":null,"AccessTimeID":null,"CreationDate":1614441600000,"ModifiedBy":"LANDSD","LastAmendmentDate":1654963200000,"Shape__Length":2.357498090911839}},{"type":"Feature","id":171322,"geometry":{"type":"LineString","coordinates":[[114.16348137208446,22.328465128693946,4.6591999999945983],[114.16345530502117,22.328485498639864,4.6364000000030501]]},"properties":{"OBJECTID":171322,"PedestrianRouteID":220013512,"Location":1,"FeatureType":1,"AliasNameEN":"Yu Chau Street","AliasNameTC":"汝州街","CrossingFeature":null,"WeatherProof":1,"WheelchairBarrier":2,"WheelchairAccess":2,"ObstaclesType":null,"Gradient":0.0065009600000000001,"Direction":0,"PositionCertainty":1,"Enabled":1,"DataSource":1,"LevelSource":2,"StreetNameEN":"Yu Chau Street","StreetNameTC":"汝州街","ST_CODE":12888,"FloorID":null,"BuildingID_1":null,"BuildingID_2":null,"SiteID":null,"TerminalID":null,"AccessTimeID":null,"CreationDate":1614441600000,"ModifiedBy":"LANDSD","LastAmendmentDate":1654963200000,"Shape__Length":3.5071243058756592}},{"type":"Feature","id":171323,"geometry":{"type":"LineString","coordinates":[[114.16325309742936,22.328643517952063,4.4596000000019558],[114.16324571014172,22.328649290585425,4.4530999999988126]]},"properties":{"OBJECTID":171323,"PedestrianRouteID":220013513,"Location":1,"FeatureType":1,"AliasNameEN":"Yu Chau Street","AliasNameTC":"汝州街","CrossingFeature":null,"WeatherProof":2,"WheelchairBarrier":2,"WheelchairAccess":2,"ObstaclesType":null,"Gradient":0.0065398399999999999,"Direction":0,"PositionCertainty":1,"Enabled":1,"DataSource":1,"LevelSource":2,"StreetNameEN":"Yu Chau Street","StreetNameTC":"汝州街","ST_CODE":12888,"FloorID":null,"BuildingID_1":null,"BuildingID_2":null,"SiteID":null,"TerminalID":null,"AccessTimeID":null,"CreationDate":1614441600000,"ModifiedBy":"LANDSD","LastAmendmentDate":1654963200000,"Shape__Length":0.99389410392164412}},{"type":"Feature","id":171324,"geometry":{"type":"LineString","coordinates":[[114.16345530502117,22.328485498639864,4.6364000000030501],[114.16338668006512,22.328539126504708,4.5764000000053784]]},"properties":{"OBJECTID":171324,"PedestrianRouteID":220013514,"Location":1,"FeatureType":1,"AliasNameEN":"Yu Chau Street","AliasNameTC":"汝州街","CrossingFeature":null,"WeatherProof":2,"WheelchairBarrier":2,"WheelchairAccess":2,"ObstaclesType":null,"Gradient":0.0064983000000000003,"Direction":0,"PositionCertainty":1,"Enabled":1,"DataSource":1,"LevelSource":2,"StreetNameEN":"Yu Chau Street","StreetNameTC":"汝州街","ST_CODE":12888,"FloorID":null,"BuildingID_1":null,"BuildingID_2":null,"SiteID":null,"TerminalID":null,"AccessTimeID":null,"CreationDate":1614441600000,"ModifiedBy":"LANDSD","LastAmendmentDate":1654963200000,"Shape__Length":9.2330561130874678}},{"type":"Feature","id":171325,"geometry":{"type":"LineString","coordinates":[[114.16338668006512,22.328539126504708,4.5764000000053784],[114.16325309742936,22.328643517952063,4.4596000000019558]]},"properties":{"OBJECTID":171325,"PedestrianRouteID":220013515,"Location":1,"FeatureType":1,"AliasNameEN":"Yu Chau Street","AliasNameTC":"汝州街","CrossingFeature":null,"WeatherProof":1,"WheelchairBarrier":2,"WheelchairAccess":2,"ObstaclesType":null,"Gradient":0.0064986100000000002,"Direction":0,"PositionCertainty":1,"Enabled":1,"DataSource":1,"LevelSource":2,"StreetNameEN":"Yu Chau Street","StreetNameTC":"汝州街","ST_CODE":12888,"FloorID":null,"BuildingID_1":null,"BuildingID_2":null,"SiteID":null,"TerminalID":null,"AccessTimeID":null,"CreationDate":1614441600000,"ModifiedBy":"LANDSD","LastAmendmentDate":1654963200000,"Shape__Length":17.972808405230957}},{"type":"Feature","id":171326,"geometry":{"type":"LineString","coordinates":[[114.16363549503153,22.328344683253572,4.7939999999944121],[114.16356563350199,22.328399279173127,4.7329000000027008]]},"properties":{"OBJECTID":171326,"PedestrianRouteID":220013516,"Location":1,"FeatureType":1,"AliasNameEN":"Yu Chau Street","AliasNameTC":"汝州街","CrossingFeature":null,"WeatherProof":1,"WheelchairBarrier":2,"WheelchairAccess":2,"ObstaclesType":null,"Gradient":0.0065002100000000002,"Direction":0,"PositionCertainty":1,"Enabled":1,"DataSource":1,"LevelSource":2,"StreetNameEN":"Yu Chau Street","StreetNameTC":"汝州街","ST_CODE":12888,"FloorID":null,"BuildingID_1":null,"BuildingID_2":null,"SiteID":null,"TerminalID":null,"AccessTimeID":null,"CreationDate":1614441600000,"ModifiedBy":"LANDSD","LastAmendmentDate":1654963200000,"Shape__Length":9.3995571132586804}},{"type":"Feature","id":171327,"geometry":{"type":"LineString","coordinates":[[114.16372642812553,22.328273621737786,4.8736000000062631],[114.16363549503153,22.328344683253572,4.7939999999944121]]},"properties":{"OBJECTID":171327,"PedestrianRouteID":220013517,"Location":1,"FeatureType":1,"AliasNameEN":"Yu Chau Street","AliasNameTC":"汝州街","CrossingFeature":null,"WeatherProof":2,"WheelchairBarrier":2,"WheelchairAccess":2,"ObstaclesType":null,"Gradient":0.00650608,"Direction":0,"PositionCertainty":1,"Enabled":1,"DataSource":1,"LevelSource":2,"StreetNameEN":"Yu Chau Street","StreetNameTC":"汝州街","ST_CODE":12888,"FloorID":null,"BuildingID_1":null,"BuildingID_2":null,"SiteID":null,"TerminalID":null,"AccessTimeID":null,"CreationDate":1614441600000,"ModifiedBy":"LANDSD","LastAmendmentDate":1654963200000,"Shape__Length":12.234533431106573}},{"type":"Feature","id":171328,"geometry":{"type":"LineString","coordinates":[[114.16016253982338,22.329034389336485,4.1389999999955762],[114.16028440147144,22.329168618867389,4.16370000000461]]},"properties":{"OBJECTID":171328,"PedestrianRouteID":220013518,"Location":1,"FeatureType":1,"AliasNameEN":"Kweilin Street","AliasNameTC":"桂林街","CrossingFeature":null,"WeatherProof":2,"WheelchairBarrier":2,"WheelchairAccess":2,"ObstaclesType":null,"Gradient":0.0016549900000000001,"Direction":0,"PositionCertainty":1,"Enabled":1,"DataSource":1,"LevelSource":2,"StreetNameEN":"Kweilin Street","StreetNameTC":"桂林街","ST_CODE":11114,"FloorID":null,"BuildingID_1":null,"BuildingID_2":null,"SiteID":null,"TerminalID":null,"AccessTimeID":null,"CreationDate":1614441600000,"ModifiedBy":"LANDSD","LastAmendmentDate":1689004800000,"Shape__Length":19.456349951687589}},{"type":"Feature","id":171329,"geometry":{"type":"LineString","coordinates":[[114.16040059541371,22.328824027233747,4.1343999999953667],[114.16036013065076,22.328855429690819,4.1334000000060769]]},"properties":{"OBJECTID":171329,"PedestrianRouteID":220013519,"Location":1,"FeatureType":1,"AliasNameEN":"Lai Chi Kok Road","AliasNameTC":"荔枝角道","CrossingFeature":null,"WeatherProof":2,"WheelchairBarrier":2,"WheelchairAccess":2,"ObstaclesType":null,"Gradient":0.00018421,"Direction":0,"PositionCertainty":1,"Enabled":1,"DataSource":1,"LevelSource":2,"StreetNameEN":"Lai Chi Kok Road","StreetNameTC":"荔枝角道","ST_CODE":11149,"FloorID":null,"BuildingID_1":null,"BuildingID_2":null,"SiteID":null,"TerminalID":null,"AccessTimeID":null,"CreationDate":1614441600000,"ModifiedBy":"LANDSD","LastAmendmentDate":1654963200000,"Shape__Length":5.4286878146548263}},{"type":"Feature","id":171330,"geometry":{"type":"LineString","coordinates":[[114.16036013065076,22.328855429690819,4.1334000000060769],[114.16022865790548,22.328957458260149,4.1300000000046566]]},"properties":{"OBJECTID":171330,"PedestrianRouteID":220013520,"Location":1,"FeatureType":1,"AliasNameEN":"Lai Chi Kok Road","AliasNameTC":"荔枝角道","CrossingFeature":null,"WeatherProof":1,"WheelchairBarrier":2,"WheelchairAccess":2,"ObstaclesType":null,"Gradient":0.00019275999999999999,"Direction":0,"PositionCertainty":1,"Enabled":1,"DataSource":1,"LevelSource":2,"StreetNameEN":"Lai Chi Kok Road","StreetNameTC":"荔枝角道","ST_CODE":11149,"FloorID":null,"BuildingID_1":null,"BuildingID_2":null,"SiteID":null,"TerminalID":null,"AccessTimeID":null,"CreationDate":1614441600000,"ModifiedBy":"LANDSD","LastAmendmentDate":1654963200000,"Shape__Length":17.638158740302718}},{"type":"Feature","id":171331,"geometry":{"type":"LineString","coordinates":[[114.16053839330829,22.328717089230626,4.1379000000015367],[114.16052133725049,22.328730326351206,4.1379000000015367]]},"properties":{"OBJECTID":171331,"PedestrianRouteID":220013521,"Location":1,"FeatureType":1,"AliasNameEN":"Lai Chi Kok Road","AliasNameTC":"荔枝角道","CrossingFeature":null,"WeatherProof":2,"WheelchairBarrier":2,"WheelchairAccess":2,"ObstaclesType":null,"Gradient":0,"Direction":0,"PositionCertainty":1,"Enabled":1,"DataSource":1,"LevelSource":2,"StreetNameEN":"Lai Chi Kok Road","StreetNameTC":"荔枝角道","ST_CODE":11149,"FloorID":null,"BuildingID_1":null,"BuildingID_2":null,"SiteID":null,"TerminalID":null,"AccessTimeID":null,"CreationDate":1614441600000,"ModifiedBy":"LANDSD","LastAmendmentDate":1654963200000,"Shape__Length":2.2882755517644613}},{"type":"Feature","id":171332,"geometry":{"type":"LineString","coordinates":[[114.16052133725049,22.328730326351206,4.1379000000015367],[114.16040059541371,22.328824027233747,4.1343999999953667]]},"properties":{"OBJECTID":171332,"PedestrianRouteID":220013522,"Location":1,"FeatureType":1,"AliasNameEN":"Lai Chi Kok Road","AliasNameTC":"荔枝角道","CrossingFeature":null,"WeatherProof":1,"WheelchairBarrier":2,"WheelchairAccess":2,"ObstaclesType":null,"Gradient":0.00021607000000000001,"Direction":0,"PositionCertainty":1,"Enabled":1,"DataSource":1,"LevelSource":2,"StreetNameEN":"Lai Chi Kok Road","StreetNameTC":"荔枝角道","ST_CODE":11149,"FloorID":null,"BuildingID_1":null,"BuildingID_2":null,"SiteID":null,"TerminalID":null,"AccessTimeID":null,"CreationDate":1614441600000,"ModifiedBy":"LANDSD","LastAmendmentDate":1654963200000,"Shape__Length":16.198524602205772}},{"type":"Feature","id":171333,"geometry":{"type":"LineString","coordinates":[[114.16092050714967,22.328456755585339,4.2118999999947846],[114.16090128759699,22.328435464095651,4.1472999999969034]]},"properties":{"OBJECTID":171333,"PedestrianRouteID":220013523,"Location":1,"FeatureType":1,"AliasNameEN":"Lai Chi Kok Road","AliasNameTC":"荔枝角道","CrossingFeature":null,"WeatherProof":2,"WheelchairBarrier":2,"WheelchairAccess":2,"ObstaclesType":null,"Gradient":0.020978699999999999,"Direction":0,"PositionCertainty":1,"Enabled":1,"DataSource":1,"LevelSource":2,"StreetNameEN":"Lai Chi Kok Road","StreetNameTC":"荔枝角道","ST_CODE":11149,"FloorID":null,"BuildingID_1":null,"BuildingID_2":null,"SiteID":null,"TerminalID":null,"AccessTimeID":null,"CreationDate":1614441600000,"ModifiedBy":"LANDSD","LastAmendmentDate":1654963200000,"Shape__Length":3.0788625073882128}},{"type":"Feature","id":171334,"geometry":{"type":"LineString","coordinates":[[114.16088839222104,22.328445471424203,4.1472999999969034],[114.16053839330829,22.328717089230626,4.1379000000015367]]},"properties":{"OBJECTID":171334,"PedestrianRouteID":220013524,"Location":1,"FeatureType":1,"AliasNameEN":"Lai Chi Kok Road","AliasNameTC":"荔枝角道","CrossingFeature":null,"WeatherProof":1,"WheelchairBarrier":2,"WheelchairAccess":2,"ObstaclesType":null,"Gradient":0.00020018999999999999,"Direction":0,"PositionCertainty":1,"Enabled":1,"DataSource":1,"LevelSource":2,"StreetNameEN":"Lai Chi Kok Road","StreetNameTC":"荔枝角道","ST_CODE":11149,"FloorID":null,"BuildingID_1":null,"BuildingID_2":null,"SiteID":null,"TerminalID":null,"AccessTimeID":null,"CreationDate":1614441600000,"ModifiedBy":"LANDSD","LastAmendmentDate":1654963200000,"Shape__Length":46.95556204788771}},{"type":"Feature","id":171335,"geometry":{"type":"LineString","coordinates":[[114.16273871416367,22.328836975077433,4.3065000000060536],[114.16273637997925,22.328834406576473,4.3099999999976717]]},"properties":{"OBJECTID":171335,"PedestrianRouteID":220013525,"Location":1,"FeatureType":1,"AliasNameEN":"Nam Cheong Street","AliasNameTC":"南昌街","CrossingFeature":null,"WeatherProof":1,"WheelchairBarrier":2,"WheelchairAccess":2,"ObstaclesType":null,"Gradient":0.0093968000000000003,"Direction":0,"PositionCertainty":1,"Enabled":1,"DataSource":1,"LevelSource":2,"StreetNameEN":"Nam Cheong Street","StreetNameTC":"南昌街","ST_CODE":11487,"FloorID":null,"BuildingID_1":null,"BuildingID_2":null,"SiteID":null,"TerminalID":null,"AccessTimeID":null,"CreationDate":1614441600000,"ModifiedBy":"LANDSD","LastAmendmentDate":1654963200000,"Shape__Length":0.37245618440830774}},{"type":"Feature","id":171336,"geometry":{"type":"LineString","coordinates":[[114.16274834789188,22.328847576916942,4.2921999999962281],[114.16273871416367,22.328836975077433,4.3065000000060536]]},"properties":{"OBJECTID":171336,"PedestrianRouteID":220013526,"Location":1,"FeatureType":1,"AliasNameEN":"Nam Cheong Street","AliasNameTC":"南昌街","CrossingFeature":null,"WeatherProof":2,"WheelchairBarrier":2,"WheelchairAccess":2,"ObstaclesType":null,"Gradient":0.0093017499999999993,"Direction":0,"PositionCertainty":1,"Enabled":1,"DataSource":1,"LevelSource":2,"StreetNameEN":"Nam Cheong Street","StreetNameTC":"南昌街","ST_CODE":11487,"FloorID":null,"BuildingID_1":null,"BuildingID_2":null,"SiteID":null,"TerminalID":null,"AccessTimeID":null,"CreationDate":1614441600000,"ModifiedBy":"LANDSD","LastAmendmentDate":1654963200000,"Shape__Length":1.5373015230211784}},{"type":"Feature","id":171343,"geometry":{"type":"LineString","coordinates":[[114.16030429848104,22.329190535413748,4.1682000000000698],[114.16028440147144,22.329168618867389,4.16370000000461]]},"properties":{"OBJECTID":171343,"PedestrianRouteID":220013533,"Location":1,"FeatureType":1,"AliasNameEN":"Kweilin Street","AliasNameTC":"桂林街","CrossingFeature":null,"WeatherProof":2,"WheelchairBarrier":2,"WheelchairAccess":2,"ObstaclesType":null,"Gradient":0.00141654,"Direction":0,"PositionCertainty":1,"Enabled":1,"DataSource":1,"LevelSource":2,"StreetNameEN":"Kweilin Street","StreetNameTC":"桂林街","ST_CODE":11114,"FloorID":null,"BuildingID_1":null,"BuildingID_2":null,"SiteID":null,"TerminalID":null,"AccessTimeID":null,"CreationDate":1614441600000,"ModifiedBy":"LANDSD","LastAmendmentDate":1654963200000,"Shape__Length":3.1767566631991384}},{"type":"Feature","id":171344,"geometry":{"type":"LineString","coordinates":[[114.16036380223319,22.329256077315396,4.1815000000060536],[114.16030429848104,22.329190535413748,4.1682000000000698]]},"properties":{"OBJECTID":171344,"PedestrianRouteID":220013534,"Location":1,"FeatureType":1,"AliasNameEN":"Kweilin Street","AliasNameTC":"桂林街","CrossingFeature":null,"WeatherProof":1,"WheelchairBarrier":2,"WheelchairAccess":2,"ObstaclesType":null,"Gradient":0.00139996,"Direction":0,"PositionCertainty":1,"Enabled":1,"DataSource":1,"LevelSource":2,"StreetNameEN":"Kweilin Street","StreetNameTC":"桂林街","ST_CODE":11114,"FloorID":null,"BuildingID_1":null,"BuildingID_2":null,"SiteID":null,"TerminalID":null,"AccessTimeID":null,"CreationDate":1614441600000,"ModifiedBy":"LANDSD","LastAmendmentDate":1654963200000,"Shape__Length":9.5002453349809546}},{"type":"Feature","id":171345,"geometry":{"type":"LineString","coordinates":[[114.16037382402536,22.329267116415039,4.1837999999988824],[114.16036380223319,22.329256077315396,4.1815000000060536]]},"properties":{"OBJECTID":171345,"PedestrianRouteID":220013535,"Location":1,"FeatureType":1,"AliasNameEN":"Kweilin Street","AliasNameTC":"桂林街","CrossingFeature":null,"WeatherProof":2,"WheelchairBarrier":2,"WheelchairAccess":2,"ObstaclesType":null,"Gradient":0.00143742,"Direction":0,"PositionCertainty":1,"Enabled":1,"DataSource":1,"LevelSource":2,"StreetNameEN":"Kweilin Street","StreetNameTC":"桂林街","ST_CODE":11114,"FloorID":null,"BuildingID_1":null,"BuildingID_2":null,"SiteID":null,"TerminalID":null,"AccessTimeID":null,"CreationDate":1614441600000,"ModifiedBy":"LANDSD","LastAmendmentDate":1654963200000,"Shape__Length":1.600087513327147}},{"type":"Feature","id":171346,"geometry":{"type":"LineString","coordinates":[[114.16038826759893,22.32928302525314,4.1870000000053551],[114.16037382402536,22.329267116415039,4.1837999999988824]]},"properties":{"OBJECTID":171346,"PedestrianRouteID":220013536,"Location":1,"FeatureType":1,"AliasNameEN":"Kweilin Street","AliasNameTC":"桂林街","CrossingFeature":null,"WeatherProof":1,"WheelchairBarrier":2,"WheelchairAccess":2,"ObstaclesType":null,"Gradient":0.00138769,"Direction":0,"PositionCertainty":1,"Enabled":1,"DataSource":1,"LevelSource":2,"StreetNameEN":"Kweilin Street","StreetNameTC":"桂林街","ST_CODE":11114,"FloorID":null,"BuildingID_1":null,"BuildingID_2":null,"SiteID":null,"TerminalID":null,"AccessTimeID":null,"CreationDate":1614441600000,"ModifiedBy":"LANDSD","LastAmendmentDate":1654963200000,"Shape__Length":2.3059968534774717}},{"type":"Feature","id":171347,"geometry":{"type":"LineString","coordinates":[[114.16256345064819,22.331717332549186,5.3053999999974621],[114.16257386101152,22.331728869128845,5.3203000000066822]]},"properties":{"OBJECTID":171347,"PedestrianRouteID":220013537,"Location":1,"FeatureType":1,"AliasNameEN":"Kweilin Street","AliasNameTC":"桂林街","CrossingFeature":null,"WeatherProof":2,"WheelchairBarrier":2,"WheelchairAccess":2,"ObstaclesType":null,"Gradient":0.0089326200000000005,"Direction":0,"PositionCertainty":1,"Enabled":1,"DataSource":1,"LevelSource":2,"StreetNameEN":"Kweilin Street","StreetNameTC":"桂林街","ST_CODE":11114,"FloorID":null,"BuildingID_1":null,"BuildingID_2":null,"SiteID":null,"TerminalID":null,"AccessTimeID":null,"CreationDate":1614441600000,"ModifiedBy":"LANDSD","LastAmendmentDate":1654963200000,"Shape__Length":1.6679992569564499}},{"type":"Feature","id":171348,"geometry":{"type":"LineString","coordinates":[[114.16243787988441,22.331579515689377,5.091100000005099],[114.1624931754022,22.331639456554282,5.205100000006496],[114.16256345064819,22.331717332549186,5.3053999999974621]]},"properties":{"OBJECTID":171348,"PedestrianRouteID":220013538,"Location":1,"FeatureType":1,"AliasNameEN":"Kweilin Street","AliasNameTC":"桂林街","CrossingFeature":null,"WeatherProof":1,"WheelchairBarrier":2,"WheelchairAccess":2,"ObstaclesType":null,"Gradient":0.0040236600000000001,"Direction":0,"PositionCertainty":1,"Enabled":1,"DataSource":1,"LevelSource":2,"StreetNameEN":"Kweilin Street","StreetNameTC":"桂林街","ST_CODE":11114,"FloorID":null,"BuildingID_1":null,"BuildingID_2":null,"SiteID":null,"TerminalID":null,"AccessTimeID":null,"CreationDate":1614441600000,"ModifiedBy":"LANDSD","LastAmendmentDate":1689004800000,"Shape__Length":20.006570256467722}},{"type":"Feature","id":171349,"geometry":{"type":"LineString","coordinates":[[114.16128204168557,22.328642611189803,4.2599000000045635],[114.1612769094654,22.328636891628619,4.2691000000049826]]},"properties":{"OBJECTID":171349,"PedestrianRouteID":220013539,"Location":1,"FeatureType":1,"AliasNameEN":"Pei Ho Street","AliasNameTC":"北河街","CrossingFeature":null,"WeatherProof":1,"WheelchairBarrier":2,"WheelchairAccess":2,"ObstaclesType":null,"Gradient":0.011150449999999999,"Direction":0,"PositionCertainty":1,"Enabled":1,"DataSource":1,"LevelSource":2,"StreetNameEN":"Pei Ho Street","StreetNameTC":"北河街","ST_CODE":11675,"FloorID":null,"BuildingID_1":null,"BuildingID_2":null,"SiteID":null,"TerminalID":null,"AccessTimeID":null,"CreationDate":1614441600000,"ModifiedBy":"LANDSD","LastAmendmentDate":1654963200000,"Shape__Length":0.82504444212246142}},{"type":"Feature","id":171350,"geometry":{"type":"LineString","coordinates":[[114.16129223430694,22.328653971738706,4.2416999999986729],[114.16128204168557,22.328642611189803,4.2599000000045635]]},"properties":{"OBJECTID":171350,"PedestrianRouteID":220013540,"Location":1,"FeatureType":1,"AliasNameEN":"Pei Ho Street","AliasNameTC":"北河街","CrossingFeature":null,"WeatherProof":2,"WheelchairBarrier":2,"WheelchairAccess":2,"ObstaclesType":null,"Gradient":0.011106130000000001,"Direction":0,"PositionCertainty":1,"Enabled":1,"DataSource":1,"LevelSource":2,"StreetNameEN":"Pei Ho Street","StreetNameTC":"北河街","ST_CODE":11675,"FloorID":null,"BuildingID_1":null,"BuildingID_2":null,"SiteID":null,"TerminalID":null,"AccessTimeID":null,"CreationDate":1614441600000,"ModifiedBy":"LANDSD","LastAmendmentDate":1654963200000,"Shape__Length":1.638667888235888}},{"type":"Feature","id":171351,"geometry":{"type":"LineString","coordinates":[[114.1628582463682,22.332257559415005,5.6662000000069384],[114.16283959672268,22.332236683620504,5.6572000000014668]]},"properties":{"OBJECTID":171351,"PedestrianRouteID":220013541,"Location":1,"FeatureType":1,"AliasNameEN":"Kweilin Street","AliasNameTC":"桂林街","CrossingFeature":null,"WeatherProof":2,"WheelchairBarrier":2,"WheelchairAccess":2,"ObstaclesType":null,"Gradient":0.0029941400000000002,"Direction":0,"PositionCertainty":1,"Enabled":1,"DataSource":1,"LevelSource":2,"StreetNameEN":"Kweilin Street","StreetNameTC":"桂林街","ST_CODE":11114,"FloorID":null,"BuildingID_1":null,"BuildingID_2":null,"SiteID":null,"TerminalID":null,"AccessTimeID":null,"CreationDate":1614441600000,"ModifiedBy":"LANDSD","LastAmendmentDate":1654963200000,"Shape__Length":3.0058600266647115}},{"type":"Feature","id":171352,"geometry":{"type":"LineString","coordinates":[[114.16283959672268,22.332236683620504,5.6572000000014668],[114.16272014206497,22.33210297191437,5.5994000000064261]]},"properties":{"OBJECTID":171352,"PedestrianRouteID":220013542,"Location":1,"FeatureType":1,"AliasNameEN":"Kweilin Street","AliasNameTC":"桂林街","CrossingFeature":null,"WeatherProof":1,"WheelchairBarrier":2,"WheelchairAccess":2,"ObstaclesType":null,"Gradient":0.00300213,"Direction":0,"PositionCertainty":1,"Enabled":1,"DataSource":1,"LevelSource":2,"StreetNameEN":"Kweilin Street","StreetNameTC":"桂林街","ST_CODE":11114,"FloorID":null,"BuildingID_1":null,"BuildingID_2":null,"SiteID":null,"TerminalID":null,"AccessTimeID":null,"CreationDate":1614441600000,"ModifiedBy":"LANDSD","LastAmendmentDate":1654963200000,"Shape__Length":19.25297085879539}},{"type":"Feature","id":171353,"geometry":{"type":"LineString","coordinates":[[114.16162946625504,22.329038299301899,4.2929000000003725],[114.1616237303208,22.329031959294255,4.2975000000005821]]},"properties":{"OBJECTID":171353,"PedestrianRouteID":220013543,"Location":1,"FeatureType":1,"AliasNameEN":"Pei Ho Street","AliasNameTC":"北河街","CrossingFeature":null,"WeatherProof":1,"WheelchairBarrier":2,"WheelchairAccess":2,"ObstaclesType":null,"Gradient":0.0050127499999999998,"Direction":0,"PositionCertainty":1,"Enabled":1,"DataSource":1,"LevelSource":2,"StreetNameEN":"Pei Ho Street","StreetNameTC":"北河街","ST_CODE":11675,"FloorID":null,"BuildingID_1":null,"BuildingID_2":null,"SiteID":null,"TerminalID":null,"AccessTimeID":null,"CreationDate":1614441600000,"ModifiedBy":"LANDSD","LastAmendmentDate":1654963200000,"Shape__Length":0.91765189447405315}},{"type":"Feature","id":171354,"geometry":{"type":"LineString","coordinates":[[114.16164786714135,22.329038133960761,4.2865000000019791],[114.16163696470385,22.329046587371415,4.2868000000016764]]},"properties":{"OBJECTID":171354,"PedestrianRouteID":220013544,"Location":1,"FeatureType":1,"AliasNameEN":"Pei Ho Street","AliasNameTC":"北河街","CrossingFeature":null,"WeatherProof":2,"WheelchairBarrier":2,"WheelchairAccess":2,"ObstaclesType":null,"Gradient":0.00020518000000000001,"Direction":0,"PositionCertainty":1,"Enabled":1,"DataSource":1,"LevelSource":2,"StreetNameEN":"Pei Ho Street","StreetNameTC":"北河街","ST_CODE":11675,"FloorID":null,"BuildingID_1":null,"BuildingID_2":null,"SiteID":null,"TerminalID":null,"AccessTimeID":null,"CreationDate":1614441600000,"ModifiedBy":"LANDSD","LastAmendmentDate":1654963200000,"Shape__Length":1.4621299701221402}},{"type":"Feature","id":171355,"geometry":{"type":"LineString","coordinates":[[114.1614633665689,22.330701900265641,4.5277999999962049],[114.16139086166197,22.330757862210387,4.5344999999942956]]},"properties":{"OBJECTID":171355,"PedestrianRouteID":220013545,"Location":1,"FeatureType":1,"AliasNameEN":"Apliu Street","AliasNameTC":"鴨寮街","CrossingFeature":null,"WeatherProof":2,"WheelchairBarrier":2,"WheelchairAccess":2,"ObstaclesType":null,"Gradient":0.00069032999999999996,"Direction":0,"PositionCertainty":1,"Enabled":1,"DataSource":1,"LevelSource":2,"StreetNameEN":"Apliu Street","StreetNameTC":"鴨寮街","ST_CODE":10025,"FloorID":null,"BuildingID_1":null,"BuildingID_2":null,"SiteID":null,"TerminalID":null,"AccessTimeID":null,"CreationDate":1614441600000,"ModifiedBy":"LANDSD","LastAmendmentDate":1654963200000,"Shape__Length":9.7054599325907134}},{"type":"Feature","id":171356,"geometry":{"type":"LineString","coordinates":[[114.16139086166197,22.330757862210387,4.5344999999942956],[114.16131113813557,22.330819395300029,4.541800000006333]]},"properties":{"OBJECTID":171356,"PedestrianRouteID":220013546,"Location":1,"FeatureType":1,"AliasNameEN":"Apliu Street","AliasNameTC":"鴨寮街","CrossingFeature":null,"WeatherProof":1,"WheelchairBarrier":2,"WheelchairAccess":2,"ObstaclesType":null,"Gradient":0.00068404999999999996,"Direction":0,"PositionCertainty":1,"Enabled":1,"DataSource":1,"LevelSource":2,"StreetNameEN":"Apliu Street","StreetNameTC":"鴨寮街","ST_CODE":10025,"FloorID":null,"BuildingID_1":null,"BuildingID_2":null,"SiteID":null,"TerminalID":null,"AccessTimeID":null,"CreationDate":1614441600000,"ModifiedBy":"LANDSD","LastAmendmentDate":1654963200000,"Shape__Length":10.67170522131582}},{"type":"Feature","id":171357,"geometry":{"type":"LineString","coordinates":[[114.16131113813557,22.330819395300029,4.541800000006333],[114.16128036119531,22.330843150003812,4.5445999999938067]]},"properties":{"OBJECTID":171357,"PedestrianRouteID":220013547,"Location":1,"FeatureType":1,"AliasNameEN":"Apliu Street","AliasNameTC":"鴨寮街","CrossingFeature":null,"WeatherProof":2,"WheelchairBarrier":2,"WheelchairAccess":2,"ObstaclesType":null,"Gradient":0.00067964999999999996,"Direction":0,"PositionCertainty":1,"Enabled":1,"DataSource":1,"LevelSource":2,"StreetNameEN":"Apliu Street","StreetNameTC":"鴨寮街","ST_CODE":10025,"FloorID":null,"BuildingID_1":null,"BuildingID_2":null,"SiteID":null,"TerminalID":null,"AccessTimeID":null,"CreationDate":1614441600000,"ModifiedBy":"LANDSD","LastAmendmentDate":1654963200000,"Shape__Length":4.1197748480088263}},{"type":"Feature","id":171358,"geometry":{"type":"LineString","coordinates":[[114.16128036119531,22.330843150003812,4.5445999999938067],[114.16120484193301,22.33090143875593,4.5516000000061467]]},"properties":{"OBJECTID":171358,"PedestrianRouteID":220013548,"Location":1,"FeatureType":1,"AliasNameEN":"Apliu Street","AliasNameTC":"鴨寮街","CrossingFeature":null,"WeatherProof":1,"WheelchairBarrier":2,"WheelchairAccess":2,"ObstaclesType":null,"Gradient":0.00069245000000000005,"Direction":0,"PositionCertainty":1,"Enabled":1,"DataSource":1,"LevelSource":2,"StreetNameEN":"Apliu Street","StreetNameTC":"鴨寮街","ST_CODE":10025,"FloorID":null,"BuildingID_1":null,"BuildingID_2":null,"SiteID":null,"TerminalID":null,"AccessTimeID":null,"CreationDate":1614441600000,"ModifiedBy":"LANDSD","LastAmendmentDate":1654963200000,"Shape__Length":10.108968965313055}},{"type":"Feature","id":171359,"geometry":{"type":"LineString","coordinates":[[114.16120484193301,22.33090143875593,4.5516000000061467],[114.16112751213933,22.330961124327871,4.5586999999941327]]},"properties":{"OBJECTID":171359,"PedestrianRouteID":220013549,"Location":1,"FeatureType":1,"AliasNameEN":"Apliu Street","AliasNameTC":"鴨寮街","CrossingFeature":null,"WeatherProof":2,"WheelchairBarrier":2,"WheelchairAccess":2,"ObstaclesType":null,"Gradient":0.00068590999999999997,"Direction":0,"PositionCertainty":1,"Enabled":1,"DataSource":1,"LevelSource":2,"StreetNameEN":"Apliu Street","StreetNameTC":"鴨寮街","ST_CODE":10025,"FloorID":null,"BuildingID_1":null,"BuildingID_2":null,"SiteID":null,"TerminalID":null,"AccessTimeID":null,"CreationDate":1614441600000,"ModifiedBy":"LANDSD","LastAmendmentDate":1654963200000,"Shape__Length":10.351279380483273}},{"type":"Feature","id":171360,"geometry":{"type":"LineString","coordinates":[[114.16112751213933,22.330961124327871,4.5586999999941327],[114.16087229393928,22.331158108752835,4.5820999999996275]]},"properties":{"OBJECTID":171360,"PedestrianRouteID":220013550,"Location":1,"FeatureType":1,"AliasNameEN":"Apliu Street","AliasNameTC":"鴨寮街","CrossingFeature":null,"WeatherProof":1,"WheelchairBarrier":2,"WheelchairAccess":2,"ObstaclesType":null,"Gradient":0.00068495000000000003,"Direction":0,"PositionCertainty":1,"Enabled":1,"DataSource":1,"LevelSource":2,"StreetNameEN":"Apliu Street","StreetNameTC":"鴨寮街","ST_CODE":10025,"FloorID":null,"BuildingID_1":null,"BuildingID_2":null,"SiteID":null,"TerminalID":null,"AccessTimeID":null,"CreationDate":1614441600000,"ModifiedBy":"LANDSD","LastAmendmentDate":1654963200000,"Shape__Length":34.163131001805411}},{"type":"Feature","id":171361,"geometry":{"type":"LineString","coordinates":[[114.16087229393928,22.331158108752835,4.5820999999996275],[114.16084737832173,22.331177339629246,4.5844000000070082]]},"properties":{"OBJECTID":171361,"PedestrianRouteID":220013551,"Location":1,"FeatureType":1,"AliasNameEN":"Apliu Street","AliasNameTC":"鴨寮街","CrossingFeature":null,"WeatherProof":2,"WheelchairBarrier":2,"WheelchairAccess":2,"ObstaclesType":null,"Gradient":0.00068961999999999995,"Direction":0,"PositionCertainty":1,"Enabled":1,"DataSource":1,"LevelSource":2,"StreetNameEN":"Apliu Street","StreetNameTC":"鴨寮街","ST_CODE":10025,"FloorID":null,"BuildingID_1":null,"BuildingID_2":null,"SiteID":null,"TerminalID":null,"AccessTimeID":null,"CreationDate":1614441600000,"ModifiedBy":"LANDSD","LastAmendmentDate":1654963200000,"Shape__Length":3.3351886914283866}},{"type":"Feature","id":171362,"geometry":{"type":"LineString","coordinates":[[114.16084737832173,22.331177339629246,4.5844000000070082],[114.16081158819891,22.331204963352402,4.5877000000036787]]},"properties":{"OBJECTID":171362,"PedestrianRouteID":220013552,"Location":1,"FeatureType":1,"AliasNameEN":"Apliu Street","AliasNameTC":"鴨寮街","CrossingFeature":null,"WeatherProof":1,"WheelchairBarrier":2,"WheelchairAccess":2,"ObstaclesType":null,"Gradient":0.00068882000000000004,"Direction":0,"PositionCertainty":1,"Enabled":1,"DataSource":1,"LevelSource":2,"StreetNameEN":"Apliu Street","StreetNameTC":"鴨寮街","ST_CODE":10025,"FloorID":null,"BuildingID_1":null,"BuildingID_2":null,"SiteID":null,"TerminalID":null,"AccessTimeID":null,"CreationDate":1614441600000,"ModifiedBy":"LANDSD","LastAmendmentDate":1654963200000,"Shape__Length":4.7908048103602452}},{"type":"Feature","id":171363,"geometry":{"type":"LineString","coordinates":[[114.16081158819891,22.331204963352402,4.5877000000036787],[114.16078136636676,22.331228289062491,4.5905000000057044]]},"properties":{"OBJECTID":171363,"PedestrianRouteID":220013553,"Location":1,"FeatureType":1,"AliasNameEN":"Apliu Street","AliasNameTC":"鴨寮街","CrossingFeature":null,"WeatherProof":2,"WheelchairBarrier":2,"WheelchairAccess":2,"ObstaclesType":null,"Gradient":0.00069214000000000005,"Direction":0,"PositionCertainty":1,"Enabled":1,"DataSource":1,"LevelSource":2,"StreetNameEN":"Apliu Street","StreetNameTC":"鴨寮街","ST_CODE":10025,"FloorID":null,"BuildingID_1":null,"BuildingID_2":null,"SiteID":null,"TerminalID":null,"AccessTimeID":null,"CreationDate":1614441600000,"ModifiedBy":"LANDSD","LastAmendmentDate":1654963200000,"Shape__Length":4.0454237265739783}},{"type":"Feature","id":171364,"geometry":{"type":"LineString","coordinates":[[114.16078136636676,22.331228289062491,4.5905000000057044],[114.16073556083715,22.331263642856946,4.5947000000014668]]},"properties":{"OBJECTID":171364,"PedestrianRouteID":220013554,"Location":1,"FeatureType":1,"AliasNameEN":"Apliu Street","AliasNameTC":"鴨寮街","CrossingFeature":null,"WeatherProof":1,"WheelchairBarrier":2,"WheelchairAccess":2,"ObstaclesType":null,"Gradient":0.00068499000000000001,"Direction":0,"PositionCertainty":1,"Enabled":1,"DataSource":1,"LevelSource":2,"StreetNameEN":"Apliu Street","StreetNameTC":"鴨寮街","ST_CODE":10025,"FloorID":null,"BuildingID_1":null,"BuildingID_2":null,"SiteID":null,"TerminalID":null,"AccessTimeID":null,"CreationDate":1614441600000,"ModifiedBy":"LANDSD","LastAmendmentDate":1654963200000,"Shape__Length":6.1314435006518231}},{"type":"Feature","id":171365,"geometry":{"type":"LineString","coordinates":[[114.16087562791502,22.331450949147449,4.7158000000054017],[114.16085807931364,22.331431034085252,4.7103000000061002]]},"properties":{"OBJECTID":171365,"PedestrianRouteID":220013555,"Location":1,"FeatureType":1,"AliasNameEN":"Yen Chow Street","AliasNameTC":"欽州街","CrossingFeature":null,"WeatherProof":2,"WheelchairBarrier":2,"WheelchairAccess":2,"ObstaclesType":null,"Gradient":0.00192873,"Direction":0,"PositionCertainty":1,"Enabled":1,"DataSource":1,"LevelSource":2,"StreetNameEN":"Yen Chow Street","StreetNameTC":"欽州街","ST_CODE":12852,"FloorID":null,"BuildingID_1":null,"BuildingID_2":null,"SiteID":null,"TerminalID":null,"AccessTimeID":null,"CreationDate":1614441600000,"ModifiedBy":"LANDSD","LastAmendmentDate":1654963200000,"Shape__Length":2.8516121089071049}},{"type":"Feature","id":171366,"geometry":{"type":"LineString","coordinates":[[114.16107332560324,22.331526769377653,4.6699999999982538],[114.16099791557372,22.331585058038808,4.8313999999954831]]},"properties":{"OBJECTID":171366,"PedestrianRouteID":220013556,"Location":1,"FeatureType":1,"AliasNameEN":"Cheung Sha Wan Road","AliasNameTC":"長沙灣道","CrossingFeature":null,"WeatherProof":1,"WheelchairBarrier":2,"WheelchairAccess":2,"ObstaclesType":null,"Gradient":0.0159784,"Direction":0,"PositionCertainty":1,"Enabled":1,"DataSource":1,"LevelSource":2,"StreetNameEN":"Cheung Sha Wan Road","StreetNameTC":"長沙灣道","ST_CODE":10206,"FloorID":null,"BuildingID_1":null,"BuildingID_2":null,"SiteID":null,"TerminalID":null,"AccessTimeID":null,"CreationDate":1614441600000,"ModifiedBy":"LANDSD","LastAmendmentDate":1654963200000,"Shape__Length":10.100275579707171}},{"type":"Feature","id":171367,"geometry":{"type":"LineString","coordinates":[[114.16099791557372,22.331585058038808,4.8313999999954831],[114.16099546438998,22.331586952415137,4.8365999999950873],[114.16099300014622,22.33158415630659,4.833199999993667]]},"properties":{"OBJECTID":171367,"PedestrianRouteID":220013557,"Location":1,"FeatureType":1,"AliasNameEN":"Cheung Sha Wan Road","AliasNameTC":"長沙灣道","CrossingFeature":null,"WeatherProof":2,"WheelchairBarrier":2,"WheelchairAccess":2,"ObstaclesType":null,"Gradient":0.0024702000000000001,"Direction":0,"PositionCertainty":1,"Enabled":1,"DataSource":1,"LevelSource":2,"StreetNameEN":"Cheung Sha Wan Road","StreetNameTC":"長沙灣道","ST_CODE":10206,"FloorID":null,"BuildingID_1":null,"BuildingID_2":null,"SiteID":null,"TerminalID":null,"AccessTimeID":null,"CreationDate":1614441600000,"ModifiedBy":"LANDSD","LastAmendmentDate":1654963200000,"Shape__Length":0.72868341714004425}},{"type":"Feature","id":171368,"geometry":{"type":"LineString","coordinates":[[114.16094900385261,22.331534224629994,4.8107000000018161],[114.16091713079901,22.3314980513187,4.7286000000021886]]},"properties":{"OBJECTID":171368,"PedestrianRouteID":220013558,"Location":1,"FeatureType":1,"AliasNameEN":"Yen Chow Street","AliasNameTC":"欽州街","CrossingFeature":null,"WeatherProof":2,"WheelchairBarrier":2,"WheelchairAccess":2,"ObstaclesType":null,"Gradient":0.0087651199999999995,"Direction":0,"PositionCertainty":1,"Enabled":1,"DataSource":1,"LevelSource":2,"StreetNameEN":"Yen Chow Street","StreetNameTC":"欽州街","ST_CODE":12852,"FloorID":null,"BuildingID_1":null,"BuildingID_2":null,"SiteID":null,"TerminalID":null,"AccessTimeID":null,"CreationDate":1614441600000,"ModifiedBy":"LANDSD","LastAmendmentDate":1732636800000,"Shape__Length":5.1794868546472888}},{"type":"Feature","id":171369,"geometry":{"type":"LineString","coordinates":[[114.16099300014622,22.33158415630659,4.833199999993667],[114.16094900385261,22.331534224629994,4.8107000000018161]]},"properties":{"OBJECTID":171369,"PedestrianRouteID":220013559,"Location":1,"FeatureType":1,"AliasNameEN":"Yen Chow Street","AliasNameTC":"欽州街","CrossingFeature":null,"WeatherProof":1,"WheelchairBarrier":2,"WheelchairAccess":2,"ObstaclesType":null,"Gradient":0.0082801000000000003,"Direction":0,"PositionCertainty":1,"Enabled":1,"DataSource":1,"LevelSource":2,"StreetNameEN":"Yen Chow Street","StreetNameTC":"欽州街","ST_CODE":12852,"FloorID":null,"BuildingID_1":null,"BuildingID_2":null,"SiteID":null,"TerminalID":null,"AccessTimeID":null,"CreationDate":1614441600000,"ModifiedBy":"LANDSD","LastAmendmentDate":1732636800000,"Shape__Length":7.1495118234633894}},{"type":"Feature","id":171376,"geometry":{"type":"LineString","coordinates":[[114.16371891201648,22.331589901190373,5.9385999999940395],[114.1637336143624,22.331606317265699,5.9346999999979744]]},"properties":{"OBJECTID":171376,"PedestrianRouteID":220013566,"Location":1,"FeatureType":1,"AliasNameEN":"Pei Ho Street","AliasNameTC":"北河街","CrossingFeature":null,"WeatherProof":2,"WheelchairBarrier":2,"WheelchairAccess":2,"ObstaclesType":null,"Gradient":0.00164825,"Direction":0,"PositionCertainty":1,"Enabled":1,"DataSource":1,"LevelSource":2,"StreetNameEN":"Pei Ho Street","StreetNameTC":"北河街","ST_CODE":11675,"FloorID":null,"BuildingID_1":null,"BuildingID_2":null,"SiteID":null,"TerminalID":null,"AccessTimeID":null,"CreationDate":1614441600000,"ModifiedBy":"LANDSD","LastAmendmentDate":1654963200000,"Shape__Length":2.3661471492191417}},{"type":"Feature","id":171377,"geometry":{"type":"LineString","coordinates":[[114.1637336143624,22.331606317265699,5.9346999999979744],[114.16386205815445,22.331749737729982,5.9361000000062631]]},"properties":{"OBJECTID":171377,"PedestrianRouteID":220013567,"Location":1,"FeatureType":1,"AliasNameEN":"Pei Ho Street","AliasNameTC":"北河街","CrossingFeature":null,"WeatherProof":1,"WheelchairBarrier":2,"WheelchairAccess":2,"ObstaclesType":null,"Gradient":0.0016350799999999999,"Direction":0,"PositionCertainty":1,"Enabled":1,"DataSource":1,"LevelSource":2,"StreetNameEN":"Pei Ho Street","StreetNameTC":"北河街","ST_CODE":11675,"FloorID":null,"BuildingID_1":null,"BuildingID_2":null,"SiteID":null,"TerminalID":null,"AccessTimeID":null,"CreationDate":1614441600000,"ModifiedBy":"LANDSD","LastAmendmentDate":1689004800000,"Shape__Length":20.671746320338482}},{"type":"Feature","id":171379,"geometry":{"type":"LineString","coordinates":[[114.16382434465851,22.329399985440087,4.6788999999989755],[114.16381627978311,22.329406259241903,4.6754999999975553]]},"properties":{"OBJECTID":171379,"PedestrianRouteID":220013569,"Location":1,"FeatureType":1,"AliasNameEN":"Cheung Sha Wan Road","AliasNameTC":"長沙灣道","CrossingFeature":null,"WeatherProof":1,"WheelchairBarrier":2,"WheelchairAccess":2,"ObstaclesType":null,"Gradient":0.0031392999999999998,"Direction":0,"PositionCertainty":1,"Enabled":1,"DataSource":1,"LevelSource":2,"StreetNameEN":"Cheung Sha Wan Road","StreetNameTC":"長沙灣道","ST_CODE":10206,"FloorID":null,"BuildingID_1":null,"BuildingID_2":null,"SiteID":null,"TerminalID":null,"AccessTimeID":null,"CreationDate":1614441600000,"ModifiedBy":"LANDSD","LastAmendmentDate":1654963200000,"Shape__Length":1.0830400178661166}},{"type":"Feature","id":171380,"geometry":{"type":"LineString","coordinates":[[114.16381627978311,22.329406259241903,4.6754999999975553],[114.16380436496712,22.329415527275309,4.6704999999928987]]},"properties":{"OBJECTID":171380,"PedestrianRouteID":220013570,"Location":1,"FeatureType":1,"AliasNameEN":"Cheung Sha Wan Road","AliasNameTC":"長沙灣道","CrossingFeature":null,"WeatherProof":2,"WheelchairBarrier":2,"WheelchairAccess":2,"ObstaclesType":null,"Gradient":0.0031249899999999998,"Direction":0,"PositionCertainty":1,"Enabled":1,"DataSource":1,"LevelSource":2,"StreetNameEN":"Cheung Sha Wan Road","StreetNameTC":"長沙灣道","ST_CODE":10206,"FloorID":null,"BuildingID_1":null,"BuildingID_2":null,"SiteID":null,"TerminalID":null,"AccessTimeID":null,"CreationDate":1614441600000,"ModifiedBy":"LANDSD","LastAmendmentDate":1654963200000,"Shape__Length":1.6000024125653054}},{"type":"Feature","id":171381,"geometry":{"type":"LineString","coordinates":[[114.16380436496712,22.329415527275309,4.6704999999928987],[114.16373286535983,22.329471146292963,4.6405999999988126]]},"properties":{"OBJECTID":171381,"PedestrianRouteID":220013571,"Location":1,"FeatureType":1,"AliasNameEN":"Cheung Sha Wan Road","AliasNameTC":"長沙灣道","CrossingFeature":null,"WeatherProof":1,"WheelchairBarrier":2,"WheelchairAccess":2,"ObstaclesType":null,"Gradient":0.0031140500000000002,"Direction":0,"PositionCertainty":1,"Enabled":1,"DataSource":1,"LevelSource":2,"StreetNameEN":"Cheung Sha Wan Road","StreetNameTC":"長沙灣道","ST_CODE":10206,"FloorID":null,"BuildingID_1":null,"BuildingID_2":null,"SiteID":null,"TerminalID":null,"AccessTimeID":null,"CreationDate":1614441600000,"ModifiedBy":"LANDSD","LastAmendmentDate":1654963200000,"Shape__Length":9.6016281125123317}},{"type":"Feature","id":171382,"geometry":{"type":"LineString","coordinates":[[114.16373286535983,22.329471146292963,4.6405999999988126],[114.16373225185397,22.329471623961208,4.6405999999988126],[114.16373179665911,22.32947111279341,4.6419000000023516]]},"properties":{"OBJECTID":171382,"PedestrianRouteID":220013572,"Location":1,"FeatureType":1,"AliasNameEN":"Cheung Sha Wan Road","AliasNameTC":"長沙灣道","CrossingFeature":null,"WeatherProof":2,"WheelchairBarrier":2,"WheelchairAccess":2,"ObstaclesType":null,"Gradient":0.0083372099999999994,"Direction":0,"PositionCertainty":1,"Enabled":1,"DataSource":1,"LevelSource":2,"StreetNameEN":"Cheung Sha Wan Road","StreetNameTC":"長沙灣道","ST_CODE":10206,"FloorID":null,"BuildingID_1":null,"BuildingID_2":null,"SiteID":null,"TerminalID":null,"AccessTimeID":null,"CreationDate":1614441600000,"ModifiedBy":"LANDSD","LastAmendmentDate":1654963200000,"Shape__Length":0.15592379322484484}},{"type":"Feature","id":171383,"geometry":{"type":"LineString","coordinates":[[114.16373179665911,22.32947111279341,4.6419000000023516],[114.16372789887082,22.329466738967014,4.6535000000003492]]},"properties":{"OBJECTID":171383,"PedestrianRouteID":220013573,"Location":1,"FeatureType":1,"AliasNameEN":"Cheung Sha Wan Road","AliasNameTC":"長沙灣道","CrossingFeature":null,"WeatherProof":1,"WheelchairBarrier":2,"WheelchairAccess":2,"ObstaclesType":null,"Gradient":0.0184355,"Direction":0,"PositionCertainty":1,"Enabled":1,"DataSource":1,"LevelSource":2,"StreetNameEN":"Cheung Sha Wan Road","StreetNameTC":"長沙灣道","ST_CODE":10206,"FloorID":null,"BuildingID_1":null,"BuildingID_2":null,"SiteID":null,"TerminalID":null,"AccessTimeID":null,"CreationDate":1614441600000,"ModifiedBy":"LANDSD","LastAmendmentDate":1654963200000,"Shape__Length":0.62914946485754963}},{"type":"Feature","id":171384,"geometry":{"type":"LineString","coordinates":[[114.16387543836488,22.329360239614068,4.6782999999995809],[114.16385500146828,22.329376137224045,4.6782999999995809]]},"properties":{"OBJECTID":171384,"PedestrianRouteID":220013574,"Location":1,"FeatureType":1,"AliasNameEN":"Cheung Sha Wan Road","AliasNameTC":"長沙灣道","CrossingFeature":null,"WeatherProof":2,"WheelchairBarrier":2,"WheelchairAccess":2,"ObstaclesType":null,"Gradient":0,"Direction":0,"PositionCertainty":1,"Enabled":1,"DataSource":1,"LevelSource":2,"StreetNameEN":"Cheung Sha Wan Road","StreetNameTC":"長沙灣道","ST_CODE":10206,"FloorID":null,"BuildingID_1":null,"BuildingID_2":null,"SiteID":null,"TerminalID":null,"AccessTimeID":null,"CreationDate":1614441600000,"ModifiedBy":"LANDSD","LastAmendmentDate":1654963200000,"Shape__Length":2.7444490251996356}},{"type":"Feature","id":171385,"geometry":{"type":"LineString","coordinates":[[114.16385500146828,22.329376137224045,4.6782999999995809],[114.16382434465851,22.329399985440087,4.6788999999989755]]},"properties":{"OBJECTID":171385,"PedestrianRouteID":220013575,"Location":1,"FeatureType":1,"AliasNameEN":"Cheung Sha Wan Road","AliasNameTC":"長沙灣道","CrossingFeature":null,"WeatherProof":1,"WheelchairBarrier":2,"WheelchairAccess":2,"ObstaclesType":null,"Gradient":0.00014574,"Direction":0,"PositionCertainty":1,"Enabled":1,"DataSource":1,"LevelSource":2,"StreetNameEN":"Cheung Sha Wan Road","StreetNameTC":"長沙灣道","ST_CODE":10206,"FloorID":null,"BuildingID_1":null,"BuildingID_2":null,"SiteID":null,"TerminalID":null,"AccessTimeID":null,"CreationDate":1614441600000,"ModifiedBy":"LANDSD","LastAmendmentDate":1654963200000,"Shape__Length":4.1169169067347147}},{"type":"Feature","id":171398,"geometry":{"type":"LineString","coordinates":[[114.16210579969191,22.329780777310496,4.3678999999974621],[114.16211268578567,22.32978840697216,4.3678999999974621]]},"properties":{"OBJECTID":171398,"PedestrianRouteID":220013588,"Location":1,"FeatureType":1,"AliasNameEN":"Pei Ho Street","AliasNameTC":"北河街","CrossingFeature":null,"WeatherProof":2,"WheelchairBarrier":2,"WheelchairAccess":2,"ObstaclesType":null,"Gradient":0,"Direction":0,"PositionCertainty":1,"Enabled":1,"DataSource":1,"LevelSource":2,"StreetNameEN":"Pei Ho Street","StreetNameTC":"北河街","ST_CODE":11675,"FloorID":null,"BuildingID_1":null,"BuildingID_2":null,"SiteID":null,"TerminalID":null,"AccessTimeID":null,"CreationDate":1614441600000,"ModifiedBy":"LANDSD","LastAmendmentDate":1654963200000,"Shape__Length":1.1032122604185663}},{"type":"Feature","id":171399,"geometry":{"type":"LineString","coordinates":[[114.16211268578567,22.32978840697216,4.3678999999974621],[114.16216933036554,22.329851162915414,4.3754999999946449]]},"properties":{"OBJECTID":171399,"PedestrianRouteID":220013589,"Location":1,"FeatureType":1,"AliasNameEN":"Pei Ho Street","AliasNameTC":"北河街","CrossingFeature":null,"WeatherProof":1,"WheelchairBarrier":2,"WheelchairAccess":2,"ObstaclesType":null,"Gradient":0.00083750999999999997,"Direction":0,"PositionCertainty":1,"Enabled":1,"DataSource":1,"LevelSource":2,"StreetNameEN":"Pei Ho Street","StreetNameTC":"北河街","ST_CODE":11675,"FloorID":null,"BuildingID_1":null,"BuildingID_2":null,"SiteID":null,"TerminalID":null,"AccessTimeID":null,"CreationDate":1614441600000,"ModifiedBy":"LANDSD","LastAmendmentDate":1654963200000,"Shape__Length":9.0745153799445877}},{"type":"Feature","id":171400,"geometry":{"type":"LineString","coordinates":[[114.16146133198777,22.328522684072841,4.211699999999837],[114.16129813449081,22.328649391088994,4.2541999999957625]]},"properties":{"OBJECTID":171400,"PedestrianRouteID":220013590,"Location":1,"FeatureType":1,"AliasNameEN":"Tai Nan Street","AliasNameTC":"大南街","CrossingFeature":null,"WeatherProof":2,"WheelchairBarrier":2,"WheelchairAccess":2,"ObstaclesType":null,"Gradient":0.0019407700000000001,"Direction":0,"PositionCertainty":1,"Enabled":1,"DataSource":1,"LevelSource":2,"StreetNameEN":"Tai Nan Street","StreetNameTC":"大南街","ST_CODE":12239,"FloorID":null,"BuildingID_1":null,"BuildingID_2":null,"SiteID":null,"TerminalID":null,"AccessTimeID":null,"CreationDate":1614441600000,"ModifiedBy":"LANDSD","LastAmendmentDate":1654963200000,"Shape__Length":21.898487556691059}},{"type":"Feature","id":171401,"geometry":{"type":"LineString","coordinates":[[114.16190298283783,22.32817978349296,4.0964999999996508],[114.16189477233735,22.328186158329224,4.098599999997532]]},"properties":{"OBJECTID":171401,"PedestrianRouteID":220013591,"Location":1,"FeatureType":1,"AliasNameEN":"Tai Nan Street","AliasNameTC":"大南街","CrossingFeature":null,"WeatherProof":2,"WheelchairBarrier":2,"WheelchairAccess":2,"ObstaclesType":null,"Gradient":0.00190609,"Direction":0,"PositionCertainty":1,"Enabled":1,"DataSource":1,"LevelSource":2,"StreetNameEN":"Tai Nan Street","StreetNameTC":"大南街","ST_CODE":12239,"FloorID":null,"BuildingID_1":null,"BuildingID_2":null,"SiteID":null,"TerminalID":null,"AccessTimeID":null,"CreationDate":1614441600000,"ModifiedBy":"LANDSD","LastAmendmentDate":1654963200000,"Shape__Length":1.1017321093385262}},{"type":"Feature","id":171402,"geometry":{"type":"LineString","coordinates":[[114.16189477233735,22.328186158329224,4.098599999997532],[114.16146133198777,22.328522684072841,4.211699999999837]]},"properties":{"OBJECTID":171402,"PedestrianRouteID":220013592,"Location":1,"FeatureType":1,"AliasNameEN":"Tai Nan Street","AliasNameTC":"大南街","CrossingFeature":null,"WeatherProof":1,"WheelchairBarrier":2,"WheelchairAccess":2,"ObstaclesType":null,"Gradient":0.0019446000000000001,"Direction":0,"PositionCertainty":1,"Enabled":1,"DataSource":1,"LevelSource":2,"StreetNameEN":"Tai Nan Street","StreetNameTC":"大南街","ST_CODE":12239,"FloorID":null,"BuildingID_1":null,"BuildingID_2":null,"SiteID":null,"TerminalID":null,"AccessTimeID":null,"CreationDate":1614441600000,"ModifiedBy":"LANDSD","LastAmendmentDate":1654963200000,"Shape__Length":58.160899532829731}},{"type":"Feature","id":171403,"geometry":{"type":"LineString","coordinates":[[114.16003251450283,22.329108123269439,4.1622999999963213],[114.16000144454254,22.32913220099999,4.1440000000002328]]},"properties":{"OBJECTID":171403,"PedestrianRouteID":220013593,"Location":1,"FeatureType":1,"AliasNameEN":"Lai Chi Kok Road","AliasNameTC":"荔枝角道","CrossingFeature":null,"WeatherProof":1,"WheelchairBarrier":2,"WheelchairAccess":2,"ObstaclesType":null,"Gradient":0.0043927999999999997,"Direction":0,"PositionCertainty":1,"Enabled":1,"DataSource":1,"LevelSource":2,"StreetNameEN":"Lai Chi Kok Road","StreetNameTC":"荔枝角道","ST_CODE":11149,"FloorID":null,"BuildingID_1":null,"BuildingID_2":null,"SiteID":null,"TerminalID":null,"AccessTimeID":null,"CreationDate":1614441600000,"ModifiedBy":"LANDSD","LastAmendmentDate":1654963200000,"Shape__Length":4.1658847705179651}},{"type":"Feature","id":171404,"geometry":{"type":"LineString","coordinates":[[114.16009870786731,22.32918218270521,4.1517000000021653],[114.16008199622709,22.329163485865738,4.1543999999994412]]},"properties":{"OBJECTID":171404,"PedestrianRouteID":220013594,"Location":1,"FeatureType":1,"AliasNameEN":"Kweilin Street","AliasNameTC":"桂林街","CrossingFeature":null,"WeatherProof":2,"WheelchairBarrier":2,"WheelchairAccess":2,"ObstaclesType":null,"Gradient":0.00100271,"Direction":0,"PositionCertainty":1,"Enabled":1,"DataSource":1,"LevelSource":2,"StreetNameEN":"Kweilin Street","StreetNameTC":"桂林街","ST_CODE":11114,"FloorID":null,"BuildingID_1":null,"BuildingID_2":null,"SiteID":null,"TerminalID":null,"AccessTimeID":null,"CreationDate":1614441600000,"ModifiedBy":"LANDSD","LastAmendmentDate":1654963200000,"Shape__Length":2.6927063803250406}},{"type":"Feature","id":171405,"geometry":{"type":"LineString","coordinates":[[114.16027010555491,22.329373950292254,4.1242000000056578],[114.16009870786731,22.32918218270521,4.1517000000021653]]},"properties":{"OBJECTID":171405,"PedestrianRouteID":220013595,"Location":1,"FeatureType":1,"AliasNameEN":"Kweilin Street","AliasNameTC":"桂林街","CrossingFeature":null,"WeatherProof":1,"WheelchairBarrier":2,"WheelchairAccess":2,"ObstaclesType":null,"Gradient":0.00099573999999999995,"Direction":0,"PositionCertainty":1,"Enabled":1,"DataSource":1,"LevelSource":2,"StreetNameEN":"Kweilin Street","StreetNameTC":"桂林街","ST_CODE":11114,"FloorID":null,"BuildingID_1":null,"BuildingID_2":null,"SiteID":null,"TerminalID":null,"AccessTimeID":null,"CreationDate":1614441600000,"ModifiedBy":"LANDSD","LastAmendmentDate":1654963200000,"Shape__Length":27.617682878552177}},{"type":"Feature","id":171406,"geometry":{"type":"LineString","coordinates":[[114.16049476255361,22.331022110322337,4.3732000000018161],[114.16048785707849,22.331014440856578,4.3647999999957392]]},"properties":{"OBJECTID":171406,"PedestrianRouteID":220013596,"Location":1,"FeatureType":1,"AliasNameEN":"Yen Chow Street","AliasNameTC":"欽州街","CrossingFeature":null,"WeatherProof":2,"WheelchairBarrier":2,"WheelchairAccess":2,"ObstaclesType":null,"Gradient":0.0075819800000000003,"Direction":0,"PositionCertainty":1,"Enabled":1,"DataSource":1,"LevelSource":2,"StreetNameEN":"Yen Chow Street","StreetNameTC":"欽州街","ST_CODE":12852,"FloorID":null,"BuildingID_1":null,"BuildingID_2":null,"SiteID":null,"TerminalID":null,"AccessTimeID":null,"CreationDate":1614441600000,"ModifiedBy":"LANDSD","LastAmendmentDate":1654963200000,"Shape__Length":1.1078686257730468}},{"type":"Feature","id":171407,"geometry":{"type":"LineString","coordinates":[[114.16048785707849,22.331014440856578,4.3647999999957392],[114.16036333542895,22.330876142960907,4.2127999999938766]]},"properties":{"OBJECTID":171407,"PedestrianRouteID":220013597,"Location":1,"FeatureType":1,"AliasNameEN":"Yen Chow Street","AliasNameTC":"欽州街","CrossingFeature":null,"WeatherProof":1,"WheelchairBarrier":2,"WheelchairAccess":2,"ObstaclesType":null,"Gradient":0.0076084500000000001,"Direction":0,"PositionCertainty":1,"Enabled":1,"DataSource":1,"LevelSource":2,"StreetNameEN":"Yen Chow Street","StreetNameTC":"欽州街","ST_CODE":12852,"FloorID":null,"BuildingID_1":null,"BuildingID_2":null,"SiteID":null,"TerminalID":null,"AccessTimeID":null,"CreationDate":1614441600000,"ModifiedBy":"LANDSD","LastAmendmentDate":1654963200000,"Shape__Length":19.977408965526514}},{"type":"Feature","id":171408,"geometry":{"type":"LineString","coordinates":[[114.16429720930165,22.330857768195756,5.6104000000050291],[114.16428858910156,22.330864435710325,5.6143000000010943]]},"properties":{"OBJECTID":171408,"PedestrianRouteID":220013598,"Location":1,"FeatureType":1,"AliasNameEN":"Fuk Wing Street","AliasNameTC":"福榮街","CrossingFeature":null,"WeatherProof":2,"WheelchairBarrier":2,"WheelchairAccess":2,"ObstaclesType":null,"Gradient":0.0033769199999999998,"Direction":0,"PositionCertainty":1,"Enabled":1,"DataSource":1,"LevelSource":2,"StreetNameEN":"Fuk Wing Street","StreetNameTC":"福榮街","ST_CODE":10562,"FloorID":null,"BuildingID_1":null,"BuildingID_2":null,"SiteID":null,"TerminalID":null,"AccessTimeID":null,"CreationDate":1614441600000,"ModifiedBy":"LANDSD","LastAmendmentDate":1654963200000,"Shape__Length":1.1548933119858289}},{"type":"Feature","id":171409,"geometry":{"type":"LineString","coordinates":[[114.16428858910156,22.330864435710325,5.6143000000010943],[114.16425970560086,22.330886776034351,5.6273999999975786]]},"properties":{"OBJECTID":171409,"PedestrianRouteID":220013599,"Location":1,"FeatureType":1,"AliasNameEN":"Fuk Wing Street","AliasNameTC":"福榮街","CrossingFeature":null,"WeatherProof":1,"WheelchairBarrier":2,"WheelchairAccess":2,"ObstaclesType":null,"Gradient":0.0033853099999999999,"Direction":0,"PositionCertainty":1,"Enabled":1,"DataSource":1,"LevelSource":2,"StreetNameEN":"Fuk Wing Street","StreetNameTC":"福榮街","ST_CODE":10562,"FloorID":null,"BuildingID_1":null,"BuildingID_2":null,"SiteID":null,"TerminalID":null,"AccessTimeID":null,"CreationDate":1614441600000,"ModifiedBy":"LANDSD","LastAmendmentDate":1654963200000,"Shape__Length":3.8696480415907017}},{"type":"Feature","id":171410,"geometry":{"type":"LineString","coordinates":[[114.16400358230418,22.331084879697627,5.7433000000019092],[114.16397745757467,22.331105086262692,5.7550999999948544]]},"properties":{"OBJECTID":171410,"PedestrianRouteID":220013600,"Location":1,"FeatureType":1,"AliasNameEN":"Fuk Wing Street","AliasNameTC":"福榮街","CrossingFeature":null,"WeatherProof":1,"WheelchairBarrier":2,"WheelchairAccess":2,"ObstaclesType":null,"Gradient":0.0033713699999999998,"Direction":0,"PositionCertainty":1,"Enabled":1,"DataSource":1,"LevelSource":2,"StreetNameEN":"Fuk Wing Street","StreetNameTC":"福榮街","ST_CODE":10562,"FloorID":null,"BuildingID_1":null,"BuildingID_2":null,"SiteID":null,"TerminalID":null,"AccessTimeID":null,"CreationDate":1614441600000,"ModifiedBy":"LANDSD","LastAmendmentDate":1654963200000,"Shape__Length":3.500043754342641}},{"type":"Feature","id":171411,"geometry":{"type":"LineString","coordinates":[[114.16411752261465,22.330996750201411,5.6916999999957625],[114.16400358230418,22.331084879697627,5.7433000000019092]]},"properties":{"OBJECTID":171411,"PedestrianRouteID":220013601,"Location":1,"FeatureType":1,"AliasNameEN":"Fuk Wing Street","AliasNameTC":"福榮街","CrossingFeature":null,"WeatherProof":2,"WheelchairBarrier":2,"WheelchairAccess":2,"ObstaclesType":null,"Gradient":0.0033802400000000001,"Direction":0,"PositionCertainty":1,"Enabled":1,"DataSource":1,"LevelSource":2,"StreetNameEN":"Fuk Wing Street","StreetNameTC":"福榮街","ST_CODE":10562,"FloorID":null,"BuildingID_1":null,"BuildingID_2":null,"SiteID":null,"TerminalID":null,"AccessTimeID":null,"CreationDate":1614441600000,"ModifiedBy":"LANDSD","LastAmendmentDate":1654963200000,"Shape__Length":15.265128848301678}},{"type":"Feature","id":171412,"geometry":{"type":"LineString","coordinates":[[114.16390756767342,22.331159144085618,5.7868000000016764],[114.16389316566423,22.331170283061596,5.7933000000048196]]},"properties":{"OBJECTID":171412,"PedestrianRouteID":220013602,"Location":1,"FeatureType":1,"AliasNameEN":"Fuk Wing Street","AliasNameTC":"福榮街","CrossingFeature":null,"WeatherProof":2,"WheelchairBarrier":2,"WheelchairAccess":2,"ObstaclesType":null,"Gradient":0.0033687999999999999,"Direction":0,"PositionCertainty":1,"Enabled":1,"DataSource":1,"LevelSource":2,"StreetNameEN":"Fuk Wing Street","StreetNameTC":"福榮街","ST_CODE":10562,"FloorID":null,"BuildingID_1":null,"BuildingID_2":null,"SiteID":null,"TerminalID":null,"AccessTimeID":null,"CreationDate":1614441600000,"ModifiedBy":"LANDSD","LastAmendmentDate":1654963200000,"Shape__Length":1.9294657095056735}},{"type":"Feature","id":171413,"geometry":{"type":"LineString","coordinates":[[114.16389316566423,22.331170283061596,5.7933000000048196],[114.16368509434699,22.331332093428717,5.9161000000021886]]},"properties":{"OBJECTID":171413,"PedestrianRouteID":220013603,"Location":1,"FeatureType":1,"AliasNameEN":"Fuk Wing Street","AliasNameTC":"福榮街","CrossingFeature":null,"WeatherProof":1,"WheelchairBarrier":2,"WheelchairAccess":2,"ObstaclesType":null,"Gradient":0.0043918100000000003,"Direction":0,"PositionCertainty":1,"Enabled":1,"DataSource":1,"LevelSource":2,"StreetNameEN":"Fuk Wing Street","StreetNameTC":"福榮街","ST_CODE":10562,"FloorID":null,"BuildingID_1":null,"BuildingID_2":null,"SiteID":null,"TerminalID":null,"AccessTimeID":null,"CreationDate":1614441600000,"ModifiedBy":"LANDSD","LastAmendmentDate":1690819200000,"Shape__Length":27.93820786530134}},{"type":"Feature","id":171414,"geometry":{"type":"LineString","coordinates":[[114.16397745757467,22.331105086262692,5.7550999999948544],[114.16396159363187,22.331117356660673,5.762300000002142]]},"properties":{"OBJECTID":171414,"PedestrianRouteID":220013604,"Location":1,"FeatureType":1,"AliasNameEN":"Fuk Wing Street","AliasNameTC":"福榮街","CrossingFeature":null,"WeatherProof":2,"WheelchairBarrier":2,"WheelchairAccess":2,"ObstaclesType":null,"Gradient":0.00338762,"Direction":0,"PositionCertainty":1,"Enabled":1,"DataSource":1,"LevelSource":2,"StreetNameEN":"Fuk Wing Street","StreetNameTC":"福榮街","ST_CODE":10562,"FloorID":null,"BuildingID_1":null,"BuildingID_2":null,"SiteID":null,"TerminalID":null,"AccessTimeID":null,"CreationDate":1614441600000,"ModifiedBy":"LANDSD","LastAmendmentDate":1654963200000,"Shape__Length":2.125374989506454}},{"type":"Feature","id":171415,"geometry":{"type":"LineString","coordinates":[[114.16396159363187,22.331117356660673,5.762300000002142],[114.16390756767342,22.331159144085618,5.7868000000016764]]},"properties":{"OBJECTID":171415,"PedestrianRouteID":220013605,"Location":1,"FeatureType":1,"AliasNameEN":"Fuk Wing Street","AliasNameTC":"福榮街","CrossingFeature":null,"WeatherProof":1,"WheelchairBarrier":2,"WheelchairAccess":2,"ObstaclesType":null,"Gradient":0.00338485,"Direction":0,"PositionCertainty":1,"Enabled":1,"DataSource":1,"LevelSource":2,"StreetNameEN":"Fuk Wing Street","StreetNameTC":"福榮街","ST_CODE":10562,"FloorID":null,"BuildingID_1":null,"BuildingID_2":null,"SiteID":null,"TerminalID":null,"AccessTimeID":null,"CreationDate":1614441600000,"ModifiedBy":"LANDSD","LastAmendmentDate":1654963200000,"Shape__Length":7.2381081780960042}},{"type":"Feature","id":171416,"geometry":{"type":"LineString","coordinates":[[114.16419246313696,22.330938786051146,5.6578000000008615],[114.16417700791519,22.330950740432026,5.6647999999986496]]},"properties":{"OBJECTID":171416,"PedestrianRouteID":220013606,"Location":1,"FeatureType":1,"AliasNameEN":"Fuk Wing Street","AliasNameTC":"福榮街","CrossingFeature":null,"WeatherProof":2,"WheelchairBarrier":2,"WheelchairAccess":2,"ObstaclesType":null,"Gradient":0.00338061,"Direction":0,"PositionCertainty":1,"Enabled":1,"DataSource":1,"LevelSource":2,"StreetNameEN":"Fuk Wing Street","StreetNameTC":"福榮街","ST_CODE":10562,"FloorID":null,"BuildingID_1":null,"BuildingID_2":null,"SiteID":null,"TerminalID":null,"AccessTimeID":null,"CreationDate":1614441600000,"ModifiedBy":"LANDSD","LastAmendmentDate":1654963200000,"Shape__Length":2.0706263842140613}},{"type":"Feature","id":171417,"geometry":{"type":"LineString","coordinates":[[114.16417700791519,22.330950740432026,5.6647999999986496],[114.16411752261465,22.330996750201411,5.6916999999957625]]},"properties":{"OBJECTID":171417,"PedestrianRouteID":220013607,"Location":1,"FeatureType":1,"AliasNameEN":"Fuk Wing Street","AliasNameTC":"福榮街","CrossingFeature":null,"WeatherProof":1,"WheelchairBarrier":2,"WheelchairAccess":2,"ObstaclesType":null,"Gradient":0.0033753500000000001,"Direction":0,"PositionCertainty":1,"Enabled":1,"DataSource":1,"LevelSource":2,"StreetNameEN":"Fuk Wing Street","StreetNameTC":"福榮街","ST_CODE":10562,"FloorID":null,"BuildingID_1":null,"BuildingID_2":null,"SiteID":null,"TerminalID":null,"AccessTimeID":null,"CreationDate":1614441600000,"ModifiedBy":"LANDSD","LastAmendmentDate":1654963200000,"Shape__Length":7.969506509106151}},{"type":"Feature","id":171418,"geometry":{"type":"LineString","coordinates":[[114.16425970560086,22.330886776034351,5.6273999999975786],[114.16424709661125,22.330896528986969,5.6331000000063796]]},"properties":{"OBJECTID":171418,"PedestrianRouteID":220013608,"Location":1,"FeatureType":1,"AliasNameEN":"Fuk Wing Street","AliasNameTC":"福榮街","CrossingFeature":null,"WeatherProof":2,"WheelchairBarrier":2,"WheelchairAccess":2,"ObstaclesType":null,"Gradient":0.0033741499999999998,"Direction":0,"PositionCertainty":1,"Enabled":1,"DataSource":1,"LevelSource":2,"StreetNameEN":"Fuk Wing Street","StreetNameTC":"福榮街","ST_CODE":10562,"FloorID":null,"BuildingID_1":null,"BuildingID_2":null,"SiteID":null,"TerminalID":null,"AccessTimeID":null,"CreationDate":1614441600000,"ModifiedBy":"LANDSD","LastAmendmentDate":1654963200000,"Shape__Length":1.6893067274256599}},{"type":"Feature","id":171419,"geometry":{"type":"LineString","coordinates":[[114.16424709661125,22.330896528986969,5.6331000000063796],[114.16419246313696,22.330938786051146,5.6578000000008615]]},"properties":{"OBJECTID":171419,"PedestrianRouteID":220013609,"Location":1,"FeatureType":1,"AliasNameEN":"Fuk Wing Street","AliasNameTC":"福榮街","CrossingFeature":null,"WeatherProof":1,"WheelchairBarrier":2,"WheelchairAccess":2,"ObstaclesType":null,"Gradient":0.0033745400000000001,"Direction":0,"PositionCertainty":1,"Enabled":1,"DataSource":1,"LevelSource":2,"StreetNameEN":"Fuk Wing Street","StreetNameTC":"福榮街","ST_CODE":10562,"FloorID":null,"BuildingID_1":null,"BuildingID_2":null,"SiteID":null,"TerminalID":null,"AccessTimeID":null,"CreationDate":1614441600000,"ModifiedBy":"LANDSD","LastAmendmentDate":1654963200000,"Shape__Length":7.3194885098567859}},{"type":"Feature","id":171423,"geometry":{"type":"LineString","coordinates":[[114.16020880257061,22.329657423044967,4.1863000000012107],[114.16022378424928,22.32964591329684,4.1882000000041444]]},"properties":{"OBJECTID":171423,"PedestrianRouteID":220013613,"Location":1,"FeatureType":1,"AliasNameEN":"Tai Nan Street","AliasNameTC":"大南街","CrossingFeature":null,"WeatherProof":2,"WheelchairBarrier":2,"WheelchairAccess":2,"ObstaclesType":null,"Gradient":0.00094921000000000003,"Direction":0,"PositionCertainty":1,"Enabled":1,"DataSource":1,"LevelSource":2,"StreetNameEN":"Tai Nan Street","StreetNameTC":"大南街","ST_CODE":12239,"FloorID":null,"BuildingID_1":null,"BuildingID_2":null,"SiteID":null,"TerminalID":null,"AccessTimeID":null,"CreationDate":1614441600000,"ModifiedBy":"LANDSD","LastAmendmentDate":1654963200000,"Shape__Length":2.0016580571016904}},{"type":"Feature","id":171424,"geometry":{"type":"LineString","coordinates":[[114.16015524690798,22.329698568103247,4.1793999999936204],[114.16020880257061,22.329657423044967,4.1863000000012107]]},"properties":{"OBJECTID":171424,"PedestrianRouteID":220013614,"Location":1,"FeatureType":1,"AliasNameEN":"Tai Nan Street","AliasNameTC":"大南街","CrossingFeature":null,"WeatherProof":1,"WheelchairBarrier":2,"WheelchairAccess":2,"ObstaclesType":null,"Gradient":0.00096429999999999997,"Direction":0,"PositionCertainty":1,"Enabled":1,"DataSource":1,"LevelSource":2,"StreetNameEN":"Tai Nan Street","StreetNameTC":"大南街","ST_CODE":12239,"FloorID":null,"BuildingID_1":null,"BuildingID_2":null,"SiteID":null,"TerminalID":null,"AccessTimeID":null,"CreationDate":1614441600000,"ModifiedBy":"LANDSD","LastAmendmentDate":1654963200000,"Shape__Length":7.1554602825506661}},{"type":"Feature","id":171425,"geometry":{"type":"LineString","coordinates":[[114.1601419708379,22.329708767683037,4.1777000000001863],[114.16015524690798,22.329698568103247,4.1793999999936204]]},"properties":{"OBJECTID":171425,"PedestrianRouteID":220013615,"Location":1,"FeatureType":1,"AliasNameEN":"Tai Nan Street","AliasNameTC":"大南街","CrossingFeature":null,"WeatherProof":2,"WheelchairBarrier":2,"WheelchairAccess":2,"ObstaclesType":null,"Gradient":0.00095839999999999999,"Direction":0,"PositionCertainty":1,"Enabled":1,"DataSource":1,"LevelSource":2,"StreetNameEN":"Tai Nan Street","StreetNameTC":"大南街","ST_CODE":12239,"FloorID":null,"BuildingID_1":null,"BuildingID_2":null,"SiteID":null,"TerminalID":null,"AccessTimeID":null,"CreationDate":1614441600000,"ModifiedBy":"LANDSD","LastAmendmentDate":1654963200000,"Shape__Length":1.773788578282695}},{"type":"Feature","id":171426,"geometry":{"type":"LineString","coordinates":[[114.16011367035824,22.329730510409721,4.1741000000038184],[114.1601419708379,22.329708767683037,4.1777000000001863]]},"properties":{"OBJECTID":171426,"PedestrianRouteID":220013616,"Location":1,"FeatureType":1,"AliasNameEN":"Tai Nan Street","AliasNameTC":"大南街","CrossingFeature":null,"WeatherProof":1,"WheelchairBarrier":2,"WheelchairAccess":2,"ObstaclesType":null,"Gradient":0.00095208000000000001,"Direction":0,"PositionCertainty":1,"Enabled":1,"DataSource":1,"LevelSource":2,"StreetNameEN":"Tai Nan Street","StreetNameTC":"大南街","ST_CODE":12239,"FloorID":null,"BuildingID_1":null,"BuildingID_2":null,"SiteID":null,"TerminalID":null,"AccessTimeID":null,"CreationDate":1614441600000,"ModifiedBy":"LANDSD","LastAmendmentDate":1654963200000,"Shape__Length":3.7811953262632638}},{"type":"Feature","id":171427,"geometry":{"type":"LineString","coordinates":[[114.15991400383311,22.329883905745323,4.1484999999956926],[114.1599596023275,22.329848874547164,4.1542999999946915]]},"properties":{"OBJECTID":171427,"PedestrianRouteID":220013617,"Location":1,"FeatureType":1,"AliasNameEN":"Tai Nan Street","AliasNameTC":"大南街","CrossingFeature":null,"WeatherProof":1,"WheelchairBarrier":2,"WheelchairAccess":2,"ObstaclesType":null,"Gradient":0.00095202999999999998,"Direction":0,"PositionCertainty":1,"Enabled":1,"DataSource":1,"LevelSource":2,"StreetNameEN":"Tai Nan Street","StreetNameTC":"大南街","ST_CODE":12239,"FloorID":null,"BuildingID_1":null,"BuildingID_2":null,"SiteID":null,"TerminalID":null,"AccessTimeID":null,"CreationDate":1614441600000,"ModifiedBy":"LANDSD","LastAmendmentDate":1654963200000,"Shape__Length":6.0922705061248887}},{"type":"Feature","id":171428,"geometry":{"type":"LineString","coordinates":[[114.1599596023275,22.329848874547164,4.1542999999946915],[114.16004049853595,22.32978672544764,4.1646999999938998]]},"properties":{"OBJECTID":171428,"PedestrianRouteID":220013618,"Location":1,"FeatureType":1,"AliasNameEN":"Tai Nan Street","AliasNameTC":"大南街","CrossingFeature":null,"WeatherProof":2,"WheelchairBarrier":2,"WheelchairAccess":2,"ObstaclesType":null,"Gradient":0.00096221999999999996,"Direction":0,"PositionCertainty":1,"Enabled":1,"DataSource":1,"LevelSource":2,"StreetNameEN":"Tai Nan Street","StreetNameTC":"大南街","ST_CODE":12239,"FloorID":null,"BuildingID_1":null,"BuildingID_2":null,"SiteID":null,"TerminalID":null,"AccessTimeID":null,"CreationDate":1614441600000,"ModifiedBy":"LANDSD","LastAmendmentDate":1654963200000,"Shape__Length":10.808310594583926}},{"type":"Feature","id":171429,"geometry":{"type":"LineString","coordinates":[[114.15978186578555,22.330226173545089,4.1431000000011409],[114.15977146351955,22.330214712641887,4.1319999999977881]]},"properties":{"OBJECTID":171429,"PedestrianRouteID":220013619,"Location":1,"FeatureType":1,"AliasNameEN":"Yen Chow Street","AliasNameTC":"欽州街","CrossingFeature":null,"WeatherProof":2,"WheelchairBarrier":2,"WheelchairAccess":2,"ObstaclesType":null,"Gradient":0.0066823899999999999,"Direction":0,"PositionCertainty":1,"Enabled":1,"DataSource":1,"LevelSource":2,"StreetNameEN":"Yen Chow Street","StreetNameTC":"欽州街","ST_CODE":12852,"FloorID":null,"BuildingID_1":null,"BuildingID_2":null,"SiteID":null,"TerminalID":null,"AccessTimeID":null,"CreationDate":1614441600000,"ModifiedBy":"LANDSD","LastAmendmentDate":1654963200000,"Shape__Length":1.6610587703398343}},{"type":"Feature","id":171430,"geometry":{"type":"LineString","coordinates":[[114.15972861580003,22.330026331084625,4.1248000000050524],[114.15974669234383,22.330012443955333,4.1270999999978812]]},"properties":{"OBJECTID":171430,"PedestrianRouteID":220013620,"Location":1,"FeatureType":1,"AliasNameEN":"Tai Nan Street","AliasNameTC":"大南街","CrossingFeature":null,"WeatherProof":2,"WheelchairBarrier":2,"WheelchairAccess":2,"ObstaclesType":null,"Gradient":0.00095233000000000004,"Direction":0,"PositionCertainty":1,"Enabled":1,"DataSource":1,"LevelSource":2,"StreetNameEN":"Tai Nan Street","StreetNameTC":"大南街","ST_CODE":12239,"FloorID":null,"BuildingID_1":null,"BuildingID_2":null,"SiteID":null,"TerminalID":null,"AccessTimeID":null,"CreationDate":1614441600000,"ModifiedBy":"LANDSD","LastAmendmentDate":1654963200000,"Shape__Length":2.4151315520707826}},{"type":"Feature","id":171431,"geometry":{"type":"LineString","coordinates":[[114.1597738581178,22.329991573528414,4.1306000000040513],[114.15978907382112,22.329979884137018,4.1325000000069849]]},"properties":{"OBJECTID":171431,"PedestrianRouteID":220013621,"Location":1,"FeatureType":1,"AliasNameEN":"Tai Nan Street","AliasNameTC":"大南街","CrossingFeature":null,"WeatherProof":2,"WheelchairBarrier":2,"WheelchairAccess":2,"ObstaclesType":null,"Gradient":0.00093462000000000005,"Direction":0,"PositionCertainty":1,"Enabled":1,"DataSource":1,"LevelSource":2,"StreetNameEN":"Tai Nan Street","StreetNameTC":"大南街","ST_CODE":12239,"FloorID":null,"BuildingID_1":null,"BuildingID_2":null,"SiteID":null,"TerminalID":null,"AccessTimeID":null,"CreationDate":1614441600000,"ModifiedBy":"LANDSD","LastAmendmentDate":1654963200000,"Shape__Length":2.0329121775789059}},{"type":"Feature","id":171432,"geometry":{"type":"LineString","coordinates":[[114.15974669234383,22.330012443955333,4.1270999999978812],[114.1597738581178,22.329991573528414,4.1306000000040513]]},"properties":{"OBJECTID":171432,"PedestrianRouteID":220013622,"Location":1,"FeatureType":1,"AliasNameEN":"Tai Nan Street","AliasNameTC":"大南街","CrossingFeature":null,"WeatherProof":1,"WheelchairBarrier":2,"WheelchairAccess":2,"ObstaclesType":null,"Gradient":0.00096431000000000002,"Direction":0,"PositionCertainty":1,"Enabled":1,"DataSource":1,"LevelSource":2,"StreetNameEN":"Tai Nan Street","StreetNameTC":"大南街","ST_CODE":12239,"FloorID":null,"BuildingID_1":null,"BuildingID_2":null,"SiteID":null,"TerminalID":null,"AccessTimeID":null,"CreationDate":1614441600000,"ModifiedBy":"LANDSD","LastAmendmentDate":1654963200000,"Shape__Length":3.6295471506180679}},{"type":"Feature","id":171433,"geometry":{"type":"LineString","coordinates":[[114.15978907382112,22.329979884137018,4.1325000000069849],[114.15981664924342,22.329958698578565,4.135999999998603]]},"properties":{"OBJECTID":171433,"PedestrianRouteID":220013623,"Location":1,"FeatureType":1,"AliasNameEN":"Tai Nan Street","AliasNameTC":"大南街","CrossingFeature":null,"WeatherProof":1,"WheelchairBarrier":2,"WheelchairAccess":2,"ObstaclesType":null,"Gradient":0.00094996999999999996,"Direction":0,"PositionCertainty":1,"Enabled":1,"DataSource":1,"LevelSource":2,"StreetNameEN":"Tai Nan Street","StreetNameTC":"大南街","ST_CODE":12239,"FloorID":null,"BuildingID_1":null,"BuildingID_2":null,"SiteID":null,"TerminalID":null,"AccessTimeID":null,"CreationDate":1614441600000,"ModifiedBy":"LANDSD","LastAmendmentDate":1654963200000,"Shape__Length":3.684308897225955}},{"type":"Feature","id":171434,"geometry":{"type":"LineString","coordinates":[[114.15981664924342,22.329958698578565,4.135999999998603],[114.15991400383311,22.329883905745323,4.1484999999956926]]},"properties":{"OBJECTID":171434,"PedestrianRouteID":220013624,"Location":1,"FeatureType":1,"AliasNameEN":"Tai Nan Street","AliasNameTC":"大南街","CrossingFeature":null,"WeatherProof":2,"WheelchairBarrier":2,"WheelchairAccess":2,"ObstaclesType":null,"Gradient":0.00096100000000000005,"Direction":0,"PositionCertainty":1,"Enabled":1,"DataSource":1,"LevelSource":2,"StreetNameEN":"Tai Nan Street","StreetNameTC":"大南街","ST_CODE":12239,"FloorID":null,"BuildingID_1":null,"BuildingID_2":null,"SiteID":null,"TerminalID":null,"AccessTimeID":null,"CreationDate":1614441600000,"ModifiedBy":"LANDSD","LastAmendmentDate":1654963200000,"Shape__Length":13.007224245808917}},{"type":"Feature","id":171435,"geometry":{"type":"LineString","coordinates":[[114.16004049853595,22.32978672544764,4.1646999999938998],[114.16007680293478,22.329758833734697,4.1693999999988591]]},"properties":{"OBJECTID":171435,"PedestrianRouteID":220013625,"Location":1,"FeatureType":1,"AliasNameEN":"Tai Nan Street","AliasNameTC":"大南街","CrossingFeature":null,"WeatherProof":1,"WheelchairBarrier":2,"WheelchairAccess":2,"ObstaclesType":null,"Gradient":0.00096896000000000005,"Direction":0,"PositionCertainty":1,"Enabled":1,"DataSource":1,"LevelSource":2,"StreetNameEN":"Tai Nan Street","StreetNameTC":"大南街","ST_CODE":12239,"FloorID":null,"BuildingID_1":null,"BuildingID_2":null,"SiteID":null,"TerminalID":null,"AccessTimeID":null,"CreationDate":1614441600000,"ModifiedBy":"LANDSD","LastAmendmentDate":1654963200000,"Shape__Length":4.8505695585446196}},{"type":"Feature","id":171436,"geometry":{"type":"LineString","coordinates":[[114.16007680293478,22.329758833734697,4.1693999999988591],[114.16011367035824,22.329730510409721,4.1741000000038184]]},"properties":{"OBJECTID":171436,"PedestrianRouteID":220013626,"Location":1,"FeatureType":1,"AliasNameEN":"Tai Nan Street","AliasNameTC":"大南街","CrossingFeature":null,"WeatherProof":2,"WheelchairBarrier":2,"WheelchairAccess":2,"ObstaclesType":null,"Gradient":0.00095416999999999995,"Direction":0,"PositionCertainty":1,"Enabled":1,"DataSource":1,"LevelSource":2,"StreetNameEN":"Tai Nan Street","StreetNameTC":"大南街","ST_CODE":12239,"FloorID":null,"BuildingID_1":null,"BuildingID_2":null,"SiteID":null,"TerminalID":null,"AccessTimeID":null,"CreationDate":1614441600000,"ModifiedBy":"LANDSD","LastAmendmentDate":1654963200000,"Shape__Length":4.9257282781103635}},{"type":"Feature","id":171437,"geometry":{"type":"LineString","coordinates":[[114.16024931901164,22.329626296066984,4.1922999999951571],[114.16025567454929,22.329621412977851,4.1922999999951571]]},"properties":{"OBJECTID":171437,"PedestrianRouteID":220013627,"Location":1,"FeatureType":1,"AliasNameEN":"Tai Nan Street","AliasNameTC":"大南街","CrossingFeature":null,"WeatherProof":2,"WheelchairBarrier":2,"WheelchairAccess":2,"ObstaclesType":null,"Gradient":0,"Direction":0,"PositionCertainty":1,"Enabled":1,"DataSource":1,"LevelSource":2,"StreetNameEN":"Tai Nan Street","StreetNameTC":"大南街","ST_CODE":12239,"FloorID":null,"BuildingID_1":null,"BuildingID_2":null,"SiteID":null,"TerminalID":null,"AccessTimeID":null,"CreationDate":1614441600000,"ModifiedBy":"LANDSD","LastAmendmentDate":1654963200000,"Shape__Length":0.84917414739328811}},{"type":"Feature","id":171438,"geometry":{"type":"LineString","coordinates":[[114.16022378424928,22.32964591329684,4.1882000000041444],[114.16024931901164,22.329626296066984,4.1922999999951571]]},"properties":{"OBJECTID":171438,"PedestrianRouteID":220013628,"Location":1,"FeatureType":1,"AliasNameEN":"Tai Nan Street","AliasNameTC":"大南街","CrossingFeature":null,"WeatherProof":1,"WheelchairBarrier":2,"WheelchairAccess":2,"ObstaclesType":null,"Gradient":0.00120177,"Direction":0,"PositionCertainty":1,"Enabled":1,"DataSource":1,"LevelSource":2,"StreetNameEN":"Tai Nan Street","StreetNameTC":"大南街","ST_CODE":12239,"FloorID":null,"BuildingID_1":null,"BuildingID_2":null,"SiteID":null,"TerminalID":null,"AccessTimeID":null,"CreationDate":1614441600000,"ModifiedBy":"LANDSD","LastAmendmentDate":1654963200000,"Shape__Length":3.4116264321448369}},{"type":"Feature","id":171439,"geometry":{"type":"LineString","coordinates":[[114.1599783142652,22.330831770454179,4.2997000000032131],[114.15995999230208,22.330811339566733,4.2872000000061234]]},"properties":{"OBJECTID":171439,"PedestrianRouteID":220013629,"Location":1,"FeatureType":1,"AliasNameEN":"Yen Chow Street","AliasNameTC":"欽州街","CrossingFeature":null,"WeatherProof":2,"WheelchairBarrier":2,"WheelchairAccess":2,"ObstaclesType":null,"Gradient":0.0042424200000000002,"Direction":0,"PositionCertainty":1,"Enabled":1,"DataSource":1,"LevelSource":2,"StreetNameEN":"Yen Chow Street","StreetNameTC":"欽州街","ST_CODE":12852,"FloorID":null,"BuildingID_1":null,"BuildingID_2":null,"SiteID":null,"TerminalID":null,"AccessTimeID":null,"CreationDate":1614441600000,"ModifiedBy":"LANDSD","LastAmendmentDate":1654963200000,"Shape__Length":2.9464109830826768}},{"type":"Feature","id":171440,"geometry":{"type":"LineString","coordinates":[[114.1600242502201,22.330882993972544,4.3310000000055879],[114.1599783142652,22.330831770454179,4.2997000000032131]]},"properties":{"OBJECTID":171440,"PedestrianRouteID":220013630,"Location":1,"FeatureType":1,"AliasNameEN":"Yen Chow Street","AliasNameTC":"欽州街","CrossingFeature":null,"WeatherProof":1,"WheelchairBarrier":2,"WheelchairAccess":2,"ObstaclesType":null,"Gradient":0.0042370799999999998,"Direction":0,"PositionCertainty":1,"Enabled":1,"DataSource":1,"LevelSource":2,"StreetNameEN":"Yen Chow Street","StreetNameTC":"欽州街","ST_CODE":12852,"FloorID":null,"BuildingID_1":null,"BuildingID_2":null,"SiteID":null,"TerminalID":null,"AccessTimeID":null,"CreationDate":1614441600000,"ModifiedBy":"LANDSD","LastAmendmentDate":1654963200000,"Shape__Length":7.387115126943999}},{"type":"Feature","id":171443,"geometry":{"type":"LineString","coordinates":[[114.16087519709619,22.330049876953812,4.3892000000050757],[114.16086561875646,22.330039265076365,4.383799999995972]]},"properties":{"OBJECTID":171443,"PedestrianRouteID":220013633,"Location":1,"FeatureType":1,"AliasNameEN":"Kweilin Street","AliasNameTC":"桂林街","CrossingFeature":null,"WeatherProof":2,"WheelchairBarrier":2,"WheelchairAccess":2,"ObstaclesType":null,"Gradient":0.0035191200000000001,"Direction":0,"PositionCertainty":1,"Enabled":1,"DataSource":1,"LevelSource":2,"StreetNameEN":"Kweilin Street","StreetNameTC":"桂林街","ST_CODE":11114,"FloorID":null,"BuildingID_1":null,"BuildingID_2":null,"SiteID":null,"TerminalID":null,"AccessTimeID":null,"CreationDate":1614441600000,"ModifiedBy":"LANDSD","LastAmendmentDate":1654963200000,"Shape__Length":1.5344694886366324}},{"type":"Feature","id":171444,"geometry":{"type":"LineString","coordinates":[[114.16086561875646,22.330039265076365,4.383799999995972],[114.16075013237604,22.329911309271285,4.3184999999939464]]},"properties":{"OBJECTID":171444,"PedestrianRouteID":220013634,"Location":1,"FeatureType":1,"AliasNameEN":"Kweilin Street","AliasNameTC":"桂林街","CrossingFeature":null,"WeatherProof":1,"WheelchairBarrier":2,"WheelchairAccess":2,"ObstaclesType":null,"Gradient":0.00352936,"Direction":0,"PositionCertainty":1,"Enabled":1,"DataSource":1,"LevelSource":2,"StreetNameEN":"Kweilin Street","StreetNameTC":"桂林街","ST_CODE":11114,"FloorID":null,"BuildingID_1":null,"BuildingID_2":null,"SiteID":null,"TerminalID":null,"AccessTimeID":null,"CreationDate":1614441600000,"ModifiedBy":"LANDSD","LastAmendmentDate":1654963200000,"Shape__Length":18.501836968645442}},{"type":"Feature","id":171447,"geometry":{"type":"LineString","coordinates":[[114.16017862268752,22.328675052327139,4.1266999999934342],[114.16014436003918,22.328701689928899,4.1266999999934342]]},"properties":{"OBJECTID":171447,"PedestrianRouteID":220013637,"Location":1,"FeatureType":1,"AliasNameEN":"Lai Chi Kok Road","AliasNameTC":"荔枝角道","CrossingFeature":null,"WeatherProof":2,"WheelchairBarrier":2,"WheelchairAccess":2,"ObstaclesType":null,"Gradient":0,"Direction":0,"PositionCertainty":1,"Enabled":1,"DataSource":1,"LevelSource":2,"StreetNameEN":"Lai Chi Kok Road","StreetNameTC":"荔枝角道","ST_CODE":11149,"FloorID":null,"BuildingID_1":null,"BuildingID_2":null,"SiteID":null,"TerminalID":null,"AccessTimeID":null,"CreationDate":1614441600000,"ModifiedBy":"LANDSD","LastAmendmentDate":1654963200000,"Shape__Length":4.6000500275392628}},{"type":"Feature","id":171448,"geometry":{"type":"LineString","coordinates":[[114.16014436003918,22.328701689928899,4.1266999999934342],[114.16010041510363,22.328735855321938,4.125]]},"properties":{"OBJECTID":171448,"PedestrianRouteID":220013638,"Location":1,"FeatureType":1,"AliasNameEN":"Lai Chi Kok Road","AliasNameTC":"荔枝角道","CrossingFeature":null,"WeatherProof":1,"WheelchairBarrier":2,"WheelchairAccess":2,"ObstaclesType":null,"Gradient":0.00028813999999999999,"Direction":0,"PositionCertainty":1,"Enabled":1,"DataSource":1,"LevelSource":2,"StreetNameEN":"Lai Chi Kok Road","StreetNameTC":"荔枝角道","ST_CODE":11149,"FloorID":null,"BuildingID_1":null,"BuildingID_2":null,"SiteID":null,"TerminalID":null,"AccessTimeID":null,"CreationDate":1614441600000,"ModifiedBy":"LANDSD","LastAmendmentDate":1654963200000,"Shape__Length":5.8999971230421089}},{"type":"Feature","id":171449,"geometry":{"type":"LineString","coordinates":[[114.16006463805269,22.328763671241511,4.1235000000015134],[114.15999095407726,22.328820957238289,4.1223999999929219]]},"properties":{"OBJECTID":171449,"PedestrianRouteID":220013639,"Location":1,"FeatureType":1,"AliasNameEN":"Lai Chi Kok Road","AliasNameTC":"荔枝角道","CrossingFeature":null,"WeatherProof":1,"WheelchairBarrier":2,"WheelchairAccess":2,"ObstaclesType":null,"Gradient":0.00011119,"Direction":0,"PositionCertainty":1,"Enabled":1,"DataSource":1,"LevelSource":2,"StreetNameEN":"Lai Chi Kok Road","StreetNameTC":"荔枝角道","ST_CODE":11149,"FloorID":null,"BuildingID_1":null,"BuildingID_2":null,"SiteID":null,"TerminalID":null,"AccessTimeID":null,"CreationDate":1614441600000,"ModifiedBy":"LANDSD","LastAmendmentDate":1654963200000,"Shape__Length":9.8927035495544668}},{"type":"Feature","id":171450,"geometry":{"type":"LineString","coordinates":[[114.16010041510363,22.328735855321938,4.125],[114.16006463805269,22.328763671241511,4.1235000000015134]]},"properties":{"OBJECTID":171450,"PedestrianRouteID":220013640,"Location":1,"FeatureType":1,"AliasNameEN":"Lai Chi Kok Road","AliasNameTC":"荔枝角道","CrossingFeature":null,"WeatherProof":2,"WheelchairBarrier":2,"WheelchairAccess":2,"ObstaclesType":null,"Gradient":0.00031228000000000001,"Direction":0,"PositionCertainty":1,"Enabled":1,"DataSource":1,"LevelSource":2,"StreetNameEN":"Lai Chi Kok Road","StreetNameTC":"荔枝角道","ST_CODE":11149,"FloorID":null,"BuildingID_1":null,"BuildingID_2":null,"SiteID":null,"TerminalID":null,"AccessTimeID":null,"CreationDate":1614441600000,"ModifiedBy":"LANDSD","LastAmendmentDate":1654963200000,"Shape__Length":4.8034369591058246}},{"type":"Feature","id":171451,"geometry":{"type":"LineString","coordinates":[[114.15999095407726,22.328820957238289,4.1223999999929219],[114.15997985060824,22.328829590225379,4.1223999999929219]]},"properties":{"OBJECTID":171451,"PedestrianRouteID":220013641,"Location":1,"FeatureType":1,"AliasNameEN":"Lai Chi Kok Road","AliasNameTC":"荔枝角道","CrossingFeature":null,"WeatherProof":2,"WheelchairBarrier":2,"WheelchairAccess":2,"ObstaclesType":null,"Gradient":0,"Direction":0,"PositionCertainty":1,"Enabled":1,"DataSource":1,"LevelSource":2,"StreetNameEN":"Lai Chi Kok Road","StreetNameTC":"荔枝角道","ST_CODE":11149,"FloorID":null,"BuildingID_1":null,"BuildingID_2":null,"SiteID":null,"TerminalID":null,"AccessTimeID":null,"CreationDate":1614441600000,"ModifiedBy":"LANDSD","LastAmendmentDate":1654963200000,"Shape__Length":1.4907735071132278}},{"type":"Feature","id":171452,"geometry":{"type":"LineString","coordinates":[[114.1602834035032,22.328593589130012,4.1290000000008149],[114.16027297571191,22.328601696626432,4.1290000000008149]]},"properties":{"OBJECTID":171452,"PedestrianRouteID":220013642,"Location":1,"FeatureType":1,"AliasNameEN":"Lai Chi Kok Road","AliasNameTC":"荔枝角道","CrossingFeature":null,"WeatherProof":2,"WheelchairBarrier":2,"WheelchairAccess":2,"ObstaclesType":null,"Gradient":0,"Direction":0,"PositionCertainty":1,"Enabled":1,"DataSource":1,"LevelSource":2,"StreetNameEN":"Lai Chi Kok Road","StreetNameTC":"荔枝角道","ST_CODE":11149,"FloorID":null,"BuildingID_1":null,"BuildingID_2":null,"SiteID":null,"TerminalID":null,"AccessTimeID":null,"CreationDate":1614441600000,"ModifiedBy":"LANDSD","LastAmendmentDate":1654963200000,"Shape__Length":1.4000464455522346}},{"type":"Feature","id":171453,"geometry":{"type":"LineString","coordinates":[[114.16027297571191,22.328601696626432,4.1290000000008149],[114.16017862268752,22.328675052327139,4.1266999999934342]]},"properties":{"OBJECTID":171453,"PedestrianRouteID":220013643,"Location":1,"FeatureType":1,"AliasNameEN":"Lai Chi Kok Road","AliasNameTC":"荔枝角道","CrossingFeature":null,"WeatherProof":1,"WheelchairBarrier":2,"WheelchairAccess":2,"ObstaclesType":null,"Gradient":0.00018155999999999999,"Direction":0,"PositionCertainty":1,"Enabled":1,"DataSource":1,"LevelSource":2,"StreetNameEN":"Lai Chi Kok Road","StreetNameTC":"荔枝角道","ST_CODE":11149,"FloorID":null,"BuildingID_1":null,"BuildingID_2":null,"SiteID":null,"TerminalID":null,"AccessTimeID":null,"CreationDate":1614441600000,"ModifiedBy":"LANDSD","LastAmendmentDate":1654963200000,"Shape__Length":12.667739536105564}},{"type":"Feature","id":171454,"geometry":{"type":"LineString","coordinates":[[114.16033076926905,22.328556763624924,4.1300000000046566],[114.16031783015541,22.32856682328087,4.1300000000046566]]},"properties":{"OBJECTID":171454,"PedestrianRouteID":220013644,"Location":1,"FeatureType":1,"AliasNameEN":"Lai Chi Kok Road","AliasNameTC":"荔枝角道","CrossingFeature":null,"WeatherProof":2,"WheelchairBarrier":2,"WheelchairAccess":2,"ObstaclesType":null,"Gradient":0,"Direction":0,"PositionCertainty":1,"Enabled":1,"DataSource":1,"LevelSource":2,"StreetNameEN":"Lai Chi Kok Road","StreetNameTC":"荔枝角道","ST_CODE":11149,"FloorID":null,"BuildingID_1":null,"BuildingID_2":null,"SiteID":null,"TerminalID":null,"AccessTimeID":null,"CreationDate":1614441600000,"ModifiedBy":"LANDSD","LastAmendmentDate":1654963200000,"Shape__Length":1.7371934892906782}},{"type":"Feature","id":171455,"geometry":{"type":"LineString","coordinates":[[114.16031783015541,22.32856682328087,4.1300000000046566],[114.1602834035032,22.328593589130012,4.1290000000008149]]},"properties":{"OBJECTID":171455,"PedestrianRouteID":220013645,"Location":1,"FeatureType":1,"AliasNameEN":"Lai Chi Kok Road","AliasNameTC":"荔枝角道","CrossingFeature":null,"WeatherProof":1,"WheelchairBarrier":2,"WheelchairAccess":2,"ObstaclesType":null,"Gradient":0.00021635,"Direction":0,"PositionCertainty":1,"Enabled":1,"DataSource":1,"LevelSource":2,"StreetNameEN":"Lai Chi Kok Road","StreetNameTC":"荔枝角道","ST_CODE":11149,"FloorID":null,"BuildingID_1":null,"BuildingID_2":null,"SiteID":null,"TerminalID":null,"AccessTimeID":null,"CreationDate":1614441600000,"ModifiedBy":"LANDSD","LastAmendmentDate":1654963200000,"Shape__Length":4.6221236957254472}},{"type":"Feature","id":171456,"geometry":{"type":"LineString","coordinates":[[114.16072786684278,22.328248032536628,4.1386000000056811],[114.16033076926905,22.328556763624924,4.1300000000046566]]},"properties":{"OBJECTID":171456,"PedestrianRouteID":220013646,"Location":1,"FeatureType":1,"AliasNameEN":"Lai Chi Kok Road","AliasNameTC":"荔枝角道","CrossingFeature":null,"WeatherProof":1,"WheelchairBarrier":2,"WheelchairAccess":2,"ObstaclesType":null,"Gradient":0.00016131000000000001,"Direction":0,"PositionCertainty":1,"Enabled":1,"DataSource":1,"LevelSource":2,"StreetNameEN":"Lai Chi Kok Road","StreetNameTC":"荔枝角道","ST_CODE":11149,"FloorID":null,"BuildingID_1":null,"BuildingID_2":null,"SiteID":null,"TerminalID":null,"AccessTimeID":null,"CreationDate":1614441600000,"ModifiedBy":"LANDSD","LastAmendmentDate":1654963200000,"Shape__Length":53.314218645681905}},{"type":"Feature","id":171457,"geometry":{"type":"LineString","coordinates":[[114.16072788053212,22.32824716018354,4.1386000000056811],[114.16072833765391,22.328247666844742,4.1386000000056811],[114.16072786684278,22.328248032536628,4.1386000000056811]]},"properties":{"OBJECTID":171457,"PedestrianRouteID":220013647,"Location":1,"FeatureType":1,"AliasNameEN":"Lai Chi Kok Road","AliasNameTC":"荔枝角道","CrossingFeature":null,"WeatherProof":2,"WheelchairBarrier":2,"WheelchairAccess":2,"ObstaclesType":null,"Gradient":0,"Direction":0,"PositionCertainty":1,"Enabled":1,"DataSource":1,"LevelSource":2,"StreetNameEN":"Lai Chi Kok Road","StreetNameTC":"荔枝角道","ST_CODE":11149,"FloorID":null,"BuildingID_1":null,"BuildingID_2":null,"SiteID":null,"TerminalID":null,"AccessTimeID":null,"CreationDate":1614441600000,"ModifiedBy":"LANDSD","LastAmendmentDate":1654963200000,"Shape__Length":0.13643662473367266}},{"type":"Feature","id":171458,"geometry":{"type":"LineString","coordinates":[[114.16070657924051,22.328223568373595,4.1282999999966705],[114.16072788053212,22.32824716018354,4.1386000000056811]]},"properties":{"OBJECTID":171458,"PedestrianRouteID":220013648,"Location":1,"FeatureType":1,"AliasNameEN":"Pei Ho Street","AliasNameTC":"北河街","CrossingFeature":null,"WeatherProof":1,"WheelchairBarrier":2,"WheelchairAccess":2,"ObstaclesType":null,"Gradient":0.0030188799999999998,"Direction":0,"PositionCertainty":1,"Enabled":1,"DataSource":1,"LevelSource":2,"StreetNameEN":"Pei Ho Street","StreetNameTC":"北河街","ST_CODE":11675,"FloorID":null,"BuildingID_1":null,"BuildingID_2":null,"SiteID":null,"TerminalID":null,"AccessTimeID":null,"CreationDate":1614441600000,"ModifiedBy":"LANDSD","LastAmendmentDate":1654963200000,"Shape__Length":3.4118522660376662}},{"type":"Feature","id":171462,"geometry":{"type":"LineString","coordinates":[[114.16423626223204,22.331660695012715,5.9962999999988824],[114.1642459493394,22.331653172388467,5.9962999999988824]]},"properties":{"OBJECTID":171462,"PedestrianRouteID":220013652,"Location":1,"FeatureType":1,"AliasNameEN":"Un Chau Street","AliasNameTC":"元州街","CrossingFeature":null,"WeatherProof":2,"WheelchairBarrier":2,"WheelchairAccess":2,"ObstaclesType":null,"Gradient":0,"Direction":0,"PositionCertainty":1,"Enabled":1,"DataSource":1,"LevelSource":2,"StreetNameEN":"Un Chau Street","StreetNameTC":"元州街","ST_CODE":12556,"FloorID":null,"BuildingID_1":null,"BuildingID_2":null,"SiteID":null,"TerminalID":null,"AccessTimeID":null,"CreationDate":1614441600000,"ModifiedBy":"LANDSD","LastAmendmentDate":1654963200000,"Shape__Length":1.2999461605563487}},{"type":"Feature","id":171463,"geometry":{"type":"LineString","coordinates":[[114.16411794916371,22.331752574642163,5.9900000000052387],[114.16423626223204,22.331660695012715,5.9962999999988824]]},"properties":{"OBJECTID":171463,"PedestrianRouteID":220013653,"Location":1,"FeatureType":1,"AliasNameEN":"Un Chau Street","AliasNameTC":"元州街","CrossingFeature":null,"WeatherProof":1,"WheelchairBarrier":2,"WheelchairAccess":2,"ObstaclesType":null,"Gradient":0.0003968,"Direction":0,"PositionCertainty":1,"Enabled":1,"DataSource":1,"LevelSource":2,"StreetNameEN":"Un Chau Street","StreetNameTC":"元州街","ST_CODE":12556,"FloorID":null,"BuildingID_1":null,"BuildingID_2":null,"SiteID":null,"TerminalID":null,"AccessTimeID":null,"CreationDate":1614441600000,"ModifiedBy":"LANDSD","LastAmendmentDate":1654963200000,"Shape__Length":15.87700220152295}},{"type":"Feature","id":171464,"geometry":{"type":"LineString","coordinates":[[114.16387387075149,22.328193444709964,4.9563999999954831],[114.16388512923132,22.328205901494695,4.9544000000023516]]},"properties":{"OBJECTID":171464,"PedestrianRouteID":220013654,"Location":1,"FeatureType":1,"AliasNameEN":"Shek Kip Mei Street","AliasNameTC":"石硤尾街","CrossingFeature":null,"WeatherProof":1,"WheelchairBarrier":2,"WheelchairAccess":2,"ObstaclesType":null,"Gradient":0.00110973,"Direction":0,"PositionCertainty":1,"Enabled":1,"DataSource":1,"LevelSource":2,"StreetNameEN":"Shek Kip Mei Street","StreetNameTC":"石硤尾街","ST_CODE":11995,"FloorID":null,"BuildingID_1":null,"BuildingID_2":null,"SiteID":null,"TerminalID":null,"AccessTimeID":null,"CreationDate":1614441600000,"ModifiedBy":"LANDSD","LastAmendmentDate":1654963200000,"Shape__Length":1.8022398538342641}},{"type":"Feature","id":171465,"geometry":{"type":"LineString","coordinates":[[114.16396827413709,22.328297896355856,4.9395999999978812],[114.16398921494233,22.328321065980404,4.9358999999967637]]},"properties":{"OBJECTID":171465,"PedestrianRouteID":220013655,"Location":1,"FeatureType":1,"AliasNameEN":"Shek Kip Mei Street","AliasNameTC":"石硤尾街","CrossingFeature":null,"WeatherProof":2,"WheelchairBarrier":2,"WheelchairAccess":2,"ObstaclesType":null,"Gradient":0.0011037600000000001,"Direction":0,"PositionCertainty":1,"Enabled":1,"DataSource":1,"LevelSource":2,"StreetNameEN":"Shek Kip Mei Street","StreetNameTC":"石硤尾街","ST_CODE":11995,"FloorID":null,"BuildingID_1":null,"BuildingID_2":null,"SiteID":null,"TerminalID":null,"AccessTimeID":null,"CreationDate":1614441600000,"ModifiedBy":"LANDSD","LastAmendmentDate":1654963200000,"Shape__Length":3.3521676590951768}},{"type":"Feature","id":171466,"geometry":{"type":"LineString","coordinates":[[114.16392991179566,22.328255450463576,4.9464000000007218],[114.16396827413709,22.328297896355856,4.9395999999978812]]},"properties":{"OBJECTID":171466,"PedestrianRouteID":220013656,"Location":1,"FeatureType":1,"AliasNameEN":"Shek Kip Mei Street","AliasNameTC":"石硤尾街","CrossingFeature":null,"WeatherProof":1,"WheelchairBarrier":2,"WheelchairAccess":2,"ObstaclesType":null,"Gradient":0.00110731,"Direction":0,"PositionCertainty":1,"Enabled":1,"DataSource":1,"LevelSource":2,"StreetNameEN":"Shek Kip Mei Street","StreetNameTC":"石硤尾街","ST_CODE":11995,"FloorID":null,"BuildingID_1":null,"BuildingID_2":null,"SiteID":null,"TerminalID":null,"AccessTimeID":null,"CreationDate":1614441600000,"ModifiedBy":"LANDSD","LastAmendmentDate":1654963200000,"Shape__Length":6.1410183813924606}},{"type":"Feature","id":171467,"geometry":{"type":"LineString","coordinates":[[114.16388512923132,22.328205901494695,4.9544000000023516],[114.16392991179566,22.328255450463576,4.9464000000007218]]},"properties":{"OBJECTID":171467,"PedestrianRouteID":220013657,"Location":1,"FeatureType":1,"AliasNameEN":"Shek Kip Mei Street","AliasNameTC":"石硤尾街","CrossingFeature":null,"WeatherProof":2,"WheelchairBarrier":2,"WheelchairAccess":2,"ObstaclesType":null,"Gradient":0.00111596,"Direction":0,"PositionCertainty":1,"Enabled":1,"DataSource":1,"LevelSource":2,"StreetNameEN":"Shek Kip Mei Street","StreetNameTC":"石硤尾街","ST_CODE":11995,"FloorID":null,"BuildingID_1":null,"BuildingID_2":null,"SiteID":null,"TerminalID":null,"AccessTimeID":null,"CreationDate":1614441600000,"ModifiedBy":"LANDSD","LastAmendmentDate":1654963200000,"Shape__Length":7.1687170244907286}},{"type":"Feature","id":171475,"geometry":{"type":"LineString","coordinates":[[114.16030437448914,22.332129568917328,4.8283999999985099],[114.16023458925297,22.332185191061857,4.8500000000058208]]},"properties":{"OBJECTID":171475,"PedestrianRouteID":220013665,"Location":1,"FeatureType":7,"AliasNameEN":"Cheung Sha Wan Road RunIn","AliasNameTC":"長沙灣道車輛出入口","CrossingFeature":null,"WeatherProof":2,"WheelchairBarrier":2,"WheelchairAccess":2,"ObstaclesType":null,"Gradient":0.0022855100000000001,"Direction":0,"PositionCertainty":1,"Enabled":1,"DataSource":1,"LevelSource":2,"StreetNameEN":"Cheung Sha Wan Road","StreetNameTC":"長沙灣道","ST_CODE":10206,"FloorID":null,"BuildingID_1":null,"BuildingID_2":null,"SiteID":null,"TerminalID":null,"AccessTimeID":null,"CreationDate":1614441600000,"ModifiedBy":"LANDSD","LastAmendmentDate":1706457600000,"Shape__Length":9.4669320251947138}},{"type":"Feature","id":171476,"geometry":{"type":"LineString","coordinates":[[114.16075358249451,22.3317715299223,4.6891000000032363],[114.16064827123958,22.331855467716437,4.8353000000061002]]},"properties":{"OBJECTID":171476,"PedestrianRouteID":220013666,"Location":1,"FeatureType":1,"AliasNameEN":"Cheung Sha Wan Road","AliasNameTC":"長沙灣道","CrossingFeature":null,"WeatherProof":2,"WheelchairBarrier":2,"WheelchairAccess":2,"ObstaclesType":null,"Gradient":0.0022889,"Direction":0,"PositionCertainty":1,"Enabled":1,"DataSource":1,"LevelSource":2,"StreetNameEN":"Cheung Sha Wan Road","StreetNameTC":"長沙灣道","ST_CODE":10206,"FloorID":null,"BuildingID_1":null,"BuildingID_2":null,"SiteID":null,"TerminalID":null,"AccessTimeID":null,"CreationDate":1614441600000,"ModifiedBy":"LANDSD","LastAmendmentDate":1689004800000,"Shape__Length":14.286324203212741}},{"type":"Feature","id":171477,"geometry":{"type":"LineString","coordinates":[[114.16124607203956,22.332285008050178,5.0672999999951571],[114.16121884583136,22.332306113507112,5.0672999999951571]]},"properties":{"OBJECTID":171477,"PedestrianRouteID":220013667,"Location":1,"FeatureType":1,"AliasNameEN":"Fuk Wa Street","AliasNameTC":"福華街","CrossingFeature":null,"WeatherProof":1,"WheelchairBarrier":2,"WheelchairAccess":2,"ObstaclesType":null,"Gradient":0,"Direction":0,"PositionCertainty":1,"Enabled":1,"DataSource":1,"LevelSource":2,"StreetNameEN":"Fuk Wa Street","StreetNameTC":"福華街","ST_CODE":10560,"FloorID":null,"BuildingID_1":null,"BuildingID_2":null,"SiteID":null,"TerminalID":null,"AccessTimeID":null,"CreationDate":1614441600000,"ModifiedBy":"LANDSD","LastAmendmentDate":1654963200000,"Shape__Length":3.6509204215752722}},{"type":"Feature","id":171478,"geometry":{"type":"LineString","coordinates":[[114.16114372180152,22.33236434897745,5.0682999999989988],[114.16112608095473,22.332378024082015,5.0682999999989988]]},"properties":{"OBJECTID":171478,"PedestrianRouteID":220013668,"Location":1,"FeatureType":1,"AliasNameEN":"Fuk Wa Street","AliasNameTC":"福華街","CrossingFeature":null,"WeatherProof":2,"WheelchairBarrier":2,"WheelchairAccess":2,"ObstaclesType":null,"Gradient":0,"Direction":0,"PositionCertainty":1,"Enabled":1,"DataSource":1,"LevelSource":2,"StreetNameEN":"Fuk Wa Street","StreetNameTC":"福華街","ST_CODE":10560,"FloorID":null,"BuildingID_1":null,"BuildingID_2":null,"SiteID":null,"TerminalID":null,"AccessTimeID":null,"CreationDate":1614441600000,"ModifiedBy":"LANDSD","LastAmendmentDate":1654963200000,"Shape__Length":2.3655709860797223}},{"type":"Feature","id":171479,"geometry":{"type":"LineString","coordinates":[[114.16117953352541,22.332336587922288,5.0682999999989988],[114.16114372180152,22.33236434897745,5.0682999999989988]]},"properties":{"OBJECTID":171479,"PedestrianRouteID":220013669,"Location":1,"FeatureType":1,"AliasNameEN":"Fuk Wa Street","AliasNameTC":"福華街","CrossingFeature":null,"WeatherProof":1,"WheelchairBarrier":2,"WheelchairAccess":2,"ObstaclesType":null,"Gradient":0,"Direction":0,"PositionCertainty":1,"Enabled":1,"DataSource":1,"LevelSource":2,"StreetNameEN":"Fuk Wa Street","StreetNameTC":"福華街","ST_CODE":10560,"FloorID":null,"BuildingID_1":null,"BuildingID_2":null,"SiteID":null,"TerminalID":null,"AccessTimeID":null,"CreationDate":1614441600000,"ModifiedBy":"LANDSD","LastAmendmentDate":1654963200000,"Shape__Length":4.8022152442862671}},{"type":"Feature","id":171480,"geometry":{"type":"LineString","coordinates":[[114.16121884583136,22.332306113507112,5.0672999999951571],[114.16117953352541,22.332336587922288,5.0682999999989988]]},"properties":{"OBJECTID":171480,"PedestrianRouteID":220013670,"Location":1,"FeatureType":1,"AliasNameEN":"Fuk Wa Street","AliasNameTC":"福華街","CrossingFeature":null,"WeatherProof":2,"WheelchairBarrier":2,"WheelchairAccess":2,"ObstaclesType":null,"Gradient":0.0001897,"Direction":0,"PositionCertainty":1,"Enabled":1,"DataSource":1,"LevelSource":2,"StreetNameEN":"Fuk Wa Street","StreetNameTC":"福華街","ST_CODE":10560,"FloorID":null,"BuildingID_1":null,"BuildingID_2":null,"SiteID":null,"TerminalID":null,"AccessTimeID":null,"CreationDate":1614441600000,"ModifiedBy":"LANDSD","LastAmendmentDate":1654963200000,"Shape__Length":5.2716112486081323}},{"type":"Feature","id":171486,"geometry":{"type":"LineString","coordinates":[[114.16228330121641,22.33006904140532,4.4833000000071479],[114.16232883124434,22.330033899361869,4.4910999999992782]]},"properties":{"OBJECTID":171486,"PedestrianRouteID":220013676,"Location":1,"FeatureType":1,"AliasNameEN":"Apliu Street","AliasNameTC":"鴨寮街","CrossingFeature":null,"WeatherProof":2,"WheelchairBarrier":2,"WheelchairAccess":2,"ObstaclesType":null,"Gradient":0.0012798099999999999,"Direction":0,"PositionCertainty":1,"Enabled":1,"DataSource":1,"LevelSource":2,"StreetNameEN":"Apliu Street","StreetNameTC":"鴨寮街","ST_CODE":10025,"FloorID":null,"BuildingID_1":null,"BuildingID_2":null,"SiteID":null,"TerminalID":null,"AccessTimeID":null,"CreationDate":1614441600000,"ModifiedBy":"LANDSD","LastAmendmentDate":1654963200000,"Shape__Length":6.0946584523198899}},{"type":"Feature","id":171487,"geometry":{"type":"LineString","coordinates":[[114.16211456849297,22.330199276970447,4.4544000000023516],[114.16228330121641,22.33006904140532,4.4833000000071479]]},"properties":{"OBJECTID":171487,"PedestrianRouteID":220013677,"Location":1,"FeatureType":1,"AliasNameEN":"Apliu Street","AliasNameTC":"鴨寮街","CrossingFeature":null,"WeatherProof":1,"WheelchairBarrier":2,"WheelchairAccess":2,"ObstaclesType":null,"Gradient":0.0012795199999999999,"Direction":0,"PositionCertainty":1,"Enabled":1,"DataSource":1,"LevelSource":2,"StreetNameEN":"Apliu Street","StreetNameTC":"鴨寮街","ST_CODE":10025,"FloorID":null,"BuildingID_1":null,"BuildingID_2":null,"SiteID":null,"TerminalID":null,"AccessTimeID":null,"CreationDate":1614441600000,"ModifiedBy":"LANDSD","LastAmendmentDate":1654963200000,"Shape__Length":22.586612800563131}},{"type":"Feature","id":171488,"geometry":{"type":"LineString","coordinates":[[114.16202899973858,22.330265322468787,4.4397999999928288],[114.1620446899868,22.33025321208417,4.4425000000046566]]},"properties":{"OBJECTID":171488,"PedestrianRouteID":220013678,"Location":1,"FeatureType":1,"AliasNameEN":"Apliu Street","AliasNameTC":"鴨寮街","CrossingFeature":null,"WeatherProof":2,"WheelchairBarrier":2,"WheelchairAccess":2,"ObstaclesType":null,"Gradient":0.00128553,"Direction":0,"PositionCertainty":1,"Enabled":1,"DataSource":1,"LevelSource":2,"StreetNameEN":"Apliu Street","StreetNameTC":"鴨寮街","ST_CODE":10025,"FloorID":null,"BuildingID_1":null,"BuildingID_2":null,"SiteID":null,"TerminalID":null,"AccessTimeID":null,"CreationDate":1614441600000,"ModifiedBy":"LANDSD","LastAmendmentDate":1654963200000,"Shape__Length":2.1002959621761987}},{"type":"Feature","id":171489,"geometry":{"type":"LineString","coordinates":[[114.16195794558617,22.330320165010789,4.4277000000001863],[114.16202899973858,22.330265322468787,4.4397999999928288]]},"properties":{"OBJECTID":171489,"PedestrianRouteID":220013679,"Location":1,"FeatureType":1,"AliasNameEN":"Apliu Street","AliasNameTC":"鴨寮街","CrossingFeature":null,"WeatherProof":1,"WheelchairBarrier":2,"WheelchairAccess":2,"ObstaclesType":null,"Gradient":0.00127217,"Direction":0,"PositionCertainty":1,"Enabled":1,"DataSource":1,"LevelSource":2,"StreetNameEN":"Apliu Street","StreetNameTC":"鴨寮街","ST_CODE":10025,"FloorID":null,"BuildingID_1":null,"BuildingID_2":null,"SiteID":null,"TerminalID":null,"AccessTimeID":null,"CreationDate":1614441600000,"ModifiedBy":"LANDSD","LastAmendmentDate":1654963200000,"Shape__Length":9.5113044293253797}},{"type":"Feature","id":171490,"geometry":{"type":"LineString","coordinates":[[114.16169354346709,22.330524241618591,4.3824000000022352],[114.16176211852067,22.330471313446896,4.3941999999951804]]},"properties":{"OBJECTID":171490,"PedestrianRouteID":220013680,"Location":1,"FeatureType":1,"AliasNameEN":"Apliu Street","AliasNameTC":"鴨寮街","CrossingFeature":null,"WeatherProof":1,"WheelchairBarrier":2,"WheelchairAccess":2,"ObstaclesType":null,"Gradient":0.00128549,"Direction":0,"PositionCertainty":1,"Enabled":1,"DataSource":1,"LevelSource":2,"StreetNameEN":"Apliu Street","StreetNameTC":"鴨寮街","ST_CODE":10025,"FloorID":null,"BuildingID_1":null,"BuildingID_2":null,"SiteID":null,"TerminalID":null,"AccessTimeID":null,"CreationDate":1614441600000,"ModifiedBy":"LANDSD","LastAmendmentDate":1654963200000,"Shape__Length":9.1793810087556391}},{"type":"Feature","id":171491,"geometry":{"type":"LineString","coordinates":[[114.16176211852067,22.330471313446896,4.3941999999951804],[114.16186627550307,22.330390920213759,4.411999999996624]]},"properties":{"OBJECTID":171491,"PedestrianRouteID":220013681,"Location":1,"FeatureType":1,"AliasNameEN":"Apliu Street","AliasNameTC":"鴨寮街","CrossingFeature":null,"WeatherProof":2,"WheelchairBarrier":2,"WheelchairAccess":2,"ObstaclesType":null,"Gradient":0.0012766699999999999,"Direction":0,"PositionCertainty":1,"Enabled":1,"DataSource":1,"LevelSource":2,"StreetNameEN":"Apliu Street","StreetNameTC":"鴨寮街","ST_CODE":10025,"FloorID":null,"BuildingID_1":null,"BuildingID_2":null,"SiteID":null,"TerminalID":null,"AccessTimeID":null,"CreationDate":1614441600000,"ModifiedBy":"LANDSD","LastAmendmentDate":1654963200000,"Shape__Length":13.942478323495404}},{"type":"Feature","id":171492,"geometry":{"type":"LineString","coordinates":[[114.1615788671767,22.330612753145811,4.3628000000026077],[114.16158120378604,22.330610949958508,4.3628000000026077]]},"properties":{"OBJECTID":171492,"PedestrianRouteID":220013682,"Location":1,"FeatureType":1,"AliasNameEN":"Kweilin Street","AliasNameTC":"桂林街","CrossingFeature":null,"WeatherProof":2,"WheelchairBarrier":2,"WheelchairAccess":2,"ObstaclesType":null,"Gradient":0,"Direction":0,"PositionCertainty":1,"Enabled":1,"DataSource":1,"LevelSource":2,"StreetNameEN":"Kweilin Street","StreetNameTC":"桂林街","ST_CODE":11114,"FloorID":null,"BuildingID_1":null,"BuildingID_2":null,"SiteID":null,"TerminalID":null,"AccessTimeID":null,"CreationDate":1614441600000,"ModifiedBy":"LANDSD","LastAmendmentDate":1654963200000,"Shape__Length":0.31275642333580578}},{"type":"Feature","id":171493,"geometry":{"type":"LineString","coordinates":[[114.16158120378604,22.330610949958508,4.3628000000026077],[114.16163459922531,22.33056973759231,4.3720999999932246]]},"properties":{"OBJECTID":171493,"PedestrianRouteID":220013683,"Location":1,"FeatureType":1,"AliasNameEN":"Apliu Street","AliasNameTC":"鴨寮街","CrossingFeature":null,"WeatherProof":1,"WheelchairBarrier":2,"WheelchairAccess":2,"ObstaclesType":null,"Gradient":0.00130116,"Direction":0,"PositionCertainty":1,"Enabled":1,"DataSource":1,"LevelSource":2,"StreetNameEN":"Apliu Street","StreetNameTC":"鴨寮街","ST_CODE":10025,"FloorID":null,"BuildingID_1":null,"BuildingID_2":null,"SiteID":null,"TerminalID":null,"AccessTimeID":null,"CreationDate":1614441600000,"ModifiedBy":"LANDSD","LastAmendmentDate":1654963200000,"Shape__Length":7.1474696082018827}},{"type":"Feature","id":171494,"geometry":{"type":"LineString","coordinates":[[114.16163459922531,22.33056973759231,4.3720999999932246],[114.16169354346709,22.330524241618591,4.3824000000022352]]},"properties":{"OBJECTID":171494,"PedestrianRouteID":220013684,"Location":1,"FeatureType":1,"AliasNameEN":"Apliu Street","AliasNameTC":"鴨寮街","CrossingFeature":null,"WeatherProof":2,"WheelchairBarrier":2,"WheelchairAccess":2,"ObstaclesType":null,"Gradient":0.0013054,"Direction":0,"PositionCertainty":1,"Enabled":1,"DataSource":1,"LevelSource":2,"StreetNameEN":"Apliu Street","StreetNameTC":"鴨寮街","ST_CODE":10025,"FloorID":null,"BuildingID_1":null,"BuildingID_2":null,"SiteID":null,"TerminalID":null,"AccessTimeID":null,"CreationDate":1614441600000,"ModifiedBy":"LANDSD","LastAmendmentDate":1654963200000,"Shape__Length":7.8902898529639707}},{"type":"Feature","id":171495,"geometry":{"type":"LineString","coordinates":[[114.16194151075614,22.330332850566592,4.4248999999981606],[114.16195794558617,22.330320165010789,4.4277000000001863]]},"properties":{"OBJECTID":171495,"PedestrianRouteID":220013685,"Location":1,"FeatureType":1,"AliasNameEN":"Apliu Street","AliasNameTC":"鴨寮街","CrossingFeature":null,"WeatherProof":2,"WheelchairBarrier":2,"WheelchairAccess":2,"ObstaclesType":null,"Gradient":0.0012727299999999999,"Direction":0,"PositionCertainty":1,"Enabled":1,"DataSource":1,"LevelSource":2,"StreetNameEN":"Apliu Street","StreetNameTC":"鴨寮街","ST_CODE":10025,"FloorID":null,"BuildingID_1":null,"BuildingID_2":null,"SiteID":null,"TerminalID":null,"AccessTimeID":null,"CreationDate":1614441600000,"ModifiedBy":"LANDSD","LastAmendmentDate":1654963200000,"Shape__Length":2.1999984117370945}},{"type":"Feature","id":171496,"geometry":{"type":"LineString","coordinates":[[114.16186627550307,22.330390920213759,4.411999999996624],[114.16194151075614,22.330332850566592,4.4248999999981606]]},"properties":{"OBJECTID":171496,"PedestrianRouteID":220013686,"Location":1,"FeatureType":1,"AliasNameEN":"Apliu Street","AliasNameTC":"鴨寮街","CrossingFeature":null,"WeatherProof":1,"WheelchairBarrier":2,"WheelchairAccess":2,"ObstaclesType":null,"Gradient":0.0012809099999999999,"Direction":0,"PositionCertainty":1,"Enabled":1,"DataSource":1,"LevelSource":2,"StreetNameEN":"Apliu Street","StreetNameTC":"鴨寮街","ST_CODE":10025,"FloorID":null,"BuildingID_1":null,"BuildingID_2":null,"SiteID":null,"TerminalID":null,"AccessTimeID":null,"CreationDate":1614441600000,"ModifiedBy":"LANDSD","LastAmendmentDate":1654963200000,"Shape__Length":10.070980450821256}},{"type":"Feature","id":171497,"geometry":{"type":"LineString","coordinates":[[114.16209420991842,22.33021499013984,4.4508999999961816],[114.16211456849297,22.330199276970447,4.4544000000023516]]},"properties":{"OBJECTID":171497,"PedestrianRouteID":220013687,"Location":1,"FeatureType":1,"AliasNameEN":"Apliu Street","AliasNameTC":"鴨寮街","CrossingFeature":null,"WeatherProof":2,"WheelchairBarrier":2,"WheelchairAccess":2,"ObstaclesType":null,"Gradient":0.00128432,"Direction":0,"PositionCertainty":1,"Enabled":1,"DataSource":1,"LevelSource":2,"StreetNameEN":"Apliu Street","StreetNameTC":"鴨寮街","ST_CODE":10025,"FloorID":null,"BuildingID_1":null,"BuildingID_2":null,"SiteID":null,"TerminalID":null,"AccessTimeID":null,"CreationDate":1614441600000,"ModifiedBy":"LANDSD","LastAmendmentDate":1654963200000,"Shape__Length":2.7251685963352248}},{"type":"Feature","id":171498,"geometry":{"type":"LineString","coordinates":[[114.1620446899868,22.33025321208417,4.4425000000046566],[114.16209420991842,22.33021499013984,4.4508999999961816]]},"properties":{"OBJECTID":171498,"PedestrianRouteID":220013688,"Location":1,"FeatureType":1,"AliasNameEN":"Apliu Street","AliasNameTC":"鴨寮街","CrossingFeature":null,"WeatherProof":1,"WheelchairBarrier":2,"WheelchairAccess":2,"ObstaclesType":null,"Gradient":0.0012672,"Direction":0,"PositionCertainty":1,"Enabled":1,"DataSource":1,"LevelSource":2,"StreetNameEN":"Apliu Street","StreetNameTC":"鴨寮街","ST_CODE":10025,"FloorID":null,"BuildingID_1":null,"BuildingID_2":null,"SiteID":null,"TerminalID":null,"AccessTimeID":null,"CreationDate":1614441600000,"ModifiedBy":"LANDSD","LastAmendmentDate":1654963200000,"Shape__Length":6.6287653779633509}},{"type":"Feature","id":171499,"geometry":{"type":"LineString","coordinates":[[114.16393541855284,22.329636563080026,4.5945999999967171],[114.16395385188122,22.329622182439195,4.6156000000046333]]},"properties":{"OBJECTID":171499,"PedestrianRouteID":220013689,"Location":1,"FeatureType":1,"AliasNameEN":"Cheung Sha Wan Road","AliasNameTC":"長沙灣道","CrossingFeature":null,"WeatherProof":1,"WheelchairBarrier":2,"WheelchairAccess":2,"ObstaclesType":null,"Gradient":0.0084731900000000002,"Direction":0,"PositionCertainty":1,"Enabled":1,"DataSource":1,"LevelSource":2,"StreetNameEN":"Cheung Sha Wan Road","StreetNameTC":"長沙灣道","ST_CODE":10206,"FloorID":null,"BuildingID_1":null,"BuildingID_2":null,"SiteID":null,"TerminalID":null,"AccessTimeID":null,"CreationDate":1614441600000,"ModifiedBy":"LANDSD","LastAmendmentDate":1654963200000,"Shape__Length":2.478345409977476}},{"type":"Feature","id":171500,"geometry":{"type":"LineString","coordinates":[[114.16395385188122,22.329622182439195,4.6156000000046333],[114.16404793469967,22.329548781180648,4.7225999999936903]]},"properties":{"OBJECTID":171500,"PedestrianRouteID":220013690,"Location":1,"FeatureType":1,"AliasNameEN":"Cheung Sha Wan Road","AliasNameTC":"長沙灣道","CrossingFeature":null,"WeatherProof":2,"WheelchairBarrier":2,"WheelchairAccess":2,"ObstaclesType":null,"Gradient":0.0084585800000000003,"Direction":0,"PositionCertainty":1,"Enabled":1,"DataSource":1,"LevelSource":2,"StreetNameEN":"Cheung Sha Wan Road","StreetNameTC":"長沙灣道","ST_CODE":10206,"FloorID":null,"BuildingID_1":null,"BuildingID_2":null,"SiteID":null,"TerminalID":null,"AccessTimeID":null,"CreationDate":1614441600000,"ModifiedBy":"LANDSD","LastAmendmentDate":1654963200000,"Shape__Length":12.649582633536831}},{"type":"Feature","id":171505,"geometry":{"type":"LineString","coordinates":[[114.16332777084338,22.331149683339955,5.6294999999954598],[114.16332165816812,22.331142874675397,5.6242000000056578]]},"properties":{"OBJECTID":171505,"PedestrianRouteID":220013695,"Location":1,"FeatureType":1,"AliasNameEN":"Pei Ho Street","AliasNameTC":"北河街","CrossingFeature":null,"WeatherProof":2,"WheelchairBarrier":2,"WheelchairAccess":2,"ObstaclesType":null,"Gradient":0.0053951700000000003,"Direction":0,"PositionCertainty":1,"Enabled":1,"DataSource":1,"LevelSource":2,"StreetNameEN":"Pei Ho Street","StreetNameTC":"北河街","ST_CODE":11675,"FloorID":null,"BuildingID_1":null,"BuildingID_2":null,"SiteID":null,"TerminalID":null,"AccessTimeID":null,"CreationDate":1614441600000,"ModifiedBy":"LANDSD","LastAmendmentDate":1654963200000,"Shape__Length":0.98235088004841675}},{"type":"Feature","id":171506,"geometry":{"type":"LineString","coordinates":[[114.16336252808125,22.331188398527317,5.6597000000037951],[114.16332777084338,22.331149683339955,5.6294999999954598]]},"properties":{"OBJECTID":171506,"PedestrianRouteID":220013696,"Location":1,"FeatureType":1,"AliasNameEN":"Pei Ho Street","AliasNameTC":"北河街","CrossingFeature":null,"WeatherProof":1,"WheelchairBarrier":2,"WheelchairAccess":2,"ObstaclesType":null,"Gradient":0.0054065299999999997,"Direction":0,"PositionCertainty":1,"Enabled":1,"DataSource":1,"LevelSource":2,"StreetNameEN":"Pei Ho Street","StreetNameTC":"北河街","ST_CODE":11675,"FloorID":null,"BuildingID_1":null,"BuildingID_2":null,"SiteID":null,"TerminalID":null,"AccessTimeID":null,"CreationDate":1614441600000,"ModifiedBy":"LANDSD","LastAmendmentDate":1654963200000,"Shape__Length":5.5857793942763641}},{"type":"Feature","id":171507,"geometry":{"type":"LineString","coordinates":[[114.16339474825497,22.331224286924865,5.6876999999949476],[114.16336252808125,22.331188398527317,5.6597000000037951]]},"properties":{"OBJECTID":171507,"PedestrianRouteID":220013697,"Location":1,"FeatureType":1,"AliasNameEN":"Pei Ho Street","AliasNameTC":"北河街","CrossingFeature":null,"WeatherProof":2,"WheelchairBarrier":2,"WheelchairAccess":2,"ObstaclesType":null,"Gradient":0.0054074600000000002,"Direction":0,"PositionCertainty":1,"Enabled":1,"DataSource":1,"LevelSource":2,"StreetNameEN":"Pei Ho Street","StreetNameTC":"北河街","ST_CODE":11675,"FloorID":null,"BuildingID_1":null,"BuildingID_2":null,"SiteID":null,"TerminalID":null,"AccessTimeID":null,"CreationDate":1614441600000,"ModifiedBy":"LANDSD","LastAmendmentDate":1654963200000,"Shape__Length":5.1779817040634262}},{"type":"Feature","id":171508,"geometry":{"type":"LineString","coordinates":[[114.16348589790256,22.331305814413927,5.8165000000008149],[114.16346111815713,22.331298214040835,5.7452999999950407],[114.16339474825497,22.331224286924865,5.6876999999949476]]},"properties":{"OBJECTID":171508,"PedestrianRouteID":220013698,"Location":1,"FeatureType":1,"AliasNameEN":"Pei Ho Street","AliasNameTC":"北河街","CrossingFeature":null,"WeatherProof":1,"WheelchairBarrier":2,"WheelchairAccess":2,"ObstaclesType":null,"Gradient":0.016046089999999999,"Direction":0,"PositionCertainty":1,"Enabled":1,"DataSource":1,"LevelSource":2,"StreetNameEN":"Pei Ho Street","StreetNameTC":"北河街","ST_CODE":11675,"FloorID":null,"BuildingID_1":null,"BuildingID_2":null,"SiteID":null,"TerminalID":null,"AccessTimeID":null,"CreationDate":1614441600000,"ModifiedBy":"LANDSD","LastAmendmentDate":1689004800000,"Shape__Length":13.354128638978834}},{"type":"Feature","id":171509,"geometry":{"type":"LineString","coordinates":[[114.16387590491809,22.328417799807387,4.9253000000026077],[114.16386779783195,22.328408811018743,4.9235000000044238]]},"properties":{"OBJECTID":171509,"PedestrianRouteID":220013699,"Location":1,"FeatureType":1,"AliasNameEN":"Shek Kip Mei Street","AliasNameTC":"石硤尾街","CrossingFeature":null,"WeatherProof":2,"WheelchairBarrier":2,"WheelchairAccess":2,"ObstaclesType":null,"Gradient":0.00138529,"Direction":0,"PositionCertainty":1,"Enabled":1,"DataSource":1,"LevelSource":2,"StreetNameEN":"Shek Kip Mei Street","StreetNameTC":"石硤尾街","ST_CODE":11995,"FloorID":null,"BuildingID_1":null,"BuildingID_2":null,"SiteID":null,"TerminalID":null,"AccessTimeID":null,"CreationDate":1614441600000,"ModifiedBy":"LANDSD","LastAmendmentDate":1654963200000,"Shape__Length":1.2993645293559091}},{"type":"Feature","id":171510,"geometry":{"type":"LineString","coordinates":[[114.16399391152132,22.328548639783971,4.9521999999997206],[114.16387590491809,22.328417799807387,4.9253000000026077]]},"properties":{"OBJECTID":171510,"PedestrianRouteID":220013700,"Location":1,"FeatureType":1,"AliasNameEN":"Shek Kip Mei Street","AliasNameTC":"石硤尾街","CrossingFeature":null,"WeatherProof":1,"WheelchairBarrier":2,"WheelchairAccess":2,"ObstaclesType":null,"Gradient":0.00142227,"Direction":0,"PositionCertainty":1,"Enabled":1,"DataSource":1,"LevelSource":2,"StreetNameEN":"Shek Kip Mei Street","StreetNameTC":"石硤尾街","ST_CODE":11995,"FloorID":null,"BuildingID_1":null,"BuildingID_2":null,"SiteID":null,"TerminalID":null,"AccessTimeID":null,"CreationDate":1614441600000,"ModifiedBy":"LANDSD","LastAmendmentDate":1654963200000,"Shape__Length":18.913466372537371}},{"type":"Feature","id":171511,"geometry":{"type":"LineString","coordinates":[[114.16359575852569,22.331973282669086,6.0277999999962049],[114.16350950008335,22.332040553424836,6.0182999999960884]]},"properties":{"OBJECTID":171511,"PedestrianRouteID":220013701,"Location":1,"FeatureType":1,"AliasNameEN":"Un Chau Street","AliasNameTC":"元州街","CrossingFeature":null,"WeatherProof":2,"WheelchairBarrier":2,"WheelchairAccess":2,"ObstaclesType":null,"Gradient":0.0020071899999999998,"Direction":0,"PositionCertainty":1,"Enabled":1,"DataSource":1,"LevelSource":2,"StreetNameEN":"Un Chau Street","StreetNameTC":"元州街","ST_CODE":12556,"FloorID":null,"BuildingID_1":null,"BuildingID_2":null,"SiteID":null,"TerminalID":null,"AccessTimeID":null,"CreationDate":1614441600000,"ModifiedBy":"LANDSD","LastAmendmentDate":1730995200000,"Shape__Length":11.595609707423582}},{"type":"Feature","id":171512,"geometry":{"type":"LineString","coordinates":[[114.16368950334235,22.331900174203827,5.9168999999965308],[114.16368045105847,22.331907233577315,5.9885000000067521]]},"properties":{"OBJECTID":171512,"PedestrianRouteID":220013702,"Location":1,"FeatureType":1,"AliasNameEN":"Un Chau Street","AliasNameTC":"元州街","CrossingFeature":null,"WeatherProof":2,"WheelchairBarrier":2,"WheelchairAccess":2,"ObstaclesType":null,"Gradient":0.0019722699999999999,"Direction":0,"PositionCertainty":1,"Enabled":1,"DataSource":1,"LevelSource":2,"StreetNameEN":"Un Chau Street","StreetNameTC":"元州街","ST_CODE":12556,"FloorID":null,"BuildingID_1":null,"BuildingID_2":null,"SiteID":null,"TerminalID":null,"AccessTimeID":null,"CreationDate":1614441600000,"ModifiedBy":"LANDSD","LastAmendmentDate":1689004800000,"Shape__Length":1.216867901706578}},{"type":"Feature","id":171513,"geometry":{"type":"LineString","coordinates":[[114.16368045105847,22.331907233577315,5.9885000000067521],[114.16362804875236,22.331948100820455,6.0139999999955762]]},"properties":{"OBJECTID":171513,"PedestrianRouteID":220013703,"Location":1,"FeatureType":1,"AliasNameEN":"Un Chau Street","AliasNameTC":"元州街","CrossingFeature":null,"WeatherProof":1,"WheelchairBarrier":2,"WheelchairAccess":2,"ObstaclesType":null,"Gradient":0.0036198900000000002,"Direction":0,"PositionCertainty":1,"Enabled":1,"DataSource":1,"LevelSource":12,"StreetNameEN":"Un Chau Street","StreetNameTC":"元州街","ST_CODE":12556,"FloorID":null,"BuildingID_1":null,"BuildingID_2":null,"SiteID":null,"TerminalID":null,"AccessTimeID":null,"CreationDate":1614441600000,"ModifiedBy":"LANDSD","LastAmendmentDate":1689004800000,"Shape__Length":7.044377504438704}},{"type":"Feature","id":171514,"geometry":{"type":"LineString","coordinates":[[114.16382226238325,22.328700704746218,4.8742000000056578],[114.16383362769685,22.328691936057879,4.8874999999970896]]},"properties":{"OBJECTID":171514,"PedestrianRouteID":220013704,"Location":1,"FeatureType":1,"AliasNameEN":"Apliu Street","AliasNameTC":"鴨寮街","CrossingFeature":null,"WeatherProof":2,"WheelchairBarrier":2,"WheelchairAccess":2,"ObstaclesType":null,"Gradient":0.0087433300000000005,"Direction":0,"PositionCertainty":1,"Enabled":1,"DataSource":1,"LevelSource":2,"StreetNameEN":"Apliu Street","StreetNameTC":"鴨寮街","ST_CODE":10025,"FloorID":null,"BuildingID_1":null,"BuildingID_2":null,"SiteID":null,"TerminalID":null,"AccessTimeID":null,"CreationDate":1614441600000,"ModifiedBy":"LANDSD","LastAmendmentDate":1654963200000,"Shape__Length":1.5211205902606444}},{"type":"Feature","id":171515,"geometry":{"type":"LineString","coordinates":[[114.16363762728632,22.328843161732227,4.6585000000050059],[114.16382226238325,22.328700704746218,4.8742000000056578]]},"properties":{"OBJECTID":171515,"PedestrianRouteID":220013705,"Location":1,"FeatureType":1,"AliasNameEN":"Apliu Street","AliasNameTC":"鴨寮街","CrossingFeature":null,"WeatherProof":1,"WheelchairBarrier":2,"WheelchairAccess":2,"ObstaclesType":null,"Gradient":0.0087284300000000006,"Direction":0,"PositionCertainty":1,"Enabled":1,"DataSource":1,"LevelSource":2,"StreetNameEN":"Apliu Street","StreetNameTC":"鴨寮街","ST_CODE":10025,"FloorID":null,"BuildingID_1":null,"BuildingID_2":null,"SiteID":null,"TerminalID":null,"AccessTimeID":null,"CreationDate":1614441600000,"ModifiedBy":"LANDSD","LastAmendmentDate":1654963200000,"Shape__Length":24.711720207024534}},{"type":"Feature","id":171516,"geometry":{"type":"LineString","coordinates":[[114.16362223729023,22.328855035696488,4.6404999999940628],[114.16363762728632,22.328843161732227,4.6585000000050059]]},"properties":{"OBJECTID":171516,"PedestrianRouteID":220013706,"Location":1,"FeatureType":1,"AliasNameEN":"Apliu Street","AliasNameTC":"鴨寮街","CrossingFeature":null,"WeatherProof":2,"WheelchairBarrier":2,"WheelchairAccess":2,"ObstaclesType":null,"Gradient":0.0087385499999999994,"Direction":0,"PositionCertainty":1,"Enabled":1,"DataSource":1,"LevelSource":2,"StreetNameEN":"Apliu Street","StreetNameTC":"鴨寮街","ST_CODE":10025,"FloorID":null,"BuildingID_1":null,"BuildingID_2":null,"SiteID":null,"TerminalID":null,"AccessTimeID":null,"CreationDate":1614441600000,"ModifiedBy":"LANDSD","LastAmendmentDate":1654963200000,"Shape__Length":2.0597859510656646}},{"type":"Feature","id":171517,"geometry":{"type":"LineString","coordinates":[[114.16356266534162,22.328900999211374,4.5709000000060769],[114.16362223729023,22.328855035696488,4.6404999999940628]]},"properties":{"OBJECTID":171517,"PedestrianRouteID":220013707,"Location":1,"FeatureType":1,"AliasNameEN":"Apliu Street","AliasNameTC":"鴨寮街","CrossingFeature":null,"WeatherProof":1,"WheelchairBarrier":2,"WheelchairAccess":2,"ObstaclesType":null,"Gradient":0.0087290500000000004,"Direction":0,"PositionCertainty":1,"Enabled":1,"DataSource":1,"LevelSource":2,"StreetNameEN":"Apliu Street","StreetNameTC":"鴨寮街","ST_CODE":10025,"FloorID":null,"BuildingID_1":null,"BuildingID_2":null,"SiteID":null,"TerminalID":null,"AccessTimeID":null,"CreationDate":1614441600000,"ModifiedBy":"LANDSD","LastAmendmentDate":1654963200000,"Shape__Length":7.9731717852630144}},{"type":"Feature","id":171518,"geometry":{"type":"LineString","coordinates":[[114.16350963221839,22.328941916951468,4.5090000000054715],[114.1635172583042,22.328936033249711,4.5179000000061933]]},"properties":{"OBJECTID":171518,"PedestrianRouteID":220013708,"Location":1,"FeatureType":1,"AliasNameEN":"Apliu Street","AliasNameTC":"鴨寮街","CrossingFeature":null,"WeatherProof":2,"WheelchairBarrier":2,"WheelchairAccess":2,"ObstaclesType":null,"Gradient":0.0087196099999999992,"Direction":0,"PositionCertainty":1,"Enabled":1,"DataSource":1,"LevelSource":2,"StreetNameEN":"Apliu Street","StreetNameTC":"鴨寮街","ST_CODE":10025,"FloorID":null,"BuildingID_1":null,"BuildingID_2":null,"SiteID":null,"TerminalID":null,"AccessTimeID":null,"CreationDate":1614441600000,"ModifiedBy":"LANDSD","LastAmendmentDate":1654963200000,"Shape__Length":1.0206615119099032}},{"type":"Feature","id":171519,"geometry":{"type":"LineString","coordinates":[[114.16354627256503,22.328913647007241,4.5518000000010943],[114.16356266534162,22.328900999211374,4.5709000000060769]]},"properties":{"OBJECTID":171519,"PedestrianRouteID":220013709,"Location":1,"FeatureType":1,"AliasNameEN":"Apliu Street","AliasNameTC":"鴨寮街","CrossingFeature":null,"WeatherProof":2,"WheelchairBarrier":2,"WheelchairAccess":2,"ObstaclesType":null,"Gradient":0.0087053100000000008,"Direction":0,"PositionCertainty":1,"Enabled":1,"DataSource":1,"LevelSource":2,"StreetNameEN":"Apliu Street","StreetNameTC":"鴨寮街","ST_CODE":10025,"FloorID":null,"BuildingID_1":null,"BuildingID_2":null,"SiteID":null,"TerminalID":null,"AccessTimeID":null,"CreationDate":1614441600000,"ModifiedBy":"LANDSD","LastAmendmentDate":1654963200000,"Shape__Length":2.1940073329682748}},{"type":"Feature","id":171520,"geometry":{"type":"LineString","coordinates":[[114.1635172583042,22.328936033249711,4.5179000000061933],[114.16354627256503,22.328913647007241,4.5518000000010943]]},"properties":{"OBJECTID":171520,"PedestrianRouteID":220013710,"Location":1,"FeatureType":1,"AliasNameEN":"Apliu Street","AliasNameTC":"鴨寮街","CrossingFeature":null,"WeatherProof":1,"WheelchairBarrier":2,"WheelchairAccess":2,"ObstaclesType":null,"Gradient":0.0087294899999999995,"Direction":0,"PositionCertainty":1,"Enabled":1,"DataSource":1,"LevelSource":2,"StreetNameEN":"Apliu Street","StreetNameTC":"鴨寮街","ST_CODE":10025,"FloorID":null,"BuildingID_1":null,"BuildingID_2":null,"SiteID":null,"TerminalID":null,"AccessTimeID":null,"CreationDate":1614441600000,"ModifiedBy":"LANDSD","LastAmendmentDate":1654963200000,"Shape__Length":3.8832918833241221}},{"type":"Feature","id":171521,"geometry":{"type":"LineString","coordinates":[[114.16335084574699,22.329766319308572,4.5421999999962281],[114.16333573228427,22.329778001818866,4.5353000000031898]]},"properties":{"OBJECTID":171521,"PedestrianRouteID":220013711,"Location":1,"FeatureType":1,"AliasNameEN":"Cheung Sha Wan Road","AliasNameTC":"長沙灣道","CrossingFeature":null,"WeatherProof":2,"WheelchairBarrier":2,"WheelchairAccess":2,"ObstaclesType":null,"Gradient":0.0034085500000000002,"Direction":0,"PositionCertainty":1,"Enabled":1,"DataSource":1,"LevelSource":2,"StreetNameEN":"Cheung Sha Wan Road","StreetNameTC":"長沙灣道","ST_CODE":10206,"FloorID":null,"BuildingID_1":null,"BuildingID_2":null,"SiteID":null,"TerminalID":null,"AccessTimeID":null,"CreationDate":1614441600000,"ModifiedBy":"LANDSD","LastAmendmentDate":1654963200000,"Shape__Length":2.0243161934055527}},{"type":"Feature","id":171522,"geometry":{"type":"LineString","coordinates":[[114.16343465848671,22.329701533632107,4.5803000000014435],[114.16335084574699,22.329766319308572,4.5421999999962281]]},"properties":{"OBJECTID":171522,"PedestrianRouteID":220013712,"Location":1,"FeatureType":1,"AliasNameEN":"Cheung Sha Wan Road","AliasNameTC":"長沙灣道","CrossingFeature":null,"WeatherProof":1,"WheelchairBarrier":2,"WheelchairAccess":2,"ObstaclesType":null,"Gradient":0.00339391,"Direction":0,"PositionCertainty":1,"Enabled":1,"DataSource":1,"LevelSource":2,"StreetNameEN":"Cheung Sha Wan Road","StreetNameTC":"長沙灣道","ST_CODE":10206,"FloorID":null,"BuildingID_1":null,"BuildingID_2":null,"SiteID":null,"TerminalID":null,"AccessTimeID":null,"CreationDate":1614441600000,"ModifiedBy":"LANDSD","LastAmendmentDate":1654963200000,"Shape__Length":11.225951373272625}},{"type":"Feature","id":171527,"geometry":{"type":"LineString","coordinates":[[114.16272574873216,22.330249507031258,4.6110000000044238],[114.16267581327951,22.330193836363154,4.6122000000032131]]},"properties":{"OBJECTID":171527,"PedestrianRouteID":220013717,"Location":1,"FeatureType":1,"AliasNameEN":"Pei Ho Street","AliasNameTC":"北河街","CrossingFeature":null,"WeatherProof":2,"WheelchairBarrier":2,"WheelchairAccess":2,"ObstaclesType":null,"Gradient":0.00014945,"Direction":0,"PositionCertainty":1,"Enabled":1,"DataSource":1,"LevelSource":2,"StreetNameEN":"Pei Ho Street","StreetNameTC":"北河街","ST_CODE":11675,"FloorID":null,"BuildingID_1":null,"BuildingID_2":null,"SiteID":null,"TerminalID":null,"AccessTimeID":null,"CreationDate":1614441600000,"ModifiedBy":"LANDSD","LastAmendmentDate":1654963200000,"Shape__Length":8.0292207997236567}},{"type":"Feature","id":171528,"geometry":{"type":"LineString","coordinates":[[114.16267581327951,22.330193836363154,4.6122000000032131],[114.16260852616918,22.33011881974733,4.6141999999963446]]},"properties":{"OBJECTID":171528,"PedestrianRouteID":220013718,"Location":1,"FeatureType":1,"AliasNameEN":"Pei Ho Street","AliasNameTC":"北河街","CrossingFeature":null,"WeatherProof":1,"WheelchairBarrier":2,"WheelchairAccess":2,"ObstaclesType":null,"Gradient":0.00018484999999999999,"Direction":0,"PositionCertainty":1,"Enabled":1,"DataSource":1,"LevelSource":2,"StreetNameEN":"Pei Ho Street","StreetNameTC":"北河街","ST_CODE":11675,"FloorID":null,"BuildingID_1":null,"BuildingID_2":null,"SiteID":null,"TerminalID":null,"AccessTimeID":null,"CreationDate":1614441600000,"ModifiedBy":"LANDSD","LastAmendmentDate":1654963200000,"Shape__Length":10.819350050432298}},{"type":"Feature","id":171529,"geometry":{"type":"LineString","coordinates":[[114.16260852616918,22.33011881974733,4.6141999999963446],[114.16258742131708,22.330095290517939,4.6141999999963446]]},"properties":{"OBJECTID":171529,"PedestrianRouteID":220013719,"Location":1,"FeatureType":1,"AliasNameEN":"Pei Ho Street","AliasNameTC":"北河街","CrossingFeature":null,"WeatherProof":2,"WheelchairBarrier":2,"WheelchairAccess":2,"ObstaclesType":null,"Gradient":0,"Direction":0,"PositionCertainty":1,"Enabled":1,"DataSource":1,"LevelSource":2,"StreetNameEN":"Pei Ho Street","StreetNameTC":"北河街","ST_CODE":11675,"FloorID":null,"BuildingID_1":null,"BuildingID_2":null,"SiteID":null,"TerminalID":null,"AccessTimeID":null,"CreationDate":1614441600000,"ModifiedBy":"LANDSD","LastAmendmentDate":1654963200000,"Shape__Length":3.3935288916565014}},{"type":"Feature","id":171531,"geometry":{"type":"LineString","coordinates":[[114.16116115096693,22.332533763435197,5.1420999999972992],[114.1611424247763,22.332548290019961,5.1447000000043772]]},"properties":{"OBJECTID":171531,"PedestrianRouteID":220013721,"Location":1,"FeatureType":1,"AliasNameEN":"Fuk Wa Street","AliasNameTC":"福華街","CrossingFeature":null,"WeatherProof":1,"WheelchairBarrier":2,"WheelchairAccess":2,"ObstaclesType":null,"Gradient":0.0010351,"Direction":0,"PositionCertainty":1,"Enabled":1,"DataSource":1,"LevelSource":2,"StreetNameEN":"Fuk Wa Street","StreetNameTC":"福華街","ST_CODE":10560,"FloorID":null,"BuildingID_1":null,"BuildingID_2":null,"SiteID":null,"TerminalID":null,"AccessTimeID":null,"CreationDate":1614441600000,"ModifiedBy":"LANDSD","LastAmendmentDate":1654963200000,"Shape__Length":2.5118277091510111}},{"type":"Feature","id":171532,"geometry":{"type":"LineString","coordinates":[[114.16116327598638,22.332532115559889,5.1420999999972992],[114.16116115096693,22.332533763435197,5.1420999999972992]]},"properties":{"OBJECTID":171532,"PedestrianRouteID":220013722,"Location":1,"FeatureType":1,"AliasNameEN":"Fuk Wa Street","AliasNameTC":"福華街","CrossingFeature":null,"WeatherProof":2,"WheelchairBarrier":2,"WheelchairAccess":2,"ObstaclesType":null,"Gradient":0,"Direction":0,"PositionCertainty":1,"Enabled":1,"DataSource":1,"LevelSource":2,"StreetNameEN":"Fuk Wa Street","StreetNameTC":"福華街","ST_CODE":10560,"FloorID":null,"BuildingID_1":null,"BuildingID_2":null,"SiteID":null,"TerminalID":null,"AccessTimeID":null,"CreationDate":1614441600000,"ModifiedBy":"LANDSD","LastAmendmentDate":1654963200000,"Shape__Length":0.2849972975122807}},{"type":"Feature","id":171533,"geometry":{"type":"LineString","coordinates":[[114.16119159533716,22.332510147798033,5.1380000000062864],[114.16118199149412,22.332517598002227,5.1394000000000233]]},"properties":{"OBJECTID":171533,"PedestrianRouteID":220013723,"Location":1,"FeatureType":1,"AliasNameEN":"Fuk Wa Street","AliasNameTC":"福華街","CrossingFeature":null,"WeatherProof":2,"WheelchairBarrier":2,"WheelchairAccess":2,"ObstaclesType":null,"Gradient":0.0010867699999999999,"Direction":0,"PositionCertainty":1,"Enabled":1,"DataSource":1,"LevelSource":2,"StreetNameEN":"Fuk Wa Street","StreetNameTC":"福華街","ST_CODE":10560,"FloorID":null,"BuildingID_1":null,"BuildingID_2":null,"SiteID":null,"TerminalID":null,"AccessTimeID":null,"CreationDate":1614441600000,"ModifiedBy":"LANDSD","LastAmendmentDate":1654963200000,"Shape__Length":1.2882175668117926}},{"type":"Feature","id":171534,"geometry":{"type":"LineString","coordinates":[[114.16118199149412,22.332517598002227,5.1394000000000233],[114.16116327598638,22.332532115559889,5.1420999999972992]]},"properties":{"OBJECTID":171534,"PedestrianRouteID":220013724,"Location":1,"FeatureType":1,"AliasNameEN":"Fuk Wa Street","AliasNameTC":"福華街","CrossingFeature":null,"WeatherProof":1,"WheelchairBarrier":2,"WheelchairAccess":2,"ObstaclesType":null,"Gradient":0.00107555,"Direction":0,"PositionCertainty":1,"Enabled":1,"DataSource":1,"LevelSource":2,"StreetNameEN":"Fuk Wa Street","StreetNameTC":"福華街","ST_CODE":10560,"FloorID":null,"BuildingID_1":null,"BuildingID_2":null,"SiteID":null,"TerminalID":null,"AccessTimeID":null,"CreationDate":1614441600000,"ModifiedBy":"LANDSD","LastAmendmentDate":1654963200000,"Shape__Length":2.5103424571864807}},{"type":"Feature","id":171538,"geometry":{"type":"LineString","coordinates":[[114.160103604512,22.331000615569693,4.4848000000056345],[114.16011902513992,22.330988676925912,4.3518999999942025]]},"properties":{"OBJECTID":171538,"PedestrianRouteID":220013728,"Location":2,"FeatureType":1,"AliasNameEN":"G/F","AliasNameTC":"地面","CrossingFeature":null,"WeatherProof":1,"WheelchairBarrier":2,"WheelchairAccess":2,"ObstaclesType":null,"Gradient":0.064164209999999999,"Direction":0,"PositionCertainty":1,"Enabled":1,"DataSource":1,"LevelSource":2,"StreetNameEN":null,"StreetNameTC":null,"ST_CODE":null,"FloorID":290000061,"BuildingID_1":1108226175,"BuildingID_2":null,"SiteID":null,"TerminalID":null,"AccessTimeID":290000286,"CreationDate":1614441600000,"ModifiedBy":"LANDSD","LastAmendmentDate":1690819200000,"Shape__Length":2.0667716587717262}},{"type":"Feature","id":171539,"geometry":{"type":"LineString","coordinates":[[114.16004355105588,22.33098109608072,4.6999999999970896],[114.15995219049884,22.330879886285718,11.343999999997322]]},"properties":{"OBJECTID":171539,"PedestrianRouteID":220013729,"Location":2,"FeatureType":8,"AliasNameEN":"Escalator","AliasNameTC":"扶手電梯","CrossingFeature":null,"WeatherProof":1,"WheelchairBarrier":1,"WheelchairAccess":2,"ObstaclesType":null,"Gradient":0.42614977999999998,"Direction":-1,"PositionCertainty":1,"Enabled":1,"DataSource":1,"LevelSource":2,"StreetNameEN":null,"StreetNameTC":null,"ST_CODE":null,"FloorID":null,"BuildingID_1":1108226175,"BuildingID_2":null,"SiteID":null,"TerminalID":null,"AccessTimeID":null,"CreationDate":1614441600000,"ModifiedBy":"LANDSD","LastAmendmentDate":1660752000000,"Shape__Length":14.635355063768799}},{"type":"Feature","id":171542,"geometry":{"type":"LineString","coordinates":[[114.16052236781007,22.331955818256059,4.8399999999965075],[114.16051397732572,22.331946565582122,4.8678999999974621]]},"properties":{"OBJECTID":171542,"PedestrianRouteID":220013732,"Location":1,"FeatureType":1,"AliasNameEN":"Cheung Sha Wan Road","AliasNameTC":"長沙灣道","CrossingFeature":null,"WeatherProof":1,"WheelchairBarrier":2,"WheelchairAccess":1,"ObstaclesType":null,"Gradient":0.02081001,"Direction":0,"PositionCertainty":1,"Enabled":1,"DataSource":1,"LevelSource":12,"StreetNameEN":"Cheung Sha Wan Road","StreetNameTC":"長沙灣道","ST_CODE":10206,"FloorID":null,"BuildingID_1":null,"BuildingID_2":null,"SiteID":null,"TerminalID":null,"AccessTimeID":null,"CreationDate":1614441600000,"ModifiedBy":"LANDSD","LastAmendmentDate":1689004800000,"Shape__Length":1.3405075535550577}},{"type":"Feature","id":171543,"geometry":{"type":"LineString","coordinates":[[114.16221695145005,22.33133219075436,4.8236000000033528],[114.16221442359486,22.331334168223663,4.8252000000065891]]},"properties":{"OBJECTID":171543,"PedestrianRouteID":220013733,"Location":1,"FeatureType":1,"AliasNameEN":"Kweilin Street","AliasNameTC":"桂林街","CrossingFeature":null,"WeatherProof":1,"WheelchairBarrier":2,"WheelchairAccess":2,"ObstaclesType":null,"Gradient":0.0047024099999999997,"Direction":0,"PositionCertainty":1,"Enabled":1,"DataSource":1,"LevelSource":2,"StreetNameEN":"Kweilin Street","StreetNameTC":"桂林街","ST_CODE":11114,"FloorID":null,"BuildingID_1":null,"BuildingID_2":null,"SiteID":null,"TerminalID":null,"AccessTimeID":null,"CreationDate":1614441600000,"ModifiedBy":"LANDSD","LastAmendmentDate":1654963200000,"Shape__Length":0.34024867411446746}},{"type":"Feature","id":171544,"geometry":{"type":"LineString","coordinates":[[114.16221442359486,22.331334168223663,4.8252000000065891],[114.16216998516956,22.331368938267936,4.8539000000018859]]},"properties":{"OBJECTID":171544,"PedestrianRouteID":220013734,"Location":1,"FeatureType":1,"AliasNameEN":"Kweilin Street","AliasNameTC":"桂林街","CrossingFeature":null,"WeatherProof":2,"WheelchairBarrier":2,"WheelchairAccess":2,"ObstaclesType":null,"Gradient":0.0047977599999999999,"Direction":0,"PositionCertainty":1,"Enabled":1,"DataSource":1,"LevelSource":2,"StreetNameEN":"Kweilin Street","StreetNameTC":"桂林街","ST_CODE":11114,"FloorID":null,"BuildingID_1":null,"BuildingID_2":null,"SiteID":null,"TerminalID":null,"AccessTimeID":null,"CreationDate":1614441600000,"ModifiedBy":"LANDSD","LastAmendmentDate":1654963200000,"Shape__Length":5.9819083724291575}},{"type":"Feature","id":171545,"geometry":{"type":"LineString","coordinates":[[114.16021539382213,22.32807203523069,4.1245000000053551],[114.16018899339014,22.328092680050762,4.1233000000065658]]},"properties":{"OBJECTID":171545,"PedestrianRouteID":220013735,"Location":1,"FeatureType":1,"AliasNameEN":"Yee Kuk Street","AliasNameTC":"醫局街","CrossingFeature":null,"WeatherProof":1,"WheelchairBarrier":2,"WheelchairAccess":2,"ObstaclesType":null,"Gradient":0.00033774,"Direction":0,"PositionCertainty":1,"Enabled":1,"DataSource":1,"LevelSource":2,"StreetNameEN":"Yee Kuk Street","StreetNameTC":"醫局街","ST_CODE":12844,"FloorID":null,"BuildingID_1":null,"BuildingID_2":null,"SiteID":null,"TerminalID":null,"AccessTimeID":null,"CreationDate":1614441600000,"ModifiedBy":"LANDSD","LastAmendmentDate":1654963200000,"Shape__Length":3.5530056460131427}},{"type":"Feature","id":171546,"geometry":{"type":"LineString","coordinates":[[114.16018899339014,22.328092680050762,4.1233000000065658],[114.16015564045806,22.328118760563232,4.1217999999935273]]},"properties":{"OBJECTID":171546,"PedestrianRouteID":220013736,"Location":1,"FeatureType":1,"AliasNameEN":"Yee Kuk Street","AliasNameTC":"醫局街","CrossingFeature":null,"WeatherProof":1,"WheelchairBarrier":2,"WheelchairAccess":2,"ObstaclesType":null,"Gradient":0.00033418,"Direction":0,"PositionCertainty":1,"Enabled":1,"DataSource":1,"LevelSource":2,"StreetNameEN":"Yee Kuk Street","StreetNameTC":"醫局街","ST_CODE":12844,"FloorID":null,"BuildingID_1":null,"BuildingID_2":null,"SiteID":null,"TerminalID":null,"AccessTimeID":null,"CreationDate":1614441600000,"ModifiedBy":"LANDSD","LastAmendmentDate":1654963200000,"Shape__Length":4.4886051506307894}},{"type":"Feature","id":171547,"geometry":{"type":"LineString","coordinates":[[114.16015564045806,22.328118760563232,4.1217999999935273],[114.16012224577133,22.328144874477612,4.1202999999950407]]},"properties":{"OBJECTID":171547,"PedestrianRouteID":220013737,"Location":1,"FeatureType":1,"AliasNameEN":"Yee Kuk Street","AliasNameTC":"醫局街","CrossingFeature":null,"WeatherProof":1,"WheelchairBarrier":2,"WheelchairAccess":2,"ObstaclesType":null,"Gradient":0.00033376,"Direction":0,"PositionCertainty":1,"Enabled":1,"DataSource":1,"LevelSource":2,"StreetNameEN":"Yee Kuk Street","StreetNameTC":"醫局街","ST_CODE":12844,"FloorID":null,"BuildingID_1":null,"BuildingID_2":null,"SiteID":null,"TerminalID":null,"AccessTimeID":null,"CreationDate":1614441600000,"ModifiedBy":"LANDSD","LastAmendmentDate":1654963200000,"Shape__Length":4.4942775192019697}},{"type":"Feature","id":171548,"geometry":{"type":"LineString","coordinates":[[114.15999748421461,22.328242434324103,4.1147999999957392],[114.15985693419796,22.328352339938522,4.1085000000020955]]},"properties":{"OBJECTID":171548,"PedestrianRouteID":220013738,"Location":1,"FeatureType":1,"AliasNameEN":"Yee Kuk Street","AliasNameTC":"醫局街","CrossingFeature":null,"WeatherProof":1,"WheelchairBarrier":2,"WheelchairAccess":2,"ObstaclesType":null,"Gradient":0.00033306999999999998,"Direction":0,"PositionCertainty":1,"Enabled":1,"DataSource":1,"LevelSource":2,"StreetNameEN":"Yee Kuk Street","StreetNameTC":"醫局街","ST_CODE":12844,"FloorID":null,"BuildingID_1":null,"BuildingID_2":null,"SiteID":null,"TerminalID":null,"AccessTimeID":null,"CreationDate":1614441600000,"ModifiedBy":"LANDSD","LastAmendmentDate":1654963200000,"Shape__Length":18.915193528881051}},{"type":"Feature","id":171549,"geometry":{"type":"LineString","coordinates":[[114.15999791716872,22.32824209572216,4.1147999999957392],[114.15999748421461,22.328242434324103,4.1147999999957392]]},"properties":{"OBJECTID":171549,"PedestrianRouteID":220013739,"Location":1,"FeatureType":1,"AliasNameEN":"Yee Kuk Street","AliasNameTC":"醫局街","CrossingFeature":null,"WeatherProof":2,"WheelchairBarrier":2,"WheelchairAccess":2,"ObstaclesType":null,"Gradient":0,"Direction":0,"PositionCertainty":1,"Enabled":1,"DataSource":1,"LevelSource":2,"StreetNameEN":"Yee Kuk Street","StreetNameTC":"醫局街","ST_CODE":12844,"FloorID":null,"BuildingID_1":null,"BuildingID_2":null,"SiteID":null,"TerminalID":null,"AccessTimeID":null,"CreationDate":1614441600000,"ModifiedBy":"LANDSD","LastAmendmentDate":1654963200000,"Shape__Length":0.058270146953866321}},{"type":"Feature","id":171550,"geometry":{"type":"LineString","coordinates":[[114.16012224577133,22.328144874477612,4.1202999999950407],[114.16010521205912,22.328158194639009,4.1202999999950407]]},"properties":{"OBJECTID":171550,"PedestrianRouteID":220013740,"Location":1,"FeatureType":1,"AliasNameEN":"Yee Kuk Street","AliasNameTC":"醫局街","CrossingFeature":null,"WeatherProof":2,"WheelchairBarrier":2,"WheelchairAccess":2,"ObstaclesType":null,"Gradient":0,"Direction":0,"PositionCertainty":1,"Enabled":1,"DataSource":1,"LevelSource":2,"StreetNameEN":"Yee Kuk Street","StreetNameTC":"醫局街","ST_CODE":12844,"FloorID":null,"BuildingID_1":null,"BuildingID_2":null,"SiteID":null,"TerminalID":null,"AccessTimeID":null,"CreationDate":1614441600000,"ModifiedBy":"LANDSD","LastAmendmentDate":1654963200000,"Shape__Length":2.2924194924347412}},{"type":"Feature","id":171551,"geometry":{"type":"LineString","coordinates":[[114.16010521205912,22.328158194639009,4.1202999999950407],[114.15999791716872,22.32824209572216,4.1147999999957392]]},"properties":{"OBJECTID":171551,"PedestrianRouteID":220013741,"Location":1,"FeatureType":1,"AliasNameEN":"Yee Kuk Street","AliasNameTC":"醫局街","CrossingFeature":null,"WeatherProof":1,"WheelchairBarrier":2,"WheelchairAccess":2,"ObstaclesType":null,"Gradient":0.00038088999999999999,"Direction":0,"PositionCertainty":1,"Enabled":1,"DataSource":1,"LevelSource":2,"StreetNameEN":"Yee Kuk Street","StreetNameTC":"醫局街","ST_CODE":12844,"FloorID":null,"BuildingID_1":null,"BuildingID_2":null,"SiteID":null,"TerminalID":null,"AccessTimeID":null,"CreationDate":1614441600000,"ModifiedBy":"LANDSD","LastAmendmentDate":1654963200000,"Shape__Length":14.439724784696136}},{"type":"Feature","id":171552,"geometry":{"type":"LineString","coordinates":[[114.16037411395429,22.329517924633393,4.1711999999970431],[114.16035354342797,22.329494447543262,4.1689999999944121]]},"properties":{"OBJECTID":171552,"PedestrianRouteID":220013742,"Location":1,"FeatureType":1,"AliasNameEN":"Tai Nan Street","AliasNameTC":"大南街","CrossingFeature":null,"WeatherProof":2,"WheelchairBarrier":2,"WheelchairAccess":2,"ObstaclesType":null,"Gradient":0.00065592000000000005,"Direction":0,"PositionCertainty":1,"Enabled":1,"DataSource":1,"LevelSource":2,"StreetNameEN":"Tai Nan Street","StreetNameTC":"大南街","ST_CODE":12239,"FloorID":null,"BuildingID_1":null,"BuildingID_2":null,"SiteID":null,"TerminalID":null,"AccessTimeID":null,"CreationDate":1614441600000,"ModifiedBy":"LANDSD","LastAmendmentDate":1654963200000,"Shape__Length":3.3540543374634724}},{"type":"Feature","id":171553,"geometry":{"type":"LineString","coordinates":[[114.16038065828512,22.329525392686698,4.174299999998766],[114.16037411395429,22.329517924633393,4.1711999999970431]]},"properties":{"OBJECTID":171553,"PedestrianRouteID":220013743,"Location":1,"FeatureType":1,"AliasNameEN":"Tai Nan Street","AliasNameTC":"大南街","CrossingFeature":null,"WeatherProof":1,"WheelchairBarrier":2,"WheelchairAccess":2,"ObstaclesType":null,"Gradient":0.0029053899999999999,"Direction":0,"PositionCertainty":1,"Enabled":1,"DataSource":1,"LevelSource":2,"StreetNameEN":"Tai Nan Street","StreetNameTC":"大南街","ST_CODE":12239,"FloorID":null,"BuildingID_1":null,"BuildingID_2":null,"SiteID":null,"TerminalID":null,"AccessTimeID":null,"CreationDate":1614441600000,"ModifiedBy":"LANDSD","LastAmendmentDate":1654963200000,"Shape__Length":1.0669789593461423}},{"type":"Feature","id":171554,"geometry":{"type":"LineString","coordinates":[[114.16030836593711,22.329442887346239,4.1337000000057742],[114.16028908624499,22.32942088417046,4.1318000000028405]]},"properties":{"OBJECTID":171554,"PedestrianRouteID":220013744,"Location":1,"FeatureType":1,"AliasNameEN":"Tai Nan Street","AliasNameTC":"大南街","CrossingFeature":null,"WeatherProof":2,"WheelchairBarrier":2,"WheelchairAccess":2,"ObstaclesType":null,"Gradient":0.00060442000000000004,"Direction":0,"PositionCertainty":1,"Enabled":1,"DataSource":1,"LevelSource":2,"StreetNameEN":"Tai Nan Street","StreetNameTC":"大南街","ST_CODE":12239,"FloorID":null,"BuildingID_1":null,"BuildingID_2":null,"SiteID":null,"TerminalID":null,"AccessTimeID":null,"CreationDate":1614441600000,"ModifiedBy":"LANDSD","LastAmendmentDate":1654963200000,"Shape__Length":3.1435234897149393}},{"type":"Feature","id":171555,"geometry":{"type":"LineString","coordinates":[[114.16028908624499,22.32942088417046,4.1318000000028405],[114.16028300681045,22.329413946256036,4.1290000000008149]]},"properties":{"OBJECTID":171555,"PedestrianRouteID":220013745,"Location":1,"FeatureType":1,"AliasNameEN":"Tai Nan Street","AliasNameTC":"大南街","CrossingFeature":null,"WeatherProof":1,"WheelchairBarrier":2,"WheelchairAccess":2,"ObstaclesType":null,"Gradient":0.0028248100000000001,"Direction":0,"PositionCertainty":1,"Enabled":1,"DataSource":1,"LevelSource":2,"StreetNameEN":"Tai Nan Street","StreetNameTC":"大南街","ST_CODE":12239,"FloorID":null,"BuildingID_1":null,"BuildingID_2":null,"SiteID":null,"TerminalID":null,"AccessTimeID":null,"CreationDate":1614441600000,"ModifiedBy":"LANDSD","LastAmendmentDate":1654963200000,"Shape__Length":0.9912155172666175}},{"type":"Feature","id":171556,"geometry":{"type":"LineString","coordinates":[[114.16420878125076,22.329999427992338,5.1579000000056112],[114.16421037881311,22.330001215269025,5.1579000000056112]]},"properties":{"OBJECTID":171556,"PedestrianRouteID":220013746,"Location":1,"FeatureType":1,"AliasNameEN":"Nam Cheong Street","AliasNameTC":"南昌街","CrossingFeature":null,"WeatherProof":1,"WheelchairBarrier":2,"WheelchairAccess":2,"ObstaclesType":null,"Gradient":0,"Direction":0,"PositionCertainty":1,"Enabled":1,"DataSource":1,"LevelSource":12,"StreetNameEN":"Nam Cheong Street","StreetNameTC":"南昌街","ST_CODE":11487,"FloorID":null,"BuildingID_1":null,"BuildingID_2":null,"SiteID":null,"TerminalID":null,"AccessTimeID":null,"CreationDate":1614441600000,"ModifiedBy":"LANDSD","LastAmendmentDate":1689004800000,"Shape__Length":0.25740545897316319}},{"type":"Feature","id":171557,"geometry":{"type":"LineString","coordinates":[[114.16421037881311,22.330001215269025,5.1579000000056112],[114.16421576549396,22.330007206576784,5.1796999999933178]]},"properties":{"OBJECTID":171557,"PedestrianRouteID":220013747,"Location":1,"FeatureType":1,"AliasNameEN":"Nam Cheong Street","AliasNameTC":"南昌街","CrossingFeature":null,"WeatherProof":2,"WheelchairBarrier":2,"WheelchairAccess":2,"ObstaclesType":null,"Gradient":0,"Direction":0,"PositionCertainty":1,"Enabled":1,"DataSource":1,"LevelSource":2,"StreetNameEN":"Nam Cheong Street","StreetNameTC":"南昌街","ST_CODE":11487,"FloorID":null,"BuildingID_1":null,"BuildingID_2":null,"SiteID":null,"TerminalID":null,"AccessTimeID":null,"CreationDate":1614441600000,"ModifiedBy":"LANDSD","LastAmendmentDate":1689004800000,"Shape__Length":0.86494194002706914}},{"type":"Feature","id":171558,"geometry":{"type":"LineString","coordinates":[[114.16162072295258,22.32903429070873,4.2954000000027008],[114.1616237303208,22.329031959294255,4.2975000000005821]]},"properties":{"OBJECTID":171558,"PedestrianRouteID":220013748,"Location":1,"FeatureType":1,"AliasNameEN":"Pei Ho Street","AliasNameTC":"北河街","CrossingFeature":null,"WeatherProof":1,"WheelchairBarrier":2,"WheelchairAccess":2,"ObstaclesType":null,"Gradient":0.00520712,"Direction":0,"PositionCertainty":1,"Enabled":1,"DataSource":1,"LevelSource":2,"StreetNameEN":"Pei Ho Street","StreetNameTC":"北河街","ST_CODE":11675,"FloorID":null,"BuildingID_1":null,"BuildingID_2":null,"SiteID":null,"TerminalID":null,"AccessTimeID":null,"CreationDate":1614441600000,"ModifiedBy":"LANDSD","LastAmendmentDate":1654963200000,"Shape__Length":0.40329056531673896}},{"type":"Feature","id":171559,"geometry":{"type":"LineString","coordinates":[[114.16159156661912,22.329056895132776,4.2701999999990221],[114.16162072295258,22.32903429070873,4.2954000000027008]]},"properties":{"OBJECTID":171559,"PedestrianRouteID":220013749,"Location":1,"FeatureType":1,"AliasNameEN":"Pei Ho Street","AliasNameTC":"北河街","CrossingFeature":null,"WeatherProof":2,"WheelchairBarrier":2,"WheelchairAccess":2,"ObstaclesType":null,"Gradient":0.0012020500000000001,"Direction":0,"PositionCertainty":1,"Enabled":1,"DataSource":1,"LevelSource":2,"StreetNameEN":"Pei Ho Street","StreetNameTC":"北河街","ST_CODE":11675,"FloorID":null,"BuildingID_1":null,"BuildingID_2":null,"SiteID":null,"TerminalID":null,"AccessTimeID":null,"CreationDate":1614441600000,"ModifiedBy":"LANDSD","LastAmendmentDate":1732636800000,"Shape__Length":3.9099902566261826}},{"type":"Feature","id":171560,"geometry":{"type":"LineString","coordinates":[[114.16383215770489,22.331807756814367,5.9128999999957159],[114.16382792985209,22.331802999165429,5.9103999999933876]]},"properties":{"OBJECTID":171560,"PedestrianRouteID":220013750,"Location":1,"FeatureType":1,"AliasNameEN":"Un Chau Street","AliasNameTC":"元州街","CrossingFeature":null,"WeatherProof":2,"WheelchairBarrier":2,"WheelchairAccess":2,"ObstaclesType":null,"Gradient":0.0036572599999999999,"Direction":0,"PositionCertainty":1,"Enabled":1,"DataSource":1,"LevelSource":2,"StreetNameEN":"Un Chau Street","StreetNameTC":"元州街","ST_CODE":12556,"FloorID":null,"BuildingID_1":null,"BuildingID_2":null,"SiteID":null,"TerminalID":null,"AccessTimeID":null,"CreationDate":1614441600000,"ModifiedBy":"LANDSD","LastAmendmentDate":1654963200000,"Shape__Length":0.68356828529581104}},{"type":"Feature","id":171561,"geometry":{"type":"LineString","coordinates":[[114.16382792985209,22.331802999165429,5.9103999999933876],[114.1638222713626,22.331796632152102,5.9070999999967171]]},"properties":{"OBJECTID":171561,"PedestrianRouteID":220013751,"Location":1,"FeatureType":1,"AliasNameEN":"Un Chau Street","AliasNameTC":"元州街","CrossingFeature":null,"WeatherProof":1,"WheelchairBarrier":2,"WheelchairAccess":2,"ObstaclesType":null,"Gradient":0.00360721,"Direction":0,"PositionCertainty":1,"Enabled":1,"DataSource":1,"LevelSource":2,"StreetNameEN":"Un Chau Street","StreetNameTC":"元州街","ST_CODE":12556,"FloorID":null,"BuildingID_1":null,"BuildingID_2":null,"SiteID":null,"TerminalID":null,"AccessTimeID":null,"CreationDate":1614441600000,"ModifiedBy":"LANDSD","LastAmendmentDate":1654963200000,"Shape__Length":0.9148300386844388}},{"type":"Feature","id":171564,"geometry":{"type":"LineString","coordinates":[[114.16122730873241,22.33070500680844,4.4956999999994878],[114.1612866502275,22.330658982732778,4.3315000000002328]]},"properties":{"OBJECTID":171564,"PedestrianRouteID":220013754,"Location":1,"FeatureType":1,"AliasNameEN":"Apliu Street","AliasNameTC":"鴨寮街","CrossingFeature":null,"WeatherProof":2,"WheelchairBarrier":2,"WheelchairAccess":2,"ObstaclesType":null,"Gradient":0.0021735999999999999,"Direction":0,"PositionCertainty":1,"Enabled":1,"DataSource":1,"LevelSource":2,"StreetNameEN":"Apliu Street","StreetNameTC":"鴨寮街","ST_CODE":10025,"FloorID":null,"BuildingID_1":null,"BuildingID_2":null,"SiteID":null,"TerminalID":null,"AccessTimeID":null,"CreationDate":1614441600000,"ModifiedBy":"LANDSD","LastAmendmentDate":1689004800000,"Shape__Length":7.9591441015505895}},{"type":"Feature","id":171565,"geometry":{"type":"LineString","coordinates":[[114.1612866502275,22.330658982732778,4.3315000000002328],[114.16133787226732,22.330619256689932,4.3304999999963911],[114.16136564075879,22.330597953490447,4.4103000000031898]]},"properties":{"OBJECTID":171565,"PedestrianRouteID":220013755,"Location":1,"FeatureType":1,"AliasNameEN":"Apliu Street","AliasNameTC":"鴨寮街","CrossingFeature":null,"WeatherProof":1,"WheelchairBarrier":2,"WheelchairAccess":2,"ObstaclesType":null,"Gradient":0.00744928,"Direction":0,"PositionCertainty":1,"Enabled":1,"DataSource":1,"LevelSource":12,"StreetNameEN":"Apliu Street","StreetNameTC":"鴨寮街","ST_CODE":10025,"FloorID":null,"BuildingID_1":null,"BuildingID_2":null,"SiteID":null,"TerminalID":null,"AccessTimeID":null,"CreationDate":1614441600000,"ModifiedBy":"LANDSD","LastAmendmentDate":1689004800000,"Shape__Length":10.578006737153036}},{"type":"Feature","id":171566,"geometry":{"type":"LineString","coordinates":[[114.16091614148505,22.331559622623736,4.7216999999945983],[114.16094900385261,22.331534224629994,4.8107000000018161]]},"properties":{"OBJECTID":171566,"PedestrianRouteID":220013756,"Location":1,"FeatureType":1,"AliasNameEN":"Yen Chow Street","AliasNameTC":"欽州街","CrossingFeature":null,"WeatherProof":2,"WheelchairBarrier":2,"WheelchairAccess":2,"ObstaclesType":null,"Gradient":0.020218549999999998,"Direction":0,"PositionCertainty":1,"Enabled":1,"DataSource":1,"LevelSource":12,"StreetNameEN":"Yen Chow Street","StreetNameTC":"欽州街","ST_CODE":12852,"FloorID":null,"BuildingID_1":null,"BuildingID_2":null,"SiteID":null,"TerminalID":null,"AccessTimeID":null,"CreationDate":1614441600000,"ModifiedBy":"LANDSD","LastAmendmentDate":1732636800000,"Shape__Length":4.4012978635622995}},{"type":"Feature","id":171567,"geometry":{"type":"LineString","coordinates":[[114.16072500419774,22.329906820382934,4.313399999999092],[114.16070244001025,22.329881521671535,4.316900000005262]]},"properties":{"OBJECTID":171567,"PedestrianRouteID":220013757,"Location":1,"FeatureType":1,"AliasNameEN":"Ki Lung Street","AliasNameTC":"基隆街","CrossingFeature":null,"WeatherProof":2,"WheelchairBarrier":2,"WheelchairAccess":2,"ObstaclesType":null,"Gradient":0.00096146000000000003,"Direction":0,"PositionCertainty":1,"Enabled":1,"DataSource":1,"LevelSource":2,"StreetNameEN":"Ki Lung Street","StreetNameTC":"基隆街","ST_CODE":10989,"FloorID":null,"BuildingID_1":null,"BuildingID_2":null,"SiteID":null,"TerminalID":null,"AccessTimeID":null,"CreationDate":1614441600000,"ModifiedBy":"LANDSD","LastAmendmentDate":1654963200000,"Shape__Length":3.6403133725703518}},{"type":"Feature","id":171568,"geometry":{"type":"LineString","coordinates":[[114.16073073817559,22.329913248921208,4.3092999999935273],[114.16072500419774,22.329906820382934,4.313399999999092]]},"properties":{"OBJECTID":171568,"PedestrianRouteID":220013758,"Location":1,"FeatureType":1,"AliasNameEN":"Ki Lung Street","AliasNameTC":"基隆街","CrossingFeature":null,"WeatherProof":1,"WheelchairBarrier":2,"WheelchairAccess":2,"ObstaclesType":null,"Gradient":0.0044321999999999999,"Direction":0,"PositionCertainty":1,"Enabled":1,"DataSource":1,"LevelSource":2,"StreetNameEN":"Ki Lung Street","StreetNameTC":"基隆街","ST_CODE":10989,"FloorID":null,"BuildingID_1":null,"BuildingID_2":null,"SiteID":null,"TerminalID":null,"AccessTimeID":null,"CreationDate":1614441600000,"ModifiedBy":"LANDSD","LastAmendmentDate":1654963200000,"Shape__Length":0.92504263685007693}},{"type":"Feature","id":171569,"geometry":{"type":"LineString","coordinates":[[114.16063973705964,22.329811217753285,4.3747000000003027],[114.16063424475549,22.329805059250273,4.3787000000011176]]},"properties":{"OBJECTID":171569,"PedestrianRouteID":220013759,"Location":1,"FeatureType":1,"AliasNameEN":"Ki Lung Street","AliasNameTC":"基隆街","CrossingFeature":null,"WeatherProof":1,"WheelchairBarrier":2,"WheelchairAccess":2,"ObstaclesType":null,"Gradient":0.00451397,"Direction":0,"PositionCertainty":1,"Enabled":1,"DataSource":1,"LevelSource":2,"StreetNameEN":"Ki Lung Street","StreetNameTC":"基隆街","ST_CODE":10989,"FloorID":null,"BuildingID_1":null,"BuildingID_2":null,"SiteID":null,"TerminalID":null,"AccessTimeID":null,"CreationDate":1614441600000,"ModifiedBy":"LANDSD","LastAmendmentDate":1654963200000,"Shape__Length":0.88613228194998506}},{"type":"Feature","id":171570,"geometry":{"type":"LineString","coordinates":[[114.16066185962715,22.329836021553636,4.3588000000017928],[114.16063973705964,22.329811217753285,4.3747000000003027]]},"properties":{"OBJECTID":171570,"PedestrianRouteID":220013760,"Location":1,"FeatureType":1,"AliasNameEN":"Ki Lung Street","AliasNameTC":"基隆街","CrossingFeature":null,"WeatherProof":2,"WheelchairBarrier":2,"WheelchairAccess":2,"ObstaclesType":null,"Gradient":0.0044548900000000004,"Direction":0,"PositionCertainty":1,"Enabled":1,"DataSource":1,"LevelSource":2,"StreetNameEN":"Ki Lung Street","StreetNameTC":"基隆街","ST_CODE":10989,"FloorID":null,"BuildingID_1":null,"BuildingID_2":null,"SiteID":null,"TerminalID":null,"AccessTimeID":null,"CreationDate":1614441600000,"ModifiedBy":"LANDSD","LastAmendmentDate":1654963200000,"Shape__Length":3.569086342502986}},{"type":"Feature","id":171575,"geometry":{"type":"LineString","coordinates":[[114.16074320655804,22.32990363529807,4.3601000000053318],[114.16077854194364,22.329877281240286,4.3764999999984866]]},"properties":{"OBJECTID":171575,"PedestrianRouteID":220013765,"Location":1,"FeatureType":1,"AliasNameEN":"Kweilin Street","AliasNameTC":"桂林街","CrossingFeature":null,"WeatherProof":1,"WheelchairBarrier":2,"WheelchairAccess":2,"ObstaclesType":null,"Gradient":0.0035150300000000002,"Direction":0,"PositionCertainty":1,"Enabled":1,"DataSource":1,"LevelSource":12,"StreetNameEN":"Kweilin Street","StreetNameTC":"桂林街","ST_CODE":11114,"FloorID":null,"BuildingID_1":null,"BuildingID_2":null,"SiteID":null,"TerminalID":null,"AccessTimeID":null,"CreationDate":1614441600000,"ModifiedBy":"LANDSD","LastAmendmentDate":1689004800000,"Shape__Length":4.6656628349187752}},{"type":"Feature","id":171576,"geometry":{"type":"LineString","coordinates":[[114.16082704087711,22.329839640246785,4.349499999996624],[114.16086034558514,22.32981334196004,4.3782000000064727]]},"properties":{"OBJECTID":171576,"PedestrianRouteID":220013766,"Location":1,"FeatureType":1,"AliasNameEN":"Kweilin Street","AliasNameTC":"桂林街","CrossingFeature":null,"WeatherProof":1,"WheelchairBarrier":2,"WheelchairAccess":2,"ObstaclesType":null,"Gradient":0.0063327699999999997,"Direction":0,"PositionCertainty":1,"Enabled":1,"DataSource":1,"LevelSource":2,"StreetNameEN":"Kweilin Street","StreetNameTC":"桂林街","ST_CODE":11114,"FloorID":null,"BuildingID_1":null,"BuildingID_2":null,"SiteID":null,"TerminalID":null,"AccessTimeID":null,"CreationDate":1614441600000,"ModifiedBy":"LANDSD","LastAmendmentDate":1690819200000,"Shape__Length":4.5003383083098329}},{"type":"Feature","id":171577,"geometry":{"type":"LineString","coordinates":[[114.16384665775718,22.330454957945001,5.450700000001234],[114.16375544378168,22.33052573773174,5.4615999999950873]]},"properties":{"OBJECTID":171577,"PedestrianRouteID":220013767,"Location":1,"FeatureType":1,"AliasNameEN":"Fuk Wa Street","AliasNameTC":"福華街","CrossingFeature":null,"WeatherProof":2,"WheelchairBarrier":2,"WheelchairAccess":2,"ObstaclesType":null,"Gradient":0.00089077000000000004,"Direction":0,"PositionCertainty":1,"Enabled":1,"DataSource":1,"LevelSource":2,"StreetNameEN":"Fuk Wa Street","StreetNameTC":"福華街","ST_CODE":10560,"FloorID":null,"BuildingID_1":null,"BuildingID_2":null,"SiteID":null,"TerminalID":null,"AccessTimeID":null,"CreationDate":1614441600000,"ModifiedBy":"LANDSD","LastAmendmentDate":1654963200000,"Shape__Length":12.236588726371048}},{"type":"Feature","id":171578,"geometry":{"type":"LineString","coordinates":[[114.16375544378168,22.33052573773174,5.4615999999950873],[114.16345586585254,22.330758201099151,5.4971999999979744]]},"properties":{"OBJECTID":171578,"PedestrianRouteID":220013768,"Location":1,"FeatureType":1,"AliasNameEN":"Fuk Wa Street","AliasNameTC":"福華街","CrossingFeature":null,"WeatherProof":1,"WheelchairBarrier":2,"WheelchairAccess":2,"ObstaclesType":null,"Gradient":0.00088581,"Direction":0,"PositionCertainty":1,"Enabled":1,"DataSource":1,"LevelSource":2,"StreetNameEN":"Fuk Wa Street","StreetNameTC":"福華街","ST_CODE":10560,"FloorID":null,"BuildingID_1":null,"BuildingID_2":null,"SiteID":null,"TerminalID":null,"AccessTimeID":null,"CreationDate":1614441600000,"ModifiedBy":"LANDSD","LastAmendmentDate":1654963200000,"Shape__Length":40.189002384070214}},{"type":"Feature","id":171579,"geometry":{"type":"LineString","coordinates":[[114.16334359497623,22.330845363999394,5.4199999999982538],[114.16328862632282,22.330888074066372,5.3779999999969732]]},"properties":{"OBJECTID":171579,"PedestrianRouteID":220013769,"Location":1,"FeatureType":1,"AliasNameEN":"Fuk Wa Street","AliasNameTC":"福華街","CrossingFeature":null,"WeatherProof":1,"WheelchairBarrier":2,"WheelchairAccess":2,"ObstaclesType":null,"Gradient":0.00569244,"Direction":0,"PositionCertainty":1,"Enabled":1,"DataSource":1,"LevelSource":12,"StreetNameEN":"Fuk Wa Street","StreetNameTC":"福華街","ST_CODE":10560,"FloorID":null,"BuildingID_1":null,"BuildingID_2":null,"SiteID":null,"TerminalID":null,"AccessTimeID":null,"CreationDate":1614441600000,"ModifiedBy":"LANDSD","LastAmendmentDate":1689004800000,"Shape__Length":7.3781302686085244}},{"type":"Feature","id":171580,"geometry":{"type":"LineString","coordinates":[[114.16345586585254,22.330758201099151,5.4971999999979744],[114.16345288468767,22.330760514488116,5.4971999999979744]]},"properties":{"OBJECTID":171580,"PedestrianRouteID":220013770,"Location":1,"FeatureType":1,"AliasNameEN":"Fuk Wa Street","AliasNameTC":"福華街","CrossingFeature":null,"WeatherProof":2,"WheelchairBarrier":2,"WheelchairAccess":2,"ObstaclesType":null,"Gradient":0,"Direction":0,"PositionCertainty":1,"Enabled":1,"DataSource":1,"LevelSource":2,"StreetNameEN":"Fuk Wa Street","StreetNameTC":"福華街","ST_CODE":10560,"FloorID":null,"BuildingID_1":null,"BuildingID_2":null,"SiteID":null,"TerminalID":null,"AccessTimeID":null,"CreationDate":1614441600000,"ModifiedBy":"LANDSD","LastAmendmentDate":1654963200000,"Shape__Length":0.39993605769399659}},{"type":"Feature","id":171581,"geometry":{"type":"LineString","coordinates":[[114.16345288468767,22.330760514488116,5.4971999999979744],[114.16338547402985,22.330812823069177,5.5056000000040513]]},"properties":{"OBJECTID":171581,"PedestrianRouteID":220013771,"Location":1,"FeatureType":1,"AliasNameEN":"Fuk Wa Street","AliasNameTC":"福華街","CrossingFeature":null,"WeatherProof":1,"WheelchairBarrier":2,"WheelchairAccess":2,"ObstaclesType":null,"Gradient":0.00092887000000000004,"Direction":0,"PositionCertainty":1,"Enabled":1,"DataSource":1,"LevelSource":2,"StreetNameEN":"Fuk Wa Street","StreetNameTC":"福華街","ST_CODE":10560,"FloorID":null,"BuildingID_1":null,"BuildingID_2":null,"SiteID":null,"TerminalID":null,"AccessTimeID":null,"CreationDate":1614441600000,"ModifiedBy":"LANDSD","LastAmendmentDate":1654963200000,"Shape__Length":9.0432716774673221}},{"type":"Feature","id":171582,"geometry":{"type":"LineString","coordinates":[[114.16390157170424,22.330412346115303,5.4441999999980908],[114.16389098381558,22.330420562196949,5.4455000000016298]]},"properties":{"OBJECTID":171582,"PedestrianRouteID":220013772,"Location":1,"FeatureType":1,"AliasNameEN":"Fuk Wa Street","AliasNameTC":"福華街","CrossingFeature":null,"WeatherProof":2,"WheelchairBarrier":2,"WheelchairAccess":2,"ObstaclesType":null,"Gradient":0.00091522999999999995,"Direction":0,"PositionCertainty":1,"Enabled":1,"DataSource":1,"LevelSource":2,"StreetNameEN":"Fuk Wa Street","StreetNameTC":"福華街","ST_CODE":10560,"FloorID":null,"BuildingID_1":null,"BuildingID_2":null,"SiteID":null,"TerminalID":null,"AccessTimeID":null,"CreationDate":1614441600000,"ModifiedBy":"LANDSD","LastAmendmentDate":1654963200000,"Shape__Length":1.4204029363967454}},{"type":"Feature","id":171583,"geometry":{"type":"LineString","coordinates":[[114.16389098381558,22.330420562196949,5.4455000000016298],[114.16384665775718,22.330454957945001,5.450700000001234]]},"properties":{"OBJECTID":171583,"PedestrianRouteID":220013773,"Location":1,"FeatureType":1,"AliasNameEN":"Fuk Wa Street","AliasNameTC":"福華街","CrossingFeature":null,"WeatherProof":1,"WheelchairBarrier":2,"WheelchairAccess":2,"ObstaclesType":null,"Gradient":0.00087447000000000002,"Direction":0,"PositionCertainty":1,"Enabled":1,"DataSource":1,"LevelSource":2,"StreetNameEN":"Fuk Wa Street","StreetNameTC":"福華街","ST_CODE":10560,"FloorID":null,"BuildingID_1":null,"BuildingID_2":null,"SiteID":null,"TerminalID":null,"AccessTimeID":null,"CreationDate":1614441600000,"ModifiedBy":"LANDSD","LastAmendmentDate":1655049600000,"Shape__Length":5.9464432288358333}},{"type":"Feature","id":171584,"geometry":{"type":"LineString","coordinates":[[114.16073556083715,22.331263642856946,4.5947000000014668],[114.16073122245257,22.331258848993663,4.5884999999980209]]},"properties":{"OBJECTID":171584,"PedestrianRouteID":220013774,"Location":1,"FeatureType":1,"AliasNameEN":"Apliu Street","AliasNameTC":"鴨寮街","CrossingFeature":null,"WeatherProof":1,"WheelchairBarrier":2,"WheelchairAccess":2,"ObstaclesType":null,"Gradient":0.0089342099999999997,"Direction":0,"PositionCertainty":1,"Enabled":1,"DataSource":1,"LevelSource":2,"StreetNameEN":"Apliu Street","StreetNameTC":"鴨寮街","ST_CODE":10025,"FloorID":null,"BuildingID_1":null,"BuildingID_2":null,"SiteID":null,"TerminalID":null,"AccessTimeID":null,"CreationDate":1614441600000,"ModifiedBy":"LANDSD","LastAmendmentDate":1655049600000,"Shape__Length":0.69394354204771791}},{"type":"Feature","id":171585,"geometry":{"type":"LineString","coordinates":[[114.16073122245257,22.331258848993663,4.5884999999980209],[114.16070084891636,22.331225282916357,4.5448000000033062]]},"properties":{"OBJECTID":171585,"PedestrianRouteID":220013775,"Location":1,"FeatureType":1,"AliasNameEN":"Apliu Street","AliasNameTC":"鴨寮街","CrossingFeature":null,"WeatherProof":2,"WheelchairBarrier":2,"WheelchairAccess":2,"ObstaclesType":null,"Gradient":0.0089939500000000006,"Direction":0,"PositionCertainty":1,"Enabled":1,"DataSource":1,"LevelSource":2,"StreetNameEN":"Apliu Street","StreetNameTC":"鴨寮街","ST_CODE":10025,"FloorID":null,"BuildingID_1":null,"BuildingID_2":null,"SiteID":null,"TerminalID":null,"AccessTimeID":null,"CreationDate":1614441600000,"ModifiedBy":"LANDSD","LastAmendmentDate":1655049600000,"Shape__Length":4.8586917787941735}},{"type":"Feature","id":171586,"geometry":{"type":"LineString","coordinates":[[114.16064625423199,22.331164951386281,4.4664000000047963],[114.16064131313927,22.331159491003465,4.4593000000022585]]},"properties":{"OBJECTID":171586,"PedestrianRouteID":220013776,"Location":1,"FeatureType":1,"AliasNameEN":"Apliu Street","AliasNameTC":"鴨寮街","CrossingFeature":null,"WeatherProof":1,"WheelchairBarrier":2,"WheelchairAccess":2,"ObstaclesType":null,"Gradient":0.0089826100000000002,"Direction":0,"PositionCertainty":1,"Enabled":1,"DataSource":1,"LevelSource":2,"StreetNameEN":"Apliu Street","StreetNameTC":"鴨寮街","ST_CODE":10025,"FloorID":null,"BuildingID_1":null,"BuildingID_2":null,"SiteID":null,"TerminalID":null,"AccessTimeID":null,"CreationDate":1614441600000,"ModifiedBy":"LANDSD","LastAmendmentDate":1655049600000,"Shape__Length":0.79039482016459583}},{"type":"Feature","id":171587,"geometry":{"type":"LineString","coordinates":[[114.16066605742893,22.331186836266628,4.4948000000003958],[114.16064625423199,22.331164951386281,4.4664000000047963]]},"properties":{"OBJECTID":171587,"PedestrianRouteID":220013777,"Location":1,"FeatureType":1,"AliasNameEN":"Apliu Street","AliasNameTC":"鴨寮街","CrossingFeature":null,"WeatherProof":2,"WheelchairBarrier":2,"WheelchairAccess":2,"ObstaclesType":null,"Gradient":0.0089648899999999997,"Direction":0,"PositionCertainty":1,"Enabled":1,"DataSource":1,"LevelSource":2,"StreetNameEN":"Apliu Street","StreetNameTC":"鴨寮街","ST_CODE":10025,"FloorID":null,"BuildingID_1":null,"BuildingID_2":null,"SiteID":null,"TerminalID":null,"AccessTimeID":null,"CreationDate":1614441600000,"ModifiedBy":"LANDSD","LastAmendmentDate":1655049600000,"Shape__Length":3.1678273925085554}},{"type":"Feature","id":171591,"geometry":{"type":"LineString","coordinates":[[114.16386012390453,22.328155694864225,4.9311000000016065],[114.16385972597573,22.32815525413988,4.9311000000016065]]},"properties":{"OBJECTID":171591,"PedestrianRouteID":220013781,"Location":1,"FeatureType":1,"AliasNameEN":"Yu Chau Street","AliasNameTC":"汝州街","CrossingFeature":null,"WeatherProof":2,"WheelchairBarrier":2,"WheelchairAccess":2,"ObstaclesType":null,"Gradient":0,"Direction":0,"PositionCertainty":1,"Enabled":1,"DataSource":1,"LevelSource":2,"StreetNameEN":"Yu Chau Street","StreetNameTC":"汝州街","ST_CODE":12888,"FloorID":null,"BuildingID_1":null,"BuildingID_2":null,"SiteID":null,"TerminalID":null,"AccessTimeID":null,"CreationDate":1614441600000,"ModifiedBy":"LANDSD","LastAmendmentDate":1655049600000,"Shape__Length":0.063737272647803628}},{"type":"Feature","id":171592,"geometry":{"type":"LineString","coordinates":[[114.16386816594883,22.328164604179186,4.9377999999996973],[114.16386012390453,22.328155694864225,4.9311000000016065]]},"properties":{"OBJECTID":171592,"PedestrianRouteID":220013782,"Location":1,"FeatureType":1,"AliasNameEN":"Yu Chau Street","AliasNameTC":"汝州街","CrossingFeature":null,"WeatherProof":1,"WheelchairBarrier":2,"WheelchairAccess":2,"ObstaclesType":null,"Gradient":0.00520054,"Direction":0,"PositionCertainty":1,"Enabled":1,"DataSource":1,"LevelSource":2,"StreetNameEN":"Yu Chau Street","StreetNameTC":"汝州街","ST_CODE":12888,"FloorID":null,"BuildingID_1":null,"BuildingID_2":null,"SiteID":null,"TerminalID":null,"AccessTimeID":null,"CreationDate":1614441600000,"ModifiedBy":"LANDSD","LastAmendmentDate":1655049600000,"Shape__Length":1.2883168129699707}},{"type":"Feature","id":171593,"geometry":{"type":"LineString","coordinates":[[114.16152741558071,22.332081153262276,5.0914999999949941],[114.16152084388321,22.332073752081218,5.0673999999999069]]},"properties":{"OBJECTID":171593,"PedestrianRouteID":220013783,"Location":1,"FeatureType":1,"AliasNameEN":"Fuk Wa Street","AliasNameTC":"福華街","CrossingFeature":null,"WeatherProof":1,"WheelchairBarrier":2,"WheelchairAccess":2,"ObstaclesType":null,"Gradient":0.0069610799999999997,"Direction":0,"PositionCertainty":1,"Enabled":1,"DataSource":1,"LevelSource":2,"StreetNameEN":"Fuk Wa Street","StreetNameTC":"福華街","ST_CODE":10560,"FloorID":null,"BuildingID_1":null,"BuildingID_2":null,"SiteID":null,"TerminalID":null,"AccessTimeID":null,"CreationDate":1614441600000,"ModifiedBy":"LANDSD","LastAmendmentDate":1689004800000,"Shape__Length":1.0630355867934786}},{"type":"Feature","id":171594,"geometry":{"type":"LineString","coordinates":[[114.16154736264258,22.332103617809459,5.114000000001397],[114.16152741558071,22.332081153262276,5.0914999999949941]]},"properties":{"OBJECTID":171594,"PedestrianRouteID":220013784,"Location":1,"FeatureType":1,"AliasNameEN":"Fuk Wa Street","AliasNameTC":"福華街","CrossingFeature":null,"WeatherProof":2,"WheelchairBarrier":2,"WheelchairAccess":2,"ObstaclesType":null,"Gradient":0.00697315,"Direction":0,"PositionCertainty":1,"Enabled":1,"DataSource":1,"LevelSource":2,"StreetNameEN":"Fuk Wa Street","StreetNameTC":"福華街","ST_CODE":10560,"FloorID":null,"BuildingID_1":null,"BuildingID_2":null,"SiteID":null,"TerminalID":null,"AccessTimeID":null,"CreationDate":1614441600000,"ModifiedBy":"LANDSD","LastAmendmentDate":1655049600000,"Shape__Length":3.2266090258595352}},{"type":"Feature","id":171597,"geometry":{"type":"LineString","coordinates":[[114.16408968210742,22.32867246748398,5.0185000000055879],[114.16408652486449,22.328668974205897,5.0172000000020489]]},"properties":{"OBJECTID":171597,"PedestrianRouteID":220013787,"Location":1,"FeatureType":1,"AliasNameEN":"Apliu Street","AliasNameTC":"鴨寮街","CrossingFeature":null,"WeatherProof":1,"WheelchairBarrier":2,"WheelchairAccess":2,"ObstaclesType":null,"Gradient":0.0025721899999999998,"Direction":0,"PositionCertainty":1,"Enabled":1,"DataSource":1,"LevelSource":2,"StreetNameEN":"Apliu Street","StreetNameTC":"鴨寮街","ST_CODE":10025,"FloorID":null,"BuildingID_1":null,"BuildingID_2":null,"SiteID":null,"TerminalID":null,"AccessTimeID":null,"CreationDate":1614441600000,"ModifiedBy":"LANDSD","LastAmendmentDate":1655049600000,"Shape__Length":0.50540511486642647}},{"type":"Feature","id":171598,"geometry":{"type":"LineString","coordinates":[[114.16408652486449,22.328668974205897,5.0172000000020489],[114.16407860312631,22.328660208498068,5.0139999999955762]]},"properties":{"OBJECTID":171598,"PedestrianRouteID":220013788,"Location":1,"FeatureType":1,"AliasNameEN":"Apliu Street","AliasNameTC":"鴨寮街","CrossingFeature":null,"WeatherProof":2,"WheelchairBarrier":2,"WheelchairAccess":2,"ObstaclesType":null,"Gradient":0.0025233199999999999,"Direction":0,"PositionCertainty":1,"Enabled":1,"DataSource":1,"LevelSource":2,"StreetNameEN":"Apliu Street","StreetNameTC":"鴨寮街","ST_CODE":10025,"FloorID":null,"BuildingID_1":null,"BuildingID_2":null,"SiteID":null,"TerminalID":null,"AccessTimeID":null,"CreationDate":1614441600000,"ModifiedBy":"LANDSD","LastAmendmentDate":1655049600000,"Shape__Length":1.2681667081677495}},{"type":"Feature","id":171599,"geometry":{"type":"LineString","coordinates":[[114.16400521887711,22.328579009630253,4.9842000000062399],[114.16400076593798,22.32857408219121,4.982399999993504]]},"properties":{"OBJECTID":171599,"PedestrianRouteID":220013789,"Location":1,"FeatureType":1,"AliasNameEN":"Apliu Street","AliasNameTC":"鴨寮街","CrossingFeature":null,"WeatherProof":2,"WheelchairBarrier":2,"WheelchairAccess":2,"ObstaclesType":null,"Gradient":0.0025250200000000002,"Direction":0,"PositionCertainty":1,"Enabled":1,"DataSource":1,"LevelSource":2,"StreetNameEN":"Apliu Street","StreetNameTC":"鴨寮街","ST_CODE":10025,"FloorID":null,"BuildingID_1":null,"BuildingID_2":null,"SiteID":null,"TerminalID":null,"AccessTimeID":null,"CreationDate":1614441600000,"ModifiedBy":"LANDSD","LastAmendmentDate":1655049600000,"Shape__Length":0.71286520390159802}},{"type":"Feature","id":171600,"geometry":{"type":"LineString","coordinates":[[114.16400076593798,22.32857408219121,4.982399999993504],[114.16399485327376,22.328567540871042,4.9799999999959255]]},"properties":{"OBJECTID":171600,"PedestrianRouteID":220013790,"Location":1,"FeatureType":1,"AliasNameEN":"Apliu Street","AliasNameTC":"鴨寮街","CrossingFeature":null,"WeatherProof":1,"WheelchairBarrier":2,"WheelchairAccess":2,"ObstaclesType":null,"Gradient":0.0025358300000000002,"Direction":0,"PositionCertainty":1,"Enabled":1,"DataSource":1,"LevelSource":2,"StreetNameEN":"Apliu Street","StreetNameTC":"鴨寮街","ST_CODE":10025,"FloorID":null,"BuildingID_1":null,"BuildingID_2":null,"SiteID":null,"TerminalID":null,"AccessTimeID":null,"CreationDate":1614441600000,"ModifiedBy":"LANDSD","LastAmendmentDate":1655049600000,"Shape__Length":0.94643284546646256}},{"type":"Feature","id":171601,"geometry":{"type":"LineString","coordinates":[[114.16160026740418,22.329237969080502,4.321299999995972],[114.16159703353978,22.329234367379996,4.2195999999967171]]},"properties":{"OBJECTID":171601,"PedestrianRouteID":220013791,"Location":1,"FeatureType":1,"AliasNameEN":"Pei Ho Street","AliasNameTC":"北河街","CrossingFeature":null,"WeatherProof":1,"WheelchairBarrier":2,"WheelchairAccess":2,"ObstaclesType":null,"Gradient":0.0063500199999999996,"Direction":0,"PositionCertainty":1,"Enabled":1,"DataSource":1,"LevelSource":2,"StreetNameEN":"Pei Ho Street","StreetNameTC":"北河街","ST_CODE":11675,"FloorID":null,"BuildingID_1":null,"BuildingID_2":null,"SiteID":null,"TerminalID":null,"AccessTimeID":null,"CreationDate":1614441600000,"ModifiedBy":"LANDSD","LastAmendmentDate":1732636800000,"Shape__Length":0.51967651533267512}},{"type":"Feature","id":171602,"geometry":{"type":"LineString","coordinates":[[114.16159703353978,22.329234367379996,4.2195999999967171],[114.16157151396816,22.329205950249275,4.2835000000050059]]},"properties":{"OBJECTID":171602,"PedestrianRouteID":220013792,"Location":1,"FeatureType":1,"AliasNameEN":"Pei Ho Street","AliasNameTC":"北河街","CrossingFeature":null,"WeatherProof":2,"WheelchairBarrier":2,"WheelchairAccess":2,"ObstaclesType":null,"Gradient":0.015582149999999999,"Direction":0,"PositionCertainty":1,"Enabled":1,"DataSource":1,"LevelSource":12,"StreetNameEN":"Pei Ho Street","StreetNameTC":"北河街","ST_CODE":11675,"FloorID":null,"BuildingID_1":null,"BuildingID_2":null,"SiteID":null,"TerminalID":null,"AccessTimeID":null,"CreationDate":1614441600000,"ModifiedBy":"LANDSD","LastAmendmentDate":1732636800000,"Shape__Length":4.1005129682452992}},{"type":"Feature","id":171611,"geometry":{"type":"LineString","coordinates":[[114.16137721616811,22.328763972374148,4.3196000000025379],[114.16137958867007,22.328762111397005,4.3221000000048662]]},"properties":{"OBJECTID":171611,"PedestrianRouteID":220013801,"Location":1,"FeatureType":1,"AliasNameEN":"Pei Ho Street","AliasNameTC":"北河街","CrossingFeature":null,"WeatherProof":1,"WheelchairBarrier":2,"WheelchairAccess":2,"ObstaclesType":null,"Gradient":0.0078196499999999992,"Direction":0,"PositionCertainty":1,"Enabled":1,"DataSource":1,"LevelSource":2,"StreetNameEN":"Pei Ho Street","StreetNameTC":"北河街","ST_CODE":11675,"FloorID":null,"BuildingID_1":null,"BuildingID_2":null,"SiteID":null,"TerminalID":null,"AccessTimeID":null,"CreationDate":1614441600000,"ModifiedBy":"LANDSD","LastAmendmentDate":1655049600000,"Shape__Length":0.31970075089973715}},{"type":"Feature","id":171612,"geometry":{"type":"LineString","coordinates":[[114.16136898036287,22.328770432971439,4.3108999999967637],[114.16137721616811,22.328763972374148,4.3196000000025379]]},"properties":{"OBJECTID":171612,"PedestrianRouteID":220013802,"Location":1,"FeatureType":1,"AliasNameEN":"Pei Ho Street","AliasNameTC":"北河街","CrossingFeature":null,"WeatherProof":2,"WheelchairBarrier":2,"WheelchairAccess":2,"ObstaclesType":null,"Gradient":0.0078388799999999995,"Direction":0,"PositionCertainty":1,"Enabled":1,"DataSource":1,"LevelSource":2,"StreetNameEN":"Pei Ho Street","StreetNameTC":"北河街","ST_CODE":11675,"FloorID":null,"BuildingID_1":null,"BuildingID_2":null,"SiteID":null,"TerminalID":null,"AccessTimeID":null,"CreationDate":1614441600000,"ModifiedBy":"LANDSD","LastAmendmentDate":1655049600000,"Shape__Length":1.1098300825153271}},{"type":"Feature","id":171615,"geometry":{"type":"LineString","coordinates":[[114.16310831544848,22.332544977177399,6.0953000000008615],[114.16311246447833,22.332541805086013,6.1245000000053551]]},"properties":{"OBJECTID":171615,"PedestrianRouteID":220013805,"Location":1,"FeatureType":1,"AliasNameEN":"Un Chau Street","AliasNameTC":"元州街","CrossingFeature":null,"WeatherProof":1,"WheelchairBarrier":2,"WheelchairAccess":2,"ObstaclesType":null,"Gradient":0.052730369999999999,"Direction":0,"PositionCertainty":1,"Enabled":1,"DataSource":1,"LevelSource":12,"StreetNameEN":"Un Chau Street","StreetNameTC":"元州街","ST_CODE":12556,"FloorID":null,"BuildingID_1":null,"BuildingID_2":null,"SiteID":null,"TerminalID":null,"AccessTimeID":null,"CreationDate":1614441600000,"ModifiedBy":"LANDSD","LastAmendmentDate":1689004800000,"Shape__Length":0.55324718738032252}},{"type":"Feature","id":171616,"geometry":{"type":"LineString","coordinates":[[114.16311246447833,22.332541805086013,6.1245000000053551],[114.16313959140213,22.332521061429315,6.1548999999940861]]},"properties":{"OBJECTID":171616,"PedestrianRouteID":220013806,"Location":1,"FeatureType":1,"AliasNameEN":"Kweilin Street","AliasNameTC":"桂林街","CrossingFeature":null,"WeatherProof":2,"WheelchairBarrier":2,"WheelchairAccess":2,"ObstaclesType":null,"Gradient":0,"Direction":0,"PositionCertainty":1,"Enabled":1,"DataSource":1,"LevelSource":2,"StreetNameEN":"Kweilin Street","StreetNameTC":"桂林街","ST_CODE":11114,"FloorID":null,"BuildingID_1":null,"BuildingID_2":null,"SiteID":null,"TerminalID":null,"AccessTimeID":null,"CreationDate":1614441600000,"ModifiedBy":"LANDSD","LastAmendmentDate":1689004800000,"Shape__Length":3.6174934207123801}},{"type":"Feature","id":171617,"geometry":{"type":"LineString","coordinates":[[114.16319439855872,22.332479149711457,6.1520000000018626],[114.16322077894699,22.332458950522149,6.1520000000018626]]},"properties":{"OBJECTID":171617,"PedestrianRouteID":220013807,"Location":1,"FeatureType":1,"AliasNameEN":"Kweilin Street","AliasNameTC":"桂林街","CrossingFeature":null,"WeatherProof":2,"WheelchairBarrier":2,"WheelchairAccess":2,"ObstaclesType":null,"Gradient":0,"Direction":0,"PositionCertainty":1,"Enabled":1,"DataSource":1,"LevelSource":2,"StreetNameEN":"Kweilin Street","StreetNameTC":"桂林街","ST_CODE":11114,"FloorID":null,"BuildingID_1":null,"BuildingID_2":null,"SiteID":null,"TerminalID":null,"AccessTimeID":null,"CreationDate":1614441600000,"ModifiedBy":"LANDSD","LastAmendmentDate":1655049600000,"Shape__Length":3.5197976149513575}},{"type":"Feature","id":171618,"geometry":{"type":"LineString","coordinates":[[114.16322077894699,22.332458950522149,6.1520000000018626],[114.16322341359414,22.332456867388618,6.1520000000018626],[114.16322583368658,22.33245512198074,6.1520000000018626]]},"properties":{"OBJECTID":171618,"PedestrianRouteID":220013808,"Location":1,"FeatureType":1,"AliasNameEN":"Un Chau Street","AliasNameTC":"元州街","CrossingFeature":null,"WeatherProof":1,"WheelchairBarrier":2,"WheelchairAccess":2,"ObstaclesType":null,"Gradient":0,"Direction":0,"PositionCertainty":1,"Enabled":1,"DataSource":1,"LevelSource":2,"StreetNameEN":"Un Chau Street","StreetNameTC":"元州街","ST_CODE":12556,"FloorID":null,"BuildingID_1":null,"BuildingID_2":null,"SiteID":null,"TerminalID":null,"AccessTimeID":null,"CreationDate":1614441600000,"ModifiedBy":"LANDSD","LastAmendmentDate":1655049600000,"Shape__Length":0.6716634059212222}},{"type":"Feature","id":171619,"geometry":{"type":"LineString","coordinates":[[114.16100410114579,22.330179160570996,4.3782000000064727],[114.16102964853037,22.330159406858918,4.3748999999952503]]},"properties":{"OBJECTID":171619,"PedestrianRouteID":220013809,"Location":1,"FeatureType":1,"AliasNameEN":"Kweilin Street","AliasNameTC":"桂林街","CrossingFeature":null,"WeatherProof":2,"WheelchairBarrier":2,"WheelchairAccess":2,"ObstaclesType":null,"Gradient":0.00096427000000000004,"Direction":0,"PositionCertainty":1,"Enabled":1,"DataSource":1,"LevelSource":2,"StreetNameEN":"Kweilin Street","StreetNameTC":"桂林街","ST_CODE":11114,"FloorID":null,"BuildingID_1":null,"BuildingID_2":null,"SiteID":null,"TerminalID":null,"AccessTimeID":null,"CreationDate":1614441600000,"ModifiedBy":"LANDSD","LastAmendmentDate":1655049600000,"Shape__Length":3.4222618510907563}},{"type":"Feature","id":171620,"geometry":{"type":"LineString","coordinates":[[114.16099690493061,22.330184724512893,4.3831999999965774],[114.16100410114579,22.330179160570996,4.3782000000064727]]},"properties":{"OBJECTID":171620,"PedestrianRouteID":220013810,"Location":1,"FeatureType":1,"AliasNameEN":"Kweilin Street","AliasNameTC":"桂林街","CrossingFeature":null,"WeatherProof":1,"WheelchairBarrier":2,"WheelchairAccess":2,"ObstaclesType":null,"Gradient":0.0051868599999999997,"Direction":0,"PositionCertainty":1,"Enabled":1,"DataSource":1,"LevelSource":2,"StreetNameEN":"Kweilin Street","StreetNameTC":"桂林街","ST_CODE":11114,"FloorID":null,"BuildingID_1":null,"BuildingID_2":null,"SiteID":null,"TerminalID":null,"AccessTimeID":null,"CreationDate":1614441600000,"ModifiedBy":"LANDSD","LastAmendmentDate":1655049600000,"Shape__Length":0.96396479701159588}},{"type":"Feature","id":171621,"geometry":{"type":"LineString","coordinates":[[114.16201675006897,22.329436005022053,4.3018000000010943],[114.16201172066337,22.329430447141494,4.2964000000065425]]},"properties":{"OBJECTID":171621,"PedestrianRouteID":220013811,"Location":1,"FeatureType":1,"AliasNameEN":"Yu Chau Street","AliasNameTC":"汝州街","CrossingFeature":null,"WeatherProof":2,"WheelchairBarrier":2,"WheelchairAccess":2,"ObstaclesType":null,"Gradient":0.0067120000000000001,"Direction":0,"PositionCertainty":1,"Enabled":1,"DataSource":1,"LevelSource":2,"StreetNameEN":"Yu Chau Street","StreetNameTC":"汝州街","ST_CODE":12888,"FloorID":null,"BuildingID_1":null,"BuildingID_2":null,"SiteID":null,"TerminalID":null,"AccessTimeID":null,"CreationDate":1614441600000,"ModifiedBy":"LANDSD","LastAmendmentDate":1655049600000,"Shape__Length":0.80451749610643841}},{"type":"Feature","id":171622,"geometry":{"type":"LineString","coordinates":[[114.16201172066337,22.329430447141494,4.2964000000065425],[114.16200533345479,22.329423388253701,4.2894999999989523]]},"properties":{"OBJECTID":171622,"PedestrianRouteID":220013812,"Location":1,"FeatureType":1,"AliasNameEN":"Yu Chau Street","AliasNameTC":"汝州街","CrossingFeature":null,"WeatherProof":1,"WheelchairBarrier":2,"WheelchairAccess":2,"ObstaclesType":null,"Gradient":0.0067529499999999998,"Direction":0,"PositionCertainty":1,"Enabled":1,"DataSource":1,"LevelSource":2,"StreetNameEN":"Yu Chau Street","StreetNameTC":"汝州街","ST_CODE":12888,"FloorID":null,"BuildingID_1":null,"BuildingID_2":null,"SiteID":null,"TerminalID":null,"AccessTimeID":null,"CreationDate":1614441600000,"ModifiedBy":"LANDSD","LastAmendmentDate":1655049600000,"Shape__Length":1.0217603282480734}},{"type":"Feature","id":171629,"geometry":{"type":"LineString","coordinates":[[114.16107944303121,22.331533651274786,4.6750999999931082],[114.16107332560324,22.331526769377653,4.6699999999982538]]},"properties":{"OBJECTID":171629,"PedestrianRouteID":220013819,"Location":1,"FeatureType":1,"AliasNameEN":"Cheung Sha Wan Road","AliasNameTC":"長沙灣道","CrossingFeature":null,"WeatherProof":1,"WheelchairBarrier":2,"WheelchairAccess":2,"ObstaclesType":null,"Gradient":0.0051571999999999998,"Direction":0,"PositionCertainty":1,"Enabled":1,"DataSource":1,"LevelSource":2,"StreetNameEN":"Cheung Sha Wan Road","StreetNameTC":"長沙灣道","ST_CODE":10206,"FloorID":null,"BuildingID_1":null,"BuildingID_2":null,"SiteID":null,"TerminalID":null,"AccessTimeID":null,"CreationDate":1614441600000,"ModifiedBy":"LANDSD","LastAmendmentDate":1655049600000,"Shape__Length":0.98889943399199154}},{"type":"Feature","id":171630,"geometry":{"type":"LineString","coordinates":[[114.16108752098746,22.331542739533003,4.6818999999959487],[114.16107944303121,22.331533651274786,4.6750999999931082]]},"properties":{"OBJECTID":171630,"PedestrianRouteID":220013820,"Location":1,"FeatureType":1,"AliasNameEN":"Cheung Sha Wan Road","AliasNameTC":"長沙灣道","CrossingFeature":null,"WeatherProof":2,"WheelchairBarrier":2,"WheelchairAccess":2,"ObstaclesType":null,"Gradient":0.00520711,"Direction":0,"PositionCertainty":1,"Enabled":1,"DataSource":1,"LevelSource":2,"StreetNameEN":"Cheung Sha Wan Road","StreetNameTC":"長沙灣道","ST_CODE":10206,"FloorID":null,"BuildingID_1":null,"BuildingID_2":null,"SiteID":null,"TerminalID":null,"AccessTimeID":null,"CreationDate":1614441600000,"ModifiedBy":"LANDSD","LastAmendmentDate":1655049600000,"Shape__Length":1.3058954708456156}},{"type":"Feature","id":171633,"geometry":{"type":"LineString","coordinates":[[114.16137498873506,22.328735402103838,4.2627000000065891],[114.16137056985856,22.328730456534732,4.2627000000065891]]},"properties":{"OBJECTID":171633,"PedestrianRouteID":220013823,"Location":1,"FeatureType":1,"AliasNameEN":"Pei Ho Street","AliasNameTC":"北河街","CrossingFeature":null,"WeatherProof":1,"WheelchairBarrier":2,"WheelchairAccess":2,"ObstaclesType":null,"Gradient":0,"Direction":0,"PositionCertainty":1,"Enabled":1,"DataSource":1,"LevelSource":2,"StreetNameEN":"Pei Ho Street","StreetNameTC":"北河街","ST_CODE":11675,"FloorID":null,"BuildingID_1":null,"BuildingID_2":null,"SiteID":null,"TerminalID":null,"AccessTimeID":null,"CreationDate":1614441600000,"ModifiedBy":"LANDSD","LastAmendmentDate":1655049600000,"Shape__Length":0.71215437347037425}},{"type":"Feature","id":171634,"geometry":{"type":"LineString","coordinates":[[114.16137056985856,22.328730456534732,4.2627000000065891],[114.16136483978052,22.328724044273589,4.2615999999979977]]},"properties":{"OBJECTID":171634,"PedestrianRouteID":220013824,"Location":1,"FeatureType":1,"AliasNameEN":"Pei Ho Street","AliasNameTC":"北河街","CrossingFeature":null,"WeatherProof":2,"WheelchairBarrier":2,"WheelchairAccess":2,"ObstaclesType":null,"Gradient":0.00119125,"Direction":0,"PositionCertainty":1,"Enabled":1,"DataSource":1,"LevelSource":2,"StreetNameEN":"Pei Ho Street","StreetNameTC":"北河街","ST_CODE":11675,"FloorID":null,"BuildingID_1":null,"BuildingID_2":null,"SiteID":null,"TerminalID":null,"AccessTimeID":null,"CreationDate":1614441600000,"ModifiedBy":"LANDSD","LastAmendmentDate":1655049600000,"Shape__Length":0.92340249011253506}},{"type":"Feature","id":171639,"geometry":{"type":"LineString","coordinates":[[114.1639022397802,22.329672296259446,4.6073000000033062],[114.16390740701685,22.32966826541934,4.5981999999930849]]},"properties":{"OBJECTID":171639,"PedestrianRouteID":220013829,"Location":1,"FeatureType":1,"AliasNameEN":"Cheung Sha Wan Road","AliasNameTC":"長沙灣道","CrossingFeature":null,"WeatherProof":1,"WheelchairBarrier":2,"WheelchairAccess":2,"ObstaclesType":null,"Gradient":0.01309832,"Direction":0,"PositionCertainty":1,"Enabled":1,"DataSource":1,"LevelSource":2,"StreetNameEN":"Cheung Sha Wan Road","StreetNameTC":"長沙灣道","ST_CODE":10206,"FloorID":null,"BuildingID_1":null,"BuildingID_2":null,"SiteID":null,"TerminalID":null,"AccessTimeID":null,"CreationDate":1614441600000,"ModifiedBy":"LANDSD","LastAmendmentDate":1655049600000,"Shape__Length":0.6947058722210121}},{"type":"Feature","id":171640,"geometry":{"type":"LineString","coordinates":[[114.16389443699019,22.329678383152771,4.6209999999991851],[114.1639022397802,22.329672296259446,4.6073000000033062]]},"properties":{"OBJECTID":171640,"PedestrianRouteID":220013830,"Location":1,"FeatureType":1,"AliasNameEN":"Cheung Sha Wan Road","AliasNameTC":"長沙灣道","CrossingFeature":null,"WeatherProof":2,"WheelchairBarrier":2,"WheelchairAccess":2,"ObstaclesType":null,"Gradient":0.013058699999999999,"Direction":0,"PositionCertainty":1,"Enabled":1,"DataSource":1,"LevelSource":2,"StreetNameEN":"Cheung Sha Wan Road","StreetNameTC":"長沙灣道","ST_CODE":10206,"FloorID":null,"BuildingID_1":null,"BuildingID_2":null,"SiteID":null,"TerminalID":null,"AccessTimeID":null,"CreationDate":1614441600000,"ModifiedBy":"LANDSD","LastAmendmentDate":1655049600000,"Shape__Length":1.0490496898885389}},{"type":"Feature","id":171645,"geometry":{"type":"LineString","coordinates":[[114.16027763375206,22.329368157039163,4.1282000000064727],[114.16028243607161,22.32936446221494,4.1307999999989988]]},"properties":{"OBJECTID":171645,"PedestrianRouteID":220013835,"Location":1,"FeatureType":1,"AliasNameEN":"Kweilin Street","AliasNameTC":"桂林街","CrossingFeature":null,"WeatherProof":2,"WheelchairBarrier":2,"WheelchairAccess":2,"ObstaclesType":null,"Gradient":0.0040497800000000002,"Direction":0,"PositionCertainty":1,"Enabled":1,"DataSource":1,"LevelSource":2,"StreetNameEN":"Kweilin Street","StreetNameTC":"桂林街","ST_CODE":11114,"FloorID":null,"BuildingID_1":null,"BuildingID_2":null,"SiteID":null,"TerminalID":null,"AccessTimeID":null,"CreationDate":1614441600000,"ModifiedBy":"LANDSD","LastAmendmentDate":1655049600000,"Shape__Length":0.64200679928217907}},{"type":"Feature","id":171646,"geometry":{"type":"LineString","coordinates":[[114.16027010555491,22.329373950292254,4.1242000000056578],[114.16027763375206,22.329368157039163,4.1282000000064727]]},"properties":{"OBJECTID":171646,"PedestrianRouteID":220013836,"Location":1,"FeatureType":1,"AliasNameEN":"Kweilin Street","AliasNameTC":"桂林街","CrossingFeature":null,"WeatherProof":1,"WheelchairBarrier":2,"WheelchairAccess":2,"ObstaclesType":null,"Gradient":0.0039741300000000002,"Direction":0,"PositionCertainty":1,"Enabled":1,"DataSource":1,"LevelSource":2,"StreetNameEN":"Kweilin Street","StreetNameTC":"桂林街","ST_CODE":11114,"FloorID":null,"BuildingID_1":null,"BuildingID_2":null,"SiteID":null,"TerminalID":null,"AccessTimeID":null,"CreationDate":1614441600000,"ModifiedBy":"LANDSD","LastAmendmentDate":1655049600000,"Shape__Length":1.0065042518180027}},{"type":"Feature","id":171647,"geometry":{"type":"LineString","coordinates":[[114.16038460980238,22.329285840617867,4.1851000000024214],[114.16038826759893,22.32928302525314,4.1870000000053551]]},"properties":{"OBJECTID":171647,"PedestrianRouteID":220013837,"Location":1,"FeatureType":1,"AliasNameEN":"Kweilin Street","AliasNameTC":"桂林街","CrossingFeature":null,"WeatherProof":1,"WheelchairBarrier":2,"WheelchairAccess":2,"ObstaclesType":null,"Gradient":0.0038848400000000001,"Direction":0,"PositionCertainty":1,"Enabled":1,"DataSource":1,"LevelSource":2,"StreetNameEN":"Kweilin Street","StreetNameTC":"桂林街","ST_CODE":11114,"FloorID":null,"BuildingID_1":null,"BuildingID_2":null,"SiteID":null,"TerminalID":null,"AccessTimeID":null,"CreationDate":1614441600000,"ModifiedBy":"LANDSD","LastAmendmentDate":1655049600000,"Shape__Length":0.48907819352453519}},{"type":"Feature","id":171648,"geometry":{"type":"LineString","coordinates":[[114.16037374416575,22.329294200931965,4.1793000000034226],[114.16038460980238,22.329285840617867,4.1851000000024214]]},"properties":{"OBJECTID":171648,"PedestrianRouteID":220013838,"Location":1,"FeatureType":1,"AliasNameEN":"Kweilin Street","AliasNameTC":"桂林街","CrossingFeature":null,"WeatherProof":2,"WheelchairBarrier":2,"WheelchairAccess":2,"ObstaclesType":null,"Gradient":0.0039927499999999998,"Direction":0,"PositionCertainty":1,"Enabled":1,"DataSource":1,"LevelSource":2,"StreetNameEN":"Kweilin Street","StreetNameTC":"桂林街","ST_CODE":11114,"FloorID":null,"BuildingID_1":null,"BuildingID_2":null,"SiteID":null,"TerminalID":null,"AccessTimeID":null,"CreationDate":1614441600000,"ModifiedBy":"LANDSD","LastAmendmentDate":1655049600000,"Shape__Length":1.4526263465960803}},{"type":"Feature","id":171651,"geometry":{"type":"LineString","coordinates":[[114.16270469291126,22.332090706137667,5.5823999999993248],[114.16270533057877,22.332091424124396,5.5823999999993248]]},"properties":{"OBJECTID":171651,"PedestrianRouteID":220013841,"Location":1,"FeatureType":1,"AliasNameEN":"Kweilin Street","AliasNameTC":"桂林街","CrossingFeature":null,"WeatherProof":1,"WheelchairBarrier":2,"WheelchairAccess":2,"ObstaclesType":null,"Gradient":0,"Direction":0,"PositionCertainty":1,"Enabled":1,"DataSource":1,"LevelSource":2,"StreetNameEN":"Kweilin Street","StreetNameTC":"桂林街","ST_CODE":11114,"FloorID":null,"BuildingID_1":null,"BuildingID_2":null,"SiteID":null,"TerminalID":null,"AccessTimeID":null,"CreationDate":1614441600000,"ModifiedBy":"LANDSD","LastAmendmentDate":1655049600000,"Shape__Length":0.10313457309199169}},{"type":"Feature","id":171652,"geometry":{"type":"LineString","coordinates":[[114.16267685101535,22.332059349534315,5.5764000000053784],[114.16270469291126,22.332090706137667,5.5823999999993248]]},"properties":{"OBJECTID":171652,"PedestrianRouteID":220013842,"Location":1,"FeatureType":1,"AliasNameEN":"Kweilin Street","AliasNameTC":"桂林街","CrossingFeature":null,"WeatherProof":2,"WheelchairBarrier":2,"WheelchairAccess":2,"ObstaclesType":null,"Gradient":0.00133223,"Direction":0,"PositionCertainty":1,"Enabled":1,"DataSource":1,"LevelSource":2,"StreetNameEN":"Kweilin Street","StreetNameTC":"桂林街","ST_CODE":11114,"FloorID":null,"BuildingID_1":null,"BuildingID_2":null,"SiteID":null,"TerminalID":null,"AccessTimeID":null,"CreationDate":1614441600000,"ModifiedBy":"LANDSD","LastAmendmentDate":1655049600000,"Shape__Length":4.5037373316229834}},{"type":"Feature","id":171653,"geometry":{"type":"LineString","coordinates":[[114.16272014206497,22.33210297191437,5.5994000000064261],[114.16272299610205,22.332100745221776,5.5967999999993481]]},"properties":{"OBJECTID":171653,"PedestrianRouteID":220013843,"Location":1,"FeatureType":1,"AliasNameEN":"Kweilin Street","AliasNameTC":"桂林街","CrossingFeature":null,"WeatherProof":1,"WheelchairBarrier":2,"WheelchairAccess":2,"ObstaclesType":null,"Gradient":0.0067755200000000002,"Direction":0,"PositionCertainty":1,"Enabled":1,"DataSource":1,"LevelSource":2,"StreetNameEN":"Kweilin Street","StreetNameTC":"桂林街","ST_CODE":11114,"FloorID":null,"BuildingID_1":null,"BuildingID_2":null,"SiteID":null,"TerminalID":null,"AccessTimeID":null,"CreationDate":1614441600000,"ModifiedBy":"LANDSD","LastAmendmentDate":1655049600000,"Shape__Length":0.3837284984204693}},{"type":"Feature","id":171654,"geometry":{"type":"LineString","coordinates":[[114.16272299610205,22.332100745221776,5.5967999999993481],[114.16275245286599,22.332077760441525,5.5901000000012573]]},"properties":{"OBJECTID":171654,"PedestrianRouteID":220013844,"Location":1,"FeatureType":1,"AliasNameEN":"Kweilin Street","AliasNameTC":"桂林街","CrossingFeature":null,"WeatherProof":2,"WheelchairBarrier":2,"WheelchairAccess":2,"ObstaclesType":null,"Gradient":0.00169162,"Direction":0,"PositionCertainty":1,"Enabled":1,"DataSource":1,"LevelSource":2,"StreetNameEN":"Kweilin Street","StreetNameTC":"桂林街","ST_CODE":11114,"FloorID":null,"BuildingID_1":null,"BuildingID_2":null,"SiteID":null,"TerminalID":null,"AccessTimeID":null,"CreationDate":1614441600000,"ModifiedBy":"LANDSD","LastAmendmentDate":1655049600000,"Shape__Length":3.9607011513828145}},{"type":"Feature","id":171655,"geometry":{"type":"LineString","coordinates":[[114.16283222993518,22.332015511435166,5.4949999999953434],[114.16283453063566,22.332013716354531,5.4928999999974621]]},"properties":{"OBJECTID":171655,"PedestrianRouteID":220013845,"Location":1,"FeatureType":1,"AliasNameEN":"Kweilin Street","AliasNameTC":"桂林街","CrossingFeature":null,"WeatherProof":1,"WheelchairBarrier":2,"WheelchairAccess":2,"ObstaclesType":null,"Gradient":0.0067885699999999998,"Direction":0,"PositionCertainty":1,"Enabled":1,"DataSource":1,"LevelSource":2,"StreetNameEN":"Kweilin Street","StreetNameTC":"桂林街","ST_CODE":11114,"FloorID":null,"BuildingID_1":null,"BuildingID_2":null,"SiteID":null,"TerminalID":null,"AccessTimeID":null,"CreationDate":1614441600000,"ModifiedBy":"LANDSD","LastAmendmentDate":1655049600000,"Shape__Length":0.30933871346234648}},{"type":"Feature","id":171656,"geometry":{"type":"LineString","coordinates":[[114.16280000750199,22.332040654299352,5.5043000000005122],[114.16283222993518,22.332015511435166,5.4949999999953434]]},"properties":{"OBJECTID":171656,"PedestrianRouteID":220013846,"Location":1,"FeatureType":1,"AliasNameEN":"Kweilin Street","AliasNameTC":"桂林街","CrossingFeature":null,"WeatherProof":2,"WheelchairBarrier":2,"WheelchairAccess":2,"ObstaclesType":null,"Gradient":0.0021465299999999998,"Direction":0,"PositionCertainty":1,"Enabled":1,"DataSource":1,"LevelSource":2,"StreetNameEN":"Kweilin Street","StreetNameTC":"桂林街","ST_CODE":11114,"FloorID":null,"BuildingID_1":null,"BuildingID_2":null,"SiteID":null,"TerminalID":null,"AccessTimeID":null,"CreationDate":1614441600000,"ModifiedBy":"LANDSD","LastAmendmentDate":1655049600000,"Shape__Length":4.3325734550111337}},{"type":"Feature","id":171663,"geometry":{"type":"LineString","coordinates":[[114.16244197280878,22.329946571070383,4.3641000000061467],[114.1624408421076,22.329945312106812,4.3641000000061467]]},"properties":{"OBJECTID":171663,"PedestrianRouteID":220013853,"Location":1,"FeatureType":1,"AliasNameEN":"Pei Ho Street","AliasNameTC":"北河街","CrossingFeature":null,"WeatherProof":1,"WheelchairBarrier":2,"WheelchairAccess":2,"ObstaclesType":null,"Gradient":0,"Direction":0,"PositionCertainty":1,"Enabled":1,"DataSource":1,"LevelSource":12,"StreetNameEN":"Pei Ho Street","StreetNameTC":"北河街","ST_CODE":11675,"FloorID":null,"BuildingID_1":null,"BuildingID_2":null,"SiteID":null,"TerminalID":null,"AccessTimeID":null,"CreationDate":1614441600000,"ModifiedBy":"LANDSD","LastAmendmentDate":1759248000000,"Shape__Length":0.18167170892410614}},{"type":"Feature","id":171664,"geometry":{"type":"LineString","coordinates":[[114.1624408421076,22.329945312106812,4.3641000000061467],[114.16241306762576,22.329914408791318,4.5]]},"properties":{"OBJECTID":171664,"PedestrianRouteID":220013854,"Location":1,"FeatureType":1,"AliasNameEN":"Pei Ho Street","AliasNameTC":"北河街","CrossingFeature":null,"WeatherProof":2,"WheelchairBarrier":2,"WheelchairAccess":2,"ObstaclesType":null,"Gradient":0.0029815699999999998,"Direction":0,"PositionCertainty":1,"Enabled":1,"DataSource":1,"LevelSource":2,"StreetNameEN":"Pei Ho Street","StreetNameTC":"北河街","ST_CODE":11675,"FloorID":null,"BuildingID_1":null,"BuildingID_2":null,"SiteID":null,"TerminalID":null,"AccessTimeID":null,"CreationDate":1614441600000,"ModifiedBy":"LANDSD","LastAmendmentDate":1732636800000,"Shape__Length":4.4607221540284625}},{"type":"Feature","id":171667,"geometry":{"type":"LineString","coordinates":[[114.16110200278429,22.330302870112057,4.3754000000044471],[114.16113137636685,22.330276232742797,4.3104000000021188]]},"properties":{"OBJECTID":171667,"PedestrianRouteID":220013857,"Location":1,"FeatureType":1,"AliasNameEN":"Kweilin Street","AliasNameTC":"桂林街","CrossingFeature":null,"WeatherProof":1,"WheelchairBarrier":2,"WheelchairAccess":2,"ObstaclesType":null,"Gradient":0.01538024,"Direction":0,"PositionCertainty":1,"Enabled":1,"DataSource":1,"LevelSource":12,"StreetNameEN":"Kweilin Street","StreetNameTC":"桂林街","ST_CODE":11114,"FloorID":null,"BuildingID_1":null,"BuildingID_2":null,"SiteID":null,"TerminalID":null,"AccessTimeID":null,"CreationDate":1614441600000,"ModifiedBy":"LANDSD","LastAmendmentDate":1689004800000,"Shape__Length":4.225868624942156}},{"type":"Feature","id":171668,"geometry":{"type":"LineString","coordinates":[[114.16117422185968,22.330241201840867,4.3185999999986961],[114.16121651099132,22.330216194820064,4.3310000000055879]]},"properties":{"OBJECTID":171668,"PedestrianRouteID":220013858,"Location":1,"FeatureType":1,"AliasNameEN":"Kweilin Street","AliasNameTC":"桂林街","CrossingFeature":null,"WeatherProof":2,"WheelchairBarrier":2,"WheelchairAccess":2,"ObstaclesType":null,"Gradient":0.0024020500000000002,"Direction":0,"PositionCertainty":1,"Enabled":1,"DataSource":1,"LevelSource":2,"StreetNameEN":"Kweilin Street","StreetNameTC":"桂林街","ST_CODE":11114,"FloorID":null,"BuildingID_1":null,"BuildingID_2":null,"SiteID":null,"TerminalID":null,"AccessTimeID":null,"CreationDate":1614441600000,"ModifiedBy":"LANDSD","LastAmendmentDate":1655049600000,"Shape__Length":5.1622577541895769}},{"type":"Feature","id":171673,"geometry":{"type":"LineString","coordinates":[[114.16316716716923,22.330981523165725,5.4410999999963678],[114.1631389427847,22.331001517200139,5.5075000000069849],[114.16305504755297,22.331066726240152,5.4621999999944819]]},"properties":{"OBJECTID":171673,"PedestrianRouteID":220013863,"Location":1,"FeatureType":1,"AliasNameEN":"Fuk Wa Street","AliasNameTC":"福華街","CrossingFeature":null,"WeatherProof":1,"WheelchairBarrier":2,"WheelchairAccess":2,"ObstaclesType":null,"Gradient":0.0056042399999999999,"Direction":0,"PositionCertainty":1,"Enabled":1,"DataSource":1,"LevelSource":2,"StreetNameEN":"Fuk Wa Street","StreetNameTC":"福華街","ST_CODE":10560,"FloorID":null,"BuildingID_1":null,"BuildingID_2":null,"SiteID":null,"TerminalID":null,"AccessTimeID":null,"CreationDate":1614441600000,"ModifiedBy":"LANDSD","LastAmendmentDate":1689177600000,"Shape__Length":14.917107991247821}},{"type":"Feature","id":171674,"geometry":{"type":"LineString","coordinates":[[114.16281836925134,22.331250685980699,5.3343000000022585],[114.16278215234621,22.331278835681879,5.314700000002631]]},"properties":{"OBJECTID":171674,"PedestrianRouteID":220013864,"Location":1,"FeatureType":1,"AliasNameEN":"Fuk Wa Street","AliasNameTC":"福華街","CrossingFeature":null,"WeatherProof":2,"WheelchairBarrier":2,"WheelchairAccess":2,"ObstaclesType":null,"Gradient":0.0040313600000000003,"Direction":0,"PositionCertainty":1,"Enabled":1,"DataSource":1,"LevelSource":2,"StreetNameEN":"Fuk Wa Street","StreetNameTC":"福華街","ST_CODE":10560,"FloorID":null,"BuildingID_1":null,"BuildingID_2":null,"SiteID":null,"TerminalID":null,"AccessTimeID":null,"CreationDate":1614441600000,"ModifiedBy":"LANDSD","LastAmendmentDate":1655049600000,"Shape__Length":4.8618592019822993}},{"type":"Feature","id":171675,"geometry":{"type":"LineString","coordinates":[[114.16278215234621,22.331278835681879,5.314700000002631],[114.16272088314915,22.331326457643634,5.2816000000020722]]},"properties":{"OBJECTID":171675,"PedestrianRouteID":220013865,"Location":1,"FeatureType":1,"AliasNameEN":"Fuk Wa Street","AliasNameTC":"福華街","CrossingFeature":null,"WeatherProof":1,"WheelchairBarrier":2,"WheelchairAccess":2,"ObstaclesType":null,"Gradient":0.0040243099999999997,"Direction":0,"PositionCertainty":1,"Enabled":1,"DataSource":1,"LevelSource":2,"StreetNameEN":"Fuk Wa Street","StreetNameTC":"福華街","ST_CODE":10560,"FloorID":null,"BuildingID_1":null,"BuildingID_2":null,"SiteID":null,"TerminalID":null,"AccessTimeID":null,"CreationDate":1614441600000,"ModifiedBy":"LANDSD","LastAmendmentDate":1655049600000,"Shape__Length":8.2249685853797772}},{"type":"Feature","id":171676,"geometry":{"type":"LineString","coordinates":[[114.16253951385053,22.331467428084341,5.1502999999938766],[114.1624201727501,22.331560320519714,5.0323999999964144]]},"properties":{"OBJECTID":171676,"PedestrianRouteID":220013866,"Location":1,"FeatureType":1,"AliasNameEN":"Fuk Wa Street","AliasNameTC":"福華街","CrossingFeature":null,"WeatherProof":2,"WheelchairBarrier":2,"WheelchairAccess":2,"ObstaclesType":null,"Gradient":0.0073547400000000002,"Direction":0,"PositionCertainty":1,"Enabled":1,"DataSource":1,"LevelSource":12,"StreetNameEN":"Fuk Wa Street","StreetNameTC":"福華街","ST_CODE":10560,"FloorID":null,"BuildingID_1":null,"BuildingID_2":null,"SiteID":null,"TerminalID":null,"AccessTimeID":null,"CreationDate":1614441600000,"ModifiedBy":"LANDSD","LastAmendmentDate":1689004800000,"Shape__Length":16.030200083582386}},{"type":"Feature","id":171677,"geometry":{"type":"LineString","coordinates":[[114.16272088314915,22.331326457643634,5.2816000000020722],[114.16270152240423,22.331341506323191,5.2710999999981141]]},"properties":{"OBJECTID":171677,"PedestrianRouteID":220013867,"Location":1,"FeatureType":1,"AliasNameEN":"Fuk Wa Street","AliasNameTC":"福華街","CrossingFeature":null,"WeatherProof":2,"WheelchairBarrier":2,"WheelchairAccess":2,"ObstaclesType":null,"Gradient":0.00403988,"Direction":0,"PositionCertainty":1,"Enabled":1,"DataSource":1,"LevelSource":2,"StreetNameEN":"Fuk Wa Street","StreetNameTC":"福華街","ST_CODE":10560,"FloorID":null,"BuildingID_1":null,"BuildingID_2":null,"SiteID":null,"TerminalID":null,"AccessTimeID":null,"CreationDate":1614441600000,"ModifiedBy":"LANDSD","LastAmendmentDate":1655049600000,"Shape__Length":2.5990742431054072}},{"type":"Feature","id":171678,"geometry":{"type":"LineString","coordinates":[[114.16270152240423,22.331341506323191,5.2710999999981141],[114.16253951385053,22.331467428084341,5.1502999999938766]]},"properties":{"OBJECTID":171678,"PedestrianRouteID":220013868,"Location":1,"FeatureType":1,"AliasNameEN":"Fuk Wa Street","AliasNameTC":"福華街","CrossingFeature":null,"WeatherProof":1,"WheelchairBarrier":2,"WheelchairAccess":2,"ObstaclesType":null,"Gradient":0.0040232499999999999,"Direction":0,"PositionCertainty":1,"Enabled":1,"DataSource":1,"LevelSource":2,"StreetNameEN":"Fuk Wa Street","StreetNameTC":"福華街","ST_CODE":10560,"FloorID":null,"BuildingID_1":null,"BuildingID_2":null,"SiteID":null,"TerminalID":null,"AccessTimeID":null,"CreationDate":1614441600000,"ModifiedBy":"LANDSD","LastAmendmentDate":1689004800000,"Shape__Length":21.748479337171243}},{"type":"Feature","id":171679,"geometry":{"type":"LineString","coordinates":[[114.16292940404905,22.33116438305424,5.3942999999999302],[114.16288534544209,22.331198628651297,5.3705000000045402]]},"properties":{"OBJECTID":171679,"PedestrianRouteID":220013869,"Location":1,"FeatureType":1,"AliasNameEN":"Fuk Wa Street","AliasNameTC":"福華街","CrossingFeature":null,"WeatherProof":2,"WheelchairBarrier":2,"WheelchairAccess":2,"ObstaclesType":null,"Gradient":0.0040239100000000003,"Direction":0,"PositionCertainty":1,"Enabled":1,"DataSource":1,"LevelSource":2,"StreetNameEN":"Fuk Wa Street","StreetNameTC":"福華街","ST_CODE":10560,"FloorID":null,"BuildingID_1":null,"BuildingID_2":null,"SiteID":null,"TerminalID":null,"AccessTimeID":null,"CreationDate":1614441600000,"ModifiedBy":"LANDSD","LastAmendmentDate":1655049600000,"Shape__Length":5.9146178844171073}},{"type":"Feature","id":171680,"geometry":{"type":"LineString","coordinates":[[114.16288534544209,22.331198628651297,5.3705000000045402],[114.16281836925134,22.331250685980699,5.3343000000022585]]},"properties":{"OBJECTID":171680,"PedestrianRouteID":220013870,"Location":1,"FeatureType":1,"AliasNameEN":"Fuk Wa Street","AliasNameTC":"福華街","CrossingFeature":null,"WeatherProof":1,"WheelchairBarrier":2,"WheelchairAccess":2,"ObstaclesType":null,"Gradient":0.0040261999999999997,"Direction":0,"PositionCertainty":1,"Enabled":1,"DataSource":1,"LevelSource":2,"StreetNameEN":"Fuk Wa Street","StreetNameTC":"福華街","ST_CODE":10560,"FloorID":null,"BuildingID_1":null,"BuildingID_2":null,"SiteID":null,"TerminalID":null,"AccessTimeID":null,"CreationDate":1614441600000,"ModifiedBy":"LANDSD","LastAmendmentDate":1655049600000,"Shape__Length":8.9910650863972617}},{"type":"Feature","id":171681,"geometry":{"type":"LineString","coordinates":[[114.16305504755297,22.331066726240152,5.4621999999944819],[114.16301455263847,22.331098200690263,5.4403000000020256]]},"properties":{"OBJECTID":171681,"PedestrianRouteID":220013871,"Location":1,"FeatureType":1,"AliasNameEN":"Fuk Wa Street","AliasNameTC":"福華街","CrossingFeature":null,"WeatherProof":2,"WheelchairBarrier":2,"WheelchairAccess":2,"ObstaclesType":null,"Gradient":0.0040285800000000004,"Direction":0,"PositionCertainty":1,"Enabled":1,"DataSource":1,"LevelSource":2,"StreetNameEN":"Fuk Wa Street","StreetNameTC":"福華街","ST_CODE":10560,"FloorID":null,"BuildingID_1":null,"BuildingID_2":null,"SiteID":null,"TerminalID":null,"AccessTimeID":null,"CreationDate":1614441600000,"ModifiedBy":"LANDSD","LastAmendmentDate":1655049600000,"Shape__Length":5.4361306774184399}},{"type":"Feature","id":171682,"geometry":{"type":"LineString","coordinates":[[114.16301455263847,22.331098200690263,5.4403000000020256],[114.16292940404905,22.33116438305424,5.3942999999999302]]},"properties":{"OBJECTID":171682,"PedestrianRouteID":220013872,"Location":1,"FeatureType":1,"AliasNameEN":"Fuk Wa Street","AliasNameTC":"福華街","CrossingFeature":null,"WeatherProof":1,"WheelchairBarrier":2,"WheelchairAccess":2,"ObstaclesType":null,"Gradient":0.00402426,"Direction":0,"PositionCertainty":1,"Enabled":1,"DataSource":1,"LevelSource":2,"StreetNameEN":"Fuk Wa Street","StreetNameTC":"福華街","ST_CODE":10560,"FloorID":null,"BuildingID_1":null,"BuildingID_2":null,"SiteID":null,"TerminalID":null,"AccessTimeID":null,"CreationDate":1614441600000,"ModifiedBy":"LANDSD","LastAmendmentDate":1655049600000,"Shape__Length":11.430618015793987}},{"type":"Feature","id":171683,"geometry":{"type":"LineString","coordinates":[[114.16348667526407,22.329654256500397,4.6223999999929219],[114.16348902639525,22.329652428903962,4.6269000000029337]]},"properties":{"OBJECTID":171683,"PedestrianRouteID":220013873,"Location":1,"FeatureType":1,"AliasNameEN":"Cheung Sha Wan Road","AliasNameTC":"長沙灣道","CrossingFeature":null,"WeatherProof":2,"WheelchairBarrier":2,"WheelchairAccess":2,"ObstaclesType":null,"Gradient":0.01425593,"Direction":0,"PositionCertainty":1,"Enabled":1,"DataSource":1,"LevelSource":2,"StreetNameEN":"Cheung Sha Wan Road","StreetNameTC":"長沙灣道","ST_CODE":10206,"FloorID":null,"BuildingID_1":null,"BuildingID_2":null,"SiteID":null,"TerminalID":null,"AccessTimeID":null,"CreationDate":1614441600000,"ModifiedBy":"LANDSD","LastAmendmentDate":1655049600000,"Shape__Length":0.3156368165493515}},{"type":"Feature","id":171684,"geometry":{"type":"LineString","coordinates":[[114.16347670770962,22.32966200482263,4.6034999999974389],[114.16348667526407,22.329654256500397,4.6223999999929219]]},"properties":{"OBJECTID":171684,"PedestrianRouteID":220013874,"Location":1,"FeatureType":1,"AliasNameEN":"Cheung Sha Wan Road","AliasNameTC":"長沙灣道","CrossingFeature":null,"WeatherProof":1,"WheelchairBarrier":2,"WheelchairAccess":2,"ObstaclesType":null,"Gradient":0.014123,"Direction":0,"PositionCertainty":1,"Enabled":1,"DataSource":1,"LevelSource":2,"StreetNameEN":"Cheung Sha Wan Road","StreetNameTC":"長沙灣道","ST_CODE":10206,"FloorID":null,"BuildingID_1":null,"BuildingID_2":null,"SiteID":null,"TerminalID":null,"AccessTimeID":null,"CreationDate":1614441600000,"ModifiedBy":"LANDSD","LastAmendmentDate":1655049600000,"Shape__Length":1.3381531495097911}},{"type":"Feature","id":171685,"geometry":{"type":"LineString","coordinates":[[114.16116914809371,22.32872013962325,4.2451000000000931],[114.16117522592815,22.328715444306805,4.24649999999383]]},"properties":{"OBJECTID":171685,"PedestrianRouteID":220013875,"Location":1,"FeatureType":1,"AliasNameEN":"Pei Ho Street","AliasNameTC":"北河街","CrossingFeature":null,"WeatherProof":2,"WheelchairBarrier":2,"WheelchairAccess":2,"ObstaclesType":null,"Gradient":0.0017201499999999999,"Direction":0,"PositionCertainty":1,"Enabled":1,"DataSource":1,"LevelSource":2,"StreetNameEN":"Pei Ho Street","StreetNameTC":"北河街","ST_CODE":11675,"FloorID":null,"BuildingID_1":null,"BuildingID_2":null,"SiteID":null,"TerminalID":null,"AccessTimeID":null,"CreationDate":1614441600000,"ModifiedBy":"LANDSD","LastAmendmentDate":1655049600000,"Shape__Length":0.81388034103768603}},{"type":"Feature","id":171686,"geometry":{"type":"LineString","coordinates":[[114.16116273341028,22.328725094987714,4.2437000000063563],[114.16116914809371,22.32872013962325,4.2451000000000931]]},"properties":{"OBJECTID":171686,"PedestrianRouteID":220013876,"Location":1,"FeatureType":1,"AliasNameEN":"Pei Ho Street","AliasNameTC":"北河街","CrossingFeature":null,"WeatherProof":1,"WheelchairBarrier":2,"WheelchairAccess":2,"ObstaclesType":null,"Gradient":0.0016301200000000001,"Direction":0,"PositionCertainty":1,"Enabled":1,"DataSource":1,"LevelSource":2,"StreetNameEN":"Pei Ho Street","StreetNameTC":"北河街","ST_CODE":11675,"FloorID":null,"BuildingID_1":null,"BuildingID_2":null,"SiteID":null,"TerminalID":null,"AccessTimeID":null,"CreationDate":1614441600000,"ModifiedBy":"LANDSD","LastAmendmentDate":1690819200000,"Shape__Length":0.85897501747286265}},{"type":"Feature","id":171690,"geometry":{"type":"LineString","coordinates":[[114.16332165816812,22.331142874675397,5.6242000000056578],[114.1633066336847,22.331126138852355,5.6122000000032131]]},"properties":{"OBJECTID":171690,"PedestrianRouteID":220013880,"Location":1,"FeatureType":1,"AliasNameEN":"Pei Ho Street","AliasNameTC":"北河街","CrossingFeature":null,"WeatherProof":2,"WheelchairBarrier":2,"WheelchairAccess":2,"ObstaclesType":null,"Gradient":0.0049697300000000003,"Direction":0,"PositionCertainty":1,"Enabled":1,"DataSource":1,"LevelSource":2,"StreetNameEN":"Pei Ho Street","StreetNameTC":"北河街","ST_CODE":11675,"FloorID":null,"BuildingID_1":null,"BuildingID_2":null,"SiteID":null,"TerminalID":null,"AccessTimeID":null,"CreationDate":1614441600000,"ModifiedBy":"LANDSD","LastAmendmentDate":1655049600000,"Shape__Length":2.414598022674578}},{"type":"Feature","id":171691,"geometry":{"type":"LineString","coordinates":[[114.1633066336847,22.331126138852355,5.6122000000032131],[114.16317805616764,22.330982097525258,5.3907999999937601]]},"properties":{"OBJECTID":171691,"PedestrianRouteID":220013881,"Location":1,"FeatureType":1,"AliasNameEN":"Pei Ho Street","AliasNameTC":"北河街","CrossingFeature":null,"WeatherProof":1,"WheelchairBarrier":2,"WheelchairAccess":2,"ObstaclesType":null,"Gradient":0.0036752,"Direction":0,"PositionCertainty":1,"Enabled":1,"DataSource":1,"LevelSource":2,"StreetNameEN":"Pei Ho Street","StreetNameTC":"北河街","ST_CODE":11675,"FloorID":null,"BuildingID_1":null,"BuildingID_2":null,"SiteID":null,"TerminalID":null,"AccessTimeID":null,"CreationDate":1614441600000,"ModifiedBy":"LANDSD","LastAmendmentDate":1689004800000,"Shape__Length":20.733448491382465}},{"type":"Feature","id":171694,"geometry":{"type":"LineString","coordinates":[[114.16387387075149,22.328193444709964,4.9563999999954831],[114.16386712322675,22.328198673781927,4.9523999999946682]]},"properties":{"OBJECTID":171694,"PedestrianRouteID":220013884,"Location":1,"FeatureType":1,"AliasNameEN":"Shek Kip Mei Street","AliasNameTC":"石硤尾街","CrossingFeature":null,"WeatherProof":1,"WheelchairBarrier":2,"WheelchairAccess":2,"ObstaclesType":null,"Gradient":0.00442122,"Direction":0,"PositionCertainty":1,"Enabled":1,"DataSource":1,"LevelSource":2,"StreetNameEN":"Shek Kip Mei Street","StreetNameTC":"石硤尾街","ST_CODE":11995,"FloorID":null,"BuildingID_1":null,"BuildingID_2":null,"SiteID":null,"TerminalID":null,"AccessTimeID":null,"CreationDate":1614441600000,"ModifiedBy":"LANDSD","LastAmendmentDate":1655049600000,"Shape__Length":0.90472140456488359}},{"type":"Feature","id":171695,"geometry":{"type":"LineString","coordinates":[[114.16386712322675,22.328198673781927,4.9523999999946682],[114.16383942837433,22.328220139070037,4.9358999999967637]]},"properties":{"OBJECTID":171695,"PedestrianRouteID":220013885,"Location":1,"FeatureType":1,"AliasNameEN":"Shek Kip Mei Street","AliasNameTC":"石硤尾街","CrossingFeature":null,"WeatherProof":2,"WheelchairBarrier":2,"WheelchairAccess":2,"ObstaclesType":null,"Gradient":0.0044431200000000001,"Direction":0,"PositionCertainty":1,"Enabled":1,"DataSource":1,"LevelSource":2,"StreetNameEN":"Shek Kip Mei Street","StreetNameTC":"石硤尾街","ST_CODE":11995,"FloorID":null,"BuildingID_1":null,"BuildingID_2":null,"SiteID":null,"TerminalID":null,"AccessTimeID":null,"CreationDate":1614441600000,"ModifiedBy":"LANDSD","LastAmendmentDate":1655049600000,"Shape__Length":3.7135816728090862}},{"type":"Feature","id":171698,"geometry":{"type":"LineString","coordinates":[[114.16100104248513,22.331951857041616,4.8821999999927357],[114.16100441979204,22.331949212314512,4.8821999999927357]]},"properties":{"OBJECTID":171698,"PedestrianRouteID":220013888,"Location":1,"FeatureType":1,"AliasNameEN":"Yen Chow Street","AliasNameTC":"欽州街","CrossingFeature":null,"WeatherProof":2,"WheelchairBarrier":2,"WheelchairAccess":2,"ObstaclesType":null,"Gradient":0,"Direction":0,"PositionCertainty":1,"Enabled":1,"DataSource":1,"LevelSource":2,"StreetNameEN":"Yen Chow Street","StreetNameTC":"欽州街","ST_CODE":12852,"FloorID":null,"BuildingID_1":null,"BuildingID_2":null,"SiteID":null,"TerminalID":null,"AccessTimeID":null,"CreationDate":1614441600000,"ModifiedBy":"LANDSD","LastAmendmentDate":1655049600000,"Shape__Length":0.45477996822058592}},{"type":"Feature","id":171699,"geometry":{"type":"LineString","coordinates":[[114.16099037955269,22.331960206577318,4.883799999995972],[114.16100104248513,22.331951857041616,4.8821999999927357]]},"properties":{"OBJECTID":171699,"PedestrianRouteID":220013889,"Location":1,"FeatureType":1,"AliasNameEN":"Yen Chow Street","AliasNameTC":"欽州街","CrossingFeature":null,"WeatherProof":1,"WheelchairBarrier":2,"WheelchairAccess":2,"ObstaclesType":null,"Gradient":0.0011143500000000001,"Direction":0,"PositionCertainty":1,"Enabled":1,"DataSource":1,"LevelSource":2,"StreetNameEN":"Yen Chow Street","StreetNameTC":"欽州街","ST_CODE":12852,"FloorID":null,"BuildingID_1":null,"BuildingID_2":null,"SiteID":null,"TerminalID":null,"AccessTimeID":null,"CreationDate":1614441600000,"ModifiedBy":"LANDSD","LastAmendmentDate":1655049600000,"Shape__Length":1.4358107987949649}},{"type":"Feature","id":171700,"geometry":{"type":"LineString","coordinates":[[114.16119162762624,22.331802623531402,4.8607999999949243],[114.16119320318168,22.331801390106151,4.8607999999949243]]},"properties":{"OBJECTID":171700,"PedestrianRouteID":220013890,"Location":1,"FeatureType":1,"AliasNameEN":"Yen Chow Street","AliasNameTC":"欽州街","CrossingFeature":null,"WeatherProof":1,"WheelchairBarrier":2,"WheelchairAccess":2,"ObstaclesType":null,"Gradient":0,"Direction":0,"PositionCertainty":1,"Enabled":1,"DataSource":1,"LevelSource":2,"StreetNameEN":"Yen Chow Street","StreetNameTC":"欽州街","ST_CODE":12852,"FloorID":null,"BuildingID_1":null,"BuildingID_2":null,"SiteID":null,"TerminalID":null,"AccessTimeID":null,"CreationDate":1614441600000,"ModifiedBy":"LANDSD","LastAmendmentDate":1655049600000,"Shape__Length":0.21213403829535052}},{"type":"Feature","id":171701,"geometry":{"type":"LineString","coordinates":[[114.16118107538401,22.331810886396919,4.8622000000032131],[114.16119162762624,22.331802623531402,4.8607999999949243]]},"properties":{"OBJECTID":171701,"PedestrianRouteID":220013891,"Location":1,"FeatureType":1,"AliasNameEN":"Yen Chow Street","AliasNameTC":"欽州街","CrossingFeature":null,"WeatherProof":2,"WheelchairBarrier":2,"WheelchairAccess":2,"ObstaclesType":null,"Gradient":0.00098528999999999999,"Direction":0,"PositionCertainty":1,"Enabled":1,"DataSource":1,"LevelSource":2,"StreetNameEN":"Yen Chow Street","StreetNameTC":"欽州街","ST_CODE":12852,"FloorID":null,"BuildingID_1":null,"BuildingID_2":null,"SiteID":null,"TerminalID":null,"AccessTimeID":null,"CreationDate":1614441600000,"ModifiedBy":"LANDSD","LastAmendmentDate":1655049600000,"Shape__Length":1.4209071076901814}},{"type":"Feature","id":171702,"geometry":{"type":"LineString","coordinates":[[114.16304875644593,22.332569942579145,6.107399999993504],[114.16304364537494,22.332564124645046,6.1005000000004657]]},"properties":{"OBJECTID":171702,"PedestrianRouteID":220013892,"Location":1,"FeatureType":1,"AliasNameEN":"Un Chau Street","AliasNameTC":"元州街","CrossingFeature":null,"WeatherProof":2,"WheelchairBarrier":2,"WheelchairAccess":2,"ObstaclesType":null,"Gradient":0.0082926200000000005,"Direction":0,"PositionCertainty":1,"Enabled":1,"DataSource":1,"LevelSource":2,"StreetNameEN":"Un Chau Street","StreetNameTC":"元州街","ST_CODE":12556,"FloorID":null,"BuildingID_1":null,"BuildingID_2":null,"SiteID":null,"TerminalID":null,"AccessTimeID":null,"CreationDate":1614441600000,"ModifiedBy":"LANDSD","LastAmendmentDate":1655049600000,"Shape__Length":0.83204639189569429}},{"type":"Feature","id":171703,"geometry":{"type":"LineString","coordinates":[[114.16305414898531,22.332576082025643,6.1146000000007916],[114.16304875644593,22.332569942579145,6.107399999993504]]},"properties":{"OBJECTID":171703,"PedestrianRouteID":220013893,"Location":1,"FeatureType":1,"AliasNameEN":"Un Chau Street","AliasNameTC":"元州街","CrossingFeature":null,"WeatherProof":1,"WheelchairBarrier":2,"WheelchairAccess":2,"ObstaclesType":null,"Gradient":0.0082006200000000005,"Direction":0,"PositionCertainty":1,"Enabled":1,"DataSource":1,"LevelSource":2,"StreetNameEN":"Un Chau Street","StreetNameTC":"元州街","ST_CODE":12556,"FloorID":null,"BuildingID_1":null,"BuildingID_2":null,"SiteID":null,"TerminalID":null,"AccessTimeID":null,"CreationDate":1614441600000,"ModifiedBy":"LANDSD","LastAmendmentDate":1655049600000,"Shape__Length":0.87796321145179879}},{"type":"Feature","id":171704,"geometry":{"type":"LineString","coordinates":[[114.16312818035168,22.328741137082829,4.3361000000004424],[114.1631238390553,22.328736301741177,4.3347999999969034]]},"properties":{"OBJECTID":171704,"PedestrianRouteID":220013894,"Location":1,"FeatureType":1,"AliasNameEN":"Yu Chau Street","AliasNameTC":"汝州街","CrossingFeature":null,"WeatherProof":1,"WheelchairBarrier":2,"WheelchairAccess":2,"ObstaclesType":null,"Gradient":0.00186337,"Direction":0,"PositionCertainty":1,"Enabled":1,"DataSource":1,"LevelSource":2,"StreetNameEN":"Yu Chau Street","StreetNameTC":"汝州街","ST_CODE":12888,"FloorID":null,"BuildingID_1":null,"BuildingID_2":null,"SiteID":null,"TerminalID":null,"AccessTimeID":null,"CreationDate":1614441600000,"ModifiedBy":"LANDSD","LastAmendmentDate":1655049600000,"Shape__Length":0.69766069740438863}},{"type":"Feature","id":171705,"geometry":{"type":"LineString","coordinates":[[114.1631238390553,22.328736301741177,4.3347999999969034],[114.16311885525117,22.328730752025848,4.3334000000031665]]},"properties":{"OBJECTID":171705,"PedestrianRouteID":220013895,"Location":1,"FeatureType":1,"AliasNameEN":"Yu Chau Street","AliasNameTC":"汝州街","CrossingFeature":null,"WeatherProof":2,"WheelchairBarrier":2,"WheelchairAccess":2,"ObstaclesType":null,"Gradient":0.0017482299999999999,"Direction":0,"PositionCertainty":1,"Enabled":1,"DataSource":1,"LevelSource":2,"StreetNameEN":"Yu Chau Street","StreetNameTC":"汝州街","ST_CODE":12888,"FloorID":null,"BuildingID_1":null,"BuildingID_2":null,"SiteID":null,"TerminalID":null,"AccessTimeID":null,"CreationDate":1614441600000,"ModifiedBy":"LANDSD","LastAmendmentDate":1655049600000,"Shape__Length":0.80080740610848877}},{"type":"Feature","id":171706,"geometry":{"type":"LineString","coordinates":[[114.16303755378767,22.3286402153302,4.3093999999982771],[114.16303234385113,22.328634414542691,4.3078999999997905]]},"properties":{"OBJECTID":171706,"PedestrianRouteID":220013896,"Location":1,"FeatureType":1,"AliasNameEN":"Yu Chau Street","AliasNameTC":"汝州街","CrossingFeature":null,"WeatherProof":1,"WheelchairBarrier":2,"WheelchairAccess":2,"ObstaclesType":null,"Gradient":0.0017919399999999999,"Direction":0,"PositionCertainty":1,"Enabled":1,"DataSource":1,"LevelSource":2,"StreetNameEN":"Yu Chau Street","StreetNameTC":"汝州街","ST_CODE":12888,"FloorID":null,"BuildingID_1":null,"BuildingID_2":null,"SiteID":null,"TerminalID":null,"AccessTimeID":null,"CreationDate":1614441600000,"ModifiedBy":"LANDSD","LastAmendmentDate":1655049600000,"Shape__Length":0.83708036078321946}},{"type":"Feature","id":171707,"geometry":{"type":"LineString","coordinates":[[114.16304286757381,22.328646133523964,4.3110000000015134],[114.16303755378767,22.3286402153302,4.3093999999982771]]},"properties":{"OBJECTID":171707,"PedestrianRouteID":220013897,"Location":1,"FeatureType":1,"AliasNameEN":"Yu Chau Street","AliasNameTC":"汝州街","CrossingFeature":null,"WeatherProof":2,"WheelchairBarrier":2,"WheelchairAccess":2,"ObstaclesType":null,"Gradient":0.0018737199999999999,"Direction":0,"PositionCertainty":1,"Enabled":1,"DataSource":1,"LevelSource":2,"StreetNameEN":"Yu Chau Street","StreetNameTC":"汝州街","ST_CODE":12888,"FloorID":null,"BuildingID_1":null,"BuildingID_2":null,"SiteID":null,"TerminalID":null,"AccessTimeID":null,"CreationDate":1614441600000,"ModifiedBy":"LANDSD","LastAmendmentDate":1655049600000,"Shape__Length":0.85391705557424935}},{"type":"Feature","id":171710,"geometry":{"type":"LineString","coordinates":[[114.15999206045589,22.329121659528528,4.1582000000053085],[114.15998906441992,22.329118293518849,4.1627000000007683]]},"properties":{"OBJECTID":171710,"PedestrianRouteID":220013900,"Location":1,"FeatureType":1,"AliasNameEN":"Lai Chi Kok Road","AliasNameTC":"荔枝角道","CrossingFeature":null,"WeatherProof":2,"WheelchairBarrier":2,"WheelchairAccess":2,"ObstaclesType":null,"Gradient":0.0092983400000000004,"Direction":0,"PositionCertainty":1,"Enabled":1,"DataSource":1,"LevelSource":2,"StreetNameEN":"Lai Chi Kok Road","StreetNameTC":"荔枝角道","ST_CODE":11149,"FloorID":null,"BuildingID_1":null,"BuildingID_2":null,"SiteID":null,"TerminalID":null,"AccessTimeID":null,"CreationDate":1614441600000,"ModifiedBy":"LANDSD","LastAmendmentDate":1655049600000,"Shape__Length":0.48394315791831327}},{"type":"Feature","id":171711,"geometry":{"type":"LineString","coordinates":[[114.16000144454254,22.32913220099999,4.1440000000002328],[114.15999206045589,22.329121659528528,4.1582000000053085]]},"properties":{"OBJECTID":171711,"PedestrianRouteID":220013901,"Location":1,"FeatureType":1,"AliasNameEN":"Lai Chi Kok Road","AliasNameTC":"荔枝角道","CrossingFeature":null,"WeatherProof":1,"WheelchairBarrier":2,"WheelchairAccess":2,"ObstaclesType":null,"Gradient":0.0093685299999999999,"Direction":0,"PositionCertainty":1,"Enabled":1,"DataSource":1,"LevelSource":2,"StreetNameEN":"Lai Chi Kok Road","StreetNameTC":"荔枝角道","ST_CODE":11149,"FloorID":null,"BuildingID_1":null,"BuildingID_2":null,"SiteID":null,"TerminalID":null,"AccessTimeID":null,"CreationDate":1614441600000,"ModifiedBy":"LANDSD","LastAmendmentDate":1655049600000,"Shape__Length":1.5156686473498575}},{"type":"Feature","id":171712,"geometry":{"type":"LineString","coordinates":[[114.16070657924051,22.328223568373595,4.1282999999966705],[114.16071301236737,22.328218545299325,4.125]]},"properties":{"OBJECTID":171712,"PedestrianRouteID":220013902,"Location":1,"FeatureType":1,"AliasNameEN":"Pei Ho Street","AliasNameTC":"北河街","CrossingFeature":null,"WeatherProof":1,"WheelchairBarrier":2,"WheelchairAccess":2,"ObstaclesType":null,"Gradient":0.00381395,"Direction":0,"PositionCertainty":1,"Enabled":1,"DataSource":1,"LevelSource":2,"StreetNameEN":"Pei Ho Street","StreetNameTC":"北河街","ST_CODE":11675,"FloorID":null,"BuildingID_1":null,"BuildingID_2":null,"SiteID":null,"TerminalID":null,"AccessTimeID":null,"CreationDate":1614441600000,"ModifiedBy":"LANDSD","LastAmendmentDate":1655049600000,"Shape__Length":0.86524041721021727}},{"type":"Feature","id":171713,"geometry":{"type":"LineString","coordinates":[[114.16071301236737,22.328218545299325,4.125],[114.16072012307356,22.328212994002953,4.1214000000036322]]},"properties":{"OBJECTID":171713,"PedestrianRouteID":220013903,"Location":1,"FeatureType":1,"AliasNameEN":"Pei Ho Street","AliasNameTC":"北河街","CrossingFeature":null,"WeatherProof":2,"WheelchairBarrier":2,"WheelchairAccess":2,"ObstaclesType":null,"Gradient":0.00376444,"Direction":0,"PositionCertainty":1,"Enabled":1,"DataSource":1,"LevelSource":2,"StreetNameEN":"Pei Ho Street","StreetNameTC":"北河街","ST_CODE":11675,"FloorID":null,"BuildingID_1":null,"BuildingID_2":null,"SiteID":null,"TerminalID":null,"AccessTimeID":null,"CreationDate":1614441600000,"ModifiedBy":"LANDSD","LastAmendmentDate":1655049600000,"Shape__Length":0.95631338513242525}},{"type":"Feature","id":171714,"geometry":{"type":"LineString","coordinates":[[114.16341955037736,22.331038263521407,5.5696000000025379],[114.16343691976668,22.33105766987083,5.5758999999961816]]},"properties":{"OBJECTID":171714,"PedestrianRouteID":220013904,"Location":1,"FeatureType":1,"AliasNameEN":"Pei Ho Street","AliasNameTC":"北河街","CrossingFeature":null,"WeatherProof":2,"WheelchairBarrier":2,"WheelchairAccess":2,"ObstaclesType":null,"Gradient":0.0022528700000000001,"Direction":0,"PositionCertainty":1,"Enabled":1,"DataSource":1,"LevelSource":2,"StreetNameEN":"Pei Ho Street","StreetNameTC":"北河街","ST_CODE":11675,"FloorID":null,"BuildingID_1":null,"BuildingID_2":null,"SiteID":null,"TerminalID":null,"AccessTimeID":null,"CreationDate":1614441600000,"ModifiedBy":"LANDSD","LastAmendmentDate":1655049600000,"Shape__Length":2.7964280061506548}},{"type":"Feature","id":171715,"geometry":{"type":"LineString","coordinates":[[114.16329240086036,22.330892454213721,5.3999000000039814],[114.16341955037736,22.331038263521407,5.5696000000025379]]},"properties":{"OBJECTID":171715,"PedestrianRouteID":220013905,"Location":1,"FeatureType":1,"AliasNameEN":"Pei Ho Street","AliasNameTC":"北河街","CrossingFeature":null,"WeatherProof":1,"WheelchairBarrier":2,"WheelchairAccess":2,"ObstaclesType":null,"Gradient":0.00098598000000000002,"Direction":0,"PositionCertainty":1,"Enabled":1,"DataSource":1,"LevelSource":2,"StreetNameEN":"Pei Ho Street","StreetNameTC":"北河街","ST_CODE":11675,"FloorID":null,"BuildingID_1":null,"BuildingID_2":null,"SiteID":null,"TerminalID":null,"AccessTimeID":null,"CreationDate":1614441600000,"ModifiedBy":"LANDSD","LastAmendmentDate":1689004800000,"Shape__Length":20.791443559505357}},{"type":"Feature","id":171718,"geometry":{"type":"LineString","coordinates":[[114.16411201209981,22.331745959276098,5.9855999999999767],[114.16410680782741,22.331740161234901,5.9817000000039116]]},"properties":{"OBJECTID":171718,"PedestrianRouteID":220013908,"Location":1,"FeatureType":1,"AliasNameEN":"Un Chau Street","AliasNameTC":"元州街","CrossingFeature":null,"WeatherProof":2,"WheelchairBarrier":2,"WheelchairAccess":2,"ObstaclesType":null,"Gradient":0.0046624400000000003,"Direction":0,"PositionCertainty":1,"Enabled":1,"DataSource":1,"LevelSource":2,"StreetNameEN":"Un Chau Street","StreetNameTC":"元州街","ST_CODE":12556,"FloorID":null,"BuildingID_1":null,"BuildingID_2":null,"SiteID":null,"TerminalID":null,"AccessTimeID":null,"CreationDate":1614441600000,"ModifiedBy":"LANDSD","LastAmendmentDate":1655049600000,"Shape__Length":0.83646544385638033}},{"type":"Feature","id":171719,"geometry":{"type":"LineString","coordinates":[[114.16411794916371,22.331752574642163,5.9900000000052387],[114.16411201209981,22.331745959276098,5.9855999999999767]]},"properties":{"OBJECTID":171719,"PedestrianRouteID":220013909,"Location":1,"FeatureType":1,"AliasNameEN":"Un Chau Street","AliasNameTC":"元州街","CrossingFeature":null,"WeatherProof":1,"WheelchairBarrier":2,"WheelchairAccess":2,"ObstaclesType":null,"Gradient":0.0046105599999999997,"Direction":0,"PositionCertainty":1,"Enabled":1,"DataSource":1,"LevelSource":2,"StreetNameEN":"Un Chau Street","StreetNameTC":"元州街","ST_CODE":12556,"FloorID":null,"BuildingID_1":null,"BuildingID_2":null,"SiteID":null,"TerminalID":null,"AccessTimeID":null,"CreationDate":1614441600000,"ModifiedBy":"LANDSD","LastAmendmentDate":1655049600000,"Shape__Length":0.95432339332471372}},{"type":"Feature","id":171720,"geometry":{"type":"LineString","coordinates":[[114.16129766604737,22.330153839223399,4.3669999999983702],[114.16129381392463,22.330149582740773,4.3656000000046333]]},"properties":{"OBJECTID":171720,"PedestrianRouteID":220013910,"Location":1,"FeatureType":1,"AliasNameEN":"Yu Chau Street","AliasNameTC":"汝州街","CrossingFeature":null,"WeatherProof":1,"WheelchairBarrier":2,"WheelchairAccess":2,"ObstaclesType":null,"Gradient":0.0022721299999999998,"Direction":0,"PositionCertainty":1,"Enabled":1,"DataSource":1,"LevelSource":2,"StreetNameEN":"Yu Chau Street","StreetNameTC":"汝州街","ST_CODE":12888,"FloorID":null,"BuildingID_1":null,"BuildingID_2":null,"SiteID":null,"TerminalID":null,"AccessTimeID":null,"CreationDate":1614441600000,"ModifiedBy":"LANDSD","LastAmendmentDate":1655049600000,"Shape__Length":0.61616012557322808}},{"type":"Feature","id":171721,"geometry":{"type":"LineString","coordinates":[[114.16129381392463,22.330149582740773,4.3656000000046333],[114.16127073030941,22.33012407725904,4.3570999999938067]]},"properties":{"OBJECTID":171721,"PedestrianRouteID":220013911,"Location":1,"FeatureType":1,"AliasNameEN":"Yu Chau Street","AliasNameTC":"汝州街","CrossingFeature":null,"WeatherProof":2,"WheelchairBarrier":2,"WheelchairAccess":2,"ObstaclesType":null,"Gradient":0.0023021500000000002,"Direction":0,"PositionCertainty":1,"Enabled":1,"DataSource":1,"LevelSource":2,"StreetNameEN":"Yu Chau Street","StreetNameTC":"汝州街","ST_CODE":12888,"FloorID":null,"BuildingID_1":null,"BuildingID_2":null,"SiteID":null,"TerminalID":null,"AccessTimeID":null,"CreationDate":1614441600000,"ModifiedBy":"LANDSD","LastAmendmentDate":1655049600000,"Shape__Length":3.6921981763624165}},{"type":"Feature","id":171724,"geometry":{"type":"LineString","coordinates":[[114.16005497548608,22.329117761228094,4.2146000000066124],[114.16007400517546,22.329103011738624,4.2127999999938766]]},"properties":{"OBJECTID":171724,"PedestrianRouteID":220013914,"Location":1,"FeatureType":1,"AliasNameEN":"Kweilin Street","AliasNameTC":"桂林街","CrossingFeature":null,"WeatherProof":2,"WheelchairBarrier":2,"WheelchairAccess":2,"ObstaclesType":null,"Gradient":0.00070542000000000001,"Direction":0,"PositionCertainty":1,"Enabled":1,"DataSource":1,"LevelSource":2,"StreetNameEN":"Kweilin Street","StreetNameTC":"桂林街","ST_CODE":11114,"FloorID":null,"BuildingID_1":null,"BuildingID_2":null,"SiteID":null,"TerminalID":null,"AccessTimeID":null,"CreationDate":1614441600000,"ModifiedBy":"LANDSD","LastAmendmentDate":1655049600000,"Shape__Length":2.5516853919253206}},{"type":"Feature","id":171725,"geometry":{"type":"LineString","coordinates":[[114.16004680173523,22.329124108882013,4.1600000000034925],[114.16005497548608,22.329117761228094,4.2146000000066124]]},"properties":{"OBJECTID":171725,"PedestrianRouteID":220013915,"Location":1,"FeatureType":1,"AliasNameEN":"Kweilin Street","AliasNameTC":"桂林街","CrossingFeature":null,"WeatherProof":1,"WheelchairBarrier":2,"WheelchairAccess":2,"ObstaclesType":null,"Gradient":0.049735939999999999,"Direction":0,"PositionCertainty":1,"Enabled":1,"DataSource":1,"LevelSource":2,"StreetNameEN":"Kweilin Street","StreetNameTC":"桂林街","ST_CODE":11114,"FloorID":null,"BuildingID_1":null,"BuildingID_2":null,"SiteID":null,"TerminalID":null,"AccessTimeID":null,"CreationDate":1614441600000,"ModifiedBy":"LANDSD","LastAmendmentDate":1655049600000,"Shape__Length":1.0968924286113726}},{"type":"Feature","id":171726,"geometry":{"type":"LineString","coordinates":[[114.16408034325076,22.331781737753921,5.9404999999969732],[114.1640843582732,22.331778661350956,5.9369000000006054]]},"properties":{"OBJECTID":171726,"PedestrianRouteID":220013916,"Location":1,"FeatureType":1,"AliasNameEN":"Pei Ho Street","AliasNameTC":"北河街","CrossingFeature":null,"WeatherProof":1,"WheelchairBarrier":2,"WheelchairAccess":2,"ObstaclesType":null,"Gradient":0.0067181200000000002,"Direction":0,"PositionCertainty":1,"Enabled":1,"DataSource":1,"LevelSource":2,"StreetNameEN":"Pei Ho Street","StreetNameTC":"北河街","ST_CODE":11675,"FloorID":null,"BuildingID_1":null,"BuildingID_2":null,"SiteID":null,"TerminalID":null,"AccessTimeID":null,"CreationDate":1614441600000,"ModifiedBy":"LANDSD","LastAmendmentDate":1655049600000,"Shape__Length":0.53585581158993889}},{"type":"Feature","id":171727,"geometry":{"type":"LineString","coordinates":[[114.16407443041145,22.331786269736988,5.9458000000013271],[114.16408034325076,22.331781737753921,5.9404999999969732]]},"properties":{"OBJECTID":171727,"PedestrianRouteID":220013917,"Location":1,"FeatureType":1,"AliasNameEN":"Pei Ho Street","AliasNameTC":"北河街","CrossingFeature":null,"WeatherProof":2,"WheelchairBarrier":2,"WheelchairAccess":2,"ObstaclesType":null,"Gradient":0.0067151800000000003,"Direction":0,"PositionCertainty":1,"Enabled":1,"DataSource":1,"LevelSource":2,"StreetNameEN":"Pei Ho Street","StreetNameTC":"北河街","ST_CODE":11675,"FloorID":null,"BuildingID_1":null,"BuildingID_2":null,"SiteID":null,"TerminalID":null,"AccessTimeID":null,"CreationDate":1614441600000,"ModifiedBy":"LANDSD","LastAmendmentDate":1655049600000,"Shape__Length":0.78924420840536125}},{"type":"Feature","id":171730,"geometry":{"type":"LineString","coordinates":[[114.1603761450954,22.330854282127362,4.2502999999996973],[114.16037236578316,22.330850016600031,4.2502999999996973]]},"properties":{"OBJECTID":171730,"PedestrianRouteID":220013920,"Location":1,"FeatureType":1,"AliasNameEN":"Yu Chau Street","AliasNameTC":"汝州街","CrossingFeature":null,"WeatherProof":2,"WheelchairBarrier":2,"WheelchairAccess":2,"ObstaclesType":null,"Gradient":0,"Direction":0,"PositionCertainty":1,"Enabled":1,"DataSource":1,"LevelSource":2,"StreetNameEN":"Yu Chau Street","StreetNameTC":"汝州街","ST_CODE":12888,"FloorID":null,"BuildingID_1":null,"BuildingID_2":null,"SiteID":null,"TerminalID":null,"AccessTimeID":null,"CreationDate":1614441600000,"ModifiedBy":"LANDSD","LastAmendmentDate":1655049600000,"Shape__Length":0.61212715263607731}},{"type":"Feature","id":171731,"geometry":{"type":"LineString","coordinates":[[114.16038240221624,22.330861342871039,4.2502999999996973],[114.1603761450954,22.330854282127362,4.2502999999996973]]},"properties":{"OBJECTID":171731,"PedestrianRouteID":220013921,"Location":1,"FeatureType":1,"AliasNameEN":"Yu Chau Street","AliasNameTC":"汝州街","CrossingFeature":null,"WeatherProof":1,"WheelchairBarrier":2,"WheelchairAccess":2,"ObstaclesType":null,"Gradient":0,"Direction":0,"PositionCertainty":1,"Enabled":1,"DataSource":1,"LevelSource":2,"StreetNameEN":"Yu Chau Street","StreetNameTC":"汝州街","ST_CODE":12888,"FloorID":null,"BuildingID_1":null,"BuildingID_2":null,"SiteID":null,"TerminalID":null,"AccessTimeID":null,"CreationDate":1614441600000,"ModifiedBy":"LANDSD","LastAmendmentDate":1655049600000,"Shape__Length":1.0133357440039492}},{"type":"Feature","id":171732,"geometry":{"type":"LineString","coordinates":[[114.16115360377711,22.328747508013954,4.2550000000046566],[114.16115778195321,22.328752178132884,4.2522999999928288]]},"properties":{"OBJECTID":171732,"PedestrianRouteID":220013922,"Location":1,"FeatureType":1,"AliasNameEN":"Tai Nan Street","AliasNameTC":"大南街","CrossingFeature":null,"WeatherProof":1,"WheelchairBarrier":2,"WheelchairAccess":2,"ObstaclesType":null,"Gradient":0.0040127799999999996,"Direction":0,"PositionCertainty":1,"Enabled":1,"DataSource":1,"LevelSource":2,"StreetNameEN":"Tai Nan Street","StreetNameTC":"大南街","ST_CODE":12239,"FloorID":null,"BuildingID_1":null,"BuildingID_2":null,"SiteID":null,"TerminalID":null,"AccessTimeID":null,"CreationDate":1614441600000,"ModifiedBy":"LANDSD","LastAmendmentDate":1655049600000,"Shape__Length":0.67284668431504657}},{"type":"Feature","id":171733,"geometry":{"type":"LineString","coordinates":[[114.16115778195321,22.328752178132884,4.2522999999928288],[114.16116256865847,22.328757528313464,4.2492999999958556]]},"properties":{"OBJECTID":171733,"PedestrianRouteID":220013923,"Location":1,"FeatureType":1,"AliasNameEN":"Tai Nan Street","AliasNameTC":"大南街","CrossingFeature":null,"WeatherProof":2,"WheelchairBarrier":2,"WheelchairAccess":2,"ObstaclesType":null,"Gradient":0.00389187,"Direction":0,"PositionCertainty":1,"Enabled":1,"DataSource":1,"LevelSource":2,"StreetNameEN":"Tai Nan Street","StreetNameTC":"大南街","ST_CODE":12239,"FloorID":null,"BuildingID_1":null,"BuildingID_2":null,"SiteID":null,"TerminalID":null,"AccessTimeID":null,"CreationDate":1614441600000,"ModifiedBy":"LANDSD","LastAmendmentDate":1655049600000,"Shape__Length":0.77083331517079479}},{"type":"Feature","id":171738,"geometry":{"type":"LineString","coordinates":[[114.16393541855284,22.329636563080026,4.5945999999967171],[114.1639300377325,22.32963045978391,4.6070000000036089]]},"properties":{"OBJECTID":171738,"PedestrianRouteID":220013928,"Location":1,"FeatureType":1,"AliasNameEN":"Cheung Sha Wan Road","AliasNameTC":"長沙灣道","CrossingFeature":null,"WeatherProof":1,"WheelchairBarrier":2,"WheelchairAccess":2,"ObstaclesType":null,"Gradient":0.01418494,"Direction":0,"PositionCertainty":1,"Enabled":1,"DataSource":1,"LevelSource":2,"StreetNameEN":"Cheung Sha Wan Road","StreetNameTC":"長沙灣道","ST_CODE":10206,"FloorID":null,"BuildingID_1":null,"BuildingID_2":null,"SiteID":null,"TerminalID":null,"AccessTimeID":null,"CreationDate":1614441600000,"ModifiedBy":"LANDSD","LastAmendmentDate":1655049600000,"Shape__Length":0.87410811830542501}},{"type":"Feature","id":171739,"geometry":{"type":"LineString","coordinates":[[114.1639300377325,22.32963045978391,4.6070000000036089],[114.16391959346852,22.329618611730584,4.6309999999939464]]},"properties":{"OBJECTID":171739,"PedestrianRouteID":220013929,"Location":1,"FeatureType":1,"AliasNameEN":"Cheung Sha Wan Road","AliasNameTC":"長沙灣道","CrossingFeature":null,"WeatherProof":2,"WheelchairBarrier":2,"WheelchairAccess":2,"ObstaclesType":null,"Gradient":0.01414347,"Direction":0,"PositionCertainty":1,"Enabled":1,"DataSource":1,"LevelSource":2,"StreetNameEN":"Cheung Sha Wan Road","StreetNameTC":"長沙灣道","ST_CODE":10206,"FloorID":null,"BuildingID_1":null,"BuildingID_2":null,"SiteID":null,"TerminalID":null,"AccessTimeID":null,"CreationDate":1614441600000,"ModifiedBy":"LANDSD","LastAmendmentDate":1655049600000,"Shape__Length":1.6967830787023808}},{"type":"Feature","id":171740,"geometry":{"type":"LineString","coordinates":[[114.1638291411878,22.329405405077868,4.6880999999993946],[114.16382434465851,22.329399985440087,4.6788999999989755]]},"properties":{"OBJECTID":171740,"PedestrianRouteID":220013930,"Location":1,"FeatureType":1,"AliasNameEN":"Cheung Sha Wan Road","AliasNameTC":"長沙灣道","CrossingFeature":null,"WeatherProof":1,"WheelchairBarrier":2,"WheelchairAccess":2,"ObstaclesType":null,"Gradient":0.011833740000000001,"Direction":0,"PositionCertainty":1,"Enabled":1,"DataSource":1,"LevelSource":2,"StreetNameEN":"Cheung Sha Wan Road","StreetNameTC":"長沙灣道","ST_CODE":10206,"FloorID":null,"BuildingID_1":null,"BuildingID_2":null,"SiteID":null,"TerminalID":null,"AccessTimeID":null,"CreationDate":1614441600000,"ModifiedBy":"LANDSD","LastAmendmentDate":1655049600000,"Shape__Length":0.77740186011979695}},{"type":"Feature","id":171741,"geometry":{"type":"LineString","coordinates":[[114.16383711146358,22.32941441011144,4.7033999999985099],[114.1638291411878,22.329405405077868,4.6880999999993946]]},"properties":{"OBJECTID":171741,"PedestrianRouteID":220013931,"Location":1,"FeatureType":1,"AliasNameEN":"Cheung Sha Wan Road","AliasNameTC":"長沙灣道","CrossingFeature":null,"WeatherProof":2,"WheelchairBarrier":2,"WheelchairAccess":2,"ObstaclesType":null,"Gradient":0.01184399,"Direction":0,"PositionCertainty":1,"Enabled":1,"DataSource":1,"LevelSource":2,"StreetNameEN":"Cheung Sha Wan Road","StreetNameTC":"長沙灣道","ST_CODE":10206,"FloorID":null,"BuildingID_1":null,"BuildingID_2":null,"SiteID":null,"TerminalID":null,"AccessTimeID":null,"CreationDate":1614441600000,"ModifiedBy":"LANDSD","LastAmendmentDate":1655049600000,"Shape__Length":1.2917344343483681}},{"type":"Feature","id":171744,"geometry":{"type":"LineString","coordinates":[[114.16140186765955,22.332421492175598,5.2342999999964377],[114.16140274038237,22.332420807740746,5.2342999999964377]]},"properties":{"OBJECTID":171744,"PedestrianRouteID":220013934,"Location":1,"FeatureType":1,"AliasNameEN":"Yen Chow Street","AliasNameTC":"欽州街","CrossingFeature":null,"WeatherProof":2,"WheelchairBarrier":2,"WheelchairAccess":2,"ObstaclesType":null,"Gradient":0,"Direction":0,"PositionCertainty":1,"Enabled":1,"DataSource":1,"LevelSource":2,"StreetNameEN":"Yen Chow Street","StreetNameTC":"欽州街","ST_CODE":12852,"FloorID":null,"BuildingID_1":null,"BuildingID_2":null,"SiteID":null,"TerminalID":null,"AccessTimeID":null,"CreationDate":1614441600000,"ModifiedBy":"LANDSD","LastAmendmentDate":1655049600000,"Shape__Length":0.11759102842970147}},{"type":"Feature","id":171745,"geometry":{"type":"LineString","coordinates":[[114.16141072982468,22.332414541278784,5.2314999999944121],[114.16141670103436,22.332409857685104,5.2293999999965308]]},"properties":{"OBJECTID":171745,"PedestrianRouteID":220013935,"Location":1,"FeatureType":1,"AliasNameEN":"Yen Chow Street","AliasNameTC":"欽州街","CrossingFeature":null,"WeatherProof":2,"WheelchairBarrier":2,"WheelchairAccess":2,"ObstaclesType":null,"Gradient":0.0026099500000000002,"Direction":0,"PositionCertainty":1,"Enabled":1,"DataSource":1,"LevelSource":2,"StreetNameEN":"Yen Chow Street","StreetNameTC":"欽州街","ST_CODE":12852,"FloorID":null,"BuildingID_1":null,"BuildingID_2":null,"SiteID":null,"TerminalID":null,"AccessTimeID":null,"CreationDate":1614441600000,"ModifiedBy":"LANDSD","LastAmendmentDate":1655049600000,"Shape__Length":0.80461027830924181}},{"type":"Feature","id":171746,"geometry":{"type":"LineString","coordinates":[[114.16140274038237,22.332420807740746,5.2342999999964377],[114.16141072982468,22.332414541278784,5.2314999999944121]]},"properties":{"OBJECTID":171746,"PedestrianRouteID":220013936,"Location":1,"FeatureType":1,"AliasNameEN":"Yen Chow Street","AliasNameTC":"欽州街","CrossingFeature":null,"WeatherProof":1,"WheelchairBarrier":2,"WheelchairAccess":2,"ObstaclesType":null,"Gradient":0.0026008899999999998,"Direction":0,"PositionCertainty":1,"Enabled":1,"DataSource":1,"LevelSource":2,"StreetNameEN":"Yen Chow Street","StreetNameTC":"欽州街","ST_CODE":12852,"FloorID":null,"BuildingID_1":null,"BuildingID_2":null,"SiteID":null,"TerminalID":null,"AccessTimeID":null,"CreationDate":1614441600000,"ModifiedBy":"LANDSD","LastAmendmentDate":1655049600000,"Shape__Length":1.0765523674922348}},{"type":"Feature","id":171747,"geometry":{"type":"LineString","coordinates":[[114.1604388285339,22.329308336777448,4.2090000000025611],[114.16043376815713,22.329302581978027,4.2090000000025611]]},"properties":{"OBJECTID":171747,"PedestrianRouteID":220013937,"Location":1,"FeatureType":1,"AliasNameEN":"Tai Nan Street","AliasNameTC":"大南街","CrossingFeature":null,"WeatherProof":1,"WheelchairBarrier":2,"WheelchairAccess":2,"ObstaclesType":null,"Gradient":0,"Direction":0,"PositionCertainty":1,"Enabled":1,"DataSource":1,"LevelSource":2,"StreetNameEN":"Tai Nan Street","StreetNameTC":"大南街","ST_CODE":12239,"FloorID":null,"BuildingID_1":null,"BuildingID_2":null,"SiteID":null,"TerminalID":null,"AccessTimeID":null,"CreationDate":1614441600000,"ModifiedBy":"LANDSD","LastAmendmentDate":1690819200000,"Shape__Length":0.8233357763625414}},{"type":"Feature","id":171748,"geometry":{"type":"LineString","coordinates":[[114.16046075586715,22.329333275142659,4.2021999999997206],[114.1604388285339,22.329308336777448,4.2090000000025611]]},"properties":{"OBJECTID":171748,"PedestrianRouteID":220013938,"Location":1,"FeatureType":1,"AliasNameEN":"Tai Nan Street","AliasNameTC":"大南街","CrossingFeature":null,"WeatherProof":2,"WheelchairBarrier":2,"WheelchairAccess":2,"ObstaclesType":null,"Gradient":0.00056057000000000004,"Direction":0,"PositionCertainty":1,"Enabled":1,"DataSource":1,"LevelSource":2,"StreetNameEN":"Tai Nan Street","StreetNameTC":"大南街","ST_CODE":12239,"FloorID":null,"BuildingID_1":null,"BuildingID_2":null,"SiteID":null,"TerminalID":null,"AccessTimeID":null,"CreationDate":1614441600000,"ModifiedBy":"LANDSD","LastAmendmentDate":1732636800000,"Shape__Length":3.5678024290595172}},{"type":"Feature","id":171751,"geometry":{"type":"LineString","coordinates":[[114.16353915882259,22.329925375160602,4.5608000000065658],[114.16353481065393,22.329920822487303,4.5681999999942491]]},"properties":{"OBJECTID":171751,"PedestrianRouteID":220013941,"Location":1,"FeatureType":1,"AliasNameEN":"Cheung Sha Wan Road","AliasNameTC":"長沙灣道","CrossingFeature":null,"WeatherProof":2,"WheelchairBarrier":2,"WheelchairAccess":2,"ObstaclesType":null,"Gradient":0.01097221,"Direction":0,"PositionCertainty":1,"Enabled":1,"DataSource":1,"LevelSource":2,"StreetNameEN":"Cheung Sha Wan Road","StreetNameTC":"長沙灣道","ST_CODE":10206,"FloorID":null,"BuildingID_1":null,"BuildingID_2":null,"SiteID":null,"TerminalID":null,"AccessTimeID":null,"CreationDate":1614441600000,"ModifiedBy":"LANDSD","LastAmendmentDate":1655049600000,"Shape__Length":0.67440404088567152}},{"type":"Feature","id":171752,"geometry":{"type":"LineString","coordinates":[[114.16354742422618,22.32993402803935,4.5467000000062399],[114.16353915882259,22.329925375160602,4.5608000000065658]]},"properties":{"OBJECTID":171752,"PedestrianRouteID":220013942,"Location":1,"FeatureType":1,"AliasNameEN":"Cheung Sha Wan Road","AliasNameTC":"長沙灣道","CrossingFeature":null,"WeatherProof":1,"WheelchairBarrier":2,"WheelchairAccess":2,"ObstaclesType":null,"Gradient":0.010999149999999999,"Direction":0,"PositionCertainty":1,"Enabled":1,"DataSource":1,"LevelSource":2,"StreetNameEN":"Cheung Sha Wan Road","StreetNameTC":"長沙灣道","ST_CODE":10206,"FloorID":null,"BuildingID_1":null,"BuildingID_2":null,"SiteID":null,"TerminalID":null,"AccessTimeID":null,"CreationDate":1614441600000,"ModifiedBy":"LANDSD","LastAmendmentDate":1655049600000,"Shape__Length":1.2818651139080395}},{"type":"Feature","id":171753,"geometry":{"type":"LineString","coordinates":[[114.16344854831293,22.329716265466132,4.613100000002305],[114.16344287533131,22.329710248823414,4.5997000000061234]]},"properties":{"OBJECTID":171753,"PedestrianRouteID":220013943,"Location":1,"FeatureType":1,"AliasNameEN":"Cheung Sha Wan Road","AliasNameTC":"長沙灣道","CrossingFeature":null,"WeatherProof":2,"WheelchairBarrier":2,"WheelchairAccess":2,"ObstaclesType":null,"Gradient":0.01511851,"Direction":0,"PositionCertainty":1,"Enabled":1,"DataSource":1,"LevelSource":2,"StreetNameEN":"Cheung Sha Wan Road","StreetNameTC":"長沙灣道","ST_CODE":10206,"FloorID":null,"BuildingID_1":null,"BuildingID_2":null,"SiteID":null,"TerminalID":null,"AccessTimeID":null,"CreationDate":1614441600000,"ModifiedBy":"LANDSD","LastAmendmentDate":1655049600000,"Shape__Length":0.88626333045934691}},{"type":"Feature","id":171754,"geometry":{"type":"LineString","coordinates":[[114.16344287533131,22.329710248823414,4.5997000000061234],[114.16343465848671,22.329701533632107,4.5803000000014435]]},"properties":{"OBJECTID":171754,"PedestrianRouteID":220013944,"Location":1,"FeatureType":1,"AliasNameEN":"Cheung Sha Wan Road","AliasNameTC":"長沙灣道","CrossingFeature":null,"WeatherProof":1,"WheelchairBarrier":2,"WheelchairAccess":2,"ObstaclesType":null,"Gradient":0.015111090000000001,"Direction":0,"PositionCertainty":1,"Enabled":1,"DataSource":1,"LevelSource":2,"StreetNameEN":"Cheung Sha Wan Road","StreetNameTC":"長沙灣道","ST_CODE":10206,"FloorID":null,"BuildingID_1":null,"BuildingID_2":null,"SiteID":null,"TerminalID":null,"AccessTimeID":null,"CreationDate":1614441600000,"ModifiedBy":"LANDSD","LastAmendmentDate":1655049600000,"Shape__Length":1.2837276032708604}},{"type":"Feature","id":171759,"geometry":{"type":"LineString","coordinates":[[114.16091798931917,22.331956259443722,4.853400000007241],[114.16091185343917,22.331949364896218,4.847299999993993]]},"properties":{"OBJECTID":171759,"PedestrianRouteID":220013949,"Location":1,"FeatureType":1,"AliasNameEN":"Cheung Sha Wan Road","AliasNameTC":"長沙灣道","CrossingFeature":null,"WeatherProof":2,"WheelchairBarrier":2,"WheelchairAccess":2,"ObstaclesType":null,"Gradient":0.0061541399999999998,"Direction":0,"PositionCertainty":1,"Enabled":1,"DataSource":1,"LevelSource":2,"StreetNameEN":"Cheung Sha Wan Road","StreetNameTC":"長沙灣道","ST_CODE":10206,"FloorID":null,"BuildingID_1":null,"BuildingID_2":null,"SiteID":null,"TerminalID":null,"AccessTimeID":null,"CreationDate":1614441600000,"ModifiedBy":"LANDSD","LastAmendmentDate":1655049600000,"Shape__Length":0.99118938614963448}},{"type":"Feature","id":171760,"geometry":{"type":"LineString","coordinates":[[114.16092488708946,22.331964010164768,4.8603000000002794],[114.16091798931917,22.331956259443722,4.853400000007241]]},"properties":{"OBJECTID":171760,"PedestrianRouteID":220013950,"Location":1,"FeatureType":1,"AliasNameEN":"Cheung Sha Wan Road","AliasNameTC":"長沙灣道","CrossingFeature":null,"WeatherProof":1,"WheelchairBarrier":2,"WheelchairAccess":2,"ObstaclesType":null,"Gradient":0.0061923100000000003,"Direction":0,"PositionCertainty":1,"Enabled":1,"DataSource":1,"LevelSource":2,"StreetNameEN":"Cheung Sha Wan Road","StreetNameTC":"長沙灣道","ST_CODE":10206,"FloorID":null,"BuildingID_1":null,"BuildingID_2":null,"SiteID":null,"TerminalID":null,"AccessTimeID":null,"CreationDate":1614441600000,"ModifiedBy":"LANDSD","LastAmendmentDate":1655049600000,"Shape__Length":1.1142718387398989}},{"type":"Feature","id":171764,"geometry":{"type":"LineString","coordinates":[[114.16133675399338,22.332386219743679,5.1181000000069616],[114.16133282319703,22.332381832312191,5.1159000000043306]]},"properties":{"OBJECTID":171764,"PedestrianRouteID":220013954,"Location":1,"FeatureType":1,"AliasNameEN":"Fuk Wa Street","AliasNameTC":"福華街","CrossingFeature":null,"WeatherProof":2,"WheelchairBarrier":2,"WheelchairAccess":2,"ObstaclesType":null,"Gradient":0.0034783800000000001,"Direction":0,"PositionCertainty":1,"Enabled":1,"DataSource":1,"LevelSource":2,"StreetNameEN":"Fuk Wa Street","StreetNameTC":"福華街","ST_CODE":10560,"FloorID":null,"BuildingID_1":null,"BuildingID_2":null,"SiteID":null,"TerminalID":null,"AccessTimeID":null,"CreationDate":1614441600000,"ModifiedBy":"LANDSD","LastAmendmentDate":1655049600000,"Shape__Length":0.63247659254826227}},{"type":"Feature","id":171765,"geometry":{"type":"LineString","coordinates":[[114.16134273948057,22.332392900235632,5.12149999999383],[114.16133675399338,22.332386219743679,5.1181000000069616]]},"properties":{"OBJECTID":171765,"PedestrianRouteID":220013955,"Location":1,"FeatureType":1,"AliasNameEN":"Fuk Wa Street","AliasNameTC":"福華街","CrossingFeature":null,"WeatherProof":1,"WheelchairBarrier":2,"WheelchairAccess":2,"ObstaclesType":null,"Gradient":0.0035304199999999998,"Direction":0,"PositionCertainty":1,"Enabled":1,"DataSource":1,"LevelSource":2,"StreetNameEN":"Fuk Wa Street","StreetNameTC":"福華街","ST_CODE":10560,"FloorID":null,"BuildingID_1":null,"BuildingID_2":null,"SiteID":null,"TerminalID":null,"AccessTimeID":null,"CreationDate":1614441600000,"ModifiedBy":"LANDSD","LastAmendmentDate":1655049600000,"Shape__Length":0.96305502360400153}},{"type":"Feature","id":171766,"geometry":{"type":"LineString","coordinates":[[114.16124824804778,22.332287436582341,5.0684999999939464],[114.16124607203956,22.332285008050178,5.0672999999951571]]},"properties":{"OBJECTID":171766,"PedestrianRouteID":220013956,"Location":1,"FeatureType":1,"AliasNameEN":"Fuk Wa Street","AliasNameTC":"福華街","CrossingFeature":null,"WeatherProof":1,"WheelchairBarrier":2,"WheelchairAccess":2,"ObstaclesType":null,"Gradient":0.0034275400000000002,"Direction":0,"PositionCertainty":1,"Enabled":1,"DataSource":1,"LevelSource":2,"StreetNameEN":"Fuk Wa Street","StreetNameTC":"福華街","ST_CODE":10560,"FloorID":null,"BuildingID_1":null,"BuildingID_2":null,"SiteID":null,"TerminalID":null,"AccessTimeID":null,"CreationDate":1614441600000,"ModifiedBy":"LANDSD","LastAmendmentDate":1655049600000,"Shape__Length":0.35010405708766501}},{"type":"Feature","id":171767,"geometry":{"type":"LineString","coordinates":[[114.16125626200899,22.332296381238965,5.0730000000039581],[114.16124824804778,22.332287436582341,5.0684999999939464]]},"properties":{"OBJECTID":171767,"PedestrianRouteID":220013957,"Location":1,"FeatureType":1,"AliasNameEN":"Fuk Wa Street","AliasNameTC":"福華街","CrossingFeature":null,"WeatherProof":2,"WheelchairBarrier":2,"WheelchairAccess":2,"ObstaclesType":null,"Gradient":0.0034898500000000001,"Direction":0,"PositionCertainty":1,"Enabled":1,"DataSource":1,"LevelSource":2,"StreetNameEN":"Fuk Wa Street","StreetNameTC":"福華街","ST_CODE":10560,"FloorID":null,"BuildingID_1":null,"BuildingID_2":null,"SiteID":null,"TerminalID":null,"AccessTimeID":null,"CreationDate":1614441600000,"ModifiedBy":"LANDSD","LastAmendmentDate":1655049600000,"Shape__Length":1.2894466444869623}},{"type":"Feature","id":171768,"geometry":{"type":"LineString","coordinates":[[114.16136564075879,22.330597953490447,4.4103000000031898],[114.16132769340341,22.330552349942561,4.3925000000017462]]},"properties":{"OBJECTID":171768,"PedestrianRouteID":220013958,"Location":1,"FeatureType":1,"AliasNameEN":"Kweilin Street","AliasNameTC":"桂林街","CrossingFeature":null,"WeatherProof":1,"WheelchairBarrier":2,"WheelchairAccess":2,"ObstaclesType":null,"Gradient":0.00278721,"Direction":0,"PositionCertainty":1,"Enabled":1,"DataSource":1,"LevelSource":12,"StreetNameEN":"Kweilin Street","StreetNameTC":"桂林街","ST_CODE":11114,"FloorID":null,"BuildingID_1":null,"BuildingID_2":null,"SiteID":null,"TerminalID":null,"AccessTimeID":null,"CreationDate":1614441600000,"ModifiedBy":"LANDSD","LastAmendmentDate":1689004800000,"Shape__Length":6.3862953470525348}},{"type":"Feature","id":171769,"geometry":{"type":"LineString","coordinates":[[114.16132769340341,22.330552349942561,4.3925000000017462],[114.16123169486714,22.330446232298144,4.4533999999985099]]},"properties":{"OBJECTID":171769,"PedestrianRouteID":220013959,"Location":1,"FeatureType":1,"AliasNameEN":"Kweilin Street","AliasNameTC":"桂林街","CrossingFeature":null,"WeatherProof":2,"WheelchairBarrier":2,"WheelchairAccess":2,"ObstaclesType":null,"Gradient":0.0039846500000000002,"Direction":0,"PositionCertainty":1,"Enabled":1,"DataSource":1,"LevelSource":2,"StreetNameEN":"Kweilin Street","StreetNameTC":"桂林街","ST_CODE":11114,"FloorID":null,"BuildingID_1":null,"BuildingID_2":null,"SiteID":null,"TerminalID":null,"AccessTimeID":null,"CreationDate":1614441600000,"ModifiedBy":"LANDSD","LastAmendmentDate":1689004800000,"Shape__Length":15.358841402177497}},{"type":"Feature","id":171772,"geometry":{"type":"LineString","coordinates":[[114.16411712373987,22.32867163701885,5.0240999999950873],[114.16412184536222,22.328668024252483,5.0255999999935739]]},"properties":{"OBJECTID":171772,"PedestrianRouteID":220013962,"Location":1,"FeatureType":1,"AliasNameEN":"Shek Kip Mei Street","AliasNameTC":"石硤尾街","CrossingFeature":null,"WeatherProof":2,"WheelchairBarrier":2,"WheelchairAccess":2,"ObstaclesType":null,"Gradient":0.0023816499999999999,"Direction":0,"PositionCertainty":1,"Enabled":1,"DataSource":1,"LevelSource":2,"StreetNameEN":"Shek Kip Mei Street","StreetNameTC":"石硤尾街","ST_CODE":11995,"FloorID":null,"BuildingID_1":null,"BuildingID_2":null,"SiteID":null,"TerminalID":null,"AccessTimeID":null,"CreationDate":1614441600000,"ModifiedBy":"LANDSD","LastAmendmentDate":1655049600000,"Shape__Length":0.62981344062092337}},{"type":"Feature","id":171773,"geometry":{"type":"LineString","coordinates":[[114.16410878130063,22.328678018278005,5.0213999999978114],[114.16411712373987,22.32867163701885,5.0240999999950873]]},"properties":{"OBJECTID":171773,"PedestrianRouteID":220013963,"Location":1,"FeatureType":1,"AliasNameEN":"Shek Kip Mei Street","AliasNameTC":"石硤尾街","CrossingFeature":null,"WeatherProof":1,"WheelchairBarrier":2,"WheelchairAccess":2,"ObstaclesType":null,"Gradient":0.0024266299999999999,"Direction":0,"PositionCertainty":1,"Enabled":1,"DataSource":1,"LevelSource":2,"StreetNameEN":"Shek Kip Mei Street","StreetNameTC":"石硤尾街","ST_CODE":11995,"FloorID":null,"BuildingID_1":null,"BuildingID_2":null,"SiteID":null,"TerminalID":null,"AccessTimeID":null,"CreationDate":1614441600000,"ModifiedBy":"LANDSD","LastAmendmentDate":1655049600000,"Shape__Length":1.1126514512713923}},{"type":"Feature","id":171774,"geometry":{"type":"LineString","coordinates":[[114.16086587500442,22.329809042141338,4.3886999999958789],[114.16086254506732,22.329805284187895,4.384699999995064]]},"properties":{"OBJECTID":171774,"PedestrianRouteID":220013964,"Location":1,"FeatureType":1,"AliasNameEN":"Kweilin Street","AliasNameTC":"桂林街","CrossingFeature":null,"WeatherProof":1,"WheelchairBarrier":2,"WheelchairAccess":2,"ObstaclesType":null,"Gradient":0.0074167299999999999,"Direction":0,"PositionCertainty":1,"Enabled":1,"DataSource":1,"LevelSource":2,"StreetNameEN":"Kweilin Street","StreetNameTC":"桂林街","ST_CODE":11114,"FloorID":null,"BuildingID_1":null,"BuildingID_2":null,"SiteID":null,"TerminalID":null,"AccessTimeID":null,"CreationDate":1614441600000,"ModifiedBy":"LANDSD","LastAmendmentDate":1655049600000,"Shape__Length":0.53931143221676681}},{"type":"Feature","id":171775,"geometry":{"type":"LineString","coordinates":[[114.16086254506732,22.329805284187895,4.384699999995064],[114.16083888126381,22.329778581131237,4.3747000000003027]]},"properties":{"OBJECTID":171775,"PedestrianRouteID":220013965,"Location":1,"FeatureType":1,"AliasNameEN":"Ki Lung Street","AliasNameTC":"基隆街","CrossingFeature":null,"WeatherProof":2,"WheelchairBarrier":2,"WheelchairAccess":2,"ObstaclesType":null,"Gradient":0.0026093599999999998,"Direction":0,"PositionCertainty":1,"Enabled":1,"DataSource":1,"LevelSource":2,"StreetNameEN":"Ki Lung Street","StreetNameTC":"基隆街","ST_CODE":10989,"FloorID":null,"BuildingID_1":null,"BuildingID_2":null,"SiteID":null,"TerminalID":null,"AccessTimeID":null,"CreationDate":1614441600000,"ModifiedBy":"LANDSD","LastAmendmentDate":1655049600000,"Shape__Length":3.8323483828669049}},{"type":"Feature","id":171776,"geometry":{"type":"LineString","coordinates":[[114.16321495366554,22.332440882551946,6.0135000000009313],[114.16321108589776,22.332436554773139,6.1272999999928288]]},"properties":{"OBJECTID":171776,"PedestrianRouteID":220013966,"Location":1,"FeatureType":1,"AliasNameEN":"Un Chau Street","AliasNameTC":"元州街","CrossingFeature":null,"WeatherProof":2,"WheelchairBarrier":2,"WheelchairAccess":2,"ObstaclesType":null,"Gradient":0.024864689999999998,"Direction":0,"PositionCertainty":1,"Enabled":1,"DataSource":1,"LevelSource":2,"StreetNameEN":"Un Chau Street","StreetNameTC":"元州街","ST_CODE":12556,"FloorID":null,"BuildingID_1":null,"BuildingID_2":null,"SiteID":null,"TerminalID":null,"AccessTimeID":null,"CreationDate":1614441600000,"ModifiedBy":"LANDSD","LastAmendmentDate":1689004800000,"Shape__Length":0.62324544927875658}},{"type":"Feature","id":171777,"geometry":{"type":"LineString","coordinates":[[114.16321987742634,22.3324463934253,5.9983000000065658],[114.16321495366554,22.332440882551946,6.0135000000009313]]},"properties":{"OBJECTID":171777,"PedestrianRouteID":220013967,"Location":1,"FeatureType":1,"AliasNameEN":"Un Chau Street","AliasNameTC":"元州街","CrossingFeature":null,"WeatherProof":1,"WheelchairBarrier":2,"WheelchairAccess":2,"ObstaclesType":null,"Gradient":0.01915246,"Direction":0,"PositionCertainty":1,"Enabled":1,"DataSource":1,"LevelSource":12,"StreetNameEN":"Un Chau Street","StreetNameTC":"元州街","ST_CODE":12556,"FloorID":null,"BuildingID_1":null,"BuildingID_2":null,"SiteID":null,"TerminalID":null,"AccessTimeID":null,"CreationDate":1614441600000,"ModifiedBy":"LANDSD","LastAmendmentDate":1689004800000,"Shape__Length":0.79353470676038595}},{"type":"Feature","id":171778,"geometry":{"type":"LineString","coordinates":[[114.16162286620033,22.329231082673516,4.2721000000019558],[114.16164603306787,22.32921305980129,4.2691999999951804]]},"properties":{"OBJECTID":171778,"PedestrianRouteID":220013968,"Location":1,"FeatureType":1,"AliasNameEN":"Pei Ho Street","AliasNameTC":"北河街","CrossingFeature":null,"WeatherProof":2,"WheelchairBarrier":2,"WheelchairAccess":2,"ObstaclesType":null,"Gradient":0.00093212000000000004,"Direction":0,"PositionCertainty":1,"Enabled":1,"DataSource":1,"LevelSource":2,"StreetNameEN":"Pei Ho Street","StreetNameTC":"北河街","ST_CODE":11675,"FloorID":null,"BuildingID_1":null,"BuildingID_2":null,"SiteID":null,"TerminalID":null,"AccessTimeID":null,"CreationDate":1614441600000,"ModifiedBy":"LANDSD","LastAmendmentDate":1655049600000,"Shape__Length":3.1111731304267409}},{"type":"Feature","id":171779,"geometry":{"type":"LineString","coordinates":[[114.16161679126716,22.329235808710699,4.2755999999935739],[114.16162286620033,22.329231082673516,4.2721000000019558]]},"properties":{"OBJECTID":171779,"PedestrianRouteID":220013969,"Location":1,"FeatureType":1,"AliasNameEN":"Pei Ho Street","AliasNameTC":"北河街","CrossingFeature":null,"WeatherProof":1,"WheelchairBarrier":2,"WheelchairAccess":2,"ObstaclesType":null,"Gradient":0.0042900999999999998,"Direction":0,"PositionCertainty":1,"Enabled":1,"DataSource":1,"LevelSource":2,"StreetNameEN":"Pei Ho Street","StreetNameTC":"北河街","ST_CODE":11675,"FloorID":null,"BuildingID_1":null,"BuildingID_2":null,"SiteID":null,"TerminalID":null,"AccessTimeID":null,"CreationDate":1614441600000,"ModifiedBy":"LANDSD","LastAmendmentDate":1655049600000,"Shape__Length":0.81582669774288208}},{"type":"Feature","id":171780,"geometry":{"type":"LineString","coordinates":[[114.16169916977249,22.329171722760165,4.2167000000044936],[114.16172328892195,22.329152958554754,4.2136999999929685]]},"properties":{"OBJECTID":171780,"PedestrianRouteID":220013970,"Location":1,"FeatureType":1,"AliasNameEN":"Pei Ho Street","AliasNameTC":"北河街","CrossingFeature":null,"WeatherProof":2,"WheelchairBarrier":2,"WheelchairAccess":2,"ObstaclesType":null,"Gradient":0.00092617999999999997,"Direction":0,"PositionCertainty":1,"Enabled":1,"DataSource":1,"LevelSource":2,"StreetNameEN":"Pei Ho Street","StreetNameTC":"北河街","ST_CODE":11675,"FloorID":null,"BuildingID_1":null,"BuildingID_2":null,"SiteID":null,"TerminalID":null,"AccessTimeID":null,"CreationDate":1614441600000,"ModifiedBy":"LANDSD","LastAmendmentDate":1655049600000,"Shape__Length":3.2390950539704431}},{"type":"Feature","id":171781,"geometry":{"type":"LineString","coordinates":[[114.16172328892195,22.329152958554754,4.2136999999929685],[114.16173009579006,22.329147663654968,4.2097000000067055]]},"properties":{"OBJECTID":171781,"PedestrianRouteID":220013971,"Location":1,"FeatureType":1,"AliasNameEN":"Pei Ho Street","AliasNameTC":"北河街","CrossingFeature":null,"WeatherProof":1,"WheelchairBarrier":2,"WheelchairAccess":2,"ObstaclesType":null,"Gradient":0.00437595,"Direction":0,"PositionCertainty":1,"Enabled":1,"DataSource":1,"LevelSource":2,"StreetNameEN":"Pei Ho Street","StreetNameTC":"北河街","ST_CODE":11675,"FloorID":null,"BuildingID_1":null,"BuildingID_2":null,"SiteID":null,"TerminalID":null,"AccessTimeID":null,"CreationDate":1614441600000,"ModifiedBy":"LANDSD","LastAmendmentDate":1655049600000,"Shape__Length":0.91408227225918826}},{"type":"Feature","id":171782,"geometry":{"type":"LineString","coordinates":[[114.1618670680367,22.32951292461529,4.3018000000010943],[114.16187270031016,22.329508566975836,4.3041999999986729]]},"properties":{"OBJECTID":171782,"PedestrianRouteID":220013972,"Location":1,"FeatureType":1,"AliasNameEN":"Pei Ho Street","AliasNameTC":"北河街","CrossingFeature":null,"WeatherProof":1,"WheelchairBarrier":2,"WheelchairAccess":2,"ObstaclesType":null,"Gradient":0.00318016,"Direction":0,"PositionCertainty":1,"Enabled":1,"DataSource":1,"LevelSource":2,"StreetNameEN":"Pei Ho Street","StreetNameTC":"北河街","ST_CODE":11675,"FloorID":null,"BuildingID_1":null,"BuildingID_2":null,"SiteID":null,"TerminalID":null,"AccessTimeID":null,"CreationDate":1614441600000,"ModifiedBy":"LANDSD","LastAmendmentDate":1655049600000,"Shape__Length":0.75467529477057005}},{"type":"Feature","id":171783,"geometry":{"type":"LineString","coordinates":[[114.16187270031016,22.329508566975836,4.3041999999986729],[114.16190774038213,22.32948145497727,4.3190000000031432]]},"properties":{"OBJECTID":171783,"PedestrianRouteID":220013973,"Location":1,"FeatureType":1,"AliasNameEN":"Pei Ho Street","AliasNameTC":"北河街","CrossingFeature":null,"WeatherProof":2,"WheelchairBarrier":2,"WheelchairAccess":2,"ObstaclesType":null,"Gradient":0.0031521499999999998,"Direction":0,"PositionCertainty":1,"Enabled":1,"DataSource":1,"LevelSource":2,"StreetNameEN":"Pei Ho Street","StreetNameTC":"北河街","ST_CODE":11675,"FloorID":null,"BuildingID_1":null,"BuildingID_2":null,"SiteID":null,"TerminalID":null,"AccessTimeID":null,"CreationDate":1614441600000,"ModifiedBy":"LANDSD","LastAmendmentDate":1655049600000,"Shape__Length":4.6951910415285916}},{"type":"Feature","id":171784,"geometry":{"type":"LineString","coordinates":[[114.16197467235692,22.329429667119889,4.3472000000037951],[114.16197892519402,22.329426376765181,4.3490000000019791]]},"properties":{"OBJECTID":171784,"PedestrianRouteID":220013974,"Location":1,"FeatureType":1,"AliasNameEN":"Pei Ho Street","AliasNameTC":"北河街","CrossingFeature":null,"WeatherProof":1,"WheelchairBarrier":2,"WheelchairAccess":2,"ObstaclesType":null,"Gradient":0.00315876,"Direction":0,"PositionCertainty":1,"Enabled":1,"DataSource":1,"LevelSource":2,"StreetNameEN":"Pei Ho Street","StreetNameTC":"北河街","ST_CODE":11675,"FloorID":null,"BuildingID_1":null,"BuildingID_2":null,"SiteID":null,"TerminalID":null,"AccessTimeID":null,"CreationDate":1614441600000,"ModifiedBy":"LANDSD","LastAmendmentDate":1655049600000,"Shape__Length":0.56984117916415333}},{"type":"Feature","id":171785,"geometry":{"type":"LineString","coordinates":[[114.16193500573453,22.329460359334174,4.3435999999928754],[114.16197467235692,22.329429667119889,4.3472000000037951]]},"properties":{"OBJECTID":171785,"PedestrianRouteID":220013975,"Location":1,"FeatureType":1,"AliasNameEN":"Pei Ho Street","AliasNameTC":"北河街","CrossingFeature":null,"WeatherProof":2,"WheelchairBarrier":2,"WheelchairAccess":2,"ObstaclesType":null,"Gradient":0.00067730999999999998,"Direction":0,"PositionCertainty":1,"Enabled":1,"DataSource":1,"LevelSource":2,"StreetNameEN":"Pei Ho Street","StreetNameTC":"北河街","ST_CODE":11675,"FloorID":null,"BuildingID_1":null,"BuildingID_2":null,"SiteID":null,"TerminalID":null,"AccessTimeID":null,"CreationDate":1614441600000,"ModifiedBy":"LANDSD","LastAmendmentDate":1655049600000,"Shape__Length":5.3151586287261416}},{"type":"Feature","id":171789,"geometry":{"type":"LineString","coordinates":[[114.16372391593691,22.329469835231908,4.6581000000005588],[114.16372789887082,22.329466738967014,4.6535000000003492]]},"properties":{"OBJECTID":171789,"PedestrianRouteID":220013979,"Location":1,"FeatureType":1,"AliasNameEN":"Cheung Sha Wan Road","AliasNameTC":"長沙灣道","CrossingFeature":null,"WeatherProof":1,"WheelchairBarrier":2,"WheelchairAccess":2,"ObstaclesType":null,"Gradient":0.0086024099999999996,"Direction":0,"PositionCertainty":1,"Enabled":1,"DataSource":1,"LevelSource":2,"StreetNameEN":"Cheung Sha Wan Road","StreetNameTC":"長沙灣道","ST_CODE":10206,"FloorID":null,"BuildingID_1":null,"BuildingID_2":null,"SiteID":null,"TerminalID":null,"AccessTimeID":null,"CreationDate":1614441600000,"ModifiedBy":"LANDSD","LastAmendmentDate":1655049600000,"Shape__Length":0.53472095412301168}},{"type":"Feature","id":171790,"geometry":{"type":"LineString","coordinates":[[114.16371586755595,22.329476091871882,4.6674999999959255],[114.16372391593691,22.329469835231908,4.6581000000005588]]},"properties":{"OBJECTID":171790,"PedestrianRouteID":220013980,"Location":1,"FeatureType":1,"AliasNameEN":"Cheung Sha Wan Road","AliasNameTC":"長沙灣道","CrossingFeature":null,"WeatherProof":2,"WheelchairBarrier":2,"WheelchairAccess":2,"ObstaclesType":null,"Gradient":0.00869932,"Direction":0,"PositionCertainty":1,"Enabled":1,"DataSource":1,"LevelSource":2,"StreetNameEN":"Cheung Sha Wan Road","StreetNameTC":"長沙灣道","ST_CODE":10206,"FloorID":null,"BuildingID_1":null,"BuildingID_2":null,"SiteID":null,"TerminalID":null,"AccessTimeID":null,"CreationDate":1614441600000,"ModifiedBy":"LANDSD","LastAmendmentDate":1655049600000,"Shape__Length":1.0805171075758921}},{"type":"Feature","id":171797,"geometry":{"type":"LineString","coordinates":[[114.16400264613929,22.328541881083275,4.9621999999944819],[114.16400748522211,22.328538136482948,4.9676999999937834]]},"properties":{"OBJECTID":171797,"PedestrianRouteID":220013987,"Location":1,"FeatureType":1,"AliasNameEN":"Shek Kip Mei Street","AliasNameTC":"石硤尾街","CrossingFeature":null,"WeatherProof":2,"WheelchairBarrier":2,"WheelchairAccess":2,"ObstaclesType":null,"Gradient":0.0084816500000000003,"Direction":0,"PositionCertainty":1,"Enabled":1,"DataSource":1,"LevelSource":2,"StreetNameEN":"Shek Kip Mei Street","StreetNameTC":"石硤尾街","ST_CODE":11995,"FloorID":null,"BuildingID_1":null,"BuildingID_2":null,"SiteID":null,"TerminalID":null,"AccessTimeID":null,"CreationDate":1614441600000,"ModifiedBy":"LANDSD","LastAmendmentDate":1655049600000,"Shape__Length":0.64844301171036278}},{"type":"Feature","id":171798,"geometry":{"type":"LineString","coordinates":[[114.16399391152132,22.328548639783971,4.9521999999997206],[114.16400264613929,22.328541881083275,4.9621999999944819]]},"properties":{"OBJECTID":171798,"PedestrianRouteID":220013988,"Location":1,"FeatureType":1,"AliasNameEN":"Shek Kip Mei Street","AliasNameTC":"石硤尾街","CrossingFeature":null,"WeatherProof":1,"WheelchairBarrier":2,"WheelchairAccess":2,"ObstaclesType":null,"Gradient":0.0085436999999999996,"Direction":0,"PositionCertainty":1,"Enabled":1,"DataSource":1,"LevelSource":2,"StreetNameEN":"Shek Kip Mei Street","StreetNameTC":"石硤尾街","ST_CODE":11995,"FloorID":null,"BuildingID_1":null,"BuildingID_2":null,"SiteID":null,"TerminalID":null,"AccessTimeID":null,"CreationDate":1614441600000,"ModifiedBy":"LANDSD","LastAmendmentDate":1655049600000,"Shape__Length":1.1704239797218505}},{"type":"Feature","id":171799,"geometry":{"type":"LineString","coordinates":[[114.16064379319259,22.329788512564583,4.3913999999931548],[114.16064693164971,22.329786040304462,4.3874999999970896]]},"properties":{"OBJECTID":171799,"PedestrianRouteID":220013989,"Location":1,"FeatureType":1,"AliasNameEN":"Kweilin Street","AliasNameTC":"桂林街","CrossingFeature":null,"WeatherProof":1,"WheelchairBarrier":2,"WheelchairAccess":2,"ObstaclesType":null,"Gradient":0.0092052000000000002,"Direction":0,"PositionCertainty":1,"Enabled":1,"DataSource":1,"LevelSource":2,"StreetNameEN":"Kweilin Street","StreetNameTC":"桂林街","ST_CODE":11114,"FloorID":null,"BuildingID_1":null,"BuildingID_2":null,"SiteID":null,"TerminalID":null,"AccessTimeID":null,"CreationDate":1614441600000,"ModifiedBy":"LANDSD","LastAmendmentDate":1655049600000,"Shape__Length":0.42366181145038684}},{"type":"Feature","id":171800,"geometry":{"type":"LineString","coordinates":[[114.16064693164971,22.329786040304462,4.3874999999970896],[114.16067690764734,22.329762426515071,4.3779000000067754]]},"properties":{"OBJECTID":171800,"PedestrianRouteID":220013990,"Location":1,"FeatureType":1,"AliasNameEN":"Kweilin Street","AliasNameTC":"桂林街","CrossingFeature":null,"WeatherProof":2,"WheelchairBarrier":2,"WheelchairAccess":2,"ObstaclesType":null,"Gradient":0.0023724000000000002,"Direction":0,"PositionCertainty":1,"Enabled":1,"DataSource":1,"LevelSource":2,"StreetNameEN":"Kweilin Street","StreetNameTC":"桂林街","ST_CODE":11114,"FloorID":null,"BuildingID_1":null,"BuildingID_2":null,"SiteID":null,"TerminalID":null,"AccessTimeID":null,"CreationDate":1614441600000,"ModifiedBy":"LANDSD","LastAmendmentDate":1655049600000,"Shape__Length":4.046529061738755}},{"type":"Feature","id":171801,"geometry":{"type":"LineString","coordinates":[[114.1626542479782,22.328252342148872,4.1530000000057044],[114.16265126645399,22.328249003281041,4.1512999999977183]]},"properties":{"OBJECTID":171801,"PedestrianRouteID":220013991,"Location":1,"FeatureType":1,"AliasNameEN":"Nam Cheong Street","AliasNameTC":"南昌街","CrossingFeature":null,"WeatherProof":1,"WheelchairBarrier":2,"WheelchairAccess":2,"ObstaclesType":null,"Gradient":0.00353667,"Direction":0,"PositionCertainty":1,"Enabled":1,"DataSource":1,"LevelSource":2,"StreetNameEN":"Nam Cheong Street","StreetNameTC":"南昌街","ST_CODE":11487,"FloorID":null,"BuildingID_1":null,"BuildingID_2":null,"SiteID":null,"TerminalID":null,"AccessTimeID":null,"CreationDate":1614441600000,"ModifiedBy":"LANDSD","LastAmendmentDate":1655049600000,"Shape__Length":0.48067653464428389}},{"type":"Feature","id":171802,"geometry":{"type":"LineString","coordinates":[[114.16266071765334,22.328259587049367,4.1566000000020722],[114.1626542479782,22.328252342148872,4.1530000000057044]]},"properties":{"OBJECTID":171802,"PedestrianRouteID":220013992,"Location":1,"FeatureType":1,"AliasNameEN":"Nam Cheong Street","AliasNameTC":"南昌街","CrossingFeature":null,"WeatherProof":2,"WheelchairBarrier":2,"WheelchairAccess":2,"ObstaclesType":null,"Gradient":0.00345152,"Direction":0,"PositionCertainty":1,"Enabled":1,"DataSource":1,"LevelSource":2,"StreetNameEN":"Nam Cheong Street","StreetNameTC":"南昌街","ST_CODE":11487,"FloorID":null,"BuildingID_1":null,"BuildingID_2":null,"SiteID":null,"TerminalID":null,"AccessTimeID":null,"CreationDate":1614441600000,"ModifiedBy":"LANDSD","LastAmendmentDate":1655049600000,"Shape__Length":1.0430150518275376}},{"type":"Feature","id":171807,"geometry":{"type":"LineString","coordinates":[[114.16297252176555,22.328646918604054,4.3073000000003958],[114.16297612999466,22.328644054411267,4.3047999999980675]]},"properties":{"OBJECTID":171807,"PedestrianRouteID":220013997,"Location":1,"FeatureType":1,"AliasNameEN":"Nam Cheong Street","AliasNameTC":"南昌街","CrossingFeature":null,"WeatherProof":2,"WheelchairBarrier":2,"WheelchairAccess":2,"ObstaclesType":null,"Gradient":0.0051161100000000001,"Direction":0,"PositionCertainty":1,"Enabled":1,"DataSource":1,"LevelSource":2,"StreetNameEN":"Nam Cheong Street","StreetNameTC":"南昌街","ST_CODE":11487,"FloorID":null,"BuildingID_1":null,"BuildingID_2":null,"SiteID":null,"TerminalID":null,"AccessTimeID":null,"CreationDate":1614441600000,"ModifiedBy":"LANDSD","LastAmendmentDate":1655049600000,"Shape__Length":0.4886478585595817}},{"type":"Feature","id":171808,"geometry":{"type":"LineString","coordinates":[[114.16297612999466,22.328644054411267,4.3047999999980675],[114.16298610819894,22.328636130926423,4.2976999999955297]]},"properties":{"OBJECTID":171808,"PedestrianRouteID":220013998,"Location":1,"FeatureType":1,"AliasNameEN":"Nam Cheong Street","AliasNameTC":"南昌街","CrossingFeature":null,"WeatherProof":1,"WheelchairBarrier":2,"WheelchairAccess":2,"ObstaclesType":null,"Gradient":0.0052533299999999996,"Direction":0,"PositionCertainty":1,"Enabled":1,"DataSource":1,"LevelSource":2,"StreetNameEN":"Nam Cheong Street","StreetNameTC":"南昌街","ST_CODE":11487,"FloorID":null,"BuildingID_1":null,"BuildingID_2":null,"SiteID":null,"TerminalID":null,"AccessTimeID":null,"CreationDate":1614441600000,"ModifiedBy":"LANDSD","LastAmendmentDate":1655049600000,"Shape__Length":1.3515119900674464}},{"type":"Feature","id":171809,"geometry":{"type":"LineString","coordinates":[[114.1600242502201,22.330882993972544,4.3310000000055879],[114.16002870312879,22.330879515854274,4.3295000000071013]]},"properties":{"OBJECTID":171809,"PedestrianRouteID":220013999,"Location":1,"FeatureType":1,"AliasNameEN":"Yen Chow Street","AliasNameTC":"欽州街","CrossingFeature":null,"WeatherProof":1,"WheelchairBarrier":2,"WheelchairAccess":2,"ObstaclesType":null,"Gradient":0.0025042300000000001,"Direction":0,"PositionCertainty":1,"Enabled":1,"DataSource":1,"LevelSource":2,"StreetNameEN":"Yen Chow Street","StreetNameTC":"欽州街","ST_CODE":12852,"FloorID":null,"BuildingID_1":null,"BuildingID_2":null,"SiteID":null,"TerminalID":null,"AccessTimeID":null,"CreationDate":1614441600000,"ModifiedBy":"LANDSD","LastAmendmentDate":1655049600000,"Shape__Length":0.59898641803854102}},{"type":"Feature","id":171810,"geometry":{"type":"LineString","coordinates":[[114.16002870312879,22.330879515854274,4.3295000000071013],[114.16004141532278,22.330869586241274,4.3251000000018394]]},"properties":{"OBJECTID":171810,"PedestrianRouteID":220014000,"Location":1,"FeatureType":1,"AliasNameEN":"Yen Chow Street","AliasNameTC":"欽州街","CrossingFeature":null,"WeatherProof":2,"WheelchairBarrier":2,"WheelchairAccess":2,"ObstaclesType":null,"Gradient":0.0025730800000000002,"Direction":0,"PositionCertainty":1,"Enabled":1,"DataSource":1,"LevelSource":2,"StreetNameEN":"Yen Chow Street","StreetNameTC":"欽州街","ST_CODE":12852,"FloorID":null,"BuildingID_1":null,"BuildingID_2":null,"SiteID":null,"TerminalID":null,"AccessTimeID":null,"CreationDate":1614441600000,"ModifiedBy":"LANDSD","LastAmendmentDate":1655049600000,"Shape__Length":1.7100088717468072}},{"type":"Feature","id":171811,"geometry":{"type":"LineString","coordinates":[[114.16318872922933,22.329370183739488,4.3206999999965774],[114.16318303689205,22.329363832954208,4.3300000000017462]]},"properties":{"OBJECTID":171811,"PedestrianRouteID":220014001,"Location":1,"FeatureType":1,"AliasNameEN":"Apliu Street","AliasNameTC":"鴨寮街","CrossingFeature":null,"WeatherProof":1,"WheelchairBarrier":2,"WheelchairAccess":2,"ObstaclesType":null,"Gradient":0.01015602,"Direction":0,"PositionCertainty":1,"Enabled":1,"DataSource":1,"LevelSource":2,"StreetNameEN":"Apliu Street","StreetNameTC":"鴨寮街","ST_CODE":10025,"FloorID":null,"BuildingID_1":null,"BuildingID_2":null,"SiteID":null,"TerminalID":null,"AccessTimeID":null,"CreationDate":1614441600000,"ModifiedBy":"LANDSD","LastAmendmentDate":1655049600000,"Shape__Length":0.91568143445775863}},{"type":"Feature","id":171812,"geometry":{"type":"LineString","coordinates":[[114.16318303689205,22.329363832954208,4.3300000000017462],[114.1631617486228,22.329340082532681,4.3646000000007916]]},"properties":{"OBJECTID":171812,"PedestrianRouteID":220014002,"Location":1,"FeatureType":1,"AliasNameEN":"Apliu Street","AliasNameTC":"鴨寮街","CrossingFeature":null,"WeatherProof":2,"WheelchairBarrier":2,"WheelchairAccess":2,"ObstaclesType":null,"Gradient":0.01010347,"Direction":0,"PositionCertainty":1,"Enabled":1,"DataSource":1,"LevelSource":2,"StreetNameEN":"Apliu Street","StreetNameTC":"鴨寮街","ST_CODE":10025,"FloorID":null,"BuildingID_1":null,"BuildingID_2":null,"SiteID":null,"TerminalID":null,"AccessTimeID":null,"CreationDate":1614441600000,"ModifiedBy":"LANDSD","LastAmendmentDate":1655049600000,"Shape__Length":3.4244490954125015}},{"type":"Feature","id":171813,"geometry":{"type":"LineString","coordinates":[[114.1630989776782,22.329270053181538,4.4665999999997439],[114.16309414526434,22.329264662416914,4.474499999996624]]},"properties":{"OBJECTID":171813,"PedestrianRouteID":220014003,"Location":1,"FeatureType":1,"AliasNameEN":"Apliu Street","AliasNameTC":"鴨寮街","CrossingFeature":null,"WeatherProof":1,"WheelchairBarrier":2,"WheelchairAccess":2,"ObstaclesType":null,"Gradient":0.01016305,"Direction":0,"PositionCertainty":1,"Enabled":1,"DataSource":1,"LevelSource":2,"StreetNameEN":"Apliu Street","StreetNameTC":"鴨寮街","ST_CODE":10025,"FloorID":null,"BuildingID_1":null,"BuildingID_2":null,"SiteID":null,"TerminalID":null,"AccessTimeID":null,"CreationDate":1614441600000,"ModifiedBy":"LANDSD","LastAmendmentDate":1655049600000,"Shape__Length":0.7772991844616719}},{"type":"Feature","id":171814,"geometry":{"type":"LineString","coordinates":[[114.16311765512137,22.329290890124472,4.4363000000012107],[114.1630989776782,22.329270053181538,4.4665999999997439]]},"properties":{"OBJECTID":171814,"PedestrianRouteID":220014004,"Location":1,"FeatureType":1,"AliasNameEN":"Apliu Street","AliasNameTC":"鴨寮街","CrossingFeature":null,"WeatherProof":2,"WheelchairBarrier":2,"WheelchairAccess":2,"ObstaclesType":null,"Gradient":0.010084829999999999,"Direction":0,"PositionCertainty":1,"Enabled":1,"DataSource":1,"LevelSource":2,"StreetNameEN":"Apliu Street","StreetNameTC":"鴨寮街","ST_CODE":10025,"FloorID":null,"BuildingID_1":null,"BuildingID_2":null,"SiteID":null,"TerminalID":null,"AccessTimeID":null,"CreationDate":1614441600000,"ModifiedBy":"LANDSD","LastAmendmentDate":1655049600000,"Shape__Length":3.0044112897856166}},{"type":"Feature","id":171815,"geometry":{"type":"LineString","coordinates":[[114.16366032676488,22.329861014155945,4.6453000000037719],[114.16366169162576,22.329859949561147,4.6472000000067055]]},"properties":{"OBJECTID":171815,"PedestrianRouteID":220014005,"Location":1,"FeatureType":1,"AliasNameEN":"Cheung Sha Wan Road","AliasNameTC":"長沙灣道","CrossingFeature":null,"WeatherProof":2,"WheelchairBarrier":2,"WheelchairAccess":2,"ObstaclesType":null,"Gradient":0.01035439,"Direction":0,"PositionCertainty":1,"Enabled":1,"DataSource":1,"LevelSource":2,"StreetNameEN":"Cheung Sha Wan Road","StreetNameTC":"長沙灣道","ST_CODE":10206,"FloorID":null,"BuildingID_1":null,"BuildingID_2":null,"SiteID":null,"TerminalID":null,"AccessTimeID":null,"CreationDate":1614441600000,"ModifiedBy":"LANDSD","LastAmendmentDate":1655049600000,"Shape__Length":0.1834905165137965}},{"type":"Feature","id":171816,"geometry":{"type":"LineString","coordinates":[[114.16366996718649,22.329853493366731,4.6584000000002561],[114.1636707496031,22.329852882962864,4.6594999999942956]]},"properties":{"OBJECTID":171816,"PedestrianRouteID":220014006,"Location":1,"FeatureType":1,"AliasNameEN":"Cheung Sha Wan Road","AliasNameTC":"長沙灣道","CrossingFeature":null,"WeatherProof":2,"WheelchairBarrier":2,"WheelchairAccess":2,"ObstaclesType":null,"Gradient":0.01045633,"Direction":0,"PositionCertainty":1,"Enabled":1,"DataSource":1,"LevelSource":2,"StreetNameEN":"Cheung Sha Wan Road","StreetNameTC":"長沙灣道","ST_CODE":10206,"FloorID":null,"BuildingID_1":null,"BuildingID_2":null,"SiteID":null,"TerminalID":null,"AccessTimeID":null,"CreationDate":1614441600000,"ModifiedBy":"LANDSD","LastAmendmentDate":1655049600000,"Shape__Length":0.10519562769277206}},{"type":"Feature","id":171817,"geometry":{"type":"LineString","coordinates":[[114.16366169162576,22.329859949561147,4.6472000000067055],[114.16366996718649,22.329853493366731,4.6584000000002561]]},"properties":{"OBJECTID":171817,"PedestrianRouteID":220014007,"Location":1,"FeatureType":1,"AliasNameEN":"Cheung Sha Wan Road","AliasNameTC":"長沙灣道","CrossingFeature":null,"WeatherProof":1,"WheelchairBarrier":2,"WheelchairAccess":2,"ObstaclesType":null,"Gradient":0.01006575,"Direction":0,"PositionCertainty":1,"Enabled":1,"DataSource":1,"LevelSource":2,"StreetNameEN":"Cheung Sha Wan Road","StreetNameTC":"長沙灣道","ST_CODE":10206,"FloorID":null,"BuildingID_1":null,"BuildingID_2":null,"SiteID":null,"TerminalID":null,"AccessTimeID":null,"CreationDate":1614441600000,"ModifiedBy":"LANDSD","LastAmendmentDate":1655049600000,"Shape__Length":1.1126460577607011}},{"type":"Feature","id":171822,"geometry":{"type":"LineString","coordinates":[[114.16386205815445,22.331749737729982,5.9361000000062631],[114.16386596057993,22.331746679384565,5.9440000000031432]]},"properties":{"OBJECTID":171822,"PedestrianRouteID":220014012,"Location":1,"FeatureType":1,"AliasNameEN":"Pei Ho Street","AliasNameTC":"北河街","CrossingFeature":null,"WeatherProof":1,"WheelchairBarrier":2,"WheelchairAccess":2,"ObstaclesType":null,"Gradient":0.015027510000000001,"Direction":0,"PositionCertainty":1,"Enabled":1,"DataSource":1,"LevelSource":12,"StreetNameEN":"Pei Ho Street","StreetNameTC":"北河街","ST_CODE":11675,"FloorID":null,"BuildingID_1":null,"BuildingID_2":null,"SiteID":null,"TerminalID":null,"AccessTimeID":null,"CreationDate":1614441600000,"ModifiedBy":"LANDSD","LastAmendmentDate":1689004800000,"Shape__Length":0.5256630954780287}},{"type":"Feature","id":171823,"geometry":{"type":"LineString","coordinates":[[114.16386596057993,22.331746679384565,5.9440000000031432],[114.16389221360873,22.331726108013928,5.9073000000062166]]},"properties":{"OBJECTID":171823,"PedestrianRouteID":220014013,"Location":1,"FeatureType":1,"AliasNameEN":"Pei Ho Street","AliasNameTC":"北河街","CrossingFeature":null,"WeatherProof":2,"WheelchairBarrier":2,"WheelchairAccess":2,"ObstaclesType":null,"Gradient":0.0021209800000000002,"Direction":0,"PositionCertainty":1,"Enabled":1,"DataSource":1,"LevelSource":2,"StreetNameEN":"Pei Ho Street","StreetNameTC":"北河街","ST_CODE":11675,"FloorID":null,"BuildingID_1":null,"BuildingID_2":null,"SiteID":null,"TerminalID":null,"AccessTimeID":null,"CreationDate":1614441600000,"ModifiedBy":"LANDSD","LastAmendmentDate":1689004800000,"Shape__Length":3.5360959550425721}},{"type":"Feature","id":171824,"geometry":{"type":"LineString","coordinates":[[114.1619906533781,22.332632261285475,5.615300000004936],[114.16196807494744,22.332606840844281,5.6083000000071479]]},"properties":{"OBJECTID":171824,"PedestrianRouteID":220014014,"Location":1,"FeatureType":1,"AliasNameEN":"Fuk Wing Street","AliasNameTC":"福榮街","CrossingFeature":null,"WeatherProof":2,"WheelchairBarrier":2,"WheelchairAccess":2,"ObstaclesType":null,"Gradient":0.0019169600000000001,"Direction":0,"PositionCertainty":1,"Enabled":1,"DataSource":1,"LevelSource":2,"StreetNameEN":"Fuk Wing Street","StreetNameTC":"福榮街","ST_CODE":10562,"FloorID":null,"BuildingID_1":null,"BuildingID_2":null,"SiteID":null,"TerminalID":null,"AccessTimeID":null,"CreationDate":1614441600000,"ModifiedBy":"LANDSD","LastAmendmentDate":1655049600000,"Shape__Length":3.651603453761668}},{"type":"Feature","id":171825,"geometry":{"type":"LineString","coordinates":[[114.16199605946868,22.332638348391026,5.6239000000059605],[114.1619906533781,22.332632261285475,5.615300000004936]]},"properties":{"OBJECTID":171825,"PedestrianRouteID":220014015,"Location":1,"FeatureType":1,"AliasNameEN":"Fuk Wing Street","AliasNameTC":"福榮街","CrossingFeature":null,"WeatherProof":1,"WheelchairBarrier":2,"WheelchairAccess":2,"ObstaclesType":null,"Gradient":0.0098353199999999998,"Direction":0,"PositionCertainty":1,"Enabled":1,"DataSource":1,"LevelSource":2,"StreetNameEN":"Fuk Wing Street","StreetNameTC":"福榮街","ST_CODE":10562,"FloorID":null,"BuildingID_1":null,"BuildingID_2":null,"SiteID":null,"TerminalID":null,"AccessTimeID":null,"CreationDate":1614441600000,"ModifiedBy":"LANDSD","LastAmendmentDate":1655049600000,"Shape__Length":0.87437120310345517}},{"type":"Feature","id":171826,"geometry":{"type":"LineString","coordinates":[[114.16309925796412,22.328786511512874,4.3689000000013039],[114.16311129413073,22.328776989781439,4.3564999999944121]]},"properties":{"OBJECTID":171826,"PedestrianRouteID":220014016,"Location":1,"FeatureType":1,"AliasNameEN":"Nam Cheong Street","AliasNameTC":"南昌街","CrossingFeature":null,"WeatherProof":1,"WheelchairBarrier":2,"WheelchairAccess":2,"ObstaclesType":null,"Gradient":0.0076180900000000001,"Direction":0,"PositionCertainty":1,"Enabled":1,"DataSource":1,"LevelSource":2,"StreetNameEN":"Nam Cheong Street","StreetNameTC":"南昌街","ST_CODE":11487,"FloorID":null,"BuildingID_1":null,"BuildingID_2":null,"SiteID":null,"TerminalID":null,"AccessTimeID":null,"CreationDate":1614441600000,"ModifiedBy":"LANDSD","LastAmendmentDate":1655049600000,"Shape__Length":1.6276738807692137}},{"type":"Feature","id":171827,"geometry":{"type":"LineString","coordinates":[[114.16262979879299,22.32825480445522,4.1414999999979045],[114.16262621289853,22.328257603622177,4.1450000000040745]]},"properties":{"OBJECTID":171827,"PedestrianRouteID":220014017,"Location":1,"FeatureType":1,"AliasNameEN":"Nam Cheong Street","AliasNameTC":"南昌街","CrossingFeature":null,"WeatherProof":2,"WheelchairBarrier":2,"WheelchairAccess":2,"ObstaclesType":null,"Gradient":0.00725765,"Direction":0,"PositionCertainty":1,"Enabled":1,"DataSource":1,"LevelSource":2,"StreetNameEN":"Nam Cheong Street","StreetNameTC":"南昌街","ST_CODE":11487,"FloorID":null,"BuildingID_1":null,"BuildingID_2":null,"SiteID":null,"TerminalID":null,"AccessTimeID":null,"CreationDate":1614441600000,"ModifiedBy":"LANDSD","LastAmendmentDate":1655049600000,"Shape__Length":0.48224097639669272}},{"type":"Feature","id":171828,"geometry":{"type":"LineString","coordinates":[[114.16263972940931,22.328247054374359,4.1316999999980908],[114.16262979879299,22.32825480445522,4.1414999999979045]]},"properties":{"OBJECTID":171828,"PedestrianRouteID":220014018,"Location":1,"FeatureType":1,"AliasNameEN":"Nam Cheong Street","AliasNameTC":"南昌街","CrossingFeature":null,"WeatherProof":1,"WheelchairBarrier":2,"WheelchairAccess":2,"ObstaclesType":null,"Gradient":0.0073386700000000003,"Direction":0,"PositionCertainty":1,"Enabled":1,"DataSource":1,"LevelSource":2,"StreetNameEN":"Nam Cheong Street","StreetNameTC":"南昌街","ST_CODE":11487,"FloorID":null,"BuildingID_1":null,"BuildingID_2":null,"SiteID":null,"TerminalID":null,"AccessTimeID":null,"CreationDate":1614441600000,"ModifiedBy":"LANDSD","LastAmendmentDate":1655049600000,"Shape__Length":1.3353680731649038}},{"type":"Feature","id":171829,"geometry":{"type":"LineString","coordinates":[[114.16151358201769,22.329123827884718,4.2194000000017695],[114.16150424829357,22.329131046953819,4.3730999999970663]]},"properties":{"OBJECTID":171829,"PedestrianRouteID":220014019,"Location":1,"FeatureType":1,"AliasNameEN":"Pei Ho Street","AliasNameTC":"北河街","CrossingFeature":null,"WeatherProof":2,"WheelchairBarrier":2,"WheelchairAccess":2,"ObstaclesType":null,"Gradient":0.0038385300000000002,"Direction":0,"PositionCertainty":1,"Enabled":1,"DataSource":1,"LevelSource":2,"StreetNameEN":"Pei Ho Street","StreetNameTC":"北河街","ST_CODE":11675,"FloorID":null,"BuildingID_1":null,"BuildingID_2":null,"SiteID":null,"TerminalID":null,"AccessTimeID":null,"CreationDate":1614441600000,"ModifiedBy":"LANDSD","LastAmendmentDate":1732636800000,"Shape__Length":1.2504729105311654}},{"type":"Feature","id":171830,"geometry":{"type":"LineString","coordinates":[[114.16127422441205,22.328857599741792,4.2032999999937601],[114.16145231340307,22.329055681816136,4.21480000000156]]},"properties":{"OBJECTID":171830,"PedestrianRouteID":220014020,"Location":1,"FeatureType":1,"AliasNameEN":"Pei Ho Street","AliasNameTC":"北河街","CrossingFeature":null,"WeatherProof":2,"WheelchairBarrier":2,"WheelchairAccess":2,"ObstaclesType":null,"Gradient":0.00036950999999999998,"Direction":0,"PositionCertainty":1,"Enabled":1,"DataSource":1,"LevelSource":2,"StreetNameEN":"Pei Ho Street","StreetNameTC":"北河街","ST_CODE":11675,"FloorID":null,"BuildingID_1":null,"BuildingID_2":null,"SiteID":null,"TerminalID":null,"AccessTimeID":null,"CreationDate":1614441600000,"ModifiedBy":"LANDSD","LastAmendmentDate":1712851200000,"Shape__Length":28.596220199610045}},{"type":"Feature","id":171833,"geometry":{"type":"LineString","coordinates":[[114.15997985060824,22.328829590225379,4.1223999999929219],[114.1599684788349,22.32881732460709,4.0966999999945983]]},"properties":{"OBJECTID":171833,"PedestrianRouteID":220014023,"Location":1,"FeatureType":1,"AliasNameEN":"Lai Chi Kok Road","AliasNameTC":"荔枝角道","CrossingFeature":null,"WeatherProof":2,"WheelchairBarrier":2,"WheelchairAccess":2,"ObstaclesType":null,"Gradient":0.014327039999999999,"Direction":0,"PositionCertainty":1,"Enabled":1,"DataSource":1,"LevelSource":2,"StreetNameEN":"Lai Chi Kok Road","StreetNameTC":"荔枝角道","ST_CODE":11149,"FloorID":null,"BuildingID_1":null,"BuildingID_2":null,"SiteID":null,"TerminalID":null,"AccessTimeID":null,"CreationDate":1614441600000,"ModifiedBy":"LANDSD","LastAmendmentDate":1655049600000,"Shape__Length":1.793687961071796}},{"type":"Feature","id":171834,"geometry":{"type":"LineString","coordinates":[[114.1599684788349,22.32881732460709,4.0966999999945983],[114.15989984437172,22.328744307892443,3.9578000000037719],[114.15983024087458,22.328666464199415,3.9937000000063563]]},"properties":{"OBJECTID":171834,"PedestrianRouteID":220014024,"Location":1,"FeatureType":1,"AliasNameEN":"Kweilin Street","AliasNameTC":"桂林街","CrossingFeature":null,"WeatherProof":2,"WheelchairBarrier":2,"WheelchairAccess":2,"ObstaclesType":null,"Gradient":0.0046916299999999996,"Direction":0,"PositionCertainty":1,"Enabled":1,"DataSource":1,"LevelSource":2,"StreetNameEN":"Kweilin Street","StreetNameTC":"桂林街","ST_CODE":11114,"FloorID":null,"BuildingID_1":null,"BuildingID_2":null,"SiteID":null,"TerminalID":null,"AccessTimeID":null,"CreationDate":1614441600000,"ModifiedBy":"LANDSD","LastAmendmentDate":1655049600000,"Shape__Length":21.953836307841726}},{"type":"Feature","id":171835,"geometry":{"type":"LineString","coordinates":[[114.15979460271957,22.330963354813164,4.6383999999961816],[114.15997236579864,22.331164305637881,4.7318999999988591],[114.16005996155339,22.331263326918808,4.7779000000009546]]},"properties":{"OBJECTID":171835,"PedestrianRouteID":220014025,"Location":1,"FeatureType":1,"AliasNameEN":"Sham Shui Po (Yen Chow Street)","AliasNameTC":"深水埗（欽州街）","CrossingFeature":null,"WeatherProof":1,"WheelchairBarrier":2,"WheelchairAccess":2,"ObstaclesType":null,"Gradient":0.0032426600000000001,"Direction":0,"PositionCertainty":1,"Enabled":1,"DataSource":1,"LevelSource":12,"StreetNameEN":null,"StreetNameTC":null,"ST_CODE":50674,"FloorID":null,"BuildingID_1":1108226175,"BuildingID_2":null,"SiteID":null,"TerminalID":1511001373,"AccessTimeID":null,"CreationDate":1614441600000,"ModifiedBy":"LANDSD","LastAmendmentDate":1690819200000,"Shape__Length":43.020122524621279}},{"type":"Feature","id":171839,"geometry":{"type":"LineString","coordinates":[[114.15986377032213,22.330890437415405,4.5007000000041444],[114.16012131636492,22.33117252173334,4.6125999999931082]]},"properties":{"OBJECTID":171839,"PedestrianRouteID":220014029,"Location":1,"FeatureType":1,"AliasNameEN":"Footway","AliasNameTC":"行人道","CrossingFeature":null,"WeatherProof":1,"WheelchairBarrier":2,"WheelchairAccess":2,"ObstaclesType":null,"Gradient":0.0027303200000000001,"Direction":0,"PositionCertainty":1,"Enabled":1,"DataSource":1,"LevelSource":12,"StreetNameEN":null,"StreetNameTC":null,"ST_CODE":50674,"FloorID":null,"BuildingID_1":1108226175,"BuildingID_2":null,"SiteID":null,"TerminalID":null,"AccessTimeID":null,"CreationDate":1614441600000,"ModifiedBy":"LANDSD","LastAmendmentDate":1671638400000,"Shape__Length":40.984172215290201}},{"type":"Feature","id":171840,"geometry":{"type":"LineString","coordinates":[[114.16015029799566,22.331506465665658,11.343999999997322],[114.16012810535302,22.33148177467551,11.343999999997322],[114.16011273957795,22.331464679105,11.343999999997322]]},"properties":{"OBJECTID":171840,"PedestrianRouteID":220014030,"Location":2,"FeatureType":2,"AliasNameEN":"Footbridge","AliasNameTC":"天橋","CrossingFeature":null,"WeatherProof":1,"WheelchairBarrier":2,"WheelchairAccess":2,"ObstaclesType":null,"Gradient":0,"Direction":0,"PositionCertainty":1,"Enabled":1,"DataSource":1,"LevelSource":2,"StreetNameEN":null,"StreetNameTC":null,"ST_CODE":null,"FloorID":null,"BuildingID_1":null,"BuildingID_2":null,"SiteID":null,"TerminalID":null,"AccessTimeID":null,"CreationDate":1614441600000,"ModifiedBy":"LANDSD","LastAmendmentDate":1706457600000,"Shape__Length":6.0318015770771929}},{"type":"Feature","id":171841,"geometry":{"type":"LineString","coordinates":[[114.16353068139172,22.328200997186599,4.9253000000026077],[114.16348424268784,22.32823682672867,4.771599999992759]]},"properties":{"OBJECTID":171841,"PedestrianRouteID":220014031,"Location":1,"FeatureType":1,"AliasNameEN":"Shek Kip Mei Street Rest Garden","AliasNameTC":"石峽尾街休憩花園","CrossingFeature":null,"WeatherProof":2,"WheelchairBarrier":2,"WheelchairAccess":2,"ObstaclesType":null,"Gradient":0.024724010000000001,"Direction":0,"PositionCertainty":1,"Enabled":1,"DataSource":1,"LevelSource":12,"StreetNameEN":null,"StreetNameTC":null,"ST_CODE":null,"FloorID":null,"BuildingID_1":null,"BuildingID_2":null,"SiteID":1503005165,"TerminalID":null,"AccessTimeID":null,"CreationDate":1614441600000,"ModifiedBy":"LANDSD","LastAmendmentDate":1689004800000,"Shape__Length":6.2153618731496731}},{"type":"Feature","id":171842,"geometry":{"type":"LineString","coordinates":[[114.16360349766664,22.328144814848176,5.0046000000002095],[114.16353068139172,22.328200997186599,4.9253000000026077]]},"properties":{"OBJECTID":171842,"PedestrianRouteID":220014032,"Location":1,"FeatureType":1,"AliasNameEN":"Shek Kip Mei Street Rest Garden","AliasNameTC":"石峽尾街休憩花園","CrossingFeature":null,"WeatherProof":2,"WheelchairBarrier":2,"WheelchairAccess":2,"ObstaclesType":null,"Gradient":0.0081366300000000006,"Direction":0,"PositionCertainty":1,"Enabled":1,"DataSource":1,"LevelSource":12,"StreetNameEN":null,"StreetNameTC":null,"ST_CODE":null,"FloorID":null,"BuildingID_1":null,"BuildingID_2":null,"SiteID":1503005165,"TerminalID":null,"AccessTimeID":null,"CreationDate":1614441600000,"ModifiedBy":"LANDSD","LastAmendmentDate":1689004800000,"Shape__Length":9.7458342613542275}},{"type":"Feature","id":171847,"geometry":{"type":"LineString","coordinates":[[114.15973667019901,22.331000023709993,4.6907999999966705],[114.16001222398505,22.331300299491812,4.8267000000050757]]},"properties":{"OBJECTID":171847,"PedestrianRouteID":220014038,"Location":1,"FeatureType":1,"AliasNameEN":"Sham Shui Po (Yen Chow Street)","AliasNameTC":"深水埗（欽州街）","CrossingFeature":null,"WeatherProof":1,"WheelchairBarrier":2,"WheelchairAccess":2,"ObstaclesType":null,"Gradient":0.0031083600000000001,"Direction":0,"PositionCertainty":1,"Enabled":1,"DataSource":1,"LevelSource":12,"StreetNameEN":null,"StreetNameTC":null,"ST_CODE":50674,"FloorID":null,"BuildingID_1":1108226175,"BuildingID_2":null,"SiteID":null,"TerminalID":1511001373,"AccessTimeID":null,"CreationDate":1614441600000,"ModifiedBy":"LANDSD","LastAmendmentDate":1671638400000,"Shape__Length":43.720629879791481}},{"type":"Feature","id":171848,"geometry":{"type":"LineString","coordinates":[[114.1624010708622,22.32845409918335,4.1362999999983003],[114.16237332331447,22.328475613883676,4.1989999999932479]]},"properties":{"OBJECTID":171848,"PedestrianRouteID":220014039,"Location":1,"FeatureType":1,"AliasNameEN":"Ki Lung Street","AliasNameTC":"基隆街","CrossingFeature":null,"WeatherProof":2,"WheelchairBarrier":2,"WheelchairAccess":2,"ObstaclesType":null,"Gradient":0.0011286499999999999,"Direction":0,"PositionCertainty":1,"Enabled":1,"DataSource":1,"LevelSource":2,"StreetNameEN":"Ki Lung Street","StreetNameTC":"基隆街","ST_CODE":10989,"FloorID":null,"BuildingID_1":null,"BuildingID_2":null,"SiteID":null,"TerminalID":null,"AccessTimeID":null,"CreationDate":1614441600000,"ModifiedBy":"LANDSD","LastAmendmentDate":1732636800000,"Shape__Length":3.7212511137093967}},{"type":"Feature","id":171849,"geometry":{"type":"LineString","coordinates":[[114.16237332331447,22.328475613883676,4.1989999999932479],[114.16225623971286,22.328566402309001,4.1417999999976018]]},"properties":{"OBJECTID":171849,"PedestrianRouteID":220014040,"Location":1,"FeatureType":1,"AliasNameEN":"Ki Lung Street","AliasNameTC":"基隆街","CrossingFeature":null,"WeatherProof":2,"WheelchairBarrier":2,"WheelchairAccess":2,"ObstaclesType":null,"Gradient":0.00061773000000000004,"Direction":0,"PositionCertainty":1,"Enabled":1,"DataSource":1,"LevelSource":2,"StreetNameEN":"Ki Lung Street","StreetNameTC":"基隆街","ST_CODE":10989,"FloorID":null,"BuildingID_1":null,"BuildingID_2":null,"SiteID":null,"TerminalID":null,"AccessTimeID":null,"CreationDate":1614441600000,"ModifiedBy":"LANDSD","LastAmendmentDate":1732636800000,"Shape__Length":15.702545617253039}},{"type":"Feature","id":171851,"geometry":{"type":"LineString","coordinates":[[114.16052226282382,22.32943551928285,4.1858000000065658],[114.16050921974427,22.329420868558241,4.2839999999996508]]},"properties":{"OBJECTID":171851,"PedestrianRouteID":220014042,"Location":1,"FeatureType":1,"AliasNameEN":"Kweilin Street","AliasNameTC":"桂林街","CrossingFeature":null,"WeatherProof":2,"WheelchairBarrier":2,"WheelchairAccess":2,"ObstaclesType":null,"Gradient":0.00094140999999999995,"Direction":0,"PositionCertainty":1,"Enabled":1,"DataSource":1,"LevelSource":2,"StreetNameEN":"Kweilin Street","StreetNameTC":"桂林街","ST_CODE":11114,"FloorID":null,"BuildingID_1":null,"BuildingID_2":null,"SiteID":null,"TerminalID":null,"AccessTimeID":null,"CreationDate":1614441600000,"ModifiedBy":"LANDSD","LastAmendmentDate":1732636800000,"Shape__Length":2.1065611904525019}},{"type":"Feature","id":171852,"geometry":{"type":"LineString","coordinates":[[114.16076898467959,22.329699706529169,4.2710999999981141],[114.16076215736609,22.329704986937251,4.283899999994901]]},"properties":{"OBJECTID":171852,"PedestrianRouteID":220014043,"Location":1,"FeatureType":1,"AliasNameEN":"Kweilin Street","AliasNameTC":"桂林街","CrossingFeature":null,"WeatherProof":2,"WheelchairBarrier":2,"WheelchairAccess":2,"ObstaclesType":null,"Gradient":0.013993200000000001,"Direction":0,"PositionCertainty":1,"Enabled":1,"DataSource":1,"LevelSource":2,"StreetNameEN":"Kweilin Street","StreetNameTC":"桂林街","ST_CODE":11114,"FloorID":null,"BuildingID_1":null,"BuildingID_2":null,"SiteID":null,"TerminalID":null,"AccessTimeID":null,"CreationDate":1614441600000,"ModifiedBy":"LANDSD","LastAmendmentDate":1655049600000,"Shape__Length":0.91467039319711829}},{"type":"Feature","id":171853,"geometry":{"type":"LineString","coordinates":[[114.16071250050997,22.329649209127808,4.2382000000070548],[114.16060793629003,22.329531754160012,4.2084999999933643]]},"properties":{"OBJECTID":171853,"PedestrianRouteID":220014044,"Location":1,"FeatureType":1,"AliasNameEN":"Kweilin Street","AliasNameTC":"桂林街","CrossingFeature":null,"WeatherProof":2,"WheelchairBarrier":2,"WheelchairAccess":2,"ObstaclesType":null,"Gradient":0.00176183,"Direction":0,"PositionCertainty":1,"Enabled":1,"DataSource":1,"LevelSource":2,"StreetNameEN":"Kweilin Street","StreetNameTC":"桂林街","ST_CODE":11114,"FloorID":null,"BuildingID_1":null,"BuildingID_2":null,"SiteID":null,"TerminalID":null,"AccessTimeID":null,"CreationDate":1614441600000,"ModifiedBy":"LANDSD","LastAmendmentDate":1712851200000,"Shape__Length":16.888161341135643}},{"type":"Feature","id":171855,"geometry":{"type":"LineString","coordinates":[[114.15995441384706,22.331618039883868,4.4860999999946216],[114.16008617579752,22.331514669657491,4.4811999999947147]]},"properties":{"OBJECTID":171855,"PedestrianRouteID":220014046,"Location":1,"FeatureType":1,"AliasNameEN":"Yen Chow Street","AliasNameTC":"欽州街","CrossingFeature":null,"WeatherProof":2,"WheelchairBarrier":2,"WheelchairAccess":2,"ObstaclesType":null,"Gradient":0.00027223999999999998,"Direction":0,"PositionCertainty":1,"Enabled":1,"DataSource":1,"LevelSource":2,"StreetNameEN":"Yen Chow Street","StreetNameTC":"欽州街","ST_CODE":12852,"FloorID":null,"BuildingID_1":null,"BuildingID_2":null,"SiteID":null,"TerminalID":null,"AccessTimeID":null,"CreationDate":1614441600000,"ModifiedBy":"LANDSD","LastAmendmentDate":1706457600000,"Shape__Length":17.756263617694806}},{"type":"Feature","id":171856,"geometry":{"type":"LineString","coordinates":[[114.1601502001007,22.331464440945197,4.8752999999996973],[114.16017643129652,22.331443861143139,4.4777000000030966]]},"properties":{"OBJECTID":171856,"PedestrianRouteID":290037640,"Location":1,"FeatureType":1,"AliasNameEN":"Yen Chow Street","AliasNameTC":"欽州街","CrossingFeature":null,"WeatherProof":2,"WheelchairBarrier":2,"WheelchairAccess":2,"ObstaclesType":null,"Gradient":0.11200509,"Direction":0,"PositionCertainty":1,"Enabled":1,"DataSource":1,"LevelSource":2,"StreetNameEN":"Yen Chow Street","StreetNameTC":"欽州街","ST_CODE":12852,"FloorID":null,"BuildingID_1":null,"BuildingID_2":null,"SiteID":null,"TerminalID":null,"AccessTimeID":null,"CreationDate":1614441600000,"ModifiedBy":"LANDSD","LastAmendmentDate":1706457600000,"Shape__Length":3.5349819023532949}},{"type":"Feature","id":171859,"geometry":{"type":"LineString","coordinates":[[114.15999806531349,22.331311265662428,4.8438000000023749],[114.15997313497948,22.331330574065472,4.8681999999971595]]},"properties":{"OBJECTID":171859,"PedestrianRouteID":220014050,"Location":1,"FeatureType":32,"AliasNameEN":"Sham Shui Po (Yen Chow Street) Crossing","AliasNameTC":"深水埗（欽州街）過路處","CrossingFeature":5,"WeatherProof":1,"WheelchairBarrier":2,"WheelchairAccess":2,"ObstaclesType":null,"Gradient":0.0073012399999999996,"Direction":0,"PositionCertainty":1,"Enabled":1,"DataSource":1,"LevelSource":12,"StreetNameEN":null,"StreetNameTC":null,"ST_CODE":50674,"FloorID":null,"BuildingID_1":1108226175,"BuildingID_2":null,"SiteID":null,"TerminalID":1511001373,"AccessTimeID":null,"CreationDate":1614441600000,"ModifiedBy":"LANDSD","LastAmendmentDate":1671638400000,"Shape__Length":3.3418396393575889}},{"type":"Feature","id":171864,"geometry":{"type":"LineString","coordinates":[[114.16116273341028,22.328725094987714,4.2437000000063563],[114.16117034342513,22.32873352396701,4.2658999999985099]]},"properties":{"OBJECTID":171864,"PedestrianRouteID":220014055,"Location":1,"FeatureType":1,"AliasNameEN":"Pei Ho Street","AliasNameTC":"北河街","CrossingFeature":null,"WeatherProof":1,"WheelchairBarrier":2,"WheelchairAccess":2,"ObstaclesType":null,"Gradient":0.018210239999999999,"Direction":0,"PositionCertainty":1,"Enabled":1,"DataSource":1,"LevelSource":2,"StreetNameEN":"Pei Ho Street","StreetNameTC":"北河街","ST_CODE":11675,"FloorID":null,"BuildingID_1":null,"BuildingID_2":null,"SiteID":null,"TerminalID":null,"AccessTimeID":null,"CreationDate":1614441600000,"ModifiedBy":"LANDSD","LastAmendmentDate":1655049600000,"Shape__Length":1.2189592688521504}},{"type":"Feature","id":171865,"geometry":{"type":"LineString","coordinates":[[114.16104669462989,22.328596546010942,4.2063000000052853],[114.16116273341028,22.328725094987714,4.2437000000063563]]},"properties":{"OBJECTID":171865,"PedestrianRouteID":220014056,"Location":1,"FeatureType":1,"AliasNameEN":"Pei Ho Street","AliasNameTC":"北河街","CrossingFeature":null,"WeatherProof":1,"WheelchairBarrier":2,"WheelchairAccess":2,"ObstaclesType":null,"Gradient":0.0020119600000000001,"Direction":0,"PositionCertainty":1,"Enabled":1,"DataSource":1,"LevelSource":2,"StreetNameEN":"Pei Ho Street","StreetNameTC":"北河街","ST_CODE":11675,"FloorID":null,"BuildingID_1":null,"BuildingID_2":null,"SiteID":null,"TerminalID":null,"AccessTimeID":null,"CreationDate":1614441600000,"ModifiedBy":"LANDSD","LastAmendmentDate":1655049600000,"Shape__Length":18.588805668179663}},{"type":"Feature","id":171868,"geometry":{"type":"LineString","coordinates":[[114.16282493054749,22.331994495741284,5.4973999999929219],[114.16282943778093,22.331991012132878,5.4998000000050524]]},"properties":{"OBJECTID":171868,"PedestrianRouteID":220014059,"Location":1,"FeatureType":1,"AliasNameEN":"Kweilin Street","AliasNameTC":"桂林街","CrossingFeature":null,"WeatherProof":2,"WheelchairBarrier":2,"WheelchairAccess":2,"ObstaclesType":null,"Gradient":0.0039756699999999997,"Direction":0,"PositionCertainty":1,"Enabled":1,"DataSource":1,"LevelSource":2,"StreetNameEN":"Kweilin Street","StreetNameTC":"桂林街","ST_CODE":11114,"FloorID":null,"BuildingID_1":null,"BuildingID_2":null,"SiteID":null,"TerminalID":null,"AccessTimeID":null,"CreationDate":1614441600000,"ModifiedBy":"LANDSD","LastAmendmentDate":1655049600000,"Shape__Length":0.60366889129486301}},{"type":"Feature","id":171869,"geometry":{"type":"LineString","coordinates":[[114.16282813454549,22.332006522041823,5.4994000000006054],[114.16282049223769,22.331997926075086,5.5071999999927357]]},"properties":{"OBJECTID":171869,"PedestrianRouteID":220014060,"Location":1,"FeatureType":1,"AliasNameEN":"Kweilin Street","AliasNameTC":"桂林街","CrossingFeature":null,"WeatherProof":2,"WheelchairBarrier":2,"WheelchairAccess":2,"ObstaclesType":null,"Gradient":0.0063142600000000004,"Direction":0,"PositionCertainty":1,"Enabled":1,"DataSource":1,"LevelSource":2,"StreetNameEN":"Kweilin Street","StreetNameTC":"桂林街","ST_CODE":11114,"FloorID":null,"BuildingID_1":null,"BuildingID_2":null,"SiteID":null,"TerminalID":null,"AccessTimeID":null,"CreationDate":1614441600000,"ModifiedBy":"LANDSD","LastAmendmentDate":1655049600000,"Shape__Length":1.2352821538148095}},{"type":"Feature","id":171872,"geometry":{"type":"LineString","coordinates":[[114.16013457526324,22.331006017244547,4.3552999999956228],[114.16011902513992,22.330988676925912,4.3518999999942025]]},"properties":{"OBJECTID":171872,"PedestrianRouteID":220014063,"Location":1,"FeatureType":1,"AliasNameEN":"Yen Chow Street","AliasNameTC":"欽州街","CrossingFeature":null,"WeatherProof":1,"WheelchairBarrier":2,"WheelchairAccess":2,"ObstaclesType":null,"Gradient":0.00135962,"Direction":0,"PositionCertainty":1,"Enabled":1,"DataSource":1,"LevelSource":2,"StreetNameEN":"Yen Chow Street","StreetNameTC":"欽州街","ST_CODE":12852,"FloorID":null,"BuildingID_1":null,"BuildingID_2":null,"SiteID":null,"TerminalID":null,"AccessTimeID":null,"CreationDate":1614441600000,"ModifiedBy":"LANDSD","LastAmendmentDate":1655049600000,"Shape__Length":2.5006888733839512}},{"type":"Feature","id":171873,"geometry":{"type":"LineString","coordinates":[[114.16011902513992,22.330988676925912,4.3518999999942025],[114.1600242502201,22.330882993972544,4.3310000000055879]]},"properties":{"OBJECTID":171873,"PedestrianRouteID":220014064,"Location":1,"FeatureType":1,"AliasNameEN":"Yen Chow Street","AliasNameTC":"欽州街","CrossingFeature":null,"WeatherProof":1,"WheelchairBarrier":2,"WheelchairAccess":2,"ObstaclesType":null,"Gradient":0.0013713,"Direction":0,"PositionCertainty":1,"Enabled":1,"DataSource":1,"LevelSource":2,"StreetNameEN":"Yen Chow Street","StreetNameTC":"欽州街","ST_CODE":12852,"FloorID":null,"BuildingID_1":null,"BuildingID_2":null,"SiteID":null,"TerminalID":null,"AccessTimeID":null,"CreationDate":1614441600000,"ModifiedBy":"LANDSD","LastAmendmentDate":1655049600000,"Shape__Length":15.240963253426488}},{"type":"Feature","id":171874,"geometry":{"type":"LineString","coordinates":[[114.16426088368756,22.329958623742069,5.1582999999955064],[114.16422335494794,22.32998801447032,5.161999999996624]]},"properties":{"OBJECTID":171874,"PedestrianRouteID":220014065,"Location":1,"FeatureType":1,"AliasNameEN":"Fuk Wa Street","AliasNameTC":"福華街","CrossingFeature":null,"WeatherProof":1,"WheelchairBarrier":2,"WheelchairAccess":2,"ObstaclesType":null,"Gradient":0.0042344599999999998,"Direction":0,"PositionCertainty":1,"Enabled":1,"DataSource":1,"LevelSource":2,"StreetNameEN":"Fuk Wa Street","StreetNameTC":"福華街","ST_CODE":10560,"FloorID":null,"BuildingID_1":null,"BuildingID_2":null,"SiteID":null,"TerminalID":null,"AccessTimeID":null,"CreationDate":1614441600000,"ModifiedBy":"LANDSD","LastAmendmentDate":1689004800000,"Shape__Length":5.0537441572868724}},{"type":"Feature","id":171875,"geometry":{"type":"LineString","coordinates":[[114.16420878125076,22.329999427992338,5.1579000000056112],[114.163942315505,22.329706623793381,4.6665999999968335]]},"properties":{"OBJECTID":171875,"PedestrianRouteID":220014066,"Location":1,"FeatureType":1,"AliasNameEN":"Nam Cheong Street","AliasNameTC":"南昌街","CrossingFeature":null,"WeatherProof":1,"WheelchairBarrier":2,"WheelchairAccess":2,"ObstaclesType":null,"Gradient":0.012302830000000001,"Direction":0,"PositionCertainty":1,"Enabled":1,"DataSource":1,"LevelSource":2,"StreetNameEN":"Nam Cheong Street","StreetNameTC":"南昌街","ST_CODE":11487,"FloorID":null,"BuildingID_1":null,"BuildingID_2":null,"SiteID":null,"TerminalID":null,"AccessTimeID":null,"CreationDate":1614441600000,"ModifiedBy":"LANDSD","LastAmendmentDate":1689004800000,"Shape__Length":42.484000093121445}},{"type":"Feature","id":171876,"geometry":{"type":"LineString","coordinates":[[114.16277886899519,22.328405751923501,4.194099999993341],[114.1627403371579,22.328362918323638,4.1748999999981606]]},"properties":{"OBJECTID":171876,"PedestrianRouteID":220014067,"Location":1,"FeatureType":1,"AliasNameEN":"Nam Cheong Street","AliasNameTC":"南昌街","CrossingFeature":null,"WeatherProof":2,"WheelchairBarrier":2,"WheelchairAccess":2,"ObstaclesType":null,"Gradient":0.00310421,"Direction":0,"PositionCertainty":1,"Enabled":1,"DataSource":1,"LevelSource":2,"StreetNameEN":"Nam Cheong Street","StreetNameTC":"南昌街","ST_CODE":11487,"FloorID":null,"BuildingID_1":null,"BuildingID_2":null,"SiteID":null,"TerminalID":null,"AccessTimeID":null,"CreationDate":1614441600000,"ModifiedBy":"LANDSD","LastAmendmentDate":1655049600000,"Shape__Length":6.1851310284358263}},{"type":"Feature","id":171877,"geometry":{"type":"LineString","coordinates":[[114.16274776910895,22.328357071666193,4.2051999999966938],[114.16288433692405,22.328249633969346,4.2954999999928987]]},"properties":{"OBJECTID":171877,"PedestrianRouteID":220014068,"Location":1,"FeatureType":1,"AliasNameEN":"Ki Lung Street","AliasNameTC":"基隆街","CrossingFeature":null,"WeatherProof":2,"WheelchairBarrier":2,"WheelchairAccess":2,"ObstaclesType":null,"Gradient":0.0049008100000000002,"Direction":0,"PositionCertainty":1,"Enabled":1,"DataSource":1,"LevelSource":2,"StreetNameEN":"Ki Lung Street","StreetNameTC":"基隆街","ST_CODE":10989,"FloorID":null,"BuildingID_1":null,"BuildingID_2":null,"SiteID":null,"TerminalID":null,"AccessTimeID":null,"CreationDate":1614441600000,"ModifiedBy":"LANDSD","LastAmendmentDate":1655049600000,"Shape__Length":18.425379637781184}},{"type":"Feature","id":171880,"geometry":{"type":"LineString","coordinates":[[114.16043376815713,22.329302581978027,4.2090000000025611],[114.16041791770337,22.329314805074173,4.2014999999955762]]},"properties":{"OBJECTID":171880,"PedestrianRouteID":220014071,"Location":1,"FeatureType":1,"AliasNameEN":"Kweilin Street","AliasNameTC":"桂林街","CrossingFeature":null,"WeatherProof":1,"WheelchairBarrier":2,"WheelchairAccess":2,"ObstaclesType":null,"Gradient":0.00353609,"Direction":0,"PositionCertainty":1,"Enabled":1,"DataSource":1,"LevelSource":2,"StreetNameEN":"Kweilin Street","StreetNameTC":"桂林街","ST_CODE":11114,"FloorID":null,"BuildingID_1":null,"BuildingID_2":null,"SiteID":null,"TerminalID":null,"AccessTimeID":null,"CreationDate":1614441600000,"ModifiedBy":"LANDSD","LastAmendmentDate":1655049600000,"Shape__Length":2.1209760786987566}},{"type":"Feature","id":171881,"geometry":{"type":"LineString","coordinates":[[114.16073307794532,22.329071781241137,4.2280999999929918],[114.16043376815713,22.329302581978027,4.2090000000025611]]},"properties":{"OBJECTID":171881,"PedestrianRouteID":220014072,"Location":1,"FeatureType":1,"AliasNameEN":"Tai Nan Street","AliasNameTC":"大南街","CrossingFeature":null,"WeatherProof":1,"WheelchairBarrier":2,"WheelchairAccess":2,"ObstaclesType":null,"Gradient":0.00047689999999999999,"Direction":0,"PositionCertainty":1,"Enabled":1,"DataSource":1,"LevelSource":2,"StreetNameEN":"Tai Nan Street","StreetNameTC":"大南街","ST_CODE":12239,"FloorID":null,"BuildingID_1":null,"BuildingID_2":null,"SiteID":null,"TerminalID":null,"AccessTimeID":null,"CreationDate":1614441600000,"ModifiedBy":"LANDSD","LastAmendmentDate":1655049600000,"Shape__Length":40.050296839485597}},{"type":"Feature","id":171882,"geometry":{"type":"LineString","coordinates":[[114.16110200278429,22.330302870112057,4.3754000000044471],[114.16110196202111,22.330302824955201,4.3754000000044471],[114.16101786532447,22.330368100655893,4.3641000000061467]]},"properties":{"OBJECTID":171882,"PedestrianRouteID":220014073,"Location":1,"FeatureType":1,"AliasNameEN":"Yu Chau Street","AliasNameTC":"汝州街","CrossingFeature":null,"WeatherProof":1,"WheelchairBarrier":2,"WheelchairAccess":2,"ObstaclesType":null,"Gradient":0.00100092,"Direction":0,"PositionCertainty":1,"Enabled":1,"DataSource":1,"LevelSource":12,"StreetNameEN":"Yu Chau Street","StreetNameTC":"汝州街","ST_CODE":12888,"FloorID":null,"BuildingID_1":null,"BuildingID_2":null,"SiteID":null,"TerminalID":null,"AccessTimeID":null,"CreationDate":1614441600000,"ModifiedBy":"LANDSD","LastAmendmentDate":1689177600000,"Shape__Length":11.289654570153381}},{"type":"Feature","id":171883,"geometry":{"type":"LineString","coordinates":[[114.1612147062927,22.330427453373243,4.4318000000057509],[114.1611076271333,22.330309087310454,4.3899999999994179]]},"properties":{"OBJECTID":171883,"PedestrianRouteID":220014074,"Location":1,"FeatureType":1,"AliasNameEN":"Kweilin Street","AliasNameTC":"桂林街","CrossingFeature":null,"WeatherProof":1,"WheelchairBarrier":2,"WheelchairAccess":2,"ObstaclesType":null,"Gradient":0.0079325300000000001,"Direction":0,"PositionCertainty":1,"Enabled":1,"DataSource":1,"LevelSource":2,"StreetNameEN":"Kweilin Street","StreetNameTC":"桂林街","ST_CODE":11114,"FloorID":null,"BuildingID_1":null,"BuildingID_2":null,"SiteID":null,"TerminalID":null,"AccessTimeID":null,"CreationDate":1614441600000,"ModifiedBy":"LANDSD","LastAmendmentDate":1689004800000,"Shape__Length":17.13162377199291}},{"type":"Feature","id":171884,"geometry":{"type":"LineString","coordinates":[[114.16091713079901,22.3314980513187,4.7286000000021886],[114.16087562791502,22.331450949147449,4.7158000000054017]]},"properties":{"OBJECTID":171884,"PedestrianRouteID":220014075,"Location":1,"FeatureType":1,"AliasNameEN":"Yen Chow Street","AliasNameTC":"欽州街","CrossingFeature":null,"WeatherProof":1,"WheelchairBarrier":2,"WheelchairAccess":2,"ObstaclesType":null,"Gradient":0.00189788,"Direction":0,"PositionCertainty":1,"Enabled":1,"DataSource":1,"LevelSource":2,"StreetNameEN":"Yen Chow Street","StreetNameTC":"欽州街","ST_CODE":12852,"FloorID":null,"BuildingID_1":null,"BuildingID_2":null,"SiteID":null,"TerminalID":null,"AccessTimeID":null,"CreationDate":1614441600000,"ModifiedBy":"LANDSD","LastAmendmentDate":1655049600000,"Shape__Length":6.7443519786906974}},{"type":"Feature","id":171887,"geometry":{"type":"LineString","coordinates":[[114.16216933036554,22.329851162915414,4.3754999999946449],[114.16222431243087,22.329912077352823,4.3821000000025379],[114.16223825164194,22.329926933916646,4.2813000000023749]]},"properties":{"OBJECTID":171887,"PedestrianRouteID":220014078,"Location":1,"FeatureType":1,"AliasNameEN":"Pei Ho Street","AliasNameTC":"北河街","CrossingFeature":null,"WeatherProof":2,"WheelchairBarrier":2,"WheelchairAccess":2,"ObstaclesType":null,"Gradient":0.0075963300000000001,"Direction":0,"PositionCertainty":1,"Enabled":1,"DataSource":1,"LevelSource":2,"StreetNameEN":"Pei Ho Street","StreetNameTC":"北河街","ST_CODE":11675,"FloorID":null,"BuildingID_1":null,"BuildingID_2":null,"SiteID":null,"TerminalID":null,"AccessTimeID":null,"CreationDate":1614441600000,"ModifiedBy":"LANDSD","LastAmendmentDate":1732636800000,"Shape__Length":10.991943643117711}},{"type":"Feature","id":171888,"geometry":{"type":"LineString","coordinates":[[114.16064827123958,22.331855467716437,4.8353000000061002],[114.16055792044679,22.331927481159767,4.8690000000060536]]},"properties":{"OBJECTID":171888,"PedestrianRouteID":220014079,"Location":1,"FeatureType":1,"AliasNameEN":"Cheung Sha Wan Road","AliasNameTC":"長沙灣道","CrossingFeature":null,"WeatherProof":1,"WheelchairBarrier":2,"WheelchairAccess":2,"ObstaclesType":null,"Gradient":0.0027494899999999998,"Direction":0,"PositionCertainty":1,"Enabled":1,"DataSource":1,"LevelSource":12,"StreetNameEN":"Cheung Sha Wan Road","StreetNameTC":"長沙灣道","ST_CODE":10206,"FloorID":null,"BuildingID_1":null,"BuildingID_2":null,"SiteID":null,"TerminalID":null,"AccessTimeID":null,"CreationDate":1614441600000,"ModifiedBy":"LANDSD","LastAmendmentDate":1689004800000,"Shape__Length":12.256798748774001}},{"type":"Feature","id":171889,"geometry":{"type":"LineString","coordinates":[[114.16052236781007,22.331955818256059,4.8399999999965075],[114.16043008990023,22.332029368437968,4.7893999999942025]]},"properties":{"OBJECTID":171889,"PedestrianRouteID":220014080,"Location":1,"FeatureType":1,"AliasNameEN":"Cheung Sha Wan Road","AliasNameTC":"長沙灣道","CrossingFeature":null,"WeatherProof":1,"WheelchairBarrier":2,"WheelchairAccess":2,"ObstaclesType":null,"Gradient":0.00228466,"Direction":0,"PositionCertainty":1,"Enabled":1,"DataSource":1,"LevelSource":2,"StreetNameEN":"Cheung Sha Wan Road","StreetNameTC":"長沙灣道","ST_CODE":10206,"FloorID":null,"BuildingID_1":null,"BuildingID_2":null,"SiteID":null,"TerminalID":null,"AccessTimeID":null,"CreationDate":1614441600000,"ModifiedBy":"LANDSD","LastAmendmentDate":1689004800000,"Shape__Length":12.518275867399494}},{"type":"Feature","id":171903,"geometry":{"type":"LineString","coordinates":[[114.15974841759227,22.330575410620117,4.1692999999941094],[114.1597190829561,22.330542698758745,4.2994000000035157]]},"properties":{"OBJECTID":171903,"PedestrianRouteID":220014094,"Location":1,"FeatureType":7,"AliasNameEN":"Yen Chow Street RunIn","AliasNameTC":"欽州街車輛出入口","CrossingFeature":null,"WeatherProof":1,"WheelchairBarrier":2,"WheelchairAccess":2,"ObstaclesType":null,"Gradient":0.0036476400000000002,"Direction":0,"PositionCertainty":1,"Enabled":1,"DataSource":1,"LevelSource":2,"StreetNameEN":"Yen Chow Street","StreetNameTC":"欽州街","ST_CODE":12852,"FloorID":null,"BuildingID_1":null,"BuildingID_2":null,"SiteID":null,"TerminalID":null,"AccessTimeID":null,"CreationDate":1614441600000,"ModifiedBy":"LANDSD","LastAmendmentDate":1758643200000,"Shape__Length":4.7174559082425622}},{"type":"Feature","id":171904,"geometry":{"type":"LineString","coordinates":[[114.16004141532278,22.330869586241274,4.3251000000018394],[114.16011453540021,22.33081247446863,4.300199999997858]]},"properties":{"OBJECTID":171904,"PedestrianRouteID":220014095,"Location":1,"FeatureType":30,"AliasNameEN":"Yen Chow Street Crossing","AliasNameTC":"欽州街過路處","CrossingFeature":1,"WeatherProof":2,"WheelchairBarrier":2,"WheelchairAccess":2,"ObstaclesType":null,"Gradient":0.0025315899999999998,"Direction":0,"PositionCertainty":1,"Enabled":1,"DataSource":1,"LevelSource":2,"StreetNameEN":"Yen Chow Street","StreetNameTC":"欽州街","ST_CODE":12852,"FloorID":null,"BuildingID_1":null,"BuildingID_2":null,"SiteID":null,"TerminalID":null,"AccessTimeID":null,"CreationDate":1614441600000,"ModifiedBy":"LANDSD","LastAmendmentDate":1654272000000,"Shape__Length":9.8356965623049568}},{"type":"Feature","id":171905,"geometry":{"type":"LineString","coordinates":[[114.16011453540021,22.33081247446863,4.300199999997858],[114.16013765128071,22.330794419300414,4.2923000000009779]]},"properties":{"OBJECTID":171905,"PedestrianRouteID":220014096,"Location":1,"FeatureType":6,"AliasNameEN":"Yen Chow Street Traffic Island","AliasNameTC":"欽州街安全島","CrossingFeature":1,"WeatherProof":2,"WheelchairBarrier":2,"WheelchairAccess":2,"ObstaclesType":null,"Gradient":0.0025406600000000001,"Direction":0,"PositionCertainty":1,"Enabled":1,"DataSource":1,"LevelSource":2,"StreetNameEN":"Yen Chow Street","StreetNameTC":"欽州街","ST_CODE":12852,"FloorID":null,"BuildingID_1":null,"BuildingID_2":null,"SiteID":null,"TerminalID":null,"AccessTimeID":null,"CreationDate":1614441600000,"ModifiedBy":"LANDSD","LastAmendmentDate":1654272000000,"Shape__Length":3.1094233539192935}},{"type":"Feature","id":171906,"geometry":{"type":"LineString","coordinates":[[114.16034523994341,22.329316135127918,4.1641999999992549],[114.16037374416575,22.329294200931965,4.1793000000034226]]},"properties":{"OBJECTID":171906,"PedestrianRouteID":220014097,"Location":1,"FeatureType":32,"AliasNameEN":"Kweilin Street Crossing","AliasNameTC":"桂林街過路處","CrossingFeature":1,"WeatherProof":2,"WheelchairBarrier":2,"WheelchairAccess":2,"ObstaclesType":null,"Gradient":0.0039623100000000001,"Direction":0,"PositionCertainty":1,"Enabled":1,"DataSource":1,"LevelSource":2,"StreetNameEN":"Kweilin Street","StreetNameTC":"桂林街","ST_CODE":11114,"FloorID":null,"BuildingID_1":null,"BuildingID_2":null,"SiteID":null,"TerminalID":null,"AccessTimeID":null,"CreationDate":1614441600000,"ModifiedBy":"LANDSD","LastAmendmentDate":1654272000000,"Shape__Length":3.8108883908004585}},{"type":"Feature","id":171907,"geometry":{"type":"LineString","coordinates":[[114.16033211827116,22.329326232693901,4.1572000000014668],[114.16034523994341,22.329316135127918,4.1641999999992549]]},"properties":{"OBJECTID":171907,"PedestrianRouteID":220014098,"Location":1,"FeatureType":6,"AliasNameEN":"Kweilin Street Traffic Island","AliasNameTC":"桂林街安全島","CrossingFeature":1,"WeatherProof":2,"WheelchairBarrier":2,"WheelchairAccess":2,"ObstaclesType":null,"Gradient":0.0039900999999999999,"Direction":0,"PositionCertainty":1,"Enabled":1,"DataSource":1,"LevelSource":2,"StreetNameEN":"Kweilin Street","StreetNameTC":"桂林街","ST_CODE":11114,"FloorID":null,"BuildingID_1":null,"BuildingID_2":null,"SiteID":null,"TerminalID":null,"AccessTimeID":null,"CreationDate":1614441600000,"ModifiedBy":"LANDSD","LastAmendmentDate":1654272000000,"Shape__Length":1.7543339987582305}},{"type":"Feature","id":171908,"geometry":{"type":"LineString","coordinates":[[114.16090830404555,22.328242689806551,4.1536999999952968],[114.16084910619323,22.32817743078418,4.1340999999956694]]},"properties":{"OBJECTID":171908,"PedestrianRouteID":220014099,"Location":1,"FeatureType":30,"AliasNameEN":"Lai Chi Kok Road Crossing","AliasNameTC":"荔枝角道過路處","CrossingFeature":1,"WeatherProof":2,"WheelchairBarrier":2,"WheelchairAccess":2,"ObstaclesType":null,"Gradient":0.0020727499999999999,"Direction":0,"PositionCertainty":1,"Enabled":1,"DataSource":1,"LevelSource":2,"StreetNameEN":"Lai Chi Kok Road","StreetNameTC":"荔枝角道","ST_CODE":11149,"FloorID":null,"BuildingID_1":null,"BuildingID_2":null,"SiteID":null,"TerminalID":null,"AccessTimeID":null,"CreationDate":1614441600000,"ModifiedBy":"LANDSD","LastAmendmentDate":1654272000000,"Shape__Length":9.4560079254593887}},{"type":"Feature","id":171909,"geometry":{"type":"LineString","coordinates":[[114.16091850826818,22.328253938401371,4.3899999999994179],[114.16090830404555,22.328242689806551,4.1536999999952968]]},"properties":{"OBJECTID":171909,"PedestrianRouteID":220014100,"Location":1,"FeatureType":6,"AliasNameEN":"Lai Chi Kok Road Traffic Island","AliasNameTC":"荔枝角道安全島","CrossingFeature":1,"WeatherProof":2,"WheelchairBarrier":2,"WheelchairAccess":2,"ObstaclesType":null,"Gradient":0.00208596,"Direction":0,"PositionCertainty":1,"Enabled":1,"DataSource":1,"LevelSource":2,"StreetNameEN":"Lai Chi Kok Road","StreetNameTC":"荔枝角道","ST_CODE":11149,"FloorID":null,"BuildingID_1":null,"BuildingID_2":null,"SiteID":null,"TerminalID":null,"AccessTimeID":null,"CreationDate":1614441600000,"ModifiedBy":"LANDSD","LastAmendmentDate":1730649600000,"Shape__Length":1.6299423949836664}},{"type":"Feature","id":171910,"geometry":{"type":"LineString","coordinates":[[114.16391959346852,22.329618611730584,4.6309999999939464],[114.16385353385479,22.32954367609609,4.7831000000005588]]},"properties":{"OBJECTID":171910,"PedestrianRouteID":220014101,"Location":1,"FeatureType":30,"AliasNameEN":"Cheung Sha Wan Road Crossing","AliasNameTC":"長沙灣道過路處","CrossingFeature":1,"WeatherProof":2,"WheelchairBarrier":2,"WheelchairAccess":2,"ObstaclesType":null,"Gradient":0.01417182,"Direction":0,"PositionCertainty":1,"Enabled":1,"DataSource":1,"LevelSource":2,"StreetNameEN":"Cheung Sha Wan Road","StreetNameTC":"長沙灣道","ST_CODE":10206,"FloorID":null,"BuildingID_1":null,"BuildingID_2":null,"SiteID":null,"TerminalID":null,"AccessTimeID":null,"CreationDate":1614441600000,"ModifiedBy":"LANDSD","LastAmendmentDate":1654272000000,"Shape__Length":10.731848230702978}},{"type":"Feature","id":171911,"geometry":{"type":"LineString","coordinates":[[114.16389694097494,22.329482007908048,4.8179999999993015],[114.16383711146358,22.32941441011144,4.7033999999985099]]},"properties":{"OBJECTID":171911,"PedestrianRouteID":220014102,"Location":1,"FeatureType":30,"AliasNameEN":"Cheung Sha Wan Road Crossing","AliasNameTC":"長沙灣道過路處","CrossingFeature":1,"WeatherProof":2,"WheelchairBarrier":2,"WheelchairAccess":2,"ObstaclesType":null,"Gradient":0.01181806,"Direction":0,"PositionCertainty":1,"Enabled":1,"DataSource":1,"LevelSource":2,"StreetNameEN":"Cheung Sha Wan Road","StreetNameTC":"長沙灣道","ST_CODE":10206,"FloorID":null,"BuildingID_1":null,"BuildingID_2":null,"SiteID":null,"TerminalID":null,"AccessTimeID":null,"CreationDate":1614441600000,"ModifiedBy":"LANDSD","LastAmendmentDate":1654272000000,"Shape__Length":9.6965744139445178}},{"type":"Feature","id":171928,"geometry":{"type":"LineString","coordinates":[[114.16281734561795,22.332577531901176,5.9382999999943422],[114.16268509561296,22.332679313104293,5.8922000000020489]]},"properties":{"OBJECTID":171928,"PedestrianRouteID":220014119,"Location":1,"FeatureType":1,"AliasNameEN":"Un Chau Street","AliasNameTC":"元州街","CrossingFeature":null,"WeatherProof":2,"WheelchairBarrier":2,"WheelchairAccess":2,"ObstaclesType":null,"Gradient":0.0026071699999999998,"Direction":0,"PositionCertainty":1,"Enabled":1,"DataSource":1,"LevelSource":2,"StreetNameEN":"Un Chau Street","StreetNameTC":"元州街","ST_CODE":12556,"FloorID":null,"BuildingID_1":null,"BuildingID_2":null,"SiteID":null,"TerminalID":null,"AccessTimeID":null,"CreationDate":1614441600000,"ModifiedBy":"LANDSD","LastAmendmentDate":1655049600000,"Shape__Length":17.681976328732894}},{"type":"Feature","id":171930,"geometry":{"type":"LineString","coordinates":[[114.16339376354257,22.33213081174361,5.9526000000041677],[114.16336785790557,22.332151014613608,5.9814999999944121]]},"properties":{"OBJECTID":171930,"PedestrianRouteID":220014121,"Location":1,"FeatureType":7,"AliasNameEN":"Un Chau Street RunIn","AliasNameTC":"元州街車輛出入口","CrossingFeature":null,"WeatherProof":2,"WheelchairBarrier":2,"WheelchairAccess":2,"ObstaclesType":null,"Gradient":0.0020096699999999999,"Direction":0,"PositionCertainty":1,"Enabled":1,"DataSource":1,"LevelSource":2,"StreetNameEN":"Un Chau Street","StreetNameTC":"元州街","ST_CODE":12556,"FloorID":null,"BuildingID_1":null,"BuildingID_2":null,"SiteID":null,"TerminalID":null,"AccessTimeID":null,"CreationDate":1614441600000,"ModifiedBy":"LANDSD","LastAmendmentDate":1730995200000,"Shape__Length":3.4824394773122216}},{"type":"Feature","id":171933,"geometry":{"type":"LineString","coordinates":[[114.1611424247763,22.332548290019961,5.1447000000043772],[114.16100438865385,22.332655368435155,5.1634000000049127]]},"properties":{"OBJECTID":171933,"PedestrianRouteID":220014124,"Location":1,"FeatureType":1,"AliasNameEN":"Fuk Wa Street","AliasNameTC":"福華街","CrossingFeature":null,"WeatherProof":2,"WheelchairBarrier":2,"WheelchairAccess":2,"ObstaclesType":null,"Gradient":0.00100997,"Direction":0,"PositionCertainty":1,"Enabled":1,"DataSource":1,"LevelSource":2,"StreetNameEN":"Fuk Wa Street","StreetNameTC":"福華街","ST_CODE":10560,"FloorID":null,"BuildingID_1":null,"BuildingID_2":null,"SiteID":null,"TerminalID":null,"AccessTimeID":null,"CreationDate":1614441600000,"ModifiedBy":"LANDSD","LastAmendmentDate":1655049600000,"Shape__Length":18.515312205706383}},{"type":"Feature","id":171934,"geometry":{"type":"LineString","coordinates":[[114.16100438865385,22.332655368435155,5.1634000000049127],[114.16096316571786,22.332687346201336,5.1689999999944121]]},"properties":{"OBJECTID":171934,"PedestrianRouteID":220014125,"Location":1,"FeatureType":7,"AliasNameEN":"Fuk Wa Street RunIn","AliasNameTC":"福華街車輛出入口","CrossingFeature":null,"WeatherProof":2,"WheelchairBarrier":2,"WheelchairAccess":2,"ObstaclesType":null,"Gradient":0.0010168499999999999,"Direction":0,"PositionCertainty":1,"Enabled":1,"DataSource":1,"LevelSource":2,"StreetNameEN":"Fuk Wa Street","StreetNameTC":"福華街","ST_CODE":10560,"FloorID":null,"BuildingID_1":null,"BuildingID_2":null,"SiteID":null,"TerminalID":null,"AccessTimeID":null,"CreationDate":1614441600000,"ModifiedBy":"LANDSD","LastAmendmentDate":1709481600000,"Shape__Length":5.5293883213765866}},{"type":"Feature","id":171935,"geometry":{"type":"LineString","coordinates":[[114.16037053770731,22.332076833450966,4.8077999999950407],[114.16035578871626,22.332088589767579,4.8123999999952503]]},"properties":{"OBJECTID":171935,"PedestrianRouteID":290037641,"Location":1,"FeatureType":1,"AliasNameEN":"Cheung Sha Wan Road","AliasNameTC":"長沙灣道","CrossingFeature":null,"WeatherProof":2,"WheelchairBarrier":2,"WheelchairAccess":2,"ObstaclesType":null,"Gradient":0.0022868099999999998,"Direction":0,"PositionCertainty":1,"Enabled":1,"DataSource":1,"LevelSource":2,"StreetNameEN":"Cheung Sha Wan Road","StreetNameTC":"長沙灣道","ST_CODE":10206,"FloorID":null,"BuildingID_1":null,"BuildingID_2":null,"SiteID":null,"TerminalID":null,"AccessTimeID":null,"CreationDate":1614441600000,"ModifiedBy":"LANDSD","LastAmendmentDate":1706457600000,"Shape__Length":2.0008689342929862}},{"type":"Feature","id":171936,"geometry":{"type":"LineString","coordinates":[[114.16022793457751,22.332190494942918,4.852100000003702],[114.16016260126706,22.332242568494109,4.8723000000027241]]},"properties":{"OBJECTID":171936,"PedestrianRouteID":220014127,"Location":1,"FeatureType":1,"AliasNameEN":"Cheung Sha Wan Road","AliasNameTC":"長沙灣道","CrossingFeature":null,"WeatherProof":2,"WheelchairBarrier":2,"WheelchairAccess":2,"ObstaclesType":null,"Gradient":0.0022791399999999998,"Direction":0,"PositionCertainty":1,"Enabled":1,"DataSource":1,"LevelSource":2,"StreetNameEN":"Cheung Sha Wan Road","StreetNameTC":"長沙灣道","ST_CODE":10206,"FloorID":null,"BuildingID_1":null,"BuildingID_2":null,"SiteID":null,"TerminalID":null,"AccessTimeID":null,"CreationDate":1614441600000,"ModifiedBy":"LANDSD","LastAmendmentDate":1655049600000,"Shape__Length":8.8629759330991149}},{"type":"Feature","id":171937,"geometry":{"type":"LineString","coordinates":[[114.16016260126706,22.332242568494109,4.8723000000027241],[114.16011514478963,22.332280393608453,4.8895999999949709]]},"properties":{"OBJECTID":171937,"PedestrianRouteID":220014128,"Location":1,"FeatureType":7,"AliasNameEN":"Cheung Sha Wan Road RunIn","AliasNameTC":"長沙灣道車輛出入口","CrossingFeature":null,"WeatherProof":2,"WheelchairBarrier":2,"WheelchairAccess":2,"ObstaclesType":null,"Gradient":0.0026872200000000001,"Direction":0,"PositionCertainty":1,"Enabled":1,"DataSource":1,"LevelSource":2,"StreetNameEN":"Cheung Sha Wan Road","StreetNameTC":"長沙灣道","ST_CODE":10206,"FloorID":null,"BuildingID_1":null,"BuildingID_2":null,"SiteID":null,"TerminalID":null,"AccessTimeID":null,"CreationDate":1614441600000,"ModifiedBy":"LANDSD","LastAmendmentDate":1655049600000,"Shape__Length":6.4378560928202804}},{"type":"Feature","id":171943,"geometry":{"type":"LineString","coordinates":[[114.16353481065393,22.329920822487303,4.5681999999942491],[114.16346074721426,22.329843282521789,4.6941999999980908]]},"properties":{"OBJECTID":171943,"PedestrianRouteID":220014134,"Location":1,"FeatureType":30,"AliasNameEN":"Cheung Sha Wan Road Crossing","AliasNameTC":"長沙灣道過路處","CrossingFeature":1,"WeatherProof":2,"WheelchairBarrier":2,"WheelchairAccess":2,"ObstaclesType":null,"Gradient":0.010968739999999999,"Direction":0,"PositionCertainty":1,"Enabled":1,"DataSource":1,"LevelSource":2,"StreetNameEN":"Cheung Sha Wan Road","StreetNameTC":"長沙灣道","ST_CODE":10206,"FloorID":null,"BuildingID_1":null,"BuildingID_2":null,"SiteID":null,"TerminalID":null,"AccessTimeID":null,"CreationDate":1614441600000,"ModifiedBy":"LANDSD","LastAmendmentDate":1654272000000,"Shape__Length":11.486726221962559}},{"type":"Feature","id":171944,"geometry":{"type":"LineString","coordinates":[[114.16349495225261,22.329765485063735,4.72269999999844],[114.16344854831293,22.329716265466132,4.613100000002305]]},"properties":{"OBJECTID":171944,"PedestrianRouteID":220014135,"Location":1,"FeatureType":30,"AliasNameEN":"Cheung Sha Wan Road Crossing","AliasNameTC":"長沙灣道過路處","CrossingFeature":1,"WeatherProof":2,"WheelchairBarrier":2,"WheelchairAccess":2,"ObstaclesType":null,"Gradient":0.0151164,"Direction":0,"PositionCertainty":1,"Enabled":1,"DataSource":1,"LevelSource":2,"StreetNameEN":"Cheung Sha Wan Road","StreetNameTC":"長沙灣道","ST_CODE":10206,"FloorID":null,"BuildingID_1":null,"BuildingID_2":null,"SiteID":null,"TerminalID":null,"AccessTimeID":null,"CreationDate":1614441600000,"ModifiedBy":"LANDSD","LastAmendmentDate":1654272000000,"Shape__Length":7.2498501512905174}},{"type":"Feature","id":171959,"geometry":{"type":"LineString","coordinates":[[114.1627673218624,22.330537765015485,4.6466999999975087],[114.16276253121488,22.330541472556636,4.6466999999975087]]},"properties":{"OBJECTID":171959,"PedestrianRouteID":220014150,"Location":1,"FeatureType":1,"AliasNameEN":"Cheung Sha Wan Road","AliasNameTC":"長沙灣道","CrossingFeature":null,"WeatherProof":2,"WheelchairBarrier":2,"WheelchairAccess":2,"ObstaclesType":null,"Gradient":0,"Direction":0,"PositionCertainty":1,"Enabled":1,"DataSource":1,"LevelSource":2,"StreetNameEN":"Cheung Sha Wan Road","StreetNameTC":"長沙灣道","ST_CODE":10206,"FloorID":null,"BuildingID_1":null,"BuildingID_2":null,"SiteID":null,"TerminalID":null,"AccessTimeID":null,"CreationDate":1614441600000,"ModifiedBy":"LANDSD","LastAmendmentDate":1655049600000,"Shape__Length":0.64197710952416509}},{"type":"Feature","id":171960,"geometry":{"type":"LineString","coordinates":[[114.16279817809186,22.330513884510058,4.6545999999943888],[114.16279439508328,22.330516812800198,4.6489000000001397]]},"properties":{"OBJECTID":171960,"PedestrianRouteID":220014151,"Location":1,"FeatureType":7,"AliasNameEN":"Cheung Sha Wan Road RunIn","AliasNameTC":"長沙灣道車輛出入口","CrossingFeature":null,"WeatherProof":2,"WheelchairBarrier":2,"WheelchairAccess":2,"ObstaclesType":null,"Gradient":0.0112424,"Direction":0,"PositionCertainty":1,"Enabled":1,"DataSource":1,"LevelSource":2,"StreetNameEN":"Cheung Sha Wan Road","StreetNameTC":"長沙灣道","ST_CODE":10206,"FloorID":null,"BuildingID_1":null,"BuildingID_2":null,"SiteID":null,"TerminalID":null,"AccessTimeID":null,"CreationDate":1614441600000,"ModifiedBy":"LANDSD","LastAmendmentDate":1655049600000,"Shape__Length":0.50698775174938615}},{"type":"Feature","id":171961,"geometry":{"type":"LineString","coordinates":[[114.1626512360762,22.330307103903952,4.6693999999988591],[114.16262907874703,22.330324230269067,4.6981999999989057]]},"properties":{"OBJECTID":171961,"PedestrianRouteID":220014152,"Location":1,"FeatureType":1,"AliasNameEN":"Cheung Sha Wan Road","AliasNameTC":"長沙灣道","CrossingFeature":null,"WeatherProof":2,"WheelchairBarrier":2,"WheelchairAccess":2,"ObstaclesType":null,"Gradient":0.0097041599999999999,"Direction":0,"PositionCertainty":1,"Enabled":1,"DataSource":1,"LevelSource":2,"StreetNameEN":"Cheung Sha Wan Road","StreetNameTC":"長沙灣道","ST_CODE":10206,"FloorID":null,"BuildingID_1":null,"BuildingID_2":null,"SiteID":null,"TerminalID":null,"AccessTimeID":null,"CreationDate":1614441600000,"ModifiedBy":"LANDSD","LastAmendmentDate":1655049600000,"Shape__Length":2.9677057031131922}},{"type":"Feature","id":171962,"geometry":{"type":"LineString","coordinates":[[114.16259860500855,22.330347785675485,4.7263999999995576],[114.16260608268556,22.330342005856362,4.7280999999929918]]},"properties":{"OBJECTID":171962,"PedestrianRouteID":220014153,"Location":1,"FeatureType":7,"AliasNameEN":"Cheung Sha Wan Road RunIn","AliasNameTC":"長沙灣道車輛出入口","CrossingFeature":null,"WeatherProof":2,"WheelchairBarrier":2,"WheelchairAccess":2,"ObstaclesType":null,"Gradient":0.0016973800000000001,"Direction":0,"PositionCertainty":1,"Enabled":1,"DataSource":1,"LevelSource":2,"StreetNameEN":"Cheung Sha Wan Road","StreetNameTC":"長沙灣道","ST_CODE":10206,"FloorID":null,"BuildingID_1":null,"BuildingID_2":null,"SiteID":null,"TerminalID":null,"AccessTimeID":null,"CreationDate":1614441600000,"ModifiedBy":"LANDSD","LastAmendmentDate":1655049600000,"Shape__Length":1.0015438573132993}},{"type":"Feature","id":171963,"geometry":{"type":"LineString","coordinates":[[114.16100441979204,22.331949212314512,4.8821999999927357],[114.16107077574074,22.331897254112715,4.8747000000003027]]},"properties":{"OBJECTID":171963,"PedestrianRouteID":220014154,"Location":1,"FeatureType":30,"AliasNameEN":"Yen Chow Street Crossing","AliasNameTC":"欽州街過路處","CrossingFeature":1,"WeatherProof":2,"WheelchairBarrier":2,"WheelchairAccess":2,"ObstaclesType":null,"Gradient":0.00083938999999999997,"Direction":0,"PositionCertainty":1,"Enabled":1,"DataSource":1,"LevelSource":2,"StreetNameEN":"Yen Chow Street","StreetNameTC":"欽州街","ST_CODE":12852,"FloorID":null,"BuildingID_1":null,"BuildingID_2":null,"SiteID":null,"TerminalID":null,"AccessTimeID":null,"CreationDate":1614441600000,"ModifiedBy":"LANDSD","LastAmendmentDate":1654272000000,"Shape__Length":8.9350244350317283}},{"type":"Feature","id":171964,"geometry":{"type":"LineString","coordinates":[[114.16107077574074,22.331897254112715,4.8747000000003027],[114.16109001346213,22.331882190265173,4.8724999999976717]]},"properties":{"OBJECTID":171964,"PedestrianRouteID":220014155,"Location":1,"FeatureType":6,"AliasNameEN":"Yen Chow Street Traffic Island","AliasNameTC":"欽州街安全島","CrossingFeature":1,"WeatherProof":2,"WheelchairBarrier":2,"WheelchairAccess":2,"ObstaclesType":null,"Gradient":0.00084928,"Direction":0,"PositionCertainty":1,"Enabled":1,"DataSource":1,"LevelSource":2,"StreetNameEN":"Yen Chow Street","StreetNameTC":"欽州街","ST_CODE":12852,"FloorID":null,"BuildingID_1":null,"BuildingID_2":null,"SiteID":null,"TerminalID":null,"AccessTimeID":null,"CreationDate":1614441600000,"ModifiedBy":"LANDSD","LastAmendmentDate":1654272000000,"Shape__Length":2.5904362144010777}},{"type":"Feature","id":171965,"geometry":{"type":"LineString","coordinates":[[114.16082950245581,22.331856834879463,4.7649999999994179],[114.16076694318977,22.331786541877872,4.7024999999994179]]},"properties":{"OBJECTID":171965,"PedestrianRouteID":220014156,"Location":1,"FeatureType":30,"AliasNameEN":"Cheung Sha Wan Road Crossing","AliasNameTC":"長沙灣道過路處","CrossingFeature":1,"WeatherProof":2,"WheelchairBarrier":2,"WheelchairAccess":2,"ObstaclesType":null,"Gradient":0.0061845499999999996,"Direction":0,"PositionCertainty":1,"Enabled":1,"DataSource":1,"LevelSource":2,"StreetNameEN":"Cheung Sha Wan Road","StreetNameTC":"長沙灣道","ST_CODE":10206,"FloorID":null,"BuildingID_1":null,"BuildingID_2":null,"SiteID":null,"TerminalID":null,"AccessTimeID":null,"CreationDate":1614441600000,"ModifiedBy":"LANDSD","LastAmendmentDate":1654272000000,"Shape__Length":10.105703870708192}},{"type":"Feature","id":171966,"geometry":{"type":"LineString","coordinates":[[114.16083939827242,22.33186795340362,4.7749000000039814],[114.16082950245581,22.331856834879463,4.7649999999994179]]},"properties":{"OBJECTID":171966,"PedestrianRouteID":220014157,"Location":1,"FeatureType":6,"AliasNameEN":"Cheung Sha Wan Road Traffic Island","AliasNameTC":"長沙灣道安全島","CrossingFeature":1,"WeatherProof":2,"WheelchairBarrier":2,"WheelchairAccess":2,"ObstaclesType":null,"Gradient":0.00619324,"Direction":0,"PositionCertainty":1,"Enabled":1,"DataSource":1,"LevelSource":2,"StreetNameEN":"Cheung Sha Wan Road","StreetNameTC":"長沙灣道","ST_CODE":10206,"FloorID":null,"BuildingID_1":null,"BuildingID_2":null,"SiteID":null,"TerminalID":null,"AccessTimeID":null,"CreationDate":1614441600000,"ModifiedBy":"LANDSD","LastAmendmentDate":1654272000000,"Shape__Length":1.5984965966998144}},{"type":"Feature","id":171967,"geometry":{"type":"LineString","coordinates":[[114.1608650578176,22.331599103813339,4.91370000000461],[114.16091614148505,22.331559622623736,4.7216999999945983]]},"properties":{"OBJECTID":171967,"PedestrianRouteID":220014158,"Location":1,"FeatureType":30,"AliasNameEN":"Yen Chow Street Crossing","AliasNameTC":"欽州街過路處","CrossingFeature":1,"WeatherProof":2,"WheelchairBarrier":2,"WheelchairAccess":2,"ObstaclesType":null,"Gradient":0.02805564,"Direction":0,"PositionCertainty":1,"Enabled":1,"DataSource":1,"LevelSource":12,"StreetNameEN":"Yen Chow Street","StreetNameTC":"欽州街","ST_CODE":12852,"FloorID":null,"BuildingID_1":null,"BuildingID_2":null,"SiteID":null,"TerminalID":null,"AccessTimeID":null,"CreationDate":1614441600000,"ModifiedBy":"LANDSD","LastAmendmentDate":1732636800000,"Shape__Length":6.8417472246200237}},{"type":"Feature","id":171968,"geometry":{"type":"LineString","coordinates":[[114.16084165651405,22.331617190662396,4.8850999999995111],[114.1608650578176,22.331599103813339,4.91370000000461]]},"properties":{"OBJECTID":171968,"PedestrianRouteID":220014159,"Location":1,"FeatureType":6,"AliasNameEN":"Yen Chow Street Traffic Island","AliasNameTC":"欽州街安全島","CrossingFeature":null,"WeatherProof":2,"WheelchairBarrier":2,"WheelchairAccess":2,"ObstaclesType":null,"Gradient":0.0091247900000000007,"Direction":0,"PositionCertainty":1,"Enabled":1,"DataSource":1,"LevelSource":12,"StreetNameEN":"Yen Chow Street","StreetNameTC":"欽州街","ST_CODE":12852,"FloorID":null,"BuildingID_1":null,"BuildingID_2":null,"SiteID":null,"TerminalID":null,"AccessTimeID":null,"CreationDate":1614441600000,"ModifiedBy":"LANDSD","LastAmendmentDate":1732636800000,"Shape__Length":3.1342306825733179}},{"type":"Feature","id":171969,"geometry":{"type":"LineString","coordinates":[[114.16141670103436,22.332409857685104,5.2293999999965308],[114.16148461902699,22.332356583709924,5.2069999999948777]]},"properties":{"OBJECTID":171969,"PedestrianRouteID":220014160,"Location":1,"FeatureType":30,"AliasNameEN":"Yen Chow Street Crossing","AliasNameTC":"欽州街過路處","CrossingFeature":1,"WeatherProof":2,"WheelchairBarrier":2,"WheelchairAccess":2,"ObstaclesType":null,"Gradient":0.0024475600000000001,"Direction":0,"PositionCertainty":1,"Enabled":1,"DataSource":1,"LevelSource":2,"StreetNameEN":"Yen Chow Street","StreetNameTC":"欽州街","ST_CODE":12852,"FloorID":null,"BuildingID_1":null,"BuildingID_2":null,"SiteID":null,"TerminalID":null,"AccessTimeID":null,"CreationDate":1614441600000,"ModifiedBy":"LANDSD","LastAmendmentDate":1654272000000,"Shape__Length":9.1519513597441229}},{"type":"Feature","id":171970,"geometry":{"type":"LineString","coordinates":[[114.16148461902699,22.332356583709924,5.2069999999948777],[114.16149827581542,22.332345871122641,5.2024999999994179]]},"properties":{"OBJECTID":171970,"PedestrianRouteID":220014161,"Location":1,"FeatureType":6,"AliasNameEN":"Yen Chow Street Traffic Island","AliasNameTC":"欽州街安全島","CrossingFeature":1,"WeatherProof":2,"WheelchairBarrier":2,"WheelchairAccess":2,"ObstaclesType":null,"Gradient":0.0024452699999999998,"Direction":0,"PositionCertainty":1,"Enabled":1,"DataSource":1,"LevelSource":2,"StreetNameEN":"Yen Chow Street","StreetNameTC":"欽州街","ST_CODE":12852,"FloorID":null,"BuildingID_1":null,"BuildingID_2":null,"SiteID":null,"TerminalID":null,"AccessTimeID":null,"CreationDate":1614441600000,"ModifiedBy":"LANDSD","LastAmendmentDate":1654272000000,"Shape__Length":1.8402801960586759}},{"type":"Feature","id":171992,"geometry":{"type":"LineString","coordinates":[[114.16351207327308,22.328013139632322,4.7547999999951571],[114.16353002855399,22.328032794368056,4.7642999999952735],[114.16363394605428,22.328146545783856,4.866200000004028]]},"properties":{"OBJECTID":171992,"PedestrianRouteID":220014183,"Location":1,"FeatureType":1,"AliasNameEN":"Shek Kip Mei Street","AliasNameTC":"石硤尾街","CrossingFeature":null,"WeatherProof":2,"WheelchairBarrier":2,"WheelchairAccess":2,"ObstaclesType":null,"Gradient":0.0057458800000000001,"Direction":0,"PositionCertainty":1,"Enabled":1,"DataSource":1,"LevelSource":2,"StreetNameEN":"Shek Kip Mei Street","StreetNameTC":"石硤尾街","ST_CODE":11995,"FloorID":null,"BuildingID_1":null,"BuildingID_2":null,"SiteID":null,"TerminalID":null,"AccessTimeID":null,"CreationDate":1614441600000,"ModifiedBy":"LANDSD","LastAmendmentDate":1655049600000,"Shape__Length":19.387584057322261}},{"type":"Feature","id":171993,"geometry":{"type":"LineString","coordinates":[[114.16222693699268,22.328094920993703,4.2823999999964144],[114.16217104238891,22.328032677159353,4.275500000003376],[114.16213295147408,22.327990258860062,4.2425999999977648],[114.16215047906755,22.327976651357314,4.2630000000062864]]},"properties":{"OBJECTID":171993,"PedestrianRouteID":220014184,"Location":1,"FeatureType":1,"AliasNameEN":"Nam Cheong Street","AliasNameTC":"南昌街","CrossingFeature":null,"WeatherProof":2,"WheelchairBarrier":2,"WheelchairAccess":2,"ObstaclesType":null,"Gradient":0.0011114899999999999,"Direction":0,"PositionCertainty":1,"Enabled":1,"DataSource":1,"LevelSource":2,"StreetNameEN":"Nam Cheong Street","StreetNameTC":"南昌街","ST_CODE":11487,"FloorID":null,"BuildingID_1":null,"BuildingID_2":null,"SiteID":null,"TerminalID":null,"AccessTimeID":null,"CreationDate":1614441600000,"ModifiedBy":"LANDSD","LastAmendmentDate":1655049600000,"Shape__Length":17.454053058168181}},{"type":"Feature","id":171995,"geometry":{"type":"LineString","coordinates":[[114.16218199882842,22.327952183130488,4.2994999999937136],[114.16220127082229,22.327937221192112,4.3218999999953667],[114.1622867232965,22.328032687580158,4.3221000000048662],[114.16229498262797,22.328041914869313,4.3199000000022352],[114.16227727642027,22.328055707498525,4.3110000000015134]]},"properties":{"OBJECTID":171995,"PedestrianRouteID":220014186,"Location":1,"FeatureType":1,"AliasNameEN":"Nam Cheong Street","AliasNameTC":"南昌街","CrossingFeature":null,"WeatherProof":2,"WheelchairBarrier":2,"WheelchairAccess":2,"ObstaclesType":null,"Gradient":0.00057350999999999995,"Direction":0,"PositionCertainty":1,"Enabled":1,"DataSource":1,"LevelSource":2,"StreetNameEN":"Nam Cheong Street","StreetNameTC":"南昌街","ST_CODE":11487,"FloorID":null,"BuildingID_1":null,"BuildingID_2":null,"SiteID":null,"TerminalID":null,"AccessTimeID":220000050,"CreationDate":1614441600000,"ModifiedBy":"LANDSD","LastAmendmentDate":1655049600000,"Shape__Length":20.051876730534019}},{"type":"Feature","id":171998,"geometry":{"type":"LineString","coordinates":[[114.16176470974663,22.328026170390899,4.0752999999967869],[114.1617563691708,22.328032639126267,4.0519999999960419],[114.1611539537098,22.328499846089862,4.1880999999993946]]},"properties":{"OBJECTID":171998,"PedestrianRouteID":220014189,"Location":1,"FeatureType":5,"AliasNameEN":"Lane between   and  ","AliasNameTC":" 與 之間的小巷","CrossingFeature":null,"WeatherProof":2,"WheelchairBarrier":1,"WheelchairAccess":2,"ObstaclesType":12,"Gradient":0.001377,"Direction":0,"PositionCertainty":1,"Enabled":1,"DataSource":1,"LevelSource":2,"StreetNameEN":null,"StreetNameTC":null,"ST_CODE":801655,"FloorID":null,"BuildingID_1":null,"BuildingID_2":1108228556,"SiteID":null,"TerminalID":null,"AccessTimeID":null,"CreationDate":1614441600000,"ModifiedBy":"LANDSD","LastAmendmentDate":1676390400000,"Shape__Length":81.917102424641328}},{"type":"Feature","id":171999,"geometry":{"type":"LineString","coordinates":[[114.16084515928631,22.327872603012661,4],[114.16099007173402,22.328032566051345,4.1079999999928987],[114.1609964384479,22.328039594274305,4.1180000000022119]]},"properties":{"OBJECTID":171999,"PedestrianRouteID":220014190,"Location":1,"FeatureType":5,"AliasNameEN":"Lane between   and  ","AliasNameTC":" 與 之間的小巷","CrossingFeature":null,"WeatherProof":2,"WheelchairBarrier":1,"WheelchairAccess":2,"ObstaclesType":12,"Gradient":0.0048793100000000004,"Direction":0,"PositionCertainty":1,"Enabled":1,"DataSource":1,"LevelSource":2,"StreetNameEN":null,"StreetNameTC":null,"ST_CODE":null,"FloorID":null,"BuildingID_1":null,"BuildingID_2":1108228984,"SiteID":null,"TerminalID":null,"AccessTimeID":null,"CreationDate":1614441600000,"ModifiedBy":"LANDSD","LastAmendmentDate":1676390400000,"Shape__Length":24.183560570337274}},{"type":"Feature","id":172000,"geometry":{"type":"LineString","coordinates":[[114.16336092683758,22.328131315821853,4.6322999999974854],[114.16348693916764,22.328032790826622,4.7146000000066124],[114.1635020728277,22.328020958393594,4.7388000000064494]]},"properties":{"OBJECTID":172000,"PedestrianRouteID":220014191,"Location":1,"FeatureType":5,"AliasNameEN":"Lane beside  ","AliasNameTC":" 旁的小巷","CrossingFeature":null,"WeatherProof":2,"WheelchairBarrier":1,"WheelchairAccess":2,"ObstaclesType":12,"Gradient":0.00560686,"Direction":0,"PositionCertainty":1,"Enabled":1,"DataSource":1,"LevelSource":2,"StreetNameEN":null,"StreetNameTC":null,"ST_CODE":801540,"FloorID":null,"BuildingID_1":null,"BuildingID_2":null,"SiteID":null,"TerminalID":null,"AccessTimeID":null,"CreationDate":1614441600000,"ModifiedBy":"LANDSD","LastAmendmentDate":1676390400000,"Shape__Length":18.994403568240976}},{"type":"Feature","id":172001,"geometry":{"type":"LineString","coordinates":[[114.16391002727487,22.327945641129499,4.7583000000013271],[114.16379779290423,22.328032816118355,4.8392000000021653],[114.16378904083271,22.328039613638563,4.8453000000008615]]},"properties":{"OBJECTID":172001,"PedestrianRouteID":220014192,"Location":1,"FeatureType":1,"AliasNameEN":"Yu Chau Street","AliasNameTC":"汝州街","CrossingFeature":null,"WeatherProof":2,"WheelchairBarrier":2,"WheelchairAccess":2,"ObstaclesType":null,"Gradient":0.0053580199999999998,"Direction":0,"PositionCertainty":1,"Enabled":1,"DataSource":1,"LevelSource":2,"StreetNameEN":"Yu Chau Street","StreetNameTC":"汝州街","ST_CODE":12888,"FloorID":null,"BuildingID_1":null,"BuildingID_2":null,"SiteID":null,"TerminalID":null,"AccessTimeID":null,"CreationDate":1614441600000,"ModifiedBy":"LANDSD","LastAmendmentDate":1655049600000,"Shape__Length":16.237196885344936}},{"type":"Feature","id":172002,"geometry":{"type":"LineString","coordinates":[[114.16081339831062,22.328137569872208,4.0859000000054948],[114.16071993402795,22.32802499798591,4.0412999999971362],[114.16069107236015,22.327992698132036,4.107399999993504]]},"properties":{"OBJECTID":172002,"PedestrianRouteID":220014193,"Location":1,"FeatureType":1,"AliasNameEN":"Pei Ho Street","AliasNameTC":"北河街","CrossingFeature":null,"WeatherProof":2,"WheelchairBarrier":2,"WheelchairAccess":2,"ObstaclesType":null,"Gradient":0.00105378,"Direction":0,"PositionCertainty":1,"Enabled":1,"DataSource":1,"LevelSource":2,"StreetNameEN":"Pei Ho Street","StreetNameTC":"北河街","ST_CODE":11675,"FloorID":null,"BuildingID_1":null,"BuildingID_2":null,"SiteID":null,"TerminalID":null,"AccessTimeID":null,"CreationDate":1614441600000,"ModifiedBy":"LANDSD","LastAmendmentDate":1655049600000,"Shape__Length":20.402723598520193}},{"type":"Feature","id":172003,"geometry":{"type":"LineString","coordinates":[[114.16190298283783,22.32817978349296,4.0964999999996508],[114.16177053396196,22.328032640442938,4.0749000000068918],[114.16176470974663,22.328026170390899,4.0752999999967869]]},"properties":{"OBJECTID":172003,"PedestrianRouteID":220014194,"Location":1,"FeatureType":5,"AliasNameEN":"Lane between   and  ","AliasNameTC":" 與 之間的小巷","CrossingFeature":null,"WeatherProof":2,"WheelchairBarrier":1,"WheelchairAccess":2,"ObstaclesType":12,"Gradient":0.00095549999999999997,"Direction":0,"PositionCertainty":1,"Enabled":1,"DataSource":1,"LevelSource":2,"StreetNameEN":null,"StreetNameTC":null,"ST_CODE":801655,"FloorID":null,"BuildingID_1":null,"BuildingID_2":1108228878,"SiteID":null,"TerminalID":null,"AccessTimeID":null,"CreationDate":1614441600000,"ModifiedBy":"LANDSD","LastAmendmentDate":1676390400000,"Shape__Length":22.187376776609234}},{"type":"Feature","id":172005,"geometry":{"type":"LineString","coordinates":[[114.16374867352033,22.328056624007154,4.8542000000015832],[114.16372695438785,22.328032810407223,4.854300000006333],[114.16362382500506,22.327919736407527,4.7636999999958789]]},"properties":{"OBJECTID":172005,"PedestrianRouteID":220014196,"Location":1,"FeatureType":1,"AliasNameEN":"Shek Kip Mei Street","AliasNameTC":"石硤尾街","CrossingFeature":null,"WeatherProof":2,"WheelchairBarrier":2,"WheelchairAccess":2,"ObstaclesType":null,"Gradient":0.0045523100000000004,"Direction":0,"PositionCertainty":1,"Enabled":1,"DataSource":1,"LevelSource":2,"StreetNameEN":"Shek Kip Mei Street","StreetNameTC":"石硤尾街","ST_CODE":11995,"FloorID":null,"BuildingID_1":null,"BuildingID_2":null,"SiteID":null,"TerminalID":null,"AccessTimeID":null,"CreationDate":1614441600000,"ModifiedBy":"LANDSD","LastAmendmentDate":1655049600000,"Shape__Length":19.879886453563163}},{"type":"Feature","id":172006,"geometry":{"type":"LineString","coordinates":[[114.16278771770502,22.328142102973722,4.2633999999961816],[114.16268847319434,22.328032723129486,4.1655999999929918],[114.16265958578775,22.328000885989567,4.1739999999990687]]},"properties":{"OBJECTID":172006,"PedestrianRouteID":220014197,"Location":1,"FeatureType":5,"AliasNameEN":"Lane between   and  ","AliasNameTC":" 與 之間的小巷","CrossingFeature":null,"WeatherProof":2,"WheelchairBarrier":1,"WheelchairAccess":2,"ObstaclesType":12,"Gradient":0.0043685399999999997,"Direction":0,"PositionCertainty":1,"Enabled":1,"DataSource":1,"LevelSource":2,"StreetNameEN":null,"StreetNameTC":null,"ST_CODE":801658,"FloorID":null,"BuildingID_1":null,"BuildingID_2":1108228914,"SiteID":null,"TerminalID":null,"AccessTimeID":null,"CreationDate":1614441600000,"ModifiedBy":"LANDSD","LastAmendmentDate":1676390400000,"Shape__Length":20.464354594116841}},{"type":"Feature","id":172007,"geometry":{"type":"LineString","coordinates":[[114.16442374668331,22.327981578741831,5.0224000000016531],[114.16435810829205,22.328032860201144,4.9989999999961583],[114.16398921494233,22.328321065980404,4.9358999999967637]]},"properties":{"OBJECTID":172007,"PedestrianRouteID":220014198,"Location":1,"FeatureType":5,"AliasNameEN":"Lane between   and Cheong Fok House","AliasNameTC":"宇宙大廈與昌福大廈之間的小巷","CrossingFeature":null,"WeatherProof":2,"WheelchairBarrier":1,"WheelchairAccess":2,"ObstaclesType":12,"Gradient":0.0014797,"Direction":0,"PositionCertainty":1,"Enabled":1,"DataSource":1,"LevelSource":2,"StreetNameEN":null,"StreetNameTC":null,"ST_CODE":801541,"FloorID":null,"BuildingID_1":null,"BuildingID_2":1108228637,"SiteID":null,"TerminalID":null,"AccessTimeID":null,"CreationDate":1614441600000,"ModifiedBy":"LANDSD","LastAmendmentDate":1676390400000,"Shape__Length":58.457670627365388}},{"type":"Feature","id":172010,"geometry":{"type":"LineString","coordinates":[[114.16044700761253,22.328184043472067,4.1442999999999302],[114.16031129354855,22.328032498296675,4.1953000000066822],[114.16029262057415,22.328011646578965,4.1445999999996275]]},"properties":{"OBJECTID":172010,"PedestrianRouteID":220014201,"Location":1,"FeatureType":5,"AliasNameEN":"Lane between Joyful Garden and Kam Yee House","AliasNameTC":"愉翠苑與金怡樓之間的小巷","CrossingFeature":null,"WeatherProof":2,"WheelchairBarrier":1,"WheelchairAccess":2,"ObstaclesType":12,"Gradient":1.207e-05,"Direction":0,"PositionCertainty":1,"Enabled":1,"DataSource":1,"LevelSource":2,"StreetNameEN":null,"StreetNameTC":null,"ST_CODE":null,"FloorID":null,"BuildingID_1":null,"BuildingID_2":1108228820,"SiteID":null,"TerminalID":null,"AccessTimeID":null,"CreationDate":1614441600000,"ModifiedBy":"LANDSD","LastAmendmentDate":1676390400000,"Shape__Length":24.848002057000897}},{"type":"Feature","id":172011,"geometry":{"type":"LineString","coordinates":[[114.16378904083271,22.328039613638563,4.8453000000008615],[114.16378312822479,22.328032814938609,4.8423000000038883],[114.16377943138934,22.328028563944784,4.840200000006007]]},"properties":{"OBJECTID":172011,"PedestrianRouteID":220014202,"Location":1,"FeatureType":1,"AliasNameEN":"Yu Chau Street","AliasNameTC":"汝州街","CrossingFeature":null,"WeatherProof":2,"WheelchairBarrier":1,"WheelchairAccess":2,"ObstaclesType":10,"Gradient":0.0032402899999999998,"Direction":0,"PositionCertainty":1,"Enabled":1,"DataSource":1,"LevelSource":2,"StreetNameEN":"Yu Chau Street","StreetNameTC":"汝州街","ST_CODE":12888,"FloorID":null,"BuildingID_1":null,"BuildingID_2":null,"SiteID":null,"TerminalID":null,"AccessTimeID":null,"CreationDate":1614441600000,"ModifiedBy":"LANDSD","LastAmendmentDate":1655049600000,"Shape__Length":1.5739282896649547}},{"type":"Feature","id":172050,"geometry":{"type":"LineString","coordinates":[[114.16265958578775,22.328000885989567,4.1739999999990687],[114.16314385815163,22.327620087971617,4.661999999996624]]},"properties":{"OBJECTID":172050,"PedestrianRouteID":220014241,"Location":1,"FeatureType":5,"AliasNameEN":"Lane between Ki Lung Street Substation and Chiu Nan Building","AliasNameTC":"基隆街變電站與朝南樓之間的小巷","CrossingFeature":null,"WeatherProof":2,"WheelchairBarrier":1,"WheelchairAccess":2,"ObstaclesType":12,"Gradient":0.0074703,"Direction":0,"PositionCertainty":1,"Enabled":1,"DataSource":1,"LevelSource":2,"StreetNameEN":null,"StreetNameTC":null,"ST_CODE":801658,"FloorID":null,"BuildingID_1":null,"BuildingID_2":1108229246,"SiteID":null,"TerminalID":null,"AccessTimeID":null,"CreationDate":1614441600000,"ModifiedBy":"LANDSD","LastAmendmentDate":1676390400000,"Shape__Length":65.32416958238538}},{"type":"Feature","id":172061,"geometry":{"type":"LineString","coordinates":[[114.16079923542821,22.327908395715074,4.1462000000028638],[114.16084515928631,22.327872603012661,4]]},"properties":{"OBJECTID":172061,"PedestrianRouteID":220014252,"Location":1,"FeatureType":5,"AliasNameEN":"Lane between Yee Kuk Street Refuse Collection Point and Ever Rich Mansion","AliasNameTC":"醫局街垃圾收集站與永富大廈之間的小巷","CrossingFeature":null,"WeatherProof":2,"WheelchairBarrier":1,"WheelchairAccess":2,"ObstaclesType":12,"Gradient":0.023683139999999998,"Direction":0,"PositionCertainty":1,"Enabled":1,"DataSource":1,"LevelSource":2,"StreetNameEN":null,"StreetNameTC":null,"ST_CODE":801543,"FloorID":null,"BuildingID_1":null,"BuildingID_2":1108228930,"SiteID":null,"TerminalID":null,"AccessTimeID":null,"CreationDate":1614441600000,"ModifiedBy":"LANDSD","LastAmendmentDate":1676390400000,"Shape__Length":6.1720146336267234}},{"type":"Feature","id":172079,"geometry":{"type":"LineString","coordinates":[[114.16070229026926,22.327983954933522,4.1113999999943189],[114.16079923542821,22.327908395715074,4.1462000000028638]]},"properties":{"OBJECTID":172079,"PedestrianRouteID":220014270,"Location":1,"FeatureType":5,"AliasNameEN":"Lane between Yee Kuk Street Refuse Collection Point and Ever Rich Mansion","AliasNameTC":"醫局街垃圾收集站與永富大廈之間的小巷","CrossingFeature":null,"WeatherProof":2,"WheelchairBarrier":1,"WheelchairAccess":2,"ObstaclesType":12,"Gradient":0.0026709199999999998,"Direction":0,"PositionCertainty":1,"Enabled":1,"DataSource":1,"LevelSource":2,"StreetNameEN":null,"StreetNameTC":null,"ST_CODE":801543,"FloorID":null,"BuildingID_1":null,"BuildingID_2":1108228930,"SiteID":null,"TerminalID":null,"AccessTimeID":null,"CreationDate":1614441600000,"ModifiedBy":"LANDSD","LastAmendmentDate":1676390400000,"Shape__Length":13.029170138398973}},{"type":"Feature","id":172080,"geometry":{"type":"LineString","coordinates":[[114.16042136992409,22.327907675190932,4.0786999999982072],[114.16039146346374,22.327929008723075,4.1392000000050757]]},"properties":{"OBJECTID":172080,"PedestrianRouteID":220014271,"Location":1,"FeatureType":1,"AliasNameEN":"Yee Kuk Street","AliasNameTC":"醫局街","CrossingFeature":null,"WeatherProof":2,"WheelchairBarrier":2,"WheelchairAccess":2,"ObstaclesType":null,"Gradient":0.01558155,"Direction":0,"PositionCertainty":1,"Enabled":1,"DataSource":1,"LevelSource":2,"StreetNameEN":"Yee Kuk Street","StreetNameTC":"醫局街","ST_CODE":12844,"FloorID":null,"BuildingID_1":null,"BuildingID_2":null,"SiteID":null,"TerminalID":null,"AccessTimeID":null,"CreationDate":1614441600000,"ModifiedBy":"LANDSD","LastAmendmentDate":1655049600000,"Shape__Length":3.882483732063696}},{"type":"Feature","id":172086,"geometry":{"type":"LineString","coordinates":[[114.16377028187992,22.327831523072511,4.8000000000029104],[114.16366228691906,22.327912823011804,4.7396000000007916]]},"properties":{"OBJECTID":172086,"PedestrianRouteID":220014277,"Location":1,"FeatureType":1,"AliasNameEN":"Shek Kip Mei Street Rest Garden","AliasNameTC":"石峽尾街休憩花園","CrossingFeature":null,"WeatherProof":2,"WheelchairBarrier":2,"WheelchairAccess":2,"ObstaclesType":null,"Gradient":0.0042201799999999996,"Direction":0,"PositionCertainty":1,"Enabled":1,"DataSource":1,"LevelSource":9,"StreetNameEN":null,"StreetNameTC":null,"ST_CODE":null,"FloorID":null,"BuildingID_1":null,"BuildingID_2":null,"SiteID":1503005165,"TerminalID":null,"AccessTimeID":null,"CreationDate":1614441600000,"ModifiedBy":"LANDSD","LastAmendmentDate":1654272000000,"Shape__Length":14.31211685008912}},{"type":"Feature","id":172090,"geometry":{"type":"LineString","coordinates":[[114.16390089337263,22.32793542861592,4.7611999999935506],[114.16377896449413,22.327799105778158,4.8000000000029104]]},"properties":{"OBJECTID":172090,"PedestrianRouteID":220014281,"Location":1,"FeatureType":5,"AliasNameEN":"Lane beside Sun On Building","AliasNameTC":"新安樓旁的小巷","CrossingFeature":null,"WeatherProof":2,"WheelchairBarrier":1,"WheelchairAccess":2,"ObstaclesType":12,"Gradient":0.0019757099999999999,"Direction":0,"PositionCertainty":1,"Enabled":1,"DataSource":1,"LevelSource":2,"StreetNameEN":null,"StreetNameTC":null,"ST_CODE":801544,"FloorID":null,"BuildingID_1":null,"BuildingID_2":null,"SiteID":null,"TerminalID":null,"AccessTimeID":null,"CreationDate":1614441600000,"ModifiedBy":"LANDSD","LastAmendmentDate":1676390400000,"Shape__Length":19.638505365014936}},{"type":"Feature","id":172092,"geometry":{"type":"LineString","coordinates":[[114.16084515928631,22.327872603012661,4],[114.16130721365714,22.327512473876617,4.0948999999964144]]},"properties":{"OBJECTID":172092,"PedestrianRouteID":220014283,"Location":1,"FeatureType":5,"AliasNameEN":"Lane between Yee Kuk Street Refuse Collection Point and Ever Rich Mansion","AliasNameTC":"醫局街垃圾收集站與永富大廈之間的小巷","CrossingFeature":null,"WeatherProof":2,"WheelchairBarrier":1,"WheelchairAccess":2,"ObstaclesType":12,"Gradient":0.0015282,"Direction":0,"PositionCertainty":1,"Enabled":1,"DataSource":1,"LevelSource":2,"StreetNameEN":null,"StreetNameTC":null,"ST_CODE":801543,"FloorID":null,"BuildingID_1":null,"BuildingID_2":1108228930,"SiteID":null,"TerminalID":null,"AccessTimeID":null,"CreationDate":1614441600000,"ModifiedBy":"LANDSD","LastAmendmentDate":1676390400000,"Shape__Length":62.099163808104862}},{"type":"Feature","id":172102,"geometry":{"type":"LineString","coordinates":[[114.16363529220055,22.327910819638952,4.7663999999931548],[114.16377896449413,22.327799105778158,4.8000000000029104]]},"properties":{"OBJECTID":172102,"PedestrianRouteID":220014293,"Location":1,"FeatureType":5,"AliasNameEN":"Lane beside  ","AliasNameTC":" 旁的小巷","CrossingFeature":null,"WeatherProof":2,"WheelchairBarrier":1,"WheelchairAccess":2,"ObstaclesType":12,"Gradient":0.0017417999999999999,"Direction":0,"PositionCertainty":1,"Enabled":1,"DataSource":1,"LevelSource":2,"StreetNameEN":null,"StreetNameTC":null,"ST_CODE":801544,"FloorID":null,"BuildingID_1":null,"BuildingID_2":null,"SiteID":null,"TerminalID":null,"AccessTimeID":null,"CreationDate":1614441600000,"ModifiedBy":"LANDSD","LastAmendmentDate":1676390400000,"Shape__Length":19.290378685991321}},{"type":"Feature","id":172103,"geometry":{"type":"LineString","coordinates":[[114.16376682585158,22.328014070647058,4.8328000000037719],[114.16386486120759,22.327940268840354,4.7428999999974621]]},"properties":{"OBJECTID":172103,"PedestrianRouteID":220014294,"Location":1,"FeatureType":1,"AliasNameEN":"Shek Kip Mei Street Rest Garden","AliasNameTC":"石峽尾街休憩花園","CrossingFeature":null,"WeatherProof":2,"WheelchairBarrier":2,"WheelchairAccess":2,"ObstaclesType":null,"Gradient":0.0069194399999999998,"Direction":0,"PositionCertainty":1,"Enabled":1,"DataSource":1,"LevelSource":2,"StreetNameEN":null,"StreetNameTC":null,"ST_CODE":null,"FloorID":null,"BuildingID_1":null,"BuildingID_2":null,"SiteID":1503005165,"TerminalID":null,"AccessTimeID":null,"CreationDate":1614441600000,"ModifiedBy":"LANDSD","LastAmendmentDate":1654272000000,"Shape__Length":12.992177397557478}},{"type":"Feature","id":172114,"geometry":{"type":"LineString","coordinates":[[114.16366228691906,22.327912823011804,4.7396000000007916],[114.16375686718848,22.328021567938588,4.8401000000012573]]},"properties":{"OBJECTID":172114,"PedestrianRouteID":220014305,"Location":1,"FeatureType":1,"AliasNameEN":"Shek Kip Mei Street","AliasNameTC":"石硤尾街","CrossingFeature":null,"WeatherProof":2,"WheelchairBarrier":2,"WheelchairAccess":2,"ObstaclesType":null,"Gradient":0.00648782,"Direction":0,"PositionCertainty":1,"Enabled":1,"DataSource":1,"LevelSource":2,"StreetNameEN":"Shek Kip Mei Street","StreetNameTC":"石硤尾街","ST_CODE":11995,"FloorID":null,"BuildingID_1":null,"BuildingID_2":null,"SiteID":1503005165,"TerminalID":null,"AccessTimeID":null,"CreationDate":1614441600000,"ModifiedBy":"LANDSD","LastAmendmentDate":1654272000000,"Shape__Length":15.490342345622789}},{"type":"Feature","id":172132,"geometry":{"type":"LineString","coordinates":[[114.16054805017112,22.327832642000349,4.0503999999928055],[114.16061108801112,22.327903188023825,4.0755000000062864]]},"properties":{"OBJECTID":172132,"PedestrianRouteID":220014323,"Location":1,"FeatureType":1,"AliasNameEN":"Pei Ho Street","AliasNameTC":"北河街","CrossingFeature":null,"WeatherProof":2,"WheelchairBarrier":2,"WheelchairAccess":2,"ObstaclesType":null,"Gradient":0.0024707399999999999,"Direction":0,"PositionCertainty":1,"Enabled":1,"DataSource":1,"LevelSource":2,"StreetNameEN":"Pei Ho Street","StreetNameTC":"北河街","ST_CODE":11675,"FloorID":null,"BuildingID_1":null,"BuildingID_2":null,"SiteID":null,"TerminalID":null,"AccessTimeID":null,"CreationDate":1614441600000,"ModifiedBy":"LANDSD","LastAmendmentDate":1655049600000,"Shape__Length":10.158861574730574}},{"type":"Feature","id":172148,"geometry":{"type":"LineString","coordinates":[[114.16039146346374,22.327929008723075,4.1392000000050757],[114.16032728493255,22.327984540297052,4.1236000000062631],[114.16029262057415,22.328011646578965,4.1445999999996275]]},"properties":{"OBJECTID":172148,"PedestrianRouteID":220014339,"Location":1,"FeatureType":1,"AliasNameEN":"Yee Kuk Street","AliasNameTC":"醫局街","CrossingFeature":null,"WeatherProof":2,"WheelchairBarrier":2,"WheelchairAccess":2,"ObstaclesType":null,"Gradient":0.00039431999999999998,"Direction":0,"PositionCertainty":1,"Enabled":1,"DataSource":1,"LevelSource":2,"StreetNameEN":"Yee Kuk Street","StreetNameTC":"醫局街","ST_CODE":12844,"FloorID":null,"BuildingID_1":null,"BuildingID_2":null,"SiteID":null,"TerminalID":null,"AccessTimeID":null,"CreationDate":1614441600000,"ModifiedBy":"LANDSD","LastAmendmentDate":1655049600000,"Shape__Length":13.694540729263423}},{"type":"Feature","id":172153,"geometry":{"type":"LineString","coordinates":[[114.16375686718848,22.328021567938588,4.8401000000012573],[114.16376682585158,22.328014070647058,4.8328000000037719]]},"properties":{"OBJECTID":172153,"PedestrianRouteID":220014344,"Location":1,"FeatureType":1,"AliasNameEN":"Shek Kip Mei Street","AliasNameTC":"石硤尾街","CrossingFeature":null,"WeatherProof":2,"WheelchairBarrier":2,"WheelchairAccess":2,"ObstaclesType":null,"Gradient":0.0055310899999999998,"Direction":0,"PositionCertainty":1,"Enabled":1,"DataSource":1,"LevelSource":2,"StreetNameEN":"Shek Kip Mei Street","StreetNameTC":"石硤尾街","ST_CODE":11995,"FloorID":null,"BuildingID_1":null,"BuildingID_2":null,"SiteID":1503005165,"TerminalID":null,"AccessTimeID":null,"CreationDate":1614441600000,"ModifiedBy":"LANDSD","LastAmendmentDate":1654272000000,"Shape__Length":1.3197988107005807}},{"type":"Feature","id":172154,"geometry":{"type":"LineString","coordinates":[[114.16265958578775,22.328000885989567,4.1739999999990687],[114.16253145412843,22.327859668901837,4.235499999995227]]},"properties":{"OBJECTID":172154,"PedestrianRouteID":220014345,"Location":1,"FeatureType":5,"AliasNameEN":"Lane between   and Hang Cheong Building","AliasNameTC":"恆達大廈與恆昌樓之間的小巷","CrossingFeature":null,"WeatherProof":2,"WheelchairBarrier":1,"WheelchairAccess":2,"ObstaclesType":12,"Gradient":0.0030052199999999999,"Direction":0,"PositionCertainty":1,"Enabled":1,"DataSource":1,"LevelSource":2,"StreetNameEN":null,"StreetNameTC":null,"ST_CODE":801658,"FloorID":null,"BuildingID_1":null,"BuildingID_2":1108229035,"SiteID":null,"TerminalID":null,"AccessTimeID":null,"CreationDate":1614441600000,"ModifiedBy":"LANDSD","LastAmendmentDate":1676390400000,"Shape__Length":20.464354593435626}},{"type":"Feature","id":172180,"geometry":{"type":"LineString","coordinates":[[114.16215047906755,22.327976651357314,4.2630000000062864],[114.16218199882842,22.327952183130488,4.2994999999937136]]},"properties":{"OBJECTID":172180,"PedestrianRouteID":220014371,"Location":1,"FeatureType":1,"AliasNameEN":"Nam Cheong Street","AliasNameTC":"南昌街","CrossingFeature":null,"WeatherProof":2,"WheelchairBarrier":2,"WheelchairAccess":2,"ObstaclesType":null,"Gradient":0.0086302900000000005,"Direction":0,"PositionCertainty":1,"Enabled":1,"DataSource":1,"LevelSource":2,"StreetNameEN":"Nam Cheong Street","StreetNameTC":"南昌街","ST_CODE":11487,"FloorID":null,"BuildingID_1":null,"BuildingID_2":null,"SiteID":null,"TerminalID":null,"AccessTimeID":220000050,"CreationDate":1614441600000,"ModifiedBy":"LANDSD","LastAmendmentDate":1655049600000,"Shape__Length":4.229187278118415}},{"type":"Feature","id":172193,"geometry":{"type":"LineString","coordinates":[[114.16079923542821,22.327908395715074,4.1462000000028638],[114.16065620439407,22.32774896098049,4.0166000000026543]]},"properties":{"OBJECTID":172193,"PedestrianRouteID":220014384,"Location":1,"FeatureType":5,"AliasNameEN":"Lane between Standard Building and  ","AliasNameTC":"三達大廈與 之間的小巷","CrossingFeature":null,"WeatherProof":2,"WheelchairBarrier":1,"WheelchairAccess":2,"ObstaclesType":12,"Gradient":0.0056356100000000001,"Direction":0,"PositionCertainty":1,"Enabled":1,"DataSource":1,"LevelSource":2,"StreetNameEN":null,"StreetNameTC":null,"ST_CODE":801543,"FloorID":null,"BuildingID_1":null,"BuildingID_2":1108245823,"SiteID":null,"TerminalID":null,"AccessTimeID":null,"CreationDate":1614441600000,"ModifiedBy":"LANDSD","LastAmendmentDate":1676390400000,"Shape__Length":22.996379939591375}},{"type":"Feature","id":172196,"geometry":{"type":"LineString","coordinates":[[114.1601500852119,22.327940617262566,4.1203999999997905],[114.15999922941866,22.327773467218353,3.9232000000047265]]},"properties":{"OBJECTID":172196,"PedestrianRouteID":220014387,"Location":1,"FeatureType":5,"AliasNameEN":"Lane between Ka Po Building and  ","AliasNameTC":"嘉寶大廈與 之間的小巷","CrossingFeature":null,"WeatherProof":2,"WheelchairBarrier":1,"WheelchairAccess":2,"ObstaclesType":12,"Gradient":0.0081590499999999993,"Direction":0,"PositionCertainty":1,"Enabled":1,"DataSource":1,"LevelSource":2,"StreetNameEN":null,"StreetNameTC":null,"ST_CODE":801542,"FloorID":null,"BuildingID_1":null,"BuildingID_2":1108229073,"SiteID":null,"TerminalID":null,"AccessTimeID":null,"CreationDate":1614441600000,"ModifiedBy":"LANDSD","LastAmendmentDate":1676390400000,"Shape__Length":24.168944276967796}},{"type":"Feature","id":172199,"geometry":{"type":"LineString","coordinates":[[114.16176470974663,22.328026170390899,4.0752999999967869],[114.16163581915575,22.327882980245803,3.9965999999985797]]},"properties":{"OBJECTID":172199,"PedestrianRouteID":220014390,"Location":1,"FeatureType":5,"AliasNameEN":"Lane between Tung Shing Building and Man On Building","AliasNameTC":"東成大廈與萬安大廈之間的小巷","CrossingFeature":null,"WeatherProof":2,"WheelchairBarrier":1,"WheelchairAccess":2,"ObstaclesType":12,"Gradient":0.0038052400000000001,"Direction":0,"PositionCertainty":1,"Enabled":1,"DataSource":1,"LevelSource":2,"StreetNameEN":null,"StreetNameTC":null,"ST_CODE":801655,"FloorID":null,"BuildingID_1":null,"BuildingID_2":1108228877,"SiteID":null,"TerminalID":null,"AccessTimeID":null,"CreationDate":1614441600000,"ModifiedBy":"LANDSD","LastAmendmentDate":1676390400000,"Shape__Length":20.681901536085576}},{"type":"Feature","id":172211,"geometry":{"type":"LineString","coordinates":[[114.16229396254441,22.327863173317823,4.0929000000032829],[114.16216086823134,22.32771450435423,3.9557000000058906]]},"properties":{"OBJECTID":172211,"PedestrianRouteID":220014402,"Location":1,"FeatureType":1,"AliasNameEN":"Nam Cheong Street","AliasNameTC":"南昌街","CrossingFeature":null,"WeatherProof":2,"WheelchairBarrier":2,"WheelchairAccess":2,"ObstaclesType":null,"Gradient":0.0064035899999999998,"Direction":0,"PositionCertainty":1,"Enabled":1,"DataSource":1,"LevelSource":2,"StreetNameEN":"Nam Cheong Street","StreetNameTC":"南昌街","ST_CODE":11487,"FloorID":null,"BuildingID_1":null,"BuildingID_2":null,"SiteID":null,"TerminalID":null,"AccessTimeID":null,"CreationDate":1614441600000,"ModifiedBy":"LANDSD","LastAmendmentDate":1655049600000,"Shape__Length":21.425179621433681}},{"type":"Feature","id":172240,"geometry":{"type":"LineString","coordinates":[[114.16386486120759,22.327940268840354,4.7428999999974621],[114.16377028187992,22.327831523072511,4.8000000000029104]]},"properties":{"OBJECTID":172240,"PedestrianRouteID":220014431,"Location":1,"FeatureType":1,"AliasNameEN":"Shek Kip Mei Street Rest Garden","AliasNameTC":"石峽尾街休憩花園","CrossingFeature":null,"WeatherProof":2,"WheelchairBarrier":2,"WheelchairAccess":2,"ObstaclesType":null,"Gradient":0.00368615,"Direction":0,"PositionCertainty":1,"Enabled":1,"DataSource":1,"LevelSource":2,"StreetNameEN":null,"StreetNameTC":null,"ST_CODE":null,"FloorID":null,"BuildingID_1":null,"BuildingID_2":null,"SiteID":1503005165,"TerminalID":null,"AccessTimeID":null,"CreationDate":1614441600000,"ModifiedBy":"LANDSD","LastAmendmentDate":1654272000000,"Shape__Length":15.490357168374596}},{"type":"Feature","id":172270,"geometry":{"type":"LineString","coordinates":[[114.16377943138934,22.328028563944784,4.840200000006007],[114.16376682585158,22.328014070647058,4.8328000000037719]]},"properties":{"OBJECTID":172270,"PedestrianRouteID":220014461,"Location":1,"FeatureType":1,"AliasNameEN":"Yu Chau Street","AliasNameTC":"汝州街","CrossingFeature":null,"WeatherProof":2,"WheelchairBarrier":1,"WheelchairAccess":2,"ObstaclesType":10,"Gradient":0.0035843400000000001,"Direction":0,"PositionCertainty":1,"Enabled":1,"DataSource":1,"LevelSource":9,"StreetNameEN":"Yu Chau Street","StreetNameTC":"汝州街","ST_CODE":12888,"FloorID":null,"BuildingID_1":null,"BuildingID_2":null,"SiteID":1503005165,"TerminalID":null,"AccessTimeID":null,"CreationDate":1614441600000,"ModifiedBy":"LANDSD","LastAmendmentDate":1654272000000,"Shape__Length":2.0645252438510306}},{"type":"Feature","id":172278,"geometry":{"type":"LineString","coordinates":[[114.16218199882842,22.327952183130488,4.2994999999937136],[114.16217454021583,22.327943769563547,4.2964000000065425]]},"properties":{"OBJECTID":172278,"PedestrianRouteID":220014469,"Location":1,"FeatureType":1,"AliasNameEN":"Nam Cheong Street","AliasNameTC":"南昌街","CrossingFeature":null,"WeatherProof":2,"WheelchairBarrier":2,"WheelchairAccess":2,"ObstaclesType":null,"Gradient":0.0025669199999999999,"Direction":0,"PositionCertainty":1,"Enabled":1,"DataSource":1,"LevelSource":2,"StreetNameEN":"Nam Cheong Street","StreetNameTC":"南昌街","ST_CODE":11487,"FloorID":null,"BuildingID_1":null,"BuildingID_2":null,"SiteID":null,"TerminalID":null,"AccessTimeID":220000050,"CreationDate":1614441600000,"ModifiedBy":"LANDSD","LastAmendmentDate":1655049600000,"Shape__Length":1.2076716489543042}},{"type":"Feature","id":172280,"geometry":{"type":"LineString","coordinates":[[114.16217454021583,22.327943769563547,4.2964000000065425],[114.16194195715022,22.32768142252014,4.1790999999939231]]},"properties":{"OBJECTID":172280,"PedestrianRouteID":220014471,"Location":1,"FeatureType":1,"AliasNameEN":"Nam Cheong Street","AliasNameTC":"南昌街","CrossingFeature":null,"WeatherProof":2,"WheelchairBarrier":2,"WheelchairAccess":2,"ObstaclesType":null,"Gradient":0.00311488,"Direction":0,"PositionCertainty":1,"Enabled":1,"DataSource":1,"LevelSource":2,"StreetNameEN":"Nam Cheong Street","StreetNameTC":"南昌街","ST_CODE":11487,"FloorID":null,"BuildingID_1":null,"BuildingID_2":null,"SiteID":1503005135,"TerminalID":null,"AccessTimeID":220000050,"CreationDate":1614441600000,"ModifiedBy":"LANDSD","LastAmendmentDate":1654272000000,"Shape__Length":37.657785867204659}},{"type":"Feature","id":172292,"geometry":{"type":"LineString","coordinates":[[114.16215047906755,22.327976651357314,4.2630000000062864],[114.16214299133398,22.327968255847487,4.2597999999998137]]},"properties":{"OBJECTID":172292,"PedestrianRouteID":220014483,"Location":1,"FeatureType":1,"AliasNameEN":"Nam Cheong Street","AliasNameTC":"南昌街","CrossingFeature":null,"WeatherProof":2,"WheelchairBarrier":2,"WheelchairAccess":2,"ObstaclesType":null,"Gradient":0.00264891,"Direction":0,"PositionCertainty":1,"Enabled":1,"DataSource":1,"LevelSource":2,"StreetNameEN":"Nam Cheong Street","StreetNameTC":"南昌街","ST_CODE":11487,"FloorID":null,"BuildingID_1":null,"BuildingID_2":null,"SiteID":null,"TerminalID":null,"AccessTimeID":220000050,"CreationDate":1614441600000,"ModifiedBy":"LANDSD","LastAmendmentDate":1655049600000,"Shape__Length":1.2080432160464545}},{"type":"Feature","id":172294,"geometry":{"type":"LineString","coordinates":[[114.16214299133398,22.327968255847487,4.2597999999998137],[114.16190957831027,22.327706539921113,4.1517000000021653]]},"properties":{"OBJECTID":172294,"PedestrianRouteID":220014485,"Location":1,"FeatureType":1,"AliasNameEN":"Nam Cheong Street","AliasNameTC":"南昌街","CrossingFeature":null,"WeatherProof":2,"WheelchairBarrier":2,"WheelchairAccess":2,"ObstaclesType":null,"Gradient":0.00287053,"Direction":0,"PositionCertainty":1,"Enabled":1,"DataSource":1,"LevelSource":2,"StreetNameEN":"Nam Cheong Street","StreetNameTC":"南昌街","ST_CODE":11487,"FloorID":null,"BuildingID_1":null,"BuildingID_2":null,"SiteID":1503005135,"TerminalID":null,"AccessTimeID":220000050,"CreationDate":1614441600000,"ModifiedBy":"LANDSD","LastAmendmentDate":1654272000000,"Shape__Length":37.65843774814055}},{"type":"Feature","id":172315,"geometry":{"type":"LineString","coordinates":[[114.16238459511521,22.327989959993442,4.1376000000018394],[114.162398138802,22.327979359293501,4.1083999999973457]]},"properties":{"OBJECTID":172315,"PedestrianRouteID":220014506,"Location":1,"FeatureType":1,"AliasNameEN":"Nam Cheong Street","AliasNameTC":"南昌街","CrossingFeature":null,"WeatherProof":1,"WheelchairBarrier":2,"WheelchairAccess":2,"ObstaclesType":null,"Gradient":0.01601317,"Direction":0,"PositionCertainty":1,"Enabled":1,"DataSource":1,"LevelSource":2,"StreetNameEN":"Nam Cheong Street","StreetNameTC":"南昌街","ST_CODE":11487,"FloorID":null,"BuildingID_1":null,"BuildingID_2":null,"SiteID":null,"TerminalID":null,"AccessTimeID":null,"CreationDate":1614441600000,"ModifiedBy":"LANDSD","LastAmendmentDate":1690819200000,"Shape__Length":1.8234196004126682}},{"type":"Feature","id":172330,"geometry":{"type":"LineString","coordinates":[[114.16039146346374,22.327929008723075,4.1392000000050757],[114.16036885599199,22.327903562756362,4.1309000000037486]]},"properties":{"OBJECTID":172330,"PedestrianRouteID":220014521,"Location":1,"FeatureType":1,"AliasNameEN":"Yee Kuk Street","AliasNameTC":"醫局街","CrossingFeature":null,"WeatherProof":2,"WheelchairBarrier":2,"WheelchairAccess":2,"ObstaclesType":null,"Gradient":0.0022704000000000001,"Direction":0,"PositionCertainty":1,"Enabled":1,"DataSource":1,"LevelSource":2,"StreetNameEN":"Yee Kuk Street","StreetNameTC":"醫局街","ST_CODE":12844,"FloorID":null,"BuildingID_1":null,"BuildingID_2":null,"SiteID":null,"TerminalID":null,"AccessTimeID":null,"CreationDate":1614441600000,"ModifiedBy":"LANDSD","LastAmendmentDate":1655049600000,"Shape__Length":3.6557366720505096}},{"type":"Feature","id":172331,"geometry":{"type":"LineString","coordinates":[[114.16036885599199,22.327903562756362,4.1309000000037486],[114.16030920927879,22.32783695793162,4.0823999999993248]]},"properties":{"OBJECTID":172331,"PedestrianRouteID":220014522,"Location":1,"FeatureType":30,"AliasNameEN":"Yee Kuk Street Crossing","AliasNameTC":"醫局街過路處","CrossingFeature":1,"WeatherProof":2,"WheelchairBarrier":2,"WheelchairAccess":2,"ObstaclesType":null,"Gradient":0.0050520799999999996,"Direction":0,"PositionCertainty":1,"Enabled":1,"DataSource":1,"LevelSource":2,"StreetNameEN":"Yee Kuk Street","StreetNameTC":"醫局街","ST_CODE":12844,"FloorID":null,"BuildingID_1":null,"BuildingID_2":null,"SiteID":null,"TerminalID":null,"AccessTimeID":null,"CreationDate":1614441600000,"ModifiedBy":"LANDSD","LastAmendmentDate":1654272000000,"Shape__Length":9.5999235770763889}},{"type":"Feature","id":172369,"geometry":{"type":"LineString","coordinates":[[114.16042136992409,22.327907675190932,4.0786999999982072],[114.16043387796157,22.327897930649669,4.0751000000018394]]},"properties":{"OBJECTID":172369,"PedestrianRouteID":220014560,"Location":1,"FeatureType":1,"AliasNameEN":"Yee Kuk Street","AliasNameTC":"醫局街","CrossingFeature":null,"WeatherProof":2,"WheelchairBarrier":2,"WheelchairAccess":2,"ObstaclesType":null,"Gradient":0.0021419,"Direction":0,"PositionCertainty":1,"Enabled":1,"DataSource":1,"LevelSource":2,"StreetNameEN":"Yee Kuk Street","StreetNameTC":"醫局街","ST_CODE":12844,"FloorID":null,"BuildingID_1":null,"BuildingID_2":null,"SiteID":null,"TerminalID":null,"AccessTimeID":null,"CreationDate":1614441600000,"ModifiedBy":"LANDSD","LastAmendmentDate":1655049600000,"Shape__Length":1.6807453372049292}},{"type":"Feature","id":172371,"geometry":{"type":"LineString","coordinates":[[114.16043387796157,22.327897930649669,4.0751000000018394],[114.16052330965056,22.327828259679617,4.0489999999990687]]},"properties":{"OBJECTID":172371,"PedestrianRouteID":220014562,"Location":1,"FeatureType":30,"AliasNameEN":"Pei Ho Street Crossing","AliasNameTC":"北河街過路處","CrossingFeature":1,"WeatherProof":2,"WheelchairBarrier":2,"WheelchairAccess":2,"ObstaclesType":null,"Gradient":0.0021719,"Direction":0,"PositionCertainty":1,"Enabled":1,"DataSource":1,"LevelSource":2,"StreetNameEN":"Pei Ho Street","StreetNameTC":"北河街","ST_CODE":11675,"FloorID":null,"BuildingID_1":null,"BuildingID_2":null,"SiteID":null,"TerminalID":null,"AccessTimeID":null,"CreationDate":1614441600000,"ModifiedBy":"LANDSD","LastAmendmentDate":1654272000000,"Shape__Length":12.017091881600722}},{"type":"Feature","id":172385,"geometry":{"type":"LineString","coordinates":[[114.16335451835241,22.327860602742767,4.7771999999968102],[114.1632782320667,22.327775729654991,4.7339999999967404]]},"properties":{"OBJECTID":172385,"PedestrianRouteID":220014576,"Location":1,"FeatureType":33,"AliasNameEN":"Ki Lung Street Crossing","AliasNameTC":"基隆街過路處","CrossingFeature":1,"WeatherProof":2,"WheelchairBarrier":2,"WheelchairAccess":2,"ObstaclesType":null,"Gradient":0.0035260999999999999,"Direction":0,"PositionCertainty":1,"Enabled":1,"DataSource":1,"LevelSource":2,"StreetNameEN":"Ki Lung Street","StreetNameTC":"基隆街","ST_CODE":10989,"FloorID":null,"BuildingID_1":null,"BuildingID_2":null,"SiteID":null,"TerminalID":null,"AccessTimeID":null,"CreationDate":1614441600000,"ModifiedBy":"LANDSD","LastAmendmentDate":1654272000000,"Shape__Length":12.251446334958919}},{"type":"Feature","id":172450,"geometry":{"type":"LineString","coordinates":[[114.16339827198183,22.327866904304294,4.7687000000005355],[114.16349101627696,22.327794278066012,4.7407999999995809]]},"properties":{"OBJECTID":172450,"PedestrianRouteID":220014644,"Location":1,"FeatureType":33,"AliasNameEN":"Shek Kip Mei Street Crossing","AliasNameTC":"石硤尾街過路處","CrossingFeature":1,"WeatherProof":2,"WheelchairBarrier":2,"WheelchairAccess":2,"ObstaclesType":null,"Gradient":0.00223398,"Direction":0,"PositionCertainty":1,"Enabled":1,"DataSource":1,"LevelSource":2,"StreetNameEN":"Shek Kip Mei Street","StreetNameTC":"石硤尾街","ST_CODE":11995,"FloorID":null,"BuildingID_1":null,"BuildingID_2":null,"SiteID":null,"TerminalID":null,"AccessTimeID":null,"CreationDate":1614441600000,"ModifiedBy":"LANDSD","LastAmendmentDate":1654272000000,"Shape__Length":12.488886435496267}},{"type":"Feature","id":172481,"geometry":{"type":"LineString","coordinates":[[114.16231700556118,22.327857099605232,4.0192999999999302],[114.16231057179381,22.327850268294672,4.0963000000047032]]},"properties":{"OBJECTID":172481,"PedestrianRouteID":220014675,"Location":1,"FeatureType":1,"AliasNameEN":"Tai Nan Street","AliasNameTC":"大南街","CrossingFeature":null,"WeatherProof":2,"WheelchairBarrier":2,"WheelchairAccess":2,"ObstaclesType":null,"Gradient":0.0026217599999999999,"Direction":0,"PositionCertainty":1,"Enabled":1,"DataSource":1,"LevelSource":2,"StreetNameEN":"Tai Nan Street","StreetNameTC":"大南街","ST_CODE":12239,"FloorID":null,"BuildingID_1":null,"BuildingID_2":null,"SiteID":null,"TerminalID":null,"AccessTimeID":null,"CreationDate":1614441600000,"ModifiedBy":"LANDSD","LastAmendmentDate":1730649600000,"Shape__Length":1.0057720270020654}},{"type":"Feature","id":172482,"geometry":{"type":"LineString","coordinates":[[114.16239427441263,22.327943636665484,4.1003000000055181],[114.16231700556118,22.327857099605232,4.0192999999999302]]},"properties":{"OBJECTID":172482,"PedestrianRouteID":220014676,"Location":1,"FeatureType":32,"AliasNameEN":"Tai Nan Street Crossing","AliasNameTC":"大南街過路處","CrossingFeature":1,"WeatherProof":2,"WheelchairBarrier":2,"WheelchairAccess":2,"ObstaclesType":null,"Gradient":0.0065018599999999999,"Direction":0,"PositionCertainty":1,"Enabled":1,"DataSource":1,"LevelSource":12,"StreetNameEN":"Tai Nan Street","StreetNameTC":"大南街","ST_CODE":12239,"FloorID":null,"BuildingID_1":null,"BuildingID_2":null,"SiteID":null,"TerminalID":null,"AccessTimeID":null,"CreationDate":1614441600000,"ModifiedBy":"LANDSD","LastAmendmentDate":1730649600000,"Shape__Length":12.457796658598673}},{"type":"Feature","id":172524,"geometry":{"type":"LineString","coordinates":[[114.16443034463516,22.327724434245294,4.8803000000043539],[114.16403703936484,22.328032835177993,4.949399999997695],[114.16400415893983,22.328058491179668,4.9470000000001164]]},"properties":{"OBJECTID":172524,"PedestrianRouteID":220014722,"Location":1,"FeatureType":1,"AliasNameEN":"Yu Chau Street","AliasNameTC":"汝州街","CrossingFeature":null,"WeatherProof":1,"WheelchairBarrier":2,"WheelchairAccess":2,"ObstaclesType":null,"Gradient":0.00116176,"Direction":0,"PositionCertainty":1,"Enabled":1,"DataSource":1,"LevelSource":2,"StreetNameEN":"Yu Chau Street","StreetNameTC":"汝州街","ST_CODE":12888,"FloorID":null,"BuildingID_1":null,"BuildingID_2":null,"SiteID":null,"TerminalID":null,"AccessTimeID":null,"CreationDate":1614441600000,"ModifiedBy":"LANDSD","LastAmendmentDate":1655049600000,"Shape__Length":57.41265911774645}},{"type":"Feature","id":172526,"geometry":{"type":"LineString","coordinates":[[114.16178145798898,22.327767798789509,3.9848000000056345],[114.16203908211492,22.328055682325289,4.0546000000031199]]},"properties":{"OBJECTID":172526,"PedestrianRouteID":220014724,"Location":1,"FeatureType":1,"AliasNameEN":"Nam Cheong Street","AliasNameTC":"南昌街","CrossingFeature":null,"WeatherProof":1,"WheelchairBarrier":2,"WheelchairAccess":2,"ObstaclesType":null,"Gradient":0.0016826899999999999,"Direction":0,"PositionCertainty":1,"Enabled":1,"DataSource":1,"LevelSource":2,"StreetNameEN":"Nam Cheong Street","StreetNameTC":"南昌街","ST_CODE":11487,"FloorID":null,"BuildingID_1":null,"BuildingID_2":null,"SiteID":null,"TerminalID":null,"AccessTimeID":null,"CreationDate":1614441600000,"ModifiedBy":"LANDSD","LastAmendmentDate":1655049600000,"Shape__Length":41.481211681559301}},{"type":"Feature","id":172527,"geometry":{"type":"LineString","coordinates":[[114.16336459656179,22.327871815051399,4.7829000000056112],[114.16316000941748,22.328032763583732,4.5657999999966705],[114.16309769137879,22.328081788972085,4.5047000000049593]]},"properties":{"OBJECTID":172527,"PedestrianRouteID":220014725,"Location":1,"FeatureType":1,"AliasNameEN":"Ki Lung Street","AliasNameTC":"基隆街","CrossingFeature":null,"WeatherProof":1,"WheelchairBarrier":2,"WheelchairAccess":2,"ObstaclesType":null,"Gradient":0.0077254300000000001,"Direction":0,"PositionCertainty":1,"Enabled":1,"DataSource":1,"LevelSource":2,"StreetNameEN":"Ki Lung Street","StreetNameTC":"基隆街","ST_CODE":10989,"FloorID":null,"BuildingID_1":null,"BuildingID_2":null,"SiteID":null,"TerminalID":null,"AccessTimeID":null,"CreationDate":1614441600000,"ModifiedBy":"LANDSD","LastAmendmentDate":1655049600000,"Shape__Length":36.010212264963897}},{"type":"Feature","id":172528,"geometry":{"type":"LineString","coordinates":[[114.16054945477707,22.328049539626814,4.082299999994575],[114.16053408834662,22.328032520849099,4.0832999999984168],[114.16043303763655,22.327920598235295,4.0786999999982072]]},"properties":{"OBJECTID":172528,"PedestrianRouteID":220014726,"Location":1,"FeatureType":1,"AliasNameEN":"Pei Ho Street","AliasNameTC":"北河街","CrossingFeature":null,"WeatherProof":2,"WheelchairBarrier":2,"WheelchairAccess":2,"ObstaclesType":null,"Gradient":0.00019306,"Direction":0,"PositionCertainty":1,"Enabled":1,"DataSource":1,"LevelSource":2,"StreetNameEN":"Pei Ho Street","StreetNameTC":"北河街","ST_CODE":11675,"FloorID":null,"BuildingID_1":null,"BuildingID_2":null,"SiteID":null,"TerminalID":null,"AccessTimeID":null,"CreationDate":1614441600000,"ModifiedBy":"LANDSD","LastAmendmentDate":1655049600000,"Shape__Length":18.647186170588956}},{"type":"Feature","id":172534,"geometry":{"type":"LineString","coordinates":[[114.16142547185864,22.328028246243608,4.0786999999982072],[114.16141984254237,22.328032607480853,4.0812000000005355],[114.16138974185716,22.328055927003994,4.0892000000021653]]},"properties":{"OBJECTID":172534,"PedestrianRouteID":220014732,"Location":1,"FeatureType":1,"AliasNameEN":"Lai Chi Kok Road","AliasNameTC":"荔枝角道","CrossingFeature":null,"WeatherProof":2,"WheelchairBarrier":2,"WheelchairAccess":2,"ObstaclesType":null,"Gradient":0.0021919999999999999,"Direction":0,"PositionCertainty":1,"Enabled":1,"DataSource":1,"LevelSource":2,"StreetNameEN":"Lai Chi Kok Road","StreetNameTC":"荔枝角道","ST_CODE":11149,"FloorID":null,"BuildingID_1":null,"BuildingID_2":null,"SiteID":null,"TerminalID":null,"AccessTimeID":null,"CreationDate":1614441600000,"ModifiedBy":"LANDSD","LastAmendmentDate":1655049600000,"Shape__Length":4.7901415264852725}},{"type":"Feature","id":172535,"geometry":{"type":"LineString","coordinates":[[114.1616264369582,22.32787255716817,3.9909000000043306],[114.16161594037888,22.327880689127912,3.9955000000045402]]},"properties":{"OBJECTID":172535,"PedestrianRouteID":220014733,"Location":1,"FeatureType":1,"AliasNameEN":"Lai Chi Kok Road","AliasNameTC":"荔枝角道","CrossingFeature":null,"WeatherProof":2,"WheelchairBarrier":2,"WheelchairAccess":2,"ObstaclesType":null,"Gradient":0.0032688299999999999,"Direction":0,"PositionCertainty":1,"Enabled":1,"DataSource":1,"LevelSource":2,"StreetNameEN":"Lai Chi Kok Road","StreetNameTC":"荔枝角道","ST_CODE":11149,"FloorID":null,"BuildingID_1":null,"BuildingID_2":null,"SiteID":null,"TerminalID":null,"AccessTimeID":null,"CreationDate":1614441600000,"ModifiedBy":"LANDSD","LastAmendmentDate":1655049600000,"Shape__Length":1.4072277890457976}},{"type":"Feature","id":172536,"geometry":{"type":"LineString","coordinates":[[114.16161594037888,22.327880689127912,3.9955000000045402],[114.16142547185864,22.328028246243608,4.0786999999982072]]},"properties":{"OBJECTID":172536,"PedestrianRouteID":220014734,"Location":1,"FeatureType":1,"AliasNameEN":"Lai Chi Kok Road","AliasNameTC":"荔枝角道","CrossingFeature":null,"WeatherProof":1,"WheelchairBarrier":2,"WheelchairAccess":2,"ObstaclesType":null,"Gradient":0.0032582599999999998,"Direction":0,"PositionCertainty":1,"Enabled":1,"DataSource":1,"LevelSource":2,"StreetNameEN":"Lai Chi Kok Road","StreetNameTC":"荔枝角道","ST_CODE":11149,"FloorID":null,"BuildingID_1":null,"BuildingID_2":null,"SiteID":null,"TerminalID":null,"AccessTimeID":null,"CreationDate":1614441600000,"ModifiedBy":"LANDSD","LastAmendmentDate":1655049600000,"Shape__Length":25.53497209488922}},{"type":"Feature","id":172537,"geometry":{"type":"LineString","coordinates":[[114.15988879299233,22.328144731041697,4.0423000000009779],[114.16003250254518,22.32803246964469,4.0706999999965774],[114.1601500852119,22.327940617262566,4.1203999999997905]]},"properties":{"OBJECTID":172537,"PedestrianRouteID":220014735,"Location":1,"FeatureType":1,"AliasNameEN":"Yee Kuk Street","AliasNameTC":"醫局街","CrossingFeature":null,"WeatherProof":2,"WheelchairBarrier":2,"WheelchairAccess":2,"ObstaclesType":null,"Gradient":0.0022219100000000001,"Direction":0,"PositionCertainty":1,"Enabled":1,"DataSource":1,"LevelSource":2,"StreetNameEN":"Yee Kuk Street","StreetNameTC":"醫局街","ST_CODE":12844,"FloorID":null,"BuildingID_1":null,"BuildingID_2":null,"SiteID":null,"TerminalID":null,"AccessTimeID":null,"CreationDate":1614441600000,"ModifiedBy":"LANDSD","LastAmendmentDate":1655049600000,"Shape__Length":35.149850437782803}},{"type":"Feature","id":172538,"geometry":{"type":"LineString","coordinates":[[114.16303349639861,22.327949551378612,4.5323999999964144],[114.16296437063289,22.32800370641176,4.4747000000061234]]},"properties":{"OBJECTID":172538,"PedestrianRouteID":220014736,"Location":1,"FeatureType":1,"AliasNameEN":"Ki Lung Street","AliasNameTC":"基隆街","CrossingFeature":null,"WeatherProof":2,"WheelchairBarrier":2,"WheelchairAccess":2,"ObstaclesType":null,"Gradient":0.0061974700000000001,"Direction":0,"PositionCertainty":1,"Enabled":1,"DataSource":1,"LevelSource":2,"StreetNameEN":"Ki Lung Street","StreetNameTC":"基隆街","ST_CODE":10989,"FloorID":null,"BuildingID_1":null,"BuildingID_2":null,"SiteID":null,"TerminalID":null,"AccessTimeID":null,"CreationDate":1614441600000,"ModifiedBy":"LANDSD","LastAmendmentDate":1655049600000,"Shape__Length":9.3101368013677437}},{"type":"Feature","id":172539,"geometry":{"type":"LineString","coordinates":[[114.16296437063289,22.32800370641176,4.4747000000061234],[114.16292730712453,22.328032743791063,4.4437999999936437],[114.16279970917446,22.328132708592062,4.2789000000047963]]},"properties":{"OBJECTID":172539,"PedestrianRouteID":220014737,"Location":1,"FeatureType":1,"AliasNameEN":"Ki Lung Street","AliasNameTC":"基隆街","CrossingFeature":null,"WeatherProof":1,"WheelchairBarrier":2,"WheelchairAccess":2,"ObstaclesType":null,"Gradient":0.0088285800000000008,"Direction":0,"PositionCertainty":1,"Enabled":1,"DataSource":1,"LevelSource":2,"StreetNameEN":"Ki Lung Street","StreetNameTC":"基隆街","ST_CODE":10989,"FloorID":null,"BuildingID_1":null,"BuildingID_2":null,"SiteID":null,"TerminalID":null,"AccessTimeID":null,"CreationDate":1614441600000,"ModifiedBy":"LANDSD","LastAmendmentDate":1655049600000,"Shape__Length":22.177392505996231}},{"type":"Feature","id":172541,"geometry":{"type":"LineString","coordinates":[[114.16323459664491,22.327792000921008,4.7001000000018394],[114.16303349639861,22.327949551378612,4.5323999999964144]]},"properties":{"OBJECTID":172541,"PedestrianRouteID":220014739,"Location":1,"FeatureType":1,"AliasNameEN":"Ki Lung Street","AliasNameTC":"基隆街","CrossingFeature":null,"WeatherProof":1,"WheelchairBarrier":2,"WheelchairAccess":2,"ObstaclesType":null,"Gradient":0.00619149,"Direction":0,"PositionCertainty":1,"Enabled":1,"DataSource":1,"LevelSource":2,"StreetNameEN":"Ki Lung Street","StreetNameTC":"基隆街","ST_CODE":10989,"FloorID":null,"BuildingID_1":null,"BuildingID_2":null,"SiteID":null,"TerminalID":null,"AccessTimeID":null,"CreationDate":1614441600000,"ModifiedBy":"LANDSD","LastAmendmentDate":1655049600000,"Shape__Length":27.085215748137735}},{"type":"Feature","id":172544,"geometry":{"type":"LineString","coordinates":[[114.16127664524851,22.327824391867026,4.0384999999951106],[114.16100558767903,22.328032567566893,4.1165000000037253],[114.16100401702063,22.328033773899637,4.1165000000037253]]},"properties":{"OBJECTID":172544,"PedestrianRouteID":220014742,"Location":1,"FeatureType":1,"AliasNameEN":"Lai Chi Kok Road","AliasNameTC":"荔枝角道","CrossingFeature":null,"WeatherProof":1,"WheelchairBarrier":2,"WheelchairAccess":2,"ObstaclesType":null,"Gradient":0.0021416400000000002,"Direction":0,"PositionCertainty":1,"Enabled":1,"DataSource":1,"LevelSource":2,"StreetNameEN":"Lai Chi Kok Road","StreetNameTC":"荔枝角道","ST_CODE":11149,"FloorID":null,"BuildingID_1":null,"BuildingID_2":null,"SiteID":null,"TerminalID":null,"AccessTimeID":null,"CreationDate":1614441600000,"ModifiedBy":"LANDSD","LastAmendmentDate":1655049600000,"Shape__Length":36.420669991409973}},{"type":"Feature","id":172570,"geometry":{"type":"LineString","coordinates":[[114.16015955872241,22.327933216769999,4.1174000000028173],[114.1601500852119,22.327940617262566,4.1203999999997905]]},"properties":{"OBJECTID":172570,"PedestrianRouteID":220014768,"Location":1,"FeatureType":1,"AliasNameEN":"Yee Kuk Street","AliasNameTC":"醫局街","CrossingFeature":null,"WeatherProof":2,"WheelchairBarrier":2,"WheelchairAccess":2,"ObstaclesType":null,"Gradient":0.0023540200000000001,"Direction":0,"PositionCertainty":1,"Enabled":1,"DataSource":1,"LevelSource":2,"StreetNameEN":"Yee Kuk Street","StreetNameTC":"醫局街","ST_CODE":12844,"FloorID":null,"BuildingID_1":null,"BuildingID_2":null,"SiteID":null,"TerminalID":null,"AccessTimeID":null,"CreationDate":1614441600000,"ModifiedBy":"LANDSD","LastAmendmentDate":1655049600000,"Shape__Length":1.274411617777681}},{"type":"Feature","id":172571,"geometry":{"type":"LineString","coordinates":[[114.16027124103621,22.327845973805339,4.0822000000043772],[114.1602339556926,22.327875099949228,4.0939999999973224]]},"properties":{"OBJECTID":172571,"PedestrianRouteID":220014769,"Location":1,"FeatureType":1,"AliasNameEN":"Yee Kuk Street","AliasNameTC":"醫局街","CrossingFeature":null,"WeatherProof":2,"WheelchairBarrier":2,"WheelchairAccess":2,"ObstaclesType":null,"Gradient":0.0023525899999999999,"Direction":0,"PositionCertainty":1,"Enabled":1,"DataSource":1,"LevelSource":2,"StreetNameEN":"Yee Kuk Street","StreetNameTC":"醫局街","ST_CODE":12844,"FloorID":null,"BuildingID_1":null,"BuildingID_2":null,"SiteID":null,"TerminalID":null,"AccessTimeID":null,"CreationDate":1614441600000,"ModifiedBy":"LANDSD","LastAmendmentDate":1655049600000,"Shape__Length":5.0157405531194552}},{"type":"Feature","id":172572,"geometry":{"type":"LineString","coordinates":[[114.1602339556926,22.327875099949228,4.0939999999973224],[114.16015955872241,22.327933216769999,4.1174000000028173]]},"properties":{"OBJECTID":172572,"PedestrianRouteID":220014770,"Location":1,"FeatureType":1,"AliasNameEN":"Yee Kuk Street","AliasNameTC":"醫局街","CrossingFeature":null,"WeatherProof":1,"WheelchairBarrier":2,"WheelchairAccess":2,"ObstaclesType":null,"Gradient":0.0023381000000000001,"Direction":0,"PositionCertainty":1,"Enabled":1,"DataSource":1,"LevelSource":2,"StreetNameEN":"Yee Kuk Street","StreetNameTC":"醫局街","ST_CODE":12844,"FloorID":null,"BuildingID_1":null,"BuildingID_2":null,"SiteID":null,"TerminalID":null,"AccessTimeID":null,"CreationDate":1614441600000,"ModifiedBy":"LANDSD","LastAmendmentDate":1655049600000,"Shape__Length":10.008127106044322}},{"type":"Feature","id":172612,"geometry":{"type":"LineString","coordinates":[[114.1616264369582,22.32787255716817,3.9909000000043306],[114.16166241052117,22.327844687638489,3.9861999999993714]]},"properties":{"OBJECTID":172612,"PedestrianRouteID":220014810,"Location":1,"FeatureType":1,"AliasNameEN":"Lai Chi Kok Road","AliasNameTC":"荔枝角道","CrossingFeature":null,"WeatherProof":2,"WheelchairBarrier":2,"WheelchairAccess":2,"ObstaclesType":null,"Gradient":0.00097453999999999998,"Direction":0,"PositionCertainty":1,"Enabled":1,"DataSource":1,"LevelSource":2,"StreetNameEN":"Lai Chi Kok Road","StreetNameTC":"荔枝角道","ST_CODE":11149,"FloorID":null,"BuildingID_1":null,"BuildingID_2":null,"SiteID":null,"TerminalID":null,"AccessTimeID":null,"CreationDate":1614441600000,"ModifiedBy":"LANDSD","LastAmendmentDate":1655049600000,"Shape__Length":4.8228037373161188}},{"type":"Feature","id":172630,"geometry":{"type":"LineString","coordinates":[[114.16338673390571,22.327875939350911,4.7722000000067055],[114.16338452783731,22.327873523486485,4.774199999999837],[114.16338203836717,22.327870798752524,4.7765000000072177],[114.16337528525543,22.327863406658416,4.7826999999961117]]},"properties":{"OBJECTID":172630,"PedestrianRouteID":220014828,"Location":1,"FeatureType":1,"AliasNameEN":"Shek Kip Mei Street","AliasNameTC":"石硤尾街","CrossingFeature":null,"WeatherProof":1,"WheelchairBarrier":2,"WheelchairAccess":2,"ObstaclesType":null,"Gradient":0.00576502,"Direction":0,"PositionCertainty":1,"Enabled":1,"DataSource":1,"LevelSource":2,"StreetNameEN":"Shek Kip Mei Street","StreetNameTC":"石硤尾街","ST_CODE":11995,"FloorID":null,"BuildingID_1":null,"BuildingID_2":null,"SiteID":null,"TerminalID":null,"AccessTimeID":null,"CreationDate":1614441600000,"ModifiedBy":"LANDSD","LastAmendmentDate":1655049600000,"Shape__Length":1.8213092754087796}},{"type":"Feature","id":172676,"geometry":{"type":"LineString","coordinates":[[114.16029262057415,22.328011646578965,4.1445999999996275],[114.16026596097569,22.328032493670392,4.1266999999934342],[114.16021539382213,22.32807203523069,4.1245000000053551]]},"properties":{"OBJECTID":172676,"PedestrianRouteID":220014874,"Location":1,"FeatureType":1,"AliasNameEN":"Yee Kuk Street","AliasNameTC":"醫局街","CrossingFeature":null,"WeatherProof":2,"WheelchairBarrier":2,"WheelchairAccess":2,"ObstaclesType":null,"Gradient":0.00193396,"Direction":0,"PositionCertainty":1,"Enabled":1,"DataSource":1,"LevelSource":2,"StreetNameEN":"Yee Kuk Street","StreetNameTC":"醫局街","ST_CODE":12844,"FloorID":null,"BuildingID_1":null,"BuildingID_2":null,"SiteID":null,"TerminalID":null,"AccessTimeID":null,"CreationDate":1614441600000,"ModifiedBy":"LANDSD","LastAmendmentDate":1655049600000,"Shape__Length":10.393157998412866}},{"type":"Feature","id":172691,"geometry":{"type":"LineString","coordinates":[[114.1625422622632,22.327851245222323,4.2431000000069616],[114.16253145412843,22.327859668901837,4.235499999995227]]},"properties":{"OBJECTID":172691,"PedestrianRouteID":220014889,"Location":1,"FeatureType":1,"AliasNameEN":"Tai Nan Street","AliasNameTC":"大南街","CrossingFeature":null,"WeatherProof":2,"WheelchairBarrier":2,"WheelchairAccess":2,"ObstaclesType":null,"Gradient":0.0052320600000000002,"Direction":0,"PositionCertainty":1,"Enabled":1,"DataSource":1,"LevelSource":2,"StreetNameEN":"Tai Nan Street","StreetNameTC":"大南街","ST_CODE":12239,"FloorID":null,"BuildingID_1":null,"BuildingID_2":null,"SiteID":null,"TerminalID":null,"AccessTimeID":null,"CreationDate":1614441600000,"ModifiedBy":"LANDSD","LastAmendmentDate":1655049600000,"Shape__Length":1.4525708144551452}},{"type":"Feature","id":172705,"geometry":{"type":"LineString","coordinates":[[114.16351207327308,22.328013139632322,4.7547999999951571],[114.16349178187059,22.327990928143809,4.7575999999971827]]},"properties":{"OBJECTID":172705,"PedestrianRouteID":220014903,"Location":1,"FeatureType":1,"AliasNameEN":"Shek Kip Mei Street","AliasNameTC":"石硤尾街","CrossingFeature":null,"WeatherProof":2,"WheelchairBarrier":2,"WheelchairAccess":2,"ObstaclesType":null,"Gradient":0.00086742000000000004,"Direction":0,"PositionCertainty":1,"Enabled":1,"DataSource":1,"LevelSource":2,"StreetNameEN":"Shek Kip Mei Street","StreetNameTC":"石硤尾街","ST_CODE":11995,"FloorID":null,"BuildingID_1":null,"BuildingID_2":null,"SiteID":null,"TerminalID":null,"AccessTimeID":null,"CreationDate":1614441600000,"ModifiedBy":"LANDSD","LastAmendmentDate":1655049600000,"Shape__Length":3.2279521137322043}},{"type":"Feature","id":172706,"geometry":{"type":"LineString","coordinates":[[114.16349178187059,22.327990928143809,4.7575999999971827],[114.16338673390571,22.327875939350911,4.7722000000067055]]},"properties":{"OBJECTID":172706,"PedestrianRouteID":220014904,"Location":1,"FeatureType":1,"AliasNameEN":"Shek Kip Mei Street","AliasNameTC":"石硤尾街","CrossingFeature":null,"WeatherProof":1,"WheelchairBarrier":2,"WheelchairAccess":2,"ObstaclesType":null,"Gradient":0.00087367,"Direction":0,"PositionCertainty":1,"Enabled":1,"DataSource":1,"LevelSource":2,"StreetNameEN":"Shek Kip Mei Street","StreetNameTC":"石硤尾街","ST_CODE":11995,"FloorID":null,"BuildingID_1":null,"BuildingID_2":null,"SiteID":null,"TerminalID":null,"AccessTimeID":null,"CreationDate":1614441600000,"ModifiedBy":"LANDSD","LastAmendmentDate":1655049600000,"Shape__Length":16.711062669545104}},{"type":"Feature","id":172710,"geometry":{"type":"LineString","coordinates":[[114.1636040955534,22.327898103839086,4.7595000000001164],[114.16362382500506,22.327919736407527,4.7636999999958789]]},"properties":{"OBJECTID":172710,"PedestrianRouteID":220014908,"Location":1,"FeatureType":1,"AliasNameEN":"Shek Kip Mei Street","AliasNameTC":"石硤尾街","CrossingFeature":null,"WeatherProof":2,"WheelchairBarrier":2,"WheelchairAccess":2,"ObstaclesType":null,"Gradient":0.0013368900000000001,"Direction":0,"PositionCertainty":1,"Enabled":1,"DataSource":1,"LevelSource":2,"StreetNameEN":"Shek Kip Mei Street","StreetNameTC":"石硤尾街","ST_CODE":11995,"FloorID":null,"BuildingID_1":null,"BuildingID_2":null,"SiteID":null,"TerminalID":null,"AccessTimeID":null,"CreationDate":1614441600000,"ModifiedBy":"LANDSD","LastAmendmentDate":1655049600000,"Shape__Length":3.1416139046788256}},{"type":"Feature","id":172711,"geometry":{"type":"LineString","coordinates":[[114.16355290557421,22.327841978181496,4.7485000000015134],[114.16357409278356,22.327865208385987,4.7531000000017229]]},"properties":{"OBJECTID":172711,"PedestrianRouteID":220014909,"Location":1,"FeatureType":1,"AliasNameEN":"Shek Kip Mei Street","AliasNameTC":"石硤尾街","CrossingFeature":null,"WeatherProof":2,"WheelchairBarrier":2,"WheelchairAccess":2,"ObstaclesType":null,"Gradient":0.0013634999999999999,"Direction":0,"PositionCertainty":1,"Enabled":1,"DataSource":1,"LevelSource":2,"StreetNameEN":"Shek Kip Mei Street","StreetNameTC":"石硤尾街","ST_CODE":11995,"FloorID":null,"BuildingID_1":null,"BuildingID_2":null,"SiteID":null,"TerminalID":null,"AccessTimeID":null,"CreationDate":1614441600000,"ModifiedBy":"LANDSD","LastAmendmentDate":1655049600000,"Shape__Length":3.3736777917159761}},{"type":"Feature","id":172712,"geometry":{"type":"LineString","coordinates":[[114.16357409278356,22.327865208385987,4.7531000000017229],[114.1636040955534,22.327898103839086,4.7595000000001164]]},"properties":{"OBJECTID":172712,"PedestrianRouteID":220014910,"Location":1,"FeatureType":1,"AliasNameEN":"Shek Kip Mei Street","AliasNameTC":"石硤尾街","CrossingFeature":null,"WeatherProof":1,"WheelchairBarrier":2,"WheelchairAccess":2,"ObstaclesType":null,"Gradient":0.00133965,"Direction":0,"PositionCertainty":1,"Enabled":1,"DataSource":1,"LevelSource":2,"StreetNameEN":"Shek Kip Mei Street","StreetNameTC":"石硤尾街","ST_CODE":11995,"FloorID":null,"BuildingID_1":null,"BuildingID_2":null,"SiteID":null,"TerminalID":null,"AccessTimeID":null,"CreationDate":1614441600000,"ModifiedBy":"LANDSD","LastAmendmentDate":1655049600000,"Shape__Length":4.7773646970606718}},{"type":"Feature","id":172713,"geometry":{"type":"LineString","coordinates":[[114.16240638486885,22.327957145692228,4.1365999999979977],[114.16250979320122,22.327876551473977,4.2179000000032829]]},"properties":{"OBJECTID":172713,"PedestrianRouteID":220014911,"Location":1,"FeatureType":1,"AliasNameEN":"Tai Nan Street","AliasNameTC":"大南街","CrossingFeature":null,"WeatherProof":1,"WheelchairBarrier":2,"WheelchairAccess":2,"ObstaclesType":null,"Gradient":0.0058498500000000002,"Direction":0,"PositionCertainty":1,"Enabled":1,"DataSource":1,"LevelSource":2,"StreetNameEN":"Tai Nan Street","StreetNameTC":"大南街","ST_CODE":12239,"FloorID":null,"BuildingID_1":null,"BuildingID_2":null,"SiteID":null,"TerminalID":null,"AccessTimeID":null,"CreationDate":1614441600000,"ModifiedBy":"LANDSD","LastAmendmentDate":1655049600000,"Shape__Length":13.897633687369646}},{"type":"Feature","id":172714,"geometry":{"type":"LineString","coordinates":[[114.16250979320122,22.327876551473977,4.2179000000032829],[114.16253145412843,22.327859668901837,4.235499999995227]]},"properties":{"OBJECTID":172714,"PedestrianRouteID":220014912,"Location":1,"FeatureType":1,"AliasNameEN":"Tai Nan Street","AliasNameTC":"大南街","CrossingFeature":null,"WeatherProof":2,"WheelchairBarrier":2,"WheelchairAccess":2,"ObstaclesType":null,"Gradient":0.0060455999999999999,"Direction":0,"PositionCertainty":1,"Enabled":1,"DataSource":1,"LevelSource":2,"StreetNameEN":"Tai Nan Street","StreetNameTC":"大南街","ST_CODE":12239,"FloorID":null,"BuildingID_1":null,"BuildingID_2":null,"SiteID":null,"TerminalID":null,"AccessTimeID":null,"CreationDate":1614441600000,"ModifiedBy":"LANDSD","LastAmendmentDate":1655049600000,"Shape__Length":2.9111722808063232}},{"type":"Feature","id":172784,"geometry":{"type":"LineString","coordinates":[[114.16391002727487,22.327945641129499,4.7583000000013271],[114.16392062856642,22.327937406983949,4.7583000000013271]]},"properties":{"OBJECTID":172784,"PedestrianRouteID":220014982,"Location":1,"FeatureType":1,"AliasNameEN":"Yu Chau Street","AliasNameTC":"汝州街","CrossingFeature":null,"WeatherProof":2,"WheelchairBarrier":2,"WheelchairAccess":2,"ObstaclesType":null,"Gradient":0,"Direction":0,"PositionCertainty":1,"Enabled":1,"DataSource":1,"LevelSource":2,"StreetNameEN":"Yu Chau Street","StreetNameTC":"汝州街","ST_CODE":12888,"FloorID":null,"BuildingID_1":null,"BuildingID_2":null,"SiteID":null,"TerminalID":null,"AccessTimeID":null,"CreationDate":1614441600000,"ModifiedBy":"LANDSD","LastAmendmentDate":1655049600000,"Shape__Length":1.422759297211551}},{"type":"Feature","id":172786,"geometry":{"type":"LineString","coordinates":[[114.16392062856642,22.327937406983949,4.7583000000013271],[114.16408103398355,22.327812817476524,4.7600999999995111]]},"properties":{"OBJECTID":172786,"PedestrianRouteID":220014984,"Location":1,"FeatureType":1,"AliasNameEN":"Yu Chau Street","AliasNameTC":"汝州街","CrossingFeature":null,"WeatherProof":1,"WheelchairBarrier":2,"WheelchairAccess":2,"ObstaclesType":null,"Gradient":8.3609999999999994e-05,"Direction":0,"PositionCertainty":1,"Enabled":1,"DataSource":1,"LevelSource":2,"StreetNameEN":"Yu Chau Street","StreetNameTC":"汝州街","ST_CODE":12888,"FloorID":null,"BuildingID_1":null,"BuildingID_2":null,"SiteID":null,"TerminalID":null,"AccessTimeID":null,"CreationDate":1614441600000,"ModifiedBy":"LANDSD","LastAmendmentDate":1655049600000,"Shape__Length":21.527465604221543}},{"type":"Feature","id":172899,"geometry":{"type":"LineString","coordinates":[[114.16231368099,22.328045465564749,4.2756999999983236],[114.16233000098994,22.328032691457494,4.2569999999977881],[114.16238459511521,22.327989959993442,4.1376000000018394]]},"properties":{"OBJECTID":172899,"PedestrianRouteID":220015097,"Location":1,"FeatureType":32,"AliasNameEN":"Nam Cheong Street Crossing","AliasNameTC":"南昌街過路處","CrossingFeature":1,"WeatherProof":2,"WheelchairBarrier":2,"WheelchairAccess":2,"ObstaclesType":null,"Gradient":0.01446367,"Direction":0,"PositionCertainty":1,"Enabled":1,"DataSource":1,"LevelSource":2,"StreetNameEN":"Nam Cheong Street","StreetNameTC":"南昌街","ST_CODE":11487,"FloorID":null,"BuildingID_1":null,"BuildingID_2":null,"SiteID":null,"TerminalID":null,"AccessTimeID":null,"CreationDate":1614441600000,"ModifiedBy":"LANDSD","LastAmendmentDate":1654272000000,"Shape__Length":9.5473967893011711}},{"type":"Feature","id":172942,"geometry":{"type":"LineString","coordinates":[[114.16335897803748,22.327865564516774,4.7796999999991385],[114.16335451835241,22.327860602742767,4.7771999999968102]]},"properties":{"OBJECTID":172942,"PedestrianRouteID":220015140,"Location":1,"FeatureType":1,"AliasNameEN":"Ki Lung Street","AliasNameTC":"基隆街","CrossingFeature":null,"WeatherProof":2,"WheelchairBarrier":2,"WheelchairAccess":2,"ObstaclesType":null,"Gradient":0.0034905000000000001,"Direction":0,"PositionCertainty":1,"Enabled":1,"DataSource":1,"LevelSource":2,"StreetNameEN":"Ki Lung Street","StreetNameTC":"基隆街","ST_CODE":10989,"FloorID":null,"BuildingID_1":null,"BuildingID_2":null,"SiteID":null,"TerminalID":null,"AccessTimeID":null,"CreationDate":1614441600000,"ModifiedBy":"LANDSD","LastAmendmentDate":1655049600000,"Shape__Length":0.71622664753433163}},{"type":"Feature","id":172943,"geometry":{"type":"LineString","coordinates":[[114.16336459656179,22.327871815051399,4.7829000000056112],[114.16335897803748,22.327865564516774,4.7796999999991385]]},"properties":{"OBJECTID":172943,"PedestrianRouteID":220015141,"Location":1,"FeatureType":1,"AliasNameEN":"Ki Lung Street","AliasNameTC":"基隆街","CrossingFeature":null,"WeatherProof":1,"WheelchairBarrier":2,"WheelchairAccess":2,"ObstaclesType":null,"Gradient":0.0035465200000000001,"Direction":0,"PositionCertainty":1,"Enabled":1,"DataSource":1,"LevelSource":2,"StreetNameEN":"Ki Lung Street","StreetNameTC":"基隆街","ST_CODE":10989,"FloorID":null,"BuildingID_1":null,"BuildingID_2":null,"SiteID":null,"TerminalID":null,"AccessTimeID":null,"CreationDate":1614441600000,"ModifiedBy":"LANDSD","LastAmendmentDate":1655049600000,"Shape__Length":0.90229020807602967}},{"type":"Feature","id":172968,"geometry":{"type":"LineString","coordinates":[[114.16339447934666,22.327869874149304,4.7698999999993248],[114.16339827198183,22.327866904304294,4.7687000000005355]]},"properties":{"OBJECTID":172968,"PedestrianRouteID":220015166,"Location":1,"FeatureType":1,"AliasNameEN":"Shek Kip Mei Street","AliasNameTC":"石硤尾街","CrossingFeature":null,"WeatherProof":2,"WheelchairBarrier":2,"WheelchairAccess":2,"ObstaclesType":null,"Gradient":0.0023496799999999998,"Direction":0,"PositionCertainty":1,"Enabled":1,"DataSource":1,"LevelSource":2,"StreetNameEN":"Shek Kip Mei Street","StreetNameTC":"石硤尾街","ST_CODE":11995,"FloorID":null,"BuildingID_1":null,"BuildingID_2":null,"SiteID":null,"TerminalID":null,"AccessTimeID":null,"CreationDate":1614441600000,"ModifiedBy":"LANDSD","LastAmendmentDate":1655049600000,"Shape__Length":0.51070705920052073}},{"type":"Feature","id":172969,"geometry":{"type":"LineString","coordinates":[[114.16338673390571,22.327875939350911,4.7722000000067055],[114.16339447934666,22.327869874149304,4.7698999999993248]]},"properties":{"OBJECTID":172969,"PedestrianRouteID":220015167,"Location":1,"FeatureType":1,"AliasNameEN":"Shek Kip Mei Street","AliasNameTC":"石硤尾街","CrossingFeature":null,"WeatherProof":1,"WheelchairBarrier":2,"WheelchairAccess":2,"ObstaclesType":null,"Gradient":0.0022052,"Direction":0,"PositionCertainty":1,"Enabled":1,"DataSource":1,"LevelSource":2,"StreetNameEN":"Shek Kip Mei Street","StreetNameTC":"石硤尾街","ST_CODE":11995,"FloorID":null,"BuildingID_1":null,"BuildingID_2":null,"SiteID":null,"TerminalID":null,"AccessTimeID":null,"CreationDate":1614441600000,"ModifiedBy":"LANDSD","LastAmendmentDate":1655049600000,"Shape__Length":1.0429886375092272}},{"type":"Feature","id":172976,"geometry":{"type":"LineString","coordinates":[[114.16239746944535,22.327947201321791,4.1328000000066822],[114.16239427441263,22.327943636665484,4.1003000000055181]]},"properties":{"OBJECTID":172976,"PedestrianRouteID":220015174,"Location":1,"FeatureType":1,"AliasNameEN":"Tai Nan Street","AliasNameTC":"大南街","CrossingFeature":null,"WeatherProof":2,"WheelchairBarrier":2,"WheelchairAccess":2,"ObstaclesType":null,"Gradient":0.0025293500000000001,"Direction":0,"PositionCertainty":1,"Enabled":1,"DataSource":1,"LevelSource":2,"StreetNameEN":"Tai Nan Street","StreetNameTC":"大南街","ST_CODE":12239,"FloorID":null,"BuildingID_1":null,"BuildingID_2":null,"SiteID":null,"TerminalID":null,"AccessTimeID":null,"CreationDate":1614441600000,"ModifiedBy":"LANDSD","LastAmendmentDate":1730649600000,"Shape__Length":0.51396568928951858}},{"type":"Feature","id":172977,"geometry":{"type":"LineString","coordinates":[[114.16240638486885,22.327957145692228,4.1365999999979977],[114.16239746944535,22.327947201321791,4.1328000000066822]]},"properties":{"OBJECTID":172977,"PedestrianRouteID":220015175,"Location":1,"FeatureType":1,"AliasNameEN":"Tai Nan Street","AliasNameTC":"大南街","CrossingFeature":null,"WeatherProof":1,"WheelchairBarrier":2,"WheelchairAccess":2,"ObstaclesType":null,"Gradient":0.0026499900000000001,"Direction":0,"PositionCertainty":1,"Enabled":1,"DataSource":1,"LevelSource":2,"StreetNameEN":"Tai Nan Street","StreetNameTC":"大南街","ST_CODE":12239,"FloorID":null,"BuildingID_1":null,"BuildingID_2":null,"SiteID":null,"TerminalID":null,"AccessTimeID":null,"CreationDate":1614441600000,"ModifiedBy":"LANDSD","LastAmendmentDate":1655049600000,"Shape__Length":1.4339620531857991}},{"type":"Feature","id":173010,"geometry":{"type":"LineString","coordinates":[[114.162398138802,22.327979359293501,4.1083999999973457],[114.16238977464074,22.327970091362541,4.1272999999928288]]},"properties":{"OBJECTID":173010,"PedestrianRouteID":220015208,"Location":1,"FeatureType":1,"AliasNameEN":"Nam Cheong Street","AliasNameTC":"南昌街","CrossingFeature":null,"WeatherProof":1,"WheelchairBarrier":2,"WheelchairAccess":2,"ObstaclesType":null,"Gradient":0.01410281,"Direction":0,"PositionCertainty":1,"Enabled":1,"DataSource":1,"LevelSource":2,"StreetNameEN":"Nam Cheong Street","StreetNameTC":"南昌街","ST_CODE":11487,"FloorID":null,"BuildingID_1":null,"BuildingID_2":null,"SiteID":null,"TerminalID":null,"AccessTimeID":null,"CreationDate":1614441600000,"ModifiedBy":"LANDSD","LastAmendmentDate":1655049600000,"Shape__Length":1.3400692819876809}},{"type":"Feature","id":173041,"geometry":{"type":"LineString","coordinates":[[114.16043303763655,22.327920598235295,4.0786999999982072],[114.16042136992409,22.327907675190932,4.0786999999982072]]},"properties":{"OBJECTID":173041,"PedestrianRouteID":220015239,"Location":1,"FeatureType":1,"AliasNameEN":"Yee Kuk Street","AliasNameTC":"醫局街","CrossingFeature":null,"WeatherProof":2,"WheelchairBarrier":2,"WheelchairAccess":2,"ObstaclesType":null,"Gradient":0,"Direction":0,"PositionCertainty":1,"Enabled":1,"DataSource":1,"LevelSource":2,"StreetNameEN":"Yee Kuk Street","StreetNameTC":"醫局街","ST_CODE":12844,"FloorID":null,"BuildingID_1":null,"BuildingID_2":null,"SiteID":null,"TerminalID":null,"AccessTimeID":null,"CreationDate":1614441600000,"ModifiedBy":"LANDSD","LastAmendmentDate":1655049600000,"Shape__Length":1.8688926268037813}},{"type":"Feature","id":173042,"geometry":{"type":"LineString","coordinates":[[114.16069107236015,22.327992698132036,4.107399999993504],[114.16070229026926,22.327983954933522,4.1113999999943189]]},"properties":{"OBJECTID":173042,"PedestrianRouteID":220015240,"Location":1,"FeatureType":1,"AliasNameEN":"Pei Ho Street","AliasNameTC":"北河街","CrossingFeature":null,"WeatherProof":2,"WheelchairBarrier":2,"WheelchairAccess":2,"ObstaclesType":null,"Gradient":0.0026531200000000001,"Direction":0,"PositionCertainty":1,"Enabled":1,"DataSource":1,"LevelSource":2,"StreetNameEN":"Pei Ho Street","StreetNameTC":"北河街","ST_CODE":11675,"FloorID":null,"BuildingID_1":null,"BuildingID_2":null,"SiteID":null,"TerminalID":null,"AccessTimeID":null,"CreationDate":1614441600000,"ModifiedBy":"LANDSD","LastAmendmentDate":1655049600000,"Shape__Length":1.5076525627863648}},{"type":"Feature","id":173065,"geometry":{"type":"LineString","coordinates":[[114.16163581915575,22.327882980245803,3.9965999999985797],[114.1616264369582,22.32787255716817,3.9909000000043306]]},"properties":{"OBJECTID":173065,"PedestrianRouteID":220015263,"Location":1,"FeatureType":1,"AliasNameEN":"Lai Chi Kok Road","AliasNameTC":"荔枝角道","CrossingFeature":null,"WeatherProof":2,"WheelchairBarrier":2,"WheelchairAccess":2,"ObstaclesType":null,"Gradient":0.0037861599999999998,"Direction":0,"PositionCertainty":1,"Enabled":1,"DataSource":1,"LevelSource":2,"StreetNameEN":"Lai Chi Kok Road","StreetNameTC":"荔枝角道","ST_CODE":11149,"FloorID":null,"BuildingID_1":null,"BuildingID_2":null,"SiteID":null,"TerminalID":null,"AccessTimeID":null,"CreationDate":1614441600000,"ModifiedBy":"LANDSD","LastAmendmentDate":1655049600000,"Shape__Length":1.5054752396543043}},{"type":"Feature","id":173066,"geometry":{"type":"LineString","coordinates":[[114.16231057179381,22.327850268294672,4.0963000000047032],[114.16229396254441,22.327863173317823,4.0929000000032829]]},"properties":{"OBJECTID":173066,"PedestrianRouteID":220015264,"Location":1,"FeatureType":1,"AliasNameEN":"Nam Cheong Street","AliasNameTC":"南昌街","CrossingFeature":null,"WeatherProof":2,"WheelchairBarrier":2,"WheelchairAccess":2,"ObstaclesType":null,"Gradient":0.00152509,"Direction":0,"PositionCertainty":1,"Enabled":1,"DataSource":1,"LevelSource":2,"StreetNameEN":"Nam Cheong Street","StreetNameTC":"南昌街","ST_CODE":11487,"FloorID":null,"BuildingID_1":null,"BuildingID_2":null,"SiteID":null,"TerminalID":null,"AccessTimeID":null,"CreationDate":1614441600000,"ModifiedBy":"LANDSD","LastAmendmentDate":1655049600000,"Shape__Length":2.2293796544030107}},{"type":"Feature","id":173067,"geometry":{"type":"LineString","coordinates":[[114.16238977464074,22.327970091362541,4.1272999999928288],[114.16240638486885,22.327957145692228,4.1365999999979977]]},"properties":{"OBJECTID":173067,"PedestrianRouteID":220015265,"Location":1,"FeatureType":1,"AliasNameEN":"Nam Cheong Street","AliasNameTC":"南昌街","CrossingFeature":null,"WeatherProof":1,"WheelchairBarrier":2,"WheelchairAccess":2,"ObstaclesType":null,"Gradient":0.0041660000000000004,"Direction":0,"PositionCertainty":1,"Enabled":1,"DataSource":1,"LevelSource":2,"StreetNameEN":"Nam Cheong Street","StreetNameTC":"南昌街","ST_CODE":11487,"FloorID":null,"BuildingID_1":null,"BuildingID_2":null,"SiteID":null,"TerminalID":null,"AccessTimeID":null,"CreationDate":1614441600000,"ModifiedBy":"LANDSD","LastAmendmentDate":1655049600000,"Shape__Length":2.2323438131670232}},{"type":"Feature","id":173083,"geometry":{"type":"LineString","coordinates":[[114.16391002727487,22.327945641129499,4.7583000000013271],[114.16390089337263,22.32793542861592,4.7611999999935506]]},"properties":{"OBJECTID":173083,"PedestrianRouteID":220015281,"Location":1,"FeatureType":1,"AliasNameEN":"Yu Chau Street","AliasNameTC":"汝州街","CrossingFeature":null,"WeatherProof":2,"WheelchairBarrier":2,"WheelchairAccess":2,"ObstaclesType":null,"Gradient":0.0019712000000000002,"Direction":0,"PositionCertainty":1,"Enabled":1,"DataSource":1,"LevelSource":2,"StreetNameEN":"Yu Chau Street","StreetNameTC":"汝州街","ST_CODE":12888,"FloorID":null,"BuildingID_1":null,"BuildingID_2":null,"SiteID":null,"TerminalID":null,"AccessTimeID":null,"CreationDate":1614441600000,"ModifiedBy":"LANDSD","LastAmendmentDate":1655049600000,"Shape__Length":1.4711824664330784}},{"type":"Feature","id":173101,"geometry":{"type":"LineString","coordinates":[[114.16362382500506,22.327919736407527,4.7636999999958789],[114.16363529220055,22.327910819638952,4.7663999999931548]]},"properties":{"OBJECTID":173101,"PedestrianRouteID":220015299,"Location":1,"FeatureType":1,"AliasNameEN":"Shek Kip Mei Street","AliasNameTC":"石硤尾街","CrossingFeature":null,"WeatherProof":2,"WheelchairBarrier":2,"WheelchairAccess":2,"ObstaclesType":null,"Gradient":0.0017536100000000001,"Direction":0,"PositionCertainty":1,"Enabled":1,"DataSource":1,"LevelSource":2,"StreetNameEN":"Shek Kip Mei Street","StreetNameTC":"石硤尾街","ST_CODE":11995,"FloorID":null,"BuildingID_1":null,"BuildingID_2":null,"SiteID":null,"TerminalID":null,"AccessTimeID":null,"CreationDate":1614441600000,"ModifiedBy":"LANDSD","LastAmendmentDate":1655049600000,"Shape__Length":1.5396837137776809}},{"type":"Feature","id":173102,"geometry":{"type":"LineString","coordinates":[[114.1635020728277,22.328020958393594,4.7388000000064494],[114.16351207327308,22.328013139632322,4.7547999999951571]]},"properties":{"OBJECTID":173102,"PedestrianRouteID":220015300,"Location":1,"FeatureType":1,"AliasNameEN":"Shek Kip Mei Street","AliasNameTC":"石硤尾街","CrossingFeature":null,"WeatherProof":2,"WheelchairBarrier":2,"WheelchairAccess":2,"ObstaclesType":null,"Gradient":0.011888549999999999,"Direction":0,"PositionCertainty":1,"Enabled":1,"DataSource":1,"LevelSource":2,"StreetNameEN":"Shek Kip Mei Street","StreetNameTC":"石硤尾街","ST_CODE":11995,"FloorID":null,"BuildingID_1":null,"BuildingID_2":null,"SiteID":null,"TerminalID":null,"AccessTimeID":null,"CreationDate":1614441600000,"ModifiedBy":"LANDSD","LastAmendmentDate":1655049600000,"Shape__Length":1.345769241290057}},{"type":"Feature","id":173109,"geometry":{"type":"LineString","coordinates":[[114.1606487290622,22.327945312238967,4.0905000000057044],[114.16069107236015,22.327992698132036,4.107399999993504]]},"properties":{"OBJECTID":173109,"PedestrianRouteID":220015307,"Location":1,"FeatureType":1,"AliasNameEN":"Pei Ho Street","AliasNameTC":"北河街","CrossingFeature":null,"WeatherProof":2,"WheelchairBarrier":2,"WheelchairAccess":2,"ObstaclesType":null,"Gradient":0.0024766300000000001,"Direction":0,"PositionCertainty":1,"Enabled":1,"DataSource":1,"LevelSource":2,"StreetNameEN":"Pei Ho Street","StreetNameTC":"北河街","ST_CODE":11675,"FloorID":null,"BuildingID_1":null,"BuildingID_2":null,"SiteID":null,"TerminalID":null,"AccessTimeID":null,"CreationDate":1614441600000,"ModifiedBy":"LANDSD","LastAmendmentDate":1655049600000,"Shape__Length":6.8237677751354608}},{"type":"Feature","id":173110,"geometry":{"type":"LineString","coordinates":[[114.16061108801112,22.327903188023825,4.0755000000062864],[114.1606487290622,22.327945312238967,4.0905000000057044]]},"properties":{"OBJECTID":173110,"PedestrianRouteID":220015308,"Location":1,"FeatureType":7,"AliasNameEN":"Pei Ho Street RunIn","AliasNameTC":"北河街車輛出入口","CrossingFeature":null,"WeatherProof":2,"WheelchairBarrier":2,"WheelchairAccess":2,"ObstaclesType":null,"Gradient":0.0024727799999999999,"Direction":0,"PositionCertainty":1,"Enabled":1,"DataSource":1,"LevelSource":2,"StreetNameEN":"Pei Ho Street","StreetNameTC":"北河街","ST_CODE":11675,"FloorID":null,"BuildingID_1":null,"BuildingID_2":null,"SiteID":null,"TerminalID":null,"AccessTimeID":null,"CreationDate":1614441600000,"ModifiedBy":"LANDSD","LastAmendmentDate":1655049600000,"Shape__Length":6.0660323278796122}},{"type":"Feature","id":173161,"geometry":{"type":"LineString","coordinates":[[114.15958690650243,22.329703868285787,4.033899999994901],[114.15942607946621,22.329828628461666,3.9731000000028871]]},"properties":{"OBJECTID":173161,"PedestrianRouteID":220015542,"Location":1,"FeatureType":5,"AliasNameEN":"Lane between   and  ","AliasNameTC":" 與昌利大厦之間的小巷","CrossingFeature":null,"WeatherProof":2,"WheelchairBarrier":2,"WheelchairAccess":2,"ObstaclesType":null,"Gradient":0.0028183599999999998,"Direction":0,"PositionCertainty":1,"Enabled":1,"DataSource":1,"LevelSource":2,"StreetNameEN":null,"StreetNameTC":null,"ST_CODE":801667,"FloorID":null,"BuildingID_1":null,"BuildingID_2":1109609235,"SiteID":null,"TerminalID":null,"AccessTimeID":null,"CreationDate":1614441600000,"ModifiedBy":"LANDSD","LastAmendmentDate":1689523200000,"Shape__Length":21.572756389094348}},{"type":"Feature","id":173178,"geometry":{"type":"LineString","coordinates":[[114.1609681665022,22.329933634488921,4.3374000000039814],[114.16099044833074,22.329958493346243,4.3319999999948777]]},"properties":{"OBJECTID":173178,"PedestrianRouteID":220015559,"Location":1,"FeatureType":1,"AliasNameEN":"Kweilin Street","AliasNameTC":"桂林街","CrossingFeature":null,"WeatherProof":2,"WheelchairBarrier":2,"WheelchairAccess":2,"ObstaclesType":null,"Gradient":0.00150658,"Direction":0,"PositionCertainty":1,"Enabled":1,"DataSource":1,"LevelSource":2,"StreetNameEN":"Kweilin Street","StreetNameTC":"桂林街","ST_CODE":11114,"FloorID":null,"BuildingID_1":null,"BuildingID_2":null,"SiteID":null,"TerminalID":null,"AccessTimeID":null,"CreationDate":1614441600000,"ModifiedBy":"LANDSD","LastAmendmentDate":1655481600000,"Shape__Length":3.5842647635291986}},{"type":"Feature","id":173189,"geometry":{"type":"LineString","coordinates":[[114.16113317711275,22.328479135143727,4.1880999999993946],[114.1611539537098,22.328499846089862,4.1880999999993946]]},"properties":{"OBJECTID":173189,"PedestrianRouteID":220015571,"Location":1,"FeatureType":1,"AliasNameEN":"Pei Ho Street","AliasNameTC":"北河街","CrossingFeature":null,"WeatherProof":2,"WheelchairBarrier":2,"WheelchairAccess":2,"ObstaclesType":null,"Gradient":0,"Direction":0,"PositionCertainty":1,"Enabled":1,"DataSource":1,"LevelSource":2,"StreetNameEN":"Pei Ho Street","StreetNameTC":"北河街","ST_CODE":11675,"FloorID":null,"BuildingID_1":null,"BuildingID_2":null,"SiteID":null,"TerminalID":null,"AccessTimeID":null,"CreationDate":1614441600000,"ModifiedBy":"LANDSD","LastAmendmentDate":1655481600000,"Shape__Length":3.1370946310332082}},{"type":"Feature","id":173190,"geometry":{"type":"LineString","coordinates":[[114.16108528041698,22.328431390315266,4.1855000000068685],[114.16113317711275,22.328479135143727,4.1880999999993946]]},"properties":{"OBJECTID":173190,"PedestrianRouteID":220015572,"Location":1,"FeatureType":1,"AliasNameEN":"Pei Ho Street","AliasNameTC":"北河街","CrossingFeature":null,"WeatherProof":1,"WheelchairBarrier":2,"WheelchairAccess":2,"ObstaclesType":null,"Gradient":0.00035952,"Direction":0,"PositionCertainty":1,"Enabled":1,"DataSource":1,"LevelSource":2,"StreetNameEN":"Pei Ho Street","StreetNameTC":"北河街","ST_CODE":11675,"FloorID":null,"BuildingID_1":null,"BuildingID_2":null,"SiteID":null,"TerminalID":null,"AccessTimeID":null,"CreationDate":1614441600000,"ModifiedBy":"LANDSD","LastAmendmentDate":1655481600000,"Shape__Length":7.2319642746054518}},{"type":"Feature","id":173194,"geometry":{"type":"LineString","coordinates":[[114.16309638667849,22.330889191227946,5.5969999999942956],[114.16310776177801,22.330901735669102,5.5858000000007451]]},"properties":{"OBJECTID":173194,"PedestrianRouteID":220015576,"Location":1,"FeatureType":1,"AliasNameEN":"Pei Ho Street","AliasNameTC":"北河街","CrossingFeature":null,"WeatherProof":2,"WheelchairBarrier":2,"WheelchairAccess":2,"ObstaclesType":null,"Gradient":0.0061626099999999998,"Direction":0,"PositionCertainty":1,"Enabled":1,"DataSource":1,"LevelSource":2,"StreetNameEN":"Pei Ho Street","StreetNameTC":"北河街","ST_CODE":11675,"FloorID":null,"BuildingID_1":null,"BuildingID_2":null,"SiteID":null,"TerminalID":null,"AccessTimeID":null,"CreationDate":1614441600000,"ModifiedBy":"LANDSD","LastAmendmentDate":1655481600000,"Shape__Length":1.8173896099727214}},{"type":"Feature","id":173195,"geometry":{"type":"LineString","coordinates":[[114.16322235677721,22.330813197770489,5.610499999995227],[114.16320965182905,22.330800857316603,5.5010999999940395]]},"properties":{"OBJECTID":173195,"PedestrianRouteID":220015577,"Location":1,"FeatureType":1,"AliasNameEN":"Pei Ho Street","AliasNameTC":"北河街","CrossingFeature":null,"WeatherProof":2,"WheelchairBarrier":2,"WheelchairAccess":2,"ObstaclesType":null,"Gradient":0.045259580000000001,"Direction":0,"PositionCertainty":1,"Enabled":1,"DataSource":1,"LevelSource":2,"StreetNameEN":"Pei Ho Street","StreetNameTC":"北河街","ST_CODE":11675,"FloorID":null,"BuildingID_1":null,"BuildingID_2":null,"SiteID":null,"TerminalID":null,"AccessTimeID":null,"CreationDate":1614441600000,"ModifiedBy":"LANDSD","LastAmendmentDate":1689177600000,"Shape__Length":1.8922288333338328}},{"type":"Feature","id":173196,"geometry":{"type":"LineString","coordinates":[[114.16329240086036,22.330892454213721,5.3999000000039814],[114.16325799458133,22.330919293836416,5.53519999999844]]},"properties":{"OBJECTID":173196,"PedestrianRouteID":220015578,"Location":1,"FeatureType":1,"AliasNameEN":"Pei Ho Street","AliasNameTC":"北河街","CrossingFeature":null,"WeatherProof":2,"WheelchairBarrier":2,"WheelchairAccess":2,"ObstaclesType":null,"Gradient":0.02924121,"Direction":0,"PositionCertainty":1,"Enabled":1,"DataSource":1,"LevelSource":12,"StreetNameEN":"Pei Ho Street","StreetNameTC":"北河街","ST_CODE":11675,"FloorID":null,"BuildingID_1":null,"BuildingID_2":null,"SiteID":null,"TerminalID":null,"AccessTimeID":null,"CreationDate":1614441600000,"ModifiedBy":"LANDSD","LastAmendmentDate":1689004800000,"Shape__Length":4.6257133777607677}},{"type":"Feature","id":173197,"geometry":{"type":"LineString","coordinates":[[114.16328862632282,22.330888074066372,5.3779999999969732],[114.16329240086036,22.330892454213721,5.3999000000039814]]},"properties":{"OBJECTID":173197,"PedestrianRouteID":220015579,"Location":1,"FeatureType":1,"AliasNameEN":"Pei Ho Street","AliasNameTC":"北河街","CrossingFeature":null,"WeatherProof":1,"WheelchairBarrier":2,"WheelchairAccess":2,"ObstaclesType":null,"Gradient":0.01077708,"Direction":0,"PositionCertainty":1,"Enabled":1,"DataSource":1,"LevelSource":2,"StreetNameEN":"Pei Ho Street","StreetNameTC":"北河街","ST_CODE":11675,"FloorID":null,"BuildingID_1":null,"BuildingID_2":null,"SiteID":null,"TerminalID":null,"AccessTimeID":null,"CreationDate":1614441600000,"ModifiedBy":"LANDSD","LastAmendmentDate":1689004800000,"Shape__Length":0.62166567372670334}},{"type":"Feature","id":173198,"geometry":{"type":"LineString","coordinates":[[114.16338547402985,22.330812823069177,5.5056000000040513],[114.16334359497623,22.330845363999394,5.4199999999982538]]},"properties":{"OBJECTID":173198,"PedestrianRouteID":220015580,"Location":1,"FeatureType":1,"AliasNameEN":"Fuk Wa Street","AliasNameTC":"福華街","CrossingFeature":null,"WeatherProof":2,"WheelchairBarrier":2,"WheelchairAccess":2,"ObstaclesType":null,"Gradient":0.00039136999999999999,"Direction":0,"PositionCertainty":1,"Enabled":1,"DataSource":1,"LevelSource":2,"StreetNameEN":"Fuk Wa Street","StreetNameTC":"福華街","ST_CODE":10560,"FloorID":null,"BuildingID_1":null,"BuildingID_2":null,"SiteID":null,"TerminalID":null,"AccessTimeID":null,"CreationDate":1614441600000,"ModifiedBy":"LANDSD","LastAmendmentDate":1689004800000,"Shape__Length":5.6212839495723657}},{"type":"Feature","id":173199,"geometry":{"type":"LineString","coordinates":[[114.16223825164194,22.329926933916646,4.2813000000023749],[114.16223425022457,22.329929980474869,4.3021000000007916]]},"properties":{"OBJECTID":173199,"PedestrianRouteID":220015581,"Location":1,"FeatureType":1,"AliasNameEN":"Pei Ho Street","AliasNameTC":"北河街","CrossingFeature":null,"WeatherProof":2,"WheelchairBarrier":2,"WheelchairAccess":2,"ObstaclesType":null,"Gradient":0.039028029999999998,"Direction":0,"PositionCertainty":1,"Enabled":1,"DataSource":1,"LevelSource":12,"StreetNameEN":"Pei Ho Street","StreetNameTC":"北河街","ST_CODE":11675,"FloorID":null,"BuildingID_1":null,"BuildingID_2":null,"SiteID":null,"TerminalID":null,"AccessTimeID":null,"CreationDate":1614441600000,"ModifiedBy":"LANDSD","LastAmendmentDate":1689004800000,"Shape__Length":0.53267963960933906}},{"type":"Feature","id":173207,"geometry":{"type":"LineString","coordinates":[[114.1624201727501,22.331560320519714,5.0323999999964144],[114.16243787988441,22.331579515689377,5.091100000005099]]},"properties":{"OBJECTID":173207,"PedestrianRouteID":220015589,"Location":1,"FeatureType":1,"AliasNameEN":"Fuk Wa Street","AliasNameTC":"福華街","CrossingFeature":null,"WeatherProof":1,"WheelchairBarrier":2,"WheelchairAccess":2,"ObstaclesType":null,"Gradient":0.02095352,"Direction":0,"PositionCertainty":1,"Enabled":1,"DataSource":1,"LevelSource":12,"StreetNameEN":"Fuk Wa Street","StreetNameTC":"福華街","ST_CODE":10560,"FloorID":null,"BuildingID_1":null,"BuildingID_2":null,"SiteID":null,"TerminalID":null,"AccessTimeID":null,"CreationDate":1614441600000,"ModifiedBy":"LANDSD","LastAmendmentDate":1689004800000,"Shape__Length":2.8010284750626946}},{"type":"Feature","id":173208,"geometry":{"type":"LineString","coordinates":[[114.15957078044964,22.329967019550072,4.0112999999983003],[114.15955877502665,22.329976342347479,3.9780999999929918]]},"properties":{"OBJECTID":173208,"PedestrianRouteID":220015590,"Location":1,"FeatureType":1,"AliasNameEN":"Yen Chow Street","AliasNameTC":"欽州街","CrossingFeature":null,"WeatherProof":2,"WheelchairBarrier":2,"WheelchairAccess":2,"ObstaclesType":null,"Gradient":0.02060476,"Direction":0,"PositionCertainty":1,"Enabled":1,"DataSource":1,"LevelSource":2,"StreetNameEN":"Yen Chow Street","StreetNameTC":"欽州街","ST_CODE":12852,"FloorID":null,"BuildingID_1":null,"BuildingID_2":null,"SiteID":null,"TerminalID":null,"AccessTimeID":null,"CreationDate":1614441600000,"ModifiedBy":"LANDSD","LastAmendmentDate":1655481600000,"Shape__Length":1.6110503226099941}},{"type":"Feature","id":173210,"geometry":{"type":"LineString","coordinates":[[114.16076215736609,22.329704986937251,4.283899999994901],[114.16075707366066,22.329699276395743,4.250899999999092]]},"properties":{"OBJECTID":173210,"PedestrianRouteID":220015592,"Location":1,"FeatureType":1,"AliasNameEN":"Kweilin Street","AliasNameTC":"桂林街","CrossingFeature":null,"WeatherProof":2,"WheelchairBarrier":2,"WheelchairAccess":2,"ObstaclesType":null,"Gradient":0.040169429999999999,"Direction":0,"PositionCertainty":1,"Enabled":1,"DataSource":1,"LevelSource":2,"StreetNameEN":"Kweilin Street","StreetNameTC":"桂林街","ST_CODE":11114,"FloorID":null,"BuildingID_1":null,"BuildingID_2":null,"SiteID":null,"TerminalID":null,"AccessTimeID":null,"CreationDate":1614441600000,"ModifiedBy":"LANDSD","LastAmendmentDate":1655481600000,"Shape__Length":0.82107839395851068}},{"type":"Feature","id":173211,"geometry":{"type":"LineString","coordinates":[[114.16075013237604,22.329911309271285,4.3184999999939464],[114.16074320655804,22.32990363529807,4.3601000000053318]]},"properties":{"OBJECTID":173211,"PedestrianRouteID":220015593,"Location":1,"FeatureType":1,"AliasNameEN":"Kweilin Street","AliasNameTC":"桂林街","CrossingFeature":null,"WeatherProof":1,"WheelchairBarrier":2,"WheelchairAccess":2,"ObstaclesType":null,"Gradient":0.0037851299999999998,"Direction":0,"PositionCertainty":1,"Enabled":1,"DataSource":1,"LevelSource":2,"StreetNameEN":"Kweilin Street","StreetNameTC":"桂林街","ST_CODE":11114,"FloorID":null,"BuildingID_1":null,"BuildingID_2":null,"SiteID":null,"TerminalID":null,"AccessTimeID":null,"CreationDate":1614441600000,"ModifiedBy":"LANDSD","LastAmendmentDate":1689004800000,"Shape__Length":1.1096013020121034}},{"type":"Feature","id":173212,"geometry":{"type":"LineString","coordinates":[[114.16028300681045,22.329413946256036,4.1290000000008149],[114.16029649350902,22.329403473962174,4.1555999999982305]]},"properties":{"OBJECTID":173212,"PedestrianRouteID":220015594,"Location":1,"FeatureType":1,"AliasNameEN":"Kweilin Street","AliasNameTC":"桂林街","CrossingFeature":null,"WeatherProof":1,"WheelchairBarrier":2,"WheelchairAccess":2,"ObstaclesType":null,"Gradient":0.014696890000000001,"Direction":0,"PositionCertainty":1,"Enabled":1,"DataSource":1,"LevelSource":2,"StreetNameEN":"Kweilin Street","StreetNameTC":"桂林街","ST_CODE":11114,"FloorID":null,"BuildingID_1":null,"BuildingID_2":null,"SiteID":null,"TerminalID":null,"AccessTimeID":null,"CreationDate":1614441600000,"ModifiedBy":"LANDSD","LastAmendmentDate":1655481600000,"Shape__Length":1.8097763759421825}},{"type":"Feature","id":173213,"geometry":{"type":"LineString","coordinates":[[114.16039458181356,22.329514695567642,4.1913999999960652],[114.16038065828512,22.329525392686698,4.174299999998766]]},"properties":{"OBJECTID":173213,"PedestrianRouteID":220015595,"Location":1,"FeatureType":1,"AliasNameEN":"Kweilin Street","AliasNameTC":"桂林街","CrossingFeature":null,"WeatherProof":1,"WheelchairBarrier":2,"WheelchairAccess":2,"ObstaclesType":null,"Gradient":0.00919179,"Direction":0,"PositionCertainty":1,"Enabled":1,"DataSource":1,"LevelSource":2,"StreetNameEN":"Kweilin Street","StreetNameTC":"桂林街","ST_CODE":11114,"FloorID":null,"BuildingID_1":null,"BuildingID_2":null,"SiteID":null,"TerminalID":null,"AccessTimeID":null,"CreationDate":1614441600000,"ModifiedBy":"LANDSD","LastAmendmentDate":1655481600000,"Shape__Length":1.8603038957866052}},{"type":"Feature","id":173214,"geometry":{"type":"LineString","coordinates":[[114.16050921974427,22.329420868558241,4.2839999999996508],[114.1605261768737,22.329407679292263,4.3034000000043306]]},"properties":{"OBJECTID":173214,"PedestrianRouteID":220015596,"Location":1,"FeatureType":1,"AliasNameEN":"Kweilin Street","AliasNameTC":"桂林街","CrossingFeature":null,"WeatherProof":2,"WheelchairBarrier":2,"WheelchairAccess":2,"ObstaclesType":null,"Gradient":0.0085195900000000005,"Direction":0,"PositionCertainty":1,"Enabled":1,"DataSource":1,"LevelSource":12,"StreetNameEN":"Kweilin Street","StreetNameTC":"桂林街","ST_CODE":11114,"FloorID":null,"BuildingID_1":null,"BuildingID_2":null,"SiteID":null,"TerminalID":null,"AccessTimeID":null,"CreationDate":1614441600000,"ModifiedBy":"LANDSD","LastAmendmentDate":1732636800000,"Shape__Length":2.2770495672823485}},{"type":"Feature","id":173215,"geometry":{"type":"LineString","coordinates":[[114.16125740879346,22.328838897594384,4.2036999999982072],[114.1612674529368,22.328850068488038,4.2032999999937601]]},"properties":{"OBJECTID":173215,"PedestrianRouteID":220015597,"Location":1,"FeatureType":1,"AliasNameEN":"Pei Ho Street","AliasNameTC":"北河街","CrossingFeature":null,"WeatherProof":2,"WheelchairBarrier":2,"WheelchairAccess":2,"ObstaclesType":null,"Gradient":0.00024802,"Direction":0,"PositionCertainty":1,"Enabled":1,"DataSource":1,"LevelSource":2,"StreetNameEN":"Pei Ho Street","StreetNameTC":"北河街","ST_CODE":11675,"FloorID":null,"BuildingID_1":null,"BuildingID_2":null,"SiteID":null,"TerminalID":null,"AccessTimeID":null,"CreationDate":1614441600000,"ModifiedBy":"LANDSD","LastAmendmentDate":1708963200000,"Shape__Length":1.6127428872627947}},{"type":"Feature","id":173216,"geometry":{"type":"LineString","coordinates":[[114.16129813449081,22.328649391088994,4.2541999999957625],[114.16129223430694,22.328653971738706,4.2416999999986729]]},"properties":{"OBJECTID":173216,"PedestrianRouteID":220015598,"Location":1,"FeatureType":1,"AliasNameEN":"Pei Ho Street","AliasNameTC":"北河街","CrossingFeature":null,"WeatherProof":2,"WheelchairBarrier":2,"WheelchairAccess":2,"ObstaclesType":null,"Gradient":0.015787679999999998,"Direction":0,"PositionCertainty":1,"Enabled":1,"DataSource":1,"LevelSource":2,"StreetNameEN":"Pei Ho Street","StreetNameTC":"北河街","ST_CODE":11675,"FloorID":null,"BuildingID_1":null,"BuildingID_2":null,"SiteID":null,"TerminalID":null,"AccessTimeID":null,"CreationDate":1614441600000,"ModifiedBy":"LANDSD","LastAmendmentDate":1655481600000,"Shape__Length":0.79169067890757305}},{"type":"Feature","id":173217,"geometry":{"type":"LineString","coordinates":[[114.16090128759699,22.328435464095651,4.1472999999969034],[114.16088839222104,22.328445471424203,4.1472999999969034]]},"properties":{"OBJECTID":173217,"PedestrianRouteID":220015599,"Location":1,"FeatureType":1,"AliasNameEN":"Lai Chi Kok Road","AliasNameTC":"荔枝角道","CrossingFeature":null,"WeatherProof":2,"WheelchairBarrier":2,"WheelchairAccess":2,"ObstaclesType":null,"Gradient":0,"Direction":0,"PositionCertainty":1,"Enabled":1,"DataSource":1,"LevelSource":2,"StreetNameEN":"Lai Chi Kok Road","StreetNameTC":"荔枝角道","ST_CODE":11149,"FloorID":null,"BuildingID_1":null,"BuildingID_2":null,"SiteID":null,"TerminalID":null,"AccessTimeID":null,"CreationDate":1614441600000,"ModifiedBy":"LANDSD","LastAmendmentDate":1655481600000,"Shape__Length":1.7300218053014718}},{"type":"Feature","id":173255,"geometry":{"type":"LineString","coordinates":[[114.16187396838384,22.332554866619645,5.5056999999942491],[114.16190235267007,22.332532842750016,5.4747000000061234]]},"properties":{"OBJECTID":173255,"PedestrianRouteID":220015637,"Location":1,"FeatureType":1,"AliasNameEN":"Fuk Wing Street","AliasNameTC":"福榮街","CrossingFeature":null,"WeatherProof":2,"WheelchairBarrier":2,"WheelchairAccess":2,"ObstaclesType":null,"Gradient":0.0081412700000000008,"Direction":0,"PositionCertainty":1,"Enabled":1,"DataSource":1,"LevelSource":2,"StreetNameEN":"Fuk Wing Street","StreetNameTC":"福榮街","ST_CODE":10562,"FloorID":null,"BuildingID_1":null,"BuildingID_2":null,"SiteID":null,"TerminalID":null,"AccessTimeID":null,"CreationDate":1614441600000,"ModifiedBy":"LANDSD","LastAmendmentDate":1655481600000,"Shape__Length":3.8076764587833831}},{"type":"Feature","id":173309,"geometry":{"type":"LineString","coordinates":[[114.1596531235479,22.330084328337549,4.0666999999957625],[114.15966618223838,22.33007429584104,4.0820999999996275]]},"properties":{"OBJECTID":173309,"PedestrianRouteID":220015694,"Location":1,"FeatureType":1,"AliasNameEN":"Yen Chow Street","AliasNameTC":"欽州街","CrossingFeature":null,"WeatherProof":1,"WheelchairBarrier":2,"WheelchairAccess":2,"ObstaclesType":null,"Gradient":0.0088263200000000003,"Direction":0,"PositionCertainty":1,"Enabled":1,"DataSource":1,"LevelSource":2,"StreetNameEN":"Yen Chow Street","StreetNameTC":"欽州街","ST_CODE":12852,"FloorID":null,"BuildingID_1":null,"BuildingID_2":null,"SiteID":null,"TerminalID":null,"AccessTimeID":null,"CreationDate":1614441600000,"ModifiedBy":"LANDSD","LastAmendmentDate":1655481600000,"Shape__Length":1.7447367283305983}},{"type":"Feature","id":173310,"geometry":{"type":"LineString","coordinates":[[114.16001356887367,22.330445953352005,4.316900000005262],[114.15997781602799,22.330405865594599,4.1971000000048662]]},"properties":{"OBJECTID":173310,"PedestrianRouteID":220015695,"Location":1,"FeatureType":32,"AliasNameEN":"Ki Lung Street Crossing","AliasNameTC":"基隆街過路處","CrossingFeature":1,"WeatherProof":2,"WheelchairBarrier":2,"WheelchairAccess":2,"ObstaclesType":null,"Gradient":0.0072637999999999999,"Direction":0,"PositionCertainty":1,"Enabled":1,"DataSource":1,"LevelSource":2,"StreetNameEN":"Ki Lung Street","StreetNameTC":"基隆街","ST_CODE":10989,"FloorID":null,"BuildingID_1":null,"BuildingID_2":null,"SiteID":null,"TerminalID":null,"AccessTimeID":null,"CreationDate":1614441600000,"ModifiedBy":"LANDSD","LastAmendmentDate":1758643200000,"Shape__Length":5.7682267754984311}},{"type":"Feature","id":173311,"geometry":{"type":"LineString","coordinates":[[114.16001934942695,22.330452434297236,4.1463999999978114],[114.16001356887367,22.330445953352005,4.316900000005262]]},"properties":{"OBJECTID":173311,"PedestrianRouteID":220015696,"Location":1,"FeatureType":1,"AliasNameEN":"Ki Lung Street","AliasNameTC":"基隆街","CrossingFeature":null,"WeatherProof":2,"WheelchairBarrier":2,"WheelchairAccess":2,"ObstaclesType":null,"Gradient":0.00375305,"Direction":0,"PositionCertainty":1,"Enabled":1,"DataSource":1,"LevelSource":2,"StreetNameEN":"Ki Lung Street","StreetNameTC":"基隆街","ST_CODE":10989,"FloorID":null,"BuildingID_1":null,"BuildingID_2":null,"SiteID":null,"TerminalID":null,"AccessTimeID":null,"CreationDate":1614441600000,"ModifiedBy":"LANDSD","LastAmendmentDate":1689004800000,"Shape__Length":0.93257124181036888}},{"type":"Feature","id":173312,"geometry":{"type":"LineString","coordinates":[[114.16002430793989,22.330457918180777,4.1342000000004191],[114.16001934942695,22.330452434297236,4.1463999999978114]]},"properties":{"OBJECTID":173312,"PedestrianRouteID":220015697,"Location":1,"FeatureType":1,"AliasNameEN":"Ki Lung Street","AliasNameTC":"基隆街","CrossingFeature":null,"WeatherProof":1,"WheelchairBarrier":2,"WheelchairAccess":2,"ObstaclesType":null,"Gradient":0.01537288,"Direction":0,"PositionCertainty":1,"Enabled":1,"DataSource":1,"LevelSource":12,"StreetNameEN":"Ki Lung Street","StreetNameTC":"基隆街","ST_CODE":10989,"FloorID":null,"BuildingID_1":null,"BuildingID_2":null,"SiteID":null,"TerminalID":null,"AccessTimeID":null,"CreationDate":1614441600000,"ModifiedBy":"LANDSD","LastAmendmentDate":1689004800000,"Shape__Length":0.79354309942250445}},{"type":"Feature","id":173313,"geometry":{"type":"LineString","coordinates":[[114.15993481023006,22.330358600469729,4.1714000000065425],[114.15993001870388,22.330352917024943,4.2456999999994878]]},"properties":{"OBJECTID":173313,"PedestrianRouteID":220015698,"Location":1,"FeatureType":1,"AliasNameEN":"Ki Lung Street","AliasNameTC":"基隆街","CrossingFeature":null,"WeatherProof":1,"WheelchairBarrier":2,"WheelchairAccess":2,"ObstaclesType":null,"Gradient":0.092626739999999999,"Direction":0,"PositionCertainty":1,"Enabled":1,"DataSource":1,"LevelSource":12,"StreetNameEN":"Ki Lung Street","StreetNameTC":"基隆街","ST_CODE":10989,"FloorID":null,"BuildingID_1":null,"BuildingID_2":null,"SiteID":null,"TerminalID":null,"AccessTimeID":null,"CreationDate":1614441600000,"ModifiedBy":"LANDSD","LastAmendmentDate":1758643200000,"Shape__Length":0.79984884804312173}},{"type":"Feature","id":173314,"geometry":{"type":"LineString","coordinates":[[114.15997252461773,22.330400050252631,4.2963000000017928],[114.1599637382766,22.330390393840339,4.2975000000005821],[114.15994852402093,22.330373672133881,4.2311999999947147],[114.15994184376419,22.330366330477883,4.1775999999954365]]},"properties":{"OBJECTID":173314,"PedestrianRouteID":220015699,"Location":1,"FeatureType":1,"AliasNameEN":"Ki Lung Street","AliasNameTC":"基隆街","CrossingFeature":null,"WeatherProof":1,"WheelchairBarrier":2,"WheelchairAccess":2,"ObstaclesType":null,"Gradient":0.00231868,"Direction":0,"PositionCertainty":1,"Enabled":1,"DataSource":1,"LevelSource":2,"StreetNameEN":"Ki Lung Street","StreetNameTC":"基隆街","ST_CODE":10989,"FloorID":null,"BuildingID_1":null,"BuildingID_2":null,"SiteID":null,"TerminalID":null,"AccessTimeID":null,"CreationDate":1614441600000,"ModifiedBy":"LANDSD","LastAmendmentDate":1758643200000,"Shape__Length":4.8921318874572677}},{"type":"Feature","id":173315,"geometry":{"type":"LineString","coordinates":[[114.16002430793989,22.330457918180777,4.1342000000004191],[114.16000474997537,22.330472998126304,4.2281999999977415]]},"properties":{"OBJECTID":173315,"PedestrianRouteID":220015700,"Location":1,"FeatureType":1,"AliasNameEN":"Yen Chow Street","AliasNameTC":"欽州街","CrossingFeature":null,"WeatherProof":1,"WheelchairBarrier":2,"WheelchairAccess":2,"ObstaclesType":null,"Gradient":0.00187243,"Direction":0,"PositionCertainty":1,"Enabled":1,"DataSource":1,"LevelSource":2,"StreetNameEN":"Yen Chow Street","StreetNameTC":"欽州街","ST_CODE":12852,"FloorID":null,"BuildingID_1":null,"BuildingID_2":null,"SiteID":null,"TerminalID":null,"AccessTimeID":null,"CreationDate":1614441600000,"ModifiedBy":"LANDSD","LastAmendmentDate":1689004800000,"Shape__Length":2.616916143074941}},{"type":"Feature","id":173316,"geometry":{"type":"LineString","coordinates":[[114.15993001870388,22.330352917024943,4.2456999999994878],[114.15991212558743,22.330366837606356,4.2222000000037951]]},"properties":{"OBJECTID":173316,"PedestrianRouteID":220015701,"Location":1,"FeatureType":1,"AliasNameEN":"Yen Chow Street","AliasNameTC":"欽州街","CrossingFeature":null,"WeatherProof":1,"WheelchairBarrier":2,"WheelchairAccess":2,"ObstaclesType":null,"Gradient":0.00149815,"Direction":0,"PositionCertainty":1,"Enabled":1,"DataSource":1,"LevelSource":2,"StreetNameEN":"Yen Chow Street","StreetNameTC":"欽州街","ST_CODE":12852,"FloorID":null,"BuildingID_1":null,"BuildingID_2":null,"SiteID":null,"TerminalID":null,"AccessTimeID":null,"CreationDate":1614441600000,"ModifiedBy":"LANDSD","LastAmendmentDate":1689004800000,"Shape__Length":2.4029617412344271}},{"type":"Feature","id":173317,"geometry":{"type":"LineString","coordinates":[[114.1602867790765,22.330753430332813,4.2495999999955529],[114.16026849473553,22.330767575774402,4.2174999999988358],[114.16026677783668,22.330765661115681,4.2194000000017695]]},"properties":{"OBJECTID":173317,"PedestrianRouteID":220015702,"Location":1,"FeatureType":1,"AliasNameEN":"Yen Chow Street","AliasNameTC":"欽州街","CrossingFeature":null,"WeatherProof":2,"WheelchairBarrier":2,"WheelchairAccess":2,"ObstaclesType":null,"Gradient":0.01107817,"Direction":0,"PositionCertainty":1,"Enabled":1,"DataSource":1,"LevelSource":2,"StreetNameEN":"Yen Chow Street","StreetNameTC":"欽州街","ST_CODE":12852,"FloorID":null,"BuildingID_1":null,"BuildingID_2":null,"SiteID":null,"TerminalID":null,"AccessTimeID":null,"CreationDate":1614441600000,"ModifiedBy":"LANDSD","LastAmendmentDate":1655481600000,"Shape__Length":2.7259703216045645}},{"type":"Feature","id":173318,"geometry":{"type":"LineString","coordinates":[[114.16036333542895,22.330876142960907,4.2127999999938766],[114.16038240221624,22.330861342871039,4.2502999999996973]]},"properties":{"OBJECTID":173318,"PedestrianRouteID":220015703,"Location":1,"FeatureType":1,"AliasNameEN":"Yen Chow Street","AliasNameTC":"欽州街","CrossingFeature":null,"WeatherProof":1,"WheelchairBarrier":2,"WheelchairAccess":2,"ObstaclesType":null,"Gradient":0.014657750000000001,"Direction":0,"PositionCertainty":1,"Enabled":1,"DataSource":1,"LevelSource":2,"StreetNameEN":"Yen Chow Street","StreetNameTC":"欽州街","ST_CODE":12852,"FloorID":null,"BuildingID_1":null,"BuildingID_2":null,"SiteID":null,"TerminalID":null,"AccessTimeID":null,"CreationDate":1614441600000,"ModifiedBy":"LANDSD","LastAmendmentDate":1655481600000,"Shape__Length":2.5581903022687031}},{"type":"Feature","id":173319,"geometry":{"type":"LineString","coordinates":[[114.16079294240051,22.331740157973304,4.7792999999946915],[114.16075358249451,22.3317715299223,4.6891000000032363]]},"properties":{"OBJECTID":173319,"PedestrianRouteID":220015704,"Location":1,"FeatureType":1,"AliasNameEN":"Cheung Sha Wan Road","AliasNameTC":"長沙灣道","CrossingFeature":null,"WeatherProof":2,"WheelchairBarrier":2,"WheelchairAccess":2,"ObstaclesType":null,"Gradient":0.01689131,"Direction":0,"PositionCertainty":1,"Enabled":1,"DataSource":1,"LevelSource":2,"StreetNameEN":"Cheung Sha Wan Road","StreetNameTC":"長沙灣道","ST_CODE":10206,"FloorID":null,"BuildingID_1":null,"BuildingID_2":null,"SiteID":null,"TerminalID":null,"AccessTimeID":null,"CreationDate":1614441600000,"ModifiedBy":"LANDSD","LastAmendmentDate":1655481600000,"Shape__Length":5.3395154847057622}},{"type":"Feature","id":173320,"geometry":{"type":"LineString","coordinates":[[114.16116923711436,22.331774527233616,4.8542000000015832],[114.16117923098179,22.331785728827956,4.8570000000036089]]},"properties":{"OBJECTID":173320,"PedestrianRouteID":220015705,"Location":1,"FeatureType":1,"AliasNameEN":"Cheung Sha Wan Road","AliasNameTC":"長沙灣道","CrossingFeature":null,"WeatherProof":2,"WheelchairBarrier":2,"WheelchairAccess":2,"ObstaclesType":null,"Gradient":0.00173694,"Direction":0,"PositionCertainty":1,"Enabled":1,"DataSource":1,"LevelSource":2,"StreetNameEN":"Cheung Sha Wan Road","StreetNameTC":"長沙灣道","ST_CODE":10206,"FloorID":null,"BuildingID_1":null,"BuildingID_2":null,"SiteID":null,"TerminalID":null,"AccessTimeID":null,"CreationDate":1614441600000,"ModifiedBy":"LANDSD","LastAmendmentDate":1655481600000,"Shape__Length":1.6120254895499855}},{"type":"Feature","id":173321,"geometry":{"type":"LineString","coordinates":[[114.16126475158624,22.332270527504431,5.0525000000052387],[114.16125520406871,22.332277928953452,5.060299999997369]]},"properties":{"OBJECTID":173321,"PedestrianRouteID":220015706,"Location":1,"FeatureType":1,"AliasNameEN":"Yen Chow Street","AliasNameTC":"欽州街","CrossingFeature":null,"WeatherProof":2,"WheelchairBarrier":2,"WheelchairAccess":2,"ObstaclesType":null,"Gradient":0.0060922199999999998,"Direction":0,"PositionCertainty":1,"Enabled":1,"DataSource":1,"LevelSource":2,"StreetNameEN":"Yen Chow Street","StreetNameTC":"欽州街","ST_CODE":12852,"FloorID":null,"BuildingID_1":null,"BuildingID_2":null,"SiteID":null,"TerminalID":null,"AccessTimeID":null,"CreationDate":1614441600000,"ModifiedBy":"LANDSD","LastAmendmentDate":1655481600000,"Shape__Length":1.2803047827038612}},{"type":"Feature","id":173322,"geometry":{"type":"LineString","coordinates":[[114.16136262569952,22.332377473389347,5.1410999999934575],[114.16134273948057,22.332392900235632,5.12149999999383]]},"properties":{"OBJECTID":173322,"PedestrianRouteID":220015707,"Location":1,"FeatureType":1,"AliasNameEN":"Yen Chow Street","AliasNameTC":"欽州街","CrossingFeature":null,"WeatherProof":1,"WheelchairBarrier":2,"WheelchairAccess":2,"ObstaclesType":null,"Gradient":0.0073476899999999996,"Direction":0,"PositionCertainty":1,"Enabled":1,"DataSource":1,"LevelSource":2,"StreetNameEN":"Yen Chow Street","StreetNameTC":"欽州街","ST_CODE":12852,"FloorID":null,"BuildingID_1":null,"BuildingID_2":null,"SiteID":null,"TerminalID":null,"AccessTimeID":null,"CreationDate":1614441600000,"ModifiedBy":"LANDSD","LastAmendmentDate":1655481600000,"Shape__Length":2.6674565595829525}},{"type":"Feature","id":173323,"geometry":{"type":"LineString","coordinates":[[114.16157056199468,22.33221973248412,5.1658000000024913],[114.16160732133213,22.332260336525461,5.1665000000066357]]},"properties":{"OBJECTID":173323,"PedestrianRouteID":220015708,"Location":1,"FeatureType":1,"AliasNameEN":"Yen Chow Street","AliasNameTC":"欽州街","CrossingFeature":null,"WeatherProof":2,"WheelchairBarrier":2,"WheelchairAccess":2,"ObstaclesType":null,"Gradient":0.00011908000000000001,"Direction":0,"PositionCertainty":1,"Enabled":1,"DataSource":1,"LevelSource":2,"StreetNameEN":"Yen Chow Street","StreetNameTC":"欽州街","ST_CODE":12852,"FloorID":null,"BuildingID_1":null,"BuildingID_2":null,"SiteID":null,"TerminalID":null,"AccessTimeID":null,"CreationDate":1614441600000,"ModifiedBy":"LANDSD","LastAmendmentDate":1655481600000,"Shape__Length":5.8785640733173015}},{"type":"Feature","id":173334,"geometry":{"type":"LineString","coordinates":[[114.16008518563478,22.332629223745673,4.8975999999966007],[114.16007779968143,22.33262097535415,4.9027999999962049]]},"properties":{"OBJECTID":173334,"PedestrianRouteID":220015719,"Location":1,"FeatureType":1,"AliasNameEN":"Cheung Sha Wan Road","AliasNameTC":"長沙灣道","CrossingFeature":null,"WeatherProof":2,"WheelchairBarrier":2,"WheelchairAccess":2,"ObstaclesType":null,"Gradient":0.0043741400000000003,"Direction":0,"PositionCertainty":1,"Enabled":1,"DataSource":1,"LevelSource":2,"StreetNameEN":"Cheung Sha Wan Road","StreetNameTC":"長沙灣道","ST_CODE":10206,"FloorID":null,"BuildingID_1":null,"BuildingID_2":null,"SiteID":null,"TerminalID":null,"AccessTimeID":null,"CreationDate":1614441600000,"ModifiedBy":"LANDSD","LastAmendmentDate":1655481600000,"Shape__Length":1.1887968245872815}},{"type":"Feature","id":173335,"geometry":{"type":"LineString","coordinates":[[114.16020175462801,22.332539171972975,4.8798999999999069],[114.16019306133512,22.332529415345679,4.8701000000000931]]},"properties":{"OBJECTID":173335,"PedestrianRouteID":220015720,"Location":1,"FeatureType":1,"AliasNameEN":"Cheung Sha Wan Road","AliasNameTC":"長沙灣道","CrossingFeature":null,"WeatherProof":2,"WheelchairBarrier":2,"WheelchairAccess":2,"ObstaclesType":null,"Gradient":0.0069832899999999996,"Direction":0,"PositionCertainty":1,"Enabled":1,"DataSource":1,"LevelSource":2,"StreetNameEN":"Cheung Sha Wan Road","StreetNameTC":"長沙灣道","ST_CODE":10206,"FloorID":null,"BuildingID_1":null,"BuildingID_2":null,"SiteID":null,"TerminalID":null,"AccessTimeID":null,"CreationDate":1614441600000,"ModifiedBy":"LANDSD","LastAmendmentDate":1655481600000,"Shape__Length":1.4033269675301154}},{"type":"Feature","id":173336,"geometry":{"type":"LineString","coordinates":[[114.15956683849521,22.328587114419612,3.9309999999968568],[114.15956069893845,22.328580283031908,3.9364999999961583]]},"properties":{"OBJECTID":173336,"PedestrianRouteID":220015721,"Location":1,"FeatureType":1,"AliasNameEN":"Kweilin Street","AliasNameTC":"桂林街","CrossingFeature":null,"WeatherProof":2,"WheelchairBarrier":2,"WheelchairAccess":2,"ObstaclesType":null,"Gradient":0.0055776699999999999,"Direction":0,"PositionCertainty":1,"Enabled":1,"DataSource":1,"LevelSource":2,"StreetNameEN":"Kweilin Street","StreetNameTC":"桂林街","ST_CODE":11114,"FloorID":null,"BuildingID_1":null,"BuildingID_2":null,"SiteID":null,"TerminalID":null,"AccessTimeID":null,"CreationDate":1614441600000,"ModifiedBy":"LANDSD","LastAmendmentDate":1655481600000,"Shape__Length":0.9860647649226707}},{"type":"Feature","id":173337,"geometry":{"type":"LineString","coordinates":[[114.15967592688624,22.328493881609997,4.0366999999969266],[114.15968077175748,22.328499299570016,4.0356000000028871]]},"properties":{"OBJECTID":173337,"PedestrianRouteID":220015722,"Location":1,"FeatureType":1,"AliasNameEN":"Kweilin Street","AliasNameTC":"桂林街","CrossingFeature":null,"WeatherProof":2,"WheelchairBarrier":2,"WheelchairAccess":2,"ObstaclesType":null,"Gradient":0.0014094699999999999,"Direction":0,"PositionCertainty":1,"Enabled":1,"DataSource":1,"LevelSource":2,"StreetNameEN":"Kweilin Street","StreetNameTC":"桂林街","ST_CODE":11114,"FloorID":null,"BuildingID_1":null,"BuildingID_2":null,"SiteID":null,"TerminalID":null,"AccessTimeID":null,"CreationDate":1614441600000,"ModifiedBy":"LANDSD","LastAmendmentDate":1655481600000,"Shape__Length":0.78043619225650507}},{"type":"Feature","id":173338,"geometry":{"type":"LineString","coordinates":[[114.15958129901361,22.328384935631888,3.9848000000056345],[114.15957088041944,22.32837331035493,3.9386999999987893]]},"properties":{"OBJECTID":173338,"PedestrianRouteID":220015723,"Location":1,"FeatureType":1,"AliasNameEN":"Kweilin Street","AliasNameTC":"桂林街","CrossingFeature":null,"WeatherProof":2,"WheelchairBarrier":2,"WheelchairAccess":2,"ObstaclesType":null,"Gradient":0.027497520000000001,"Direction":0,"PositionCertainty":1,"Enabled":1,"DataSource":1,"LevelSource":2,"StreetNameEN":"Kweilin Street","StreetNameTC":"桂林街","ST_CODE":11114,"FloorID":null,"BuildingID_1":null,"BuildingID_2":null,"SiteID":null,"TerminalID":null,"AccessTimeID":null,"CreationDate":1614441600000,"ModifiedBy":"LANDSD","LastAmendmentDate":1655481600000,"Shape__Length":1.6760925064640539}},{"type":"Feature","id":173344,"geometry":{"type":"LineString","coordinates":[[114.15986977161251,22.32891064719621,4.088000000003376],[114.15986136855942,22.328902842086382,4.077000000004773]]},"properties":{"OBJECTID":173344,"PedestrianRouteID":220015729,"Location":1,"FeatureType":1,"AliasNameEN":"Lai Chi Kok Road","AliasNameTC":"荔枝角道","CrossingFeature":null,"WeatherProof":2,"WheelchairBarrier":2,"WheelchairAccess":2,"ObstaclesType":null,"Gradient":0.0089918600000000008,"Direction":0,"PositionCertainty":1,"Enabled":1,"DataSource":1,"LevelSource":2,"StreetNameEN":"Lai Chi Kok Road","StreetNameTC":"荔枝角道","ST_CODE":11149,"FloorID":null,"BuildingID_1":null,"BuildingID_2":null,"SiteID":null,"TerminalID":null,"AccessTimeID":null,"CreationDate":1614441600000,"ModifiedBy":"LANDSD","LastAmendmentDate":1655481600000,"Shape__Length":1.2232952549466469}},{"type":"Feature","id":173345,"geometry":{"type":"LineString","coordinates":[[114.16051486434866,22.329452701028522,4.1894999999931315],[114.16052829278627,22.329442292826709,4.1858000000065658]]},"properties":{"OBJECTID":173345,"PedestrianRouteID":220015730,"Location":1,"FeatureType":1,"AliasNameEN":"Kweilin Street","AliasNameTC":"桂林街","CrossingFeature":null,"WeatherProof":2,"WheelchairBarrier":2,"WheelchairAccess":2,"ObstaclesType":null,"Gradient":0.0019993099999999998,"Direction":0,"PositionCertainty":1,"Enabled":1,"DataSource":1,"LevelSource":2,"StreetNameEN":"Kweilin Street","StreetNameTC":"桂林街","ST_CODE":11114,"FloorID":null,"BuildingID_1":null,"BuildingID_2":null,"SiteID":null,"TerminalID":null,"AccessTimeID":null,"CreationDate":1614441600000,"ModifiedBy":"LANDSD","LastAmendmentDate":1732636800000,"Shape__Length":1.8006210535575093}},{"type":"Feature","id":173346,"geometry":{"type":"LineString","coordinates":[[114.16045133042546,22.329501946516956,4.2029999999940628],[114.16051486434866,22.329452701028522,4.1894999999931315]]},"properties":{"OBJECTID":173346,"PedestrianRouteID":220015731,"Location":1,"FeatureType":32,"AliasNameEN":"Kweilin Street Crossing","AliasNameTC":"桂林街過路處","CrossingFeature":1,"WeatherProof":2,"WheelchairBarrier":2,"WheelchairAccess":2,"ObstaclesType":null,"Gradient":0.0015846300000000001,"Direction":0,"PositionCertainty":1,"Enabled":1,"DataSource":1,"LevelSource":12,"StreetNameEN":"Kweilin Street","StreetNameTC":"桂林街","ST_CODE":11114,"FloorID":null,"BuildingID_1":null,"BuildingID_2":null,"SiteID":null,"TerminalID":null,"AccessTimeID":null,"CreationDate":1614441600000,"ModifiedBy":"LANDSD","LastAmendmentDate":1732636800000,"Shape__Length":8.5193563286406562}},{"type":"Feature","id":173347,"geometry":{"type":"LineString","coordinates":[[114.16042136905142,22.329525168339597,4.2146000000066124],[114.16045133042546,22.329501946516956,4.2029999999940628]]},"properties":{"OBJECTID":173347,"PedestrianRouteID":220015732,"Location":1,"FeatureType":1,"AliasNameEN":"Kweilin Street","AliasNameTC":"桂林街","CrossingFeature":null,"WeatherProof":2,"WheelchairBarrier":2,"WheelchairAccess":2,"ObstaclesType":null,"Gradient":0.00052488999999999997,"Direction":0,"PositionCertainty":1,"Enabled":1,"DataSource":1,"LevelSource":2,"StreetNameEN":"Kweilin Street","StreetNameTC":"桂林街","ST_CODE":11114,"FloorID":null,"BuildingID_1":null,"BuildingID_2":null,"SiteID":null,"TerminalID":null,"AccessTimeID":null,"CreationDate":1614441600000,"ModifiedBy":"LANDSD","LastAmendmentDate":1732636800000,"Shape__Length":4.0174644002533455}},{"type":"Feature","id":173348,"geometry":{"type":"LineString","coordinates":[[114.16041345739831,22.329531303819522,4.2167999999946915],[114.16042136905142,22.329525168339597,4.2146000000066124]]},"properties":{"OBJECTID":173348,"PedestrianRouteID":220015733,"Location":1,"FeatureType":1,"AliasNameEN":"Kweilin Street","AliasNameTC":"桂林街","CrossingFeature":null,"WeatherProof":1,"WheelchairBarrier":2,"WheelchairAccess":2,"ObstaclesType":null,"Gradient":0.0020732799999999998,"Direction":0,"PositionCertainty":1,"Enabled":1,"DataSource":1,"LevelSource":2,"StreetNameEN":"Kweilin Street","StreetNameTC":"桂林街","ST_CODE":11114,"FloorID":null,"BuildingID_1":null,"BuildingID_2":null,"SiteID":null,"TerminalID":null,"AccessTimeID":null,"CreationDate":1614441600000,"ModifiedBy":"LANDSD","LastAmendmentDate":1690819200000,"Shape__Length":1.0611056732951547}},{"type":"Feature","id":173349,"geometry":{"type":"LineString","coordinates":[[114.16008199622709,22.329163485865738,4.1543999999994412],[114.16004680173523,22.329124108882013,4.1600000000034925]]},"properties":{"OBJECTID":173349,"PedestrianRouteID":220015734,"Location":1,"FeatureType":1,"AliasNameEN":"Kweilin Street","AliasNameTC":"桂林街","CrossingFeature":null,"WeatherProof":1,"WheelchairBarrier":2,"WheelchairAccess":2,"ObstaclesType":null,"Gradient":0.00098748999999999994,"Direction":0,"PositionCertainty":1,"Enabled":1,"DataSource":1,"LevelSource":2,"StreetNameEN":"Kweilin Street","StreetNameTC":"桂林街","ST_CODE":11114,"FloorID":null,"BuildingID_1":null,"BuildingID_2":null,"SiteID":null,"TerminalID":null,"AccessTimeID":null,"CreationDate":1614441600000,"ModifiedBy":"LANDSD","LastAmendmentDate":1655481600000,"Shape__Length":5.6709480408742241}},{"type":"Feature","id":173350,"geometry":{"type":"LineString","coordinates":[[114.16004680173523,22.329124108882013,4.1600000000034925],[114.16003251450283,22.329108123269439,4.1622999999963213]]},"properties":{"OBJECTID":173350,"PedestrianRouteID":220015735,"Location":1,"FeatureType":1,"AliasNameEN":"Lai Chi Kok Road","AliasNameTC":"荔枝角道","CrossingFeature":null,"WeatherProof":1,"WheelchairBarrier":2,"WheelchairAccess":2,"ObstaclesType":null,"Gradient":0.00099905999999999997,"Direction":0,"PositionCertainty":1,"Enabled":1,"DataSource":1,"LevelSource":2,"StreetNameEN":"Lai Chi Kok Road","StreetNameTC":"荔枝角道","ST_CODE":11149,"FloorID":null,"BuildingID_1":null,"BuildingID_2":null,"SiteID":null,"TerminalID":null,"AccessTimeID":null,"CreationDate":1614441600000,"ModifiedBy":"LANDSD","LastAmendmentDate":1655481600000,"Shape__Length":2.3021681986137641}},{"type":"Feature","id":173351,"geometry":{"type":"LineString","coordinates":[[114.16022865790548,22.328957458260149,4.1300000000046566],[114.1601488940818,22.329019359235698,4.1279000000067754]]},"properties":{"OBJECTID":173351,"PedestrianRouteID":220015736,"Location":1,"FeatureType":1,"AliasNameEN":"Lai Chi Kok Road","AliasNameTC":"荔枝角道","CrossingFeature":null,"WeatherProof":2,"WheelchairBarrier":2,"WheelchairAccess":2,"ObstaclesType":null,"Gradient":0.00019624,"Direction":0,"PositionCertainty":1,"Enabled":1,"DataSource":1,"LevelSource":2,"StreetNameEN":"Lai Chi Kok Road","StreetNameTC":"荔枝角道","ST_CODE":11149,"FloorID":null,"BuildingID_1":null,"BuildingID_2":null,"SiteID":null,"TerminalID":null,"AccessTimeID":null,"CreationDate":1614441600000,"ModifiedBy":"LANDSD","LastAmendmentDate":1655481600000,"Shape__Length":10.701029816353758}},{"type":"Feature","id":173352,"geometry":{"type":"LineString","coordinates":[[114.1601488940818,22.329019359235698,4.1279000000067754],[114.16016253982338,22.329034389336485,4.1389999999955762]]},"properties":{"OBJECTID":173352,"PedestrianRouteID":220015737,"Location":1,"FeatureType":1,"AliasNameEN":"Lai Chi Kok Road","AliasNameTC":"荔枝角道","CrossingFeature":null,"WeatherProof":2,"WheelchairBarrier":2,"WheelchairAccess":2,"ObstaclesType":null,"Gradient":0.0016524199999999999,"Direction":0,"PositionCertainty":1,"Enabled":1,"DataSource":1,"LevelSource":2,"StreetNameEN":"Lai Chi Kok Road","StreetNameTC":"荔枝角道","ST_CODE":11149,"FloorID":null,"BuildingID_1":null,"BuildingID_2":null,"SiteID":null,"TerminalID":null,"AccessTimeID":null,"CreationDate":1614441600000,"ModifiedBy":"LANDSD","LastAmendmentDate":1689004800000,"Shape__Length":2.1786228769850822}},{"type":"Feature","id":173353,"geometry":{"type":"LineString","coordinates":[[114.16100718790962,22.330196117596522,4.3559999999997672],[114.16099950794583,22.330187610038159,4.376300000003539]]},"properties":{"OBJECTID":173353,"PedestrianRouteID":220015738,"Location":1,"FeatureType":1,"AliasNameEN":"Kweilin Street","AliasNameTC":"桂林街","CrossingFeature":null,"WeatherProof":1,"WheelchairBarrier":2,"WheelchairAccess":2,"ObstaclesType":null,"Gradient":0.01649919,"Direction":0,"PositionCertainty":1,"Enabled":1,"DataSource":1,"LevelSource":2,"StreetNameEN":"Kweilin Street","StreetNameTC":"桂林街","ST_CODE":11114,"FloorID":null,"BuildingID_1":null,"BuildingID_2":null,"SiteID":null,"TerminalID":null,"AccessTimeID":null,"CreationDate":1614441600000,"ModifiedBy":"LANDSD","LastAmendmentDate":1655481600000,"Shape__Length":1.230251880367139}},{"type":"Feature","id":173354,"geometry":{"type":"LineString","coordinates":[[114.16111286168123,22.33009506572996,4.3022000000055414],[114.16112402494279,22.330107519985102,4.3203000000066822]]},"properties":{"OBJECTID":173354,"PedestrianRouteID":220015739,"Location":1,"FeatureType":1,"AliasNameEN":"Kweilin Street","AliasNameTC":"桂林街","CrossingFeature":null,"WeatherProof":1,"WheelchairBarrier":2,"WheelchairAccess":2,"ObstaclesType":null,"Gradient":0.0100792,"Direction":0,"PositionCertainty":1,"Enabled":1,"DataSource":1,"LevelSource":2,"StreetNameEN":"Kweilin Street","StreetNameTC":"桂林街","ST_CODE":11114,"FloorID":null,"BuildingID_1":null,"BuildingID_2":null,"SiteID":null,"TerminalID":null,"AccessTimeID":null,"CreationDate":1614441600000,"ModifiedBy":"LANDSD","LastAmendmentDate":1655481600000,"Shape__Length":1.7957174170463732}},{"type":"Feature","id":173355,"geometry":{"type":"LineString","coordinates":[[114.1611076271333,22.330309087310454,4.3899999999994179],[114.16110200278429,22.330302870112057,4.3754000000044471]]},"properties":{"OBJECTID":173355,"PedestrianRouteID":220015740,"Location":1,"FeatureType":1,"AliasNameEN":"Kweilin Street","AliasNameTC":"桂林街","CrossingFeature":null,"WeatherProof":1,"WheelchairBarrier":2,"WheelchairAccess":2,"ObstaclesType":null,"Gradient":0.016223660000000001,"Direction":0,"PositionCertainty":1,"Enabled":1,"DataSource":1,"LevelSource":12,"StreetNameEN":"Kweilin Street","StreetNameTC":"桂林街","ST_CODE":11114,"FloorID":null,"BuildingID_1":null,"BuildingID_2":null,"SiteID":null,"TerminalID":null,"AccessTimeID":null,"CreationDate":1614441600000,"ModifiedBy":"LANDSD","LastAmendmentDate":1689004800000,"Shape__Length":0.89984154741316613}},{"type":"Feature","id":173356,"geometry":{"type":"LineString","coordinates":[[114.16282049223769,22.331997926075086,5.5071999999927357],[114.16282493054749,22.331994495741284,5.4973999999929219]]},"properties":{"OBJECTID":173356,"PedestrianRouteID":220015741,"Location":1,"FeatureType":1,"AliasNameEN":"Kweilin Street","AliasNameTC":"桂林街","CrossingFeature":null,"WeatherProof":2,"WheelchairBarrier":2,"WheelchairAccess":2,"ObstaclesType":null,"Gradient":0.016484680000000002,"Direction":0,"PositionCertainty":1,"Enabled":1,"DataSource":1,"LevelSource":2,"StreetNameEN":"Kweilin Street","StreetNameTC":"桂林街","ST_CODE":11114,"FloorID":null,"BuildingID_1":null,"BuildingID_2":null,"SiteID":null,"TerminalID":null,"AccessTimeID":null,"CreationDate":1614441600000,"ModifiedBy":"LANDSD","LastAmendmentDate":1655481600000,"Shape__Length":0.5944374226054111}},{"type":"Feature","id":173357,"geometry":{"type":"LineString","coordinates":[[114.16300088940677,22.332417226883692,5.9464000000007218],[114.16301097179054,22.332428512356241,5.9631999999983236]]},"properties":{"OBJECTID":173357,"PedestrianRouteID":220015742,"Location":1,"FeatureType":1,"AliasNameEN":"Un Chau Street","AliasNameTC":"元州街","CrossingFeature":null,"WeatherProof":2,"WheelchairBarrier":2,"WheelchairAccess":2,"ObstaclesType":null,"Gradient":0.010338129999999999,"Direction":0,"PositionCertainty":1,"Enabled":1,"DataSource":1,"LevelSource":2,"StreetNameEN":"Un Chau Street","StreetNameTC":"元州街","ST_CODE":12556,"FloorID":null,"BuildingID_1":null,"BuildingID_2":null,"SiteID":null,"TerminalID":null,"AccessTimeID":null,"CreationDate":1614441600000,"ModifiedBy":"LANDSD","LastAmendmentDate":1655481600000,"Shape__Length":1.6249940314170073}},{"type":"Feature","id":173358,"geometry":{"type":"LineString","coordinates":[[114.16312498758472,22.33234041970189,6.0712000000057742],[114.16311446164865,22.332328579721185,5.9851999999955297]]},"properties":{"OBJECTID":173358,"PedestrianRouteID":220015743,"Location":1,"FeatureType":1,"AliasNameEN":"Un Chau Street","AliasNameTC":"元州街","CrossingFeature":null,"WeatherProof":2,"WheelchairBarrier":2,"WheelchairAccess":2,"ObstaclesType":null,"Gradient":0.050502760000000001,"Direction":0,"PositionCertainty":1,"Enabled":1,"DataSource":1,"LevelSource":12,"StreetNameEN":"Un Chau Street","StreetNameTC":"元州街","ST_CODE":12556,"FloorID":null,"BuildingID_1":null,"BuildingID_2":null,"SiteID":null,"TerminalID":null,"AccessTimeID":null,"CreationDate":1614441600000,"ModifiedBy":"LANDSD","LastAmendmentDate":1689004800000,"Shape__Length":1.7014291782718658}},{"type":"Feature","id":173359,"geometry":{"type":"LineString","coordinates":[[114.16321987742634,22.3324463934253,5.9983000000065658],[114.16322583368658,22.33245512198074,6.1520000000018626]]},"properties":{"OBJECTID":173359,"PedestrianRouteID":220015744,"Location":1,"FeatureType":1,"AliasNameEN":"Un Chau Street","AliasNameTC":"元州街","CrossingFeature":null,"WeatherProof":2,"WheelchairBarrier":2,"WheelchairAccess":2,"ObstaclesType":null,"Gradient":0.062544970000000005,"Direction":0,"PositionCertainty":1,"Enabled":1,"DataSource":1,"LevelSource":2,"StreetNameEN":"Un Chau Street","StreetNameTC":"元州街","ST_CODE":12556,"FloorID":null,"BuildingID_1":null,"BuildingID_2":null,"SiteID":null,"TerminalID":null,"AccessTimeID":null,"CreationDate":1614441600000,"ModifiedBy":"LANDSD","LastAmendmentDate":1689004800000,"Shape__Length":1.1448798797627833}},{"type":"Feature","id":173362,"geometry":{"type":"LineString","coordinates":[[114.16187704337288,22.329523969938865,4.313800000003539],[114.16186880920743,22.329514851902442,4.3038999999989755]]},"properties":{"OBJECTID":173362,"PedestrianRouteID":220015747,"Location":1,"FeatureType":1,"AliasNameEN":"Pei Ho Street","AliasNameTC":"北河街","CrossingFeature":null,"WeatherProof":2,"WheelchairBarrier":2,"WheelchairAccess":2,"ObstaclesType":null,"Gradient":0.0075070299999999996,"Direction":0,"PositionCertainty":1,"Enabled":1,"DataSource":1,"LevelSource":2,"StreetNameEN":"Pei Ho Street","StreetNameTC":"北河街","ST_CODE":11675,"FloorID":null,"BuildingID_1":null,"BuildingID_2":null,"SiteID":null,"TerminalID":null,"AccessTimeID":null,"CreationDate":1614441600000,"ModifiedBy":"LANDSD","LastAmendmentDate":1655481600000,"Shape__Length":1.3187398227700748}},{"type":"Feature","id":173363,"geometry":{"type":"LineString","coordinates":[[114.16161679126716,22.329235808710699,4.2755999999935739],[114.1616111203534,22.329229529213766,4.3007000000070548]]},"properties":{"OBJECTID":173363,"PedestrianRouteID":220015748,"Location":1,"FeatureType":1,"AliasNameEN":"Pei Ho Street","AliasNameTC":"北河街","CrossingFeature":null,"WeatherProof":1,"WheelchairBarrier":2,"WheelchairAccess":2,"ObstaclesType":null,"Gradient":0.027629689999999998,"Direction":0,"PositionCertainty":1,"Enabled":1,"DataSource":1,"LevelSource":2,"StreetNameEN":"Pei Ho Street","StreetNameTC":"北河街","ST_CODE":11675,"FloorID":null,"BuildingID_1":null,"BuildingID_2":null,"SiteID":null,"TerminalID":null,"AccessTimeID":null,"CreationDate":1614441600000,"ModifiedBy":"LANDSD","LastAmendmentDate":1655481600000,"Shape__Length":0.90821174984343156}},{"type":"Feature","id":173364,"geometry":{"type":"LineString","coordinates":[[114.16171588989118,22.329131752249086,4.1796000000031199],[114.16172553812568,22.329124291177457,4.1766000000061467]]},"properties":{"OBJECTID":173364,"PedestrianRouteID":220015749,"Location":1,"FeatureType":1,"AliasNameEN":"Pei Ho Street","AliasNameTC":"北河街","CrossingFeature":null,"WeatherProof":2,"WheelchairBarrier":2,"WheelchairAccess":2,"ObstaclesType":null,"Gradient":0.0023210399999999999,"Direction":0,"PositionCertainty":1,"Enabled":1,"DataSource":1,"LevelSource":2,"StreetNameEN":"Pei Ho Street","StreetNameTC":"北河街","ST_CODE":11675,"FloorID":null,"BuildingID_1":null,"BuildingID_2":null,"SiteID":null,"TerminalID":null,"AccessTimeID":null,"CreationDate":1614441600000,"ModifiedBy":"LANDSD","LastAmendmentDate":1655481600000,"Shape__Length":1.2925203672121877}},{"type":"Feature","id":173365,"geometry":{"type":"LineString","coordinates":[[114.16163696470385,22.329046587371415,4.2868000000016764],[114.16162946625504,22.329038299301899,4.2929000000003725]]},"properties":{"OBJECTID":173365,"PedestrianRouteID":220015750,"Location":1,"FeatureType":1,"AliasNameEN":"Pei Ho Street","AliasNameTC":"北河街","CrossingFeature":null,"WeatherProof":2,"WheelchairBarrier":2,"WheelchairAccess":2,"ObstaclesType":null,"Gradient":0.0050849099999999998,"Direction":0,"PositionCertainty":1,"Enabled":1,"DataSource":1,"LevelSource":2,"StreetNameEN":"Pei Ho Street","StreetNameTC":"北河街","ST_CODE":11675,"FloorID":null,"BuildingID_1":null,"BuildingID_2":null,"SiteID":null,"TerminalID":null,"AccessTimeID":null,"CreationDate":1614441600000,"ModifiedBy":"LANDSD","LastAmendmentDate":1655481600000,"Shape__Length":1.1996182934070594}},{"type":"Feature","id":173366,"geometry":{"type":"LineString","coordinates":[[114.16151015307776,22.329120014848339,4.2176999999937834],[114.16151358201769,22.329123827884718,4.2194000000017695]]},"properties":{"OBJECTID":173366,"PedestrianRouteID":220015751,"Location":1,"FeatureType":1,"AliasNameEN":"Pei Ho Street","AliasNameTC":"北河街","CrossingFeature":null,"WeatherProof":2,"WheelchairBarrier":2,"WheelchairAccess":2,"ObstaclesType":null,"Gradient":0.0030879700000000002,"Direction":0,"PositionCertainty":1,"Enabled":1,"DataSource":1,"LevelSource":2,"StreetNameEN":"Pei Ho Street","StreetNameTC":"北河街","ST_CODE":11675,"FloorID":null,"BuildingID_1":null,"BuildingID_2":null,"SiteID":null,"TerminalID":null,"AccessTimeID":null,"CreationDate":1614441600000,"ModifiedBy":"LANDSD","LastAmendmentDate":1655481600000,"Shape__Length":0.55052132533731812}},{"type":"Feature","id":173367,"geometry":{"type":"LineString","coordinates":[[114.16203908211492,22.328055682325289,4.0546000000031199],[114.16204881471478,22.32806655784308,4.0529999999998836]]},"properties":{"OBJECTID":173367,"PedestrianRouteID":220015752,"Location":1,"FeatureType":1,"AliasNameEN":"Nam Cheong Street","AliasNameTC":"南昌街","CrossingFeature":null,"WeatherProof":2,"WheelchairBarrier":2,"WheelchairAccess":2,"ObstaclesType":null,"Gradient":0.0010210099999999999,"Direction":0,"PositionCertainty":1,"Enabled":1,"DataSource":1,"LevelSource":2,"StreetNameEN":"Nam Cheong Street","StreetNameTC":"南昌街","ST_CODE":11487,"FloorID":null,"BuildingID_1":null,"BuildingID_2":null,"SiteID":null,"TerminalID":null,"AccessTimeID":null,"CreationDate":1614441600000,"ModifiedBy":"LANDSD","LastAmendmentDate":1655481600000,"Shape__Length":1.5670690727489303}},{"type":"Feature","id":173368,"geometry":{"type":"LineString","coordinates":[[114.16212893642391,22.328151703674621,4.0865999999950873],[114.16214919460016,22.328174214242537,4.0996000000013737]]},"properties":{"OBJECTID":173368,"PedestrianRouteID":220015753,"Location":1,"FeatureType":1,"AliasNameEN":"Nam Cheong Street","AliasNameTC":"南昌街","CrossingFeature":null,"WeatherProof":2,"WheelchairBarrier":2,"WheelchairAccess":2,"ObstaclesType":null,"Gradient":0.0039986800000000001,"Direction":0,"PositionCertainty":1,"Enabled":1,"DataSource":1,"LevelSource":2,"StreetNameEN":"Nam Cheong Street","StreetNameTC":"南昌街","ST_CODE":11487,"FloorID":null,"BuildingID_1":null,"BuildingID_2":null,"SiteID":null,"TerminalID":null,"AccessTimeID":null,"CreationDate":1614441600000,"ModifiedBy":"LANDSD","LastAmendmentDate":1655481600000,"Shape__Length":3.2510579105269595}},{"type":"Feature","id":173369,"geometry":{"type":"LineString","coordinates":[[114.16273826386794,22.328855391107666,4.294899999993504],[114.16274834789188,22.328847576916942,4.2921999999962281]]},"properties":{"OBJECTID":173369,"PedestrianRouteID":220015754,"Location":1,"FeatureType":1,"AliasNameEN":"Nam Cheong Street","AliasNameTC":"南昌街","CrossingFeature":null,"WeatherProof":2,"WheelchairBarrier":2,"WheelchairAccess":2,"ObstaclesType":null,"Gradient":0.0019969699999999998,"Direction":0,"PositionCertainty":1,"Enabled":1,"DataSource":1,"LevelSource":2,"StreetNameEN":"Nam Cheong Street","StreetNameTC":"南昌街","ST_CODE":11487,"FloorID":null,"BuildingID_1":null,"BuildingID_2":null,"SiteID":null,"TerminalID":null,"AccessTimeID":null,"CreationDate":1614441600000,"ModifiedBy":"LANDSD","LastAmendmentDate":1655481600000,"Shape__Length":1.3520438601071736}},{"type":"Feature","id":173370,"geometry":{"type":"LineString","coordinates":[[114.16283479028537,22.328963632822479,4.376300000003539],[114.16284502478274,22.328955635317989,4.3387999999977183]]},"properties":{"OBJECTID":173370,"PedestrianRouteID":220015755,"Location":1,"FeatureType":1,"AliasNameEN":"Nam Cheong Street","AliasNameTC":"南昌街","CrossingFeature":null,"WeatherProof":2,"WheelchairBarrier":2,"WheelchairAccess":2,"ObstaclesType":null,"Gradient":0.02722722,"Direction":0,"PositionCertainty":1,"Enabled":1,"DataSource":1,"LevelSource":2,"StreetNameEN":"Nam Cheong Street","StreetNameTC":"南昌街","ST_CODE":11487,"FloorID":null,"BuildingID_1":null,"BuildingID_2":null,"SiteID":null,"TerminalID":null,"AccessTimeID":null,"CreationDate":1614441600000,"ModifiedBy":"LANDSD","LastAmendmentDate":1655481600000,"Shape__Length":1.3769578706020136}},{"type":"Feature","id":173371,"geometry":{"type":"LineString","coordinates":[[114.16301420955385,22.328648469101886,4.3037999999942258],[114.16300419156896,22.328656232743736,4.3016000000061467]]},"properties":{"OBJECTID":173371,"PedestrianRouteID":220015756,"Location":1,"FeatureType":1,"AliasNameEN":"Nam Cheong Street","AliasNameTC":"南昌街","CrossingFeature":null,"WeatherProof":2,"WheelchairBarrier":2,"WheelchairAccess":2,"ObstaclesType":null,"Gradient":0.00163784,"Direction":0,"PositionCertainty":1,"Enabled":1,"DataSource":1,"LevelSource":2,"StreetNameEN":"Nam Cheong Street","StreetNameTC":"南昌街","ST_CODE":11487,"FloorID":null,"BuildingID_1":null,"BuildingID_2":null,"SiteID":null,"TerminalID":null,"AccessTimeID":null,"CreationDate":1614441600000,"ModifiedBy":"LANDSD","LastAmendmentDate":1655481600000,"Shape__Length":1.3432349169281161}},{"type":"Feature","id":173372,"geometry":{"type":"LineString","coordinates":[[114.16318872922933,22.329370183739488,4.3206999999965774],[114.16320310489735,22.329359088168172,4.3850999999995111]]},"properties":{"OBJECTID":173372,"PedestrianRouteID":220015757,"Location":1,"FeatureType":1,"AliasNameEN":"Nam Cheong Street","AliasNameTC":"南昌街","CrossingFeature":null,"WeatherProof":1,"WheelchairBarrier":2,"WheelchairAccess":2,"ObstaclesType":null,"Gradient":0.03345385,"Direction":0,"PositionCertainty":1,"Enabled":1,"DataSource":1,"LevelSource":2,"StreetNameEN":"Nam Cheong Street","StreetNameTC":"南昌街","ST_CODE":11487,"FloorID":null,"BuildingID_1":null,"BuildingID_2":null,"SiteID":null,"TerminalID":null,"AccessTimeID":null,"CreationDate":1614441600000,"ModifiedBy":"LANDSD","LastAmendmentDate":1655481600000,"Shape__Length":1.9243217639170964}},{"type":"Feature","id":173373,"geometry":{"type":"LineString","coordinates":[[114.16365992300896,22.329860561690925,4.6426999999966938],[114.16365274178284,22.329852519373389,4.5966999999945983]]},"properties":{"OBJECTID":173373,"PedestrianRouteID":220015758,"Location":1,"FeatureType":1,"AliasNameEN":"Cheung Sha Wan Road","AliasNameTC":"長沙灣道","CrossingFeature":null,"WeatherProof":1,"WheelchairBarrier":2,"WheelchairAccess":2,"ObstaclesType":null,"Gradient":0.039710500000000003,"Direction":0,"PositionCertainty":1,"Enabled":1,"DataSource":1,"LevelSource":2,"StreetNameEN":"Cheung Sha Wan Road","StreetNameTC":"長沙灣道","ST_CODE":10206,"FloorID":null,"BuildingID_1":null,"BuildingID_2":null,"SiteID":null,"TerminalID":null,"AccessTimeID":null,"CreationDate":1614441600000,"ModifiedBy":"LANDSD","LastAmendmentDate":1655481600000,"Shape__Length":1.1577747018012516}},{"type":"Feature","id":173374,"geometry":{"type":"LineString","coordinates":[[114.16390740701685,22.32966826541934,4.5981999999930849],[114.1639021649703,22.329662506198616,4.5896000000066124]]},"properties":{"OBJECTID":173374,"PedestrianRouteID":220015759,"Location":1,"FeatureType":1,"AliasNameEN":"Cheung Sha Wan Road","AliasNameTC":"長沙灣道","CrossingFeature":null,"WeatherProof":1,"WheelchairBarrier":2,"WheelchairAccess":2,"ObstaclesType":null,"Gradient":0.0102906,"Direction":0,"PositionCertainty":1,"Enabled":1,"DataSource":1,"LevelSource":2,"StreetNameEN":"Cheung Sha Wan Road","StreetNameTC":"長沙灣道","ST_CODE":10206,"FloorID":null,"BuildingID_1":null,"BuildingID_2":null,"SiteID":null,"TerminalID":null,"AccessTimeID":null,"CreationDate":1614441600000,"ModifiedBy":"LANDSD","LastAmendmentDate":1655481600000,"Shape__Length":0.8356849277527888}},{"type":"Feature","id":173375,"geometry":{"type":"LineString","coordinates":[[114.16422335494794,22.32998801447032,5.161999999996624],[114.16420878125076,22.329999427992338,5.1579000000056112]]},"properties":{"OBJECTID":173375,"PedestrianRouteID":220015760,"Location":1,"FeatureType":1,"AliasNameEN":"Nam Cheong Street","AliasNameTC":"南昌街","CrossingFeature":null,"WeatherProof":1,"WheelchairBarrier":2,"WheelchairAccess":2,"ObstaclesType":null,"Gradient":0.0020891199999999999,"Direction":0,"PositionCertainty":1,"Enabled":1,"DataSource":1,"LevelSource":12,"StreetNameEN":"Nam Cheong Street","StreetNameTC":"南昌街","ST_CODE":11487,"FloorID":null,"BuildingID_1":null,"BuildingID_2":null,"SiteID":null,"TerminalID":null,"AccessTimeID":null,"CreationDate":1614441600000,"ModifiedBy":"LANDSD","LastAmendmentDate":1689004800000,"Shape__Length":1.9625487739300684}},{"type":"Feature","id":173376,"geometry":{"type":"LineString","coordinates":[[114.16395550508645,22.33019159240968,5.3288000000029569],[114.16394667231958,22.330198417021855,5.3340000000025611]]},"properties":{"OBJECTID":173376,"PedestrianRouteID":220015761,"Location":1,"FeatureType":1,"AliasNameEN":"Nam Cheong Street","AliasNameTC":"南昌街","CrossingFeature":null,"WeatherProof":2,"WheelchairBarrier":2,"WheelchairAccess":2,"ObstaclesType":null,"Gradient":0.0043961099999999999,"Direction":0,"PositionCertainty":1,"Enabled":1,"DataSource":1,"LevelSource":2,"StreetNameEN":"Nam Cheong Street","StreetNameTC":"南昌街","ST_CODE":11487,"FloorID":null,"BuildingID_1":null,"BuildingID_2":null,"SiteID":null,"TerminalID":null,"AccessTimeID":null,"CreationDate":1614441600000,"ModifiedBy":"LANDSD","LastAmendmentDate":1655481600000,"Shape__Length":1.1828574088895569}},{"type":"Feature","id":173377,"geometry":{"type":"LineString","coordinates":[[114.16404005674723,22.330304885048861,5.4198000000033062],[114.16404892834856,22.330298000832865,5.4055999999982305]]},"properties":{"OBJECTID":173377,"PedestrianRouteID":220015762,"Location":1,"FeatureType":1,"AliasNameEN":"Nam Cheong Street","AliasNameTC":"南昌街","CrossingFeature":null,"WeatherProof":2,"WheelchairBarrier":2,"WheelchairAccess":2,"ObstaclesType":null,"Gradient":0.011930659999999999,"Direction":0,"PositionCertainty":1,"Enabled":1,"DataSource":1,"LevelSource":2,"StreetNameEN":"Nam Cheong Street","StreetNameTC":"南昌街","ST_CODE":11487,"FloorID":null,"BuildingID_1":null,"BuildingID_2":null,"SiteID":null,"TerminalID":null,"AccessTimeID":null,"CreationDate":1614441600000,"ModifiedBy":"LANDSD","LastAmendmentDate":1655481600000,"Shape__Length":1.190154179945651}},{"type":"Feature","id":173378,"geometry":{"type":"LineString","coordinates":[[114.164302604353,22.330107411236575,5.2036999999982072],[114.16431914282066,22.330094550255595,5.1870999999955529]]},"properties":{"OBJECTID":173378,"PedestrianRouteID":220015763,"Location":1,"FeatureType":1,"AliasNameEN":"Nam Cheong Street","AliasNameTC":"南昌街","CrossingFeature":null,"WeatherProof":2,"WheelchairBarrier":2,"WheelchairAccess":2,"ObstaclesType":null,"Gradient":0.0074752000000000004,"Direction":0,"PositionCertainty":1,"Enabled":1,"DataSource":1,"LevelSource":2,"StreetNameEN":"Nam Cheong Street","StreetNameTC":"南昌街","ST_CODE":11487,"FloorID":null,"BuildingID_1":null,"BuildingID_2":null,"SiteID":null,"TerminalID":null,"AccessTimeID":null,"CreationDate":1614441600000,"ModifiedBy":"LANDSD","LastAmendmentDate":1655481600000,"Shape__Length":2.2206359858463025}},{"type":"Feature","id":173401,"geometry":{"type":"LineString","coordinates":[[114.16409821381936,22.328666160291498,5.0231000000057975],[114.16409804008875,22.32866596521723,5.0231000000057975],[114.16408968210742,22.32867246748398,5.0185000000055879]]},"properties":{"OBJECTID":173401,"PedestrianRouteID":220015786,"Location":1,"FeatureType":1,"AliasNameEN":"Apliu Street","AliasNameTC":"鴨寮街","CrossingFeature":null,"WeatherProof":1,"WheelchairBarrier":2,"WheelchairAccess":2,"ObstaclesType":null,"Gradient":0.0039982699999999999,"Direction":0,"PositionCertainty":1,"Enabled":1,"DataSource":1,"LevelSource":2,"StreetNameEN":"Apliu Street","StreetNameTC":"鴨寮街","ST_CODE":10025,"FloorID":null,"BuildingID_1":null,"BuildingID_2":null,"SiteID":null,"TerminalID":null,"AccessTimeID":null,"CreationDate":1614441600000,"ModifiedBy":"LANDSD","LastAmendmentDate":1655481600000,"Shape__Length":1.1504900714268957}},{"type":"Feature","id":173402,"geometry":{"type":"LineString","coordinates":[[114.16422677928996,22.328563841179722,5.08629999999539],[114.16421395499948,22.328573826201879,5.025099999998929]]},"properties":{"OBJECTID":173402,"PedestrianRouteID":220015787,"Location":1,"FeatureType":1,"AliasNameEN":"Apliu Street","AliasNameTC":"鴨寮街","CrossingFeature":null,"WeatherProof":2,"WheelchairBarrier":2,"WheelchairAccess":2,"ObstaclesType":null,"Gradient":0.035508280000000003,"Direction":0,"PositionCertainty":1,"Enabled":1,"DataSource":1,"LevelSource":2,"StreetNameEN":"Apliu Street","StreetNameTC":"鴨寮街","ST_CODE":10025,"FloorID":null,"BuildingID_1":null,"BuildingID_2":null,"SiteID":null,"TerminalID":null,"AccessTimeID":null,"CreationDate":1614441600000,"ModifiedBy":"LANDSD","LastAmendmentDate":1655481600000,"Shape__Length":1.7228171257434195}},{"type":"Feature","id":173403,"geometry":{"type":"LineString","coordinates":[[114.16399485327376,22.328567540871042,4.9799999999959255],[114.16400434991314,22.328560213303806,4.9925999999977648],[114.16400373554754,22.3285595314461,4.9902000000001863]]},"properties":{"OBJECTID":173403,"PedestrianRouteID":220015788,"Location":1,"FeatureType":1,"AliasNameEN":"Apliu Street","AliasNameTC":"鴨寮街","CrossingFeature":null,"WeatherProof":1,"WheelchairBarrier":2,"WheelchairAccess":2,"ObstaclesType":null,"Gradient":0.0074473500000000002,"Direction":0,"PositionCertainty":1,"Enabled":1,"DataSource":1,"LevelSource":2,"StreetNameEN":"Apliu Street","StreetNameTC":"鴨寮街","ST_CODE":10025,"FloorID":null,"BuildingID_1":null,"BuildingID_2":null,"SiteID":null,"TerminalID":null,"AccessTimeID":null,"CreationDate":1614441600000,"ModifiedBy":"LANDSD","LastAmendmentDate":1655481600000,"Shape__Length":1.3695886015550984}},{"type":"Feature","id":173404,"geometry":{"type":"LineString","coordinates":[[114.16413303360852,22.328459739222751,5.0856000000057975],[114.16412220416349,22.328468209965074,5.0666999999957625]]},"properties":{"OBJECTID":173404,"PedestrianRouteID":220015789,"Location":1,"FeatureType":1,"AliasNameEN":"Apliu Street","AliasNameTC":"鴨寮街","CrossingFeature":null,"WeatherProof":2,"WheelchairBarrier":2,"WheelchairAccess":2,"ObstaclesType":null,"Gradient":0.0129658,"Direction":0,"PositionCertainty":1,"Enabled":1,"DataSource":1,"LevelSource":2,"StreetNameEN":"Apliu Street","StreetNameTC":"鴨寮街","ST_CODE":10025,"FloorID":null,"BuildingID_1":null,"BuildingID_2":null,"SiteID":null,"TerminalID":null,"AccessTimeID":null,"CreationDate":1614441600000,"ModifiedBy":"LANDSD","LastAmendmentDate":1655481600000,"Shape__Length":1.4575990435935904}},{"type":"Feature","id":173405,"geometry":{"type":"LineString","coordinates":[[114.16373783225022,22.328264709472538,4.8643000000010943],[114.16372642812553,22.328273621737786,4.8736000000062631]]},"properties":{"OBJECTID":173405,"PedestrianRouteID":220015790,"Location":1,"FeatureType":1,"AliasNameEN":"Shek Kip Mei Street","AliasNameTC":"石硤尾街","CrossingFeature":null,"WeatherProof":2,"WheelchairBarrier":2,"WheelchairAccess":2,"ObstaclesType":null,"Gradient":0.0060610000000000004,"Direction":0,"PositionCertainty":1,"Enabled":1,"DataSource":1,"LevelSource":2,"StreetNameEN":"Shek Kip Mei Street","StreetNameTC":"石硤尾街","ST_CODE":11995,"FloorID":null,"BuildingID_1":null,"BuildingID_2":null,"SiteID":null,"TerminalID":null,"AccessTimeID":null,"CreationDate":1614441600000,"ModifiedBy":"LANDSD","LastAmendmentDate":1655481600000,"Shape__Length":1.5343806709900953}},{"type":"Feature","id":173406,"geometry":{"type":"LineString","coordinates":[[114.16386816594883,22.328164604179186,4.9377999999996973],[114.16385795486609,22.328172571047009,4.9527999999991152]]},"properties":{"OBJECTID":173406,"PedestrianRouteID":220015791,"Location":1,"FeatureType":1,"AliasNameEN":"Shek Kip Mei Street","AliasNameTC":"石硤尾街","CrossingFeature":null,"WeatherProof":1,"WheelchairBarrier":2,"WheelchairAccess":2,"ObstaclesType":null,"Gradient":0.01092507,"Direction":0,"PositionCertainty":1,"Enabled":1,"DataSource":1,"LevelSource":2,"StreetNameEN":"Shek Kip Mei Street","StreetNameTC":"石硤尾街","ST_CODE":11995,"FloorID":null,"BuildingID_1":null,"BuildingID_2":null,"SiteID":null,"TerminalID":null,"AccessTimeID":null,"CreationDate":1614441600000,"ModifiedBy":"LANDSD","LastAmendmentDate":1655481600000,"Shape__Length":1.3729336824968874}},{"type":"Feature","id":173407,"geometry":{"type":"LineString","coordinates":[[114.1636455131589,22.328159206701613,4.875],[114.16363202683172,22.328169658505619,4.8620999999984633]]},"properties":{"OBJECTID":173407,"PedestrianRouteID":220015792,"Location":1,"FeatureType":1,"AliasNameEN":"Shek Kip Mei Street","AliasNameTC":"石硤尾街","CrossingFeature":null,"WeatherProof":2,"WheelchairBarrier":2,"WheelchairAccess":2,"ObstaclesType":null,"Gradient":0.0071336400000000001,"Direction":0,"PositionCertainty":1,"Enabled":1,"DataSource":1,"LevelSource":2,"StreetNameEN":"Shek Kip Mei Street","StreetNameTC":"石硤尾街","ST_CODE":11995,"FloorID":null,"BuildingID_1":null,"BuildingID_2":null,"SiteID":null,"TerminalID":null,"AccessTimeID":null,"CreationDate":1614441600000,"ModifiedBy":"LANDSD","LastAmendmentDate":1655481600000,"Shape__Length":1.8083032769248155}},{"type":"Feature","id":173408,"geometry":{"type":"LineString","coordinates":[[114.16375633024902,22.32806501945641,4.846399999994901],[114.16374867352033,22.328056624007154,4.8542000000015832]]},"properties":{"OBJECTID":173408,"PedestrianRouteID":220015793,"Location":1,"FeatureType":1,"AliasNameEN":"Shek Kip Mei Street","AliasNameTC":"石硤尾街","CrossingFeature":null,"WeatherProof":2,"WheelchairBarrier":2,"WheelchairAccess":2,"ObstaclesType":null,"Gradient":0.0063974000000000001,"Direction":0,"PositionCertainty":1,"Enabled":1,"DataSource":1,"LevelSource":2,"StreetNameEN":"Shek Kip Mei Street","StreetNameTC":"石硤尾街","ST_CODE":11995,"FloorID":null,"BuildingID_1":null,"BuildingID_2":null,"SiteID":null,"TerminalID":null,"AccessTimeID":null,"CreationDate":1614441600000,"ModifiedBy":"LANDSD","LastAmendmentDate":1655481600000,"Shape__Length":1.219229006699484}},{"type":"Feature","id":173437,"geometry":{"type":"LineString","coordinates":[[114.16337528525543,22.327863406658416,4.7826999999961117],[114.16336459656179,22.327871815051399,4.7829000000056112]]},"properties":{"OBJECTID":173437,"PedestrianRouteID":220015822,"Location":1,"FeatureType":1,"AliasNameEN":"Shek Kip Mei Street","AliasNameTC":"石硤尾街","CrossingFeature":null,"WeatherProof":1,"WheelchairBarrier":2,"WheelchairAccess":2,"ObstaclesType":null,"Gradient":0.00013868999999999999,"Direction":0,"PositionCertainty":1,"Enabled":1,"DataSource":1,"LevelSource":2,"StreetNameEN":"Shek Kip Mei Street","StreetNameTC":"石硤尾街","ST_CODE":11995,"FloorID":null,"BuildingID_1":null,"BuildingID_2":null,"SiteID":null,"TerminalID":null,"AccessTimeID":null,"CreationDate":1614441600000,"ModifiedBy":"LANDSD","LastAmendmentDate":1655481600000,"Shape__Length":1.4420661039924554}},{"type":"Feature","id":173512,"geometry":{"type":"LineString","coordinates":[[114.16055792044679,22.331927481159767,4.8690000000060536],[114.16054973089837,22.33191818425799,4.895699999993667]]},"properties":{"OBJECTID":173512,"PedestrianRouteID":220015898,"Location":1,"FeatureType":1,"AliasNameEN":"Cheung Sha Wan Road","AliasNameTC":"長沙灣道","CrossingFeature":null,"WeatherProof":1,"WheelchairBarrier":2,"WheelchairAccess":1,"ObstaclesType":null,"Gradient":0.020056839999999999,"Direction":0,"PositionCertainty":1,"Enabled":1,"DataSource":1,"LevelSource":12,"StreetNameEN":"Cheung Sha Wan Road","StreetNameTC":"長沙灣道","ST_CODE":10206,"FloorID":null,"BuildingID_1":null,"BuildingID_2":null,"SiteID":null,"TerminalID":null,"AccessTimeID":null,"CreationDate":1614441600000,"ModifiedBy":"LANDSD","LastAmendmentDate":1689004800000,"Shape__Length":1.331038240149292}},{"type":"Feature","id":173513,"geometry":{"type":"LineString","coordinates":[[114.16051397732572,22.331946565582122,4.8678999999974621],[114.16053185411384,22.331932374921049,4.786999999996624]]},"properties":{"OBJECTID":173513,"PedestrianRouteID":220015899,"Location":1,"FeatureType":11,"AliasNameEN":"Cheung Sha Wan Road Ramp","AliasNameTC":"長沙灣道斜道","CrossingFeature":null,"WeatherProof":1,"WheelchairBarrier":2,"WheelchairAccess":1,"ObstaclesType":null,"Gradient":0.013217130000000001,"Direction":0,"PositionCertainty":1,"Enabled":1,"DataSource":1,"LevelSource":9,"StreetNameEN":"Cheung Sha Wan Road","StreetNameTC":"長沙灣道","ST_CODE":10206,"FloorID":null,"BuildingID_1":null,"BuildingID_2":null,"SiteID":null,"TerminalID":null,"AccessTimeID":null,"CreationDate":1614441600000,"ModifiedBy":"LANDSD","LastAmendmentDate":1689004800000,"Shape__Length":2.4209603064021823}},{"type":"Feature","id":173514,"geometry":{"type":"LineString","coordinates":[[114.16053185411384,22.331932374921049,4.786999999996624],[114.16054973089837,22.33191818425799,4.895699999993667]]},"properties":{"OBJECTID":173514,"PedestrianRouteID":220015900,"Location":1,"FeatureType":11,"AliasNameEN":"Cheung Sha Wan Road Ramp","AliasNameTC":"長沙灣道斜道","CrossingFeature":null,"WeatherProof":1,"WheelchairBarrier":2,"WheelchairAccess":1,"ObstaclesType":null,"Gradient":0.013217130000000001,"Direction":0,"PositionCertainty":1,"Enabled":1,"DataSource":1,"LevelSource":9,"StreetNameEN":"Cheung Sha Wan Road","StreetNameTC":"長沙灣道","ST_CODE":10206,"FloorID":null,"BuildingID_1":null,"BuildingID_2":null,"SiteID":null,"TerminalID":null,"AccessTimeID":null,"CreationDate":1614441600000,"ModifiedBy":"LANDSD","LastAmendmentDate":1689004800000,"Shape__Length":2.4209603071105916}},{"type":"Feature","id":173515,"geometry":{"type":"LineString","coordinates":[[114.16035399767976,22.331304555491066,4.4719999999942956],[114.16033123520944,22.331280163382409,4.4700000000011642]]},"properties":{"OBJECTID":173515,"PedestrianRouteID":220015901,"Location":1,"FeatureType":1,"AliasNameEN":"Yen Chow Street","AliasNameTC":"欽州街","CrossingFeature":null,"WeatherProof":2,"WheelchairBarrier":2,"WheelchairAccess":2,"ObstaclesType":null,"Gradient":0.00055913000000000002,"Direction":0,"PositionCertainty":1,"Enabled":1,"DataSource":1,"LevelSource":2,"StreetNameEN":"Yen Chow Street","StreetNameTC":"欽州街","ST_CODE":12852,"FloorID":null,"BuildingID_1":null,"BuildingID_2":null,"SiteID":null,"TerminalID":null,"AccessTimeID":null,"CreationDate":1614441600000,"ModifiedBy":"LANDSD","LastAmendmentDate":1655481600000,"Shape__Length":3.5769753604757932}},{"type":"Feature","id":173516,"geometry":{"type":"LineString","coordinates":[[114.16009427893093,22.33132031885016,11.343999999997322],[114.16013768017689,22.331367305826181,11.343999999997322]]},"properties":{"OBJECTID":173516,"PedestrianRouteID":220015902,"Location":2,"FeatureType":1,"AliasNameEN":"1/F","AliasNameTC":"一樓","CrossingFeature":null,"WeatherProof":1,"WheelchairBarrier":2,"WheelchairAccess":2,"ObstaclesType":null,"Gradient":0,"Direction":0,"PositionCertainty":1,"Enabled":1,"DataSource":1,"LevelSource":9,"StreetNameEN":null,"StreetNameTC":null,"ST_CODE":null,"FloorID":220000022,"BuildingID_1":1108226175,"BuildingID_2":null,"SiteID":null,"TerminalID":1511001373,"AccessTimeID":290000422,"CreationDate":1614441600000,"ModifiedBy":"LANDSD","LastAmendmentDate":1660752000000,"Shape__Length":6.8603237532745718}},{"type":"Feature","id":173517,"geometry":{"type":"LineString","coordinates":[[114.16020922478906,22.331378037897053,11.343999999997322],[114.16033123520944,22.331280163382409,4.4700000000011642]]},"properties":{"OBJECTID":173517,"PedestrianRouteID":220015903,"Location":1,"FeatureType":8,"AliasNameEN":"Escalator","AliasNameTC":"扶手電梯","CrossingFeature":null,"WeatherProof":1,"WheelchairBarrier":1,"WheelchairAccess":2,"ObstaclesType":null,"Gradient":0.39266358000000001,"Direction":-1,"PositionCertainty":1,"Enabled":1,"DataSource":1,"LevelSource":9,"StreetNameEN":"","StreetNameTC":"","ST_CODE":50674,"FloorID":null,"BuildingID_1":null,"BuildingID_2":null,"SiteID":null,"TerminalID":null,"AccessTimeID":null,"CreationDate":1614441600000,"ModifiedBy":"LANDSD","LastAmendmentDate":1654272000000,"Shape__Length":16.596970772727293}},{"type":"Feature","id":173518,"geometry":{"type":"LineString","coordinates":[[114.16031298323601,22.331257942681916,4.5739999999932479],[114.16019243928618,22.331357780581918,11.343999999997322]]},"properties":{"OBJECTID":173518,"PedestrianRouteID":220015904,"Location":1,"FeatureType":12,"AliasNameEN":"Staircase","AliasNameTC":"樓梯","CrossingFeature":null,"WeatherProof":1,"WheelchairBarrier":1,"WheelchairAccess":2,"ObstaclesType":null,"Gradient":0.38667933999999998,"Direction":0,"PositionCertainty":1,"Enabled":1,"DataSource":1,"LevelSource":12,"StreetNameEN":null,"StreetNameTC":null,"ST_CODE":null,"FloorID":null,"BuildingID_1":1108226175,"BuildingID_2":null,"SiteID":null,"TerminalID":null,"AccessTimeID":290000422,"CreationDate":1614441600000,"ModifiedBy":"LANDSD","LastAmendmentDate":1660752000000,"Shape__Length":16.626616519930504}},{"type":"Feature","id":173519,"geometry":{"type":"LineString","coordinates":[[114.1604448505518,22.331701627595539,4.786999999996624],[114.1605758166494,22.331837833676019,4.786999999996624],[114.16050381185882,22.331900545624546,4.786999999996624],[114.1605289181834,22.331929042341645,4.786999999996624]]},"properties":{"OBJECTID":173519,"PedestrianRouteID":220015905,"Location":2,"FeatureType":1,"AliasNameEN":"  Footway","AliasNameTC":" 行人道","CrossingFeature":null,"WeatherProof":1,"WheelchairBarrier":2,"WheelchairAccess":1,"ObstaclesType":null,"Gradient":0,"Direction":0,"PositionCertainty":1,"Enabled":1,"DataSource":1,"LevelSource":9,"StreetNameEN":null,"StreetNameTC":null,"ST_CODE":null,"FloorID":220000035,"BuildingID_1":1108245681,"BuildingID_2":null,"SiteID":1810010773,"TerminalID":null,"AccessTimeID":290000286,"CreationDate":1614441600000,"ModifiedBy":"LANDSD","LastAmendmentDate":1659974400000,"Shape__Length":34.478166392962038}},{"type":"Feature","id":173520,"geometry":{"type":"LineString","coordinates":[[114.16015033390613,22.331506505403915,11.343999999997322],[114.16020986970817,22.331571384502602,11.343999999997322],[114.16031388553851,22.331566616153015,11.343999999997322]]},"properties":{"OBJECTID":173520,"PedestrianRouteID":220015906,"Location":2,"FeatureType":1,"AliasNameEN":"  Footway","AliasNameTC":" 行人道","CrossingFeature":null,"WeatherProof":1,"WheelchairBarrier":1,"WheelchairAccess":2,"ObstaclesType":null,"Gradient":0,"Direction":0,"PositionCertainty":1,"Enabled":1,"DataSource":1,"LevelSource":9,"StreetNameEN":null,"StreetNameTC":null,"ST_CODE":null,"FloorID":220000036,"BuildingID_1":1108245681,"BuildingID_2":null,"SiteID":1810010773,"TerminalID":null,"AccessTimeID":290000286,"CreationDate":1614441600000,"ModifiedBy":"LANDSD","LastAmendmentDate":1706457600000,"Shape__Length":20.175132042513177}},{"type":"Feature","id":173521,"geometry":{"type":"LineString","coordinates":[[114.16031388553851,22.331566616153015,11.343999999997322],[114.1604448505518,22.331701627595539,4.786999999996624]]},"properties":{"OBJECTID":173521,"PedestrianRouteID":220015907,"Location":2,"FeatureType":8,"AliasNameEN":"Escalator","AliasNameTC":"扶手電梯","CrossingFeature":null,"WeatherProof":1,"WheelchairBarrier":1,"WheelchairAccess":2,"ObstaclesType":null,"Gradient":0.31477260000000001,"Direction":-1,"PositionCertainty":1,"Enabled":1,"DataSource":1,"LevelSource":9,"StreetNameEN":null,"StreetNameTC":null,"ST_CODE":null,"FloorID":null,"BuildingID_1":1108245681,"BuildingID_2":null,"SiteID":1810010773,"TerminalID":null,"AccessTimeID":290000286,"CreationDate":1614441600000,"ModifiedBy":"LANDSD","LastAmendmentDate":1659974400000,"Shape__Length":20.138335103251677}},{"type":"Feature","id":177492,"geometry":{"type":"LineString","coordinates":[[114.16232454792063,22.331664872567032,5.2097000000067055],[114.16230752404078,22.331646741248807,5.2079999999987194]]},"properties":{"OBJECTID":177492,"PedestrianRouteID":220020335,"Location":1,"FeatureType":1,"AliasNameEN":"Fuk Wa Street","AliasNameTC":"福華街","CrossingFeature":null,"WeatherProof":2,"WheelchairBarrier":2,"WheelchairAccess":2,"ObstaclesType":null,"Gradient":0.0037135599999999999,"Direction":0,"PositionCertainty":1,"Enabled":1,"DataSource":1,"LevelSource":2,"StreetNameEN":"Fuk Wa Street","StreetNameTC":"福華街","ST_CODE":10560,"FloorID":null,"BuildingID_1":null,"BuildingID_2":null,"SiteID":null,"TerminalID":null,"AccessTimeID":null,"CreationDate":1614441600000,"ModifiedBy":"LANDSD","LastAmendmentDate":1689004800000,"Shape__Length":2.6658908003793949}},{"type":"Feature","id":177493,"geometry":{"type":"LineString","coordinates":[[114.16317805616764,22.330982097525258,5.3907999999937601],[114.16317409827926,22.330976629174774,5.3969000000070082]]},"properties":{"OBJECTID":177493,"PedestrianRouteID":220020336,"Location":1,"FeatureType":1,"AliasNameEN":"Pei Ho Street","AliasNameTC":"北河街","CrossingFeature":null,"WeatherProof":2,"WheelchairBarrier":2,"WheelchairAccess":2,"ObstaclesType":null,"Gradient":0.0083557300000000004,"Direction":0,"PositionCertainty":1,"Enabled":1,"DataSource":1,"LevelSource":12,"StreetNameEN":"Pei Ho Street","StreetNameTC":"北河街","ST_CODE":11675,"FloorID":null,"BuildingID_1":null,"BuildingID_2":null,"SiteID":null,"TerminalID":null,"AccessTimeID":null,"CreationDate":1614441600000,"ModifiedBy":"LANDSD","LastAmendmentDate":1689004800000,"Shape__Length":0.7300212955110944}},{"type":"Feature","id":177494,"geometry":{"type":"LineString","coordinates":[[114.16055792044679,22.331927481159767,4.8690000000060536],[114.16052236781007,22.331955818256059,4.8399999999965075]]},"properties":{"OBJECTID":177494,"PedestrianRouteID":220020337,"Location":1,"FeatureType":1,"AliasNameEN":"Cheung Sha Wan Road","AliasNameTC":"長沙灣道","CrossingFeature":null,"WeatherProof":1,"WheelchairBarrier":2,"WheelchairAccess":2,"ObstaclesType":null,"Gradient":0.0060127799999999997,"Direction":0,"PositionCertainty":1,"Enabled":1,"DataSource":1,"LevelSource":12,"StreetNameEN":"Cheung Sha Wan Road","StreetNameTC":"長沙灣道","ST_CODE":10206,"FloorID":null,"BuildingID_1":null,"BuildingID_2":null,"SiteID":null,"TerminalID":null,"AccessTimeID":null,"CreationDate":1614441600000,"ModifiedBy":"LANDSD","LastAmendmentDate":1689004800000,"Shape__Length":4.8230040628156008}},{"type":"Feature","id":177495,"geometry":{"type":"LineString","coordinates":[[114.16035399767976,22.331304555491066,4.4719999999942956],[114.16038235091538,22.331282311534913,4.4704000000056112]]},"properties":{"OBJECTID":177495,"PedestrianRouteID":220020338,"Location":1,"FeatureType":1,"AliasNameEN":"Yen Chow Street","AliasNameTC":"欽州街","CrossingFeature":null,"WeatherProof":2,"WheelchairBarrier":2,"WheelchairAccess":2,"ObstaclesType":null,"Gradient":0.00041875000000000001,"Direction":0,"PositionCertainty":1,"Enabled":1,"DataSource":1,"LevelSource":2,"StreetNameEN":"Yen Chow Street","StreetNameTC":"欽州街","ST_CODE":12852,"FloorID":null,"BuildingID_1":null,"BuildingID_2":null,"SiteID":null,"TerminalID":null,"AccessTimeID":null,"CreationDate":1614441600000,"ModifiedBy":"LANDSD","LastAmendmentDate":1654963200000,"Shape__Length":3.8209057487331424}},{"type":"Feature","id":177507,"geometry":{"type":"LineString","coordinates":[[114.16033123520944,22.331280163382409,4.4700000000011642],[114.16031298323601,22.331257942681916,4.5739999999932479]]},"properties":{"OBJECTID":177507,"PedestrianRouteID":220020350,"Location":1,"FeatureType":1,"AliasNameEN":"Footway","AliasNameTC":"行人道","CrossingFeature":null,"WeatherProof":2,"WheelchairBarrier":2,"WheelchairAccess":2,"ObstaclesType":null,"Gradient":0.033570339999999997,"Direction":0,"PositionCertainty":1,"Enabled":1,"DataSource":1,"LevelSource":2,"StreetNameEN":"","StreetNameTC":"","ST_CODE":50674,"FloorID":null,"BuildingID_1":null,"BuildingID_2":null,"SiteID":null,"TerminalID":null,"AccessTimeID":null,"CreationDate":1614441600000,"ModifiedBy":"LANDSD","LastAmendmentDate":1658851200000,"Shape__Length":3.0968087639221231}},{"type":"Feature","id":177523,"geometry":{"type":"LineString","coordinates":[[114.1612201988883,22.330213361378625,4.3325999999942724],[114.16121651099132,22.330216194820064,4.3310000000055879]]},"properties":{"OBJECTID":177523,"PedestrianRouteID":220020366,"Location":1,"FeatureType":1,"AliasNameEN":"Kweilin Street","AliasNameTC":"桂林街","CrossingFeature":null,"WeatherProof":2,"WheelchairBarrier":2,"WheelchairAccess":2,"ObstaclesType":null,"Gradient":0.00324713,"Direction":0,"PositionCertainty":1,"Enabled":1,"DataSource":1,"LevelSource":2,"StreetNameEN":"Kweilin Street","StreetNameTC":"桂林街","ST_CODE":11114,"FloorID":null,"BuildingID_1":null,"BuildingID_2":null,"SiteID":null,"TerminalID":null,"AccessTimeID":null,"CreationDate":1614441600000,"ModifiedBy":"LANDSD","LastAmendmentDate":1654963200000,"Shape__Length":0.49274176789388352}},{"type":"Feature","id":177524,"geometry":{"type":"LineString","coordinates":[[114.16239008425339,22.328441890661288,4.1313999999983935],[114.1624010708622,22.32845409918335,4.1362999999983003]]},"properties":{"OBJECTID":177524,"PedestrianRouteID":220020367,"Location":1,"FeatureType":1,"AliasNameEN":"Nam Cheong Street","AliasNameTC":"南昌街","CrossingFeature":null,"WeatherProof":2,"WheelchairBarrier":2,"WheelchairAccess":2,"ObstaclesType":null,"Gradient":0.0027790699999999998,"Direction":0,"PositionCertainty":1,"Enabled":1,"DataSource":1,"LevelSource":2,"StreetNameEN":"Nam Cheong Street","StreetNameTC":"南昌街","ST_CODE":11487,"FloorID":null,"BuildingID_1":null,"BuildingID_2":null,"SiteID":null,"TerminalID":null,"AccessTimeID":null,"CreationDate":1614441600000,"ModifiedBy":"LANDSD","LastAmendmentDate":1654963200000,"Shape__Length":1.7631753277116278}},{"type":"Feature","id":177525,"geometry":{"type":"LineString","coordinates":[[114.16247390076025,22.328545573727652,4.2210999999952037],[114.16244788306518,22.328565693368457,4.259699999995064]]},"properties":{"OBJECTID":177525,"PedestrianRouteID":220020368,"Location":1,"FeatureType":1,"AliasNameEN":"Ki Lung Street","AliasNameTC":"基隆街","CrossingFeature":null,"WeatherProof":2,"WheelchairBarrier":2,"WheelchairAccess":2,"ObstaclesType":null,"Gradient":0.018015819999999998,"Direction":0,"PositionCertainty":1,"Enabled":1,"DataSource":1,"LevelSource":2,"StreetNameEN":"Ki Lung Street","StreetNameTC":"基隆街","ST_CODE":10989,"FloorID":null,"BuildingID_1":null,"BuildingID_2":null,"SiteID":null,"TerminalID":null,"AccessTimeID":null,"CreationDate":1614441600000,"ModifiedBy":"LANDSD","LastAmendmentDate":1732636800000,"Shape__Length":3.4854479311260351}},{"type":"Feature","id":177526,"geometry":{"type":"LineString","coordinates":[[114.16265126645399,22.328249003281041,4.1512999999977183],[114.16264553814702,22.328253490980302,4.1293000000005122]]},"properties":{"OBJECTID":177526,"PedestrianRouteID":220020369,"Location":1,"FeatureType":1,"AliasNameEN":"Nam Cheong Street","AliasNameTC":"南昌街","CrossingFeature":null,"WeatherProof":1,"WheelchairBarrier":2,"WheelchairAccess":2,"ObstaclesType":null,"Gradient":0.0285078,"Direction":0,"PositionCertainty":1,"Enabled":1,"DataSource":1,"LevelSource":2,"StreetNameEN":"Nam Cheong Street","StreetNameTC":"南昌街","ST_CODE":11487,"FloorID":null,"BuildingID_1":null,"BuildingID_2":null,"SiteID":null,"TerminalID":null,"AccessTimeID":null,"CreationDate":1614441600000,"ModifiedBy":"LANDSD","LastAmendmentDate":1654963200000,"Shape__Length":0.77150956707320251}},{"type":"Feature","id":177527,"geometry":{"type":"LineString","coordinates":[[114.1627403371579,22.328362918323638,4.1748999999981606],[114.16274776910895,22.328357071666193,4.2051999999966938]]},"properties":{"OBJECTID":177527,"PedestrianRouteID":220020370,"Location":1,"FeatureType":1,"AliasNameEN":"Nam Cheong Street","AliasNameTC":"南昌街","CrossingFeature":null,"WeatherProof":2,"WheelchairBarrier":2,"WheelchairAccess":2,"ObstaclesType":null,"Gradient":0.03020933,"Direction":0,"PositionCertainty":1,"Enabled":1,"DataSource":1,"LevelSource":2,"StreetNameEN":"Nam Cheong Street","StreetNameTC":"南昌街","ST_CODE":11487,"FloorID":null,"BuildingID_1":null,"BuildingID_2":null,"SiteID":null,"TerminalID":null,"AccessTimeID":null,"CreationDate":1614441600000,"ModifiedBy":"LANDSD","LastAmendmentDate":1654963200000,"Shape__Length":1.0026961705869963}},{"type":"Feature","id":177528,"geometry":{"type":"LineString","coordinates":[[114.16072069551331,22.331275115636203,4.5956000000005588],[114.16072177864993,22.331276344805939,4.5956000000005588]]},"properties":{"OBJECTID":177528,"PedestrianRouteID":220020371,"Location":1,"FeatureType":1,"AliasNameEN":"Yen Chow Street","AliasNameTC":"欽州街","CrossingFeature":null,"WeatherProof":2,"WheelchairBarrier":2,"WheelchairAccess":2,"ObstaclesType":null,"Gradient":0,"Direction":0,"PositionCertainty":1,"Enabled":1,"DataSource":1,"LevelSource":2,"StreetNameEN":"Yen Chow Street","StreetNameTC":"欽州街","ST_CODE":12852,"FloorID":null,"BuildingID_1":null,"BuildingID_2":null,"SiteID":null,"TerminalID":null,"AccessTimeID":null,"CreationDate":1614441600000,"ModifiedBy":"LANDSD","LastAmendmentDate":1654963200000,"Shape__Length":0.17600502842058816}},{"type":"Feature","id":177529,"geometry":{"type":"LineString","coordinates":[[114.16062785542189,22.331169928107304,4.4303000000072643],[114.16062670919786,22.331168655583856,4.4303000000072643]]},"properties":{"OBJECTID":177529,"PedestrianRouteID":220020372,"Location":1,"FeatureType":1,"AliasNameEN":"Yen Chow Street","AliasNameTC":"欽州街","CrossingFeature":null,"WeatherProof":2,"WheelchairBarrier":2,"WheelchairAccess":2,"ObstaclesType":null,"Gradient":0,"Direction":0,"PositionCertainty":1,"Enabled":1,"DataSource":1,"LevelSource":2,"StreetNameEN":"Yen Chow Street","StreetNameTC":"欽州街","ST_CODE":12852,"FloorID":null,"BuildingID_1":null,"BuildingID_2":null,"SiteID":null,"TerminalID":null,"AccessTimeID":null,"CreationDate":1614441600000,"ModifiedBy":"LANDSD","LastAmendmentDate":1654963200000,"Shape__Length":0.18384890439155285}},{"type":"Feature","id":177535,"geometry":{"type":"LineString","coordinates":[[114.16197042537573,22.332658114884126,5.5984000000025844],[114.16196706651886,22.332660704546278,5.5951000000059139]]},"properties":{"OBJECTID":177535,"PedestrianRouteID":220020378,"Location":1,"FeatureType":1,"AliasNameEN":"Yen Chow Street","AliasNameTC":"欽州街","CrossingFeature":null,"WeatherProof":2,"WheelchairBarrier":2,"WheelchairAccess":2,"ObstaclesType":null,"Gradient":0.00734281,"Direction":0,"PositionCertainty":1,"Enabled":1,"DataSource":1,"LevelSource":2,"StreetNameEN":"Yen Chow Street","StreetNameTC":"欽州街","ST_CODE":12852,"FloorID":null,"BuildingID_1":null,"BuildingID_2":null,"SiteID":null,"TerminalID":null,"AccessTimeID":null,"CreationDate":1614441600000,"ModifiedBy":"LANDSD","LastAmendmentDate":1654963200000,"Shape__Length":0.44941099155778741}},{"type":"Feature","id":177537,"geometry":{"type":"LineString","coordinates":[[114.16270799240273,22.332089371705475,5.5815000000002328],[114.16270613630959,22.332090802890697,5.5823999999993248]]},"properties":{"OBJECTID":177537,"PedestrianRouteID":220020380,"Location":1,"FeatureType":1,"AliasNameEN":"Kweilin Street","AliasNameTC":"桂林街","CrossingFeature":null,"WeatherProof":2,"WheelchairBarrier":2,"WheelchairAccess":2,"ObstaclesType":null,"Gradient":0.0036238400000000001,"Direction":0,"PositionCertainty":1,"Enabled":1,"DataSource":1,"LevelSource":2,"StreetNameEN":"Kweilin Street","StreetNameTC":"桂林街","ST_CODE":11114,"FloorID":null,"BuildingID_1":null,"BuildingID_2":null,"SiteID":null,"TerminalID":null,"AccessTimeID":null,"CreationDate":1614441600000,"ModifiedBy":"LANDSD","LastAmendmentDate":1654963200000,"Shape__Length":0.24835396182462485}},{"type":"Feature","id":177648,"geometry":{"type":"LineString","coordinates":[[114.16318907841102,22.330211359970264,4.6413000000029569],[114.16289941452457,22.330435535787075,4.7177999999985332]]},"properties":{"OBJECTID":177648,"PedestrianRouteID":220020494,"Location":1,"FeatureType":1,"AliasNameEN":"Cheung Sha Wan Road","AliasNameTC":"長沙灣道","CrossingFeature":null,"WeatherProof":1,"WheelchairBarrier":2,"WheelchairAccess":2,"ObstaclesType":null,"Gradient":0.00197079,"Direction":0,"PositionCertainty":1,"Enabled":1,"DataSource":1,"LevelSource":2,"StreetNameEN":"Cheung Sha Wan Road","StreetNameTC":"長沙灣道","ST_CODE":10206,"FloorID":null,"BuildingID_1":null,"BuildingID_2":null,"SiteID":null,"TerminalID":null,"AccessTimeID":null,"CreationDate":1614441600000,"ModifiedBy":"LANDSD","LastAmendmentDate":1654963200000,"Shape__Length":38.816927013000971}},{"type":"Feature","id":177649,"geometry":{"type":"LineString","coordinates":[[114.16341046664456,22.329588666503216,4.550600000002305],[114.16347670770962,22.32966200482263,4.6034999999974389]]},"properties":{"OBJECTID":177649,"PedestrianRouteID":220020495,"Location":1,"FeatureType":1,"AliasNameEN":"Nam Cheong Street","AliasNameTC":"南昌街","CrossingFeature":null,"WeatherProof":1,"WheelchairBarrier":2,"WheelchairAccess":2,"ObstaclesType":null,"Gradient":0.0049869099999999998,"Direction":0,"PositionCertainty":1,"Enabled":1,"DataSource":1,"LevelSource":2,"StreetNameEN":"Nam Cheong Street","StreetNameTC":"南昌街","ST_CODE":11487,"FloorID":null,"BuildingID_1":null,"BuildingID_2":null,"SiteID":null,"TerminalID":null,"AccessTimeID":null,"CreationDate":1614441600000,"ModifiedBy":"LANDSD","LastAmendmentDate":1654963200000,"Shape__Length":10.607692739502244}},{"type":"Feature","id":177682,"geometry":{"type":"LineString","coordinates":[[114.16336276393167,22.329055234123299,4.3908999999985099],[114.16335303503335,22.329044469762131,4.3895999999949709]]},"properties":{"OBJECTID":177682,"PedestrianRouteID":220020530,"Location":1,"FeatureType":1,"AliasNameEN":"Nam Cheong Street","AliasNameTC":"南昌街","CrossingFeature":null,"WeatherProof":2,"WheelchairBarrier":2,"WheelchairAccess":2,"ObstaclesType":null,"Gradient":0.00083474000000000005,"Direction":0,"PositionCertainty":1,"Enabled":1,"DataSource":1,"LevelSource":2,"StreetNameEN":"Nam Cheong Street","StreetNameTC":"南昌街","ST_CODE":11487,"FloorID":null,"BuildingID_1":null,"BuildingID_2":null,"SiteID":null,"TerminalID":null,"AccessTimeID":null,"CreationDate":1614441600000,"ModifiedBy":"LANDSD","LastAmendmentDate":1654963200000,"Shape__Length":1.5573796483960303}},{"type":"Feature","id":177683,"geometry":{"type":"LineString","coordinates":[[114.16345799412484,22.329163853738343,4.3990000000048894],[114.1634646533761,22.329158674344985,4.4446999999927357]]},"properties":{"OBJECTID":177683,"PedestrianRouteID":220020531,"Location":1,"FeatureType":1,"AliasNameEN":"Nam Cheong Street","AliasNameTC":"南昌街","CrossingFeature":null,"WeatherProof":2,"WheelchairBarrier":2,"WheelchairAccess":2,"ObstaclesType":null,"Gradient":0.051058439999999997,"Direction":0,"PositionCertainty":1,"Enabled":1,"DataSource":1,"LevelSource":2,"StreetNameEN":"Nam Cheong Street","StreetNameTC":"南昌街","ST_CODE":11487,"FloorID":null,"BuildingID_1":null,"BuildingID_2":null,"SiteID":null,"TerminalID":null,"AccessTimeID":null,"CreationDate":1614441600000,"ModifiedBy":"LANDSD","LastAmendmentDate":1690819200000,"Shape__Length":0.89421080326575408}},{"type":"Feature","id":177696,"geometry":{"type":"LineString","coordinates":[[114.16015614983351,22.331387301433395,11.343999999997322],[114.16017412552377,22.331406417409134,11.343999999997322],[114.16020922478906,22.331378037897053,11.343999999997322]]},"properties":{"OBJECTID":177696,"PedestrianRouteID":220020544,"Location":2,"FeatureType":1,"AliasNameEN":"1/F","AliasNameTC":"一樓","CrossingFeature":null,"WeatherProof":1,"WheelchairBarrier":2,"WheelchairAccess":2,"ObstaclesType":null,"Gradient":0,"Direction":0,"PositionCertainty":1,"Enabled":1,"DataSource":1,"LevelSource":9,"StreetNameEN":null,"StreetNameTC":null,"ST_CODE":null,"FloorID":220000022,"BuildingID_1":1108226175,"BuildingID_2":null,"SiteID":null,"TerminalID":null,"AccessTimeID":290000422,"CreationDate":1614441600000,"ModifiedBy":"LANDSD","LastAmendmentDate":1660752000000,"Shape__Length":7.6032417021668568}},{"type":"Feature","id":177697,"geometry":{"type":"LineString","coordinates":[[114.1605289181834,22.331929042341645,4.786999999996624],[114.16053185411384,22.331932374921049,4.786999999996624]]},"properties":{"OBJECTID":177697,"PedestrianRouteID":220020545,"Location":2,"FeatureType":1,"AliasNameEN":"Cheung Sha Wan Government Offices Footway","AliasNameTC":"長沙灣政府合署行人道","CrossingFeature":null,"WeatherProof":1,"WheelchairBarrier":2,"WheelchairAccess":1,"ObstaclesType":null,"Gradient":0,"Direction":0,"PositionCertainty":1,"Enabled":1,"DataSource":1,"LevelSource":9,"StreetNameEN":"CHEUNG SHA WAN ROAD","StreetNameTC":"長沙灣道","ST_CODE":10206,"FloorID":null,"BuildingID_1":null,"BuildingID_2":null,"SiteID":1810010773,"TerminalID":null,"AccessTimeID":null,"CreationDate":1614441600000,"ModifiedBy":"LANDSD","LastAmendmentDate":1614441600000,"Shape__Length":0.47714489436711388}},{"type":"Feature","id":177698,"geometry":{"type":"LineString","coordinates":[[114.16015614983351,22.331387301433395,11.343999999997322],[114.16019243928618,22.331357780581918,11.343999999997322]]},"properties":{"OBJECTID":177698,"PedestrianRouteID":220020549,"Location":2,"FeatureType":1,"AliasNameEN":"1/F","AliasNameTC":"一樓","CrossingFeature":null,"WeatherProof":1,"WheelchairBarrier":2,"WheelchairAccess":2,"ObstaclesType":null,"Gradient":0,"Direction":0,"PositionCertainty":1,"Enabled":1,"DataSource":1,"LevelSource":9,"StreetNameEN":null,"StreetNameTC":null,"ST_CODE":null,"FloorID":220000022,"BuildingID_1":1108226175,"BuildingID_2":null,"SiteID":null,"TerminalID":null,"AccessTimeID":290000422,"CreationDate":1614441600000,"ModifiedBy":"LANDSD","LastAmendmentDate":1660752000000,"Shape__Length":4.9661972984754179}},{"type":"Feature","id":177699,"geometry":{"type":"LineString","coordinates":[[114.16007176206229,22.331417992188776,11.343999999997322],[114.16003006636885,22.331370487919944,11.343999999997322],[114.16009427893093,22.33132031885016,11.343999999997322]]},"properties":{"OBJECTID":177699,"PedestrianRouteID":220020550,"Location":2,"FeatureType":1,"AliasNameEN":"Dragon Centre 1/F","AliasNameTC":"西九龍中心一樓","CrossingFeature":null,"WeatherProof":1,"WheelchairBarrier":2,"WheelchairAccess":2,"ObstaclesType":null,"Gradient":0,"Direction":0,"PositionCertainty":1,"Enabled":1,"DataSource":1,"LevelSource":2,"StreetNameEN":null,"StreetNameTC":null,"ST_CODE":null,"FloorID":220000022,"BuildingID_1":1108226175,"BuildingID_2":null,"SiteID":null,"TerminalID":1511001373,"AccessTimeID":290000422,"CreationDate":1614441600000,"ModifiedBy":"LANDSD","LastAmendmentDate":1653494400000,"Shape__Length":15.429928589733716}},{"type":"Feature","id":177700,"geometry":{"type":"LineString","coordinates":[[114.15979392649899,22.330920582296812,11.343999999997322],[114.15978894567237,22.33091494036902,11.343999999997322],[114.1597154078828,22.330829952140185,11.343999999997322],[114.15958198996509,22.330675759781411,11.343999999997322],[114.1596212244859,22.330645385075581,11.343999999997322]]},"properties":{"OBJECTID":177700,"PedestrianRouteID":220020551,"Location":2,"FeatureType":1,"AliasNameEN":"Dragon Centre 1/F","AliasNameTC":"西九龍中心一樓","CrossingFeature":null,"WeatherProof":1,"WheelchairBarrier":2,"WheelchairAccess":2,"ObstaclesType":null,"Gradient":0,"Direction":0,"PositionCertainty":1,"Enabled":1,"DataSource":1,"LevelSource":2,"StreetNameEN":null,"StreetNameTC":null,"ST_CODE":null,"FloorID":220000022,"BuildingID_1":1108226175,"BuildingID_2":null,"SiteID":null,"TerminalID":null,"AccessTimeID":290000422,"CreationDate":1614441600000,"ModifiedBy":"LANDSD","LastAmendmentDate":1690819200000,"Shape__Length":40.067840701547766}},{"type":"Feature","id":177701,"geometry":{"type":"LineString","coordinates":[[114.15982160599346,22.33089918633847,11.343999999997322],[114.15988984994351,22.330846435926492,11.343999999997322]]},"properties":{"OBJECTID":177701,"PedestrianRouteID":220020552,"Location":2,"FeatureType":1,"AliasNameEN":"Dragon Centre 1/F","AliasNameTC":"西九龍中心一樓","CrossingFeature":null,"WeatherProof":1,"WheelchairBarrier":2,"WheelchairAccess":2,"ObstaclesType":null,"Gradient":0,"Direction":0,"PositionCertainty":1,"Enabled":1,"DataSource":1,"LevelSource":2,"StreetNameEN":null,"StreetNameTC":null,"ST_CODE":null,"FloorID":220000022,"BuildingID_1":1108226175,"BuildingID_2":null,"SiteID":null,"TerminalID":1511001372,"AccessTimeID":290000422,"CreationDate":1614441600000,"ModifiedBy":"LANDSD","LastAmendmentDate":1653494400000,"Shape__Length":9.1405484751276944}},{"type":"Feature","id":177702,"geometry":{"type":"LineString","coordinates":[[114.16002175282291,22.330995131860046,4.6999999999970896],[114.1600579619622,22.331035950226195,4.6999999999970896]]},"properties":{"OBJECTID":177702,"PedestrianRouteID":220020553,"Location":2,"FeatureType":1,"AliasNameEN":"1/F","AliasNameTC":"一樓","CrossingFeature":null,"WeatherProof":1,"WheelchairBarrier":2,"WheelchairAccess":2,"ObstaclesType":null,"Gradient":0,"Direction":0,"PositionCertainty":1,"Enabled":1,"DataSource":1,"LevelSource":2,"StreetNameEN":null,"StreetNameTC":null,"ST_CODE":null,"FloorID":220000022,"BuildingID_1":1108226175,"BuildingID_2":null,"SiteID":null,"TerminalID":null,"AccessTimeID":null,"CreationDate":1614441600000,"ModifiedBy":"LANDSD","LastAmendmentDate":1654531200000,"Shape__Length":5.8605164279477782}},{"type":"Feature","id":177703,"geometry":{"type":"LineString","coordinates":[[114.159891772591,22.330848603466979,11.343999999997322],[114.15989995718853,22.330857829964138,11.343999999997322],[114.15993295860693,22.330895033082019,11.343999999997322]]},"properties":{"OBJECTID":177703,"PedestrianRouteID":220020554,"Location":2,"FeatureType":1,"AliasNameEN":"1/F","AliasNameTC":"一樓","CrossingFeature":null,"WeatherProof":1,"WheelchairBarrier":2,"WheelchairAccess":2,"ObstaclesType":null,"Gradient":0,"Direction":0,"PositionCertainty":1,"Enabled":1,"DataSource":1,"LevelSource":2,"StreetNameEN":null,"StreetNameTC":null,"ST_CODE":null,"FloorID":220000022,"BuildingID_1":1108226175,"BuildingID_2":null,"SiteID":null,"TerminalID":null,"AccessTimeID":290000422,"CreationDate":1614441600000,"ModifiedBy":"LANDSD","LastAmendmentDate":1690819200000,"Shape__Length":6.666107843222747}},{"type":"Feature","id":177704,"geometry":{"type":"LineString","coordinates":[[114.15995219049884,22.330879886285718,11.343999999997322],[114.15991900750902,22.330843126554281,11.343999999997322],[114.15991068701538,22.330833909074475,11.343999999997322]]},"properties":{"OBJECTID":177704,"PedestrianRouteID":220020555,"Location":2,"FeatureType":1,"AliasNameEN":"1/F","AliasNameTC":"一樓","CrossingFeature":null,"WeatherProof":1,"WheelchairBarrier":2,"WheelchairAccess":2,"ObstaclesType":null,"Gradient":0,"Direction":0,"PositionCertainty":1,"Enabled":1,"DataSource":1,"LevelSource":2,"StreetNameEN":null,"StreetNameTC":null,"ST_CODE":null,"FloorID":220000022,"BuildingID_1":1108226175,"BuildingID_2":null,"SiteID":null,"TerminalID":null,"AccessTimeID":null,"CreationDate":1614441600000,"ModifiedBy":"LANDSD","LastAmendmentDate":1690819200000,"Shape__Length":6.6485326451915929}},{"type":"Feature","id":177705,"geometry":{"type":"LineString","coordinates":[[114.16007862668121,22.331019951979606,4.6999999999970896],[114.16004355105588,22.33098109608072,4.6999999999970896]]},"properties":{"OBJECTID":177705,"PedestrianRouteID":220020556,"Location":2,"FeatureType":1,"AliasNameEN":"1/F","AliasNameTC":"一樓","CrossingFeature":null,"WeatherProof":1,"WheelchairBarrier":2,"WheelchairAccess":2,"ObstaclesType":null,"Gradient":0,"Direction":0,"PositionCertainty":1,"Enabled":1,"DataSource":1,"LevelSource":2,"StreetNameEN":null,"StreetNameTC":null,"ST_CODE":null,"FloorID":220000022,"BuildingID_1":1108226175,"BuildingID_2":null,"SiteID":null,"TerminalID":null,"AccessTimeID":null,"CreationDate":1614441600000,"ModifiedBy":"LANDSD","LastAmendmentDate":1654531200000,"Shape__Length":5.6187882408289322}},{"type":"Feature","id":177918,"geometry":{"type":"LineString","coordinates":[[114.16418940685965,22.332022447386912,4.1520000000018626],[114.16413515058262,22.331999723108982,4.1520000000018626]]},"properties":{"OBJECTID":177918,"PedestrianRouteID":220020783,"Location":2,"FeatureType":4,"AliasNameEN":"PEI HO STREET Subway","AliasNameTC":"北河街隧道","CrossingFeature":null,"WeatherProof":1,"WheelchairBarrier":2,"WheelchairAccess":2,"ObstaclesType":null,"Gradient":0,"Direction":0,"PositionCertainty":1,"Enabled":1,"DataSource":1,"LevelSource":2,"StreetNameEN":"PEI HO STREET","StreetNameTC":"北河街","ST_CODE":11675,"FloorID":null,"BuildingID_1":null,"BuildingID_2":null,"SiteID":null,"TerminalID":null,"AccessTimeID":null,"CreationDate":1614441600000,"ModifiedBy":"LANDSD","LastAmendmentDate":1614441600000,"Shape__Length":6.1298041476809049}},{"type":"Feature","id":177919,"geometry":{"type":"LineString","coordinates":[[114.16418388136154,22.332058781495373,4.1520000000018626],[114.16418405124782,22.332058598187839,7.0249999999941792]]},"properties":{"OBJECTID":177919,"PedestrianRouteID":220020784,"Location":2,"FeatureType":10,"AliasNameEN":"Lift","AliasNameTC":"升降機","CrossingFeature":null,"WeatherProof":1,"WheelchairBarrier":2,"WheelchairAccess":2,"ObstaclesType":null,"Gradient":1.56146772,"Direction":0,"PositionCertainty":1,"Enabled":1,"DataSource":1,"LevelSource":2,"StreetNameEN":null,"StreetNameTC":null,"ST_CODE":null,"FloorID":null,"BuildingID_1":1810130479,"BuildingID_2":null,"SiteID":null,"TerminalID":null,"AccessTimeID":290000915,"CreationDate":1614441600000,"ModifiedBy":"LANDSD","LastAmendmentDate":1772208000000,"Shape__Length":0.026801866341561412}},{"type":"Feature","id":178401,"geometry":{"type":"LineString","coordinates":[[114.16310831544848,22.332544977177399,6.0953000000008615],[114.16310252786798,22.332538531562555,6.0703999999968801]]},"properties":{"OBJECTID":178401,"PedestrianRouteID":220021279,"Location":1,"FeatureType":1,"AliasNameEN":"Un Chau Street","AliasNameTC":"元州街","CrossingFeature":null,"WeatherProof":1,"WheelchairBarrier":2,"WheelchairAccess":2,"ObstaclesType":null,"Gradient":0.026767160000000002,"Direction":0,"PositionCertainty":1,"Enabled":1,"DataSource":1,"LevelSource":12,"StreetNameEN":"Un Chau Street","StreetNameTC":"元州街","ST_CODE":12556,"FloorID":null,"BuildingID_1":null,"BuildingID_2":null,"SiteID":null,"TerminalID":null,"AccessTimeID":null,"CreationDate":1614441600000,"ModifiedBy":"LANDSD","LastAmendmentDate":1689004800000,"Shape__Length":0.93002224740496042}},{"type":"Feature","id":178409,"geometry":{"type":"LineString","coordinates":[[114.16386205815445,22.331749737729982,5.9361000000062631],[114.16387042457272,22.331759079631727,5.8987000000051921]]},"properties":{"OBJECTID":178409,"PedestrianRouteID":220021287,"Location":1,"FeatureType":1,"AliasNameEN":"Pei Ho Street","AliasNameTC":"北河街","CrossingFeature":null,"WeatherProof":1,"WheelchairBarrier":2,"WheelchairAccess":2,"ObstaclesType":null,"Gradient":0.0016338800000000001,"Direction":0,"PositionCertainty":1,"Enabled":1,"DataSource":1,"LevelSource":2,"StreetNameEN":"Pei Ho Street","StreetNameTC":"北河街","ST_CODE":11675,"FloorID":null,"BuildingID_1":null,"BuildingID_2":null,"SiteID":null,"TerminalID":null,"AccessTimeID":null,"CreationDate":1614441600000,"ModifiedBy":"LANDSD","LastAmendmentDate":1689004800000,"Shape__Length":1.346487043421148}},{"type":"Feature","id":178410,"geometry":{"type":"LineString","coordinates":[[114.16397822901587,22.331658705185976,5.9320000000006985],[114.16398660708545,22.331668038052172,5.9320000000006985]]},"properties":{"OBJECTID":178410,"PedestrianRouteID":220021288,"Location":1,"FeatureType":1,"AliasNameEN":"Pei Ho Street","AliasNameTC":"北河街","CrossingFeature":null,"WeatherProof":2,"WheelchairBarrier":2,"WheelchairAccess":2,"ObstaclesType":null,"Gradient":0,"Direction":0,"PositionCertainty":1,"Enabled":1,"DataSource":1,"LevelSource":2,"StreetNameEN":"Pei Ho Street","StreetNameTC":"北河街","ST_CODE":11675,"FloorID":null,"BuildingID_1":null,"BuildingID_2":null,"SiteID":null,"TerminalID":null,"AccessTimeID":null,"CreationDate":1614441600000,"ModifiedBy":"LANDSD","LastAmendmentDate":1654963200000,"Shape__Length":1.3464879492440456}},{"type":"Feature","id":178411,"geometry":{"type":"LineString","coordinates":[[114.162439860464,22.329948201806058,4.4021999999968102],[114.16244197280878,22.329946571070383,4.3641000000061467]]},"properties":{"OBJECTID":178411,"PedestrianRouteID":220021289,"Location":1,"FeatureType":1,"AliasNameEN":"Pei Ho Street","AliasNameTC":"北河街","CrossingFeature":null,"WeatherProof":2,"WheelchairBarrier":2,"WheelchairAccess":2,"ObstaclesType":null,"Gradient":0.13392588,"Direction":0,"PositionCertainty":1,"Enabled":1,"DataSource":1,"LevelSource":12,"StreetNameEN":"Pei Ho Street","StreetNameTC":"北河街","ST_CODE":11675,"FloorID":null,"BuildingID_1":null,"BuildingID_2":null,"SiteID":null,"TerminalID":null,"AccessTimeID":null,"CreationDate":1614441600000,"ModifiedBy":"LANDSD","LastAmendmentDate":1761580800000,"Shape__Length":0.28278281460610466}},{"type":"Feature","id":178412,"geometry":{"type":"LineString","coordinates":[[114.16086034558514,22.32981334196004,4.3782000000064727],[114.16086058336879,22.329813607482603,4.3782999999966705]]},"properties":{"OBJECTID":178412,"PedestrianRouteID":220021290,"Location":1,"FeatureType":1,"AliasNameEN":"Kweilin Street","AliasNameTC":"桂林街","CrossingFeature":null,"WeatherProof":2,"WheelchairBarrier":2,"WheelchairAccess":2,"ObstaclesType":null,"Gradient":0,"Direction":0,"PositionCertainty":1,"Enabled":1,"DataSource":1,"LevelSource":2,"StreetNameEN":"Kweilin Street","StreetNameTC":"桂林街","ST_CODE":11114,"FloorID":null,"BuildingID_1":null,"BuildingID_2":null,"SiteID":null,"TerminalID":null,"AccessTimeID":null,"CreationDate":1614441600000,"ModifiedBy":"LANDSD","LastAmendmentDate":1690819200000,"Shape__Length":0.038270223269613407}},{"type":"Feature","id":178842,"geometry":{"type":"LineString","coordinates":[[114.15993583181631,22.330814374034585,11.343999999997322],[114.15994417947654,22.330823698076824,11.343999999997322],[114.15997724402484,22.330860632984148,11.343999999997322]]},"properties":{"OBJECTID":178842,"PedestrianRouteID":220021760,"Location":2,"FeatureType":1,"AliasNameEN":"1/F","AliasNameTC":"一樓","CrossingFeature":null,"WeatherProof":1,"WheelchairBarrier":2,"WheelchairAccess":2,"ObstaclesType":null,"Gradient":0,"Direction":0,"PositionCertainty":1,"Enabled":1,"DataSource":1,"LevelSource":2,"StreetNameEN":null,"StreetNameTC":null,"ST_CODE":null,"FloorID":220000022,"BuildingID_1":1108226175,"BuildingID_2":null,"SiteID":null,"TerminalID":null,"AccessTimeID":null,"CreationDate":1614441600000,"ModifiedBy":"LANDSD","LastAmendmentDate":1690819200000,"Shape__Length":6.6664323005394932}},{"type":"Feature","id":178843,"geometry":{"type":"LineString","coordinates":[[114.15992266142439,22.330824606116053,11.343999999997322],[114.15993101394622,22.330833859720915,11.343999999997322],[114.15996401544479,22.330870418049106,11.343999999997322]]},"properties":{"OBJECTID":178843,"PedestrianRouteID":220021761,"Location":2,"FeatureType":1,"AliasNameEN":"1/F","AliasNameTC":"一樓","CrossingFeature":null,"WeatherProof":1,"WheelchairBarrier":2,"WheelchairAccess":2,"ObstaclesType":null,"Gradient":0,"Direction":0,"PositionCertainty":1,"Enabled":1,"DataSource":1,"LevelSource":2,"StreetNameEN":null,"StreetNameTC":null,"ST_CODE":null,"FloorID":220000022,"BuildingID_1":1108226175,"BuildingID_2":null,"SiteID":null,"TerminalID":null,"AccessTimeID":null,"CreationDate":1614441600000,"ModifiedBy":"LANDSD","LastAmendmentDate":1690819200000,"Shape__Length":6.6246150901367917}},{"type":"Feature","id":178844,"geometry":{"type":"LineString","coordinates":[[114.15990878377423,22.330831800235014,11.343999999997322],[114.15992078341738,22.330822525274169,11.343999999997322]]},"properties":{"OBJECTID":178844,"PedestrianRouteID":220021762,"Location":2,"FeatureType":1,"AliasNameEN":"Dragon Centre Footway","AliasNameTC":"西九龍中心行人道","CrossingFeature":null,"WeatherProof":1,"WheelchairBarrier":2,"WheelchairAccess":2,"ObstaclesType":null,"Gradient":0,"Direction":0,"PositionCertainty":1,"Enabled":1,"DataSource":1,"LevelSource":2,"StreetNameEN":null,"StreetNameTC":null,"ST_CODE":null,"FloorID":220000022,"BuildingID_1":1108226175,"BuildingID_2":null,"SiteID":null,"TerminalID":1511001372,"AccessTimeID":null,"CreationDate":1614441600000,"ModifiedBy":"LANDSD","LastAmendmentDate":1647619200000,"Shape__Length":1.6071972659119875}},{"type":"Feature","id":178845,"geometry":{"type":"LineString","coordinates":[[114.15988984994351,22.330846435926492,11.343999999997322],[114.15990878377423,22.330831800235014,11.343999999997322]]},"properties":{"OBJECTID":178845,"PedestrianRouteID":220021763,"Location":2,"FeatureType":1,"AliasNameEN":"1/F","AliasNameTC":"一樓","CrossingFeature":null,"WeatherProof":1,"WheelchairBarrier":2,"WheelchairAccess":2,"ObstaclesType":null,"Gradient":0,"Direction":0,"PositionCertainty":1,"Enabled":1,"DataSource":1,"LevelSource":2,"StreetNameEN":null,"StreetNameTC":null,"ST_CODE":null,"FloorID":220000022,"BuildingID_1":null,"BuildingID_2":null,"SiteID":null,"TerminalID":1511001372,"AccessTimeID":290000422,"CreationDate":1614441600000,"ModifiedBy":"LANDSD","LastAmendmentDate":1653494400000,"Shape__Length":2.5360159633766544}},{"type":"Feature","id":178846,"geometry":{"type":"LineString","coordinates":[[114.15996401544479,22.330870418049106,11.343999999997322],[114.16005635237576,22.330972709802243,4.6999999999970896]]},"properties":{"OBJECTID":178846,"PedestrianRouteID":220021764,"Location":2,"FeatureType":8,"AliasNameEN":"Escalator","AliasNameTC":"扶手電梯","CrossingFeature":null,"WeatherProof":1,"WheelchairBarrier":1,"WheelchairAccess":2,"ObstaclesType":null,"Gradient":0.42216185000000001,"Direction":-1,"PositionCertainty":1,"Enabled":1,"DataSource":1,"LevelSource":2,"StreetNameEN":null,"StreetNameTC":null,"ST_CODE":null,"FloorID":null,"BuildingID_1":1108226175,"BuildingID_2":null,"SiteID":null,"TerminalID":null,"AccessTimeID":null,"CreationDate":1614441600000,"ModifiedBy":"LANDSD","LastAmendmentDate":1689523200000,"Shape__Length":14.791791629916689}},{"type":"Feature","id":178847,"geometry":{"type":"LineString","coordinates":[[114.15997724402484,22.330860632984148,11.343999999997322],[114.16006904812794,22.330962334977812,4.6999999999970896]]},"properties":{"OBJECTID":178847,"PedestrianRouteID":220021765,"Location":2,"FeatureType":8,"AliasNameEN":"Escalator","AliasNameTC":"扶手電梯","CrossingFeature":null,"WeatherProof":1,"WheelchairBarrier":1,"WheelchairAccess":2,"ObstaclesType":null,"Gradient":0.42432790999999997,"Direction":-1,"PositionCertainty":1,"Enabled":1,"DataSource":1,"LevelSource":2,"StreetNameEN":null,"StreetNameTC":null,"ST_CODE":null,"FloorID":null,"BuildingID_1":1108226175,"BuildingID_2":null,"SiteID":null,"TerminalID":null,"AccessTimeID":null,"CreationDate":1614441600000,"ModifiedBy":"LANDSD","LastAmendmentDate":1689523200000,"Shape__Length":14.706479857827222}},{"type":"Feature","id":178848,"geometry":{"type":"LineString","coordinates":[[114.16005635237576,22.330972709802243,4.6999999999970896],[114.16009061856481,22.331010668878069,4.5966999999945983]]},"properties":{"OBJECTID":178848,"PedestrianRouteID":220021766,"Location":2,"FeatureType":1,"AliasNameEN":"G/F","AliasNameTC":"地面","CrossingFeature":null,"WeatherProof":1,"WheelchairBarrier":2,"WheelchairAccess":2,"ObstaclesType":null,"Gradient":0.01881685,"Direction":0,"PositionCertainty":1,"Enabled":1,"DataSource":1,"LevelSource":2,"StreetNameEN":null,"StreetNameTC":null,"ST_CODE":null,"FloorID":290000061,"BuildingID_1":1108226175,"BuildingID_2":null,"SiteID":null,"TerminalID":null,"AccessTimeID":290000286,"CreationDate":1614441600000,"ModifiedBy":"LANDSD","LastAmendmentDate":1689523200000,"Shape__Length":5.4891115272957558}},{"type":"Feature","id":178849,"geometry":{"type":"LineString","coordinates":[[114.16006904812794,22.330962334977812,4.6999999999970896],[114.160103604512,22.331000615569693,4.4848000000056345]]},"properties":{"OBJECTID":178849,"PedestrianRouteID":220021767,"Location":2,"FeatureType":1,"AliasNameEN":"G/F","AliasNameTC":"地面","CrossingFeature":null,"WeatherProof":1,"WheelchairBarrier":2,"WheelchairAccess":2,"ObstaclesType":null,"Gradient":0.038856059999999998,"Direction":0,"PositionCertainty":1,"Enabled":1,"DataSource":1,"LevelSource":2,"StreetNameEN":null,"StreetNameTC":null,"ST_CODE":null,"FloorID":290000061,"BuildingID_1":1108226175,"BuildingID_2":null,"SiteID":null,"TerminalID":null,"AccessTimeID":290000286,"CreationDate":1614441600000,"ModifiedBy":"LANDSD","LastAmendmentDate":1689523200000,"Shape__Length":5.5356020648672883}},{"type":"Feature","id":178850,"geometry":{"type":"LineString","coordinates":[[114.1600579619622,22.331035950226195,4.6999999999970896],[114.16007862668121,22.331019951979606,4.6999999999970896]]},"properties":{"OBJECTID":178850,"PedestrianRouteID":220021768,"Location":2,"FeatureType":1,"AliasNameEN":"G/F","AliasNameTC":"地面","CrossingFeature":null,"WeatherProof":1,"WheelchairBarrier":2,"WheelchairAccess":2,"ObstaclesType":null,"Gradient":0,"Direction":0,"PositionCertainty":1,"Enabled":1,"DataSource":1,"LevelSource":2,"StreetNameEN":null,"StreetNameTC":null,"ST_CODE":null,"FloorID":290000061,"BuildingID_1":1108226175,"BuildingID_2":null,"SiteID":null,"TerminalID":null,"AccessTimeID":290000286,"CreationDate":1614441600000,"ModifiedBy":"LANDSD","LastAmendmentDate":1660752000000,"Shape__Length":2.7695918348698076}},{"type":"Feature","id":178851,"geometry":{"type":"LineString","coordinates":[[114.16007862668121,22.331019951979606,4.6999999999970896],[114.16009061856481,22.331010668878069,4.5966999999945983]]},"properties":{"OBJECTID":178851,"PedestrianRouteID":220021769,"Location":2,"FeatureType":1,"AliasNameEN":"G/F","AliasNameTC":"地面","CrossingFeature":null,"WeatherProof":1,"WheelchairBarrier":2,"WheelchairAccess":2,"ObstaclesType":null,"Gradient":0.064184119999999997,"Direction":0,"PositionCertainty":1,"Enabled":1,"DataSource":1,"LevelSource":2,"StreetNameEN":null,"StreetNameTC":null,"ST_CODE":null,"FloorID":290000061,"BuildingID_1":1108226175,"BuildingID_2":null,"SiteID":null,"TerminalID":null,"AccessTimeID":290000286,"CreationDate":1614441600000,"ModifiedBy":"LANDSD","LastAmendmentDate":1690819200000,"Shape__Length":1.6071576465913604}},{"type":"Feature","id":178852,"geometry":{"type":"LineString","coordinates":[[114.16009061856481,22.331010668878069,4.5966999999945983],[114.160103604512,22.331000615569693,4.4848000000056345]]},"properties":{"OBJECTID":178852,"PedestrianRouteID":220021770,"Location":2,"FeatureType":1,"AliasNameEN":"G/F","AliasNameTC":"地面","CrossingFeature":null,"WeatherProof":1,"WheelchairBarrier":2,"WheelchairAccess":2,"ObstaclesType":null,"Gradient":0.064208860000000006,"Direction":0,"PositionCertainty":1,"Enabled":1,"DataSource":1,"LevelSource":2,"StreetNameEN":null,"StreetNameTC":null,"ST_CODE":null,"FloorID":290000061,"BuildingID_1":1108226175,"BuildingID_2":null,"SiteID":null,"TerminalID":null,"AccessTimeID":290000286,"CreationDate":1614441600000,"ModifiedBy":"LANDSD","LastAmendmentDate":1689523200000,"Shape__Length":1.7404312248239913}},{"type":"Feature","id":178900,"geometry":{"type":"LineString","coordinates":[[114.16362804875236,22.331948100820455,6.0139999999955762],[114.1636169558726,22.331936807175712,5.8999999999941792]]},"properties":{"OBJECTID":178900,"PedestrianRouteID":220021819,"Location":1,"FeatureType":1,"AliasNameEN":"Un Chau Street","AliasNameTC":"元州街","CrossingFeature":null,"WeatherProof":1,"WheelchairBarrier":1,"WheelchairAccess":2,"ObstaclesType":null,"Gradient":0,"Direction":0,"PositionCertainty":1,"Enabled":1,"DataSource":1,"LevelSource":2,"StreetNameEN":"Un Chau Street","StreetNameTC":"元州街","ST_CODE":12556,"FloorID":null,"BuildingID_1":null,"BuildingID_2":null,"SiteID":null,"TerminalID":null,"AccessTimeID":null,"CreationDate":1614441600000,"ModifiedBy":"LANDSD","LastAmendmentDate":1689004800000,"Shape__Length":1.6940987761285196}},{"type":"Feature","id":178901,"geometry":{"type":"LineString","coordinates":[[114.16362804875236,22.331948100820455,6.0139999999955762],[114.16359575852569,22.331973282669086,6.0277999999962049]]},"properties":{"OBJECTID":178901,"PedestrianRouteID":220021820,"Location":1,"FeatureType":1,"AliasNameEN":"Un Chau Street","AliasNameTC":"元州街","CrossingFeature":null,"WeatherProof":1,"WheelchairBarrier":2,"WheelchairAccess":2,"ObstaclesType":null,"Gradient":0.0031792000000000001,"Direction":0,"PositionCertainty":1,"Enabled":1,"DataSource":1,"LevelSource":12,"StreetNameEN":"Un Chau Street","StreetNameTC":"元州街","ST_CODE":12556,"FloorID":null,"BuildingID_1":null,"BuildingID_2":null,"SiteID":null,"TerminalID":null,"AccessTimeID":null,"CreationDate":1614441600000,"ModifiedBy":"LANDSD","LastAmendmentDate":1689004800000,"Shape__Length":4.3407000731371959}},{"type":"Feature","id":178902,"geometry":{"type":"LineString","coordinates":[[114.16346789734607,22.332072997777619,6.0136000000056811],[114.16345909803933,22.332063355101425,5.8570000000036089]]},"properties":{"OBJECTID":178902,"PedestrianRouteID":220021821,"Location":1,"FeatureType":1,"AliasNameEN":"Un Chau Street","AliasNameTC":"元州街","CrossingFeature":null,"WeatherProof":2,"WheelchairBarrier":2,"WheelchairAccess":1,"ObstaclesType":null,"Gradient":0,"Direction":0,"PositionCertainty":1,"Enabled":1,"DataSource":1,"LevelSource":2,"StreetNameEN":"Un Chau Street","StreetNameTC":"元州街","ST_CODE":12556,"FloorID":null,"BuildingID_1":null,"BuildingID_2":null,"SiteID":null,"TerminalID":null,"AccessTimeID":null,"CreationDate":1614441600000,"ModifiedBy":"LANDSD","LastAmendmentDate":1689177600000,"Shape__Length":1.4006808508611304}},{"type":"Feature","id":178903,"geometry":{"type":"LineString","coordinates":[[114.16344717945523,22.3320891553882,5.9832000000023982],[114.16341227685594,22.33211637428295,5.9318999999959487]]},"properties":{"OBJECTID":178903,"PedestrianRouteID":220021822,"Location":1,"FeatureType":1,"AliasNameEN":"Un Chau Street","AliasNameTC":"元州街","CrossingFeature":null,"WeatherProof":2,"WheelchairBarrier":2,"WheelchairAccess":2,"ObstaclesType":null,"Gradient":0.010926480000000001,"Direction":0,"PositionCertainty":1,"Enabled":1,"DataSource":1,"LevelSource":12,"StreetNameEN":"Un Chau Street","StreetNameTC":"元州街","ST_CODE":12556,"FloorID":null,"BuildingID_1":null,"BuildingID_2":null,"SiteID":null,"TerminalID":null,"AccessTimeID":null,"CreationDate":1614441600000,"ModifiedBy":"LANDSD","LastAmendmentDate":1730995200000,"Shape__Length":4.6918555517454319}},{"type":"Feature","id":179274,"geometry":{"type":"LineString","coordinates":[[114.16046763158322,22.332316575379302,4.9045999999943888],[114.16054237237653,22.332258947038589,4.9138999999995576]]},"properties":{"OBJECTID":179274,"PedestrianRouteID":220022226,"Location":1,"FeatureType":1,"AliasNameEN":"Cheung Sha Wan Road","AliasNameTC":"長沙灣道","CrossingFeature":null,"WeatherProof":1,"WheelchairBarrier":2,"WheelchairAccess":2,"ObstaclesType":null,"Gradient":0.00092995000000000003,"Direction":0,"PositionCertainty":1,"Enabled":1,"DataSource":1,"LevelSource":2,"StreetNameEN":"Cheung Sha Wan Road","StreetNameTC":"長沙灣道","ST_CODE":10206,"FloorID":null,"BuildingID_1":null,"BuildingID_2":null,"SiteID":null,"TerminalID":null,"AccessTimeID":null,"CreationDate":1614441600000,"ModifiedBy":"LANDSD","LastAmendmentDate":1654963200000,"Shape__Length":10.000494693057405}},{"type":"Feature","id":179275,"geometry":{"type":"LineString","coordinates":[[114.16054237237653,22.332258947038589,4.9138999999995576],[114.16057807447791,22.332231419093969,4.9183999999950174]]},"properties":{"OBJECTID":179275,"PedestrianRouteID":220022227,"Location":1,"FeatureType":1,"AliasNameEN":"Cheung Sha Wan Road","AliasNameTC":"長沙灣道","CrossingFeature":null,"WeatherProof":2,"WheelchairBarrier":2,"WheelchairAccess":2,"ObstaclesType":null,"Gradient":0.00094200999999999996,"Direction":0,"PositionCertainty":1,"Enabled":1,"DataSource":1,"LevelSource":2,"StreetNameEN":"Cheung Sha Wan Road","StreetNameTC":"長沙灣道","ST_CODE":10206,"FloorID":null,"BuildingID_1":null,"BuildingID_2":null,"SiteID":null,"TerminalID":null,"AccessTimeID":null,"CreationDate":1614441600000,"ModifiedBy":"LANDSD","LastAmendmentDate":1654963200000,"Shape__Length":4.7770334910317125}},{"type":"Feature","id":179318,"geometry":{"type":"LineString","coordinates":[[114.16011273957795,22.331464679105,11.343999999997322],[114.16007176206229,22.331417992188776,11.343999999997322]]},"properties":{"OBJECTID":179318,"PedestrianRouteID":220022273,"Location":2,"FeatureType":1,"AliasNameEN":"Dragon Centre","AliasNameTC":"西九龍中心","CrossingFeature":null,"WeatherProof":1,"WheelchairBarrier":2,"WheelchairAccess":2,"ObstaclesType":null,"Gradient":0,"Direction":0,"PositionCertainty":1,"Enabled":1,"DataSource":1,"LevelSource":2,"StreetNameEN":null,"StreetNameTC":null,"ST_CODE":null,"FloorID":null,"BuildingID_1":1108226175,"BuildingID_2":null,"SiteID":null,"TerminalID":null,"AccessTimeID":290000422,"CreationDate":1620662400000,"ModifiedBy":"LANDSD","LastAmendmentDate":1706457600000,"Shape__Length":6.6744906007049849}},{"type":"Feature","id":179319,"geometry":{"type":"LineString","coordinates":[[114.16013768017689,22.331367305826181,11.343999999997322],[114.16015614983351,22.331387301433395,11.343999999997322]]},"properties":{"OBJECTID":179319,"PedestrianRouteID":220022274,"Location":2,"FeatureType":1,"AliasNameEN":"1/F","AliasNameTC":"一樓","CrossingFeature":null,"WeatherProof":1,"WheelchairBarrier":2,"WheelchairAccess":2,"ObstaclesType":null,"Gradient":0,"Direction":0,"PositionCertainty":1,"Enabled":1,"DataSource":1,"LevelSource":9,"StreetNameEN":null,"StreetNameTC":null,"ST_CODE":null,"FloorID":220000022,"BuildingID_1":1108226175,"BuildingID_2":null,"SiteID":null,"TerminalID":null,"AccessTimeID":290000422,"CreationDate":1620662400000,"ModifiedBy":"LANDSD","LastAmendmentDate":1660752000000,"Shape__Length":2.9194528594171816}},{"type":"Feature","id":179338,"geometry":{"type":"LineString","coordinates":[[114.16200575578301,22.331186147981601,-0.14999999999417923],[114.1619755374829,22.331150533118052,-0.14999999999417923],[114.16192190549732,22.331087323155753,-0.14999999999417923],[114.1618658064088,22.331021204197285,-0.14999999999417923],[114.16183576385015,22.330985796123521,-0.14999999999417923]]},"properties":{"OBJECTID":179338,"PedestrianRouteID":220022295,"Location":2,"FeatureType":4,"AliasNameEN":"Sham Shui Po Station Subway","AliasNameTC":"深水埗站隧道","CrossingFeature":null,"WeatherProof":1,"WheelchairBarrier":2,"WheelchairAccess":2,"ObstaclesType":null,"Gradient":0,"Direction":0,"PositionCertainty":1,"Enabled":1,"DataSource":1,"LevelSource":9,"StreetNameEN":null,"StreetNameTC":null,"ST_CODE":null,"FloorID":null,"BuildingID_1":null,"BuildingID_2":null,"SiteID":null,"TerminalID":1511000289,"AccessTimeID":null,"CreationDate":1620921600000,"ModifiedBy":"LANDSD","LastAmendmentDate":1690819200000,"Shape__Length":28.265004009512332}},{"type":"Feature","id":179339,"geometry":{"type":"LineString","coordinates":[[114.16217367198378,22.331283671855985,4.6453999999939697],[114.16212591651174,22.331320745289599,4.6187000000063563]]},"properties":{"OBJECTID":179339,"PedestrianRouteID":220022296,"Location":1,"FeatureType":1,"AliasNameEN":"Kweilin Street","AliasNameTC":"桂林街","CrossingFeature":null,"WeatherProof":2,"WheelchairBarrier":2,"WheelchairAccess":2,"ObstaclesType":null,"Gradient":0.00065547000000000001,"Direction":0,"PositionCertainty":1,"Enabled":1,"DataSource":1,"LevelSource":2,"StreetNameEN":"Kweilin Street","StreetNameTC":"桂林街","ST_CODE":11114,"FloorID":null,"BuildingID_1":null,"BuildingID_2":null,"SiteID":null,"TerminalID":null,"AccessTimeID":null,"CreationDate":1620921600000,"ModifiedBy":"LANDSD","LastAmendmentDate":1689004800000,"Shape__Length":6.4076586993954878}},{"type":"Feature","id":179340,"geometry":{"type":"LineString","coordinates":[[114.1628213946239,22.330455988748653,0.15200000000186265],[114.16281300423489,22.330445160355456,0.15200000000186265],[114.16280091800073,22.330429561688522,0.15200000000186265],[114.16270758631389,22.330309108194822,0.15200000000186265]]},"properties":{"OBJECTID":179340,"PedestrianRouteID":220022297,"Location":2,"FeatureType":4,"AliasNameEN":"Sham Shui Po Station Subway","AliasNameTC":"深水埗站隧道","CrossingFeature":null,"WeatherProof":1,"WheelchairBarrier":2,"WheelchairAccess":2,"ObstaclesType":null,"Gradient":0,"Direction":0,"PositionCertainty":1,"Enabled":1,"DataSource":1,"LevelSource":9,"StreetNameEN":null,"StreetNameTC":null,"ST_CODE":null,"FloorID":null,"BuildingID_1":null,"BuildingID_2":null,"SiteID":null,"TerminalID":1511000289,"AccessTimeID":null,"CreationDate":1620921600000,"ModifiedBy":"LANDSD","LastAmendmentDate":1690819200000,"Shape__Length":20.050229529210423}},{"type":"Feature","id":179341,"geometry":{"type":"LineString","coordinates":[[114.16298925141237,22.330650828040056,5.021599999992759],[114.16298068325359,22.330641131172495,5.0400999999983469],[114.16295511175191,22.330612190486061,5.0951999999961117]]},"properties":{"OBJECTID":179341,"PedestrianRouteID":220022298,"Location":1,"FeatureType":1,"AliasNameEN":"Sham Shui Po Station","AliasNameTC":"深水埗站","CrossingFeature":null,"WeatherProof":2,"WheelchairBarrier":2,"WheelchairAccess":2,"ObstaclesType":null,"Gradient":0.01328784,"Direction":0,"PositionCertainty":1,"Enabled":1,"DataSource":1,"LevelSource":12,"StreetNameEN":"Pei Ho Street","StreetNameTC":"北河街","ST_CODE":11675,"FloorID":null,"BuildingID_1":null,"BuildingID_2":null,"SiteID":null,"TerminalID":1511000289,"AccessTimeID":null,"CreationDate":1621180800000,"ModifiedBy":"LANDSD","LastAmendmentDate":1690819200000,"Shape__Length":5.5385739586594642}},{"type":"Feature","id":179342,"geometry":{"type":"LineString","coordinates":[[114.16295511175191,22.330612190486061,5.0951999999961117],[114.16286882824937,22.330517205738087,0.15200000000186265]]},"properties":{"OBJECTID":179342,"PedestrianRouteID":220022299,"Location":1,"FeatureType":12,"AliasNameEN":"Sham Shui Po Station Staircase","AliasNameTC":"深水埗站樓梯","CrossingFeature":null,"WeatherProof":1,"WheelchairBarrier":1,"WheelchairAccess":2,"ObstaclesType":null,"Gradient":0.34827670999999999,"Direction":0,"PositionCertainty":1,"Enabled":1,"DataSource":1,"LevelSource":9,"StreetNameEN":"Cheung Sha Wan Road","StreetNameTC":"長沙灣道","ST_CODE":10206,"FloorID":null,"BuildingID_1":null,"BuildingID_2":null,"SiteID":null,"TerminalID":1511000289,"AccessTimeID":null,"CreationDate":1621180800000,"ModifiedBy":"LANDSD","LastAmendmentDate":1689004800000,"Shape__Length":13.771190916314115}},{"type":"Feature","id":179343,"geometry":{"type":"LineString","coordinates":[[114.16261017165348,22.330193483842848,4.5059999999939464],[114.1625482759291,22.330125605447222,4.4667999999946915],[114.1625482409889,22.330125566612637,4.4667999999946915]]},"properties":{"OBJECTID":179343,"PedestrianRouteID":220022300,"Location":1,"FeatureType":1,"AliasNameEN":"Sham Shui Po Station","AliasNameTC":"深水埗站","CrossingFeature":null,"WeatherProof":2,"WheelchairBarrier":2,"WheelchairAccess":2,"ObstaclesType":null,"Gradient":0,"Direction":0,"PositionCertainty":1,"Enabled":1,"DataSource":1,"LevelSource":2,"StreetNameEN":"Pei Ho Street","StreetNameTC":"北河街","ST_CODE":11675,"FloorID":null,"BuildingID_1":null,"BuildingID_2":null,"SiteID":null,"TerminalID":1511000289,"AccessTimeID":null,"CreationDate":1621180800000,"ModifiedBy":"LANDSD","LastAmendmentDate":1690819200000,"Shape__Length":9.8625197213070024}},{"type":"Feature","id":179344,"geometry":{"type":"LineString","coordinates":[[114.1626656470868,22.330254981547043,0.15200000000186265],[114.16261017165348,22.330193483842848,4.5059999999939464]]},"properties":{"OBJECTID":179344,"PedestrianRouteID":220022301,"Location":1,"FeatureType":12,"AliasNameEN":"Sham Shui Po Station Staircase","AliasNameTC":"深水埗站樓梯","CrossingFeature":null,"WeatherProof":1,"WheelchairBarrier":1,"WheelchairAccess":2,"ObstaclesType":null,"Gradient":0.45540965999999999,"Direction":0,"PositionCertainty":1,"Enabled":1,"DataSource":1,"LevelSource":9,"StreetNameEN":"Cheung Sha Wan Road","StreetNameTC":"長沙灣道","ST_CODE":10206,"FloorID":null,"BuildingID_1":null,"BuildingID_2":null,"SiteID":null,"TerminalID":1511000289,"AccessTimeID":null,"CreationDate":1621180800000,"ModifiedBy":"LANDSD","LastAmendmentDate":1654272000000,"Shape__Length":8.8903485864742269}},{"type":"Feature","id":179345,"geometry":{"type":"LineString","coordinates":[[114.16212591651174,22.331320745289599,4.6187000000063563],[114.16211434446191,22.331307784452513,4.6202000000048429],[114.1620627288555,22.331249976814675,4.6269000000029337]]},"properties":{"OBJECTID":179345,"PedestrianRouteID":220022302,"Location":1,"FeatureType":1,"AliasNameEN":"Sham Shui Po Station","AliasNameTC":"深水埗站","CrossingFeature":null,"WeatherProof":2,"WheelchairBarrier":2,"WheelchairAccess":2,"ObstaclesType":null,"Gradient":0.00080489999999999999,"Direction":0,"PositionCertainty":1,"Enabled":1,"DataSource":1,"LevelSource":12,"StreetNameEN":"Kweilin Street","StreetNameTC":"桂林街","ST_CODE":11114,"FloorID":null,"BuildingID_1":null,"BuildingID_2":null,"SiteID":null,"TerminalID":1511000289,"AccessTimeID":null,"CreationDate":1621180800000,"ModifiedBy":"LANDSD","LastAmendmentDate":1690819200000,"Shape__Length":10.18757267299217}},{"type":"Feature","id":179346,"geometry":{"type":"LineString","coordinates":[[114.1620627288555,22.331249976814675,4.6269000000029337],[114.16200575578301,22.331186147981601,-0.14999999999417923]]},"properties":{"OBJECTID":179346,"PedestrianRouteID":220022303,"Location":1,"FeatureType":12,"AliasNameEN":"Sham Shui Po Station Staircase","AliasNameTC":"深水埗站樓梯","CrossingFeature":null,"WeatherProof":1,"WheelchairBarrier":1,"WheelchairAccess":2,"ObstaclesType":null,"Gradient":0.48145122000000001,"Direction":0,"PositionCertainty":1,"Enabled":1,"DataSource":1,"LevelSource":9,"StreetNameEN":"Kweilin Street","StreetNameTC":"桂林街","ST_CODE":11114,"FloorID":null,"BuildingID_1":null,"BuildingID_2":null,"SiteID":null,"TerminalID":1511000289,"AccessTimeID":null,"CreationDate":1621180800000,"ModifiedBy":"LANDSD","LastAmendmentDate":1689004800000,"Shape__Length":9.1873625307213302}},{"type":"Feature","id":179347,"geometry":{"type":"LineString","coordinates":[[114.16178613261364,22.330927301351746,-0.14999999999417923],[114.16172995978643,22.330862067335133,4.4710000000050059]]},"properties":{"OBJECTID":179347,"PedestrianRouteID":220022304,"Location":1,"FeatureType":12,"AliasNameEN":"Kweilin Street Staircase","AliasNameTC":"桂林街樓梯","CrossingFeature":null,"WeatherProof":1,"WheelchairBarrier":1,"WheelchairAccess":2,"ObstaclesType":null,"Gradient":0.46304916000000002,"Direction":0,"PositionCertainty":1,"Enabled":1,"DataSource":1,"LevelSource":9,"StreetNameEN":"Kweilin Street","StreetNameTC":"桂林街","ST_CODE":11114,"FloorID":null,"BuildingID_1":null,"BuildingID_2":null,"SiteID":null,"TerminalID":null,"AccessTimeID":null,"CreationDate":1621180800000,"ModifiedBy":"LANDSD","LastAmendmentDate":1655481600000,"Shape__Length":9.2558438237669112}},{"type":"Feature","id":179348,"geometry":{"type":"LineString","coordinates":[[114.16172995978643,22.330862067335133,4.4710000000050059],[114.16169239924838,22.330819173987564,4.4909999999945285]]},"properties":{"OBJECTID":179348,"PedestrianRouteID":220022305,"Location":1,"FeatureType":1,"AliasNameEN":"Kweilin Street","AliasNameTC":"桂林街","CrossingFeature":null,"WeatherProof":2,"WheelchairBarrier":2,"WheelchairAccess":2,"ObstaclesType":null,"Gradient":0,"Direction":0,"PositionCertainty":1,"Enabled":1,"DataSource":1,"LevelSource":2,"StreetNameEN":"Kweilin Street","StreetNameTC":"桂林街","ST_CODE":11114,"FloorID":null,"BuildingID_1":null,"BuildingID_2":null,"SiteID":null,"TerminalID":null,"AccessTimeID":null,"CreationDate":1621180800000,"ModifiedBy":"LANDSD","LastAmendmentDate":1689177600000,"Shape__Length":6.1264753621750678}},{"type":"Feature","id":179351,"geometry":{"type":"LineString","coordinates":[[114.1631629542032,22.32916059708224,4.461699999999837],[114.16322450204434,22.329111024357505,4.6754999999975553]]},"properties":{"OBJECTID":179351,"PedestrianRouteID":220022309,"Location":1,"FeatureType":1,"AliasNameEN":"Nam Cheong Street","AliasNameTC":"南昌街","CrossingFeature":null,"WeatherProof":2,"WheelchairBarrier":2,"WheelchairAccess":2,"ObstaclesType":null,"Gradient":0.025486720000000001,"Direction":0,"PositionCertainty":1,"Enabled":1,"DataSource":1,"LevelSource":12,"StreetNameEN":"Nam Cheong Street","StreetNameTC":"南昌街","ST_CODE":11487,"FloorID":null,"BuildingID_1":null,"BuildingID_2":null,"SiteID":1503005157,"TerminalID":null,"AccessTimeID":null,"CreationDate":1623772800000,"ModifiedBy":"LANDSD","LastAmendmentDate":1689004800000,"Shape__Length":8.3868649735227283}},{"type":"Feature","id":179352,"geometry":{"type":"LineString","coordinates":[[114.16308595017546,22.329222617132459,4.3273999999946682],[114.16311092655695,22.329250294374102,4.451600000000326],[114.1631116088605,22.329251050291671,4.451600000000326],[114.16311062841416,22.329251814196041,4.452900000003865]]},"properties":{"OBJECTID":179352,"PedestrianRouteID":220022310,"Location":1,"FeatureType":1,"AliasNameEN":"Nam Cheong Street","AliasNameTC":"南昌街","CrossingFeature":null,"WeatherProof":1,"WheelchairBarrier":2,"WheelchairAccess":2,"ObstaclesType":null,"Gradient":0.00259261,"Direction":0,"PositionCertainty":1,"Enabled":1,"DataSource":1,"LevelSource":2,"StreetNameEN":"Nam Cheong Street","StreetNameTC":"南昌街","ST_CODE":11487,"FloorID":null,"BuildingID_1":null,"BuildingID_2":null,"SiteID":null,"TerminalID":null,"AccessTimeID":null,"CreationDate":1623772800000,"ModifiedBy":"LANDSD","LastAmendmentDate":1689004800000,"Shape__Length":4.2428259699987629}},{"type":"Feature","id":179353,"geometry":{"type":"LineString","coordinates":[[114.16335303503335,22.329044469762131,4.3895999999949709],[114.16333369856123,22.329023074700736,4.3870000000024447]]},"properties":{"OBJECTID":179353,"PedestrianRouteID":220022311,"Location":1,"FeatureType":1,"AliasNameEN":"Nam Cheong Street","AliasNameTC":"南昌街","CrossingFeature":null,"WeatherProof":1,"WheelchairBarrier":2,"WheelchairAccess":2,"ObstaclesType":null,"Gradient":0.00083995999999999995,"Direction":0,"PositionCertainty":1,"Enabled":1,"DataSource":1,"LevelSource":2,"StreetNameEN":"Nam Cheong Street","StreetNameTC":"南昌街","ST_CODE":11487,"FloorID":null,"BuildingID_1":null,"BuildingID_2":null,"SiteID":null,"TerminalID":null,"AccessTimeID":null,"CreationDate":1623772800000,"ModifiedBy":"LANDSD","LastAmendmentDate":1654963200000,"Shape__Length":3.0953869377400545}},{"type":"Feature","id":179354,"geometry":{"type":"LineString","coordinates":[[114.16322450204434,22.329111024357505,4.6754999999975553],[114.16318913407486,22.329079883932948,4.4980000000068685],[114.16314868701114,22.329064828347231,4.4968999999982771],[114.16312518878338,22.329049056254043,4.4943000000057509],[114.16310361901115,22.329016081059102,4.4903999999951338],[114.16308628920072,22.328962319623411,4.4863999999943189],[114.16305393307385,22.328923251474798,4.4807000000000698],[114.16301979174524,22.328895785661366,4.4777999999932945]]},"properties":{"OBJECTID":179354,"PedestrianRouteID":220022312,"Location":1,"FeatureType":1,"AliasNameEN":"Nam Cheong Street","AliasNameTC":"南昌街","CrossingFeature":null,"WeatherProof":2,"WheelchairBarrier":2,"WheelchairAccess":2,"ObstaclesType":null,"Gradient":0.00066180999999999998,"Direction":0,"PositionCertainty":1,"Enabled":1,"DataSource":1,"LevelSource":2,"StreetNameEN":"Nam Cheong Street","StreetNameTC":"南昌街","ST_CODE":11487,"FloorID":null,"BuildingID_1":null,"BuildingID_2":null,"SiteID":1503005157,"TerminalID":null,"AccessTimeID":null,"CreationDate":1623772800000,"ModifiedBy":"LANDSD","LastAmendmentDate":1689004800000,"Shape__Length":33.091022545408379}},{"type":"Feature","id":179355,"geometry":{"type":"LineString","coordinates":[[114.16308595017546,22.329222617132459,4.3273999999946682],[114.16309681665409,22.329213864709146,4.2734000000054948]]},"properties":{"OBJECTID":179355,"PedestrianRouteID":220022313,"Location":1,"FeatureType":1,"AliasNameEN":"Nam Cheong Street","AliasNameTC":"南昌街","CrossingFeature":null,"WeatherProof":1,"WheelchairBarrier":2,"WheelchairAccess":2,"ObstaclesType":null,"Gradient":0.036452030000000003,"Direction":0,"PositionCertainty":1,"Enabled":1,"DataSource":1,"LevelSource":12,"StreetNameEN":"Nam Cheong Street","StreetNameTC":"南昌街","ST_CODE":11487,"FloorID":null,"BuildingID_1":null,"BuildingID_2":null,"SiteID":null,"TerminalID":null,"AccessTimeID":null,"CreationDate":1623772800000,"ModifiedBy":"LANDSD","LastAmendmentDate":1732636800000,"Shape__Length":1.4807426685421259}},{"type":"Feature","id":179356,"geometry":{"type":"LineString","coordinates":[[114.16325190020189,22.329088956812171,4.4872000000032131],[114.16332080812185,22.329033456991798,4.4002999999938766]]},"properties":{"OBJECTID":179356,"PedestrianRouteID":220022314,"Location":1,"FeatureType":32,"AliasNameEN":"Nam Cheong Street Crossing","AliasNameTC":"南昌街過路處","CrossingFeature":1,"WeatherProof":2,"WheelchairBarrier":2,"WheelchairAccess":2,"ObstaclesType":null,"Gradient":0.0075932600000000001,"Direction":0,"PositionCertainty":1,"Enabled":1,"DataSource":1,"LevelSource":2,"StreetNameEN":"Nam Cheong Street","StreetNameTC":"南昌街","ST_CODE":11487,"FloorID":null,"BuildingID_1":null,"BuildingID_2":null,"SiteID":null,"TerminalID":null,"AccessTimeID":null,"CreationDate":1623772800000,"ModifiedBy":"LANDSD","LastAmendmentDate":1689004800000,"Shape__Length":9.3897249801370304}},{"type":"Feature","id":179357,"geometry":{"type":"LineString","coordinates":[[114.16332454934904,22.329030443797851,4.3963999999978114],[114.16333369856123,22.329023074700736,4.3870000000024447]]},"properties":{"OBJECTID":179357,"PedestrianRouteID":220022315,"Location":1,"FeatureType":1,"AliasNameEN":"Nam Cheong Street","AliasNameTC":"南昌街","CrossingFeature":null,"WeatherProof":1,"WheelchairBarrier":2,"WheelchairAccess":2,"ObstaclesType":null,"Gradient":0.0075396100000000004,"Direction":0,"PositionCertainty":1,"Enabled":1,"DataSource":1,"LevelSource":2,"StreetNameEN":"Nam Cheong Street","StreetNameTC":"南昌街","ST_CODE":11487,"FloorID":null,"BuildingID_1":null,"BuildingID_2":null,"SiteID":null,"TerminalID":null,"AccessTimeID":null,"CreationDate":1623772800000,"ModifiedBy":"LANDSD","LastAmendmentDate":1654963200000,"Shape__Length":1.2467258956676674}},{"type":"Feature","id":179358,"geometry":{"type":"LineString","coordinates":[[114.16311650716798,22.329198005962834,4.3818999999930384],[114.1631629542032,22.32916059708224,4.461699999999837]]},"properties":{"OBJECTID":179358,"PedestrianRouteID":220022317,"Location":1,"FeatureType":32,"AliasNameEN":"Nam Cheong Street Crossing","AliasNameTC":"南昌街過路處","CrossingFeature":1,"WeatherProof":2,"WheelchairBarrier":2,"WheelchairAccess":2,"ObstaclesType":null,"Gradient":0.00306522,"Direction":0,"PositionCertainty":1,"Enabled":1,"DataSource":1,"LevelSource":2,"StreetNameEN":"Nam Cheong Street","StreetNameTC":"南昌街","ST_CODE":11487,"FloorID":null,"BuildingID_1":null,"BuildingID_2":null,"SiteID":null,"TerminalID":null,"AccessTimeID":null,"CreationDate":1623772800000,"ModifiedBy":"LANDSD","LastAmendmentDate":1732636800000,"Shape__Length":6.3290579473796811}},{"type":"Feature","id":179359,"geometry":{"type":"LineString","coordinates":[[114.16322450204434,22.329111024357505,4.6754999999975553],[114.16325190020189,22.329088956812171,4.4872000000032131]]},"properties":{"OBJECTID":179359,"PedestrianRouteID":220022318,"Location":1,"FeatureType":1,"AliasNameEN":"Nam Cheong Street","AliasNameTC":"南昌街","CrossingFeature":null,"WeatherProof":2,"WheelchairBarrier":2,"WheelchairAccess":2,"ObstaclesType":null,"Gradient":0.05039333,"Direction":0,"PositionCertainty":1,"Enabled":1,"DataSource":1,"LevelSource":12,"StreetNameEN":"Nam Cheong Street","StreetNameTC":"南昌街","ST_CODE":11487,"FloorID":null,"BuildingID_1":null,"BuildingID_2":null,"SiteID":1503005157,"TerminalID":null,"AccessTimeID":null,"CreationDate":1623772800000,"ModifiedBy":"LANDSD","LastAmendmentDate":1689004800000,"Shape__Length":3.7334419737265239}},{"type":"Feature","id":179360,"geometry":{"type":"LineString","coordinates":[[114.16332080812185,22.329033456991798,4.4002999999938766],[114.16332454934904,22.329030443797851,4.3963999999978114]]},"properties":{"OBJECTID":179360,"PedestrianRouteID":220022319,"Location":1,"FeatureType":1,"AliasNameEN":"Nam Cheong Street","AliasNameTC":"南昌街","CrossingFeature":null,"WeatherProof":2,"WheelchairBarrier":2,"WheelchairAccess":2,"ObstaclesType":null,"Gradient":0.0076500200000000004,"Direction":0,"PositionCertainty":1,"Enabled":1,"DataSource":1,"LevelSource":2,"StreetNameEN":"Nam Cheong Street","StreetNameTC":"南昌街","ST_CODE":11487,"FloorID":null,"BuildingID_1":null,"BuildingID_2":null,"SiteID":null,"TerminalID":null,"AccessTimeID":null,"CreationDate":1623772800000,"ModifiedBy":"LANDSD","LastAmendmentDate":1654963200000,"Shape__Length":0.50979294899914995}},{"type":"Feature","id":179436,"geometry":{"type":"LineString","coordinates":[[114.15979392649899,22.330920582296812,11.343999999997322],[114.15982160599346,22.33089918633847,11.343999999997322]]},"properties":{"OBJECTID":179436,"PedestrianRouteID":220022433,"Location":2,"FeatureType":1,"AliasNameEN":"Dragon Centre 1/F","AliasNameTC":"西九龍中心一樓","CrossingFeature":null,"WeatherProof":1,"WheelchairBarrier":2,"WheelchairAccess":2,"ObstaclesType":null,"Gradient":0,"Direction":0,"PositionCertainty":1,"Enabled":1,"DataSource":1,"LevelSource":2,"StreetNameEN":null,"StreetNameTC":null,"ST_CODE":null,"FloorID":220000022,"BuildingID_1":1108226175,"BuildingID_2":null,"SiteID":null,"TerminalID":1511001373,"AccessTimeID":290000422,"CreationDate":1628611200000,"ModifiedBy":"LANDSD","LastAmendmentDate":1653494400000,"Shape__Length":3.7074136335930095}},{"type":"Feature","id":179437,"geometry":{"type":"LineString","coordinates":[[114.15988984994351,22.330846435926492,11.343999999997322],[114.159891772591,22.330848603466979,11.343999999997322]]},"properties":{"OBJECTID":179437,"PedestrianRouteID":220022434,"Location":2,"FeatureType":1,"AliasNameEN":"Dragon Centre 1/F","AliasNameTC":"西九龍中心一樓","CrossingFeature":null,"WeatherProof":1,"WheelchairBarrier":2,"WheelchairAccess":2,"ObstaclesType":null,"Gradient":0,"Direction":0,"PositionCertainty":1,"Enabled":1,"DataSource":1,"LevelSource":2,"StreetNameEN":null,"StreetNameTC":null,"ST_CODE":null,"FloorID":220000022,"BuildingID_1":1108226175,"BuildingID_2":null,"SiteID":null,"TerminalID":1511001372,"AccessTimeID":290000422,"CreationDate":1628611200000,"ModifiedBy":"LANDSD","LastAmendmentDate":1653494400000,"Shape__Length":0.31119705972887679}},{"type":"Feature","id":179438,"geometry":{"type":"LineString","coordinates":[[114.15991068701538,22.330833909074475,11.343999999997322],[114.15990878377423,22.330831800235014,11.343999999997322]]},"properties":{"OBJECTID":179438,"PedestrianRouteID":220022435,"Location":2,"FeatureType":1,"AliasNameEN":"Sham Shui Po (Yen Chow Street) Footway","AliasNameTC":"深水埗（欽州街）行人道","CrossingFeature":null,"WeatherProof":1,"WheelchairBarrier":2,"WheelchairAccess":2,"ObstaclesType":null,"Gradient":0,"Direction":0,"PositionCertainty":1,"Enabled":1,"DataSource":1,"LevelSource":2,"StreetNameEN":"YEN CHOW STREET","StreetNameTC":"欽州街","ST_CODE":12852,"FloorID":220000022,"BuildingID_1":null,"BuildingID_2":null,"SiteID":null,"TerminalID":1511001372,"AccessTimeID":null,"CreationDate":1628611200000,"ModifiedBy":"LANDSD","LastAmendmentDate":1647619200000,"Shape__Length":0.30492205587051269}},{"type":"Feature","id":179439,"geometry":{"type":"LineString","coordinates":[[114.15992078341738,22.330822525274169,11.343999999997322],[114.15992266142439,22.330824606116053,11.343999999997322]]},"properties":{"OBJECTID":179439,"PedestrianRouteID":220022436,"Location":2,"FeatureType":1,"AliasNameEN":"Dragon Centre Footway","AliasNameTC":"西九龍中心行人道","CrossingFeature":null,"WeatherProof":1,"WheelchairBarrier":2,"WheelchairAccess":2,"ObstaclesType":null,"Gradient":0,"Direction":0,"PositionCertainty":1,"Enabled":1,"DataSource":1,"LevelSource":2,"StreetNameEN":null,"StreetNameTC":null,"ST_CODE":null,"FloorID":220000022,"BuildingID_1":1108226175,"BuildingID_2":null,"SiteID":null,"TerminalID":1511001372,"AccessTimeID":null,"CreationDate":1628611200000,"ModifiedBy":"LANDSD","LastAmendmentDate":1628611200000,"Shape__Length":0.30087607068869227}},{"type":"Feature","id":179440,"geometry":{"type":"LineString","coordinates":[[114.15992078341738,22.330822525274169,11.343999999997322],[114.15993398972142,22.330812316676099,11.343999999997322],[114.15993583181631,22.330814374034585,11.343999999997322]]},"properties":{"OBJECTID":179440,"PedestrianRouteID":220022437,"Location":2,"FeatureType":1,"AliasNameEN":"Dragon Centre Footway","AliasNameTC":"西九龍中心行人道","CrossingFeature":null,"WeatherProof":1,"WheelchairBarrier":2,"WheelchairAccess":2,"ObstaclesType":null,"Gradient":0,"Direction":0,"PositionCertainty":1,"Enabled":1,"DataSource":1,"LevelSource":2,"StreetNameEN":null,"StreetNameTC":null,"ST_CODE":null,"FloorID":220000022,"BuildingID_1":1108226175,"BuildingID_2":null,"SiteID":null,"TerminalID":1511001372,"AccessTimeID":null,"CreationDate":1628611200000,"ModifiedBy":"LANDSD","LastAmendmentDate":1628611200000,"Shape__Length":2.0653900873574846}},{"type":"Feature","id":179441,"geometry":{"type":"LineString","coordinates":[[114.16183576385015,22.330985796123521,-0.14999999999417923],[114.16181098462251,22.330956591638209,-0.14999999999417923],[114.16178613261364,22.330927301351746,-0.14999999999417923]]},"properties":{"OBJECTID":179441,"PedestrianRouteID":220022444,"Location":2,"FeatureType":4,"AliasNameEN":"Kweilin Street Subway","AliasNameTC":"桂林街隧道","CrossingFeature":null,"WeatherProof":1,"WheelchairBarrier":2,"WheelchairAccess":2,"ObstaclesType":null,"Gradient":0,"Direction":0,"PositionCertainty":1,"Enabled":1,"DataSource":1,"LevelSource":9,"StreetNameEN":null,"StreetNameTC":null,"ST_CODE":null,"FloorID":null,"BuildingID_1":null,"BuildingID_2":null,"SiteID":null,"TerminalID":null,"AccessTimeID":null,"CreationDate":1628611200000,"ModifiedBy":"LANDSD","LastAmendmentDate":1690819200000,"Shape__Length":8.2522821878219403}},{"type":"Feature","id":179442,"geometry":{"type":"LineString","coordinates":[[114.16169239924838,22.330819173987564,4.4909999999945285],[114.161675389282,22.330799749423193,4.4024000000063097]]},"properties":{"OBJECTID":179442,"PedestrianRouteID":220022445,"Location":1,"FeatureType":1,"AliasNameEN":"Sham Shui Po Station","AliasNameTC":"深水埗站","CrossingFeature":null,"WeatherProof":2,"WheelchairBarrier":2,"WheelchairAccess":2,"ObstaclesType":null,"Gradient":0.031923460000000001,"Direction":0,"PositionCertainty":1,"Enabled":1,"DataSource":1,"LevelSource":12,"StreetNameEN":"Kweilin Street","StreetNameTC":"桂林街","ST_CODE":11114,"FloorID":null,"BuildingID_1":null,"BuildingID_2":null,"SiteID":null,"TerminalID":1511000289,"AccessTimeID":null,"CreationDate":1628611200000,"ModifiedBy":"LANDSD","LastAmendmentDate":1689177600000,"Shape__Length":2.7744454214486876}},{"type":"Feature","id":179443,"geometry":{"type":"LineString","coordinates":[[114.16286882824937,22.330517205738087,0.15200000000186265],[114.16284287480207,22.330483710878148,0.15200000000186265]]},"properties":{"OBJECTID":179443,"PedestrianRouteID":220022451,"Location":2,"FeatureType":4,"AliasNameEN":"Sham Shui Po Station Subway","AliasNameTC":"深水埗站隧道","CrossingFeature":null,"WeatherProof":1,"WheelchairBarrier":2,"WheelchairAccess":2,"ObstaclesType":null,"Gradient":0,"Direction":0,"PositionCertainty":1,"Enabled":1,"DataSource":1,"LevelSource":9,"StreetNameEN":null,"StreetNameTC":null,"ST_CODE":null,"FloorID":null,"BuildingID_1":null,"BuildingID_2":null,"SiteID":null,"TerminalID":1511000289,"AccessTimeID":null,"CreationDate":1628697600000,"ModifiedBy":"LANDSD","LastAmendmentDate":1659542400000,"Shape__Length":4.5723088544121424}},{"type":"Feature","id":179444,"geometry":{"type":"LineString","coordinates":[[114.16284287480207,22.330483710878148,0.15200000000186265],[114.16284073474235,22.330480949141503,0.15200000000186265],[114.1628213946239,22.330455988748653,0.15200000000186265]]},"properties":{"OBJECTID":179444,"PedestrianRouteID":220022452,"Location":2,"FeatureType":4,"AliasNameEN":"Cheung Sha Wan Road Subway","AliasNameTC":"長沙灣道隧道","CrossingFeature":null,"WeatherProof":1,"WheelchairBarrier":2,"WheelchairAccess":2,"ObstaclesType":null,"Gradient":0,"Direction":0,"PositionCertainty":1,"Enabled":1,"DataSource":1,"LevelSource":9,"StreetNameEN":null,"StreetNameTC":null,"ST_CODE":null,"FloorID":null,"BuildingID_1":null,"BuildingID_2":null,"SiteID":null,"TerminalID":null,"AccessTimeID":null,"CreationDate":1628697600000,"ModifiedBy":"LANDSD","LastAmendmentDate":1690819200000,"Shape__Length":3.7842698625912417}},{"type":"Feature","id":179445,"geometry":{"type":"LineString","coordinates":[[114.16270758631389,22.330309108194822,0.15200000000186265],[114.16268550736243,22.330280612976729,0.15200000000186265],[114.16267566311693,22.330267908797392,0.15200000000186265]]},"properties":{"OBJECTID":179445,"PedestrianRouteID":220022455,"Location":2,"FeatureType":4,"AliasNameEN":"Cheung Sha Wan Road Subway","AliasNameTC":"長沙灣道隧道","CrossingFeature":null,"WeatherProof":1,"WheelchairBarrier":2,"WheelchairAccess":2,"ObstaclesType":null,"Gradient":0,"Direction":0,"PositionCertainty":1,"Enabled":1,"DataSource":1,"LevelSource":9,"StreetNameEN":null,"StreetNameTC":null,"ST_CODE":null,"FloorID":null,"BuildingID_1":null,"BuildingID_2":null,"SiteID":null,"TerminalID":null,"AccessTimeID":null,"CreationDate":1628697600000,"ModifiedBy":"LANDSD","LastAmendmentDate":1690819200000,"Shape__Length":5.6240348724248896}},{"type":"Feature","id":179446,"geometry":{"type":"LineString","coordinates":[[114.16267566311693,22.330267908797392,0.15200000000186265],[114.16266820835628,22.330258287866993,0.15200000000186265],[114.1626656470868,22.330254981547043,0.15200000000186265]]},"properties":{"OBJECTID":179446,"PedestrianRouteID":220022456,"Location":2,"FeatureType":4,"AliasNameEN":"Sham Shui Po Station Subway","AliasNameTC":"深水埗站隧道","CrossingFeature":null,"WeatherProof":1,"WheelchairBarrier":2,"WheelchairAccess":2,"ObstaclesType":null,"Gradient":0,"Direction":0,"PositionCertainty":1,"Enabled":1,"DataSource":1,"LevelSource":9,"StreetNameEN":null,"StreetNameTC":null,"ST_CODE":null,"FloorID":null,"BuildingID_1":null,"BuildingID_2":null,"SiteID":null,"TerminalID":1511000289,"AccessTimeID":null,"CreationDate":1628697600000,"ModifiedBy":"LANDSD","LastAmendmentDate":1690819200000,"Shape__Length":1.7646330984627085}},{"type":"Feature","id":428502,"geometry":{"type":"LineString","coordinates":[[114.16011496270163,22.331177337990113,4.6315000000031432],[114.16012131636492,22.33117252173334,4.6125999999931082]]},"properties":{"OBJECTID":428502,"PedestrianRouteID":290025924,"Location":1,"FeatureType":1,"AliasNameEN":"Dragon Centre Podium","AliasNameTC":"西九龍中心平台","CrossingFeature":null,"WeatherProof":2,"WheelchairBarrier":2,"WheelchairAccess":2,"ObstaclesType":null,"Gradient":0.02238099,"Direction":0,"PositionCertainty":1,"Enabled":1,"DataSource":1,"LevelSource":12,"StreetNameEN":null,"StreetNameTC":null,"ST_CODE":null,"FloorID":null,"BuildingID_1":1108245695,"BuildingID_2":null,"SiteID":null,"TerminalID":null,"AccessTimeID":null,"CreationDate":1671638400000,"ModifiedBy":"LANDSD","LastAmendmentDate":1671638400000,"Shape__Length":0.8443256547716026}},{"type":"Feature","id":438444,"geometry":{"type":"LineString","coordinates":[[114.16030428557389,22.331343556217671,4.4737000000022817],[114.16035399767976,22.331304555491066,4.4719999999942956]]},"properties":{"OBJECTID":438444,"PedestrianRouteID":220014047,"Location":1,"FeatureType":1,"AliasNameEN":"Yen Chow Street","AliasNameTC":"欽州街","CrossingFeature":null,"WeatherProof":2,"WheelchairBarrier":2,"WheelchairAccess":2,"ObstaclesType":null,"Gradient":0.00025294,"Direction":0,"PositionCertainty":1,"Enabled":1,"DataSource":1,"LevelSource":2,"StreetNameEN":"Yen Chow Street","StreetNameTC":"欽州街","ST_CODE":12852,"FloorID":null,"BuildingID_1":null,"BuildingID_2":null,"SiteID":null,"TerminalID":null,"AccessTimeID":null,"CreationDate":1706457600000,"ModifiedBy":"LANDSD","LastAmendmentDate":1706457600000,"Shape__Length":6.699251398575762}},{"type":"Feature","id":438445,"geometry":{"type":"LineString","coordinates":[[114.16041186055968,22.331315223770094,4.4879999999975553],[114.16045874408987,22.331367514673087,4.5160000000032596]]},"properties":{"OBJECTID":438445,"PedestrianRouteID":290037617,"Location":1,"FeatureType":1,"AliasNameEN":"Yen Chow Street","AliasNameTC":"欽州街","CrossingFeature":null,"WeatherProof":2,"WheelchairBarrier":2,"WheelchairAccess":2,"ObstaclesType":null,"Gradient":0.0037099400000000001,"Direction":0,"PositionCertainty":1,"Enabled":1,"DataSource":1,"LevelSource":2,"StreetNameEN":"Yen Chow Street","StreetNameTC":"欽州街","ST_CODE":12852,"FloorID":null,"BuildingID_1":null,"BuildingID_2":null,"SiteID":null,"TerminalID":null,"AccessTimeID":null,"CreationDate":1706457600000,"ModifiedBy":"LANDSD","LastAmendmentDate":1706457600000,"Shape__Length":7.540400411217191}},{"type":"Feature","id":438446,"geometry":{"type":"LineString","coordinates":[[114.16051945222812,22.331435223961645,4.5522000000055414],[114.16054390049412,22.331462491549754,4.5668000000005122]]},"properties":{"OBJECTID":438446,"PedestrianRouteID":290037618,"Location":1,"FeatureType":1,"AliasNameEN":"Yen Chow Street","AliasNameTC":"欽州街","CrossingFeature":null,"WeatherProof":2,"WheelchairBarrier":2,"WheelchairAccess":2,"ObstaclesType":null,"Gradient":0.0037099400000000001,"Direction":0,"PositionCertainty":1,"Enabled":1,"DataSource":1,"LevelSource":2,"StreetNameEN":"Yen Chow Street","StreetNameTC":"欽州街","ST_CODE":12852,"FloorID":null,"BuildingID_1":null,"BuildingID_2":null,"SiteID":null,"TerminalID":null,"AccessTimeID":null,"CreationDate":1706457600000,"ModifiedBy":"LANDSD","LastAmendmentDate":1706457600000,"Shape__Length":3.9320388650003673}},{"type":"Feature","id":438447,"geometry":{"type":"LineString","coordinates":[[114.16043008990023,22.332029368437968,4.7893999999942025],[114.16038515661188,22.332065181874544,4.8032999999995809]]},"properties":{"OBJECTID":438447,"PedestrianRouteID":220014126,"Location":1,"FeatureType":1,"AliasNameEN":"Cheung Sha Wan Road","AliasNameTC":"長沙灣道","CrossingFeature":null,"WeatherProof":2,"WheelchairBarrier":2,"WheelchairAccess":2,"ObstaclesType":null,"Gradient":0.0022868099999999998,"Direction":0,"PositionCertainty":1,"Enabled":1,"DataSource":1,"LevelSource":2,"StreetNameEN":"Cheung Sha Wan Road","StreetNameTC":"長沙灣道","ST_CODE":10206,"FloorID":null,"BuildingID_1":null,"BuildingID_2":null,"SiteID":null,"TerminalID":null,"AccessTimeID":null,"CreationDate":1706457600000,"ModifiedBy":"LANDSD","LastAmendmentDate":1706457600000,"Shape__Length":6.0955289890187574}},{"type":"Feature","id":438448,"geometry":{"type":"LineString","coordinates":[[114.16023458925297,22.332185191061857,4.8500000000058208],[114.16022793457751,22.332190494942918,4.852100000003702]]},"properties":{"OBJECTID":438448,"PedestrianRouteID":290037630,"Location":1,"FeatureType":7,"AliasNameEN":"Cheung Sha Wan Road RunIn","AliasNameTC":"長沙灣道車輛出入口","CrossingFeature":null,"WeatherProof":2,"WheelchairBarrier":2,"WheelchairAccess":2,"ObstaclesType":null,"Gradient":0.0022855100000000001,"Direction":0,"PositionCertainty":1,"Enabled":1,"DataSource":1,"LevelSource":2,"StreetNameEN":"Cheung Sha Wan Road","StreetNameTC":"長沙灣道","ST_CODE":10206,"FloorID":null,"BuildingID_1":null,"BuildingID_2":null,"SiteID":null,"TerminalID":null,"AccessTimeID":null,"CreationDate":1706457600000,"ModifiedBy":"LANDSD","LastAmendmentDate":1706457600000,"Shape__Length":0.90274526317658699}},{"type":"Feature","id":438449,"geometry":{"type":"LineString","coordinates":[[114.15987734026282,22.331678506025476,4.4888999999966472],[114.15992221427183,22.331643301382954,4.4860999999946216]]},"properties":{"OBJECTID":438449,"PedestrianRouteID":290037631,"Location":1,"FeatureType":1,"AliasNameEN":"Yen Chow Street","AliasNameTC":"欽州街","CrossingFeature":null,"WeatherProof":2,"WheelchairBarrier":2,"WheelchairAccess":2,"ObstaclesType":null,"Gradient":0.00027223999999999998,"Direction":0,"PositionCertainty":1,"Enabled":1,"DataSource":1,"LevelSource":2,"StreetNameEN":"Yen Chow Street","StreetNameTC":"欽州街","ST_CODE":12852,"FloorID":null,"BuildingID_1":null,"BuildingID_2":null,"SiteID":null,"TerminalID":null,"AccessTimeID":null,"CreationDate":1706457600000,"ModifiedBy":"LANDSD","LastAmendmentDate":1706457600000,"Shape__Length":6.0472247721279899}},{"type":"Feature","id":438450,"geometry":{"type":"LineString","coordinates":[[114.16054390049412,22.331462491549754,4.5668000000005122],[114.16056466260187,22.331485648043852,4.5791999999928521]]},"properties":{"OBJECTID":438450,"PedestrianRouteID":290037619,"Location":1,"FeatureType":1,"AliasNameEN":"Yen Chow Street","AliasNameTC":"欽州街","CrossingFeature":null,"WeatherProof":2,"WheelchairBarrier":2,"WheelchairAccess":2,"ObstaclesType":null,"Gradient":0.0037099400000000001,"Direction":0,"PositionCertainty":1,"Enabled":1,"DataSource":1,"LevelSource":2,"StreetNameEN":"Yen Chow Street","StreetNameTC":"欽州街","ST_CODE":12852,"FloorID":null,"BuildingID_1":null,"BuildingID_2":null,"SiteID":null,"TerminalID":null,"AccessTimeID":null,"CreationDate":1706457600000,"ModifiedBy":"LANDSD","LastAmendmentDate":1706457600000,"Shape__Length":3.3392023967456521}},{"type":"Feature","id":438451,"geometry":{"type":"LineString","coordinates":[[114.16056466260187,22.331485648043852,4.5791999999928521],[114.16057078000986,22.331492471261427,4.5828000000037719]]},"properties":{"OBJECTID":438451,"PedestrianRouteID":290037620,"Location":1,"FeatureType":1,"AliasNameEN":"Yen Chow Street","AliasNameTC":"欽州街","CrossingFeature":null,"WeatherProof":2,"WheelchairBarrier":2,"WheelchairAccess":2,"ObstaclesType":null,"Gradient":0.0037099400000000001,"Direction":0,"PositionCertainty":1,"Enabled":1,"DataSource":1,"LevelSource":2,"StreetNameEN":"Yen Chow Street","StreetNameTC":"欽州街","ST_CODE":12852,"FloorID":null,"BuildingID_1":null,"BuildingID_2":null,"SiteID":null,"TerminalID":null,"AccessTimeID":null,"CreationDate":1706457600000,"ModifiedBy":"LANDSD","LastAmendmentDate":1706457600000,"Shape__Length":0.98389955746085134}},{"type":"Feature","id":438452,"geometry":{"type":"LineString","coordinates":[[114.16057078000986,22.331492471261427,4.5828000000037719],[114.16057966641236,22.331502382311978,4.5880999999935739]]},"properties":{"OBJECTID":438452,"PedestrianRouteID":290037621,"Location":1,"FeatureType":1,"AliasNameEN":"Yen Chow Street","AliasNameTC":"欽州街","CrossingFeature":null,"WeatherProof":2,"WheelchairBarrier":2,"WheelchairAccess":2,"ObstaclesType":null,"Gradient":0.0037099400000000001,"Direction":0,"PositionCertainty":1,"Enabled":1,"DataSource":1,"LevelSource":2,"StreetNameEN":"Yen Chow Street","StreetNameTC":"欽州街","ST_CODE":12852,"FloorID":null,"BuildingID_1":null,"BuildingID_2":null,"SiteID":null,"TerminalID":null,"AccessTimeID":null,"CreationDate":1706457600000,"ModifiedBy":"LANDSD","LastAmendmentDate":1706457600000,"Shape__Length":1.4291991171698153}},{"type":"Feature","id":438453,"geometry":{"type":"LineString","coordinates":[[114.16057966641236,22.331502382311978,4.5880999999935739],[114.1605870659254,22.331510635198409,4.5924999999988358]]},"properties":{"OBJECTID":438453,"PedestrianRouteID":290037622,"Location":1,"FeatureType":1,"AliasNameEN":"Yen Chow Street","AliasNameTC":"欽州街","CrossingFeature":null,"WeatherProof":2,"WheelchairBarrier":2,"WheelchairAccess":2,"ObstaclesType":null,"Gradient":0.0037099400000000001,"Direction":0,"PositionCertainty":1,"Enabled":1,"DataSource":1,"LevelSource":2,"StreetNameEN":"Yen Chow Street","StreetNameTC":"欽州街","ST_CODE":12852,"FloorID":null,"BuildingID_1":null,"BuildingID_2":null,"SiteID":null,"TerminalID":null,"AccessTimeID":null,"CreationDate":1706457600000,"ModifiedBy":"LANDSD","LastAmendmentDate":1706457600000,"Shape__Length":1.1900773935482352}},{"type":"Feature","id":438454,"geometry":{"type":"LineString","coordinates":[[114.16070897166902,22.331646599149639,4.6652999999932945],[114.1607477066172,22.331689801683108,4.688399999999092]]},"properties":{"OBJECTID":438454,"PedestrianRouteID":290037623,"Location":1,"FeatureType":1,"AliasNameEN":"Yen Chow Street","AliasNameTC":"欽州街","CrossingFeature":null,"WeatherProof":2,"WheelchairBarrier":2,"WheelchairAccess":2,"ObstaclesType":null,"Gradient":0.0037099400000000001,"Direction":0,"PositionCertainty":1,"Enabled":1,"DataSource":1,"LevelSource":2,"StreetNameEN":"Yen Chow Street","StreetNameTC":"欽州街","ST_CODE":12852,"FloorID":null,"BuildingID_1":null,"BuildingID_2":null,"SiteID":null,"TerminalID":null,"AccessTimeID":null,"CreationDate":1706457600000,"ModifiedBy":"LANDSD","LastAmendmentDate":1706457600000,"Shape__Length":6.2298402829952595}},{"type":"Feature","id":438455,"geometry":{"type":"LineString","coordinates":[[114.1599310890813,22.331636338827941,4.4860999999946216],[114.15995441384706,22.331618039883868,4.4860999999946216]]},"properties":{"OBJECTID":438455,"PedestrianRouteID":290037633,"Location":1,"FeatureType":1,"AliasNameEN":"Yen Chow Street","AliasNameTC":"欽州街","CrossingFeature":null,"WeatherProof":2,"WheelchairBarrier":2,"WheelchairAccess":2,"ObstaclesType":null,"Gradient":0.00027223999999999998,"Direction":0,"PositionCertainty":1,"Enabled":1,"DataSource":1,"LevelSource":2,"StreetNameEN":"Yen Chow Street","StreetNameTC":"欽州街","ST_CODE":12852,"FloorID":null,"BuildingID_1":null,"BuildingID_2":null,"SiteID":null,"TerminalID":null,"AccessTimeID":null,"CreationDate":1706457600000,"ModifiedBy":"LANDSD","LastAmendmentDate":1706457600000,"Shape__Length":3.1432586348715321}},{"type":"Feature","id":438456,"geometry":{"type":"LineString","coordinates":[[114.1602776020371,22.331364489993259,4.4737000000022817],[114.16030428557389,22.331343556217671,4.4737000000022817]]},"properties":{"OBJECTID":438456,"PedestrianRouteID":290037635,"Location":1,"FeatureType":1,"AliasNameEN":"Yen Chow Street","AliasNameTC":"欽州街","CrossingFeature":null,"WeatherProof":2,"WheelchairBarrier":2,"WheelchairAccess":2,"ObstaclesType":null,"Gradient":0.00025294,"Direction":0,"PositionCertainty":1,"Enabled":1,"DataSource":1,"LevelSource":2,"StreetNameEN":"Yen Chow Street","StreetNameTC":"欽州街","ST_CODE":12852,"FloorID":null,"BuildingID_1":null,"BuildingID_2":null,"SiteID":null,"TerminalID":null,"AccessTimeID":null,"CreationDate":1706457600000,"ModifiedBy":"LANDSD","LastAmendmentDate":1706457600000,"Shape__Length":3.5958768405117114}},{"type":"Feature","id":438457,"geometry":{"type":"LineString","coordinates":[[114.1602481527691,22.331387594433064,4.475800000000163],[114.1602776020371,22.331364489993259,4.4737000000022817]]},"properties":{"OBJECTID":438457,"PedestrianRouteID":290037636,"Location":1,"FeatureType":1,"AliasNameEN":"Yen Chow Street","AliasNameTC":"欽州街","CrossingFeature":null,"WeatherProof":2,"WheelchairBarrier":2,"WheelchairAccess":2,"ObstaclesType":null,"Gradient":0.00025294,"Direction":0,"PositionCertainty":1,"Enabled":1,"DataSource":1,"LevelSource":2,"StreetNameEN":"Yen Chow Street","StreetNameTC":"欽州街","ST_CODE":12852,"FloorID":null,"BuildingID_1":null,"BuildingID_2":null,"SiteID":null,"TerminalID":null,"AccessTimeID":null,"CreationDate":1706457600000,"ModifiedBy":"LANDSD","LastAmendmentDate":1706457600000,"Shape__Length":3.9686504504766882}},{"type":"Feature","id":438458,"geometry":{"type":"LineString","coordinates":[[114.16008617579752,22.331514669657491,4.4811999999947147],[114.16010977622182,22.331496154888356,4.9939000000013039]]},"properties":{"OBJECTID":438458,"PedestrianRouteID":290037632,"Location":1,"FeatureType":1,"AliasNameEN":"Yen Chow Street","AliasNameTC":"欽州街","CrossingFeature":null,"WeatherProof":2,"WheelchairBarrier":2,"WheelchairAccess":2,"ObstaclesType":null,"Gradient":0.00027223999999999998,"Direction":0,"PositionCertainty":1,"Enabled":1,"DataSource":1,"LevelSource":2,"StreetNameEN":"Yen Chow Street","StreetNameTC":"欽州街","ST_CODE":12852,"FloorID":null,"BuildingID_1":null,"BuildingID_2":null,"SiteID":null,"TerminalID":null,"AccessTimeID":null,"CreationDate":1706457600000,"ModifiedBy":"LANDSD","LastAmendmentDate":1706457600000,"Shape__Length":3.180376937191955}},{"type":"Feature","id":438459,"geometry":{"type":"LineString","coordinates":[[114.16045874408987,22.331367514673087,4.5160000000032596],[114.16048837800078,22.331400565977493,4.5336999999999534]]},"properties":{"OBJECTID":438459,"PedestrianRouteID":290037624,"Location":1,"FeatureType":1,"AliasNameEN":"Yen Chow Street","AliasNameTC":"欽州街","CrossingFeature":null,"WeatherProof":2,"WheelchairBarrier":2,"WheelchairAccess":2,"ObstaclesType":null,"Gradient":0.0037099400000000001,"Direction":0,"PositionCertainty":1,"Enabled":1,"DataSource":1,"LevelSource":2,"StreetNameEN":"Yen Chow Street","StreetNameTC":"欽州街","ST_CODE":12852,"FloorID":null,"BuildingID_1":null,"BuildingID_2":null,"SiteID":null,"TerminalID":null,"AccessTimeID":null,"CreationDate":1706457600000,"ModifiedBy":"LANDSD","LastAmendmentDate":1706457600000,"Shape__Length":4.7660584401387016}},{"type":"Feature","id":438460,"geometry":{"type":"LineString","coordinates":[[114.16022449413506,22.331406155272596,4.475800000000163],[114.1602481527691,22.331387594433064,4.475800000000163]]},"properties":{"OBJECTID":438460,"PedestrianRouteID":290037637,"Location":1,"FeatureType":1,"AliasNameEN":"Yen Chow Street","AliasNameTC":"欽州街","CrossingFeature":null,"WeatherProof":2,"WheelchairBarrier":2,"WheelchairAccess":2,"ObstaclesType":null,"Gradient":0.00025294,"Direction":0,"PositionCertainty":1,"Enabled":1,"DataSource":1,"LevelSource":2,"StreetNameEN":"Yen Chow Street","StreetNameTC":"欽州街","ST_CODE":12852,"FloorID":null,"BuildingID_1":null,"BuildingID_2":null,"SiteID":null,"TerminalID":null,"AccessTimeID":null,"CreationDate":1706457600000,"ModifiedBy":"LANDSD","LastAmendmentDate":1706457600000,"Shape__Length":3.1882515225456585}},{"type":"Feature","id":438461,"geometry":{"type":"LineString","coordinates":[[114.16017643129652,22.331443861143139,4.4777000000030966],[114.16022449413506,22.331406155272596,4.475800000000163]]},"properties":{"OBJECTID":438461,"PedestrianRouteID":290037638,"Location":1,"FeatureType":1,"AliasNameEN":"Yen Chow Street","AliasNameTC":"欽州街","CrossingFeature":null,"WeatherProof":2,"WheelchairBarrier":2,"WheelchairAccess":2,"ObstaclesType":null,"Gradient":0.00025294,"Direction":0,"PositionCertainty":1,"Enabled":1,"DataSource":1,"LevelSource":2,"StreetNameEN":"Yen Chow Street","StreetNameTC":"欽州街","ST_CODE":12852,"FloorID":null,"BuildingID_1":null,"BuildingID_2":null,"SiteID":null,"TerminalID":null,"AccessTimeID":null,"CreationDate":1706457600000,"ModifiedBy":"LANDSD","LastAmendmentDate":1706457600000,"Shape__Length":6.476923791964925}},{"type":"Feature","id":438462,"geometry":{"type":"LineString","coordinates":[[114.16038235091538,22.331282311534913,4.4704000000056112],[114.16041186055968,22.331315223770094,4.4879999999975553]]},"properties":{"OBJECTID":438462,"PedestrianRouteID":290037625,"Location":1,"FeatureType":1,"AliasNameEN":"Yen Chow Street","AliasNameTC":"欽州街","CrossingFeature":null,"WeatherProof":2,"WheelchairBarrier":2,"WheelchairAccess":2,"ObstaclesType":null,"Gradient":0.0037099400000000001,"Direction":0,"PositionCertainty":1,"Enabled":1,"DataSource":1,"LevelSource":2,"StreetNameEN":"Yen Chow Street","StreetNameTC":"欽州街","ST_CODE":12852,"FloorID":null,"BuildingID_1":null,"BuildingID_2":null,"SiteID":null,"TerminalID":null,"AccessTimeID":null,"CreationDate":1706457600000,"ModifiedBy":"LANDSD","LastAmendmentDate":1706457600000,"Shape__Length":4.7460334909660693}},{"type":"Feature","id":438463,"geometry":{"type":"LineString","coordinates":[[114.16048837800078,22.331400565977493,4.5336999999999534],[114.1605009932597,22.331414636893946,4.5412000000069384]]},"properties":{"OBJECTID":438463,"PedestrianRouteID":290037626,"Location":1,"FeatureType":1,"AliasNameEN":"Yen Chow Street","AliasNameTC":"欽州街","CrossingFeature":null,"WeatherProof":2,"WheelchairBarrier":2,"WheelchairAccess":2,"ObstaclesType":null,"Gradient":0.0037099400000000001,"Direction":0,"PositionCertainty":1,"Enabled":1,"DataSource":1,"LevelSource":2,"StreetNameEN":"Yen Chow Street","StreetNameTC":"欽州街","ST_CODE":12852,"FloorID":null,"BuildingID_1":null,"BuildingID_2":null,"SiteID":null,"TerminalID":null,"AccessTimeID":null,"CreationDate":1706457600000,"ModifiedBy":"LANDSD","LastAmendmentDate":1706457600000,"Shape__Length":2.0290007493844371}},{"type":"Feature","id":438464,"geometry":{"type":"LineString","coordinates":[[114.1605009932597,22.331414636893946,4.5412000000069384],[114.16051945222812,22.331435223961645,4.5522000000055414]]},"properties":{"OBJECTID":438464,"PedestrianRouteID":290037627,"Location":1,"FeatureType":1,"AliasNameEN":"Yen Chow Street","AliasNameTC":"欽州街","CrossingFeature":null,"WeatherProof":2,"WheelchairBarrier":2,"WheelchairAccess":2,"ObstaclesType":null,"Gradient":0.0037099400000000001,"Direction":0,"PositionCertainty":1,"Enabled":1,"DataSource":1,"LevelSource":2,"StreetNameEN":"Yen Chow Street","StreetNameTC":"欽州街","ST_CODE":12852,"FloorID":null,"BuildingID_1":null,"BuildingID_2":null,"SiteID":null,"TerminalID":null,"AccessTimeID":null,"CreationDate":1706457600000,"ModifiedBy":"LANDSD","LastAmendmentDate":1706457600000,"Shape__Length":2.9687276501192934}},{"type":"Feature","id":438465,"geometry":{"type":"LineString","coordinates":[[114.1605870659254,22.331510635198409,4.5924999999988358],[114.16063425045851,22.331563262017227,4.6206999999994878]]},"properties":{"OBJECTID":438465,"PedestrianRouteID":290037628,"Location":1,"FeatureType":1,"AliasNameEN":"Yen Chow Street","AliasNameTC":"欽州街","CrossingFeature":null,"WeatherProof":2,"WheelchairBarrier":2,"WheelchairAccess":2,"ObstaclesType":null,"Gradient":0.0037099400000000001,"Direction":0,"PositionCertainty":1,"Enabled":1,"DataSource":1,"LevelSource":2,"StreetNameEN":"Yen Chow Street","StreetNameTC":"欽州街","ST_CODE":12852,"FloorID":null,"BuildingID_1":null,"BuildingID_2":null,"SiteID":null,"TerminalID":null,"AccessTimeID":null,"CreationDate":1706457600000,"ModifiedBy":"LANDSD","LastAmendmentDate":1706457600000,"Shape__Length":7.5888239515195393}},{"type":"Feature","id":438466,"geometry":{"type":"LineString","coordinates":[[114.16069905160499,22.33163553570137,4.6594000000040978],[114.16070897166902,22.331646599149639,4.6652999999932945]]},"properties":{"OBJECTID":438466,"PedestrianRouteID":290037629,"Location":1,"FeatureType":1,"AliasNameEN":"Yen Chow Street","AliasNameTC":"欽州街","CrossingFeature":null,"WeatherProof":2,"WheelchairBarrier":2,"WheelchairAccess":2,"ObstaclesType":null,"Gradient":0.0037099400000000001,"Direction":0,"PositionCertainty":1,"Enabled":1,"DataSource":1,"LevelSource":2,"StreetNameEN":"Yen Chow Street","StreetNameTC":"欽州街","ST_CODE":12852,"FloorID":null,"BuildingID_1":null,"BuildingID_2":null,"SiteID":null,"TerminalID":null,"AccessTimeID":null,"CreationDate":1706457600000,"ModifiedBy":"LANDSD","LastAmendmentDate":1706457600000,"Shape__Length":1.5954038401169286}},{"type":"Feature","id":438467,"geometry":{"type":"LineString","coordinates":[[114.15992221427183,22.331643301382954,4.4860999999946216],[114.1599310890813,22.331636338827941,4.4860999999946216]]},"properties":{"OBJECTID":438467,"PedestrianRouteID":290037634,"Location":1,"FeatureType":1,"AliasNameEN":"Yen Chow Street","AliasNameTC":"欽州街","CrossingFeature":null,"WeatherProof":2,"WheelchairBarrier":2,"WheelchairAccess":2,"ObstaclesType":null,"Gradient":0.00027223999999999998,"Direction":0,"PositionCertainty":1,"Enabled":1,"DataSource":1,"LevelSource":2,"StreetNameEN":"Yen Chow Street","StreetNameTC":"欽州街","ST_CODE":12852,"FloorID":null,"BuildingID_1":null,"BuildingID_2":null,"SiteID":null,"TerminalID":null,"AccessTimeID":null,"CreationDate":1706457600000,"ModifiedBy":"LANDSD","LastAmendmentDate":1706457600000,"Shape__Length":1.1959752727477331}},{"type":"Feature","id":438468,"geometry":{"type":"LineString","coordinates":[[114.16034396272829,22.332098015587494,4.8160999999963678],[114.16030437448914,22.332129568917328,4.8283999999985099]]},"properties":{"OBJECTID":438468,"PedestrianRouteID":290037642,"Location":1,"FeatureType":1,"AliasNameEN":"Cheung Sha Wan Road","AliasNameTC":"長沙灣道","CrossingFeature":null,"WeatherProof":2,"WheelchairBarrier":2,"WheelchairAccess":2,"ObstaclesType":null,"Gradient":0.0022868099999999998,"Direction":0,"PositionCertainty":1,"Enabled":1,"DataSource":1,"LevelSource":2,"StreetNameEN":"Cheung Sha Wan Road","StreetNameTC":"長沙灣道","ST_CODE":10206,"FloorID":null,"BuildingID_1":null,"BuildingID_2":null,"SiteID":null,"TerminalID":null,"AccessTimeID":null,"CreationDate":1706457600000,"ModifiedBy":"LANDSD","LastAmendmentDate":1706457600000,"Shape__Length":5.3704389257990899}},{"type":"Feature","id":438469,"geometry":{"type":"LineString","coordinates":[[114.16035578871626,22.332088589767579,4.8123999999952503],[114.16034396272829,22.332098015587494,4.8160999999963678]]},"properties":{"OBJECTID":438469,"PedestrianRouteID":290037643,"Location":1,"FeatureType":1,"AliasNameEN":"Cheung Sha Wan Road","AliasNameTC":"長沙灣道","CrossingFeature":null,"WeatherProof":2,"WheelchairBarrier":2,"WheelchairAccess":2,"ObstaclesType":null,"Gradient":0.0022868099999999998,"Direction":0,"PositionCertainty":1,"Enabled":1,"DataSource":1,"LevelSource":2,"StreetNameEN":"Cheung Sha Wan Road","StreetNameTC":"長沙灣道","ST_CODE":10206,"FloorID":null,"BuildingID_1":null,"BuildingID_2":null,"SiteID":null,"TerminalID":null,"AccessTimeID":null,"CreationDate":1706457600000,"ModifiedBy":"LANDSD","LastAmendmentDate":1706457600000,"Shape__Length":1.6042875209463396}},{"type":"Feature","id":438470,"geometry":{"type":"LineString","coordinates":[[114.16038515661188,22.332065181874544,4.8032999999995809],[114.16037053770731,22.332076833450966,4.8077999999950407]]},"properties":{"OBJECTID":438470,"PedestrianRouteID":290037644,"Location":1,"FeatureType":1,"AliasNameEN":"Cheung Sha Wan Road","AliasNameTC":"長沙灣道","CrossingFeature":null,"WeatherProof":2,"WheelchairBarrier":2,"WheelchairAccess":2,"ObstaclesType":null,"Gradient":0.0022868099999999998,"Direction":0,"PositionCertainty":1,"Enabled":1,"DataSource":1,"LevelSource":2,"StreetNameEN":"Cheung Sha Wan Road","StreetNameTC":"長沙灣道","ST_CODE":10206,"FloorID":null,"BuildingID_1":null,"BuildingID_2":null,"SiteID":null,"TerminalID":null,"AccessTimeID":null,"CreationDate":1706457600000,"ModifiedBy":"LANDSD","LastAmendmentDate":1706457600000,"Shape__Length":1.9831457250055153}},{"type":"Feature","id":438471,"geometry":{"type":"LineString","coordinates":[[114.16010977622182,22.331496154888356,4.9939000000013039],[114.1601502001007,22.331464440945197,4.8752999999996973]]},"properties":{"OBJECTID":438471,"PedestrianRouteID":290037648,"Location":1,"FeatureType":1,"AliasNameEN":"Footway","AliasNameTC":"行人道","CrossingFeature":null,"WeatherProof":1,"WheelchairBarrier":2,"WheelchairAccess":2,"ObstaclesType":null,"Gradient":0.021767749999999999,"Direction":0,"PositionCertainty":1,"Enabled":1,"DataSource":1,"LevelSource":12,"StreetNameEN":null,"StreetNameTC":null,"ST_CODE":null,"FloorID":null,"BuildingID_1":null,"BuildingID_2":null,"SiteID":null,"TerminalID":null,"AccessTimeID":null,"CreationDate":1706457600000,"ModifiedBy":"LANDSD","LastAmendmentDate":1758729600000,"Shape__Length":5.4475664378402273}},{"type":"Feature","id":438747,"geometry":{"type":"LineString","coordinates":[[114.16007779968143,22.33262097535415,4.9027999999962049],[114.16007723093391,22.332620340445615,4.9027999999962049],[114.15994458083988,22.332722780407884,4.8926999999966938]]},"properties":{"OBJECTID":438747,"PedestrianRouteID":290037970,"Location":1,"FeatureType":1,"AliasNameEN":"Cheung Sha Wan Road","AliasNameTC":"長沙灣道","CrossingFeature":null,"WeatherProof":2,"WheelchairBarrier":2,"WheelchairAccess":2,"ObstaclesType":null,"Gradient":0.00034476999999999999,"Direction":0,"PositionCertainty":1,"Enabled":1,"DataSource":1,"LevelSource":2,"StreetNameEN":"Cheung Sha Wan Road","StreetNameTC":"長沙灣道","ST_CODE":10206,"FloorID":null,"BuildingID_1":null,"BuildingID_2":null,"SiteID":null,"TerminalID":null,"AccessTimeID":null,"CreationDate":1707235200000,"ModifiedBy":"LANDSD","LastAmendmentDate":1707235200000,"Shape__Length":17.851775758497311}},{"type":"Feature","id":438754,"geometry":{"type":"LineString","coordinates":[[114.16011461784288,22.332662089062634,4.9143999999942025],[114.16008518563478,22.332629223745673,4.8975999999966007]]},"properties":{"OBJECTID":438754,"PedestrianRouteID":290037982,"Location":1,"FeatureType":1,"AliasNameEN":"Kiu Kiang Street","AliasNameTC":"九江街","CrossingFeature":null,"WeatherProof":2,"WheelchairBarrier":2,"WheelchairAccess":2,"ObstaclesType":null,"Gradient":0.0035533499999999998,"Direction":0,"PositionCertainty":1,"Enabled":1,"DataSource":1,"LevelSource":2,"StreetNameEN":"Kiu Kiang Street","StreetNameTC":"九江街","ST_CODE":11041,"FloorID":null,"BuildingID_1":null,"BuildingID_2":null,"SiteID":null,"TerminalID":null,"AccessTimeID":null,"CreationDate":1707235200000,"ModifiedBy":"LANDSD","LastAmendmentDate":1707235200000,"Shape__Length":4.7369164286024192}},{"type":"Feature","id":439426,"geometry":{"type":"LineString","coordinates":[[114.16297728979201,22.332174291431937,5.6594999999942956],[114.16318626813094,22.332009620276683,5.7140000000072177]]},"properties":{"OBJECTID":439426,"PedestrianRouteID":290038579,"Location":1,"FeatureType":5,"AliasNameEN":"Lane between Tung Tak Building and Hang On Building","AliasNameTC":"同德大廈與恆安樓之間的小巷","CrossingFeature":null,"WeatherProof":2,"WheelchairBarrier":1,"WheelchairAccess":2,"ObstaclesType":12,"Gradient":0.0019323400000000001,"Direction":0,"PositionCertainty":1,"Enabled":1,"DataSource":1,"LevelSource":2,"StreetNameEN":null,"StreetNameTC":null,"ST_CODE":801616,"FloorID":null,"BuildingID_1":null,"BuildingID_2":1108225885,"SiteID":null,"TerminalID":null,"AccessTimeID":null,"CreationDate":1709481600000,"ModifiedBy":"LANDSD","LastAmendmentDate":1709481600000,"Shape__Length":28.213569776630905}},{"type":"Feature","id":441413,"geometry":{"type":"LineString","coordinates":[[114.16241599853669,22.329966619364743,4.3493000000016764],[114.16241979415645,22.329963696502727,4.3629999999975553]]},"properties":{"OBJECTID":441413,"PedestrianRouteID":290040795,"Location":1,"FeatureType":1,"AliasNameEN":"Pei Ho Street","AliasNameTC":"北河街","CrossingFeature":null,"WeatherProof":1,"WheelchairBarrier":2,"WheelchairAccess":2,"ObstaclesType":null,"Gradient":0.014774199999999999,"Direction":0,"PositionCertainty":1,"Enabled":1,"DataSource":1,"LevelSource":12,"StreetNameEN":"Pei Ho Street","StreetNameTC":"北河街","ST_CODE":11675,"FloorID":null,"BuildingID_1":null,"BuildingID_2":null,"SiteID":null,"TerminalID":null,"AccessTimeID":null,"CreationDate":1712851200000,"ModifiedBy":"LANDSD","LastAmendmentDate":1761580800000,"Shape__Length":0.50760485577607894}},{"type":"Feature","id":441415,"geometry":{"type":"LineString","coordinates":[[114.16283847424313,22.330605465318051,4.7455000000045402],[114.16280994343627,22.330574077968507,4.7032999999937601]]},"properties":{"OBJECTID":441415,"PedestrianRouteID":290040788,"Location":1,"FeatureType":1,"AliasNameEN":"Pei Ho Street","AliasNameTC":"北河街","CrossingFeature":null,"WeatherProof":2,"WheelchairBarrier":2,"WheelchairAccess":2,"ObstaclesType":null,"Gradient":0.0092711700000000005,"Direction":0,"PositionCertainty":1,"Enabled":1,"DataSource":1,"LevelSource":2,"StreetNameEN":"Pei Ho Street","StreetNameTC":"北河街","ST_CODE":11675,"FloorID":null,"BuildingID_1":null,"BuildingID_2":null,"SiteID":null,"TerminalID":null,"AccessTimeID":null,"CreationDate":1712851200000,"ModifiedBy":"LANDSD","LastAmendmentDate":1712851200000,"Shape__Length":4.5518845892241426}},{"type":"Feature","id":441418,"geometry":{"type":"LineString","coordinates":[[114.16154178720691,22.330641372080997,4.4330000000045402],[114.16154408498727,22.330639595982312,4.4302000000025146]]},"properties":{"OBJECTID":441418,"PedestrianRouteID":290040789,"Location":1,"FeatureType":1,"AliasNameEN":"Kweilin Street","AliasNameTC":"桂林街","CrossingFeature":null,"WeatherProof":2,"WheelchairBarrier":2,"WheelchairAccess":2,"ObstaclesType":null,"Gradient":0.0090327900000000006,"Direction":0,"PositionCertainty":1,"Enabled":1,"DataSource":1,"LevelSource":2,"StreetNameEN":"Kweilin Street","StreetNameTC":"桂林街","ST_CODE":11114,"FloorID":null,"BuildingID_1":null,"BuildingID_2":null,"SiteID":null,"TerminalID":null,"AccessTimeID":null,"CreationDate":1712851200000,"ModifiedBy":"LANDSD","LastAmendmentDate":1759161600000,"Shape__Length":0.30776253805199699}},{"type":"Feature","id":441420,"geometry":{"type":"LineString","coordinates":[[114.16225078517827,22.331474905877212,4.8865999999979977],[114.16225313881766,22.331477412978138,4.9039999999949941]]},"properties":{"OBJECTID":441420,"PedestrianRouteID":290040792,"Location":1,"FeatureType":1,"AliasNameEN":"Kweilin Street","AliasNameTC":"桂林街","CrossingFeature":null,"WeatherProof":2,"WheelchairBarrier":2,"WheelchairAccess":2,"ObstaclesType":null,"Gradient":0.047155469999999998,"Direction":0,"PositionCertainty":1,"Enabled":1,"DataSource":1,"LevelSource":2,"StreetNameEN":"Kweilin Street","StreetNameTC":"桂林街","ST_CODE":11114,"FloorID":null,"BuildingID_1":null,"BuildingID_2":null,"SiteID":null,"TerminalID":null,"AccessTimeID":null,"CreationDate":1712851200000,"ModifiedBy":"LANDSD","LastAmendmentDate":1759161600000,"Shape__Length":0.36860278034547417}},{"type":"Feature","id":441423,"geometry":{"type":"LineString","coordinates":[[114.16357004420466,22.331767236135668,5.8291000000026543],[114.16353846444106,22.331732092850686,5.805900000006659]]},"properties":{"OBJECTID":441423,"PedestrianRouteID":290040798,"Location":1,"FeatureType":5,"AliasNameEN":"Lane between Sham Shui Po Government Offices and Lung On Building","AliasNameTC":"深水埗政府合署與龍安大廈之間的小巷","CrossingFeature":null,"WeatherProof":2,"WheelchairBarrier":1,"WheelchairAccess":2,"ObstaclesType":12,"Gradient":0.0045754300000000001,"Direction":0,"PositionCertainty":1,"Enabled":1,"DataSource":1,"LevelSource":2,"StreetNameEN":null,"StreetNameTC":null,"ST_CODE":801616,"FloorID":null,"BuildingID_1":null,"BuildingID_2":1108226002,"SiteID":null,"TerminalID":null,"AccessTimeID":null,"CreationDate":1712851200000,"ModifiedBy":"LANDSD","LastAmendmentDate":1712851200000,"Shape__Length":5.0723544221072219}},{"type":"Feature","id":441424,"geometry":{"type":"LineString","coordinates":[[114.16363072976782,22.331834768158192,5.873699999996461],[114.16359429901135,22.331794226911253,5.8469000000040978]]},"properties":{"OBJECTID":441424,"PedestrianRouteID":290040799,"Location":1,"FeatureType":5,"AliasNameEN":"Lane between Sham Shui Po Government Offices and Lung On Building","AliasNameTC":"深水埗政府合署與龍安大廈之間的小巷","CrossingFeature":null,"WeatherProof":2,"WheelchairBarrier":1,"WheelchairAccess":2,"ObstaclesType":12,"Gradient":0.0045754300000000001,"Direction":0,"PositionCertainty":1,"Enabled":1,"DataSource":1,"LevelSource":2,"StreetNameEN":null,"StreetNameTC":null,"ST_CODE":801616,"FloorID":null,"BuildingID_1":null,"BuildingID_2":1108226002,"SiteID":null,"TerminalID":null,"AccessTimeID":null,"CreationDate":1712851200000,"ModifiedBy":"LANDSD","LastAmendmentDate":1712851200000,"Shape__Length":5.8514855596542201}},{"type":"Feature","id":441425,"geometry":{"type":"LineString","coordinates":[[114.16359429901135,22.331794226911253,5.8469000000040978],[114.16357004420466,22.331767236135668,5.8291000000026543]]},"properties":{"OBJECTID":441425,"PedestrianRouteID":290040800,"Location":1,"FeatureType":5,"AliasNameEN":"Lane between Sham Shui Po Government Offices and Lung On Building","AliasNameTC":"深水埗政府合署與龍安大廈之間的小巷","CrossingFeature":null,"WeatherProof":2,"WheelchairBarrier":1,"WheelchairAccess":2,"ObstaclesType":12,"Gradient":0.0045754300000000001,"Direction":0,"PositionCertainty":1,"Enabled":1,"DataSource":1,"LevelSource":2,"StreetNameEN":null,"StreetNameTC":null,"ST_CODE":801616,"FloorID":null,"BuildingID_1":null,"BuildingID_2":1108226002,"SiteID":null,"TerminalID":null,"AccessTimeID":null,"CreationDate":1712851200000,"ModifiedBy":"LANDSD","LastAmendmentDate":1712851200000,"Shape__Length":3.8957324025740134}},{"type":"Feature","id":441682,"geometry":{"type":"LineString","coordinates":[[114.16149776793881,22.329106239328365,4.2176999999937834],[114.16151015307776,22.329120014848339,4.2176999999937834]]},"properties":{"OBJECTID":441682,"PedestrianRouteID":290041069,"Location":1,"FeatureType":1,"AliasNameEN":"Pei Ho Street","AliasNameTC":"北河街","CrossingFeature":null,"WeatherProof":2,"WheelchairBarrier":2,"WheelchairAccess":2,"ObstaclesType":null,"Gradient":0.00036950999999999998,"Direction":0,"PositionCertainty":1,"Enabled":1,"DataSource":1,"LevelSource":2,"StreetNameEN":"Pei Ho Street","StreetNameTC":"北河街","ST_CODE":11675,"FloorID":null,"BuildingID_1":null,"BuildingID_2":null,"SiteID":null,"TerminalID":null,"AccessTimeID":null,"CreationDate":1712851200000,"ModifiedBy":"LANDSD","LastAmendmentDate":1712851200000,"Shape__Length":1.9887109659775934}},{"type":"Feature","id":441683,"geometry":{"type":"LineString","coordinates":[[114.1612674529368,22.328850068488038,4.2032999999937601],[114.16127422441205,22.328857599741792,4.2032999999937601]]},"properties":{"OBJECTID":441683,"PedestrianRouteID":290041070,"Location":1,"FeatureType":1,"AliasNameEN":"Pei Ho Street","AliasNameTC":"北河街","CrossingFeature":null,"WeatherProof":2,"WheelchairBarrier":2,"WheelchairAccess":2,"ObstaclesType":null,"Gradient":0.00036950999999999998,"Direction":0,"PositionCertainty":1,"Enabled":1,"DataSource":1,"LevelSource":2,"StreetNameEN":"Pei Ho Street","StreetNameTC":"北河街","ST_CODE":11675,"FloorID":null,"BuildingID_1":null,"BuildingID_2":null,"SiteID":null,"TerminalID":null,"AccessTimeID":null,"CreationDate":1712851200000,"ModifiedBy":"LANDSD","LastAmendmentDate":1712851200000,"Shape__Length":1.0872784820866144}},{"type":"Feature","id":441684,"geometry":{"type":"LineString","coordinates":[[114.16121196233915,22.328874247956612,4.1968000000051688],[114.16124441050415,22.328849007889531,4.1968000000051688]]},"properties":{"OBJECTID":441684,"PedestrianRouteID":290041064,"Location":1,"FeatureType":1,"AliasNameEN":"Tai Nan Street","AliasNameTC":"大南街","CrossingFeature":null,"WeatherProof":2,"WheelchairBarrier":2,"WheelchairAccess":2,"ObstaclesType":null,"Gradient":2.124e-05,"Direction":0,"PositionCertainty":1,"Enabled":1,"DataSource":1,"LevelSource":2,"StreetNameEN":"Tai Nan Street","StreetNameTC":"大南街","ST_CODE":12239,"FloorID":null,"BuildingID_1":null,"BuildingID_2":null,"SiteID":null,"TerminalID":null,"AccessTimeID":null,"CreationDate":1712851200000,"ModifiedBy":"LANDSD","LastAmendmentDate":1712851200000,"Shape__Length":4.3573704051115572}},{"type":"Feature","id":441685,"geometry":{"type":"LineString","coordinates":[[114.16113922621993,22.328930824762306,4.1965000000054715],[114.16116202421576,22.328913091804619,4.1965000000054715]]},"properties":{"OBJECTID":441685,"PedestrianRouteID":290041065,"Location":1,"FeatureType":1,"AliasNameEN":"Tai Nan Street","AliasNameTC":"大南街","CrossingFeature":null,"WeatherProof":2,"WheelchairBarrier":2,"WheelchairAccess":2,"ObstaclesType":null,"Gradient":2.124e-05,"Direction":0,"PositionCertainty":1,"Enabled":1,"DataSource":1,"LevelSource":2,"StreetNameEN":"Tai Nan Street","StreetNameTC":"大南街","ST_CODE":12239,"FloorID":null,"BuildingID_1":null,"BuildingID_2":null,"SiteID":null,"TerminalID":null,"AccessTimeID":null,"CreationDate":1712851200000,"ModifiedBy":"LANDSD","LastAmendmentDate":1712851200000,"Shape__Length":3.0614302965947027}},{"type":"Feature","id":441686,"geometry":{"type":"LineString","coordinates":[[114.16105127841939,22.328999233731395,4.1965000000054715],[114.16106884701817,22.328985568555673,4.1965000000054715]]},"properties":{"OBJECTID":441686,"PedestrianRouteID":290041066,"Location":1,"FeatureType":1,"AliasNameEN":"Tai Nan Street","AliasNameTC":"大南街","CrossingFeature":null,"WeatherProof":2,"WheelchairBarrier":2,"WheelchairAccess":2,"ObstaclesType":null,"Gradient":0,"Direction":0,"PositionCertainty":1,"Enabled":1,"DataSource":1,"LevelSource":2,"StreetNameEN":"Tai Nan Street","StreetNameTC":"大南街","ST_CODE":12239,"FloorID":null,"BuildingID_1":null,"BuildingID_2":null,"SiteID":null,"TerminalID":null,"AccessTimeID":null,"CreationDate":1712851200000,"ModifiedBy":"LANDSD","LastAmendmentDate":1712851200000,"Shape__Length":2.3591853675583998}},{"type":"Feature","id":441687,"geometry":{"type":"LineString","coordinates":[[114.16150424829357,22.329131046953819,4.3730999999970663],[114.16146834912183,22.329158811696086,4.2265000000043074]]},"properties":{"OBJECTID":441687,"PedestrianRouteID":290041061,"Location":1,"FeatureType":1,"AliasNameEN":"Ki Lung Street","AliasNameTC":"基隆街","CrossingFeature":null,"WeatherProof":2,"WheelchairBarrier":2,"WheelchairAccess":2,"ObstaclesType":null,"Gradient":0.00047612000000000002,"Direction":0,"PositionCertainty":1,"Enabled":1,"DataSource":1,"LevelSource":2,"StreetNameEN":"Ki Lung Street","StreetNameTC":"基隆街","ST_CODE":10989,"FloorID":null,"BuildingID_1":null,"BuildingID_2":null,"SiteID":null,"TerminalID":null,"AccessTimeID":null,"CreationDate":1712851200000,"ModifiedBy":"LANDSD","LastAmendmentDate":1732636800000,"Shape__Length":4.809465002904096}},{"type":"Feature","id":441688,"geometry":{"type":"LineString","coordinates":[[114.16079924465907,22.32919527651087,4.1977000000042608],[114.16086094653535,22.329147282342415,4.1965000000054715]]},"properties":{"OBJECTID":441688,"PedestrianRouteID":290041062,"Location":1,"FeatureType":1,"AliasNameEN":"Tai Nan Street","AliasNameTC":"大南街","CrossingFeature":null,"WeatherProof":2,"WheelchairBarrier":2,"WheelchairAccess":2,"ObstaclesType":null,"Gradient":0.00014459,"Direction":0,"PositionCertainty":1,"Enabled":1,"DataSource":1,"LevelSource":2,"StreetNameEN":"Tai Nan Street","StreetNameTC":"大南街","ST_CODE":12239,"FloorID":null,"BuildingID_1":null,"BuildingID_2":null,"SiteID":null,"TerminalID":null,"AccessTimeID":null,"CreationDate":1712851200000,"ModifiedBy":"LANDSD","LastAmendmentDate":1712851200000,"Shape__Length":8.2856756684537203}},{"type":"Feature","id":441689,"geometry":{"type":"LineString","coordinates":[[114.16146834912183,22.329158811696086,4.2265000000043074],[114.16119870638792,22.329367357168461,4.2437000000063563]]},"properties":{"OBJECTID":441689,"PedestrianRouteID":290041057,"Location":1,"FeatureType":1,"AliasNameEN":"Ki Lung Street","AliasNameTC":"基隆街","CrossingFeature":null,"WeatherProof":2,"WheelchairBarrier":2,"WheelchairAccess":2,"ObstaclesType":null,"Gradient":0.00047612000000000002,"Direction":0,"PositionCertainty":1,"Enabled":1,"DataSource":1,"LevelSource":2,"StreetNameEN":"Ki Lung Street","StreetNameTC":"基隆街","ST_CODE":10989,"FloorID":null,"BuildingID_1":null,"BuildingID_2":null,"SiteID":null,"TerminalID":null,"AccessTimeID":null,"CreationDate":1712851200000,"ModifiedBy":"LANDSD","LastAmendmentDate":1712851200000,"Shape__Length":36.12451319376833}},{"type":"Feature","id":441690,"geometry":{"type":"LineString","coordinates":[[114.16119870638792,22.329367357168461,4.2437000000063563],[114.16118655454548,22.329376755026921,4.2437000000063563]]},"properties":{"OBJECTID":441690,"PedestrianRouteID":290041058,"Location":1,"FeatureType":1,"AliasNameEN":"Ki Lung Street","AliasNameTC":"基隆街","CrossingFeature":null,"WeatherProof":2,"WheelchairBarrier":2,"WheelchairAccess":2,"ObstaclesType":null,"Gradient":0.00047612000000000002,"Direction":0,"PositionCertainty":1,"Enabled":1,"DataSource":1,"LevelSource":2,"StreetNameEN":"Ki Lung Street","StreetNameTC":"基隆街","ST_CODE":10989,"FloorID":null,"BuildingID_1":null,"BuildingID_2":null,"SiteID":null,"TerminalID":null,"AccessTimeID":null,"CreationDate":1712851200000,"ModifiedBy":"LANDSD","LastAmendmentDate":1712851200000,"Shape__Length":1.6279643357662956}},{"type":"Feature","id":441691,"geometry":{"type":"LineString","coordinates":[[114.16113589208119,22.329415938344383,4.2470000000030268],[114.16108233675163,22.329457358240145,4.2504999999946449]]},"properties":{"OBJECTID":441691,"PedestrianRouteID":290041059,"Location":1,"FeatureType":1,"AliasNameEN":"Ki Lung Street","AliasNameTC":"基隆街","CrossingFeature":null,"WeatherProof":2,"WheelchairBarrier":2,"WheelchairAccess":2,"ObstaclesType":null,"Gradient":0.00047612000000000002,"Direction":0,"PositionCertainty":1,"Enabled":1,"DataSource":1,"LevelSource":2,"StreetNameEN":"Ki Lung Street","StreetNameTC":"基隆街","ST_CODE":10989,"FloorID":null,"BuildingID_1":null,"BuildingID_2":null,"SiteID":null,"TerminalID":null,"AccessTimeID":null,"CreationDate":1712851200000,"ModifiedBy":"LANDSD","LastAmendmentDate":1712851200000,"Shape__Length":7.1748581479215794}},{"type":"Feature","id":441692,"geometry":{"type":"LineString","coordinates":[[114.16118655454548,22.329376755026921,4.2437000000063563],[114.16113589208119,22.329415938344383,4.2470000000030268]]},"properties":{"OBJECTID":441692,"PedestrianRouteID":290041060,"Location":1,"FeatureType":1,"AliasNameEN":"Ki Lung Street","AliasNameTC":"基隆街","CrossingFeature":null,"WeatherProof":2,"WheelchairBarrier":2,"WheelchairAccess":2,"ObstaclesType":null,"Gradient":0.00047612000000000002,"Direction":0,"PositionCertainty":1,"Enabled":1,"DataSource":1,"LevelSource":2,"StreetNameEN":"Ki Lung Street","StreetNameTC":"基隆街","ST_CODE":10989,"FloorID":null,"BuildingID_1":null,"BuildingID_2":null,"SiteID":null,"TerminalID":null,"AccessTimeID":null,"CreationDate":1712851200000,"ModifiedBy":"LANDSD","LastAmendmentDate":1712851200000,"Shape__Length":6.7873542314674218}},{"type":"Feature","id":441693,"geometry":{"type":"LineString","coordinates":[[114.1614637541923,22.329068406993276,4.21480000000156],[114.16149776793881,22.329106239328365,4.2176999999937834]]},"properties":{"OBJECTID":441693,"PedestrianRouteID":290041071,"Location":1,"FeatureType":1,"AliasNameEN":"Pei Ho Street","AliasNameTC":"北河街","CrossingFeature":null,"WeatherProof":2,"WheelchairBarrier":2,"WheelchairAccess":2,"ObstaclesType":null,"Gradient":0.00036950999999999998,"Direction":0,"PositionCertainty":1,"Enabled":1,"DataSource":1,"LevelSource":2,"StreetNameEN":"Pei Ho Street","StreetNameTC":"北河街","ST_CODE":11675,"FloorID":null,"BuildingID_1":null,"BuildingID_2":null,"SiteID":null,"TerminalID":null,"AccessTimeID":null,"CreationDate":1712851200000,"ModifiedBy":"LANDSD","LastAmendmentDate":1712851200000,"Shape__Length":5.4616794259374846}},{"type":"Feature","id":441694,"geometry":{"type":"LineString","coordinates":[[114.16097295356849,22.329060159046346,4.1965000000054715],[114.16100036945814,22.329038834197327,4.1965000000054715]]},"properties":{"OBJECTID":441694,"PedestrianRouteID":290041067,"Location":1,"FeatureType":1,"AliasNameEN":"Tai Nan Street","AliasNameTC":"大南街","CrossingFeature":null,"WeatherProof":2,"WheelchairBarrier":2,"WheelchairAccess":2,"ObstaclesType":null,"Gradient":0,"Direction":0,"PositionCertainty":1,"Enabled":1,"DataSource":1,"LevelSource":2,"StreetNameEN":"Tai Nan Street","StreetNameTC":"大南街","ST_CODE":12239,"FloorID":null,"BuildingID_1":null,"BuildingID_2":null,"SiteID":null,"TerminalID":null,"AccessTimeID":null,"CreationDate":1712851200000,"ModifiedBy":"LANDSD","LastAmendmentDate":1712851200000,"Shape__Length":3.6815394238480526}},{"type":"Feature","id":441695,"geometry":{"type":"LineString","coordinates":[[114.16106884701817,22.328985568555673,4.1965000000054715],[114.16109322832133,22.328966603990171,4.1965000000054715]]},"properties":{"OBJECTID":441695,"PedestrianRouteID":290041068,"Location":1,"FeatureType":7,"AliasNameEN":"Tai Nan Street RunIn","AliasNameTC":"大南街車輛出入口","CrossingFeature":null,"WeatherProof":2,"WheelchairBarrier":2,"WheelchairAccess":2,"ObstaclesType":null,"Gradient":0,"Direction":0,"PositionCertainty":1,"Enabled":1,"DataSource":1,"LevelSource":2,"StreetNameEN":"Tai Nan Street","StreetNameTC":"大南街","ST_CODE":12239,"FloorID":null,"BuildingID_1":null,"BuildingID_2":null,"SiteID":null,"TerminalID":null,"AccessTimeID":null,"CreationDate":1712851200000,"ModifiedBy":"LANDSD","LastAmendmentDate":1712851200000,"Shape__Length":3.27404866267339}},{"type":"Feature","id":441696,"geometry":{"type":"LineString","coordinates":[[114.16086094653535,22.329147282342415,4.1965000000054715],[114.16095363026241,22.329251545919323,4.1999999999970896]]},"properties":{"OBJECTID":441696,"PedestrianRouteID":290041063,"Location":1,"FeatureType":1,"AliasNameEN":"Tai Nan Street","AliasNameTC":"大南街","CrossingFeature":null,"WeatherProof":2,"WheelchairBarrier":2,"WheelchairAccess":2,"ObstaclesType":null,"Gradient":0,"Direction":0,"PositionCertainty":1,"Enabled":1,"DataSource":1,"LevelSource":2,"StreetNameEN":"Tai Nan Street","StreetNameTC":"大南街","ST_CODE":12239,"FloorID":null,"BuildingID_1":null,"BuildingID_2":null,"SiteID":null,"TerminalID":null,"AccessTimeID":null,"CreationDate":1712851200000,"ModifiedBy":"LANDSD","LastAmendmentDate":1712851200000,"Shape__Length":14.982475070132358}},{"type":"Feature","id":441697,"geometry":{"type":"LineString","coordinates":[[114.16055594443708,22.329473353586501,4.1937000000034459],[114.16052829278627,22.329442292826709,4.1858000000065658]]},"properties":{"OBJECTID":441697,"PedestrianRouteID":290041078,"Location":1,"FeatureType":1,"AliasNameEN":"Kweilin Street","AliasNameTC":"桂林街","CrossingFeature":null,"WeatherProof":2,"WheelchairBarrier":2,"WheelchairAccess":2,"ObstaclesType":null,"Gradient":0.00176183,"Direction":0,"PositionCertainty":1,"Enabled":1,"DataSource":1,"LevelSource":2,"StreetNameEN":"Kweilin Street","StreetNameTC":"桂林街","ST_CODE":11114,"FloorID":null,"BuildingID_1":null,"BuildingID_2":null,"SiteID":null,"TerminalID":null,"AccessTimeID":null,"CreationDate":1712851200000,"ModifiedBy":"LANDSD","LastAmendmentDate":1712851200000,"Shape__Length":4.4660348696626206}},{"type":"Feature","id":441698,"geometry":{"type":"LineString","coordinates":[[114.16052829278627,22.329442292826709,4.1858000000065658],[114.16052226282382,22.32943551928285,4.1858000000065658]]},"properties":{"OBJECTID":441698,"PedestrianRouteID":290041073,"Location":1,"FeatureType":1,"AliasNameEN":"Kweilin Street","AliasNameTC":"桂林街","CrossingFeature":null,"WeatherProof":2,"WheelchairBarrier":2,"WheelchairAccess":2,"ObstaclesType":null,"Gradient":0.00094140999999999995,"Direction":0,"PositionCertainty":1,"Enabled":1,"DataSource":1,"LevelSource":2,"StreetNameEN":"Kweilin Street","StreetNameTC":"桂林街","ST_CODE":11114,"FloorID":null,"BuildingID_1":null,"BuildingID_2":null,"SiteID":null,"TerminalID":null,"AccessTimeID":null,"CreationDate":1712851200000,"ModifiedBy":"LANDSD","LastAmendmentDate":1712851200000,"Shape__Length":0.97391667493132894}},{"type":"Feature","id":441699,"geometry":{"type":"LineString","coordinates":[[114.16074888809996,22.329690081547493,4.2486000000062631],[114.16071250050997,22.329649209127808,4.2382000000070548]]},"properties":{"OBJECTID":441699,"PedestrianRouteID":290041074,"Location":1,"FeatureType":1,"AliasNameEN":"Kweilin Street","AliasNameTC":"桂林街","CrossingFeature":null,"WeatherProof":2,"WheelchairBarrier":2,"WheelchairAccess":2,"ObstaclesType":null,"Gradient":0.00176183,"Direction":0,"PositionCertainty":1,"Enabled":1,"DataSource":1,"LevelSource":2,"StreetNameEN":"Kweilin Street","StreetNameTC":"桂林街","ST_CODE":11114,"FloorID":null,"BuildingID_1":null,"BuildingID_2":null,"SiteID":null,"TerminalID":null,"AccessTimeID":null,"CreationDate":1712851200000,"ModifiedBy":"LANDSD","LastAmendmentDate":1712851200000,"Shape__Length":5.8768661714687092}},{"type":"Feature","id":441700,"geometry":{"type":"LineString","coordinates":[[114.16057816786746,22.329498316347642,4.1999999999970896],[114.16055594443708,22.329473353586501,4.1937000000034459]]},"properties":{"OBJECTID":441700,"PedestrianRouteID":290041075,"Location":1,"FeatureType":1,"AliasNameEN":"Kweilin Street","AliasNameTC":"桂林街","CrossingFeature":null,"WeatherProof":2,"WheelchairBarrier":2,"WheelchairAccess":2,"ObstaclesType":null,"Gradient":0.00176183,"Direction":0,"PositionCertainty":1,"Enabled":1,"DataSource":1,"LevelSource":2,"StreetNameEN":"Kweilin Street","StreetNameTC":"桂林街","ST_CODE":11114,"FloorID":null,"BuildingID_1":null,"BuildingID_2":null,"SiteID":null,"TerminalID":null,"AccessTimeID":null,"CreationDate":1712851200000,"ModifiedBy":"LANDSD","LastAmendmentDate":1712851200000,"Shape__Length":3.5892729109881789}},{"type":"Feature","id":441701,"geometry":{"type":"LineString","coordinates":[[114.16060793629003,22.329531754160012,4.2084999999933643],[114.16057816786746,22.329498316347642,4.1999999999970896]]},"properties":{"OBJECTID":441701,"PedestrianRouteID":290041076,"Location":1,"FeatureType":1,"AliasNameEN":"Kweilin Street","AliasNameTC":"桂林街","CrossingFeature":null,"WeatherProof":2,"WheelchairBarrier":2,"WheelchairAccess":2,"ObstaclesType":null,"Gradient":0.00176183,"Direction":0,"PositionCertainty":1,"Enabled":1,"DataSource":1,"LevelSource":2,"StreetNameEN":"Kweilin Street","StreetNameTC":"桂林街","ST_CODE":11114,"FloorID":null,"BuildingID_1":null,"BuildingID_2":null,"SiteID":null,"TerminalID":null,"AccessTimeID":null,"CreationDate":1712851200000,"ModifiedBy":"LANDSD","LastAmendmentDate":1712851200000,"Shape__Length":4.8078562382949972}},{"type":"Feature","id":441702,"geometry":{"type":"LineString","coordinates":[[114.16075707366066,22.329699276395743,4.250899999999092],[114.16074888809996,22.329690081547493,4.2486000000062631]]},"properties":{"OBJECTID":441702,"PedestrianRouteID":290041077,"Location":1,"FeatureType":1,"AliasNameEN":"Kweilin Street","AliasNameTC":"桂林街","CrossingFeature":null,"WeatherProof":2,"WheelchairBarrier":2,"WheelchairAccess":2,"ObstaclesType":null,"Gradient":0.00176183,"Direction":0,"PositionCertainty":1,"Enabled":1,"DataSource":1,"LevelSource":2,"StreetNameEN":"Kweilin Street","StreetNameTC":"桂林街","ST_CODE":11114,"FloorID":null,"BuildingID_1":null,"BuildingID_2":null,"SiteID":null,"TerminalID":null,"AccessTimeID":null,"CreationDate":1712851200000,"ModifiedBy":"LANDSD","LastAmendmentDate":1712851200000,"Shape__Length":1.3220632251526376}},{"type":"Feature","id":441703,"geometry":{"type":"LineString","coordinates":[[114.16145231340307,22.329055681816136,4.21480000000156],[114.1614637541923,22.329068406993276,4.21480000000156]]},"properties":{"OBJECTID":441703,"PedestrianRouteID":290041072,"Location":1,"FeatureType":1,"AliasNameEN":"Pei Ho Street","AliasNameTC":"北河街","CrossingFeature":null,"WeatherProof":2,"WheelchairBarrier":2,"WheelchairAccess":2,"ObstaclesType":null,"Gradient":0.00036950999999999998,"Direction":0,"PositionCertainty":1,"Enabled":1,"DataSource":1,"LevelSource":2,"StreetNameEN":"Pei Ho Street","StreetNameTC":"北河街","ST_CODE":11675,"FloorID":null,"BuildingID_1":null,"BuildingID_2":null,"SiteID":null,"TerminalID":null,"AccessTimeID":null,"CreationDate":1712851200000,"ModifiedBy":"LANDSD","LastAmendmentDate":1712851200000,"Shape__Length":1.8370766014703728}},{"type":"Feature","id":442661,"geometry":{"type":"LineString","coordinates":[[114.16214919460016,22.328174214242537,4.0996000000013737],[114.16220577641074,22.328237088480144,4.1070999999938067]]},"properties":{"OBJECTID":442661,"PedestrianRouteID":290042111,"Location":1,"FeatureType":1,"AliasNameEN":"Nam Cheong Street","AliasNameTC":"南昌街","CrossingFeature":null,"WeatherProof":2,"WheelchairBarrier":2,"WheelchairAccess":2,"ObstaclesType":null,"Gradient":0.00082259,"Direction":0,"PositionCertainty":1,"Enabled":1,"DataSource":1,"LevelSource":2,"StreetNameEN":"Nam Cheong Street","StreetNameTC":"南昌街","ST_CODE":11487,"FloorID":null,"BuildingID_1":null,"BuildingID_2":null,"SiteID":null,"TerminalID":null,"AccessTimeID":null,"CreationDate":1714924800000,"ModifiedBy":"LANDSD","LastAmendmentDate":1714924800000,"Shape__Length":9.0804401461965689}},{"type":"Feature","id":442662,"geometry":{"type":"LineString","coordinates":[[114.16212081523535,22.328417310484188,4.146999999997206],[114.16210723922251,22.328402364537798,4.146999999997206]]},"properties":{"OBJECTID":442662,"PedestrianRouteID":290042107,"Location":1,"FeatureType":5,"AliasNameEN":"Lane between Nam Cheong Centre and  ","AliasNameTC":"南昌中心與 之間的小巷","CrossingFeature":null,"WeatherProof":2,"WheelchairBarrier":1,"WheelchairAccess":2,"ObstaclesType":12,"Gradient":6.3419999999999999e-05,"Direction":0,"PositionCertainty":1,"Enabled":1,"DataSource":1,"LevelSource":2,"StreetNameEN":null,"StreetNameTC":null,"ST_CODE":801649,"FloorID":null,"BuildingID_1":null,"BuildingID_2":1108228666,"SiteID":null,"TerminalID":null,"AccessTimeID":null,"CreationDate":1714924800000,"ModifiedBy":"LANDSD","LastAmendmentDate":1714924800000,"Shape__Length":2.1668722743707041}},{"type":"Feature","id":442663,"geometry":{"type":"LineString","coordinates":[[114.16212526325337,22.328422207270506,4.146999999997206],[114.16212081523535,22.328417310484188,4.146999999997206]]},"properties":{"OBJECTID":442663,"PedestrianRouteID":290042108,"Location":1,"FeatureType":5,"AliasNameEN":"Lane between Nam Cheong Centre and  ","AliasNameTC":"南昌中心與 之間的小巷","CrossingFeature":null,"WeatherProof":2,"WheelchairBarrier":1,"WheelchairAccess":2,"ObstaclesType":12,"Gradient":0.00024057000000000001,"Direction":0,"PositionCertainty":1,"Enabled":1,"DataSource":1,"LevelSource":2,"StreetNameEN":null,"StreetNameTC":null,"ST_CODE":801649,"FloorID":null,"BuildingID_1":null,"BuildingID_2":1108228506,"SiteID":null,"TerminalID":null,"AccessTimeID":null,"CreationDate":1714924800000,"ModifiedBy":"LANDSD","LastAmendmentDate":1714924800000,"Shape__Length":0.70994346892512905}},{"type":"Feature","id":442664,"geometry":{"type":"LineString","coordinates":[[114.16210723922251,22.328402364537798,4.146999999997206],[114.16208232043329,22.328374930066737,4.146999999997206]]},"properties":{"OBJECTID":442664,"PedestrianRouteID":290042106,"Location":1,"FeatureType":5,"AliasNameEN":"Lane between Nam Cheong Centre and  ","AliasNameTC":"南昌中心與 之間的小巷","CrossingFeature":null,"WeatherProof":2,"WheelchairBarrier":1,"WheelchairAccess":2,"ObstaclesType":12,"Gradient":6.3419999999999999e-05,"Direction":0,"PositionCertainty":1,"Enabled":1,"DataSource":1,"LevelSource":2,"StreetNameEN":null,"StreetNameTC":null,"ST_CODE":801649,"FloorID":null,"BuildingID_1":null,"BuildingID_2":1108228666,"SiteID":null,"TerminalID":null,"AccessTimeID":null,"CreationDate":1714924800000,"ModifiedBy":"LANDSD","LastAmendmentDate":1714924800000,"Shape__Length":3.9773958238879246}},{"type":"Feature","id":442665,"geometry":{"type":"LineString","coordinates":[[114.16217048883121,22.328471996977633,4.1451999999990221],[114.16212526325337,22.328422207270506,4.146999999997206]]},"properties":{"OBJECTID":442665,"PedestrianRouteID":290042109,"Location":1,"FeatureType":5,"AliasNameEN":"Lane between Nam Cheong Centre and  ","AliasNameTC":"南昌中心與 之間的小巷","CrossingFeature":null,"WeatherProof":2,"WheelchairBarrier":1,"WheelchairAccess":2,"ObstaclesType":12,"Gradient":0.00024057000000000001,"Direction":0,"PositionCertainty":1,"Enabled":1,"DataSource":1,"LevelSource":2,"StreetNameEN":null,"StreetNameTC":null,"ST_CODE":801649,"FloorID":null,"BuildingID_1":null,"BuildingID_2":1108228506,"SiteID":null,"TerminalID":null,"AccessTimeID":null,"CreationDate":1714924800000,"ModifiedBy":"LANDSD","LastAmendmentDate":1714924800000,"Shape__Length":7.2185112757986936}},{"type":"Feature","id":442666,"geometry":{"type":"LineString","coordinates":[[114.16232381912559,22.328368257488158,4.1227000000071712],[114.16239008425339,22.328441890661288,4.1313999999983935]]},"properties":{"OBJECTID":442666,"PedestrianRouteID":220012021,"Location":1,"FeatureType":1,"AliasNameEN":"Nam Cheong Street","AliasNameTC":"南昌街","CrossingFeature":null,"WeatherProof":2,"WheelchairBarrier":2,"WheelchairAccess":2,"ObstaclesType":null,"Gradient":0.00082259,"Direction":0,"PositionCertainty":1,"Enabled":1,"DataSource":1,"LevelSource":2,"StreetNameEN":"Nam Cheong Street","StreetNameTC":"南昌街","ST_CODE":11487,"FloorID":null,"BuildingID_1":null,"BuildingID_2":null,"SiteID":null,"TerminalID":null,"AccessTimeID":null,"CreationDate":1714924800000,"ModifiedBy":"LANDSD","LastAmendmentDate":1714924800000,"Shape__Length":10.634338784670273}},{"type":"Feature","id":442667,"geometry":{"type":"LineString","coordinates":[[114.16226487392854,22.328302756986425,4.1149000000004889],[114.16232381912559,22.328368257488158,4.1227000000071712]]},"properties":{"OBJECTID":442667,"PedestrianRouteID":290042112,"Location":1,"FeatureType":1,"AliasNameEN":"Nam Cheong Street","AliasNameTC":"南昌街","CrossingFeature":null,"WeatherProof":2,"WheelchairBarrier":2,"WheelchairAccess":2,"ObstaclesType":null,"Gradient":0.00082259,"Direction":0,"PositionCertainty":1,"Enabled":1,"DataSource":1,"LevelSource":2,"StreetNameEN":"Nam Cheong Street","StreetNameTC":"南昌街","ST_CODE":11487,"FloorID":null,"BuildingID_1":null,"BuildingID_2":null,"SiteID":null,"TerminalID":null,"AccessTimeID":null,"CreationDate":1714924800000,"ModifiedBy":"LANDSD","LastAmendmentDate":1714924800000,"Shape__Length":9.4597248538903234}},{"type":"Feature","id":448565,"geometry":{"type":"LineString","coordinates":[[114.16346789734607,22.332072997777619,6.0136000000056811],[114.16344717945523,22.3320891553882,5.9832000000023982]]},"properties":{"OBJECTID":448565,"PedestrianRouteID":290047843,"Location":1,"FeatureType":1,"AliasNameEN":"Un Chau Street","AliasNameTC":"元州街","CrossingFeature":null,"WeatherProof":2,"WheelchairBarrier":2,"WheelchairAccess":2,"ObstaclesType":null,"Gradient":0.010926480000000001,"Direction":0,"PositionCertainty":1,"Enabled":1,"DataSource":1,"LevelSource":12,"StreetNameEN":"Un Chau Street","StreetNameTC":"元州街","ST_CODE":12556,"FloorID":null,"BuildingID_1":null,"BuildingID_2":null,"SiteID":null,"TerminalID":null,"AccessTimeID":null,"CreationDate":1730995200000,"ModifiedBy":"LANDSD","LastAmendmentDate":1730995200000,"Shape__Length":2.7850964071902569}},{"type":"Feature","id":448566,"geometry":{"type":"LineString","coordinates":[[114.16341227685594,22.33211637428295,5.9318999999959487],[114.16339376354257,22.33213081174361,5.9526000000041677]]},"properties":{"OBJECTID":448566,"PedestrianRouteID":290047829,"Location":1,"FeatureType":7,"AliasNameEN":"Un Chau Street RunIn","AliasNameTC":"元州街車輛出入口","CrossingFeature":null,"WeatherProof":2,"WheelchairBarrier":2,"WheelchairAccess":2,"ObstaclesType":null,"Gradient":0.0020096699999999999,"Direction":0,"PositionCertainty":1,"Enabled":1,"DataSource":1,"LevelSource":2,"StreetNameEN":"Un Chau Street","StreetNameTC":"元州街","ST_CODE":12556,"FloorID":null,"BuildingID_1":null,"BuildingID_2":null,"SiteID":null,"TerminalID":null,"AccessTimeID":null,"CreationDate":1730995200000,"ModifiedBy":"LANDSD","LastAmendmentDate":1730995200000,"Shape__Length":2.4886766817690975}},{"type":"Feature","id":448567,"geometry":{"type":"LineString","coordinates":[[114.16336785790557,22.332151014613608,5.9814999999944121],[114.16334935914439,22.332165441233641,5.9882999999972526]]},"properties":{"OBJECTID":448567,"PedestrianRouteID":290047825,"Location":1,"FeatureType":1,"AliasNameEN":"Un Chau Street","AliasNameTC":"元州街","CrossingFeature":null,"WeatherProof":2,"WheelchairBarrier":2,"WheelchairAccess":2,"ObstaclesType":null,"Gradient":0.0027474399999999999,"Direction":0,"PositionCertainty":1,"Enabled":1,"DataSource":1,"LevelSource":12,"StreetNameEN":"Un Chau Street","StreetNameTC":"元州街","ST_CODE":12556,"FloorID":null,"BuildingID_1":null,"BuildingID_2":null,"SiteID":null,"TerminalID":null,"AccessTimeID":null,"CreationDate":1730995200000,"ModifiedBy":"LANDSD","LastAmendmentDate":1730995200000,"Shape__Length":2.4867562506303882}},{"type":"Feature","id":448568,"geometry":{"type":"LineString","coordinates":[[114.16334935914439,22.332165441233641,5.9882999999972526],[114.16333599083595,22.332175866828806,5.9931999999971595]]},"properties":{"OBJECTID":448568,"PedestrianRouteID":290047826,"Location":1,"FeatureType":1,"AliasNameEN":"Un Chau Street","AliasNameTC":"元州街","CrossingFeature":null,"WeatherProof":2,"WheelchairBarrier":2,"WheelchairAccess":2,"ObstaclesType":null,"Gradient":0.0027474399999999999,"Direction":0,"PositionCertainty":1,"Enabled":1,"DataSource":1,"LevelSource":12,"StreetNameEN":"Un Chau Street","StreetNameTC":"元州街","ST_CODE":12556,"FloorID":null,"BuildingID_1":null,"BuildingID_2":null,"SiteID":null,"TerminalID":null,"AccessTimeID":null,"CreationDate":1730995200000,"ModifiedBy":"LANDSD","LastAmendmentDate":1730995200000,"Shape__Length":1.7970825163179565}},{"type":"Feature","id":448569,"geometry":{"type":"LineString","coordinates":[[114.1634873551902,22.332057823490825,6.0157999999937601],[114.16346789734607,22.332072997777619,6.0136000000056811]]},"properties":{"OBJECTID":448569,"PedestrianRouteID":290047827,"Location":1,"FeatureType":1,"AliasNameEN":"Un Chau Street","AliasNameTC":"元州街","CrossingFeature":null,"WeatherProof":2,"WheelchairBarrier":2,"WheelchairAccess":2,"ObstaclesType":null,"Gradient":0.0020071899999999998,"Direction":0,"PositionCertainty":1,"Enabled":1,"DataSource":1,"LevelSource":2,"StreetNameEN":"Un Chau Street","StreetNameTC":"元州街","ST_CODE":12556,"FloorID":null,"BuildingID_1":null,"BuildingID_2":null,"SiteID":null,"TerminalID":null,"AccessTimeID":null,"CreationDate":1730995200000,"ModifiedBy":"LANDSD","LastAmendmentDate":1730995200000,"Shape__Length":2.615664276249543}},{"type":"Feature","id":448570,"geometry":{"type":"LineString","coordinates":[[114.16350950008335,22.332040553424836,6.0182999999960884],[114.1634873551902,22.332057823490825,6.0157999999937601]]},"properties":{"OBJECTID":448570,"PedestrianRouteID":290047828,"Location":1,"FeatureType":1,"AliasNameEN":"Un Chau Street","AliasNameTC":"元州街","CrossingFeature":null,"WeatherProof":2,"WheelchairBarrier":2,"WheelchairAccess":2,"ObstaclesType":null,"Gradient":0.0020071899999999998,"Direction":0,"PositionCertainty":1,"Enabled":1,"DataSource":1,"LevelSource":2,"StreetNameEN":"Un Chau Street","StreetNameTC":"元州街","ST_CODE":12556,"FloorID":null,"BuildingID_1":null,"BuildingID_2":null,"SiteID":null,"TerminalID":null,"AccessTimeID":null,"CreationDate":1730995200000,"ModifiedBy":"LANDSD","LastAmendmentDate":1730995200000,"Shape__Length":2.9768964048884383}},{"type":"Feature","id":448795,"geometry":{"type":"LineString","coordinates":[[114.16311650716798,22.329198005962834,4.3818999999930384],[114.16309681665409,22.329213864709146,4.2734000000054948]]},"properties":{"OBJECTID":448795,"PedestrianRouteID":290048503,"Location":1,"FeatureType":32,"AliasNameEN":"Crossing","AliasNameTC":"過路處","CrossingFeature":1,"WeatherProof":2,"WheelchairBarrier":2,"WheelchairAccess":2,"ObstaclesType":null,"Gradient":0.040416359999999998,"Direction":0,"PositionCertainty":1,"Enabled":1,"DataSource":1,"LevelSource":12,"StreetNameEN":null,"StreetNameTC":null,"ST_CODE":null,"FloorID":null,"BuildingID_1":null,"BuildingID_2":null,"SiteID":null,"TerminalID":null,"AccessTimeID":null,"CreationDate":1732636800000,"ModifiedBy":"LANDSD","LastAmendmentDate":1732636800000,"Shape__Length":2.6830945284569965}},{"type":"Feature","id":456970,"geometry":{"type":"LineString","coordinates":[[114.15994184376419,22.330366330477883,4.1775999999954365],[114.15993481023006,22.330358600469729,4.1714000000065425]]},"properties":{"OBJECTID":456970,"PedestrianRouteID":290057812,"Location":1,"FeatureType":1,"AliasNameEN":"Ki Lung Street","AliasNameTC":"基隆街","CrossingFeature":null,"WeatherProof":2,"WheelchairBarrier":2,"WheelchairAccess":2,"ObstaclesType":null,"Gradient":0.0055282700000000001,"Direction":0,"PositionCertainty":1,"Enabled":1,"DataSource":1,"LevelSource":12,"StreetNameEN":"Ki Lung Street","StreetNameTC":"基隆街","ST_CODE":10989,"FloorID":null,"BuildingID_1":null,"BuildingID_2":null,"SiteID":null,"TerminalID":null,"AccessTimeID":null,"CreationDate":1758643200000,"ModifiedBy":"LANDSD","LastAmendmentDate":1758643200000,"Shape__Length":1.1214967238183571}},{"type":"Feature","id":456971,"geometry":{"type":"LineString","coordinates":[[114.15997781602799,22.330405865594599,4.1971000000048662],[114.15997252461773,22.330400050252631,4.2963000000017928]]},"properties":{"OBJECTID":456971,"PedestrianRouteID":290057813,"Location":1,"FeatureType":1,"AliasNameEN":"Ki Lung Street","AliasNameTC":"基隆街","CrossingFeature":null,"WeatherProof":2,"WheelchairBarrier":2,"WheelchairAccess":2,"ObstaclesType":null,"Gradient":0.1170383,"Direction":0,"PositionCertainty":1,"Enabled":1,"DataSource":1,"LevelSource":12,"StreetNameEN":"Ki Lung Street","StreetNameTC":"基隆街","ST_CODE":10989,"FloorID":null,"BuildingID_1":null,"BuildingID_2":null,"SiteID":null,"TerminalID":null,"AccessTimeID":null,"CreationDate":1758643200000,"ModifiedBy":"LANDSD","LastAmendmentDate":1758643200000,"Shape__Length":0.84371218373346002}},{"type":"Feature","id":456972,"geometry":{"type":"LineString","coordinates":[[114.15977653324045,22.330606762342224,4.1842999999935273],[114.15974841759227,22.330575410620117,4.1692999999941094]]},"properties":{"OBJECTID":456972,"PedestrianRouteID":290057816,"Location":1,"FeatureType":7,"AliasNameEN":"Yen Chow Street RunIn","AliasNameTC":"欽州街車輛出入口","CrossingFeature":null,"WeatherProof":2,"WheelchairBarrier":2,"WheelchairAccess":2,"ObstaclesType":null,"Gradient":0.0033175800000000001,"Direction":0,"PositionCertainty":1,"Enabled":1,"DataSource":1,"LevelSource":12,"StreetNameEN":"Yen Chow Street","StreetNameTC":"欽州街","ST_CODE":12852,"FloorID":null,"BuildingID_1":null,"BuildingID_2":null,"SiteID":null,"TerminalID":null,"AccessTimeID":null,"CreationDate":1758643200000,"ModifiedBy":"LANDSD","LastAmendmentDate":1758643200000,"Shape__Length":4.5213546168564873}},{"type":"Feature","id":470028,"geometry":{"type":"LineString","coordinates":[[114.16331213444069,22.330401686186725,5.0026999999972759],[114.16363215942934,22.330154748717479,4.8222999999998137]]},"properties":{"OBJECTID":470028,"PedestrianRouteID":220012117,"Location":1,"FeatureType":5,"AliasNameEN":"Lane between Pei Ho Building and CHEUNG SHA WAN ROAD156-154","AliasNameTC":"北河大廈與鑽石樓之間的小巷","CrossingFeature":null,"WeatherProof":2,"WheelchairBarrier":1,"WheelchairAccess":2,"ObstaclesType":12,"Gradient":0.0042116317207942962,"Direction":0,"PositionCertainty":1,"Enabled":1,"DataSource":1,"LevelSource":2,"StreetNameEN":null,"StreetNameTC":null,"ST_CODE":801631,"FloorID":null,"BuildingID_1":null,"BuildingID_2":1108227279,"SiteID":null,"TerminalID":null,"AccessTimeID":null,"CreationDate":1614441600000,"ModifiedBy":"LANDSD","LastAmendmentDate":1785772800000,"Shape__Length":42.833501436024818}},{"type":"Feature","id":470156,"geometry":{"type":"LineString","coordinates":[[114.16303811597109,22.33061312410857,5.1572000000014668],[114.16331213444069,22.330401686186725,5.0026999999972759]]},"properties":{"OBJECTID":470156,"PedestrianRouteID":290071359,"Location":1,"FeatureType":1,"AliasNameEN":"Lane between Pei Ho Building and CHEUNG SHA WAN ROAD 156-154","AliasNameTC":"北河大廈與鑽石樓之間的小巷","CrossingFeature":null,"WeatherProof":2,"WheelchairBarrier":2,"WheelchairAccess":2,"ObstaclesType":12,"Gradient":0.0042125670836832795,"Direction":0,"PositionCertainty":1,"Enabled":1,"DataSource":1,"LevelSource":2,"StreetNameEN":null,"StreetNameTC":null,"ST_CODE":801631,"FloorID":null,"BuildingID_1":null,"BuildingID_2":1108227279,"SiteID":null,"TerminalID":null,"AccessTimeID":null,"CreationDate":1785340800000,"ModifiedBy":"LANDSD","LastAmendmentDate":1786550400000,"Shape__Length":36.675756855453749}}]}