{"type":"FeatureCollection","features":[{"type":"Feature","id":156913,"geometry":{"type":"Polygon","coordinates":[[[114.18124607596241,22.332748083714769],[114.18112994617896,22.332753797414082],[114.18112710905264,22.332753937011766],[114.18112191569126,22.332662579560843],[114.18114401503475,22.332661492234283],[114.18114277508612,22.332639680798298],[114.18112067584313,22.332640768124687],[114.18111752737269,22.332585383391187],[114.18117048386083,22.332582777923939],[114.18123649423696,22.332579530101128],[114.18124607596241,22.332748083714769]]]},"properties":{"OBJECTID":156913,"Shape__Length":66.487484808218468,"Shape__Area":223.87953284746192,"GeoRefNo":"3671221513","DateCreate":1346601600000,"BuildingBlockType":"Tower","BuildingCSUID":"3671221513T20120903","BuildingID":1810088655,"Status":"Active","BuildingNameEN":"DURHAM HOUSE","BuildingNameTC":"對衡居","BaseHeight":19.800000000000001,"TopHeight":32.100000000000001,"Storeys":4,"StoreysInBasement":null,"DateStamp":1599580800000}},{"type":"Feature","id":157022,"geometry":{"type":"Polygon","coordinates":[[[114.18449805244326,22.327568083595235],[114.18450181775059,22.327677215963494],[114.18443961808019,22.327679758656902],[114.18443258546425,22.327568086678649],[114.18441641418175,22.327311299124979],[114.18448767310542,22.327314710780904],[114.1844895528687,22.327357375152033],[114.18454879367803,22.327360561041978],[114.18454765914575,22.3273175826426],[114.18461792063148,22.327320946516931],[114.18462758836918,22.327568077416331],[114.18462789446271,22.327575901229853],[114.18461925579525,22.327576820597514],[114.18462152855956,22.327672590026058],[114.18455957514838,22.327675133024574],[114.18455472889407,22.327568080904502],[114.18455033367536,22.327470994463965],[114.1845337961927,22.327471229323468],[114.18453454527757,22.327487725548636],[114.18451233116177,22.327488650070528],[114.18451108854023,22.327472841728333],[114.18449479812597,22.327473763799716],[114.18449805244326,22.327568083595235]]]},"properties":{"OBJECTID":157022,"Shape__Length":178.05626986227563,"Shape__Area":640.30163824086492,"GeoRefNo":"3705820935","DateCreate":1114790400000,"BuildingBlockType":"Tower","BuildingCSUID":"3705820935T20050430","BuildingID":1108229249,"Status":"Active","BuildingNameEN":"Boundary Court","BuildingNameTC":"瑞華樓","BaseHeight":11.6,"TopHeight":28.300000000000001,"Storeys":5,"StoreysInBasement":1,"DateStamp":1599580800000}},{"type":"Feature","id":157036,"geometry":{"type":"Polygon","coordinates":[[[114.17798402970027,22.327779168611652],[114.17796139743601,22.327780338502802],[114.1779578753881,22.327728683038174],[114.17798047086046,22.327728024730447],[114.17798402970027,22.327779168611652]]]},"properties":{"OBJECTID":157036,"Shape__Length":16.07106308088656,"Shape__Area":13.297258044252926,"GeoRefNo":"3638020969","DateCreate":1114790400000,"BuildingBlockType":"Tower","BuildingCSUID":"3638020969T20050430","BuildingID":1108229178,"Status":"Active","BuildingNameEN":null,"BuildingNameTC":null,"BaseHeight":10.699999999999999,"TopHeight":14.800000000000001,"Storeys":null,"StoreysInBasement":null,"DateStamp":1361808000000}},{"type":"Feature","id":157037,"geometry":{"type":"Polygon","coordinates":[[[114.1756608164107,22.327515432957913],[114.17568559146983,22.327561252338526],[114.17538026284852,22.327702570336381],[114.1753403988495,22.327629729273912],[114.17555810170246,22.327527413513273],[114.17558900975482,22.32751294774847],[114.1756608164107,22.327515432957913]]]},"properties":{"OBJECTID":157037,"Shape__Length":85.959651190785408,"Shape__Area":310.32610902659036,"GeoRefNo":"3612320952","DateCreate":1114790400000,"BuildingBlockType":"Tower","BuildingCSUID":"3612320952T20050430","BuildingID":1108229231,"Status":"Active","BuildingNameEN":"KOWLOON TONG SCHOOL","BuildingNameTC":"九龍塘學校","BaseHeight":8.5,"TopHeight":12.699999999999999,"Storeys":null,"StoreysInBasement":null,"DateStamp":1361808000000}},{"type":"Feature","id":157038,"geometry":{"type":"Polygon","coordinates":[[[114.17400097407406,22.327700752330422],[114.17398218256329,22.327664067686975],[114.1740106601567,22.327651441169046],[114.17402945177028,22.327688125809257],[114.17400097407406,22.327700752330422]]]},"properties":{"OBJECTID":157038,"Shape__Length":15.499993370189024,"Shape__Area":14.624987470278485,"GeoRefNo":"3597220960","DateCreate":1114790400000,"BuildingBlockType":"Tower","BuildingCSUID":"3597220960T20050430","BuildingID":1108229241,"Status":"Active","BuildingNameEN":"FA HUI PARK","BuildingNameTC":"花墟公園","BaseHeight":7.9000000000000004,"TopHeight":10.800000000000001,"Storeys":null,"StoreysInBasement":null,"DateStamp":1361808000000}},{"type":"Feature","id":157208,"geometry":{"type":"Polygon","coordinates":[[[114.18162490685359,22.326834450358923],[114.18162565121155,22.326822145711638],[114.18160392719983,22.326821237966129],[114.18160662327438,22.326781376698417],[114.18164365277134,22.32678296579914],[114.18164463592531,22.326774031359435],[114.18170906733582,22.326776754864142],[114.18170882458823,22.326785460085684],[114.18182812357338,22.326789320820165],[114.18182559553284,22.3268414672958],[114.18162490685359,22.326834450358923]]]},"properties":{"OBJECTID":157208,"Shape__Length":59.219163489260175,"Shape__Area":135.41666966896869,"GeoRefNo":"3676420865","DateCreate":1114790400000,"BuildingBlockType":"Tower","BuildingCSUID":"3676420865T20050430","BuildingID":1108229791,"Status":"Active","BuildingNameEN":null,"BuildingNameTC":null,"BaseHeight":14.1,"TopHeight":25,"Storeys":3,"StoreysInBasement":null,"DateStamp":1599580800000}},{"type":"Feature","id":157210,"geometry":{"type":"Polygon","coordinates":[[[114.17628120268094,22.327269309895627],[114.17632919282998,22.327246870761471],[114.17634398448945,22.327273858260494],[114.17631726969297,22.32728608459777],[114.17635502613587,22.327359183962638],[114.17632620131631,22.327372644324551],[114.17626988893066,22.327398940482322],[114.17624678619826,22.327409728789817],[114.17619546983873,22.327433691887737],[114.1761773108403,22.327398940135584],[114.17614327397763,22.327333802200144],[114.17618090050111,22.327316208878063],[114.17619994909212,22.327350974992257],[114.17627861523384,22.327314058606337],[114.17627227838133,22.327302333452771],[114.17622601849095,22.327324076047354],[114.17621330625815,22.327301056675296],[114.17628120268094,22.327269309895627]]]},"properties":{"OBJECTID":157210,"Shape__Length":86.851394818671281,"Shape__Area":212.83563786597054,"GeoRefNo":"3620520924","DateCreate":1114790400000,"BuildingBlockType":"Tower","BuildingCSUID":"3620520924T20050430","BuildingID":1108229419,"Status":"Active","BuildingNameEN":null,"BuildingNameTC":null,"BaseHeight":9,"TopHeight":18.899999999999999,"Storeys":null,"StoreysInBasement":null,"DateStamp":1361808000000}},{"type":"Feature","id":157217,"geometry":{"type":"Polygon","coordinates":[[[114.1705479966721,22.326767512390504],[114.17054658586194,22.326797263511754],[114.17051311214124,22.326796202381058],[114.17051416508086,22.326766445466575],[114.1705479966721,22.326767512390504]]]},"properties":{"OBJECTID":157217,"Shape__Length":13.532662429840595,"Shape__Area":11.438140467436988,"GeoRefNo":"3561420861","DateCreate":1114790400000,"BuildingBlockType":"Tower","BuildingCSUID":"3561420861T20050430","BuildingID":1108229833,"Status":"Active","BuildingNameEN":"TAI HANG TUNG RECREATION GROUND MANAGEMENT OFFICE","BuildingNameTC":"大坑東遊樂場辦事處","BaseHeight":6.5999999999999996,"TopHeight":9.4000000000000004,"Storeys":null,"StoreysInBasement":null,"DateStamp":1361808000000}},{"type":"Feature","id":157221,"geometry":{"type":"Polygon","coordinates":[[[114.17027449261688,22.326795620727832],[114.17027491979049,22.326768796924],[114.17029540693648,22.326769375347549],[114.1702946969375,22.326795822383961],[114.17027449261688,22.326795620727832]]]},"properties":{"OBJECTID":157221,"Shape__Length":10.093461949507816,"Shape__Area":6.1849032586200394,"GeoRefNo":"3558920861","DateCreate":1114790400000,"BuildingBlockType":"Tower","BuildingCSUID":"3558920861T20050430","BuildingID":1108229834,"Status":"Active","BuildingNameEN":"POLICE SPORTS AND RECREATION CLUB","BuildingNameTC":"警察體育遊樂會","BaseHeight":6.7000000000000002,"TopHeight":9.5999999999999996,"Storeys":null,"StoreysInBasement":null,"DateStamp":1361808000000}},{"type":"Feature","id":157423,"geometry":{"type":"Polygon","coordinates":[[[114.17585597582595,22.32677246004554],[114.17577320433803,22.326769181965744],[114.17577480877159,22.326736770750454],[114.17578352994097,22.326737113156536],[114.17578386880685,22.326722384904588],[114.17577553482927,22.326722102193195],[114.17577859710362,22.326660239806706],[114.17578672860019,22.326660570469066],[114.17578707231534,22.326646306118214],[114.17584229085548,22.326648445539316],[114.17584321355045,22.32662115420969],[114.17582768485492,22.32662063548776],[114.17582774228389,22.326611716068179],[114.17577078824577,22.326609082386813],[114.17577537850609,22.326509173877479],[114.17582344779578,22.326511272259459],[114.17582430810553,22.326494093741179],[114.17584330771854,22.326494808538641],[114.17584242071756,22.326512100480997],[114.1758672950689,22.326513186287855],[114.17585597582595,22.32677246004554]]]},"properties":{"OBJECTID":157423,"Shape__Length":95.085985462844505,"Shape__Area":231.78786435347604,"GeoRefNo":"3615820851","DateCreate":1114790400000,"BuildingBlockType":"Tower","BuildingCSUID":"3615820851T20050430","BuildingID":1108229855,"Status":"Active","BuildingNameEN":null,"BuildingNameTC":null,"BaseHeight":7.7999999999999998,"TopHeight":18.300000000000001,"Storeys":3,"StoreysInBasement":1,"DateStamp":1599580800000}},{"type":"Feature","id":157424,"geometry":{"type":"Polygon","coordinates":[[[114.18494587917267,22.326780491763646],[114.1849764139286,22.326633639804257],[114.18497777366103,22.326627818348992],[114.18495129588351,22.326604568175217],[114.18495137700586,22.326604158363153],[114.18497797869956,22.326469666399884],[114.18498732354006,22.326423693109959],[114.18502077057521,22.326429511275386],[114.18504234368235,22.326433263927939],[114.18521337533765,22.326463015110704],[114.1851515037162,22.326783121701975],[114.18511326404223,22.326807324005916],[114.18494587917267,22.326780491763646]]]},"properties":{"OBJECTID":157424,"Shape__Length":123.31538078669453,"Shape__Area":878.30904220123477,"GeoRefNo":"3711420841","DateCreate":1114790400000,"BuildingBlockType":"Tower","BuildingCSUID":"3711420841T20050430","BuildingID":1108229823,"Status":"Active","BuildingNameEN":"St. Teresa's Hospital East Wing","BuildingNameTC":"聖德肋撒醫院東座","BaseHeight":11.300000000000001,"TopHeight":45.5,"Storeys":11,"StoreysInBasement":null,"DateStamp":1599580800000}},{"type":"Feature","id":157438,"geometry":{"type":"Polygon","coordinates":[[[114.17561117052624,22.326766142486981],[114.17561851886651,22.326625411509809],[114.17563135886996,22.326625931315562],[114.17570407087666,22.326628875085927],[114.17569676348774,22.326769426539165],[114.17561117052624,22.326766142486981]]]},"properties":{"OBJECTID":157438,"Shape__Length":48.832203626896444,"Shape__Area":137.58167746308175,"GeoRefNo":"3614220852","DateCreate":1114790400000,"BuildingBlockType":"Tower","BuildingCSUID":"3614220852T20050430","BuildingID":1108229858,"Status":"Active","BuildingNameEN":null,"BuildingNameTC":null,"BaseHeight":8,"TopHeight":17.800000000000001,"Storeys":3,"StoreysInBasement":null,"DateStamp":1599580800000}},{"type":"Feature","id":157439,"geometry":{"type":"Polygon","coordinates":[[[114.17798541537698,22.326714141594117],[114.17806573128171,22.326710779456601],[114.17806300775655,22.326646130502752],[114.17798229130284,22.326649505736128],[114.17797924353729,22.326586447159269],[114.17823950484288,22.326575792987644],[114.17824237820059,22.326638629769999],[114.17815895937832,22.326642118087491],[114.17816268902325,22.326706720614307],[114.17824534408166,22.326703260477021],[114.17824815366126,22.326764930868322],[114.17798838528881,22.326775587849543],[114.17798541537698,22.326714141594117]]]},"properties":{"OBJECTID":157439,"Shape__Length":129.29046522270588,"Shape__Area":441.30516119420565,"GeoRefNo":"3639420847","DateCreate":1114790400000,"BuildingBlockType":"Tower","BuildingCSUID":"3639420847T20050430","BuildingID":1108229852,"Status":"Active","BuildingNameEN":"Miami Mansion","BuildingNameTC":"美佳大廈","BaseHeight":10.800000000000001,"TopHeight":49.200000000000003,"Storeys":12,"StoreysInBasement":null,"DateStamp":1599580800000}},{"type":"Feature","id":157450,"geometry":{"type":"Polygon","coordinates":[[[114.17563135886996,22.326625931315562],[114.17561851886651,22.326625411509809],[114.17562044737502,22.326588477509254],[114.17563351227385,22.326589008785373],[114.17563135886996,22.326625931315562]]]},"properties":{"OBJECTID":157450,"Shape__Length":10.860690151560892,"Shape__Area":5.468982391040357,"GeoRefNo":"3613920842","DateCreate":1114790400000,"BuildingBlockType":"Tower","BuildingCSUID":"3613920842T20050430","BuildingID":1108229953,"Status":"Active","BuildingNameEN":null,"BuildingNameTC":null,"BaseHeight":8,"TopHeight":20.300000000000001,"Storeys":3,"StoreysInBasement":null,"DateStamp":1599580800000}},{"type":"Feature","id":157451,"geometry":{"type":"Polygon","coordinates":[[[114.17601426062076,22.326641870604192],[114.17601601222525,22.326596024312341],[114.17599413443538,22.326595443534224],[114.17599702255292,22.326520742085926],[114.17601885742728,22.326521549802095],[114.17601928632364,22.326510324514231],[114.17604665484706,22.326511613674818],[114.17604770659955,22.326501316914793],[114.17608865387696,22.326502577325741],[114.17608810229774,22.326513566102189],[114.17608152139398,22.326644663637833],[114.17601426062076,22.326641870604192]]]},"properties":{"OBJECTID":157451,"Shape__Length":49.984220038262109,"Shape__Area":125.7700707201649,"GeoRefNo":"3618220839","DateCreate":1114790400000,"BuildingBlockType":"Tower","BuildingCSUID":"3618220839T20050430","BuildingID":1108229944,"Status":"Active","BuildingNameEN":null,"BuildingNameTC":null,"BaseHeight":8.5999999999999996,"TopHeight":19.100000000000001,"Storeys":3,"StoreysInBasement":null,"DateStamp":1599580800000}},{"type":"Feature","id":157513,"geometry":{"type":"Polygon","coordinates":[[[114.17240638531051,22.339056294408906],[114.1723473669241,22.339039951333067],[114.17237537907049,22.33895435022384],[114.17243485492631,22.338970820001009],[114.17240638531051,22.339056294408906]]]},"properties":{"OBJECTID":157513,"Shape__Length":32.553505139606507,"Shape__Area":63.096362317810055,"GeoRefNo":"3580622215","DateCreate":1197302400000,"BuildingBlockType":"Temporary Structure","BuildingCSUID":"3580622215T20071211","BuildingID":1108222519,"Status":"Active","BuildingNameEN":"CORNWALL ST PARK (SQUASH & TABLE TENNIS CENTRE)","BuildingNameTC":"歌和老街公園(壁球及乒乓球中心)","BaseHeight":null,"TopHeight":null,"Storeys":null,"StoreysInBasement":null,"DateStamp":1411056000000}},{"type":"Feature","id":157666,"geometry":{"type":"Polygon","coordinates":[[[114.17533573500447,22.326686661358497],[114.17533023448375,22.326682882820048],[114.17532643211788,22.326678432602144],[114.17532524924994,22.326672855120403],[114.17532694959114,22.326667394701829],[114.17533115399337,22.326663269388316],[114.17533692451042,22.326661399478049],[114.17536598567797,22.326662068006627],[114.17536205186497,22.326631793833162],[114.17536070599394,22.32660132507381],[114.17536195660287,22.326570852725681],[114.17536579572881,22.326540568146715],[114.1753721993931,22.32651066124977],[114.1753440894995,22.326509098702942],[114.17533839095911,22.32650669759823],[114.1753345518118,22.326502102439164],[114.17533345669304,22.326496372160662],[114.17533535795638,22.326490827398057],[114.17533981763249,22.326486745975199],[114.1753458316802,22.326484594402856],[114.17546405765806,22.326489752539722],[114.17545387282334,22.326691815618741],[114.17533573500447,22.326686661358497]]]},"properties":{"OBJECTID":157666,"Shape__Length":77.296345845264668,"Shape__Area":237.56108324066184,"GeoRefNo":"3611720840","DateCreate":1114790400000,"BuildingBlockType":"Tower","BuildingCSUID":"3611720840T20050430","BuildingID":1108229920,"Status":"Active","BuildingNameEN":"St. Rose of Lima's Kindergarten","BuildingNameTC":"聖羅撒幼稚園","BaseHeight":8,"TopHeight":18.399999999999999,"Storeys":3,"StoreysInBasement":null,"DateStamp":1599580800000}},{"type":"Feature","id":157669,"geometry":{"type":"Polygon","coordinates":[[[114.18046004547037,22.326720583981029],[114.18046329675664,22.326649557804519],[114.18053628016654,22.326652261896854],[114.18053442387368,22.32669166961217],[114.18054872696572,22.326692475716133],[114.18054916617639,22.326681215377587],[114.18057915630622,22.326682778784427],[114.18057954820844,22.326673822871921],[114.18061283106971,22.326675615212007],[114.18061047464307,22.326726562403593],[114.18046004547037,22.326720583981029]]]},"properties":{"OBJECTID":157669,"Shape__Length":51.169767467891759,"Shape__Area":98.53304045536963,"GeoRefNo":"3664220851","DateCreate":1114790400000,"BuildingBlockType":"Tower","BuildingCSUID":"3664220851T20050430","BuildingID":1108229895,"Status":"Active","BuildingNameEN":null,"BuildingNameTC":null,"BaseHeight":12.800000000000001,"TopHeight":23.100000000000001,"Storeys":3,"StoreysInBasement":null,"DateStamp":1599580800000}},{"type":"Feature","id":158331,"geometry":{"type":"Polygon","coordinates":[[[114.17750497606004,22.32748702618759],[114.17750594749091,22.327467179394869],[114.17751058383971,22.327372456118635],[114.17756775195753,22.327375011524488],[114.17756009923305,22.327541740460088],[114.1773491859677,22.327533360888633],[114.17735739706343,22.327365608705367],[114.17741556921833,22.327368209043644],[114.17741093280553,22.327462932317236],[114.17740996136123,22.327482779109378],[114.17741660225448,22.327477513531729],[114.17742174931846,22.327473622775578],[114.17742979155052,22.327470330555801],[114.17743992476551,22.327467786602082],[114.17744796700538,22.327466439750165],[114.1774584401475,22.327465055863016],[114.17747177207305,22.327467487115374],[114.17748045777837,22.327470479997437],[114.17749091269985,22.327474969330162],[114.17749895506951,22.327480506129792],[114.17750497606004,22.32748702618759]]]},"properties":{"OBJECTID":158331,"Shape__Length":107.14321712565571,"Shape__Area":292.66454042981007,"GeoRefNo":"3632720940","DateCreate":1114790400000,"BuildingBlockType":"Tower","BuildingCSUID":"3632720940T20050430","BuildingID":1108229354,"Status":"Active","BuildingNameEN":null,"BuildingNameTC":null,"BaseHeight":8.8000000000000007,"TopHeight":19.100000000000001,"Storeys":2,"StoreysInBasement":1,"DateStamp":1599580800000}},{"type":"Feature","id":158524,"geometry":{"type":"Polygon","coordinates":[[[114.17482176848348,22.332939670528493],[114.17481911630902,22.332909577353885],[114.17483280462183,22.332907760841568],[114.17483106066375,22.332888447390665],[114.17489006053965,22.332883826979902],[114.1748851319298,22.332829837510854],[114.17491743778255,22.332827298045036],[114.17491804437729,22.332833630023671],[114.17494667218581,22.332831372714178],[114.17494610344669,22.332825040736093],[114.17497840929815,22.332822430639002],[114.1749825036341,22.332876526024442],[114.17504161726467,22.332871923169396],[114.17504392997894,22.332891236624352],[114.17505742860372,22.332890249098185],[114.17506004452534,22.332920321678838],[114.17499520544807,22.332925188981466],[114.17499558454065,22.332929704275482],[114.17497628447686,22.332931150393332],[114.17497742184887,22.332944784413939],[114.17499675977126,22.332943355996306],[114.17499713896105,22.332947871290298],[114.17506197805008,22.332942898148531],[114.17506470772732,22.332973870175874],[114.17505120909456,22.332974857792962],[114.17505287717579,22.332994188850101],[114.17499383940556,22.332998527114029],[114.17499838881385,22.333052534274298],[114.17496627258635,22.333054879781518],[114.17496577975348,22.333048547804548],[114.17493715190334,22.333050628659837],[114.17493764473514,22.333056943027255],[114.17490552850539,22.333059306132057],[114.17490094117863,22.333005298968796],[114.17484194125599,22.333009637177835],[114.17484027320366,22.33299030611856],[114.17482650907219,22.332992105020924],[114.17482347609852,22.332961679606864],[114.1748937754234,22.33295734163028],[114.17489260023653,22.332934218366109],[114.17482176848348,22.332939670528493]]]},"properties":{"OBJECTID":158524,"Shape__Length":135.26626608196244,"Shape__Area":394.0503362715578,"GeoRefNo":"3606921553","DateCreate":1114790400000,"BuildingBlockType":"Tower","BuildingCSUID":"3606921553T20050430","BuildingID":1108225454,"Status":"Active","BuildingNameEN":"Parc Oasis Tower 6","BuildingNameTC":"又一居第６座","BaseHeight":25.699999999999999,"TopHeight":49.899999999999999,"Storeys":9,"StoreysInBasement":null,"DateStamp":1599580800000}},{"type":"Feature","id":158550,"geometry":{"type":"Polygon","coordinates":[[[114.18098387011841,22.327302887162478],[114.1810062867582,22.32730371577496],[114.18100524380866,22.327327074043819],[114.18100464977728,22.327340376111767],[114.1810031052371,22.327374968171014],[114.1809227099221,22.327371935943678],[114.18092136369306,22.327390822544388],[114.18100225444466,22.327394021193317],[114.18099908320156,22.327465043759844],[114.18091320848373,22.32746142440968],[114.18090881329744,22.327542464000935],[114.18081733777201,22.327538963673636],[114.18082124621804,22.327457548424434],[114.18073501887089,22.327453914088075],[114.18073625611457,22.327427811150773],[114.18073835236565,22.327383585794117],[114.18081832972426,22.327386748344214],[114.18081938671786,22.327368038931553],[114.18073923261804,22.327365015728169],[114.18074103066424,22.327327080632784],[114.18074260015842,22.327293968056082],[114.18082894581435,22.327297160067474],[114.18083271698143,22.327218605527943],[114.18092616234534,22.327222575477737],[114.18092193083494,22.327300597407088],[114.18098387011841,22.327302887162478]]]},"properties":{"OBJECTID":158550,"Shape__Length":158.53762231817456,"Shape__Area":618.49578999143671,"GeoRefNo":"3668020932","DateCreate":1114790400000,"BuildingBlockType":"Tower","BuildingCSUID":"3668020932T20050430","BuildingID":1108229353,"Status":"Active","BuildingNameEN":"Kent Court Block 5","BuildingNameTC":"根德閣第五座","BaseHeight":10.9,"TopHeight":42.100000000000001,"Storeys":10,"StoreysInBasement":null,"DateStamp":1599580800000}},{"type":"Feature","id":158553,"geometry":{"type":"Polygon","coordinates":[[[114.18492349643982,22.327628996336077],[114.18498702812362,22.327626738666162],[114.18498827146833,22.327659047599475],[114.18492473976988,22.327661305269867],[114.18492349643982,22.327628996336077]]]},"properties":{"OBJECTID":158553,"Shape__Length":20.260069543626276,"Shape__Area":23.449103294966907,"GeoRefNo":"3710020956","DateCreate":1114790400000,"BuildingBlockType":"Tower","BuildingCSUID":"3710020956T20050430","BuildingID":1108229269,"Status":"Active","BuildingNameEN":"UNIVERSITY COURT","BuildingNameTC":"翰林苑","BaseHeight":11.5,"TopHeight":15.4,"Storeys":null,"StoreysInBasement":null,"DateStamp":1361808000000}},{"type":"Feature","id":158555,"geometry":{"type":"Polygon","coordinates":[[[114.17027850105576,22.327563620373205],[114.1702781199278,22.327597934775874],[114.1702431782588,22.327597598866756],[114.17024355939532,22.327563284464155],[114.17027850105576,22.327563620373205]]]},"properties":{"OBJECTID":158555,"Shape__Length":14.800003440734903,"Shape__Area":13.680006304469849,"GeoRefNo":"3558620949","DateCreate":1264348800000,"BuildingBlockType":"Tower","BuildingCSUID":"3558620949T20100125","BuildingID":1108229314,"Status":"Active","BuildingNameEN":"POLICE SPORTS AND RECREATION CLUB","BuildingNameTC":"警察體育遊樂會","BaseHeight":6.9000000000000004,"TopHeight":10.6,"Storeys":null,"StoreysInBasement":null,"DateStamp":1361808000000}},{"type":"Feature","id":158599,"geometry":{"type":"Polygon","coordinates":[[[114.18253812185634,22.327506231433485],[114.18233669244894,22.327499031090337],[114.18233863878635,22.327441759954052],[114.1824087486582,22.327444939302818],[114.18241265540796,22.327358802733976],[114.18232847492106,22.327355858389005],[114.1823314010683,22.327282092853771],[114.18253811304595,22.327289646384639],[114.18263529035175,22.327293197191867],[114.18263187087514,22.327366734005391],[114.18254892467856,22.327364246678329],[114.18254403024828,22.327449696328557],[114.18261191800438,22.327452647464874],[114.18260923054055,22.327508773281625],[114.18253812185634,22.327506231433485]]]},"properties":{"OBJECTID":158599,"Shape__Length":138.80565097275016,"Shape__Area":565.82268313653856,"GeoRefNo":"3684020935","DateCreate":1114790400000,"BuildingBlockType":"Tower","BuildingCSUID":"3684020935T20050430","BuildingID":1108229376,"Status":"Active","BuildingNameEN":"Beverly Villas Block 7","BuildingNameTC":"碧華花園第七座","BaseHeight":10.699999999999999,"TopHeight":45.399999999999999,"Storeys":12,"StoreysInBasement":null,"DateStamp":1599580800000}},{"type":"Feature","id":158604,"geometry":{"type":"Polygon","coordinates":[[[114.17809444337938,22.327287966522587],[114.17809392359376,22.327276990662458],[114.17811171834265,22.327276051341897],[114.17811008068344,22.327257372401],[114.17814659375065,22.327255519122819],[114.17814818249317,22.327274126360891],[114.17830923588481,22.327265624120351],[114.17831348543628,22.327333707111979],[114.17820967437332,22.327338394721682],[114.1781514865407,22.327341022203623],[114.17812300491052,22.327342308207967],[114.17810163601936,22.327343273114398],[114.17810317961361,22.327371702469506],[114.17804445888531,22.327375261963926],[114.17804109425333,22.327323214750571],[114.17802604740811,22.327323586741745],[114.17802375663219,22.327296299037869],[114.17806051926115,22.327293988829599],[114.17806167279498,22.327306372192076],[114.17806999612813,22.327305908227487],[114.17807613801997,22.327305565921218],[114.17809522645588,22.327304501880135],[114.17809444337938,22.327287966522587]]]},"properties":{"OBJECTID":158604,"Shape__Length":87.022720526900983,"Shape__Area":225.51086799196403,"GeoRefNo":"3640020920","DateCreate":1114790400000,"BuildingBlockType":"Tower","BuildingCSUID":"3640020920T20050430","BuildingID":1108229458,"Status":"Active","BuildingNameEN":"Christian Youth Centre Kindergarten & Nursery","BuildingNameTC":"基督教中心幼稚園暨幼兒園","BaseHeight":10.9,"TopHeight":17.899999999999999,"Storeys":null,"StoreysInBasement":null,"DateStamp":1361808000000}},{"type":"Feature","id":158777,"geometry":{"type":"Polygon","coordinates":[[[114.1752872863197,22.327550618772065],[114.17529519893012,22.327547041019578],[114.17538612849863,22.32750592596118],[114.17549273624802,22.327509615780041],[114.17550786003615,22.327535830339116],[114.17532395946689,22.32762082189441],[114.1752872863197,22.327550618772065]]]},"properties":{"OBJECTID":158777,"Shape__Length":55.40560633113698,"Shape__Area":154.9387186291348,"GeoRefNo":"3611320945","DateCreate":1114790400000,"BuildingBlockType":"Tower","BuildingCSUID":"3611320945T20050430","BuildingID":1108229301,"Status":"Active","BuildingNameEN":"KOWLOON TONG SCHOOL","BuildingNameTC":"九龍塘學校","BaseHeight":8.5,"TopHeight":11.199999999999999,"Storeys":null,"StoreysInBasement":null,"DateStamp":1361808000000}},{"type":"Feature","id":158779,"geometry":{"type":"Polygon","coordinates":[[[114.18358706311466,22.327550532635797],[114.18331452450902,22.327539188527574],[114.18331721158361,22.327482833322524],[114.18338855569381,22.327486240671917],[114.18339221584716,22.327401479267536],[114.18330754112343,22.327397847862233],[114.18331095950374,22.327322936940934],[114.18361361567597,22.327334727263576],[114.18360994926969,22.327407805805386],[114.18352725014873,22.327405089952975],[114.18352383724877,22.327490767954586],[114.18359049003951,22.327492802940345],[114.18358706311466,22.327550532635797]]]},"properties":{"OBJECTID":158779,"Shape__Length":138.74285107627452,"Shape__Area":565.01825955341815,"GeoRefNo":"3694620934","DateCreate":1114790400000,"BuildingBlockType":"Tower","BuildingCSUID":"3694620934T20050430","BuildingID":1108229349,"Status":"Active","BuildingNameEN":"Beverly Villas Block 10","BuildingNameTC":"碧華花園第十座","BaseHeight":10.699999999999999,"TopHeight":45.399999999999999,"Storeys":12,"StoreysInBasement":null,"DateStamp":1599580800000}},{"type":"Feature","id":158780,"geometry":{"type":"Polygon","coordinates":[[[114.16856992860109,22.327550383388274],[114.16856296731821,22.327547919399397],[114.16855945196707,22.327546839432983],[114.1685559451591,22.327545735806773],[114.16855244708847,22.32754460879173],[114.16854895785221,22.327543458297537],[114.16854547764446,22.32754228432421],[114.16854200665938,22.327541087052381],[114.16853854509104,22.32753986657233],[114.16853509313361,22.327538622884116],[114.16853165098119,22.327537355987719],[114.1685282187309,22.327536066063743],[114.1685247965768,22.327534753112246],[114.16852138471303,22.327533417223506],[114.16851798343083,22.327532058487865],[114.16851459273016,22.327530676905308],[114.1685112129022,22.327529272656466],[114.16850784414113,22.327527845741354],[114.16850448654394,22.327526396250278],[114.16850114030484,22.327524924273575],[114.16849780561786,22.327523429811215],[114.16849448258016,22.327521913043856],[114.16849117148287,22.327520373971488],[114.16848787252013,22.327518812774745],[114.16848458569196,22.327517229453644],[114.16847804794025,22.327514226086027],[114.16849560070828,22.327473974780737],[114.16846639093281,22.32746128710976],[114.16845367697483,22.32745576461145],[114.16836932034974,22.327419123144921],[114.16843246414226,22.327291918169276],[114.16845612467496,22.327273531224666],[114.1684651101195,22.32726654842708],[114.16850063924591,22.327238938157482],[114.16853291118954,22.327213859167081],[114.16854078553482,22.327216523050922],[114.16858581814935,22.327128282979146],[114.16857819292318,22.327124834623163],[114.16857934022468,22.327088643886498],[114.16857991533371,22.327070505261648],[114.16858097307129,22.327037141274186],[114.16858187599392,22.32700865975524],[114.16858321000431,22.326966579730897],[114.168584013347,22.326941238773529],[114.16858519643148,22.326903922917118],[114.16858610635398,22.326875221322666],[114.168587190053,22.326841038261502],[114.16858804785139,22.326813980411451],[114.16858913417515,22.326779713456006],[114.16859016429082,22.326747219653136],[114.16860588427927,22.326714770123559],[114.16868436409074,22.326718898626154],[114.16869820547247,22.326733187153454],[114.16871271452568,22.326748165017648],[114.16871141371558,22.326779138508542],[114.16872672928459,22.326779022148248],[114.16872821614969,22.326751666319364],[114.16876631095678,22.326721442485667],[114.16912565912037,22.326737534498221],[114.16914789094422,22.326763879940756],[114.1691511314359,22.326767720080174],[114.16914913021444,22.326803853347361],[114.16913861525907,22.326993703401147],[114.16912751390626,22.327194139887258],[114.16912413832642,22.327249737521001],[114.16909875605367,22.327248625550247],[114.16882234130659,22.327236516111935],[114.16882084001435,22.327243075855201],[114.16882003427939,22.327246432032531],[114.16881920418129,22.327249783151551],[114.16881834981719,22.327253128941301],[114.16881747128417,22.327256469311514],[114.16881656838805,22.327259804171845],[114.16881564142008,22.327263133251403],[114.16881469028317,22.327266456459895],[114.16881371507445,22.327269773616692],[114.16881271579385,22.327273084631486],[114.16881169253845,22.327276389323675],[114.16881064530833,22.32727968751265],[114.16880957420051,22.327282979108119],[114.16880847921496,22.327286263929448],[114.16880736044884,22.327289541796048],[114.16880621790206,22.3272928126176],[114.1688050516718,22.327296076213486],[114.16880386175798,22.327299332403133],[114.16880264835478,22.32730258109622],[114.16880141126805,22.327305822112116],[114.16880015078902,22.32730905527022],[114.16879886682061,22.327312280570553],[114.16879755955698,22.327315497651906],[114.1687962289981,22.327318706604526],[114.16879487514403,22.327321907067251],[114.16879349809177,22.327325099040081],[114.16879209784142,22.327328282252054],[114.16883511815945,22.327349314084945],[114.16885902911564,22.327361003730083],[114.16885766439285,22.327365884965356],[114.16885574708387,22.327368950664525],[114.16885438478616,22.327372148056909],[114.16885300171688,22.327375337772263],[114.16885159787601,22.327378519629981],[114.16885017326358,22.327381693449428],[114.16884872797667,22.327384859320929],[114.16884726211231,22.327388016973583],[114.16884577557352,22.32739116622675],[114.1688442686514,22.327394307170774],[114.16884274115186,22.327397439534685],[114.16884119326907,22.327400563228217],[114.16883962510008,22.327403678161073],[114.16883803654783,22.327406784242939],[114.16883642780645,22.327409881293207],[114.16883479897299,22.327412969311879],[114.16883314995044,22.327416048028027],[114.16883148083586,22.327419117441689],[114.16882979172628,22.327422177372199],[114.16882808271883,22.327425227819603],[114.16882635391053,22.327428268512978],[114.16882460520435,22.327431299452321],[114.16882283679439,22.32743432054734],[114.1688210486807,22.327437331617404],[114.16881924105739,22.327440332481931],[114.16881757881073,22.32744380610476],[114.16881488582072,22.327449107918632],[114.16881248808788,22.327452975780396],[114.16881079286254,22.327456032820617],[114.16880927594153,22.327459168345417],[114.1688076883591,22.327462266209178],[114.16880369184931,22.327468084778726],[114.1688017327111,22.327471002554166],[114.16879972543005,22.327473891971142],[114.16879767049154,22.327476752307245],[114.16879556828387,22.327479582930351],[114.16879341948651,22.327482383208352],[114.16879122448776,22.327485152328514],[114.168788983773,22.327487889749023],[114.16878669802175,22.327490594837773],[114.1687843677193,22.327493266962634],[114.16878199335105,22.327495905401175],[114.16877957549946,22.327498509611658],[114.16877711474689,22.327501078871542],[114.16877461177288,22.327503612729416],[114.16876965338204,22.327508759284434],[114.16876702589917,22.327510837362361],[114.16876431085274,22.327513099479216],[114.16876145729812,22.327515290518427],[114.1687585857875,22.327517461418477],[114.16875569670913,22.327519611998799],[114.1687527901601,22.327521742169054],[114.16874986623749,22.32752385174868],[114.16874682108281,22.32752591616925],[114.16874483223432,22.327527258827796],[114.16874183988558,22.327529278820457],[114.16873885035177,22.327531296916746],[114.16873224788067,22.327534513010615],[114.16872902463216,22.327536205000637],[114.16872748930548,22.327536977400147],[114.16872576906394,22.327537842805448],[114.16872248214672,22.327539425883288],[114.16871916523941,22.327540953692374],[114.16871581911859,22.327542425871538],[114.16871244504617,22.327543841788668],[114.16870904399279,22.327545200992315],[114.16870573251296,22.327546865253545],[114.16870001680564,22.327548813135103],[114.16869648783837,22.327549853642711],[114.1686929428581,22.327550846106721],[114.16868938254424,22.327551790165959],[114.16868580777042,22.327552685820432],[114.16868221921612,22.32755353270899],[114.16867861775492,22.327554330741322],[114.16867512393084,22.327555270739818],[114.16867135778267,22.327555501462356],[114.16866770586086,22.327556068128334],[114.16866404423573,22.327556578533198],[114.16866037407213,22.327557032496383],[114.1686566963407,22.327557429927644],[114.16865301191504,22.327557770646401],[114.16864932195996,22.327558054562417],[114.16864562744611,22.327558281675739],[114.16864192944121,22.327558451896103],[114.16863822881885,22.327558565133277],[114.16863452674384,22.327558621296969],[114.16863082418683,22.327558620567892],[114.16862712202145,22.327558562765436],[114.16862342150951,22.327558448070288],[114.16861972352457,22.327558276301893],[114.16861602913441,22.327558047640895],[114.16861394602479,22.32755788651999],[114.16861233930968,22.327557762177683],[114.16860865511805,22.327557419912274],[114.16860497753019,22.327557021025349],[114.16859758740705,22.327556291972229],[114.16859142120339,22.327555176201034],[114.1685877892522,22.327554507662771],[114.16858416671893,22.327553796048996],[114.16858055438004,22.327553041540394],[114.16857695262388,22.327552244227277],[114.16857336222688,22.32755140419998],[114.16856992860109,22.327550383388274]]]},"properties":{"OBJECTID":158780,"Shape__Length":327.77291284120793,"Shape__Area":4569.6963976705201,"GeoRefNo":"3544120888","DateCreate":1114790400000,"BuildingBlockType":"Tower","BuildingCSUID":"3544120888T20050430","BuildingID":1108229341,"Status":"Active","BuildingNameEN":"Police Sports and Recreation Club","BuildingNameTC":"警察體育遊樂會","BaseHeight":5.7000000000000002,"TopHeight":23.600000000000001,"Storeys":null,"StoreysInBasement":null,"DateStamp":1361808000000}},{"type":"Feature","id":158797,"geometry":{"type":"Polygon","coordinates":[[[114.18057311839021,22.327359458252552],[114.18057136557657,22.327399116651538],[114.18047892772915,22.327394762403827],[114.18048037462454,22.327355302324378],[114.18040249330848,22.327351798114904],[114.18040336529532,22.327327088426618],[114.18040551199181,22.327266257992797],[114.1806653758276,22.327277020575618],[114.18066287427332,22.32732708249932],[114.18066105966075,22.327363398861745],[114.18057311839021,22.327359458252552]]]},"properties":{"OBJECTID":158797,"Shape__Length":81.25780766390713,"Shape__Area":296.54546469808952,"GeoRefNo":"3664720918","DateCreate":1114790400000,"BuildingBlockType":"Tower","BuildingCSUID":"3664720918T20050430","BuildingID":1108229443,"Status":"Active","BuildingNameEN":"Kent Court Block 4","BuildingNameTC":"根德閣第四座","BaseHeight":12.9,"TopHeight":45.200000000000003,"Storeys":12,"StoreysInBasement":null,"DateStamp":1599580800000}},{"type":"Feature","id":158826,"geometry":{"type":"Polygon","coordinates":[[[114.18215956663188,22.327491178323577],[114.18200762170059,22.327485874166239],[114.18201006192612,22.327428144444891],[114.18207918384513,22.327431095403675],[114.18208259710617,22.327344501188499],[114.18200014447514,22.32734109759236],[114.1820035648098,22.327268706502284],[114.18215955840324,22.327274524551484],[114.18230745462975,22.327280040380344],[114.18230354121994,22.327353806309699],[114.18222133575006,22.327351547986272],[114.18221742877718,22.327437455083416],[114.18228235347112,22.327439491296655],[114.18228015963794,22.327495387985483],[114.18215956663188,22.327491178323577]]]},"properties":{"OBJECTID":158826,"Shape__Length":138.13814652724614,"Shape__Area":567.61251357794333,"GeoRefNo":"3681120924","DateCreate":1114790400000,"BuildingBlockType":"Tower","BuildingCSUID":"3681120924T20050430","BuildingID":1108229387,"Status":"Active","BuildingNameEN":"Beverly Villas Block 6","BuildingNameTC":"碧華花園第六座","BaseHeight":10.6,"TopHeight":45.399999999999999,"Storeys":12,"StoreysInBasement":null,"DateStamp":1599580800000}},{"type":"Feature","id":158834,"geometry":{"type":"Polygon","coordinates":[[[114.17799654622434,22.327431992002712],[114.17794076120018,22.327434756295339],[114.17793866479329,22.327398937666008],[114.17793778244854,22.327383863637941],[114.1780118725838,22.327380117318409],[114.17801330144525,22.327398937138675],[114.17801573892707,22.327431040942873],[114.17799654622434,22.327431992002712]]]},"properties":{"OBJECTID":158834,"Shape__Length":26.676712067327692,"Shape__Area":43.433068044499457,"GeoRefNo":"3638120930","DateCreate":1114790400000,"BuildingBlockType":"Tower","BuildingCSUID":"3638120930T20050430","BuildingID":1108229418,"Status":"Active","BuildingNameEN":"CHRISTIAN YOUTH CENTRE KINDERGARTEN","BuildingNameTC":"基督教中心幼稚園","BaseHeight":10.6,"TopHeight":15.1,"Storeys":null,"StoreysInBasement":null,"DateStamp":1361808000000}},{"type":"Feature","id":158871,"geometry":{"type":"Polygon","coordinates":[[[114.18102361258188,22.326689319768423],[114.18100432449445,22.326687180739658],[114.18101352718793,22.326641145824009],[114.1812361541423,22.326664196729432],[114.18122715869622,22.326708401603643],[114.18122646401375,22.326711815545337],[114.18102361258188,22.326689319768423]]]},"properties":{"OBJECTID":158871,"Shape__Length":56.677060647755027,"Shape__Area":121.37040764323065,"GeoRefNo":"3670520849","DateCreate":1199289600000,"BuildingBlockType":"Open-sided Structure","BuildingCSUID":"3670520849T20080103","BuildingID":1108229905,"Status":"Active","BuildingNameEN":"VIVA COURT","BuildingNameTC":"偉華園","BaseHeight":null,"TopHeight":null,"Storeys":null,"StoreysInBasement":null,"DateStamp":1611676800000}},{"type":"Feature","id":159009,"geometry":{"type":"Polygon","coordinates":[[[114.17992267403422,22.32748687067938],[114.17992645940356,22.327549249556757],[114.17994225025849,22.327548193398375],[114.17994575322315,22.327616978487214],[114.17987149354235,22.327620910640114],[114.17986609724952,22.327533799456969],[114.17983900051702,22.327534769124533],[114.17982688252496,22.327327100107219],[114.17982123214159,22.327230267498511],[114.17984720391733,22.327228806771551],[114.17984446272186,22.327184556410288],[114.17996600991017,22.327179055471515],[114.17996918554705,22.327233631574714],[114.17990750792701,22.327236947794898],[114.17990974812629,22.327273863793529],[114.179898140994,22.327274486040331],[114.17990133888863,22.327327098713869],[114.1799110745477,22.327487273303106],[114.17992267403422,22.32748687067938]]]},"properties":{"OBJECTID":159009,"Shape__Length":132.69396627236884,"Shape__Area":411.65553630582156,"GeoRefNo":"3657720926","DateCreate":1114790400000,"BuildingBlockType":"Tower","BuildingCSUID":"3657720926T20050430","BuildingID":1108229300,"Status":"Active","BuildingNameEN":null,"BuildingNameTC":null,"BaseHeight":14.800000000000001,"TopHeight":44,"Storeys":9,"StoreysInBasement":1,"DateStamp":1599580800000}},{"type":"Feature","id":159011,"geometry":{"type":"Polygon","coordinates":[[[114.18036211925127,22.327529746868152],[114.18024576993851,22.327524310149222],[114.18024636537464,22.327505915556543],[114.1802138178985,22.3275048133337],[114.18021346016124,22.327522800370975],[114.18009905556549,22.327517454444141],[114.18010125277867,22.327444346662805],[114.18018875924038,22.327448435728869],[114.1801900478947,22.327404510030966],[114.18027634315327,22.327408560153067],[114.18027506568802,22.327452468602967],[114.18036455646732,22.327456650276069],[114.18036211925127,22.327529746868152]]]},"properties":{"OBJECTID":159011,"Shape__Length":84.274831076981883,"Shape__Area":256.3730172767539,"GeoRefNo":"3661520934","DateCreate":1114790400000,"BuildingBlockType":"Tower","BuildingCSUID":"3661520934T20050430","BuildingID":1108229359,"Status":"Active","BuildingNameEN":"Kent Court Block 1","BuildingNameTC":"根德閣第一座","BaseHeight":12.9,"TopHeight":45,"Storeys":12,"StoreysInBasement":null,"DateStamp":1599580800000}},{"type":"Feature","id":159012,"geometry":{"type":"Polygon","coordinates":[[[114.17607449936816,22.326784548561623],[114.17608152139398,22.326644663637833],[114.17616753865794,22.326648235519141],[114.17616053787616,22.32678846460233],[114.17607449936816,22.326784548561623]]]},"properties":{"OBJECTID":159012,"Shape__Length":48.797287958686987,"Shape__Area":137.75638951399355,"GeoRefNo":"3619020853","DateCreate":1114790400000,"BuildingBlockType":"Tower","BuildingCSUID":"3619020853T20050430","BuildingID":1108229843,"Status":"Active","BuildingNameEN":null,"BuildingNameTC":null,"BaseHeight":8.5999999999999996,"TopHeight":19.399999999999999,"Storeys":3,"StoreysInBasement":null,"DateStamp":1599580800000}},{"type":"Feature","id":159014,"geometry":{"type":"Polygon","coordinates":[[[114.17019130984035,22.326793299732529],[114.17019247919782,22.326766250917107],[114.17021049603422,22.326767044178148],[114.1702090798445,22.32679409153873],[114.17019130984035,22.326793299732529]]]},"properties":{"OBJECTID":159014,"Shape__Length":9.6873797664510199,"Shape__Area":5.5331273742674227,"GeoRefNo":"3558120860","DateCreate":1114790400000,"BuildingBlockType":"Tower","BuildingCSUID":"3558120860T20050430","BuildingID":1108229837,"Status":"Active","BuildingNameEN":"POLICE SPORTS AND RECREATION CLUB","BuildingNameTC":"警察體育遊樂會","BaseHeight":6.5999999999999996,"TopHeight":9.5999999999999996,"Storeys":null,"StoreysInBasement":null,"DateStamp":1361808000000}},{"type":"Feature","id":159045,"geometry":{"type":"Polygon","coordinates":[[[114.17561851886651,22.326625411509809],[114.17560671153402,22.326624933432132],[114.17560837001184,22.326587986335376],[114.17562044737502,22.326588477509254],[114.17561851886651,22.326625411509809]]]},"properties":{"OBJECTID":159045,"Shape__Length":10.652635130502507,"Shape__Area":5.0427880859845944,"GeoRefNo":"3613820842","DateCreate":1114790400000,"BuildingBlockType":"Tower","BuildingCSUID":"3613820842T20050430","BuildingID":1108229954,"Status":"Active","BuildingNameEN":null,"BuildingNameTC":null,"BaseHeight":8,"TopHeight":20.300000000000001,"Storeys":3,"StoreysInBasement":null,"DateStamp":1599580800000}},{"type":"Feature","id":159057,"geometry":{"type":"Polygon","coordinates":[[[114.17608152139398,22.326644663637833],[114.17608810229774,22.326513566102189],[114.17608865387696,22.326502577325741],[114.17613894090385,22.326504125029455],[114.17613862470614,22.326515945975611],[114.17617405978453,22.326517615156021],[114.17616753865794,22.326648235519141],[114.17608152139398,22.326644663637833]]]},"properties":{"OBJECTID":159057,"Shape__Length":49.2498817163656,"Shape__Area":135.22196189888294,"GeoRefNo":"3619020840","DateCreate":1114790400000,"BuildingBlockType":"Tower","BuildingCSUID":"3619020840T20050430","BuildingID":1108229941,"Status":"Active","BuildingNameEN":null,"BuildingNameTC":null,"BaseHeight":8.6999999999999993,"TopHeight":19.100000000000001,"Storeys":3,"StoreysInBasement":null,"DateStamp":1599580800000}},{"type":"Feature","id":159236,"geometry":{"type":"Polygon","coordinates":[[[114.17601426062076,22.326641870604192],[114.17608152139398,22.326644663637833],[114.17607449936816,22.326784548561623],[114.17599905373716,22.326781114672908],[114.17600160724481,22.326727742476095],[114.17598903105136,22.326727442144279],[114.17599205256185,22.326649293271633],[114.17601394579199,22.32665011092239],[114.17601426062076,22.326641870604192]]]},"properties":{"OBJECTID":159236,"Shape__Length":49.267285901184479,"Shape__Area":131.52794151418982,"GeoRefNo":"3618020850","DateCreate":1114790400000,"BuildingBlockType":"Tower","BuildingCSUID":"3618020850T20050430","BuildingID":1108229847,"Status":"Active","BuildingNameEN":null,"BuildingNameTC":null,"BaseHeight":8.4000000000000004,"TopHeight":19.399999999999999,"Storeys":3,"StoreysInBasement":null,"DateStamp":1599580800000}},{"type":"Feature","id":159239,"geometry":{"type":"Polygon","coordinates":[[[114.17560671153402,22.326624933432132],[114.17561851886651,22.326625411509809],[114.17561117052624,22.326766142486981],[114.17559688870999,22.326765594493242],[114.17552579868224,22.326762866789831],[114.17553295550402,22.326621947346588],[114.17560475451647,22.326624854219098],[114.17560671153402,22.326624933432132]]]},"properties":{"OBJECTID":159239,"Shape__Length":48.85053816027272,"Shape__Area":137.58957997647184,"GeoRefNo":"3613420850","DateCreate":1114790400000,"BuildingBlockType":"Tower","BuildingCSUID":"3613420850T20050430","BuildingID":1108229862,"Status":"Active","BuildingNameEN":null,"BuildingNameTC":null,"BaseHeight":8,"TopHeight":17.800000000000001,"Storeys":3,"StoreysInBasement":null,"DateStamp":1599580800000}},{"type":"Feature","id":159243,"geometry":{"type":"Polygon","coordinates":[[[114.18046004547037,22.326720583981029],[114.18061047464307,22.326726562403593],[114.18060825237721,22.326774609148],[114.18057521613416,22.326772818155852],[114.18057553596169,22.326765509514395],[114.18054592166112,22.326764401149521],[114.18054633245157,22.32675386948976],[114.18053150948693,22.326753539851232],[114.18052971731531,22.326791586023049],[114.18045689836958,22.326789333001908],[114.18046004547037,22.326720583981029]]]},"properties":{"OBJECTID":159243,"Shape__Length":50.147735798783657,"Shape__Area":93.765681815516373,"GeoRefNo":"3664220857","DateCreate":1114790400000,"BuildingBlockType":"Tower","BuildingCSUID":"3664220857T20050430","BuildingID":1108229842,"Status":"Active","BuildingNameEN":null,"BuildingNameTC":null,"BaseHeight":12.699999999999999,"TopHeight":23.100000000000001,"Storeys":3,"StoreysInBasement":null,"DateStamp":1599580800000}},{"type":"Feature","id":159275,"geometry":{"type":"Polygon","coordinates":[[[114.17697458672484,22.32665787380185],[114.17697682751763,22.326616569884244],[114.17704438618959,22.326619476303502],[114.17704264122253,22.326660349462415],[114.17708480846511,22.326661883517804],[114.1770800878692,22.326744147290324],[114.17693165719702,22.326737571016572],[114.17693538403506,22.326656447631418],[114.17697458672484,22.32665787380185]]]},"properties":{"OBJECTID":159275,"Shape__Length":57.8893921783704,"Shape__Area":170.93386776872728,"GeoRefNo":"3628120848","DateCreate":1114790400000,"BuildingBlockType":"Tower","BuildingCSUID":"3628120848T20050430","BuildingID":1108229882,"Status":"Active","BuildingNameEN":"Spring Heights","BuildingNameTC":"春秋閣","BaseHeight":7.9000000000000004,"TopHeight":52,"Storeys":16,"StoreysInBasement":null,"DateStamp":1599580800000}},{"type":"Feature","id":159278,"geometry":{"type":"Polygon","coordinates":[[[114.17714825997071,22.326753109395895],[114.17714965619815,22.326731419550324],[114.17711527207025,22.32672920648853],[114.17711577969861,22.326719197979131],[114.17711628878278,22.326709158946297],[114.17711861542759,22.326663286543489],[114.17713071920451,22.326663945934957],[114.17713260936782,22.326629153610529],[114.17718954402673,22.326631773086991],[114.17718886742188,22.326644742545806],[114.17722672149573,22.326646772894787],[114.1772598539545,22.326648550029851],[114.17725444458009,22.326758647972866],[114.17721693641472,22.326756691590067],[114.17714825997071,22.326753109395895]]]},"properties":{"OBJECTID":159278,"Shape__Length":56.168764748252407,"Shape__Area":173.34784069163416,"GeoRefNo":"3630020851","DateCreate":1114790400000,"BuildingBlockType":"Tower","BuildingCSUID":"3630020851T20050430","BuildingID":1108229869,"Status":"Active","BuildingNameEN":"Royal Garden","BuildingNameTC":"皇冠閣","BaseHeight":8.3000000000000007,"TopHeight":51.200000000000003,"Storeys":16,"StoreysInBasement":1,"DateStamp":1599580800000}},{"type":"Feature","id":159286,"geometry":{"type":"Polygon","coordinates":[[[114.17650410789534,22.326604932717231],[114.17650508482758,22.326573293698239],[114.17661699424769,22.326577614297555],[114.17661506630134,22.326609006780931],[114.17660423621382,22.326608609149456],[114.17660190219966,22.326666328500561],[114.17660098839546,22.326688925013119],[114.17664956298134,22.326690806416721],[114.17665043814574,22.326668384736013],[114.17668693845704,22.326669931079785],[114.17668218529967,22.326757237610298],[114.17640134713592,22.326745321522086],[114.17640560728185,22.326658012198909],[114.17645045534599,22.326659912255376],[114.17644910511491,22.326682328515577],[114.17649891125315,22.326684446297666],[114.17650029923445,22.326662023986636],[114.17651482263761,22.32666263926944],[114.17651741584908,22.326605421298233],[114.17650410789534,22.326604932717231]]]},"properties":{"OBJECTID":159286,"Shape__Length":112.06846230476673,"Shape__Area":352.55640540296878,"GeoRefNo":"3623420847","DateCreate":1114790400000,"BuildingBlockType":"Tower","BuildingCSUID":"3623420847T20050430","BuildingID":1108229870,"Status":"Active","BuildingNameEN":"Kowloon Tong Mansion","BuildingNameTC":"九龍塘大廈","BaseHeight":8.5,"TopHeight":47.5,"Storeys":13,"StoreysInBasement":null,"DateStamp":1599580800000}},{"type":"Feature","id":159325,"geometry":{"type":"Polygon","coordinates":[[[114.17417986590154,22.335639187669177],[114.17417370460451,22.335644910605744],[114.17424995142234,22.335717050339959],[114.17421549396784,22.335746973685694],[114.17408159873295,22.335636297511392],[114.17409991998792,22.335616757369639],[114.17421272270569,22.335496449466387],[114.17423198956756,22.33551467609896],[114.17421624567804,22.33552871089681],[114.17413846409826,22.335598048737332],[114.17417986590154,22.335639187669177]]]},"properties":{"OBJECTID":159325,"Shape__Length":78.37262319601092,"Shape__Area":140.08151849784645,"GeoRefNo":"3598721845","DateCreate":1196265600000,"BuildingBlockType":"Temporary Structure","BuildingCSUID":"3598721845T20071129","BuildingID":1108224028,"Status":"Active","BuildingNameEN":null,"BuildingNameTC":null,"BaseHeight":null,"TopHeight":null,"Storeys":null,"StoreysInBasement":null,"DateStamp":1411056000000}},{"type":"Feature","id":159326,"geometry":{"type":"Polygon","coordinates":[[[114.17293715685584,22.33502390061803],[114.17287869145511,22.3349768965839],[114.17292897554994,22.33491959879035],[114.17298833073835,22.334968434048207],[114.17293715685584,22.33502390061803]]]},"properties":{"OBJECTID":159326,"Shape__Length":32.408530058059156,"Shape__Area":65.621618324435062,"GeoRefNo":"3586121768","DateCreate":1194796800000,"BuildingBlockType":"Temporary Structure","BuildingCSUID":"3586121768T20071112","BuildingID":1108224415,"Status":"Active","BuildingNameEN":"CITY UNIVERSITY OF HONG KONG","BuildingNameTC":"香港城市大學","BaseHeight":13.5,"TopHeight":16.699999999999999,"Storeys":null,"StoreysInBasement":null,"DateStamp":1411056000000}},{"type":"Feature","id":159328,"geometry":{"type":"Polygon","coordinates":[[[114.1729980618956,22.334913768943988],[114.17302768922826,22.334910774470522],[114.17303168736581,22.334953733020008],[114.17300302239235,22.334956297029326],[114.1729980618956,22.334913768943988]]]},"properties":{"OBJECTID":159328,"Shape__Length":15.548529194668106,"Shape__Area":14.353746636955192,"GeoRefNo":"3587021764","DateCreate":1194796800000,"BuildingBlockType":"Temporary Structure","BuildingCSUID":"3587021764T20071112","BuildingID":1108224462,"Status":"Active","BuildingNameEN":"CITY UNIVERSITY OF HONG KONG","BuildingNameTC":"香港城市大學","BaseHeight":13.5,"TopHeight":16.100000000000001,"Storeys":null,"StoreysInBasement":null,"DateStamp":1411056000000}},{"type":"Feature","id":159331,"geometry":{"type":"Polygon","coordinates":[[[114.17367377727808,22.33386465596141],[114.17368849959252,22.333871312145067],[114.17371600129805,22.333883736403912],[114.17370611984785,22.333903187989147],[114.17369099610704,22.333932958984978],[114.17371716585458,22.333944444308525],[114.17369006004587,22.333994432370822],[114.17361998671855,22.333965129931737],[114.17367377727808,22.33386465596141]]]},"properties":{"OBJECTID":159331,"Shape__Length":40.389542184992649,"Shape__Area":79.363885904570481,"GeoRefNo":"3593721655","DateCreate":1196265600000,"BuildingBlockType":"Temporary Structure","BuildingCSUID":"3593721655T20071129","BuildingID":1108225008,"Status":"Active","BuildingNameEN":"MARYKNOLL FATHERS' SCHOOL","BuildingNameTC":"瑪利諾神父教會學校","BaseHeight":null,"TopHeight":null,"Storeys":null,"StoreysInBasement":null,"DateStamp":1411056000000}},{"type":"Feature","id":159465,"geometry":{"type":"Polygon","coordinates":[[[114.17585597582595,22.32677246004554],[114.1758672950689,22.326513186287855],[114.17589100027777,22.326514221151612],[114.17589161869708,22.326496626050627],[114.17591036041019,22.326497331085697],[114.17590974471031,22.326515039340006],[114.17595635259964,22.326517073918335],[114.17595151291175,22.326617439469324],[114.17589477910867,22.326614816037264],[114.17589376696168,22.326622842958493],[114.17587773915928,22.326622307531888],[114.17587656837246,22.326649773692399],[114.17593254664058,22.326651942526905],[114.17593169674608,22.326666464517892],[114.17594231542897,22.326666896238454],[114.17593963217031,22.326728314505836],[114.17593080325916,22.326727980235077],[114.17592997927801,22.326742862365833],[114.17593898115936,22.326743215782439],[114.17593756235111,22.3267756912078],[114.17585597582595,22.32677246004554]]]},"properties":{"OBJECTID":159465,"Shape__Length":95.183632089228965,"Shape__Area":225.03576165672368,"GeoRefNo":"3616620855","DateCreate":1114790400000,"BuildingBlockType":"Tower","BuildingCSUID":"3616620855T20050430","BuildingID":1108229851,"Status":"Active","BuildingNameEN":null,"BuildingNameTC":null,"BaseHeight":7.7999999999999998,"TopHeight":18.699999999999999,"Storeys":null,"StoreysInBasement":null,"DateStamp":1361808000000}},{"type":"Feature","id":159467,"geometry":{"type":"Polygon","coordinates":[[[114.17017831857733,22.326764908843007],[114.17017625385368,22.326792753035615],[114.1701589776184,22.32679196404564],[114.17016064837607,22.326763771798241],[114.17017831857733,22.326764908843007]]]},"properties":{"OBJECTID":159467,"Shape__Length":9.8240662025334569,"Shape__Area":5.6056818167037132,"GeoRefNo":"3557720862","DateCreate":1114790400000,"BuildingBlockType":"Tower","BuildingCSUID":"3557720862T20050430","BuildingID":1108229841,"Status":"Active","BuildingNameEN":"POLICE SPORTS AND RECREATION CLUB","BuildingNameTC":"警察體育遊樂會","BaseHeight":6.2999999999999998,"TopHeight":9.5999999999999996,"Storeys":null,"StoreysInBasement":null,"DateStamp":1361808000000}},{"type":"Feature","id":159499,"geometry":{"type":"Polygon","coordinates":[[[114.17387791782244,22.325832603681725],[114.17384710411764,22.325773952523203],[114.17381735769922,22.325758580107177],[114.17377902140527,22.325774568225619],[114.173682099264,22.325573403985622],[114.1736650065284,22.325580532488871],[114.17362521636019,22.325498096710309],[114.17358870577216,22.325422455239764],[114.17363531966407,22.325403483351881],[114.17366995222774,22.325477138768637],[114.17379120614373,22.325739127643413],[114.17382028107269,22.32572703225593],[114.17386886142742,22.325755360026438],[114.17389168093666,22.32580007160222],[114.17391420095781,22.32584765769543],[114.17393761531797,22.325896486500266],[114.17399852176374,22.326029635997735],[114.17409027382085,22.32622774553468],[114.17411438400174,22.326279771693063],[114.17419792020566,22.326459931108801],[114.17425383552695,22.326580797377559],[114.17426008314337,22.326593971296283],[114.17419443414545,22.326619355491371],[114.1741827267613,22.326594941110098],[114.17422219908192,22.326579066340287],[114.17417263798127,22.326470683325383],[114.17406448700096,22.326238049718768],[114.17397323678908,22.326040273495302],[114.17392278436549,22.325930762280215],[114.17391275390567,22.325909294768699],[114.17388990276419,22.325858274066395],[114.17387791782244,22.325832603681725]]]},"properties":{"OBJECTID":159499,"Shape__Length":321.41264684710632,"Shape__Area":493.12546593519733,"GeoRefNo":"3593420713","DateCreate":1114790400000,"BuildingBlockType":"Tower","BuildingCSUID":"3593420713T20050430","BuildingID":1108229957,"Status":"Active","BuildingNameEN":"YUEN PO STREET BIRD GARDEN","BuildingNameTC":"園圃街雀鳥花園","BaseHeight":7.2999999999999998,"TopHeight":16.100000000000001,"Storeys":null,"StoreysInBasement":null,"DateStamp":1361808000000}},{"type":"Feature","id":159906,"geometry":{"type":"Polygon","coordinates":[[[114.17520154445096,22.32749953714892],[114.17531314295948,22.327713100558253],[114.17524335952557,22.327746002465886],[114.17511993832359,22.32751053827046],[114.17514008394377,22.327501762287952],[114.17516163322982,22.327492374856455],[114.1751638671369,22.327496622325022],[114.1751647299308,22.327498262920354],[114.17520154445096,22.32749953714892]]]},"properties":{"OBJECTID":159906,"Shape__Length":72.629002124247648,"Shape__Area":227.9305291154318,"GeoRefNo":"3609720952","DateCreate":1114790400000,"BuildingBlockType":"Tower","BuildingCSUID":"3609720952T20050430","BuildingID":1108229201,"Status":"Active","BuildingNameEN":"KOWLOON TONG SCHOOL","BuildingNameTC":"九龍塘學校","BaseHeight":8.4000000000000004,"TopHeight":12.1,"Storeys":null,"StoreysInBasement":null,"DateStamp":1361808000000}},{"type":"Feature","id":160147,"geometry":{"type":"Polygon","coordinates":[[[114.18325947301226,22.327536461406421],[114.18298520560002,22.32752443003703],[114.18298764637798,22.327468533329494],[114.18305726209823,22.327471254294927],[114.18306166300803,22.327385346888057],[114.18298118545236,22.327382859326089],[114.18298509811846,22.327309093380688],[114.18328800118843,22.327321342513851],[114.1832833474807,22.327394879389953],[114.18319990756153,22.327391934745613],[114.18319550754387,22.327478529383672],[114.18326191400389,22.327481251922421],[114.18325947301226,22.327536461406421]]]},"properties":{"OBJECTID":160147,"Shape__Length":138.22020232817903,"Shape__Area":565.10336729442679,"GeoRefNo":"3691020933","DateCreate":1114790400000,"BuildingBlockType":"Tower","BuildingCSUID":"3691020933T20050430","BuildingID":1108229358,"Status":"Active","BuildingNameEN":"Beverly Villas Block 9","BuildingNameTC":"碧華花園第九座","BaseHeight":10.699999999999999,"TopHeight":45.399999999999999,"Storeys":12,"StoreysInBasement":null,"DateStamp":1599580800000}},{"type":"Feature","id":160382,"geometry":{"type":"Polygon","coordinates":[[[114.18293435217252,22.327523534139029],[114.18266131931833,22.327512188680217],[114.18266449998985,22.327454688028549],[114.18273238752782,22.327456951886838],[114.18273703527878,22.32737104447963],[114.18265532311722,22.327367411541957],[114.18265874268815,22.32729410419515],[114.18295843573267,22.327305896931311],[114.18295501663923,22.32737989160217],[114.18287207010842,22.327376717574161],[114.18286742336282,22.327463770695523],[114.18293753282947,22.327466033572406],[114.18293435217252,22.327523534139029]]]},"properties":{"OBJECTID":160382,"Shape__Length":138.5210214094069,"Shape__Area":565.87444799233288,"GeoRefNo":"3688020928","DateCreate":1114790400000,"BuildingBlockType":"Tower","BuildingCSUID":"3688020928T20050430","BuildingID":1108229365,"Status":"Active","BuildingNameEN":"Beverly Villas Block 8","BuildingNameTC":"碧華花園第八座","BaseHeight":10.699999999999999,"TopHeight":45.399999999999999,"Storeys":12,"StoreysInBasement":null,"DateStamp":1599580800000}},{"type":"Feature","id":160385,"geometry":{"type":"Polygon","coordinates":[[[114.17538612849863,22.32750592596118],[114.17529519893012,22.327547041019578],[114.1752872863197,22.327550618772065],[114.17526168947923,22.327501618930974],[114.17538612849863,22.32750592596118]]]},"properties":{"OBJECTID":160385,"Shape__Length":30.183875946444349,"Shape__Area":34.152099122992254,"GeoRefNo":"3610620943","DateCreate":1114790400000,"BuildingBlockType":"Tower","BuildingCSUID":"3610620943T20050430","BuildingID":1108229350,"Status":"Active","BuildingNameEN":"KOWLOON TONG SCHOOL","BuildingNameTC":"九龍塘學校","BaseHeight":8.5,"TopHeight":11.1,"Storeys":null,"StoreysInBasement":null,"DateStamp":1361808000000}},{"type":"Feature","id":160394,"geometry":{"type":"Polygon","coordinates":[[[114.17788847142128,22.327350712597106],[114.17788273575596,22.327533755198225],[114.17785741364868,22.327533871222982],[114.17785678948702,22.327556078520175],[114.17781278432901,22.327554910596213],[114.17779115108392,22.327554336380604],[114.17779150550884,22.327531742666519],[114.1777757281221,22.327531383161347],[114.17778044053119,22.327371478375262],[114.17779722844588,22.327371856567272],[114.1777980169373,22.327348163376261],[114.17788847142128,22.327350712597106]]]},"properties":{"OBJECTID":160394,"Shape__Length":67.631573822114149,"Shape__Area":236.97428985083556,"GeoRefNo":"3636620935","DateCreate":1174579200000,"BuildingBlockType":"Tower","BuildingCSUID":"3636620935T20070323","BuildingID":1108229346,"Status":"Active","BuildingNameEN":null,"BuildingNameTC":null,"BaseHeight":10.800000000000001,"TopHeight":22.399999999999999,"Storeys":3,"StoreysInBasement":null,"DateStamp":1599580800000}},{"type":"Feature","id":160403,"geometry":{"type":"Polygon","coordinates":[[[114.18105839473871,22.327564896567871],[114.1810275572075,22.327562623016274],[114.18102955191384,22.32752091683135],[114.18105675226592,22.327521999523835],[114.18105839473871,22.327564896567871]]]},"properties":{"OBJECTID":160403,"Shape__Length":15.367887497430294,"Shape__Area":14.007578305987201,"GeoRefNo":"3669820946","DateCreate":1114790400000,"BuildingBlockType":"Tower","BuildingCSUID":"3669820946T20050430","BuildingID":1108229338,"Status":"Active","BuildingNameEN":null,"BuildingNameTC":null,"BaseHeight":12.9,"TopHeight":16.199999999999999,"Storeys":null,"StoreysInBasement":null,"DateStamp":1361808000000}},{"type":"Feature","id":160511,"geometry":{"type":"Polygon","coordinates":[[[114.17684146187709,22.331488629845236],[114.17708408811475,22.331480253422818],[114.17708353683794,22.331465056942466],[114.17712473833298,22.331463634466207],[114.17712993614637,22.331606932528668],[114.17684609349304,22.331616731977292],[114.17684146187709,22.331488629845236]]]},"properties":{"OBJECTID":160511,"Shape__Length":90.276173820942262,"Shape__Area":422.46137146382631,"GeoRefNo":"3627921388","DateCreate":1270742400000,"BuildingBlockType":"Tower","BuildingCSUID":"3627921388T20100409","BuildingID":1109609272,"Status":"Active","BuildingNameEN":"York International Kindergarten","BuildingNameTC":"約克國際幼稚園","BaseHeight":14.199999999999999,"TopHeight":26.199999999999999,"Storeys":3,"StoreysInBasement":null,"DateStamp":1599580800000}},{"type":"Feature","id":160618,"geometry":{"type":"Polygon","coordinates":[[[114.18067603344107,22.326868219333516],[114.18073317034735,22.326870666430892],[114.18073620387742,22.326820486099496],[114.18067862204585,22.326818019868909],[114.18068181960035,22.326756013168836],[114.18079528649784,22.326760078260996],[114.18078726677892,22.326934463591684],[114.18067283326211,22.326930277145834],[114.18067603344107,22.326868219333516]]]},"properties":{"OBJECTID":160618,"Shape__Length":73.975997132492836,"Shape__Area":194.09731015440255,"GeoRefNo":"3666820869","DateCreate":1114790400000,"BuildingBlockType":"Tower","BuildingCSUID":"3666820869T20050430","BuildingID":1108229728,"Status":"Active","BuildingNameEN":"Moonlit Mansion","BuildingNameTC":"團圓閣","BaseHeight":12.9,"TopHeight":41.299999999999997,"Storeys":10,"StoreysInBasement":null,"DateStamp":1599580800000}},{"type":"Feature","id":160621,"geometry":{"type":"Polygon","coordinates":[[[114.17980708061806,22.32695051718439],[114.17964663004217,22.326943433659871],[114.17964717429568,22.326934290362594],[114.17965094816643,22.32687088998334],[114.17967637782658,22.326872207643262],[114.17968963176656,22.32661143839346],[114.17975546448305,22.326614100429271],[114.17975459607733,22.326634266196002],[114.17981007228799,22.326636640771934],[114.17980822522125,22.326672162527213],[114.17978395668976,22.326671105128277],[114.17978275885851,22.326696283689216],[114.17978167832631,22.326718997710593],[114.1797967133959,22.326720457501398],[114.17979590342884,22.326731455144859],[114.17980514952362,22.326731311660041],[114.17980327955638,22.326767271489036],[114.17974538558012,22.326763719456178],[114.17974454925734,22.326781806290636],[114.17974366917782,22.326800842240459],[114.17980142103718,22.326803012235601],[114.17979911008781,22.326847454592233],[114.17977568705808,22.326846406116879],[114.17977507545382,22.326864968949423],[114.17981230626454,22.32686655331737],[114.17981176764143,22.326875207699228],[114.17981106454944,22.326886505426987],[114.17980708061806,22.32695051718439]]]},"properties":{"OBJECTID":160621,"Shape__Length":128.93793078813616,"Shape__Area":440.44356149616544,"GeoRefNo":"3656020862","DateCreate":1114790400000,"BuildingBlockType":"Tower","BuildingCSUID":"3656020862T20050430","BuildingID":1108229715,"Status":"Active","BuildingNameEN":"OVERSEAS COURT","BuildingNameTC":"僑園","BaseHeight":11.699999999999999,"TopHeight":24.5,"Storeys":4,"StoreysInBasement":null,"DateStamp":1599580800000}},{"type":"Feature","id":160633,"geometry":{"type":"Polygon","coordinates":[[[114.1738403760927,22.327392181839539],[114.17385060184738,22.327413565009564],[114.17387932945719,22.327400204603233],[114.1739558582736,22.327548310379935],[114.1739301069003,22.32755962452222],[114.17397617307759,22.327648397077528],[114.17396206295403,22.327654046994727],[114.17394644588842,22.327626671040104],[114.17391599174152,22.327639792026112],[114.17379827898269,22.327411196400277],[114.1738403760927,22.327392181839539]]]},"properties":{"OBJECTID":160633,"Shape__Length":79.309187018373962,"Shape__Area":202.60398148234569,"GeoRefNo":"3595920939","DateCreate":1114790400000,"BuildingBlockType":"Tower","BuildingCSUID":"3595920939T20050430","BuildingID":1108229272,"Status":"Active","BuildingNameEN":"FA HUI PARK","BuildingNameTC":"花墟公園","BaseHeight":7.5999999999999996,"TopHeight":10.9,"Storeys":1,"StoreysInBasement":null,"DateStamp":1783612800000}},{"type":"Feature","id":160722,"geometry":{"type":"Polygon","coordinates":[[[114.17884859167566,22.336200975669605],[114.17887751138922,22.336203310252703],[114.17887469579024,22.336233496613364],[114.17884605000611,22.336231184151263],[114.17884859167566,22.336200975669605]]]},"properties":{"OBJECTID":160722,"Shape__Length":12.663121634027755,"Shape__Area":9.9860680449385519,"GeoRefNo":"3647321906","DateCreate":1474473600000,"BuildingBlockType":"Tower","BuildingCSUID":"3647321906T20160922","BuildingID":1810154552,"Status":"Active","BuildingNameEN":null,"BuildingNameTC":null,"BaseHeight":19.699999999999999,"TopHeight":30.800000000000001,"Storeys":null,"StoreysInBasement":null,"DateStamp":1474473600000}},{"type":"Feature","id":160724,"geometry":{"type":"Polygon","coordinates":[[[114.17916479054595,22.33628503606138],[114.17916988174704,22.336314252519273],[114.17914017739284,22.336318732381677],[114.17913508619776,22.336289515922871],[114.17916479054595,22.33628503606138]]]},"properties":{"OBJECTID":160724,"Shape__Length":12.755041393873267,"Shape__Area":10.160314531730082,"GeoRefNo":"3650321916","DateCreate":1474473600000,"BuildingBlockType":"Tower","BuildingCSUID":"3650321916T20160922","BuildingID":1810154553,"Status":"Active","BuildingNameEN":null,"BuildingNameTC":null,"BaseHeight":20,"TopHeight":30.5,"Storeys":null,"StoreysInBasement":null,"DateStamp":1474473600000}},{"type":"Feature","id":160850,"geometry":{"type":"Polygon","coordinates":[[[114.18139361422608,22.326910664796568],[114.18139210398854,22.326955295711379],[114.18125279682914,22.326949696544421],[114.18125308643036,22.326905298924206],[114.18124395746744,22.326904950321456],[114.18124686423376,22.326835973812379],[114.18128062022595,22.326837447945191],[114.18127977899593,22.326856788594132],[114.18129238453534,22.32685738535001],[114.1812932278005,22.326837998554677],[114.18129408192873,22.326818361521422],[114.18136064909046,22.326821716704995],[114.18135934768165,22.326840886056988],[114.18135801658477,22.326860492309567],[114.18137322142837,22.326861212163742],[114.18137433198974,22.326841540445482],[114.18140959103576,22.326843080251983],[114.18140595031456,22.326911135755132],[114.18139361422608,22.326910664796568]]]},"properties":{"OBJECTID":160850,"Shape__Length":71.436036953006905,"Shape__Area":206.81060104991406,"GeoRefNo":"3672620874","DateCreate":1114790400000,"BuildingBlockType":"Tower","BuildingCSUID":"3672620874T20050430","BuildingID":1108229711,"Status":"Active","BuildingNameEN":"Bellevue Heights","BuildingNameTC":"碧林閣","BaseHeight":13.300000000000001,"TopHeight":41.5,"Storeys":10,"StoreysInBasement":null,"DateStamp":1599580800000}},{"type":"Feature","id":160855,"geometry":{"type":"Polygon","coordinates":[[[114.17957581919053,22.326940307401934],[114.17942962321246,22.326933852942734],[114.17943180756792,22.32688710716225],[114.17944198520858,22.326887164613765],[114.17944319234239,22.326852560381461],[114.17945946924478,22.326852651869068],[114.17946039760123,22.326823088694852],[114.1794348487611,22.326822022865997],[114.17943646570366,22.326787417994726],[114.17949488828357,22.32679027585775],[114.17949735193454,22.326752011236426],[114.17943826408442,22.326748931593791],[114.17943988112238,22.326714326722186],[114.17946503197304,22.326715155684465],[114.17946812614652,22.326655348589103],[114.17945333337369,22.32665457788794],[114.17945478724116,22.326619975005176],[114.17950508736043,22.326621862117495],[114.17950592512418,22.326606509564865],[114.1795697908011,22.32660824372547],[114.17955729553098,22.326866037464988],[114.17957901158134,22.326867162670531],[114.1795761804012,22.326932031857009],[114.17957581919053,22.326940307401934]]]},"properties":{"OBJECTID":160855,"Shape__Length":123.74753810522301,"Shape__Area":417.17314296671327,"GeoRefNo":"3654020861","DateCreate":1114790400000,"BuildingBlockType":"Tower","BuildingCSUID":"3654020861T20050430","BuildingID":1108229724,"Status":"Active","BuildingNameEN":"OVERSEAS COURT","BuildingNameTC":"僑園","BaseHeight":11.5,"TopHeight":24.600000000000001,"Storeys":4,"StoreysInBasement":null,"DateStamp":1599580800000}},{"type":"Feature","id":160861,"geometry":{"type":"Polygon","coordinates":[[[114.17289812299978,22.327010429466185],[114.17289962749567,22.326896483554656],[114.17300799571939,22.3268982622821],[114.17300649754861,22.327011291138767],[114.17289812299978,22.327010429466185]]]},"properties":{"OBJECTID":160861,"Shape__Length":47.467723221053447,"Shape__Area":140.33112054454489,"GeoRefNo":"3586320879","DateCreate":1114790400000,"BuildingBlockType":"Tower","BuildingCSUID":"3586320879T20050430","BuildingID":1108229687,"Status":"Active","BuildingNameEN":"FA HUI PARK","BuildingNameTC":"花墟公園","BaseHeight":7.2000000000000002,"TopHeight":13.800000000000001,"Storeys":null,"StoreysInBasement":null,"DateStamp":1361808000000}},{"type":"Feature","id":160864,"geometry":{"type":"Polygon","coordinates":[[[114.18113130268883,22.326917048916435],[114.18109949049918,22.326915531173949],[114.18110017021762,22.326901886211324],[114.1810661897981,22.326900420987098],[114.18102385480059,22.326898595561378],[114.18101311747741,22.326898371789937],[114.18101614526715,22.326838060038977],[114.18108436126029,22.326841030680729],[114.18108619272479,22.326797716148281],[114.18115364702093,22.326800319506958],[114.18115245563391,22.326843996059274],[114.18122223350042,22.326846879275596],[114.18121924044578,22.326907016287553],[114.18116621548076,22.326904732343991],[114.18113198890308,22.326903258199859],[114.18113130268883,22.326917048916435]]]},"properties":{"OBJECTID":160864,"Shape__Length":68.476234305623777,"Shape__Area":180.19071531056707,"GeoRefNo":"3670520868","DateCreate":1114790400000,"BuildingBlockType":"Tower","BuildingCSUID":"3670520868T20050430","BuildingID":1108229740,"Status":"Active","BuildingNameEN":"Cheerbond Court","BuildingNameTC":"昌邦閣","BaseHeight":13,"TopHeight":45.200000000000003,"Storeys":12,"StoreysInBasement":null,"DateStamp":1599580800000}},{"type":"Feature","id":160871,"geometry":{"type":"Polygon","coordinates":[[[114.17657434263833,22.32761050176881],[114.17656634634986,22.327633585015754],[114.1765592367895,22.327636866809019],[114.17653740453059,22.327646944813882],[114.17653511990068,22.327647782757737],[114.17653266831974,22.32764792236609],[114.17653029060708,22.327647349822605],[114.17652822039901,22.327646121388231],[114.17652584133407,22.327642524772561],[114.17652197193593,22.327634993076476],[114.17657434263833,22.32761050176881]]]},"properties":{"OBJECTID":160871,"Shape__Length":14.456862737768013,"Shape__Area":9.597407944029607,"GeoRefNo":"3623520955","DateCreate":1114790400000,"BuildingBlockType":"Tower","BuildingCSUID":"3623520955T20050430","BuildingID":1108229280,"Status":"Active","BuildingNameEN":null,"BuildingNameTC":null,"BaseHeight":9.5,"TopHeight":12.699999999999999,"Storeys":null,"StoreysInBasement":null,"DateStamp":1361808000000}},{"type":"Feature","id":160872,"geometry":{"type":"Polygon","coordinates":[[[114.18050539209793,22.327536441488157],[114.18039172605077,22.327531130338269],[114.18039389651575,22.327458021289424],[114.1804787027326,22.327461984010696],[114.18048049079613,22.327418141109785],[114.18056801055097,22.327422248573868],[114.18056648692038,22.327466085780344],[114.18065572029961,22.327470255287952],[114.18065207059644,22.327543295200808],[114.18053718442563,22.327537927018088],[114.18053828416791,22.327519267455457],[114.18050623441934,22.327517480490641],[114.18050539209793,22.327536441488157]]]},"properties":{"OBJECTID":160872,"Shape__Length":83.946191387852721,"Shape__Area":255.10641402073404,"GeoRefNo":"3665320943","DateCreate":1114790400000,"BuildingBlockType":"Tower","BuildingCSUID":"3665320943T20050430","BuildingID":1108229352,"Status":"Active","BuildingNameEN":"Kent Court Block 3","BuildingNameTC":"根德閣第三座","BaseHeight":12.9,"TopHeight":44.899999999999999,"Storeys":12,"StoreysInBasement":null,"DateStamp":1599580800000}},{"type":"Feature","id":160873,"geometry":{"type":"Polygon","coordinates":[[[114.17600867581079,22.327486730205369],[114.1759983164534,22.32744862406177],[114.17602523947936,22.327442358235707],[114.17603485901208,22.327480460219917],[114.17600867581079,22.327486730205369]]]},"properties":{"OBJECTID":160873,"Shape__Length":14.331169257762937,"Shape__Area":12.256994475760033,"GeoRefNo":"3617920938","DateCreate":1114790400000,"BuildingBlockType":"Tower","BuildingCSUID":"3617920938T20050430","BuildingID":1108229394,"Status":"Active","BuildingNameEN":null,"BuildingNameTC":null,"BaseHeight":9.0999999999999996,"TopHeight":10.800000000000001,"Storeys":null,"StoreysInBasement":null,"DateStamp":1361808000000}},{"type":"Feature","id":160876,"geometry":{"type":"Polygon","coordinates":[[[114.17822329147178,22.327398935470676],[114.17822108718185,22.327365938181313],[114.17828035264058,22.327363242754778],[114.17828238157544,22.327398934952257],[114.178283452497,22.327417774640605],[114.17822474436598,22.327420683907732],[114.17822329147178,22.327398935470676]]]},"properties":{"OBJECTID":160876,"Shape__Length":24.290888520592713,"Shape__Area":36.876572620559244,"GeoRefNo":"3641020929","DateCreate":1114790400000,"BuildingBlockType":"Tower","BuildingCSUID":"3641020929T20050430","BuildingID":1108229432,"Status":"Active","BuildingNameEN":"CHRISTIAN YOUTH CENTRE KINDERGARTEN","BuildingNameTC":"基督教中心幼稚園","BaseHeight":11.1,"TopHeight":14.199999999999999,"Storeys":null,"StoreysInBasement":null,"DateStamp":1361808000000}},{"type":"Feature","id":161480,"geometry":{"type":"Polygon","coordinates":[[[114.17927695781982,22.333359585106777],[114.17926019434644,22.333360414456351],[114.17925862909593,22.333337558445624],[114.17927639781554,22.333336669840445],[114.17930392519781,22.333335327839961],[114.17930488296901,22.33335116637722],[114.17930530670394,22.333358214918245],[114.17927695781982,22.333359585106777]]]},"properties":{"OBJECTID":161480,"Shape__Length":14.401194381235007,"Shape__Area":11.83230340072468,"GeoRefNo":"3651621588","DateCreate":1114790400000,"BuildingBlockType":"Tower","BuildingCSUID":"3651621588T20050430","BuildingID":1108225299,"Status":"Active","BuildingNameEN":"CASA PINO","BuildingNameTC":"CASA PINO","BaseHeight":14.6,"TopHeight":16.399999999999999,"Storeys":null,"StoreysInBasement":null,"DateStamp":1529942400000}},{"type":"Feature","id":162398,"geometry":{"type":"Polygon","coordinates":[[[114.18130211783308,22.340668053802744],[114.18130975793341,22.340675806698044],[114.18130928947737,22.340685711260456],[114.18130170594435,22.340692349661872],[114.18129060372712,22.340692041212588],[114.18128338164767,22.340684863461949],[114.18128374894563,22.340674695841845],[114.18129165203831,22.340667769086352],[114.18130211783308,22.340668053802744]]]},"properties":{"OBJECTID":162398,"Shape__Length":8.8917667079797269,"Shape__Area":5.9639234625336126,"GeoRefNo":"3672422400","DateCreate":1114790400000,"BuildingBlockType":"Tower","BuildingCSUID":"3672422400T20050430","BuildingID":1108221886,"Status":"Active","BuildingNameEN":"BOLAND COURT PHASE I","BuildingNameTC":"寶能閣1期","BaseHeight":60.5,"TopHeight":63.100000000000001,"Storeys":null,"StoreysInBasement":null,"DateStamp":1527004800000}},{"type":"Feature","id":163401,"geometry":{"type":"Polygon","coordinates":[[[114.17535483107625,22.342517945116995],[114.1753162142451,22.342529377460441],[114.17531439898701,22.342524076499561],[114.17532635875217,22.342520328925097],[114.17532075764913,22.342505103333959],[114.17531047734519,22.342504164058596],[114.17531033171767,22.342505455428576],[114.17529087775738,22.342504976624575],[114.17529183890623,22.342495900912059],[114.17527203548977,22.342494085578284],[114.1752741907957,22.342473730696877],[114.17525596000658,22.342472059865337],[114.17525818327476,22.342451054783801],[114.17521997434359,22.342447550547465],[114.17521359655777,22.342440316998232],[114.17519933622079,22.342434022548677],[114.17519655978897,22.342439928512693],[114.17518691051733,22.342436000117566],[114.17517134890217,22.342469096993714],[114.17515334145651,22.342461773016829],[114.17515275898781,22.34246301019872],[114.17511051187728,22.342445815552274],[114.17511605504025,22.342434030718692],[114.17509248519698,22.34242444000321],[114.175112502706,22.342382348735168],[114.17509612613166,22.342376054253982],[114.17514467486711,22.342273458472356],[114.17504257138332,22.342230842121449],[114.17511223455368,22.342083951637346],[114.17514910363488,22.342096441301745],[114.17516366531235,22.342065466599699],[114.17515921928198,22.342063651409436],[114.1751708006652,22.342039043227214],[114.17517524669503,22.342040849386589],[114.17517718825096,22.342036713405694],[114.1752203283356,22.342054269267255],[114.17521682382927,22.342061710421461],[114.17523260821096,22.342068140343361],[114.17522191024362,22.34209088824144],[114.17521768748394,22.342089172391244],[114.17520796029054,22.342109852297661],[114.17523419965023,22.342120526691346],[114.17522796725751,22.342133765444252],[114.17524911989422,22.342142371784728],[114.17527489339332,22.342144738043576],[114.17527529144445,22.342140963269472],[114.17526438017798,22.342139960771107],[114.17526769079876,22.34210868794186],[114.17527860206282,22.342109690440012],[114.17527953408376,22.342100921766196],[114.17528484410255,22.342101409467723],[114.17528821296874,22.342069621896016],[114.17530608452743,22.342071256598334],[114.17530635636659,22.342068673858087],[114.17535804895348,22.342073415385403],[114.17535290344664,22.342121945617713],[114.17536497961625,22.342123047456923],[114.17535967877279,22.342173149006783],[114.1753476025989,22.342172047167168],[114.1753444570399,22.342201703527451],[114.17536860939281,22.342203916236798],[114.17536785212957,22.342211059410154],[114.17538070491003,22.342212233499758],[114.17537746227178,22.342242838069417],[114.17536460948858,22.342241663979536],[114.17535430875357,22.342338950206234],[114.1753663849419,22.342340052045341],[114.17536107438315,22.342390153593808],[114.17534899819059,22.342389051754335],[114.17534586233457,22.342418708113932],[114.17537001472486,22.342420920823045],[114.17536925746055,22.342428063996184],[114.17538211026088,22.342429238085664],[114.17537886761794,22.342459842654513],[114.17536601481483,22.342458668564813],[114.17536071395902,22.34250877011263],[114.17535546216985,22.342508291444702],[114.17535483107625,22.342517945116995]]]},"properties":{"OBJECTID":163401,"Shape__Length":211.39196438457148,"Shape__Area":1173.8316339925343,"GeoRefNo":"3609822577","DateCreate":1142006400000,"BuildingBlockType":"Podium","BuildingCSUID":"3609822577P20060311","BuildingID":1108245220,"Status":"Active","BuildingNameEN":null,"BuildingNameTC":null,"BaseHeight":65.200000000000003,"TopHeight":73.5,"Storeys":3,"StoreysInBasement":null,"DateStamp":1599580800000}},{"type":"Feature","id":163406,"geometry":{"type":"Polygon","coordinates":[[[114.1841475721109,22.327709302025955],[114.18414848328443,22.327685497362175],[114.18414954955783,22.327657773417286],[114.18414598360488,22.327587714297412],[114.1841590582648,22.32758689192358],[114.18417247265283,22.327586060502711],[114.18417223946493,22.327581644557025],[114.18417152047262,22.327568098711552],[114.18417109295947,22.327559962173478],[114.18416901371383,22.327520814679914],[114.18437115177811,22.327512732059549],[114.18439093364383,22.327511945477202],[114.18439404349009,22.327581634359607],[114.18439556926775,22.327615977604427],[114.18436415904944,22.327618507631158],[114.1843657522703,22.327643621614822],[114.18436558733237,22.327644985240862],[114.18436533503508,22.327646339840374],[114.18436499537847,22.327647685413375],[114.18436457806808,22.327649003898209],[114.18436409281044,22.327650295294472],[114.18436352019299,22.327651568633616],[114.18436286992124,22.327652805854004],[114.18436215170178,22.327654006955225],[114.18436136553413,22.327655162906662],[114.18436050171216,22.32765628273938],[114.18436003582684,22.327656815565529],[114.18435908464215,22.327657863157615],[114.18435806550923,22.327658865599894],[114.18435754138223,22.327659353275838],[114.18435698813414,22.32765981386137],[114.18435586222296,22.327660698911014],[114.18435407628493,22.327661918122928],[114.18435217386015,22.327662983820268],[114.18435019377576,22.327663914062398],[114.18434742746449,22.327664898524517],[114.18434456407181,22.327665584981752],[114.18434309839675,22.327665819844906],[114.18425621528702,22.327668370473251],[114.18425398136453,22.327641567798469],[114.18421871756016,22.327642544712766],[114.18422223468892,22.327706354667825],[114.18422226383328,22.327706824256921],[114.1841475721109,22.327709302025955]]]},"properties":{"OBJECTID":163406,"Shape__Length":97.94374259037329,"Shape__Area":409.78174850928013,"GeoRefNo":"3702920951","DateCreate":1142006400000,"BuildingBlockType":"Podium","BuildingCSUID":"3702920951P20060311","BuildingID":1108245831,"Status":"Active","BuildingNameEN":"WAI YICK BUILDING","BuildingNameTC":"偉益大廈","BaseHeight":12.1,"TopHeight":16.399999999999999,"Storeys":1,"StoreysInBasement":1,"DateStamp":1599580800000}},{"type":"Feature","id":163833,"geometry":{"type":"Polygon","coordinates":[[[114.1751064438332,22.341703593019751],[114.17509666045588,22.341558534872981],[114.17511062948168,22.341564215250418],[114.17510508635253,22.341576009115638],[114.17514733320044,22.341593194734752],[114.17514791566558,22.341591957552733],[114.17516592299921,22.341599281530986],[114.17516799062952,22.341605034025196],[114.1751564092817,22.341629642208531],[114.17516086500576,22.341631457399075],[114.17514354636978,22.341668274852438],[114.17513865380901,22.341666279045455],[114.17513554732588,22.341672898420594],[114.17512380129695,22.341668121125807],[114.1751064438332,22.341703593019751]]]},"properties":{"OBJECTID":163833,"Shape__Length":41.598607061623156,"Shape__Area":59.307467496954629,"GeoRefNo":"3608722505","DateCreate":1142006400000,"BuildingBlockType":"Podium","BuildingCSUID":"3608722505P20060311","BuildingID":1108245231,"Status":"Active","BuildingNameEN":null,"BuildingNameTC":null,"BaseHeight":60.799999999999997,"TopHeight":62.399999999999999,"Storeys":3,"StoreysInBasement":null,"DateStamp":1599580800000}},{"type":"Feature","id":164024,"geometry":{"type":"Polygon","coordinates":[[[114.17589747978029,22.341717732353693],[114.17594634716916,22.341754505107772],[114.17594775475455,22.341755200469315],[114.17594859930561,22.341755642971847],[114.17594944385671,22.341756085474355],[114.17595027870011,22.341756555068528],[114.17595110383598,22.341757024662627],[114.17595192897187,22.341757503287319],[114.17595273469254,22.341757999973019],[114.1759535404132,22.341758505689274],[114.17595433642629,22.341759020436065],[114.17595513243933,22.341759544213414],[114.17595590903728,22.341760077021213],[114.17595668563511,22.341760627890153],[114.17595745252547,22.341761178759064],[114.17595820970816,22.341761747689016],[114.1759589571834,22.34176231661894],[114.17595969495096,22.341762903609933],[114.1759604327185,22.341763499631497],[114.17596115107101,22.341764095652945],[114.1759618694234,22.341764709735546],[114.1759625683607,22.341765332848599],[114.17596326729797,22.341765964992216],[114.17596394682018,22.341766606166313],[114.17596462634231,22.341767256370947],[114.17596528644941,22.341767906575491],[114.17596594655643,22.34176857484119],[114.17596658724831,22.341769252137333],[114.17596722794025,22.341769929433461],[114.17596784921705,22.341770624790652],[114.17596847049384,22.341771320147817],[114.17596907235549,22.341772033566031],[114.17596966450964,22.34177274698418],[114.17597024695623,22.341773469432841],[114.17597081969519,22.341774200912024],[114.17597138272673,22.341774932391164],[114.17597194575822,22.341775663870294],[114.17597251849726,22.341776395349456],[114.17597310094386,22.341777117798117],[114.17597368339042,22.341777849277346],[114.17597426583708,22.341778562695428],[114.17597485799124,22.341779285144113],[114.17597545014544,22.341779998562259],[114.17597605200721,22.341780702949862],[114.17597665386901,22.341781407337489],[114.17597726543832,22.341782111725127],[114.17597787700764,22.341782816112786],[114.17597849828455,22.34178351146992],[114.17597911956143,22.341784206827057],[114.1759797408384,22.341784893153623],[114.17598038153041,22.34178557948027],[114.17598101251491,22.341786265806871],[114.17598165320696,22.34178694310296],[114.17598229389905,22.341787620399035],[114.17598294429874,22.341788288664599],[114.17598359469838,22.341788956930152],[114.17598425480557,22.341789625195752],[114.17598491491282,22.34179028443079],[114.1759855847276,22.341790943665863],[114.17598625454245,22.341791593870379],[114.17598692435726,22.341792244074881],[114.17598760387965,22.34179289427945],[114.17598828340206,22.341793535453405],[114.17598897263207,22.341794167596866],[114.17598966186203,22.341794808770906],[114.17599036079956,22.341795440914414],[114.17599105002964,22.341796064027292],[114.17599175867477,22.341796687140263],[114.17599246731989,22.341797310253241],[114.17599317596508,22.341797924335651],[114.17599388461028,22.34179853841805],[114.17599460296303,22.341799143469917],[114.17599533102334,22.341799748521844],[114.17599604937618,22.341800344543135],[114.17599678714407,22.341800940564532],[114.17599751520443,22.341801536585876],[114.17599825297238,22.341802123576702],[114.1759989907404,22.341802701536945],[114.17599973821592,22.341803279497224],[114.17600048569147,22.341803857457542],[114.17600124287458,22.341804426387291],[114.17600200005771,22.341804995317062],[114.17600275724088,22.341805555216251],[114.1760035144241,22.341806115115439],[114.1760042813148,22.34180667501467],[114.1760050579131,22.341807225883372],[114.17600582480394,22.34180776772147],[114.17600660140229,22.341808309559589],[114.17600738770822,22.341808842367193],[114.17600816430665,22.341809375174751],[114.1760089506126,22.341809907982363],[114.17600974662614,22.341810431759441],[114.17601054263966,22.341810955536506],[114.17601133865325,22.341811470283009],[114.17601213466692,22.341811975998933],[114.17601294038809,22.3418124817149],[114.17601374610926,22.341812987430874],[114.17601456153804,22.341813484116308],[114.17601536725928,22.341813980801689],[114.1760161826881,22.341814468456558],[114.17601700782451,22.341814947080906],[114.17601783296092,22.341815425705235],[114.17601865809732,22.341815904329565],[114.1760194832338,22.341816373923319],[114.17602031807782,22.341816843517115],[114.17602115292188,22.341817304080354],[114.17602198776598,22.341817755612997],[114.1760228323176,22.341818207145703],[114.17602366716172,22.341818658678349],[114.17602452142096,22.341819101180512],[114.17602536597272,22.341819534652057],[114.176026220232,22.341819968123659],[114.1760270744913,22.341820401595239],[114.17602792875064,22.34182082603623],[114.17602879271756,22.34182124144672],[114.17602965668451,22.341821656857206],[114.17603052065148,22.341822063237107],[114.17603138461845,22.341822469616993],[114.17603225829299,22.34182287599695],[114.17603313196763,22.341823264315757],[114.17603400564222,22.341823652634556],[114.17603487931687,22.341824040953334],[114.17603576269907,22.341824420241601],[114.17601651231877,22.341887579949184],[114.17602009438357,22.341889629906444],[114.17610014239574,22.341935469458296],[114.17609965701452,22.34193639057418],[114.17605058494313,22.342029034956397],[114.17605167217521,22.342031157145414],[114.17605271086958,22.342033288364789],[114.17605372044129,22.342035437645141],[114.17605468147522,22.342037614016959],[114.17605561338657,22.342039790388633],[114.1760564967601,22.34204199385178],[114.17605734130348,22.3420442063453],[114.1760581373091,22.342046436899722],[114.17605890419195,22.342048703576282],[114.17605941868246,22.342050320050642],[114.17605990405036,22.342051936524854],[114.17606035058809,22.342053562029466],[114.1760607777107,22.342055196564548],[114.17606116600312,22.342056840130013],[114.1760615251729,22.34205849272589],[114.17606185522008,22.342060145321646],[114.17606214643713,22.342061797917218],[114.176062418239,22.342063468573826],[114.17606265121076,22.342065130199686],[114.17606285505988,22.342066800855982],[114.17606302978635,22.342068480542679],[114.17606316568272,22.342070151198648],[114.17606328216397,22.342071830885086],[114.17606335981506,22.342073510571346],[114.176063398636,22.342075190257425],[114.17606341804188,22.342076869943391],[114.17606339861572,22.34207889279082],[114.17606335977908,22.342080075795224],[114.17606330152738,22.342081258799528],[114.17606321415303,22.342082441803679],[114.17606310736363,22.342083624807753],[114.17606298115916,22.342084807811723],[114.17606283553964,22.342085981785051],[114.17606267050505,22.342087155758261],[114.17606247634784,22.342088329731347],[114.1760622627756,22.342089494673775],[114.17606202008069,22.342090659616055],[114.17606176767832,22.342091824558295],[114.17606148615333,22.342092980469818],[114.17606118521326,22.342094136381249],[114.17606086485817,22.342095283262019],[114.17606051538048,22.342096421112092],[114.17606014648774,22.342097558962067],[114.17605976788748,22.342098687781412],[114.17605935045712,22.342099807570005],[114.1760589233192,22.342100927358558],[114.17605847676626,22.342102038116455],[114.17605800109075,22.342103139843623],[114.1760575157077,22.342104232540191],[114.17605700120212,22.342105316206034],[114.17605646728144,22.342106399871792],[114.17605591394575,22.342107465476317],[114.17605501113538,22.342109118066166],[114.17605464224545,22.342109732143097],[114.17605425394041,22.34211034621995],[114.17605385592792,22.342110951266186],[114.17605344820787,22.342111556312368],[114.17605302107282,22.342112143297324],[114.17605259393778,22.342112730282256],[114.17605214738771,22.342113308236538],[114.17605170083769,22.342113877160262],[114.17605123487257,22.342114446083865],[114.1760507592,22.342114996946307],[114.17605027381992,22.342115547808682],[114.17604977873232,22.342116089640449],[114.17604927393722,22.342116622441601],[114.17604875943465,22.342117146212139],[114.17604823522457,22.342117660952049],[114.176047701307,22.342118166661344],[114.17604715768192,22.342118663340013],[114.17604660434937,22.342119150988061],[114.17604604130932,22.342119629605509],[114.1760454782693,22.342120099192382],[114.1760448958142,22.342120568779155],[114.17604430365168,22.342121020304745],[114.17604371148919,22.342121462799764],[114.1760431096192,22.34212189626415],[114.17604249804178,22.342122311667364],[114.1760418767568,22.342122727070514],[114.17604124576434,22.34212313344306],[114.17604018763873,22.3421237746083],[114.17603954693891,22.342124144858513],[114.17603888682402,22.342124515108619],[114.17603822670921,22.342124867297589],[114.17603755688693,22.342125210455922],[114.17603688706467,22.342125544583713],[114.17603620753499,22.342125860650306],[114.17603551829775,22.342126176716832],[114.17603482906061,22.342126474722242],[114.17603413011599,22.342126763697003],[114.17603343117149,22.342127034610652],[114.17603272251938,22.342127305524215],[114.17603201386743,22.342127558376667],[114.17603129550798,22.34212780219849],[114.17603056744106,22.342128027959124],[114.17602984908174,22.342128244689235],[114.17602911130741,22.342128452388678],[114.17602838324066,22.342128651057592],[114.17602764546645,22.342128831665303],[114.17602690769232,22.342129003242452],[114.17602616021072,22.342129156758418],[114.17602541272915,22.342129310274377],[114.17602466524771,22.34212943669862],[114.17602391776629,22.342129563122867],[114.1760231605774,22.342129671485928],[114.17602240338859,22.342129770818413],[114.17602164619981,22.342129861120323],[114.17602088901114,22.342129933361072],[114.17602013182257,22.342129987540709],[114.17601936492647,22.342130041720274],[114.17601860773802,22.342130077838767],[114.17601716131412,22.342130113953768],[114.17601587991861,22.342130113947334],[114.17601459852327,22.34213008684916],[114.17601331712797,22.342130050720396],[114.1760120260253,22.342129987499909],[114.17601075433782,22.342129906218332],[114.17600947294298,22.342129797845004],[114.17600819154815,22.342129680441108],[114.17600691986105,22.34212953594551],[114.17600564817411,22.342129364358222],[114.17600438619475,22.342129183740401],[114.17600311450803,22.342128976030811],[114.1760018622365,22.342128750260176],[114.17600060025759,22.342128497397752],[114.17599771712158,22.342127856212535],[114.17597115698175,22.342177758999025],[114.17595490653409,22.342180540327199],[114.17591649385186,22.342169206750452],[114.17592504638512,22.342140336068798],[114.17589257471472,22.342131549139978],[114.17578014220661,22.342099462836696],[114.17575843619304,22.342093601854902],[114.17576563938371,22.342067738352053],[114.17574813672843,22.342063268104134],[114.17574808825042,22.342055546967053],[114.17576772656346,22.342059935953898],[114.17576813428624,22.342059114174763],[114.17576854200901,22.342058292395631],[114.17576894973169,22.342057479647071],[114.17576934774694,22.342056657867875],[114.17576975546969,22.342055836088736],[114.17577015348499,22.342055005278972],[114.17577055150019,22.342054183499773],[114.17577093980786,22.342053361720499],[114.1757713281156,22.342052530910689],[114.1757717261308,22.342051709131482],[114.17577210473101,22.342050878321579],[114.17577249303871,22.342050047511734],[114.17577287163888,22.342049216701845],[114.17577325994662,22.342048385892003],[114.17577363854679,22.342047555082097],[114.17577400743941,22.342046724272127],[114.17577438603966,22.342045884431652],[114.17577475493228,22.342045053621675],[114.17577512382489,22.342044222811726],[114.17577548301006,22.342043382971113],[114.17577585190273,22.342042543130564],[114.17577621108785,22.342041703289958],[114.175776570273,22.342040863449334],[114.17577692945814,22.342040023608732],[114.17577727893573,22.342039183768073],[114.17577762841331,22.342038343927399],[114.1757779778909,22.342037504086711],[114.17577832736855,22.34203665521547],[114.17577867684609,22.342035815374796],[114.1757790166162,22.342034966503491],[114.17577935638624,22.342034126662753],[114.17577969615634,22.342033277791444],[114.1757800262189,22.342032428920053],[114.17578035628144,22.342031580048694],[114.17578068634401,22.342030731177314],[114.17578101640655,22.342029882305926],[114.17578134646907,22.342029033434564],[114.17578166682416,22.342028175532558],[114.17578198717914,22.342027326661096],[114.17578230753413,22.342026477789656],[114.17578261818166,22.3420256198876],[114.17578293853671,22.342024761985577],[114.17578324918415,22.342023913114055],[114.17578355012414,22.342023055211936],[114.17578386077165,22.342022197309849],[114.1757841617116,22.342021339407701],[114.17578446265156,22.342020481505564],[114.17578476359154,22.342019623603417],[114.17578506453155,22.342018756670715],[114.17578535576398,22.342017898768503],[114.17578564699639,22.342017040866288],[114.17578593822888,22.342016173933512],[114.17578621975376,22.342015316031251],[114.17578650127869,22.342014449098421],[114.17578678280363,22.342013582165567],[114.1757870643285,22.342012724263277],[114.17578734585344,22.342011857330458],[114.17578761767081,22.342010990397522],[114.17578788948821,22.342010123464636],[114.1757881613056,22.342009256531728],[114.17578842341545,22.342008389598764],[114.17578869523282,22.342007522665838],[114.17578895734273,22.342006646702323],[114.17578920974503,22.342005779769266],[114.17578947185494,22.342004903805748],[114.17578972425724,22.342004036872702],[114.17578997665962,22.342003160909108],[114.1757902290619,22.342002293976051],[114.17579047175673,22.342001418012398],[114.17579072415907,22.342000542048773],[114.17579096685391,22.341999666085112],[114.17579119984111,22.341998799151941],[114.17579144253594,22.341997923188281],[114.1757916755232,22.341997047224535],[114.17579190851048,22.341996171260806],[114.17579214149782,22.341995286266489],[114.17579236477758,22.341994410302707],[114.17579258805731,22.341993534338908],[114.17579281133703,22.341992658375123],[114.17579303461682,22.341991773380755],[114.17579324818901,22.341990897416885],[114.17579347146879,22.341990012422531],[114.17579368504099,22.341989136458665],[114.17579388890573,22.341988251464162],[114.17579410247797,22.341987366469741],[114.1757943063426,22.341986490505793],[114.17579451020731,22.341985605511319],[114.17579470436449,22.341984720516745],[114.17579490822919,22.34198383552226],[114.17579510238636,22.341982950527708],[114.17579529654355,22.341982065533138],[114.17579548099319,22.341981180538529],[114.17579567515034,22.341980295543955],[114.17579585959999,22.341979410549342],[114.1757960440496,22.341978525554726],[114.17579621879179,22.34197763152946],[114.17579639353386,22.341976746534787],[114.1757965779835,22.34197586154017],[114.17579674301811,22.34197496751484],[114.17579691776021,22.341974082520153],[114.17579708279482,22.341973188494855],[114.17579724782937,22.341972303500096],[114.17579741286397,22.341971409474787],[114.17579756819102,22.341970524479979],[114.17579773322564,22.341969630454653],[114.17579788855271,22.341968736429273],[114.17579803417225,22.341967842403839],[114.17579818949925,22.341966957409014],[114.17579833511883,22.341966063383577],[114.17579848073835,22.341965169358133],[114.17579862635789,22.34196427533271],[114.17579876226989,22.341963381307192],[114.1757988981819,22.341962487281688],[114.1757990340939,22.341961593256187],[114.1757991700059,22.341960699230665],[114.17579929621037,22.3419598052051],[114.17579942241485,22.341958911179535],[114.17579954861934,22.341958017153974],[114.17579967482386,22.341957114097834],[114.17579979132078,22.341956220072198],[114.17579990781772,22.341955326046573],[114.17580002431465,22.34195443202093],[114.17580014081166,22.341953528964741],[114.17580024760106,22.341952634939055],[114.17580035439052,22.341951731882787],[114.1758004611799,22.341950837857095],[114.17580055826178,22.341949943831338],[114.17580066505124,22.341949040775077],[114.17580076213312,22.341948146749321],[114.17580084950751,22.341947243692942],[114.17580094658936,22.341946349667186],[114.17580103396378,22.341945446610779],[114.17580112133815,22.341944543554398],[114.1758012087125,22.341943649528591],[114.17580128637937,22.341942746472125],[114.17580136404622,22.34194184341569],[114.17580144171303,22.341940949389805],[114.17580151937989,22.341940046333352],[114.17580158733922,22.341939143276843],[114.17580165529849,22.341938249250894],[114.17580172325782,22.341937346194381],[114.17580179121715,22.341936443137872],[114.17580184946895,22.341935540081305],[114.17580190772075,22.341934637024728],[114.17580196597251,22.341933742998719],[114.1758020242243,22.341932839942153],[114.17580207276855,22.341931936885523],[114.17580212131283,22.341931033828875],[114.17580216985711,22.341930130772244],[114.17580220869384,22.341929227715543],[114.1758022572381,22.34192832465892],[114.17580229607483,22.341927421602218],[114.17580232520407,22.341926518545453],[114.17580236404073,22.34192562451933],[114.17580239316995,22.341924721462568],[114.17580242229917,22.341923818405814],[114.17580244172083,22.341922915348988],[114.17580247085004,22.341922012292205],[114.17580249027172,22.34192110923539],[114.17580250969341,22.341920206178571],[114.1758025291151,22.34191930312176],[114.17580253882925,22.341918400064884],[114.1758025485434,22.341917497007984],[114.17580255825756,22.341916593951098],[114.17580255826418,22.341915690894151],[114.17580256797834,22.341914787837272],[114.17580256798497,22.341913884780332],[114.17580255828409,22.341912981723304],[114.17580255829068,22.341912078666368],[114.1758025485898,22.341911175609358],[114.17580253888892,22.341910272552347],[114.17580252918802,22.341909369495351],[114.17580250977959,22.341908466438266],[114.17580250007867,22.341907563381266],[114.17580248067024,22.341906660324188],[114.17580245155433,22.341905757267064],[114.17580243214589,22.34190485421],[114.17580240302993,22.341903951152851],[114.17580237391398,22.341903048095737],[114.17580233509051,22.341902145038532],[114.17580230597454,22.341901241981397],[114.17580226715108,22.341900338924209],[114.17580222832761,22.341899435866999],[114.17580217979662,22.341898532809751],[114.17580214097315,22.341897629752555],[114.17580209244208,22.341896735725868],[114.17580203420357,22.341895832668559],[114.17580198567256,22.341894929611311],[114.17580192743404,22.341894026553984],[114.17580186919554,22.341893123496661],[114.17580181095701,22.341892220439341],[114.17580174301089,22.341891326412522],[114.17580168477238,22.34189042335521],[114.17580161682633,22.341889520297816],[114.17580153917278,22.341888617240382],[114.17580147122668,22.341887723213581],[114.1758013935731,22.341886820156116],[114.17580131591956,22.341885917098679],[114.1758012285584,22.341885023071754],[114.17580115090483,22.341884120014313],[114.17580106354373,22.341883216956791],[114.1758009761826,22.341882322929862],[114.17580087911399,22.341881419872298],[114.17580079175283,22.341880525845369],[114.17580069468423,22.341879622787786],[114.17580059761556,22.341878728760783],[114.17580049083944,22.341877825703165],[114.17580038406325,22.341876931676115],[114.17580027728712,22.341876028618476],[114.17580017051093,22.341875134591401],[114.17579971426224,22.341874466326367],[114.17578732748458,22.341871386822799],[114.17580046199899,22.34183946384363],[114.17580086001341,22.341838642064335],[114.17580126773537,22.3418378202851],[114.17580166574976,22.341836998505805],[114.1758020734717,22.341836176726581],[114.17580248119363,22.341835354947328],[114.1758028889155,22.341834542198665],[114.17580329663741,22.341833720419416],[114.17580370435931,22.34183289864017],[114.17580412178866,22.341832085891561],[114.17580452951059,22.341831264112319],[114.17580494693993,22.341830451363709],[114.17580536436935,22.341829629584517],[114.17580577209117,22.341828816835857],[114.17580618952053,22.341828004087208],[114.17580661665735,22.341827191338659],[114.17580703408676,22.341826369559474],[114.17580745151609,22.341825556810846],[114.17580787865292,22.341824744062286],[114.17580829608224,22.34182393131368],[114.17580872321905,22.341823118565099],[114.17580915035589,22.341822305816546],[114.17580957749266,22.341821502098554],[114.17581000462945,22.341820689349991],[114.17581043176627,22.341819876601416],[114.17581085890301,22.341819072883418],[114.17581129574734,22.341818260134897],[114.17581173259164,22.341817447386386],[114.17581215972837,22.341816643668384],[114.17581259657261,22.341815839950439],[114.17581303341693,22.341815027201932],[114.17581347026113,22.34181422348399],[114.17581390710538,22.341813419766034],[114.1758143536571,22.341812616048141],[114.17581479050132,22.341811812330192],[114.17581523705303,22.341811008612311],[114.17581567389725,22.341810204894365],[114.17581612044896,22.341809401176459],[114.17581656700069,22.341808597458577],[114.1758170135524,22.341807793740664],[114.1758174601041,22.341806990022761],[114.17581790665574,22.341806195335451],[114.17581836291494,22.341805391617608],[114.17581880946656,22.341804596930288],[114.17581926572576,22.341803793212424],[114.17581972198489,22.341802998525161],[114.17582017824404,22.341802203837894],[114.17582063450321,22.341801400120037],[114.17582109076233,22.341800605432759],[114.17582154702144,22.341799810745492],[114.17582200328054,22.3417990160582],[114.17582246924715,22.341798221371],[114.17582293521377,22.341797426683758],[114.17582339147285,22.34179663199648],[114.17582385743947,22.341795837309245],[114.17582432340606,22.341795042622035],[114.17582478937258,22.341794256965365],[114.17582525533918,22.34179346227814],[114.17582573101322,22.341792676621555],[114.1758261969798,22.341791881934299],[114.17582667265383,22.341791096277703],[114.17582713862039,22.341790301590464],[114.17582761429441,22.341789515933868],[114.17582808996842,22.341788730277244],[114.17582856564242,22.341787944620645],[114.17582904131642,22.341787158964035],[114.17582952669792,22.341786373307471],[114.17583000237191,22.341785587650868],[114.17583047804588,22.34178480199424],[114.1758309634274,22.341784016337694],[114.17583144880886,22.341783230681141],[114.17583193419034,22.341782445024567],[114.17583241957176,22.341781668398589],[114.17583290495327,22.341780882742029],[114.17583339033465,22.341780106116016],[114.17583387571611,22.341779320459469],[114.17583437080502,22.341778543833527],[114.17583485618641,22.341777767207521],[114.17583535127532,22.34177699058159],[114.17583584636428,22.341776204925061],[114.17583634145315,22.341775428299126],[114.17583683654205,22.341774651673173],[114.17583733163093,22.341773875047227],[114.17583782671971,22.341773107451836],[114.1758383315161,22.341772330825961],[114.17583882660497,22.341771554200012],[114.17583933140135,22.341770777574109],[114.17583982649012,22.341770009978728],[114.17584033128648,22.341769233352824],[114.17584083608276,22.341768465757493],[114.17584134087907,22.341767698162165],[114.17584184567542,22.341766921536266],[114.1758423601792,22.341766153940981],[114.17584286497545,22.341765386345649],[114.17584337947923,22.341764618750364],[114.17584388427551,22.341763851155029],[114.17584439877926,22.341763083559755],[114.17584491328304,22.341762315964466],[114.1758454277868,22.341761548369163],[114.17584594229048,22.341760789804447],[114.17584645679422,22.341760022209165],[114.17584698100548,22.341759254613923],[114.17584749550916,22.341758496049223],[114.17584801972041,22.34175772845397],[114.17584854393158,22.34175696988931],[114.17584905843523,22.341756211324579],[114.17584958264645,22.341755443729351],[114.17585010685761,22.341754685164659],[114.17585064077629,22.341753926600042],[114.17585116498744,22.341753168035375],[114.17585168919857,22.341752409470686],[114.17585222311716,22.34175165993663],[114.17585274732828,22.341750901371967],[114.17585328124696,22.341750142807332],[114.17585381516558,22.341749384242707],[114.17585434908415,22.341748634708651],[114.17585488300274,22.341747876144016],[114.17585541692131,22.341747126609953],[114.17585595083989,22.3417463770759],[114.17585649446599,22.341745618511311],[114.17585702838453,22.341744868977255],[114.17585781470082,22.341743776283042],[114.17585846511135,22.341742764863149],[114.17585898932242,22.341742006298464],[114.17585952324092,22.341741256764379],[114.1758600571595,22.341740498199719],[114.17586059107798,22.341739748665656],[114.17586113470399,22.341738999131625],[114.17586166862255,22.341738240566965],[114.17586221224855,22.341737491032958],[114.17586275587455,22.341736741498913],[114.17586329950053,22.341735991964875],[114.17586384312644,22.341735251461401],[114.17586438675241,22.34173450192738],[114.17586493037838,22.341733752393349],[114.17586548371179,22.341733011889929],[114.1758660370452,22.341732271386501],[114.17586659037866,22.341731521852534],[114.17586714371204,22.341730781349103],[114.17586769704545,22.341730040845697],[114.17586825037881,22.341729300342276],[114.17586881341973,22.341728559838909],[114.17586936675302,22.341727828366057],[114.17586992979392,22.34172708786269],[114.17587049283472,22.341726356389877],[114.17587105587558,22.341725615886496],[114.1758716286239,22.341724884413757],[114.17587219166469,22.341724152940941],[114.175872764413,22.341723421468203],[114.17587332745377,22.341722689995382],[114.17587390020208,22.34172195852263],[114.1758744729503,22.341721236080442],[114.17587505540608,22.341720504607736],[114.1758756281543,22.341719782165537],[114.17587621061007,22.341719050692827],[114.17587678335826,22.341718328250622],[114.17587736581397,22.34171760580848],[114.17587794826967,22.341716883366338],[114.17587853072537,22.341716160924197],[114.17587912288856,22.341715438482094],[114.17587970534419,22.341714725070521],[114.17588029750739,22.341714002628425],[114.175880879963,22.341713289216834],[114.17588147212616,22.341712566774731],[114.17588206428928,22.341711853363208],[114.17588266615989,22.341711139951727],[114.175883258323,22.341710426540182],[114.1758838504861,22.341709713128644],[114.17588445235667,22.341708999717163],[114.17589747978029,22.341717732353693]]]},"properties":{"OBJECTID":164024,"Shape__Length":149.32743405528839,"Shape__Area":1102.865263511186,"GeoRefNo":"3616922542","DateCreate":1142006400000,"BuildingBlockType":"Podium","BuildingCSUID":"3616922542P20060311","BuildingID":1108245228,"Status":"Active","BuildingNameEN":null,"BuildingNameTC":null,"BaseHeight":65.5,"TopHeight":70.200000000000003,"Storeys":1,"StoreysInBasement":null,"DateStamp":1599580800000}},{"type":"Feature","id":164225,"geometry":{"type":"Polygon","coordinates":[[[114.17620984217226,22.327723499502763],[114.17618486717879,22.327735284318884],[114.17619396213483,22.32775225282446],[114.17607034895667,22.327808991458262],[114.17600320948554,22.327683718851606],[114.17609722727533,22.327640571167791],[114.1761401103703,22.327720573311076],[114.17616970568812,22.327706991434265],[114.17614425536179,22.327659851673385],[114.17616954095335,22.327648310690492],[114.17619488478012,22.327636742612107],[114.17619868009434,22.327623946287542],[114.17622267470261,22.32761308258517],[114.17623605999646,22.327617950120334],[114.17630002618759,22.327588763490493],[114.17634413239453,22.327672215267889],[114.17621353062893,22.327730380822778],[114.17620984217226,22.327723499502763]]]},"properties":{"OBJECTID":164225,"Shape__Length":109.54333573454417,"Shape__Area":370.32699649427451,"GeoRefNo":"3619520962","DateCreate":1142006400000,"BuildingBlockType":"Podium","BuildingCSUID":"3619520962P20060311","BuildingID":1108245826,"Status":"Active","BuildingNameEN":null,"BuildingNameTC":null,"BaseHeight":9.3000000000000007,"TopHeight":11.300000000000001,"Storeys":null,"StoreysInBasement":null,"DateStamp":1361808000000}},{"type":"Feature","id":164229,"geometry":{"type":"Polygon","coordinates":[[[114.17713006611443,22.339027365066919],[114.17712628998981,22.339039511194063],[114.17695854732412,22.338992146058647],[114.17689167355793,22.338973091588837],[114.17689775033239,22.338952330299715],[114.17692359864319,22.338870034677111],[114.17699372626794,22.33864676273587],[114.17705504731288,22.338664047179758],[114.17708987712955,22.338673872391485],[114.17709641010561,22.338653535530341],[114.17712636685422,22.338661979064419],[114.17713702547789,22.338664986225528],[114.17717655363818,22.338676129873338],[114.17728109167388,22.33870560540743],[114.1773114755666,22.33871417533409],[114.17731019421592,22.338718166851152],[114.17730807804573,22.338724750145118],[114.17730702966779,22.338728019215633],[114.17727756828549,22.33881973379837],[114.17727028787196,22.338842373464505],[114.17726195907612,22.338868300261538],[114.17726809837637,22.338870034115104],[114.17733527850716,22.338889007153707],[114.17728186939928,22.339060777834945],[114.17713276473263,22.339018686681573],[114.17713006611443,22.339027365066919]]]},"properties":{"OBJECTID":164229,"Shape__Length":162.70786556918779,"Shape__Area":1450.3373651859752,"GeoRefNo":"3629322198","DateCreate":1142006400000,"BuildingBlockType":"Podium","BuildingCSUID":"3629322198P20060311","BuildingID":1108245316,"Status":"Active","BuildingNameEN":null,"BuildingNameTC":null,"BaseHeight":28.600000000000001,"TopHeight":34.700000000000003,"Storeys":null,"StoreysInBasement":null,"DateStamp":1361808000000}},{"type":"Feature","id":169123,"geometry":{"type":"Polygon","coordinates":[[[114.18240001565238,22.330717919432193],[114.18241538499146,22.330716902962894],[114.18241626442902,22.330729240152355],[114.18244661038369,22.330727449513361],[114.18244427783669,22.330705257751919],[114.18253012362223,22.330699498663144],[114.18253523808289,22.330787177937733],[114.1825154974909,22.330788135872965],[114.1825186516803,22.33083070718914],[114.18244611244853,22.330834680104047],[114.18244577351861,22.330813606530768],[114.1824062457584,22.330816155061196],[114.18240001565238,22.330717919432193]]]},"properties":{"OBJECTID":169123,"Shape__Length":58.709119626430805,"Shape__Area":165.13971337214335,"GeoRefNo":"3684421301","DateCreate":1114790400000,"BuildingBlockType":"Tower","BuildingCSUID":"3684421301T20050430","BuildingID":1108226667,"Status":"Active","BuildingNameEN":null,"BuildingNameTC":null,"BaseHeight":27.699999999999999,"TopHeight":41.200000000000003,"Storeys":4,"StoreysInBasement":null,"DateStamp":1599580800000}},{"type":"Feature","id":169126,"geometry":{"type":"Polygon","coordinates":[[[114.18391747184721,22.343024334129638],[114.1839095403209,22.343031512875019],[114.18388874835686,22.343050331680026],[114.18387258978063,22.34306434330961],[114.18386264612943,22.343072965766702],[114.18385650634598,22.343066887918834],[114.18383108032192,22.343089115053651],[114.18378320062088,22.343131567106678],[114.18377934842181,22.343134982632787],[114.18376754058448,22.343123525063621],[114.18372256612348,22.343078595842556],[114.18372721887704,22.343074535139937],[114.18374605373626,22.343058096897],[114.18375643844566,22.343067882880195],[114.18378079476153,22.343046904730489],[114.18376419004694,22.34303018444179],[114.18378241138117,22.343013862715129],[114.18376267484508,22.342994049590892],[114.18374453600516,22.343009954099607],[114.18372777794949,22.342993849698384],[114.18370310614608,22.343014996725255],[114.18371297246166,22.343024750223236],[114.18369398033587,22.343041108096987],[114.18368917964222,22.343045242945898],[114.18363891578797,22.342995029687962],[114.18363303648195,22.342989145797233],[114.18363118573504,22.342987293615067],[114.18366272371817,22.342959935446078],[114.18374696751243,22.342886856513214],[114.18380032972594,22.3428391249636],[114.18380325235735,22.34283651075922],[114.1838402519803,22.342829047023557],[114.1838356518295,22.342809312630962],[114.18385490003597,22.342805429736924],[114.18386276515668,22.342840922058308],[114.18386874956767,22.342873252136425],[114.18387258984478,22.342891651752641],[114.18384657567655,22.342896512229924],[114.18383874491784,22.342903673809506],[114.18385935225439,22.34292410638389],[114.18384690182803,22.342934839753937],[114.18385522159791,22.342942004246382],[114.18388611563516,22.342914902168598],[114.18389690908683,22.342925745604685],[114.18391866100784,22.342908697650817],[114.18396089897429,22.34295116926965],[114.18396264604308,22.342952925999523],[114.1839568308571,22.342957806916296],[114.18397332396317,22.342974811653246],[114.18395668684688,22.342989364243461],[114.18395288309942,22.342992830342787],[114.18398152086435,22.343022356149842],[114.18397616164242,22.343027239485405],[114.18396351778338,22.343038760789881],[114.18396092713185,22.343041001929688],[114.18395209855031,22.343048639379163],[114.18392348156158,22.343019135149174],[114.18391747184721,22.343024334129638]]]},"properties":{"OBJECTID":169126,"Shape__Length":154.54283770381514,"Shape__Area":569.11797444724789,"GeoRefNo":"3698222655","DateCreate":1307548800000,"BuildingBlockType":"Tower","BuildingCSUID":"3698222655T20110609","BuildingID":1810069048,"Status":"Active","BuildingNameEN":"Meridian Hill Block 1","BuildingNameTC":"尚御１座","BaseHeight":62.5,"TopHeight":90.200000000000003,"Storeys":8,"StoreysInBasement":null,"DateStamp":1599580800000}},{"type":"Feature","id":171712,"geometry":{"type":"Polygon","coordinates":[[[114.1752598217184,22.342710734221622],[114.17524970257762,22.342681153321717],[114.1752873983008,22.342669994069958],[114.17527628561882,22.342637508931226],[114.1752385899035,22.342648668090131],[114.17522847077167,22.342619087188673],[114.17527564819046,22.342605121151777],[114.17525312852359,22.342539290164883],[114.17531348786333,22.342521421774723],[114.17531621084741,22.342529381704768],[114.17535483156158,22.342517948638928],[114.17536336842721,22.342542904151511],[114.17537281314554,22.342540108192118],[114.17538078340191,22.342563407131088],[114.175393225246,22.342559723943957],[114.17540444104026,22.342592510335699],[114.1753919990965,22.342596193523651],[114.17540749804003,22.342641500655855],[114.17541993989036,22.342637817466716],[114.1754311556971,22.342670603856252],[114.17541871374711,22.342674287046236],[114.17542668401873,22.342697585982567],[114.17541723929084,22.342700382035328],[114.1754257761787,22.342725337453764],[114.17538715541319,22.342736770626534],[114.17538987840562,22.342744730555125],[114.17532951897948,22.342762598973252],[114.17530699926201,22.342696768085432],[114.1752598217184,22.342710734221622]]]},"properties":{"OBJECTID":171712,"Shape__Length":99.071993098025303,"Shape__Area":337.80639851947473,"GeoRefNo":"3610922616","DateCreate":1114790400000,"BuildingBlockType":"Tower","BuildingCSUID":"3610922616T20050430","BuildingID":1108221284,"Status":"Active","BuildingNameEN":"One Beacon Hill Tower 15","BuildingNameTC":"畢架山一號第十五座","BaseHeight":74.900000000000006,"TopHeight":118.59999999999999,"Storeys":13,"StoreysInBasement":null,"DateStamp":1599580800000}},{"type":"Feature","id":171714,"geometry":{"type":"Polygon","coordinates":[[[114.17560555520826,22.34267739950873],[114.17563296718374,22.342586151235835],[114.17563635978563,22.3425748580832],[114.17565431930154,22.342514497893106],[114.17560511175185,22.342501475447797],[114.17561477103793,22.34247191846887],[114.17566334758762,22.342484787387065],[114.17571232214486,22.342499110215023],[114.17571596257211,22.342487858151383],[114.17568037471112,22.34247841192736],[114.17568851957706,22.342451645378969],[114.17569581985957,22.342427642178233],[114.17564752484347,22.342415071280513],[114.17565313595794,22.342397940332194],[114.17565381550446,22.342395881367423],[114.17570138244039,22.342409328223411],[114.17574742530158,22.342422341587909],[114.17575963773351,22.342380611410185],[114.17571327452971,22.342368320492387],[114.17567972528187,22.342359416116302],[114.17566772676518,22.342356472065063],[114.17569838406271,22.342253605070614],[114.17570397576304,22.342234776373076],[114.17572414858668,22.34216679438769],[114.17573971018935,22.342114236580507],[114.1757466803858,22.342090675872164],[114.17575843619304,22.342093601854902],[114.17578014220661,22.342099462836696],[114.17589257471472,22.342131549139978],[114.17582199917349,22.342369377783079],[114.17582216420217,22.342369350692397],[114.1758231252514,22.342369215239863],[114.17582407659296,22.342369097848369],[114.17582503764199,22.342368989487522],[114.17582599869091,22.342368899187811],[114.17582696944731,22.342368817918693],[114.1758279402036,22.342368754710723],[114.17582891095972,22.342368709563889],[114.17582989142336,22.342368673447702],[114.17583087188682,22.342368664423194],[114.17583184264269,22.342368655398609],[114.17583282310594,22.342368673465803],[114.17583379386157,22.34236870056349],[114.17583477432464,22.342368745722368],[114.17583573537243,22.342368808942261],[114.17583670612774,22.342368881192783],[114.17583766717534,22.342368971504374],[114.17583862822292,22.342369070846519],[114.17583958927028,22.342369197280391],[114.17584055031759,22.342369332744791],[114.17584151136484,22.342369477239767],[114.17584247241187,22.342369648826445],[114.17584342375133,22.342369829443655],[114.17584437509063,22.342370028121952],[114.17584532642989,22.342370235830838],[114.17584627776901,22.34237046160084],[114.17584721940045,22.342370705431929],[114.17584815132427,22.342370958293529],[114.1758490735405,22.342371220185626],[114.17584999575651,22.342371509169418],[114.17585090826498,22.342371798153152],[114.17585182077326,22.342372114228588],[114.17585272357391,22.342372439334536],[114.1758536166669,22.342372782501542],[114.17585451946741,22.34237313469918],[114.1758554125602,22.342373504957902],[114.17585588822911,22.342373712663857],[114.17585629594532,22.342373893277696],[114.17585716962282,22.342374290627973],[114.17585804330028,22.342374697008829],[114.17585890727003,22.342375121450765],[114.17585976153214,22.342375563953762],[114.17586060608662,22.342376015487265],[114.17586144093346,22.342376476051296],[114.17586225636516,22.342376945645757],[114.17586307179673,22.342377433301355],[114.17586387752063,22.34237793901805],[114.17586467353696,22.34237844473466],[114.17586546955309,22.342378977542971],[114.17586624615409,22.342379519381733],[114.17586702275501,22.342380070251078],[114.17586778964825,22.342380639181471],[114.17586853712633,22.342381217142346],[114.17586928460432,22.342381804133758],[114.17587001266715,22.342382409186211],[114.17587073102237,22.342383014238592],[114.17587143966993,22.342383637352054],[114.17587213860985,22.342384269496016],[114.17587281813464,22.342384910670447],[114.17587348795176,22.342385560875361],[114.17587413835375,22.342386220110736],[114.17587478875561,22.342386897407248],[114.17587541974234,22.342387574703647],[114.1758760507289,22.34238827909174],[114.17587666230035,22.342388983479729],[114.1758772641642,22.34238969689822],[114.17587784661279,22.342390428377744],[114.1758784290614,22.342391159857264],[114.17587898238729,22.342391900367172],[114.17587953571311,22.342392649907627],[114.1758800599162,22.342393408478515],[114.17588057441166,22.342394176079875],[114.17588107919957,22.342394943681207],[114.17588156457232,22.342395720312975],[114.17588204023745,22.342396505975277],[114.17588249648738,22.342397300668022],[114.17588294302972,22.342398104391258],[114.17588337986436,22.342398926175598],[114.17588379728396,22.342399738929224],[114.17588419528832,22.342400569743898],[114.17588458358513,22.342401400558508],[114.17588496217431,22.34240224040364],[114.17588532134832,22.342403089279212],[114.1758856611072,22.342403938154668],[114.17588599115852,22.34240478703008],[114.1758863017947,22.342405644935944],[114.17588659301579,22.342406493811122],[114.17588686482165,22.342407360747323],[114.17588712691996,22.342408227683467],[114.17588737931067,22.34240910365012],[114.17588761228622,22.342409979616665],[114.1758878258466,22.342410864613679],[114.17588802969937,22.342411758641173],[114.175888214137,22.342412652668564],[114.17588837915955,22.34241354669587],[114.17588853447451,22.342414440723083],[114.17588867037429,22.342415343780765],[114.17588875773791,22.342416003012818],[114.17588878685902,22.342416237807772],[114.17588889363613,22.342417140865294],[114.17588898099815,22.342418034892113],[114.17588904894508,22.342418928918828],[114.17588909747683,22.342419831975981],[114.17588913630105,22.342420726002548],[114.17588915571005,22.34242163809013],[114.17588916541155,22.34242254114708],[114.17588914599028,22.342423453234403],[114.17588912656909,22.342424356291179],[114.17588907802515,22.34242526837836],[114.17588901977371,22.342426171434926],[114.17588894210715,22.342427074491354],[114.17588884502545,22.342427977547676],[114.17588873823618,22.342428880603926],[114.17588861203186,22.342429774629522],[114.17588846641242,22.342430668655012],[114.17588831108546,22.342431553649849],[114.17588813634336,22.342432438644568],[114.17588795189373,22.342433323639266],[114.17588773832139,22.342434208633769],[114.17588751504148,22.342435093628218],[114.17588746650252,22.342435265208739],[114.17601051965937,22.342419751361863],[114.17600687946403,22.342395901610868],[114.17599459017298,22.342315502392236],[114.17605701950744,22.34230619218614],[114.1760722409642,22.342303916554801],[114.1760901999527,22.342301243589574],[114.17609632518197,22.342346432584819],[114.17609803368421,22.342351733536553],[114.1760996354033,22.342357061579495],[114.17610114004684,22.342362407683119],[114.17610254761476,22.342367780878],[114.17610384839955,22.342373181164081],[114.17610505210875,22.342378590480291],[114.17610615874234,22.34238402688776],[114.17610714888519,22.342389481355827],[114.17610805166004,22.342394944854078],[114.17610883794414,22.342400426412912],[114.17610952715266,22.342405917001908],[114.1761101192855,22.342411425651576],[114.17611060463523,22.342416934300797],[114.17611098320177,22.342422451980063],[114.1761112549851,22.34242797868944],[114.17611142969287,22.342433505398365],[114.17611149761736,22.342439041137396],[114.17611141020666,22.342447340229818],[114.17611180820299,22.342450022310544],[114.17611913716063,22.342499816899554],[114.17610324586275,22.342501794523454],[114.17610532319216,22.342519169347138],[114.17611305028298,22.342545276755953],[114.17613798874355,22.342603451788445],[114.17615634556395,22.342645570438325],[114.17615730660351,22.342647773901081],[114.17615821910522,22.342649977363642],[114.17615909277652,22.342652207917716],[114.1761599179099,22.34265444750217],[114.17616071392052,22.342656696117057],[114.17616145168562,22.342658962792836],[114.17616216032793,22.342661247529637],[114.17616282043235,22.342663532266226],[114.17616344170646,22.342665826033222],[114.17616401444261,22.342668137861164],[114.1761645483484,22.342670458719489],[114.17616503371632,22.342672779577619],[114.17616548025386,22.34267511849675],[114.17616561614349,22.342678586235635],[114.17608357722625,22.342708883435204],[114.17600705230176,22.342718681230622],[114.17600404309459,22.342694388985777],[114.17603722363006,22.342690063509547],[114.17602501200403,22.342601392295581],[114.17602263374805,22.342584107775224],[114.17586058508749,22.342604723673222],[114.17586923408139,22.342671008098808],[114.17586960295017,22.34267380757726],[114.17581075553403,22.342683469925504],[114.17574542345177,22.342692373641245],[114.17574189010485,22.342665047116895],[114.17570256466453,22.342669887232358],[114.17569370141494,22.342698216064065],[114.17566028795795,22.342693808908415],[114.17560555520826,22.34267739950873]]]},"properties":{"OBJECTID":171714,"Shape__Length":337.6402246546715,"Shape__Area":1986.5714157080645,"GeoRefNo":"3616422602","DateCreate":1158595200000,"BuildingBlockType":"Tower","BuildingCSUID":"3616422602T20060919","BuildingID":1108221300,"Status":"Active","BuildingNameEN":null,"BuildingNameTC":null,"BaseHeight":64.799999999999997,"TopHeight":82.299999999999997,"Storeys":3,"StoreysInBasement":null,"DateStamp":1599580800000}},{"type":"Feature","id":171715,"geometry":{"type":"Polygon","coordinates":[[[114.18093487671874,22.342439258808074],[114.18092599299287,22.342437763119079],[114.18091073641509,22.342435194397364],[114.18091742949605,22.342402145145993],[114.1809589231264,22.342409488836608],[114.1809529686965,22.342442304901592],[114.18093487671874,22.342439258808074]]]},"properties":{"OBJECTID":171715,"Shape__Length":16.181541632139837,"Shape__Area":16.247807965467942,"GeoRefNo":"3668722594","DateCreate":1114790400000,"BuildingBlockType":"Tower","BuildingCSUID":"3668722594T20050430","BuildingID":1108221363,"Status":"Active","BuildingNameEN":"Marble Court Substation","BuildingNameTC":"萬寶閣變電站","BaseHeight":76.299999999999997,"TopHeight":80.700000000000003,"Storeys":null,"StoreysInBasement":null,"DateStamp":1361808000000}},{"type":"Feature","id":171717,"geometry":{"type":"Polygon","coordinates":[[[114.17822740224844,22.342684461397191],[114.17819244274912,22.34269656997127],[114.17819971108389,22.342714186291751],[114.17811526130134,22.34274260780759],[114.17809319634229,22.342687696795863],[114.17807423622973,22.342693758892153],[114.1780890357751,22.34273151224393],[114.17806269131616,22.342740365022276],[114.17802958210511,22.342656164248815],[114.1780495248095,22.342649408963869],[114.17803899312317,22.342623097216574],[114.17814905008819,22.342586285413123],[114.17815456781038,22.342600242383043],[114.1781897755138,22.342588361746461],[114.17822740224844,22.342684461397191]]]},"properties":{"OBJECTID":171717,"Shape__Length":75.177214139231822,"Shape__Area":232.14361110637677,"GeoRefNo":"3639722620","DateCreate":1114790400000,"BuildingBlockType":"Tower","BuildingCSUID":"3639722620T20050430","BuildingID":1108221288,"Status":"Active","BuildingNameEN":"Moonbeam Terrace Block C","BuildingNameTC":"映月臺Ｃ座","BaseHeight":66.799999999999997,"TopHeight":89.900000000000006,"Storeys":8,"StoreysInBasement":null,"DateStamp":1599580800000}},{"type":"Feature","id":171718,"geometry":{"type":"Polygon","coordinates":[[[114.18250197678127,22.342686518000367],[114.18245515814036,22.342632039114697],[114.18240480564468,22.342669265761586],[114.18236645057728,22.34262412976577],[114.18241655610633,22.342586904674302],[114.18239438069057,22.342559542723659],[114.18234293633441,22.342597724913595],[114.18230594161032,22.342554611342958],[114.18235554003219,22.342515555881171],[114.18230970095351,22.342459924528022],[114.18234898663671,22.342428957735503],[114.18242146076565,22.342513985281343],[114.18244921894505,22.342493865478236],[114.18237649950873,22.342409068774334],[114.18241972755004,22.342376930564704],[114.18246804591431,22.342433921082314],[114.18251570370855,22.342399691484143],[114.18255277663202,22.342443537113173],[114.18250565685906,22.342478603475723],[114.18252906201016,22.342505269924075],[114.18257597073126,22.342469899051522],[114.18261333641935,22.342514812159468],[114.18256692327337,22.342550409060234],[114.18261399211347,22.342605344761687],[114.18257050878724,22.342636338587333],[114.18249828302767,22.34255153885173],[114.18247126728807,22.342571883046872],[114.1825432477407,22.342656913624307],[114.18250197678127,22.342686518000367]]]},"properties":{"OBJECTID":171718,"Shape__Length":192.6098920110463,"Shape__Area":546.10922523813952,"GeoRefNo":"3684322605","DateCreate":1114790400000,"BuildingBlockType":"Tower","BuildingCSUID":"3684322605T20050430","BuildingID":1108221308,"Status":"Active","BuildingNameEN":"Merry Court Phase II","BuildingNameTC":"真能閣第二期","BaseHeight":65.299999999999997,"TopHeight":91.299999999999997,"Storeys":9,"StoreysInBasement":1,"DateStamp":1599580800000}},{"type":"Feature","id":171753,"geometry":{"type":"Polygon","coordinates":[[[114.18259008865992,22.341896102597588],[114.18249144561179,22.341948309628194],[114.18245395223747,22.34188574832239],[114.1824308343829,22.341898732824252],[114.18244158152052,22.341916541819153],[114.18240295215392,22.341935814838823],[114.1823734434205,22.341884662461037],[114.18241083651519,22.341865168241902],[114.18239583192232,22.341839135251444],[114.18235696722661,22.3418600141746],[114.18232795566587,22.341809317092423],[114.18236435768843,22.341789370847131],[114.1823750899722,22.341805116994163],[114.18239796427312,22.341792592435386],[114.18236396111051,22.341734592870178],[114.18240110720741,22.341715100196559],[114.18243536056163,22.341773556601954],[114.18246020359604,22.341760102540022],[114.18242668935538,22.341701412222502],[114.18246211023482,22.341682389093677],[114.18249759996451,22.341741066692165],[114.18252219768767,22.341727843450599],[114.18251344253117,22.341712313706605],[114.1825515679452,22.341691668753693],[114.18258156232278,22.341741671852731],[114.18254245247928,22.341762781650672],[114.18255819621207,22.3417885806196],[114.18259731269919,22.341768387601117],[114.18262780425043,22.341818845994734],[114.18258967539658,22.341839032663987],[114.18257917842764,22.341821680526369],[114.18255383991264,22.341834908588812],[114.18259008865992,22.341896102597588]]]},"properties":{"OBJECTID":171753,"Shape__Length":156.67011634233876,"Shape__Area":478.2816456288528,"GeoRefNo":"3684522526","DateCreate":1114790400000,"BuildingBlockType":"Tower","BuildingCSUID":"3684522526T20050430","BuildingID":1108221508,"Status":"Active","BuildingNameEN":"Fessenden Court","BuildingNameTC":"信達閣","BaseHeight":63.899999999999999,"TopHeight":91.200000000000003,"Storeys":8,"StoreysInBasement":null,"DateStamp":1599580800000}},{"type":"Feature","id":171760,"geometry":{"type":"Polygon","coordinates":[[[114.17665601242196,22.337533482805657],[114.17669826971552,22.33753077520878],[114.17669590536745,22.337489022436571],[114.17681191412636,22.337482827518045],[114.17681453031435,22.337523495987547],[114.17686141503496,22.33752125369405],[114.17686733549603,22.337622512258086],[114.17673382429354,22.337629576218742],[114.17671114946492,22.33763077591529],[114.17666148523355,22.337633403587297],[114.17665601242196,22.337533482805657]]]},"properties":{"OBJECTID":171760,"Shape__Length":73.860221579726627,"Shape__Area":292.17392007393926,"GeoRefNo":"3625622054","DateCreate":1114790400000,"BuildingBlockType":"Tower","BuildingCSUID":"3625622054T20050430","BuildingID":1108223172,"Status":"Active","BuildingNameEN":null,"BuildingNameTC":null,"BaseHeight":22.300000000000001,"TopHeight":32.600000000000001,"Storeys":2,"StoreysInBasement":null,"DateStamp":1599580800000}},{"type":"Feature","id":171761,"geometry":{"type":"Polygon","coordinates":[[[114.17549061563614,22.337265028265428],[114.17547017527735,22.337254468011949],[114.17554564696108,22.337125658768361],[114.17554585673253,22.337125771290985],[114.17556587248387,22.337136514220298],[114.17549061563614,22.337265028265428]]]},"properties":{"OBJECTID":171761,"Shape__Length":37.264791284969064,"Shape__Area":39.048567413914128,"GeoRefNo":"3612722015","DateCreate":1114790400000,"BuildingBlockType":"Tower","BuildingCSUID":"3612722015T20050430","BuildingID":1108223350,"Status":"Active","BuildingNameEN":"MTR KOWLOON TONG STATION","BuildingNameTC":"港鐵九龍塘站","BaseHeight":19.199999999999999,"TopHeight":23,"Storeys":null,"StoreysInBasement":null,"DateStamp":1361808000000}},{"type":"Feature","id":171796,"geometry":{"type":"Polygon","coordinates":[[[114.17747069932044,22.334301295759467],[114.17733557024074,22.334308324464242],[114.17732748483461,22.334154985455356],[114.17746197660037,22.334147989811591],[114.17747069932044,22.334301295759467]]]},"properties":{"OBJECTID":171796,"Shape__Length":61.819792011821079,"Shape__Area":236.46420971393044,"GeoRefNo":"3632121686","DateCreate":1114790400000,"BuildingBlockType":"Tower","BuildingCSUID":"3632121686T20050430","BuildingID":1108224842,"Status":"Active","BuildingNameEN":null,"BuildingNameTC":null,"BaseHeight":17.600000000000001,"TopHeight":29.5,"Storeys":3,"StoreysInBasement":null,"DateStamp":1599580800000}},{"type":"Feature","id":171797,"geometry":{"type":"Polygon","coordinates":[[[114.1760940196926,22.33419382659018],[114.17612981151879,22.334191822231638],[114.17613293088142,22.334226670523247],[114.17609269313853,22.334230042994847],[114.17609651364582,22.334280250948702],[114.17605232639897,22.334283846086333],[114.1760592739257,22.334365922423167],[114.17599530988686,22.334370251906744],[114.17599578830824,22.334376447156529],[114.17599581713579,22.334376821293514],[114.17597986978123,22.334378026160504],[114.17597973068945,22.334376447072952],[114.17597928041253,22.334371336847187],[114.17593362844727,22.334374426864517],[114.17593004365375,22.334328574627367],[114.17595345879715,22.334326790765214],[114.1759525898604,22.334305855623278],[114.17591306633865,22.334308145107208],[114.17591114818563,22.334286135771819],[114.17590004026844,22.334286805235429],[114.17589813793572,22.334265462627478],[114.17590651342847,22.334264809584095],[114.17590530224838,22.334255867589185],[114.17589687485854,22.334251292379104],[114.17589356240032,22.334214128099905],[114.17592061968597,22.334212372529215],[114.17592308701073,22.33421219807229],[114.17592604890156,22.334212840162966],[114.17592752347912,22.334214675636179],[114.17592873150164,22.334216672213405],[114.17592982905353,22.334219460049241],[114.1759431593844,22.334218335815869],[114.17594268214114,22.334210499258273],[114.175975517032,22.334208073550784],[114.17597672052946,22.334219995545617],[114.17599720879872,22.334218653798764],[114.17600009188513,22.334249375568994],[114.17602206037692,22.334248265460907],[114.17601894571135,22.334211583327811],[114.17602860268752,22.334199220695222],[114.1760488458555,22.334197190810556],[114.17604765169129,22.33418160113731],[114.17607653116285,22.334180273147229],[114.17607797393003,22.334195175594456],[114.1760940196926,22.33419382659018]]]},"properties":{"OBJECTID":171797,"Shape__Length":107.15772268062507,"Shape__Area":305.38410591239875,"GeoRefNo":"3617721692","DateCreate":1114790400000,"BuildingBlockType":"Tower","BuildingCSUID":"3617721692T20050430","BuildingID":1108224797,"Status":"Active","BuildingNameEN":"Hazlemere","BuildingNameTC":null,"BaseHeight":17.800000000000001,"TopHeight":45.399999999999999,"Storeys":9,"StoreysInBasement":null,"DateStamp":1599580800000}},{"type":"Feature","id":171803,"geometry":{"type":"Polygon","coordinates":[[[114.17569323582767,22.334135692905335],[114.17571273941115,22.334134255553678],[114.17583837052098,22.334124996326917],[114.17584186531968,22.33416742642914],[114.1757891879782,22.33417119645565],[114.17571273907301,22.334176667663623],[114.17569670515289,22.334177815248335],[114.17569323582767,22.334135692905335]]]},"properties":{"OBJECTID":171803,"Shape__Length":39.387137152707929,"Shape__Area":70.41986998489017,"GeoRefNo":"3615321677","DateCreate":1114790400000,"BuildingBlockType":"Tower","BuildingCSUID":"3615321677T20050430","BuildingID":1108224919,"Status":"Active","BuildingNameEN":null,"BuildingNameTC":null,"BaseHeight":23.100000000000001,"TopHeight":36,"Storeys":3,"StoreysInBasement":1,"DateStamp":1599580800000}},{"type":"Feature","id":171804,"geometry":{"type":"Polygon","coordinates":[[[114.17719113016129,22.334114165615805],[114.17714842379259,22.334116386956332],[114.17714935542311,22.334138855123157],[114.1770933194102,22.334141512742008],[114.17708999748214,22.33408763315752],[114.17718997388172,22.334082756364495],[114.17719113016129,22.334114165615805]]]},"properties":{"OBJECTID":171804,"Shape__Length":32.446398464128521,"Shape__Area":50.294187906367725,"GeoRefNo":"3629421672","DateCreate":1114790400000,"BuildingBlockType":"Tower","BuildingCSUID":"3629421672T20050430","BuildingID":1108224939,"Status":"Active","BuildingNameEN":"YORK ENGLISH & CHINESE KINDERGARTEN","BuildingNameTC":"約克中英文幼稚園","BaseHeight":17.600000000000001,"TopHeight":20.899999999999999,"Storeys":null,"StoreysInBasement":null,"DateStamp":1361808000000}},{"type":"Feature","id":171808,"geometry":{"type":"Polygon","coordinates":[[[114.17569323582767,22.334135692905335],[114.17568950560651,22.334090402994594],[114.17571273977445,22.334088690597767],[114.17583464025326,22.334079706419462],[114.17583837052098,22.334124996326917],[114.17571273941115,22.334134255553678],[114.17569323582767,22.334135692905335]]]},"properties":{"OBJECTID":171808,"Shape__Length":40.056574400951256,"Shape__Area":75.439958246088466,"GeoRefNo":"3615221672","DateCreate":1114790400000,"BuildingBlockType":"Tower","BuildingCSUID":"3615221672T20050430","BuildingID":1108224943,"Status":"Active","BuildingNameEN":null,"BuildingNameTC":null,"BaseHeight":22.399999999999999,"TopHeight":35.5,"Storeys":3,"StoreysInBasement":1,"DateStamp":1599580800000}},{"type":"Feature","id":171956,"geometry":{"type":"Polygon","coordinates":[[[114.18081395216245,22.342423331811624],[114.18081792712979,22.342389609221566],[114.18086700511201,22.342394906602632],[114.18086203415689,22.342428506222308],[114.18081395216245,22.342423331811624]]]},"properties":{"OBJECTID":171956,"Shape__Length":17.588021361587451,"Shape__Area":18.92066219764429,"GeoRefNo":"3667622591","DateCreate":1114790400000,"BuildingBlockType":"Tower","BuildingCSUID":"3667622591T20050430","BuildingID":1108221368,"Status":"Active","BuildingNameEN":"Broadcast Drive 39 Substation","BuildingNameTC":"廣播道３９號變電站","BaseHeight":76.900000000000006,"TopHeight":81.200000000000003,"Storeys":null,"StoreysInBasement":null,"DateStamp":1361808000000}},{"type":"Feature","id":171958,"geometry":{"type":"Polygon","coordinates":[[[114.1805896434249,22.342431096957004],[114.18063756707636,22.342428860501609],[114.18063888341982,22.342450236459364],[114.18063897840166,22.342451778426767],[114.18066709555484,22.342450711072804],[114.18066708882846,22.342449682491168],[114.18066694669321,22.342427785803231],[114.18072925052252,22.342424835113203],[114.18075425231551,22.342423650963436],[114.18075737086805,22.342485993149179],[114.18070335988483,22.342488574482392],[114.18070399916606,22.342511038548885],[114.18075826131195,22.342509143713212],[114.18076136046656,22.342568505540097],[114.18067331162717,22.342572185892738],[114.18067263520767,22.342543990486416],[114.18067175172278,22.342544029970938],[114.18064353272383,22.342545292298091],[114.18064520049332,22.342574170211591],[114.18055666123296,22.342578311613234],[114.18055380288811,22.342518031458432],[114.18060781836944,22.342516137852783],[114.18060692795036,22.34249298737825],[114.18055217831906,22.342495801847562],[114.18054881026399,22.342433002445969],[114.1805896434249,22.342431096957004]]]},"properties":{"OBJECTID":171958,"Shape__Length":108.24903475688113,"Shape__Area":294.56509611602496,"GeoRefNo":"3665722602","DateCreate":1114790400000,"BuildingBlockType":"Tower","BuildingCSUID":"3665722602T20050430","BuildingID":1108221332,"Status":"Active","BuildingNameEN":"Welcome Gardens Block 1","BuildingNameTC":"偉錦園（一座）","BaseHeight":76,"TopHeight":103.5,"Storeys":9,"StoreysInBasement":null,"DateStamp":1599580800000}},{"type":"Feature","id":171959,"geometry":{"type":"Polygon","coordinates":[[[114.18142257489352,22.342614489689478],[114.18139897637249,22.342665511805105],[114.18133763533871,22.342641079784073],[114.1813230378018,22.342672566531256],[114.18136038098196,22.342686580934217],[114.18133433319451,22.342740367275152],[114.18127071431138,22.342714647442904],[114.1812746520998,22.342705609632237],[114.18125369910426,22.342697725254816],[114.18124998271244,22.342705741611336],[114.18118443601598,22.34267949793438],[114.1812097421838,22.342625486414786],[114.18124709870446,22.342641564057619],[114.18126194448509,22.342610305241923],[114.18120035536667,22.342585645334275],[114.18122444738222,22.342534620614806],[114.18131325444672,22.342570573753363],[114.18130959746634,22.342578412388139],[114.18133059046082,22.342586870649967],[114.18133427131882,22.342578968167945],[114.18142257489352,22.342614489689478]]]},"properties":{"OBJECTID":171959,"Shape__Length":98.14469764317414,"Shape__Area":273.61984174134324,"GeoRefNo":"3672322617","DateCreate":1114790400000,"BuildingBlockType":"Tower","BuildingCSUID":"3672322617T20050430","BuildingID":1108221291,"Status":"Active","BuildingNameEN":"Alice Court Block A","BuildingNameTC":"雅麗園Ａ座","BaseHeight":76.099999999999994,"TopHeight":103.59999999999999,"Storeys":10,"StoreysInBasement":null,"DateStamp":1599580800000}},{"type":"Feature","id":171989,"geometry":{"type":"Polygon","coordinates":[[[114.17818398496287,22.337356873355191],[114.17820979273611,22.337355582307396],[114.17821010818392,22.337371612748477],[114.17818496574114,22.337373012157645],[114.17818398496287,22.337356873355191]]]},"properties":{"OBJECTID":171989,"Shape__Length":8.8225799444804593,"Shape__Area":4.6842502599730897,"GeoRefNo":"3640422034","DateCreate":1114790400000,"BuildingBlockType":"Tower","BuildingCSUID":"3640422034T20050430","BuildingID":1108223292,"Status":"Active","BuildingNameEN":null,"BuildingNameTC":null,"BaseHeight":23.300000000000001,"TopHeight":28.199999999999999,"Storeys":null,"StoreysInBasement":null,"DateStamp":1361808000000}},{"type":"Feature","id":171990,"geometry":{"type":"Polygon","coordinates":[[[114.17664280613636,22.337386337256724],[114.17656561349528,22.337390304279872],[114.17655968859097,22.337294933726866],[114.17658684372893,22.337293146890325],[114.17658374720683,22.337249587547685],[114.1765091976208,22.337253126047287],[114.17650680680593,22.337223092608845],[114.17649915529816,22.337223079318388],[114.17649680053302,22.337179062757258],[114.17666145162393,22.337171095789024],[114.17667398366889,22.337384532078172],[114.17664280613636,22.337386337256724]]]},"properties":{"OBJECTID":171990,"Shape__Length":86.747046280270752,"Shape__Area":297.25257770763812,"GeoRefNo":"3624222020","DateCreate":1114790400000,"BuildingBlockType":"Tower","BuildingCSUID":"3624222020T20050430","BuildingID":1108223282,"Status":"Active","BuildingNameEN":null,"BuildingNameTC":null,"BaseHeight":21.100000000000001,"TopHeight":31.899999999999999,"Storeys":2,"StoreysInBasement":null,"DateStamp":1599580800000}},{"type":"Feature","id":171991,"geometry":{"type":"Polygon","coordinates":[[[114.17955739600313,22.337279201889181],[114.17927380775802,22.337296393401363],[114.17924760938114,22.336908581899444],[114.17953168881833,22.336892078734561],[114.17955739600313,22.337279201889181]]]},"properties":{"OBJECTID":171991,"Shape__Length":144.57681462971925,"Shape__Area":1259.5441992341225,"GeoRefNo":"3652922005","DateCreate":1114790400000,"BuildingBlockType":"Tower","BuildingCSUID":"3652922005T20050430","BuildingID":1108223333,"Status":"Active","BuildingNameEN":"Kowloon East Barracks Block 28","BuildingNameTC":"九龍東軍營２８座","BaseHeight":22.899999999999999,"TopHeight":38.600000000000001,"Storeys":null,"StoreysInBasement":null,"DateStamp":1361808000000}}]}