{"type":"FeatureCollection","features":[{"type":"Feature","id":239691,"geometry":{"type":"Polygon","coordinates":[[[114.17526002320893,22.326690714834054],[114.17526126698846,22.326691811980332],[114.17526230917645,22.326693102159258],[114.17526312025795,22.326694548832762],[114.17526367726305,22.326696111030824],[114.17526396441723,22.326697744511748],[114.17526397358826,22.326699403015095],[114.17526370451641,22.326701039571784],[114.17526316482184,22.326702607834267],[114.17526236978878,22.326704063389109],[114.17526134193271,22.32670536501476],[114.17526011036266,22.326706475848979],[114.17525870995688,22.32670736443276],[114.17525718037511,22.326708005601269],[114.17525556493534,22.326708381196518],[114.17525390938707,22.326708480581583],[114.17525226061571,22.326708300941867],[114.17525066531469,22.326707847364794],[114.17524916866324,22.326707132695731],[114.17522123199848,22.326696561667912],[114.17518203306001,22.326673863798213],[114.1751785653624,22.326679001805331],[114.17493378413769,22.326536002498514],[114.17493433972902,22.326522123848108],[114.17491186471932,22.32652134505674],[114.17486996333808,22.326496652854676],[114.17485768865893,22.326488843144784],[114.17485441586655,22.326486566014839],[114.17485158134366,22.326483762094245],[114.17484926882315,22.326480514211912],[114.17484754661778,22.326476918311549],[114.17484646560219,22.326473080617447],[114.17484605770997,22.326469114496586],[114.17484633499042,22.326465137109718],[114.1748472892526,22.3264612659504],[114.17484889230718,22.326457615374181],[114.17485109679936,22.326454293220511],[114.17485383760754,22.326451397627093],[114.1748570337672,22.326449014130887],[114.17486059086254,22.326447213141297],[114.17486440381558,22.326446047860259],[114.17486835999019,22.326445552710624],[114.17487234251945,22.326445742319304],[114.17529845480688,22.326461202033485],[114.17529527252364,22.32653411270174],[114.17522944254813,22.326531625673478],[114.17522698898566,22.326587839605324],[114.17528064597985,22.326619526919959],[114.17527826981654,22.326673966974649],[114.17527230140553,22.326673828930023],[114.17526002320893,22.326690714834054]]]},"properties":{"OBJECTID":239691,"Shape__Length":139.29342400752176,"Shape__Area":732.25967381162513,"GeoRefNo":"3608220834","DateCreate":1311609600000,"BuildingBlockType":"Tower","BuildingCSUID":"3608220834T20110726","BuildingID":1810070879,"Status":"Active","BuildingNameEN":"Franciscan Missionaries of Mary","BuildingNameTC":"瑪利亞方濟各傳教修會","BaseHeight":8.3000000000000007,"TopHeight":18.800000000000001,"Storeys":3,"StoreysInBasement":null,"DateStamp":1599580800000}},{"type":"Feature","id":239716,"geometry":{"type":"Polygon","coordinates":[[[114.17597963646305,22.339631032661288],[114.17597144502855,22.339657560916578],[114.17582956965292,22.339619648134597],[114.1758378803183,22.339593151674698],[114.17597963646305,22.339631032661288]]]},"properties":{"OBJECTID":239716,"Shape__Length":36.51257422686124,"Shape__Area":46.45694474022855,"GeoRefNo":"3616822284","DateCreate":1415203200000,"BuildingBlockType":"Open-sided Structure","BuildingCSUID":"3616822284T20141106","BuildingID":1810135359,"Status":"Active","BuildingNameEN":null,"BuildingNameTC":null,"BaseHeight":32.299999999999997,"TopHeight":34.899999999999999,"Storeys":null,"StoreysInBasement":null,"DateStamp":1415203200000}},{"type":"Feature","id":239741,"geometry":{"type":"Polygon","coordinates":[[[114.1826328661637,22.333466067769955],[114.18257731741689,22.333485143686094],[114.18256319944642,22.333449561989628],[114.18261874818106,22.333430486078264],[114.1826328661637,22.333466067769955]]]},"properties":{"OBJECTID":239741,"Shape__Length":20.60000210989444,"Shape__Area":25.620004083393365,"GeoRefNo":"3685821601","DateCreate":1323100800000,"BuildingBlockType":"Open-sided Structure","BuildingCSUID":"3685821601T20111206","BuildingID":1810076447,"Status":"Active","BuildingNameEN":"KOWLOON TSAI PARK","BuildingNameTC":"九龍仔公園","BaseHeight":null,"TopHeight":null,"Storeys":null,"StoreysInBasement":null,"DateStamp":1323100800000}},{"type":"Feature","id":240134,"geometry":{"type":"Polygon","coordinates":[[[114.17234813945444,22.326297443984668],[114.17234955929642,22.326297973667852],[114.17235091080585,22.326298477882855],[114.17266537657625,22.326415452955626],[114.17265087412788,22.326449224447749],[114.17270338130955,22.326468731318315],[114.17271773124121,22.326435561616009],[114.17303342354104,22.326552908335138],[114.17301222668264,22.326602121643667],[114.17292513824873,22.326590715112161],[114.17284245217999,22.326579885064529],[114.17278087585781,22.32657181994664],[114.17273527253641,22.326565846964389],[114.1727015036825,22.326561424010158],[114.1726817764926,22.326553717797296],[114.1726024746049,22.326524152678449],[114.17255626654374,22.326497526768932],[114.17252343250084,22.326475440607027],[114.17249730869359,22.326457868014813],[114.17245528197519,22.326429598350355],[114.17243963200474,22.326419071152955],[114.17242184510899,22.326407106587766],[114.1723819262272,22.326380312649583],[114.17232935178583,22.326344889805586],[114.17234813945444,22.326297443984668]]]},"properties":{"OBJECTID":240134,"Shape__Length":173.28479768257429,"Shape__Area":758.40824854932976,"GeoRefNo":"3583620831","DateCreate":1319990400000,"BuildingBlockType":"Tower","BuildingCSUID":"3583620831T20111031","BuildingID":1810074792,"Status":"Active","BuildingNameEN":"MONGKOK STADIUM","BuildingNameTC":"旺角大球場","BaseHeight":6.9000000000000004,"TopHeight":14.300000000000001,"Storeys":null,"StoreysInBasement":null,"DateStamp":1320854400000}},{"type":"Feature","id":240135,"geometry":{"type":"Polygon","coordinates":[[[114.17367055662261,22.326417741260826],[114.17363640973913,22.326475930801937],[114.17359419228127,22.326534593828786],[114.17354506328942,22.326589508830263],[114.17343248343887,22.326548833741214],[114.17351967107744,22.326346784387773],[114.17355465757191,22.326359852357591],[114.17357631195742,22.326310728569208],[114.17354093217145,22.326297513758675],[114.17362836469505,22.326094895779718],[114.17373827451081,22.326138729944578],[114.17373446121657,22.326210213108073],[114.17372128068833,22.326278467566361],[114.17370225350312,22.326345123947949],[114.17367055662261,22.326417741260826]]]},"properties":{"OBJECTID":240135,"Shape__Length":141.73216609860975,"Shape__Area":824.69661169985159,"GeoRefNo":"3592920816","DateCreate":1319990400000,"BuildingBlockType":"Tower","BuildingCSUID":"3592920816T20111031","BuildingID":1810074821,"Status":"Active","BuildingNameEN":"MONGKOK STADIUM","BuildingNameTC":"旺角大球場","BaseHeight":7.0999999999999996,"TopHeight":17.600000000000001,"Storeys":null,"StoreysInBasement":null,"DateStamp":1320076800000}},{"type":"Feature","id":240301,"geometry":{"type":"Polygon","coordinates":[[[114.1776083234888,22.332317728294338],[114.17759473679483,22.332317991239119],[114.17759514060162,22.3323360485143],[114.17755148243558,22.332337359773859],[114.17755121999878,22.332325622549462],[114.177458079554,22.332328330485097],[114.17745594340342,22.332271686450305],[114.17747877354513,22.332271022703321],[114.17755149732371,22.33226890833755],[114.1775511194251,22.332210126486476],[114.17760588063867,22.332208481765282],[114.1776083234888,22.332317728294338]]]},"properties":{"OBJECTID":240301,"Shape__Length":59.178874999925604,"Shape__Area":139.48613326094593,"GeoRefNo":"3633621472","DateCreate":1415030400000,"BuildingBlockType":"Tower","BuildingCSUID":"3633621472T20141104","BuildingID":1810135237,"Status":"Active","BuildingNameEN":null,"BuildingNameTC":null,"BaseHeight":15.1,"TopHeight":22.600000000000001,"Storeys":3,"StoreysInBasement":null,"DateStamp":1599580800000}},{"type":"Feature","id":240400,"geometry":{"type":"Polygon","coordinates":[[[114.17193534834061,22.328324024057668],[114.17189985256549,22.328322730976026],[114.17190184486275,22.32827241298078],[114.17193737983345,22.328273886494237],[114.17193534834061,22.328324024057668]]]},"properties":{"OBJECTID":240400,"Shape__Length":18.455875772193135,"Shape__Area":20.382389227151858,"GeoRefNo":"3575621029","DateCreate":1114790400000,"BuildingBlockType":"Tower","BuildingCSUID":"3575621029T20050430","BuildingID":1108228741,"Status":"Active","BuildingNameEN":null,"BuildingNameTC":null,"BaseHeight":8.5,"TopHeight":14.6,"Storeys":null,"StoreysInBasement":null,"DateStamp":1591200000000}},{"type":"Feature","id":240545,"geometry":{"type":"Polygon","coordinates":[[[114.17587623803722,22.337535994739085],[114.17583054068402,22.337538176701553],[114.17585025516537,22.337498901048168],[114.17587493286777,22.337498164300861],[114.17587623803722,22.337535994739085]]]},"properties":{"OBJECTID":240545,"Shape__Length":16.24857687942373,"Shape__Area":15.321994251042479,"GeoRefNo":"3616322050","DateCreate":1415203200000,"BuildingBlockType":"Open-sided Structure","BuildingCSUID":"3616322050T20141106","BuildingID":1810135341,"Status":"Active","BuildingNameEN":"KENT MANSION","BuildingNameTC":"文英樓","BaseHeight":22.399999999999999,"TopHeight":25.800000000000001,"Storeys":null,"StoreysInBasement":null,"DateStamp":1415203200000}},{"type":"Feature","id":240555,"geometry":{"type":"Polygon","coordinates":[[[114.18366364461178,22.342791237436316],[114.18365939730626,22.342798351355356],[114.18365692174555,22.342801749211063],[114.18365288459685,22.342806624984998],[114.18364748165118,22.342812756607149],[114.18364245764818,22.342818040874938],[114.18363766484673,22.342822648923896],[114.18363306315727,22.342826635571299],[114.1836285988029,22.342830063762417],[114.18362429527606,22.342832934850922],[114.18362014830691,22.342835277734803],[114.18361604859187,22.342837171255507],[114.18361112440962,22.342839036003099],[114.18360601751888,22.342840662351161],[114.18360099244731,22.342841963504899],[114.18359616568497,22.342842917786051],[114.18359166362434,22.342843516068495],[114.18358752655273,22.342843774695947],[114.1835838134934,22.342843716061722],[114.1835804676582,22.342843365815082],[114.18357689552272,22.342842675667196],[114.18357327454379,22.34284168814462],[114.18356966044325,22.342840407850694],[114.1835660411831,22.342838822955787],[114.18356240889962,22.342836920546596],[114.1835587601946,22.342834688251315],[114.18355509526161,22.342832114420496],[114.18355114635463,22.34282897438478],[114.18353196847588,22.342813724806597],[114.18353660104283,22.342805536698606],[114.1835399332886,22.342796738862098],[114.18354188755606,22.342787536328331],[114.18354241830153,22.342778143559926],[114.18354151315613,22.342768779452875],[114.18355934309001,22.342760914262282],[114.18356566192925,22.342762992102671],[114.18357222950593,22.342764046657742],[114.18357888120696,22.342764051495596],[114.18358545031067,22.34276300649497],[114.18359177216568,22.342760937848297],[114.18359768831779,22.3427578974052],[114.18360305048151,22.342753961372907],[114.18360772425682,22.342749228406149],[114.18361874064324,22.342755768424578],[114.18361744543483,22.342759946534535],[114.18361689257634,22.342764285718228],[114.18361709874031,22.342768655119109],[114.18361805770948,22.342772922969363],[114.18361974056423,22.342776960563633],[114.18362209655481,22.342780646140387],[114.18362505463172,22.342783868553862],[114.18362852558839,22.34278653062589],[114.18363240475132,22.342788552076488],[114.1836365751368,22.342789871944873],[114.18364091097872,22.342790450427838],[114.18364528152129,22.342790270080094],[114.18364955496226,22.342789336340385],[114.1836536024277,22.342787677367451],[114.18365730185837,22.342785343190862],[114.18366054169071,22.342782404202268],[114.18366322422129,22.342778949032603],[114.18366526855311,22.34277508187926],[114.1836666130354,22.342770919363794],[114.18366721712265,22.342766587014982],[114.18366706259742,22.342762215483262],[114.18366834816274,22.342765987497479],[114.18366898339029,22.342771203165825],[114.18366900878405,22.342774361967294],[114.18366880920919,22.342776621333655],[114.18366835482166,22.342779116047367],[114.18366761708207,22.342781865344779],[114.18366658035983,22.342784842225107],[114.18366523300483,22.342788025647636],[114.18366364461178,22.342791237436316]]]},"properties":{"OBJECTID":240555,"Shape__Length":44.483429624259962,"Shape__Area":85.597437851306097,"GeoRefNo":"3696122635","DateCreate":1306944000000,"BuildingBlockType":"Tower","BuildingCSUID":"3696122635T20110602","BuildingID":1810068829,"Status":"Active","BuildingNameEN":null,"BuildingNameTC":null,"BaseHeight":62.5,"TopHeight":69.299999999999997,"Storeys":null,"StoreysInBasement":null,"DateStamp":1527004800000}},{"type":"Feature","id":241238,"geometry":{"type":"Polygon","coordinates":[[[114.17003180672936,22.326441072167217],[114.17002439489052,22.326474868103929],[114.16988208720767,22.326446238358038],[114.16989103631812,22.326407956369035],[114.16991871875595,22.326413447787171],[114.16992110867422,22.326403689527467],[114.16997020789408,22.326413619117311],[114.16997879145633,22.326376856052509],[114.16999461531505,22.326376579933104],[114.16999437483,22.326367773385169],[114.17000281594795,22.326359791244158],[114.17006678540253,22.326358436448142],[114.17007493087746,22.326366164892953],[114.17007528803944,22.326374964943621],[114.17009145065614,22.326374622002525],[114.17010176571554,22.326410770063191],[114.1701501735085,22.326399353069188],[114.17015271916986,22.326408562927533],[114.17018038267307,22.326402133835568],[114.17019049693258,22.32644029588365],[114.17005028794112,22.326472738783355],[114.17004146426987,22.326440963753413],[114.17003180672936,22.326441072167217]]]},"properties":{"OBJECTID":241238,"Shape__Length":87.945601782569184,"Shape__Area":232.63031846539261,"GeoRefNo":"3556420819","DateCreate":1421251200000,"BuildingBlockType":"Tower","BuildingCSUID":"3556420819T20150115","BuildingID":1810137822,"Status":"Active","BuildingNameEN":"High Park Grand","BuildingNameTC":"曉珀御","BaseHeight":30.100000000000001,"TopHeight":117.40000000000001,"Storeys":24,"StoreysInBasement":null,"DateStamp":1599580800000}},{"type":"Feature","id":241874,"geometry":{"type":"Polygon","coordinates":[[[114.18256351006859,22.335957618207654],[114.18286452625728,22.335924428943631],[114.18288982699487,22.336084516181479],[114.1829038978011,22.336083198545317],[114.18290767308795,22.33611887369392],[114.18257239048366,22.336155793882774],[114.18256766166176,22.336120330978801],[114.18258494997579,22.33611846103668],[114.18256351006859,22.335957618207654]]]},"properties":{"OBJECTID":241874,"Shape__Length":113.04952659767997,"Shape__Area":701.88929067621802,"GeoRefNo":"3687121891","DateCreate":1114790400000,"BuildingBlockType":"Tower","BuildingCSUID":"3687121891T20050430","BuildingID":1108223806,"Status":"Active","BuildingNameEN":"Madam Chan Wu Wan Kwai School of Continuing Education Tower","BuildingNameTC":"陳瑞槐夫人胡尹桂女士持續教育大樓","BaseHeight":42.5,"TopHeight":83.5,"Storeys":13,"StoreysInBasement":null,"DateStamp":1599580800000}},{"type":"Feature","id":242352,"geometry":{"type":"Polygon","coordinates":[[[114.17618058675492,22.330360541463239],[114.17618236304688,22.330368997256077],[114.17613531729202,22.330381307370146],[114.17610224552718,22.330282118198362],[114.17615044791231,22.33026820751817],[114.17618058675492,22.330360541463239]]]},"properties":{"OBJECTID":242352,"Shape__Length":33.373764223449633,"Shape__Area":59.702047427743459,"GeoRefNo":"3619221254","DateCreate":1196870400000,"BuildingBlockType":"Open-sided Structure","BuildingCSUID":"3619221254T20071206","BuildingID":1108226964,"Status":"Active","BuildingNameEN":null,"BuildingNameTC":null,"BaseHeight":null,"TopHeight":null,"Storeys":null,"StoreysInBasement":null,"DateStamp":1313596800000}},{"type":"Feature","id":242393,"geometry":{"type":"Polygon","coordinates":[[[114.18366212227929,22.327353252195458],[114.18366265988229,22.327368355375704],[114.18364558917028,22.327369337086779],[114.18364365879872,22.327336613576652],[114.18366151031987,22.327336060063253],[114.18366212227929,22.327353252195458]]]},"properties":{"OBJECTID":242393,"Shape__Length":10.809449412732901,"Shape__Area":6.4894090150079773,"GeoRefNo":"3696720924","DateCreate":1114790400000,"BuildingBlockType":"Tower","BuildingCSUID":"3696720924T20050430","BuildingID":1108229465,"Status":"Active","BuildingNameEN":"SHEFFIELD GARDEN","BuildingNameTC":"勝豐園","BaseHeight":12.6,"TopHeight":16.100000000000001,"Storeys":null,"StoreysInBasement":null,"DateStamp":1321372800000}},{"type":"Feature","id":242994,"geometry":{"type":"Polygon","coordinates":[[[114.17732617079091,22.343753943098456],[114.17732274562663,22.343750321399806],[114.17732818112034,22.343745850168698],[114.1773084782986,22.343724967401858],[114.17730386277893,22.343720075647287],[114.17734298197438,22.343687948742932],[114.1773475600228,22.343692825415488],[114.17737190925551,22.343672799872081],[114.17736622833333,22.343645696358266],[114.17735927640089,22.343646893744001],[114.17734915308023,22.343596321333951],[114.17738262277824,22.343590473569872],[114.17738116291547,22.343583466396186],[114.17741001662829,22.343578337113993],[114.17741141737335,22.343585442540192],[114.17741791988432,22.343618427387391],[114.17745217211777,22.343612541135919],[114.17744556621227,22.343579476008717],[114.17744412721702,22.343572273323716],[114.17747530085543,22.343566731685389],[114.17747675460826,22.343574026752744],[114.17750766410157,22.343568626256999],[114.17751878260911,22.343619419269867],[114.17751484723031,22.34362009712093],[114.17751408372467,22.343620228609197],[114.17751720538944,22.343635457474257],[114.17752010406484,22.343649598608312],[114.17754879331332,22.343658488535795],[114.1775505312479,22.343653503564504],[114.17760109274209,22.343669478496579],[114.17758952304504,22.343700814168809],[114.17759594185132,22.343702783073294],[114.17758814264806,22.343724535850534],[114.17758152318328,22.343722481156295],[114.17754525291144,22.343711222550368],[114.17753245821113,22.343746845666267],[114.17756840648775,22.343758006926937],[114.17757536717863,22.343760168000227],[114.17756611883129,22.343785962413317],[114.17755891389417,22.343783716814613],[114.17754961117627,22.343808912500329],[114.17746949677232,22.343784169893592],[114.1774100417522,22.343832612789207],[114.17739006631388,22.343811441235946],[114.1773846581947,22.34381578604107],[114.17736465684325,22.343794637151447],[114.17737008369791,22.343790262004212],[114.17739532517361,22.343769912257208],[114.17737018806939,22.343743408259439],[114.1773451654057,22.343763851468264],[114.17733973631874,22.343768286938879],[114.17733652588791,22.343764892358625],[114.17732617079091,22.343753943098456]]]},"properties":{"OBJECTID":242994,"Shape__Length":135.35468626378884,"Shape__Area":499.41147782461684,"GeoRefNo":"3632722734","DateCreate":1114790400000,"BuildingBlockType":"Tower","BuildingCSUID":"3632722734T20050430","BuildingID":1108221008,"Status":"Active","BuildingNameEN":"Chermain Heights Block II","BuildingNameTC":null,"BaseHeight":88.5,"TopHeight":129.40000000000001,"Storeys":12,"StoreysInBasement":null,"DateStamp":1599580800000}},{"type":"Feature","id":243029,"geometry":{"type":"Polygon","coordinates":[[[114.17868063176732,22.334350477380617],[114.17864631744307,22.334352713017228],[114.17863343552322,22.334371719456996],[114.17860751560515,22.334373052024308],[114.17859225490976,22.334355832865636],[114.17855598247814,22.334357431306788],[114.17855409068423,22.33432615247553],[114.17855024602957,22.334262585917067],[114.1786877761334,22.334256037862946],[114.17868919813601,22.334279882275016],[114.17867710148072,22.334280779239961],[114.17867800679662,22.334298652730109],[114.17870717166251,22.334298022873529],[114.17870856547783,22.334333329888469],[114.17867985393688,22.334335119717839],[114.17868063176732,22.334350477380617]]]},"properties":{"OBJECTID":243029,"Shape__Length":57.084971363927572,"Shape__Area":158.93195543518357,"GeoRefNo":"3644921694","DateCreate":1114790400000,"BuildingBlockType":"Tower","BuildingCSUID":"3644921694T20050430","BuildingID":1108224800,"Status":"Active","BuildingNameEN":null,"BuildingNameTC":null,"BaseHeight":14.6,"TopHeight":22.5,"Storeys":null,"StoreysInBasement":null,"DateStamp":1604851200000}},{"type":"Feature","id":243077,"geometry":{"type":"Polygon","coordinates":[[[114.17878756970163,22.34043626570508],[114.1787654799832,22.340437076373711],[114.17876470767253,22.340423866824707],[114.17877968140388,22.340412091232132],[114.17879719309495,22.340411079777276],[114.17879932907533,22.340435834172329],[114.17878756970163,22.34043626570508]]]},"properties":{"OBJECTID":243077,"Shape__Length":11.531792924711972,"Shape__Area":8.3878917506888886,"GeoRefNo":"3646522373","DateCreate":1114790400000,"BuildingBlockType":"Tower","BuildingCSUID":"3646522373T20050430","BuildingID":1108221987,"Status":"Active","BuildingNameEN":"CORNWALL TERRACE","BuildingNameTC":"歌和臺","BaseHeight":38.600000000000001,"TopHeight":41.600000000000001,"Storeys":null,"StoreysInBasement":null,"DateStamp":1527004800000}},{"type":"Feature","id":243164,"geometry":{"type":"Polygon","coordinates":[[[114.17732579118963,22.343772403927375],[114.17732966552948,22.343776514720098],[114.17732400540001,22.343781139020038],[114.17730038139827,22.343800439489623],[114.17732514533554,22.343826491428977],[114.1773488130235,22.343807410488797],[114.17735447907509,22.343802842538732],[114.17737442596626,22.34382400669142],[114.17736877292262,22.343828548363202],[114.17738888698607,22.343849849326599],[114.177330400344,22.343897503098308],[114.17734515063268,22.343971165930963],[114.17731375430211,22.343976640628135],[114.17731529318831,22.34398430558835],[114.17728705077704,22.343989283318781],[114.17728551315415,22.34398156507795],[114.17727906007137,22.343949173535048],[114.1772427262319,22.343955623081751],[114.17724919095541,22.343987898673575],[114.17725074983638,22.343995681392951],[114.17722214658659,22.34400072268819],[114.1772205564483,22.343992891745394],[114.17718843999326,22.34399849194488],[114.1771788679189,22.343951418779636],[114.17718518411317,22.343950341780548],[114.17717926809146,22.343921341481288],[114.17714904936877,22.343911892589837],[114.17714724967524,22.343916562389982],[114.17709750883039,22.343900999380189],[114.17710872782267,22.343871521512774],[114.17710078297017,22.343869108016737],[114.17711021847782,22.343844598589573],[114.17711804120678,22.343847050374983],[114.17714929378015,22.34385684541191],[114.17716200355467,22.343823733366484],[114.1771306303217,22.343813972467728],[114.17712293088171,22.34381157703346],[114.17713128107165,22.343789886949978],[114.17713891449834,22.343792205804789],[114.17715158077878,22.343758925068997],[114.17720203198529,22.343774413016835],[114.17719970449365,22.343780452304397],[114.17722976427656,22.343789704139947],[114.17725199543487,22.343771420616463],[114.17724740496114,22.343766441895877],[114.17728273170378,22.343737429658646],[114.17728736246436,22.34374233369536],[114.17730707644915,22.343763210956027],[114.17731273774329,22.343758553965998],[114.17731566325273,22.343761657943933],[114.17732579118963,22.343772403927375]]]},"properties":{"OBJECTID":243164,"Shape__Length":133.05815952472287,"Shape__Area":488.86847275101809,"GeoRefNo":"3630522752","DateCreate":1114790400000,"BuildingBlockType":"Tower","BuildingCSUID":"3630522752T20050430","BuildingID":1108220984,"Status":"Active","BuildingNameEN":"Chermain Heights Block I","BuildingNameTC":"霞明閣第１座","BaseHeight":88.5,"TopHeight":129.40000000000001,"Storeys":12,"StoreysInBasement":null,"DateStamp":1599580800000}},{"type":"Feature","id":243165,"geometry":{"type":"Polygon","coordinates":[[[114.17816856904955,22.34221390595043],[114.17818642846996,22.342209759958102],[114.17818313175974,22.342156588084642],[114.17821097322337,22.34215024820983],[114.17823569939198,22.342197573146773],[114.17828374386606,22.342186539354529],[114.17830522722262,22.342267354446122],[114.17801849779848,22.342335102232681],[114.17794385265829,22.342352739102289],[114.17787727931984,22.342368468810012],[114.17785530120472,22.342287426998531],[114.17791639790053,22.342272425561518],[114.17791454340829,22.342252260222853],[114.17786644533142,22.342254811402036],[114.17786141146722,22.342200044102732],[114.17790629768149,22.342196822336316],[114.17790446195006,22.342179637265662],[114.1778395008244,22.342168752505589],[114.17779269252587,22.341945699714653],[114.17786394903264,22.341898546519108],[114.17794742210202,22.341910478147543],[114.1779567962041,22.341938301447833],[114.1780198239933,22.342122847094146],[114.17796827690562,22.342165309110101],[114.17797652330752,22.342181771869967],[114.17801614276489,22.342165051757249],[114.17804062638173,22.342213065848412],[114.17800052514342,22.342231622607631],[114.17800765302464,22.342245162449551],[114.17801051446767,22.342250597928299],[114.17816856904955,22.34221390595043]]]},"properties":{"OBJECTID":243165,"Shape__Length":229.52770953503654,"Shape__Area":1096.8786430346058,"GeoRefNo":"3639022577","DateCreate":1114790400000,"BuildingBlockType":"Tower","BuildingCSUID":"3639022577T20050430","BuildingID":1108221384,"Status":"Active","BuildingNameEN":"Beacon Hill School","BuildingNameTC":"畢架山小學","BaseHeight":60.899999999999999,"TopHeight":87.700000000000003,"Storeys":8,"StoreysInBasement":null,"DateStamp":1599580800000}},{"type":"Feature","id":243391,"geometry":{"type":"Polygon","coordinates":[[[114.17722682875018,22.327230291349302],[114.17722744003265,22.32721842199739],[114.17722879188079,22.327192169629626],[114.17722928348829,22.327182622763988],[114.17722936521257,22.327181035999562],[114.1772056941457,22.327180212466619],[114.17720556612429,22.327182976638937],[114.1772051859423,22.32719118670661],[114.1772040016223,22.327216765301806],[114.17720341062684,22.327229528410644],[114.17706482688736,22.327225013738399],[114.17706883876377,22.327099894694715],[114.1771233285442,22.327102270552647],[114.17712273492702,22.327117852558768],[114.17728276333621,22.327123126414872],[114.17727836314336,22.327231970181678],[114.17722682875018,22.327230291349302]]]},"properties":{"OBJECTID":243391,"Shape__Length":82.731667353829039,"Shape__Area":262.78022858039549,"GeoRefNo":"3630020903","DateCreate":1114790400000,"BuildingBlockType":"Tower","BuildingCSUID":"3630020903T20050430","BuildingID":1108229539,"Status":"Active","BuildingNameEN":"Think International School","BuildingNameTC":"朗思國際學校","BaseHeight":9.9000000000000004,"TopHeight":19.199999999999999,"Storeys":2,"StoreysInBasement":null,"DateStamp":1599580800000}},{"type":"Feature","id":243392,"geometry":{"type":"Polygon","coordinates":[[[114.17568610475539,22.326941947776032],[114.17568388839702,22.326986802139487],[114.17568369772995,22.326990661539689],[114.17558478907883,22.326986570315412],[114.17558719613852,22.326937856553208],[114.17568610475539,22.326941947776032]]]},"properties":{"OBJECTID":243392,"Shape__Length":31.200034991521846,"Shape__Area":55.080047145439565,"GeoRefNo":"3613620879","DateCreate":1114790400000,"BuildingBlockType":"Tower","BuildingCSUID":"3613620879T20050430","BuildingID":1108229698,"Status":"Active","BuildingNameEN":"Religious Bldg Substation","BuildingNameTC":"香港國際創價學會變電站","BaseHeight":8.5999999999999996,"TopHeight":11.699999999999999,"Storeys":null,"StoreysInBasement":null,"DateStamp":1300377600000}},{"type":"Feature","id":243593,"geometry":{"type":"Polygon","coordinates":[[[114.1776402191299,22.326439562562303],[114.17767961919897,22.326441550625013],[114.1776765080719,22.326503652089009],[114.17763781345217,22.326501875428075],[114.17763661206824,22.326532994564435],[114.17751407115873,22.326527483128274],[114.17751578507041,22.326496272420478],[114.17747704124298,22.326494493463734],[114.17748025048917,22.326431490840879],[114.17751923463199,22.326433457902947],[114.17751993527831,22.326420699035612],[114.17764075261397,22.326425742240115],[114.1776402191299,22.326439562562303]]]},"properties":{"OBJECTID":243593,"Shape__Length":64.897682642229128,"Shape__Area":204.59315709876617,"GeoRefNo":"3634120825","DateCreate":1114790400000,"BuildingBlockType":"Tower","BuildingCSUID":"3634120825T20050430","BuildingID":1108230015,"Status":"Active","BuildingNameEN":"St. Teresa's Church Convention Centre","BuildingNameTC":"聖德肋撒堂會議中心","BaseHeight":11.199999999999999,"TopHeight":22.399999999999999,"Storeys":null,"StoreysInBasement":null,"DateStamp":1300204800000}},{"type":"Feature","id":243755,"geometry":{"type":"Polygon","coordinates":[[[114.17764592361478,22.339287524246625],[114.17767858079445,22.339226771715989],[114.17767647235414,22.339225791006822],[114.17768068820465,22.339217946126492],[114.17762408944041,22.339162727081266],[114.17774488257582,22.339057496343749],[114.17799093025388,22.339302947627189],[114.17800021579581,22.339312210670094],[114.17797154580724,22.339345578297305],[114.17796209875679,22.339339048898488],[114.17794786336346,22.339356873721467],[114.17792484139102,22.339341610856632],[114.17788189784252,22.339395377271742],[114.17785004261644,22.339373204169156],[114.17780236446508,22.339385417859319],[114.17779417698983,22.339399026529048],[114.17780391845041,22.339404098582115],[114.17780465611507,22.339404518679913],[114.17780541552523,22.339405081189692],[114.17780615144375,22.339405669888258],[114.17780686299699,22.339406284143518],[114.17780754902009,22.339406922962056],[114.17780820863933,22.33940758544086],[114.17780884088403,22.339408270676874],[114.17780944478342,22.339408977586441],[114.17781001956087,22.33940970526648],[114.17781056434276,22.339410452633352],[114.17781107844955,22.339411218603388],[114.17781156100756,22.33941200209291],[114.17781201133728,22.339412802108576],[114.17781242885627,22.339413617295808],[114.17781281298208,22.339414446570924],[114.1778131631322,22.339415288759977],[114.17781347882132,22.339416142688975],[114.17781375956405,22.339417007093648],[114.17781400497208,22.339417880709707],[114.17781421475416,22.339418762453523],[114.17781438852204,22.339419650880167],[114.17781452598446,22.339420544725378],[114.17781462714137,22.339421442815176],[114.17781469170158,22.339422343794975],[114.17781471966511,22.339423246490799],[114.17781471083774,22.339424149457763],[114.17781466531656,22.339425051431601],[114.17781458329574,22.339425951238312],[114.17781446467815,22.339426847433028],[114.17781430975502,22.339427738841749],[114.17781411872046,22.339428624200202],[114.17781389176869,22.339429502153827],[114.17781362938497,22.339430371618914],[114.17781333186058,22.339431231150581],[114.17781299968084,22.339432079574845],[114.17781263313697,22.339432915717758],[114.17781223300554,22.339433738405312],[114.17781179967487,22.339434546463526],[114.17781133372735,22.339435338628139],[114.17781083603668,22.33943611390578],[114.17781030718525,22.339436871122444],[114.17780974794965,22.339437609194494],[114.1778091591065,22.339438327038241],[114.17780854152942,22.339439023750611],[114.17780789599496,22.339439698157626],[114.17780722357099,22.339440349446559],[114.17780652522821,22.339440976533698],[114.17780580184025,22.339441578696597],[114.17780505457202,22.339442154941899],[114.17780428429718,22.339442704547164],[114.17780349237472,22.339443226609291],[114.17780267967835,22.339443720496146],[114.17780184756703,22.339444185485313],[114.17780099720567,22.339444620854263],[114.17780012966209,22.339445025970935],[114.17779924639237,22.339445400293449],[114.17779834846432,22.339445743279931],[114.17779743723699,22.339446054478874],[114.17779651397228,22.339446333438762],[114.17779558012634,22.339446579708028],[114.17779463686402,22.339446792925436],[114.17779368564146,22.339446972820085],[114.17779272781766,22.339447119211339],[114.17779176475163,22.339447231737989],[114.17779079770537,22.339447310399994],[114.17778982823205,22.339447354926463],[114.1777888575936,22.339447365317337],[114.17778788724614,22.339447341662989],[114.17778691854869,22.339447283782722],[114.17778595295739,22.339447191947503],[114.17778499173413,22.339447066247597],[114.17778403633508,22.339446906773308],[114.17778308802218,22.339446713885856],[114.17778214825151,22.339446487765848],[114.17778062186468,22.339446162583894],[114.17777063694439,22.339441518218781],[114.1777639612786,22.339453938906345],[114.17750977901379,22.339335353584421],[114.17755824782843,22.339246566863647],[114.17764592361478,22.339287524246625]],[[114.17772952737056,22.33930652494189],[114.17771038082772,22.339342706938059],[114.17778290368801,22.339376440231323],[114.17784481822957,22.339361469424734],[114.17790379933632,22.339288546721924],[114.17779382407166,22.339178723008594],[114.17771793252778,22.339245075572791],[114.17769504565628,22.339234430096354],[114.17766237663916,22.339295210173564],[114.17767190452243,22.339299661112943],[114.17767506714026,22.339293777678602],[114.17767998586797,22.339296392906682],[114.17768560732404,22.339285279854771],[114.17772952737056,22.33930652494189]]]},"properties":{"OBJECTID":243755,"Shape__Length":240.15915795245328,"Shape__Area":771.33275113760294,"GeoRefNo":"3635522231","DateCreate":1225382400000,"BuildingBlockType":"Tower","BuildingCSUID":"3635522231T20081031","BuildingID":1108222349,"Status":"Active","BuildingNameEN":"China Graduate School of Theology","BuildingNameTC":"中國神學研究院","BaseHeight":35.799999999999997,"TopHeight":44.299999999999997,"Storeys":3,"StoreysInBasement":null,"DateStamp":1599580800000}},{"type":"Feature","id":243880,"geometry":{"type":"Polygon","coordinates":[[[114.18239032657763,22.337257267981837],[114.18215063315638,22.337266826130918],[114.18209729253313,22.337268953128572],[114.18208201281846,22.336937324457956],[114.18214969604387,22.33693462554043],[114.18237751305342,22.336925541001428],[114.18237968000381,22.336972570536201],[114.18242255268721,22.336970860929348],[114.18243249048925,22.337186538798164],[114.18238715095035,22.337188346744853],[114.18239032657763,22.337257267981837]]]},"properties":{"OBJECTID":243880,"Shape__Length":143.29318679392836,"Shape__Area":1223.6821703648964,"GeoRefNo":"3682322005","DateCreate":1341417600000,"BuildingBlockType":"Tower","BuildingCSUID":"3682322005T20120705","BuildingID":1810086316,"Status":"Active","BuildingNameEN":"HONG KONG BAPTIST UNIVERSITY Madam Kwok Chung Po Fun Sports & Cultural Centre","BuildingNameTC":"香港浸會大學郭鍾寶芬女士康體文娛中心","BaseHeight":34.5,"TopHeight":61.299999999999997,"Storeys":3,"StoreysInBasement":null,"DateStamp":1599580800000}},{"type":"Feature","id":244149,"geometry":{"type":"Polygon","coordinates":[[[114.17976959994563,22.327862070323995],[114.17985098409348,22.327858935756861],[114.17988548056367,22.327857088446095],[114.17988574866034,22.327861622517194],[114.17989447474139,22.327860978200878],[114.1799027019063,22.327860370828606],[114.17991092916819,22.327859763365659],[114.1799143867342,22.327859508095585],[114.17991972437261,22.327859706305595],[114.17992294132137,22.327859825718892],[114.17993072876867,22.327863135369888],[114.17993658748222,22.327868943459141],[114.17993964394995,22.327876383880181],[114.1799394423271,22.327884346873336],[114.1799360125801,22.327891645006385],[114.17992986621999,22.32789718990324],[114.17992191991566,22.327900154615421],[114.17991331787681,22.327900558085144],[114.17990507769798,22.327900944570075],[114.17989683751908,22.327901331054584],[114.17988812036043,22.32790173994351],[114.17989589896357,22.328033311084734],[114.17989871258297,22.328081091585069],[114.17992840087169,22.328079726679665],[114.17997263172087,22.328077693314665],[114.18044243299208,22.328056094379416],[114.18045190009423,22.328217633449118],[114.18037090810979,22.328221485608623],[114.18038476742429,22.328450195605328],[114.18046527110133,22.328446219640654],[114.18047070102685,22.328553152745304],[114.18038747778195,22.328556817307469],[114.18025130895553,22.32856281302421],[114.18024125331419,22.328563255734693],[114.17995656359558,22.328575791410369],[114.17994356449819,22.328365173688574],[114.17994418999015,22.328365145410835],[114.17998842296831,22.328363148254173],[114.18019387822952,22.328353871698024],[114.18018207998082,22.328163399212553],[114.17997793152128,22.32817349814394],[114.17993370918715,22.328175685752598],[114.17987540611931,22.328178569872378],[114.17987257728831,22.32815417687122],[114.17978850874572,22.328158838208775],[114.17978051080095,22.328033313225614],[114.17976959994563,22.327862070323995]]]},"properties":{"OBJECTID":244149,"Shape__Length":373.01291245901325,"Shape__Area":2624.001727173491,"GeoRefNo":"3661821018","DateCreate":1114790400000,"BuildingBlockType":"Tower","BuildingCSUID":"3661821018T20050430","BuildingID":1108228520,"Status":"Active","BuildingNameEN":"Maryknoll Convent School (Secondary Section)","BuildingNameTC":"瑪利諾修院學校（中學部）","BaseHeight":20.199999999999999,"TopHeight":39.5,"Storeys":null,"StoreysInBasement":null,"DateStamp":1419177600000}},{"type":"Feature","id":244153,"geometry":{"type":"Polygon","coordinates":[[[114.18155293129603,22.328165520132025],[114.18154885692293,22.32807490700176],[114.18151782312124,22.328076116465279],[114.18151582941724,22.328033272357967],[114.18151521667494,22.328022638771664],[114.18155292642393,22.328020766088773],[114.18160245156528,22.328018306693831],[114.18160126161172,22.327997565913588],[114.18163012237926,22.327996131004774],[114.18163192538245,22.328033268960841],[114.18163378103338,22.328071492572064],[114.18169682453376,22.328069165406465],[114.18169508183367,22.32803326707786],[114.18169508125085,22.328033254615686],[114.18169316007008,22.327995194279911],[114.1817193472767,22.327994227580884],[114.18171880851058,22.327981594711883],[114.18177797226126,22.327979410676118],[114.18178058619715,22.328033264489402],[114.18178957626733,22.328218477534861],[114.18177267131466,22.328219187764777],[114.18172821892726,22.328220774974916],[114.18170422565267,22.328221631616881],[114.18170184340019,22.328163878390157],[114.18169901444503,22.328114279523568],[114.1816359675245,22.328116530562262],[114.18163879703981,22.328166129339632],[114.18164117926638,22.328223882567251],[114.18158770132121,22.328225791946807],[114.18155569071115,22.32822693480048],[114.18155342009682,22.328176391135678],[114.18155293129603,22.328165520132025]]]},"properties":{"OBJECTID":244153,"Shape__Length":147.92258069879313,"Shape__Area":488.62854357283067,"GeoRefNo":"3676121006","DateCreate":1240848000000,"BuildingBlockType":"Tower","BuildingCSUID":"3676121006T20090428","BuildingID":1108228817,"Status":"Active","BuildingNameEN":"One LaSalle","BuildingNameTC":null,"BaseHeight":22.899999999999999,"TopHeight":47.799999999999997,"Storeys":9,"StoreysInBasement":null,"DateStamp":1599580800000}},{"type":"Feature","id":244285,"geometry":{"type":"Polygon","coordinates":[[[114.17758848533765,22.340992963745439],[114.177533327665,22.340922324523024],[114.17760860095431,22.340871458587582],[114.17761527099408,22.340879999669152],[114.17775466942929,22.340785779378916],[114.17776308585884,22.340796555510789],[114.17777774015752,22.340786650695925],[114.17781212133633,22.340830671814512],[114.17775184318232,22.340871409072285],[114.17779491835235,22.340926584524595],[114.17770224561635,22.340989194265489],[114.17766489771387,22.340941374430244],[114.17758848533765,22.340992963745439]]]},"properties":{"OBJECTID":244285,"Shape__Length":90.833943076352142,"Shape__Area":326.27865232259325,"GeoRefNo":"3635022424","DateCreate":1384099200000,"BuildingBlockType":"Tower","BuildingCSUID":"3635022424T20131111","BuildingID":1810107400,"Status":"Active","BuildingNameEN":"3 Ede Road Tower 2","BuildingNameTC":null,"BaseHeight":38.399999999999999,"TopHeight":95.799999999999997,"Storeys":13,"StoreysInBasement":2,"DateStamp":1599580800000}},{"type":"Feature","id":244287,"geometry":{"type":"Polygon","coordinates":[[[114.17790936890152,22.34085127968152],[114.17788101916291,22.340838923337792],[114.17787628296702,22.340848327804675],[114.17780041559639,22.340815280993013],[114.1778267288243,22.340763114567782],[114.17776009176566,22.340734210093025],[114.17777419746572,22.340706201696264],[114.17778606485011,22.340711374337751],[114.17781112620921,22.34066161393676],[114.17805594101196,22.340768316593365],[114.17801814870897,22.34084324505486],[114.17793223619829,22.340805873547517],[114.17790936890152,22.34085127968152]]]},"properties":{"OBJECTID":244287,"Shape__Length":90.157506582568899,"Shape__Area":337.80944779374732,"GeoRefNo":"3637422412","DateCreate":1384099200000,"BuildingBlockType":"Tower","BuildingCSUID":"3637422412T20131111","BuildingID":1810107410,"Status":"Active","BuildingNameEN":"3 Ede Road Tower 1","BuildingNameTC":null,"BaseHeight":38.399999999999999,"TopHeight":88.5,"Storeys":13,"StoreysInBasement":2,"DateStamp":1599580800000}},{"type":"Feature","id":244288,"geometry":{"type":"Polygon","coordinates":[[[114.17805135405362,22.341036653711836],[114.17804668567298,22.341040903443051],[114.17799736504004,22.34099346134224],[114.17804645917684,22.340948858632565],[114.17805739277806,22.340959055780154],[114.17808116402144,22.340937514165898],[114.1781187310899,22.340903430060219],[114.17815778541679,22.340940931266605],[114.17813980298686,22.340957342397733],[114.17805135405362,22.341036653711836]]]},"properties":{"OBJECTID":244288,"Shape__Length":46.501435343175096,"Shape__Area":102.9357305540089,"GeoRefNo":"3639222434","DateCreate":1403712000000,"BuildingBlockType":"Tower","BuildingCSUID":"3639222434T20140626","BuildingID":1810129292,"Status":"Active","BuildingNameEN":"Eden Gate B","BuildingNameTC":null,"BaseHeight":40.299999999999997,"TopHeight":52.100000000000001,"Storeys":3,"StoreysInBasement":null,"DateStamp":1599580800000}},{"type":"Feature","id":244428,"geometry":{"type":"Polygon","coordinates":[[[114.17773522024136,22.343222200194159],[114.17772942245072,22.343204963400591],[114.17778922484058,22.343187812293696],[114.17780606459756,22.34323755500025],[114.17782468066595,22.343232306050201],[114.17780782012809,22.343182479180761],[114.17786977641943,22.343164710340226],[114.17787538793088,22.343181187207762],[114.17793866625003,22.343366990181785],[114.177876390791,22.3433851218985],[114.17785879212967,22.343333113435474],[114.17784023516951,22.343338490893998],[114.17785784916285,22.343390520309836],[114.177797724307,22.343408025803043],[114.17773522024136,22.343222200194159]]]},"properties":{"OBJECTID":244428,"Shape__Length":101.03847837808942,"Shape__Area":333.2914012854323,"GeoRefNo":"3636622687","DateCreate":1114790400000,"BuildingBlockType":"Tower","BuildingCSUID":"3636622687T20050430","BuildingID":1108221128,"Status":"Active","BuildingNameEN":"Joy Garden Block 2","BuildingNameTC":"天樂園第２座","BaseHeight":70,"TopHeight":90.799999999999997,"Storeys":7,"StoreysInBasement":null,"DateStamp":1599580800000}},{"type":"Feature","id":244431,"geometry":{"type":"Polygon","coordinates":[[[114.1811982175126,22.342923707343857],[114.18117927953676,22.342967274656065],[114.18106977871913,22.342916970970499],[114.1810865576327,22.342879019567118],[114.18113541421879,22.342898490439751],[114.18112644402703,22.342917968530067],[114.18114296034827,22.342924645383935],[114.18115196732747,22.342905087371211],[114.1811982175126,22.342923707343857]]]},"properties":{"OBJECTID":244431,"Shape__Length":39.552704495573025,"Shape__Area":56.797348863046658,"GeoRefNo":"3670322646","DateCreate":1195056000000,"BuildingBlockType":"Open-sided Structure","BuildingCSUID":"3670322646T20071115","BuildingID":1108221237,"Status":"Active","BuildingNameEN":"ALICE COURT","BuildingNameTC":"雅麗園","BaseHeight":null,"TopHeight":null,"Storeys":null,"StoreysInBasement":null,"DateStamp":1339948800000}},{"type":"Feature","id":244473,"geometry":{"type":"Polygon","coordinates":[[[114.1698916163012,22.330729091571182],[114.17000766243912,22.330727695403315],[114.17000802533738,22.330760393891005],[114.17003944419689,22.330759648291153],[114.17003945818692,22.330727312758409],[114.17031046290451,22.330724051836835],[114.1703109466892,22.330757465008958],[114.17034712600892,22.330757175314364],[114.17034721953581,22.33087578866775],[114.17027149285252,22.330876947043823],[114.17027090228092,22.330843994427386],[114.17004862703129,22.330846947309308],[114.17005016768965,22.33094733077731],[114.16996547453448,22.330948455853999],[114.16996476654818,22.330902323820375],[114.1699191329802,22.330902930000128],[114.16991836066602,22.330852604793307],[114.16989351687435,22.330852934792951],[114.1698916163012,22.330729091571182]]]},"properties":{"OBJECTID":244473,"Shape__Length":156.7349417095183,"Shape__Area":749.80619633862796,"GeoRefNo":"3557521305","DateCreate":1114790400000,"BuildingBlockType":"Tower","BuildingCSUID":"3557521305T20050430","BuildingID":1108226623,"Status":"Active","BuildingNameEN":"The Hong Kong Sze Yap Commercial & Industrial Association San Wui Commercial Society School","BuildingNameTC":"香港四邑商工總會新會商會學校","BaseHeight":9.1999999999999993,"TopHeight":24.5,"Storeys":4,"StoreysInBasement":null,"DateStamp":1599580800000}},{"type":"Feature","id":244478,"geometry":{"type":"Polygon","coordinates":[[[114.17124304259333,22.332342538357601],[114.17121864957872,22.332334166167023],[114.17120154737644,22.332301989617086],[114.17117469062246,22.332249132696582],[114.17118647603692,22.332217092609035],[114.17119960119763,22.332179923197501],[114.17120353291902,22.332168806689797],[114.17124807846658,22.332148624883551],[114.17129979745198,22.332126185664929],[114.17140649384125,22.332159719815728],[114.17141990760221,22.332188437509263],[114.17145282407239,22.332174612786599],[114.17154909550288,22.332204696815428],[114.17156643068138,22.332238372412959],[114.17157943692435,22.332263622337006],[114.17159582091445,22.332295437600845],[114.17156600820776,22.33237368661128],[114.17152990774345,22.332390319762862],[114.17150529069701,22.332401661364258],[114.17147294684298,22.332416560755124],[114.17137093865851,22.33238304486828],[114.17135433150102,22.332349956262739],[114.17131968707739,22.332365830847998],[114.17124304259333,22.332342538357601]]]},"properties":{"OBJECTID":244478,"Shape__Length":121.24845593242814,"Shape__Area":918.71592847941622,"GeoRefNo":"3570321469","DateCreate":1319126400000,"BuildingBlockType":"Tower","BuildingCSUID":"3570321469T20111021","BuildingID":1108245669,"Status":"Active","BuildingNameEN":null,"BuildingNameTC":null,"BaseHeight":9.9000000000000004,"TopHeight":16.399999999999999,"Storeys":1,"StoreysInBasement":null,"DateStamp":1419868800000}},{"type":"Feature","id":244491,"geometry":{"type":"Polygon","coordinates":[[[114.17811592982351,22.341339486614228],[114.17811599639221,22.341347391523239],[114.17808765373381,22.34134756964767],[114.17803879740495,22.34134752152487],[114.17803851013977,22.341322571777592],[114.17806426147628,22.341322320082352],[114.1780641274209,22.341311845163844],[114.17805467174868,22.341311920911686],[114.17805458603776,22.341301498008857],[114.17796514216624,22.341255352535999],[114.17800556850081,22.341187566620555],[114.1780685991389,22.341219861096363],[114.17812829333376,22.341219467528916],[114.17812832742398,22.341210807482696],[114.1782605490872,22.341209630951532],[114.1782620334056,22.341209901917818],[114.17826345160887,22.341210417013258],[114.17826476384731,22.341211161764321],[114.17826593324865,22.341212115244446],[114.17826692695421,22.341213250662044],[114.17826771704209,22.341214536113316],[114.17826810552161,22.341215493408125],[114.17826836622935,22.341216493088652],[114.17826849473875,22.341217518181338],[114.17826914321205,22.3412851341185],[114.17820786065235,22.34128564216865],[114.17820805714165,22.34130641807732],[114.17819750209662,22.341306429545156],[114.17819768294396,22.341335999784295],[114.17818028887299,22.341335775610652],[114.17817991725983,22.341337798897651],[114.17817922275205,22.341339735246173],[114.17817822370111,22.341341533490827],[114.17817694650556,22.341343146115445],[114.17817542491355,22.341344530508607],[114.17817369913111,22.3413456500896],[114.17817181475969,22.341346475275014],[114.17816982159124,22.341346984260447],[114.17814018463393,22.341347187690335],[114.17814010864767,22.341339289915553],[114.17811592982351,22.341339486614228]]]},"properties":{"OBJECTID":244491,"Shape__Length":96.533056805919159,"Shape__Area":348.32435417679847,"GeoRefNo":"3639622467","DateCreate":1403712000000,"BuildingBlockType":"Tower","BuildingCSUID":"3639622467T20140626","BuildingID":1810129273,"Status":"Active","BuildingNameEN":"Eden Gate Tower 1","BuildingNameTC":null,"BaseHeight":42.200000000000003,"TopHeight":92.900000000000006,"Storeys":15,"StoreysInBasement":2,"DateStamp":1599580800000}},{"type":"Feature","id":244492,"geometry":{"type":"Polygon","coordinates":[[[114.17796514216624,22.341255352535999],[114.1778836007566,22.341213282910232],[114.17787574990049,22.341209232389026],[114.17786591607077,22.341214592908305],[114.17786089016182,22.341206935919804],[114.1778420026908,22.341217652345488],[114.17783672875404,22.341209584557117],[114.17783437716503,22.341210977595118],[114.17783183960178,22.341211993123824],[114.17782917622094,22.341212607068648],[114.17782645016182,22.341212804875127],[114.17782372604961,22.341212581853974],[114.17782106846336,22.341211943292233],[114.17781854040501,22.341210904327934],[114.1778162018059,22.341209489591236],[114.1778006466668,22.341185229599834],[114.17780884848048,22.341180495183803],[114.17779629163182,22.341161386391683],[114.17778821698612,22.341166028423608],[114.1777725393486,22.341141802294739],[114.17777204067839,22.34114029547667],[114.17777179233163,22.341138727836235],[114.17777180085035,22.341137140668916],[114.17777206601016,22.341135575784598],[114.1777725808261,22.34113407440616],[114.17777333173666,22.341132676083596],[114.17777429896101,22.341131417652146],[114.17777545702009,22.341130332261976],[114.17777677540779,22.341129448504923],[114.17777821939455,22.341128789661315],[114.17777313087855,22.341120874486354],[114.17779547001383,22.341108204284172],[114.17778768755115,22.341096423409407],[114.17781290677765,22.341081947254317],[114.17778750371853,22.341043414142785],[114.17782201275003,22.341023874490251],[114.1778477853815,22.341009268105381],[114.17794257089407,22.341154881818611],[114.17800556850081,22.341187566620555],[114.17796514216624,22.341255352535999]]]},"properties":{"OBJECTID":244492,"Shape__Length":86.174307732644479,"Shape__Area":309.34862110726272,"GeoRefNo":"3637222452","DateCreate":1403712000000,"BuildingBlockType":"Tower","BuildingCSUID":"3637222452T20140626","BuildingID":1810129274,"Status":"Active","BuildingNameEN":"Eden Gate Tower 2","BuildingNameTC":null,"BaseHeight":42.200000000000003,"TopHeight":92.900000000000006,"Storeys":15,"StoreysInBasement":2,"DateStamp":1599580800000}},{"type":"Feature","id":244493,"geometry":{"type":"Polygon","coordinates":[[[114.17809684738283,22.3408826727436],[114.17805923944597,22.340916728940133],[114.1780355409103,22.340938116218243],[114.17804645917684,22.340948858632565],[114.17799736504004,22.34099346134224],[114.17794692371267,22.340945820561302],[114.17805772280731,22.340845262370316],[114.17809684738283,22.3408826727436]]]},"properties":{"OBJECTID":244493,"Shape__Length":46.644349588994011,"Shape__Area":103.50774699129082,"GeoRefNo":"3638622428","DateCreate":1403712000000,"BuildingBlockType":"Tower","BuildingCSUID":"3638622428T20140626","BuildingID":1810129291,"Status":"Active","BuildingNameEN":"Eden Gate C","BuildingNameTC":null,"BaseHeight":40.299999999999997,"TopHeight":52.100000000000001,"Storeys":3,"StoreysInBasement":null,"DateStamp":1599580800000}},{"type":"Feature","id":244494,"geometry":{"type":"Polygon","coordinates":[[[114.17817640520398,22.340992214458868],[114.17814144436176,22.341023699016496],[114.1781536300588,22.341035396937887],[114.17809555231305,22.341087468663734],[114.17806153502053,22.341055451850909],[114.17804668567298,22.341040903443051],[114.17805135405362,22.341036653711836],[114.17813980298686,22.340957342397733],[114.17817640520398,22.340992214458868]]]},"properties":{"OBJECTID":244494,"Shape__Length":41.057028620276355,"Shape__Area":87.150213303529782,"GeoRefNo":"3639622439","DateCreate":1403712000000,"BuildingBlockType":"Tower","BuildingCSUID":"3639622439T20140626","BuildingID":1810129293,"Status":"Active","BuildingNameEN":"Eden Gate A","BuildingNameTC":null,"BaseHeight":40.200000000000003,"TopHeight":52.100000000000001,"Storeys":3,"StoreysInBasement":null,"DateStamp":1599580800000}},{"type":"Feature","id":244553,"geometry":{"type":"Polygon","coordinates":[[[114.18423334960458,22.327907827417381],[114.18438378833632,22.327902473467937],[114.18438512373935,22.327934457028526],[114.18435167013445,22.327935413116986],[114.18435290363713,22.327967873497318],[114.18439005155162,22.327966630966831],[114.18439056591862,22.327983146979602],[114.18440339312036,22.327982764387105],[114.1844051599076,22.328025891578484],[114.18423977503274,22.328030570834105],[114.18423334960458,22.327907827417381]]]},"properties":{"OBJECTID":244553,"Shape__Length":68.514194766888636,"Shape__Area":207.31557103145772,"GeoRefNo":"3703420993","DateCreate":1253203200000,"BuildingBlockType":"Tower","BuildingCSUID":"3703420993T20090918","BuildingID":1108228978,"Status":"Active","BuildingNameEN":"Eight College","BuildingNameTC":null,"BaseHeight":32,"TopHeight":67.200000000000003,"Storeys":10,"StoreysInBasement":null,"DateStamp":1599580800000}},{"type":"Feature","id":244555,"geometry":{"type":"Polygon","coordinates":[[[114.17921639714396,22.326841823079349],[114.17921671955528,22.326833876339357],[114.179118801934,22.326829205777297],[114.17911823617904,22.326837363113807],[114.17907409892318,22.326835357676234],[114.17908028266143,22.32671003915133],[114.17912692288765,22.326712110294466],[114.17913579461194,22.326712504353658],[114.17913985567108,22.326616150106279],[114.17913359877986,22.326615852005325],[114.17908504446618,22.326613538329145],[114.17909109369729,22.326490947039439],[114.17914209962649,22.326493279823726],[114.17914156104588,22.326501045232821],[114.17923003191754,22.326505715379586],[114.17923037256776,22.326497317109634],[114.17931965120123,22.326501400297694],[114.17931419621345,22.326624457203732],[114.17922538661293,22.326620225542953],[114.17922568360295,22.32661290525488],[114.17920081153885,22.326611900335553],[114.17920051454446,22.326619040463381],[114.17919651506267,22.326715200824655],[114.17919615073222,22.326723958963523],[114.17922115530219,22.32672453176804],[114.17922148877365,22.326716309775474],[114.17930995035533,22.326720238196575],[114.17930438338227,22.326845820684714],[114.17921639714396,22.326841823079349]]]},"properties":{"OBJECTID":244555,"Shape__Length":165.56980545842382,"Shape__Area":696.30345894518916,"GeoRefNo":"3650420849","DateCreate":1114790400000,"BuildingBlockType":"Tower","BuildingCSUID":"3650420849T20050430","BuildingID":1108229787,"Status":"Active","BuildingNameEN":"Sunpeace Court","BuildingNameTC":"日和閣","BaseHeight":11.1,"TopHeight":48.200000000000003,"Storeys":12,"StoreysInBasement":null,"DateStamp":1599580800000}},{"type":"Feature","id":244571,"geometry":{"type":"Polygon","coordinates":[[[114.17762299926545,22.339705712005355],[114.17765791000892,22.339642866094078],[114.17741495464458,22.33952608677324],[114.1774999916623,22.339372979324043],[114.17784674196356,22.339539681795031],[114.17774515114328,22.339722600338238],[114.17775037462242,22.339861664793474],[114.17763593138473,22.339867215591422],[114.17762299926545,22.339705712005355]]]},"properties":{"OBJECTID":244571,"Shape__Length":163.24382827666182,"Shape__Area":1039.0059999294751,"GeoRefNo":"3634422272","DateCreate":1271692800000,"BuildingBlockType":"Tower","BuildingCSUID":"3634422272T20100420","BuildingID":1109609224,"Status":"Active","BuildingNameEN":"The Church of Jesus Christ of Latter-Day Saints","BuildingNameTC":"耶穌基督後期聖徒教會","BaseHeight":32,"TopHeight":46.700000000000003,"Storeys":3,"StoreysInBasement":null,"DateStamp":1599580800000}},{"type":"Feature","id":244572,"geometry":{"type":"Polygon","coordinates":[[[114.16902782518382,22.340360282540129],[114.16886219302729,22.340314142889],[114.16886677234272,22.34033401416352],[114.16870058073312,22.340301298624812],[114.16866404486142,22.340362566232219],[114.16862833391139,22.34028748389844],[114.16801679960226,22.340167656378672],[114.1680145909052,22.339900113659038],[114.16802693151628,22.339901690164847],[114.16847890240822,22.339825294778706],[114.16848341062605,22.33984791162629],[114.16850625605758,22.339962732907395],[114.16853417304243,22.339966302227953],[114.16853336494012,22.339954176657539],[114.16865853563837,22.339807476687799],[114.16877567533581,22.339914673543365],[114.16882563571248,22.339910547874457],[114.16905616517585,22.340196468889605],[114.16902782518382,22.340360282540129]]]},"properties":{"OBJECTID":244572,"Shape__Length":317.53328122991434,"Shape__Area":4198.1752709238153,"GeoRefNo":"3540522338","DateCreate":1272816000000,"BuildingBlockType":"Tower","BuildingCSUID":"3540522338T20100503","BuildingID":1109609295,"Status":"Active","BuildingNameEN":"Run Run Shaw Creative Media Centre","BuildingNameTC":"邵逸夫創意媒體中心","BaseHeight":81.700000000000003,"TopHeight":120.90000000000001,"Storeys":9,"StoreysInBasement":null,"DateStamp":1599580800000}},{"type":"Feature","id":244740,"geometry":{"type":"Polygon","coordinates":[[[114.18213302134446,22.340126331200132],[114.18207793680575,22.34014249076245],[114.18207122223075,22.340122682150362],[114.18208325753051,22.340119151620019],[114.1820763967463,22.340098912254565],[114.18211944616679,22.340086283316907],[114.18213302134446,22.340126331200132]]]},"properties":{"OBJECTID":244740,"Shape__Length":21.199858643831806,"Shape__Area":24.612114264585799,"GeoRefNo":"3680722338","DateCreate":1332777600000,"BuildingBlockType":"Tower","BuildingCSUID":"3680722338T20120327","BuildingID":1810081342,"Status":"Active","BuildingNameEN":null,"BuildingNameTC":null,"BaseHeight":64.799999999999997,"TopHeight":69.799999999999997,"Storeys":2,"StoreysInBasement":2,"DateStamp":1599580800000}},{"type":"Feature","id":244863,"geometry":{"type":"Polygon","coordinates":[[[114.18070803447,22.342379862937385],[114.18071049747559,22.34237999761454],[114.18071296019008,22.342380136445719],[114.18071542271052,22.342380279521226],[114.18071788484279,22.342380426750768],[114.18072034678104,22.342380578134343],[114.18072280842817,22.342380733762234],[114.18072526968712,22.342380893634473],[114.18072773065495,22.342381057660759],[114.18072925052252,22.342424835113203],[114.18066694669321,22.342427785803231],[114.18066565268074,22.342396041577995],[114.18066616774837,22.342388376057663],[114.18066610525307,22.342378509349842],[114.18066610291328,22.342378144153681],[114.18066859610931,22.342378279553188],[114.18067106231648,22.342378347043407],[114.18067352842671,22.342378418687673],[114.18067599434289,22.342378494576259],[114.18067846006504,22.34237857461887],[114.18068092569024,22.34237865890584],[114.18068339112138,22.342378747346828],[114.1806858564556,22.342378840032122],[114.18068832149869,22.342378936871473],[114.18069078634775,22.342379037955158],[114.18069325109985,22.342379143192861],[114.18069571556086,22.342379252674906],[114.18069817982783,22.342379366310983],[114.18070064380369,22.342379484191383],[114.18070310758553,22.342379606225837],[114.18070557117332,22.342379732504615],[114.18070803447,22.342379862937385]]]},"properties":{"OBJECTID":244863,"Shape__Length":23.134996553045656,"Shape__Area":33.32745809730411,"GeoRefNo":"3666022591","DateCreate":1195056000000,"BuildingBlockType":"Open-sided Structure","BuildingCSUID":"3666022591T20071115","BuildingID":1108221369,"Status":"Active","BuildingNameEN":"WELCOME GARDENS","BuildingNameTC":"偉錦園","BaseHeight":null,"TopHeight":null,"Storeys":null,"StoreysInBasement":null,"DateStamp":1339948800000}},{"type":"Feature","id":244999,"geometry":{"type":"Polygon","coordinates":[[[114.17994697580703,22.332168089589537],[114.17990333801419,22.332169931848252],[114.17989819175837,22.332064582459655],[114.17994180456141,22.33206226709067],[114.17994697580703,22.332168089589537]]]},"properties":{"OBJECTID":244999,"Shape__Length":32.408729081977896,"Shape__Area":52.669662629683167,"GeoRefNo":"3658221453","DateCreate":1342108800000,"BuildingBlockType":"Open-sided Structure","BuildingCSUID":"3658221453T20120713","BuildingID":1810086662,"Status":"Active","BuildingNameEN":null,"BuildingNameTC":null,"BaseHeight":null,"TopHeight":null,"Storeys":null,"StoreysInBasement":null,"DateStamp":1347984000000}},{"type":"Feature","id":245018,"geometry":{"type":"Polygon","coordinates":[[[114.17574858510154,22.328382300098735],[114.17577940094486,22.328441691746331],[114.17579368541401,22.328434808907531],[114.17580270287149,22.328430463899252],[114.17580950352888,22.328427187014071],[114.17583318012643,22.328415778643578],[114.17585542936105,22.328405058030349],[114.17586873015352,22.328398649104052],[114.17589143122596,22.328387710761124],[114.17602652423771,22.328322616957465],[114.17606028108142,22.328383260928128],[114.17593001522847,22.328446028778693],[114.1759300269733,22.32844605334196],[114.17579276557642,22.328505925295531],[114.17579273490399,22.328505867138368],[114.17578329666202,22.328509984030756],[114.17574942307591,22.328444700810753],[114.17575719507846,22.328440856903864],[114.17573116646264,22.328390692826108],[114.17574858510154,22.328382300098735]]]},"properties":{"OBJECTID":245018,"Shape__Length":92.475580315324791,"Shape__Area":250.08716057224999,"GeoRefNo":"3616221045","DateCreate":1196870400000,"BuildingBlockType":"Open-sided Structure","BuildingCSUID":"3616221045T20071206","BuildingID":1108228579,"Status":"Active","BuildingNameEN":"KOWLOON TONG SCHOOL","BuildingNameTC":"九龍塘學校","BaseHeight":null,"TopHeight":null,"Storeys":null,"StoreysInBasement":null,"DateStamp":1344182400000}},{"type":"Feature","id":245019,"geometry":{"type":"Polygon","coordinates":[[[114.17764227553579,22.330667249829602],[114.17764224921758,22.330681799542155],[114.17761720192365,22.330682138312419],[114.17761687510431,22.330666049880712],[114.17757224241257,22.33066683457767],[114.17757095428914,22.330641247151977],[114.17758411450042,22.330640976264199],[114.17758264175217,22.330579050860951],[114.1777352994764,22.330576618506516],[114.17773600812281,22.330615110274831],[114.17771111896454,22.330615555258383],[114.1777121610093,22.330666000354608],[114.17764227553579,22.330667249829602]]]},"properties":{"OBJECTID":245019,"Shape__Length":56.969189802398304,"Shape__Area":147.96192839023334,"GeoRefNo":"3634821287","DateCreate":1290700800000,"BuildingBlockType":"Tower","BuildingCSUID":"3634821287T20101126","BuildingID":1810027442,"Status":"Active","BuildingNameEN":null,"BuildingNameTC":null,"BaseHeight":13.4,"TopHeight":21.800000000000001,"Storeys":2,"StoreysInBasement":1,"DateStamp":1599580800000}},{"type":"Feature","id":245020,"geometry":{"type":"Polygon","coordinates":[[[114.17970801597828,22.330448282481115],[114.17963204864239,22.330452352450319],[114.17962828535137,22.33038955005361],[114.1797042603243,22.330385609584567],[114.17970801597828,22.330448282481115]]]},"properties":{"OBJECTID":245020,"Shape__Length":29.594473603486882,"Shape__Area":54.54539073004559,"GeoRefNo":"3655621264","DateCreate":1343836800000,"BuildingBlockType":"Open-sided Structure","BuildingCSUID":"3655621264T20120802","BuildingID":1810086526,"Status":"Active","BuildingNameEN":"CAMBRIDGE GARDEN","BuildingNameTC":"劍橋花園","BaseHeight":null,"TopHeight":null,"Storeys":null,"StoreysInBasement":null,"DateStamp":1343836800000}},{"type":"Feature","id":245021,"geometry":{"type":"Polygon","coordinates":[[[114.17819837935407,22.332971060738004],[114.1781380573582,22.332974155924951],[114.17812969743416,22.33283313979107],[114.17816767161189,22.332824597095929],[114.17817985132393,22.332822757917494],[114.17818953938212,22.332821948335425],[114.17819837935407,22.332971060738004]]]},"properties":{"OBJECTID":245021,"Shape__Length":44.698028236246351,"Shape__Area":100.6659358534321,"GeoRefNo":"3640121539","DateCreate":1342627200000,"BuildingBlockType":"Open-sided Structure","BuildingCSUID":"3640121539T20120719","BuildingID":1810086850,"Status":"Active","BuildingNameEN":null,"BuildingNameTC":null,"BaseHeight":null,"TopHeight":null,"Storeys":null,"StoreysInBasement":null,"DateStamp":1342627200000}},{"type":"Feature","id":245022,"geometry":{"type":"Polygon","coordinates":[[[114.18117048386083,22.332582777923939],[114.18111752737269,22.332585383391187],[114.1811128777985,22.33250024131063],[114.18116583988774,22.332497738161187],[114.18116677664604,22.332514891451755],[114.18116884343969,22.332552738466433],[114.18117048386083,22.332582777923939]]]},"properties":{"OBJECTID":245022,"Shape__Length":29.795731568420525,"Shape__Area":51.543354191695322,"GeoRefNo":"3670821499","DateCreate":1343836800000,"BuildingBlockType":"Open-sided Structure","BuildingCSUID":"3670821499T20120802","BuildingID":1810086873,"Status":"Active","BuildingNameEN":"DURHAM HOUSE","BuildingNameTC":"對衡居","BaseHeight":null,"TopHeight":null,"Storeys":null,"StoreysInBasement":null,"DateStamp":1343836800000}},{"type":"Feature","id":245023,"geometry":{"type":"Polygon","coordinates":[[[114.17507087227773,22.331079672853985],[114.17515601719526,22.331064791267654],[114.17516633333864,22.331115877192737],[114.17508096931513,22.331130283051021],[114.17507700367285,22.331109728501708],[114.17507087227773,22.331079672853985]]]},"properties":{"OBJECTID":245023,"Shape__Length":29.31898612978592,"Shape__Area":51.119984406237165,"GeoRefNo":"3608721339","DateCreate":1343232000000,"BuildingBlockType":"Open-sided Structure","BuildingCSUID":"3608721339T20120726","BuildingID":1810087232,"Status":"Active","BuildingNameEN":"BLOSSOM GARDEN","BuildingNameTC":"寶信園","BaseHeight":null,"TopHeight":null,"Storeys":null,"StoreysInBasement":null,"DateStamp":1343232000000}},{"type":"Feature","id":245024,"geometry":{"type":"Polygon","coordinates":[[[114.1750542135709,22.330998012464718],[114.1750472345462,22.330963801926103],[114.17504238010625,22.330940005477274],[114.17512766142829,22.330924371388704],[114.17513952122351,22.330983102352047],[114.1750542135709,22.330998012464718]]]},"properties":{"OBJECTID":245024,"Shape__Length":31.052315790102398,"Shape__Area":58.859316690222713,"GeoRefNo":"3608421324","DateCreate":1343232000000,"BuildingBlockType":"Open-sided Structure","BuildingCSUID":"3608421324T20120726","BuildingID":1810087233,"Status":"Active","BuildingNameEN":"BLOSSOM GARDEN","BuildingNameTC":"寶信園","BaseHeight":null,"TopHeight":null,"Storeys":null,"StoreysInBasement":null,"DateStamp":1343232000000}},{"type":"Feature","id":245025,"geometry":{"type":"Polygon","coordinates":[[[114.1761577453597,22.330524587314041],[114.17619484436116,22.330622505974826],[114.17623074191093,22.330720823141064],[114.17618323700221,22.330734811510141],[114.17617618067989,22.33071363819889],[114.17612376724713,22.330556367232624],[114.17603766822241,22.330580884503206],[114.17603056833399,22.330561912479649],[114.17613964129286,22.33053048574315],[114.17614030358457,22.330530294929765],[114.1761577453597,22.330524587314041]]]},"properties":{"OBJECTID":245025,"Shape__Length":74.056630089297528,"Shape__Area":130.82129247654413,"GeoRefNo":"3619121279","DateCreate":1343232000000,"BuildingBlockType":"Open-sided Structure","BuildingCSUID":"3619121279T20120726","BuildingID":1810087234,"Status":"Active","BuildingNameEN":"FOOK SUN VILLA","BuildingNameTC":"福新苑","BaseHeight":null,"TopHeight":null,"Storeys":null,"StoreysInBasement":null,"DateStamp":1343232000000}},{"type":"Feature","id":245227,"geometry":{"type":"Polygon","coordinates":[[[114.17684274687552,22.329348320989904],[114.17686488484817,22.329348414453303],[114.17686494842806,22.329353696983365],[114.17686504869988,22.329362025709834],[114.17687393194203,22.329361917701934],[114.17687381633277,22.329352318101478],[114.1769671571012,22.329351182995829],[114.17696727261976,22.329360782596222],[114.17698321114592,22.329360588785693],[114.17698331798351,22.329419760509161],[114.1769679849522,22.329419947004425],[114.17696808299746,22.32942808834613],[114.17687474227495,22.329429223452301],[114.1768746442351,22.329421082110535],[114.17686576098923,22.329421190118467],[114.17686593260657,22.329435439385559],[114.17684379898822,22.329435708500206],[114.17684274687552,22.329348320989904]]]},"properties":{"OBJECTID":245227,"Shape__Length":52.092028768935677,"Shape__Area":120.47877528932915,"GeoRefNo":"3627221150","DateCreate":1343318400000,"BuildingBlockType":"Open-sided Structure","BuildingCSUID":"3627221150T20120727","BuildingID":1810087256,"Status":"Active","BuildingNameEN":null,"BuildingNameTC":null,"BaseHeight":null,"TopHeight":null,"Storeys":null,"StoreysInBasement":null,"DateStamp":1343318400000}},{"type":"Feature","id":245228,"geometry":{"type":"Polygon","coordinates":[[[114.17674366511001,22.329342448468807],[114.17652715890819,22.329343761796427],[114.17652700083558,22.32932120430177],[114.1767433509203,22.32931872422288],[114.17674366511001,22.329342448468807]]]},"properties":{"OBJECTID":245228,"Shape__Length":49.721179052432632,"Shape__Area":57.140865759295899,"GeoRefNo":"3624321144","DateCreate":1343318400000,"BuildingBlockType":"Open-sided Structure","BuildingCSUID":"3624321144T20120727","BuildingID":1810087257,"Status":"Active","BuildingNameEN":null,"BuildingNameTC":null,"BaseHeight":null,"TopHeight":null,"Storeys":null,"StoreysInBasement":null,"DateStamp":1343318400000}},{"type":"Feature","id":245229,"geometry":{"type":"Polygon","coordinates":[[[114.176540876891,22.329178485797861],[114.1765762315999,22.32917807559781],[114.17657881204042,22.329271740904808],[114.17649863286462,22.329271798375437],[114.17649859366469,22.329224483535999],[114.17649878445205,22.32920262889202],[114.17654123899673,22.329202327442264],[114.176540876891,22.329178485797861]]]},"properties":{"OBJECTID":245229,"Shape__Length":36.952054946588547,"Shape__Area":72.426332880771369,"GeoRefNo":"3623321133","DateCreate":1343318400000,"BuildingBlockType":"Open-sided Structure","BuildingCSUID":"3623321133T20120727","BuildingID":1810087258,"Status":"Active","BuildingNameEN":null,"BuildingNameTC":null,"BaseHeight":null,"TopHeight":null,"Storeys":null,"StoreysInBasement":null,"DateStamp":1343318400000}},{"type":"Feature","id":245230,"geometry":{"type":"Polygon","coordinates":[[[114.17646059067987,22.329224558407496],[114.17646032679014,22.329321968511646],[114.17642058366569,22.329322424008861],[114.17642084865183,22.329224636607009],[114.17646059067987,22.329224558407496]]]},"properties":{"OBJECTID":245230,"Shape__Length":29.804278512589146,"Shape__Area":44.249372813253764,"GeoRefNo":"3622321137","DateCreate":1343318400000,"BuildingBlockType":"Open-sided Structure","BuildingCSUID":"3622321137T20120727","BuildingID":1810087259,"Status":"Active","BuildingNameEN":null,"BuildingNameTC":null,"BaseHeight":null,"TopHeight":null,"Storeys":null,"StoreysInBasement":null,"DateStamp":1343318400000}},{"type":"Feature","id":245231,"geometry":{"type":"Polygon","coordinates":[[[114.18143784128088,22.332725415324933],[114.18144005899633,22.332766229779345],[114.18135811973758,22.332770065840823],[114.18135026609581,22.332770433514302],[114.18134787427783,22.332730024265636],[114.18143784128088,22.332725415324933]]]},"properties":{"OBJECTID":245231,"Shape__Length":27.551382539037704,"Shape__Area":41.756722408278975,"GeoRefNo":"3673421522","DateCreate":1343664000000,"BuildingBlockType":"Open-sided Structure","BuildingCSUID":"3673421522T20120731","BuildingID":1810087321,"Status":"Active","BuildingNameEN":null,"BuildingNameTC":null,"BaseHeight":null,"TopHeight":null,"Storeys":null,"StoreysInBasement":null,"DateStamp":1343664000000}},{"type":"Feature","id":245232,"geometry":{"type":"Polygon","coordinates":[[[114.18106908053106,22.333006489802866],[114.18106981221102,22.333024871347387],[114.18107736068104,22.333024457097718],[114.18107949149226,22.333058060008128],[114.1809960304125,22.333062408321386],[114.18099426038242,22.333033838864925],[114.1810060402838,22.333033208227466],[114.18100452517965,22.333008713723089],[114.18106908053106,22.333006489802866]]]},"properties":{"OBJECTID":245232,"Shape__Length":28.91127095507132,"Shape__Area":45.322693611488013,"GeoRefNo":"3669721554","DateCreate":1343664000000,"BuildingBlockType":"Open-sided Structure","BuildingCSUID":"3669721554T20120731","BuildingID":1810087322,"Status":"Active","BuildingNameEN":"LA NOBLESSE","BuildingNameTC":"豪福軒","BaseHeight":null,"TopHeight":null,"Storeys":null,"StoreysInBasement":null,"DateStamp":1343664000000}},{"type":"Feature","id":245233,"geometry":{"type":"Polygon","coordinates":[[[114.18099047634117,22.332971788406393],[114.18098416385257,22.332870515405919],[114.181014752286,22.332868865183833],[114.1810210647966,22.332970138273442],[114.18099047634117,22.332971788406393]]]},"properties":{"OBJECTID":245233,"Shape__Length":28.779590212758297,"Shape__Area":35.457885015462281,"GeoRefNo":"3669321541","DateCreate":1343664000000,"BuildingBlockType":"Open-sided Structure","BuildingCSUID":"3669321541T20120731","BuildingID":1810087323,"Status":"Active","BuildingNameEN":"LA NOBLESSE","BuildingNameTC":"豪福軒","BaseHeight":null,"TopHeight":null,"Storeys":null,"StoreysInBasement":null,"DateStamp":1343664000000}},{"type":"Feature","id":245234,"geometry":{"type":"Polygon","coordinates":[[[114.18117172461645,22.331184468882828],[114.1811452431846,22.331185574842756],[114.1811105671985,22.331187023093328],[114.18110910725864,22.331157082239255],[114.18110886952938,22.331144016890654],[114.1811694326725,22.331141237835197],[114.18117172461645,22.331184468882828]]]},"properties":{"OBJECTID":245234,"Shape__Length":22.112577893292006,"Shape__Area":30.06584554152445,"GeoRefNo":"3670721347","DateCreate":1343664000000,"BuildingBlockType":"Open-sided Structure","BuildingCSUID":"3670721347T20120731","BuildingID":1810087343,"Status":"Active","BuildingNameEN":null,"BuildingNameTC":null,"BaseHeight":null,"TopHeight":null,"Storeys":null,"StoreysInBasement":null,"DateStamp":1343664000000}},{"type":"Feature","id":245235,"geometry":{"type":"Polygon","coordinates":[[[114.18087337520862,22.331034767438503],[114.18087028848005,22.330985087215826],[114.18093822839739,22.330981764060454],[114.18094018123956,22.331012752993509],[114.18093309444799,22.331013632300138],[114.18093262253348,22.331031213951338],[114.18087337520862,22.331034767438503]]]},"properties":{"OBJECTID":245235,"Shape__Length":24.757298588109638,"Shape__Area":36.742232994261578,"GeoRefNo":"3668321329","DateCreate":1343664000000,"BuildingBlockType":"Open-sided Structure","BuildingCSUID":"3668321329T20120731","BuildingID":1810087344,"Status":"Active","BuildingNameEN":null,"BuildingNameTC":null,"BaseHeight":null,"TopHeight":null,"Storeys":null,"StoreysInBasement":null,"DateStamp":1343664000000}},{"type":"Feature","id":245236,"geometry":{"type":"Polygon","coordinates":[[[114.18120886206715,22.331248964295913],[114.18116622292285,22.33125089762521],[114.18116673904609,22.331260749253143],[114.18116535388918,22.331260812052736],[114.18114922287802,22.331261543508894],[114.1811452431846,22.331185574842756],[114.18117172461645,22.331184468882828],[114.18120567269044,22.3311830488142],[114.18120886206715,22.331248964295913]]]},"properties":{"OBJECTID":245236,"Shape__Length":29.257478794904856,"Shape__Area":47.479536071291577,"GeoRefNo":"3671121353","DateCreate":1343664000000,"BuildingBlockType":"Open-sided Structure","BuildingCSUID":"3671121353T20120731","BuildingID":1810087350,"Status":"Active","BuildingNameEN":null,"BuildingNameTC":null,"BaseHeight":null,"TopHeight":null,"Storeys":null,"StoreysInBasement":null,"DateStamp":1343664000000}},{"type":"Feature","id":245237,"geometry":{"type":"Polygon","coordinates":[[[114.18135427599906,22.331629113450855],[114.18133571504448,22.331629999958103],[114.18133974795437,22.331703085059164],[114.18128744807204,22.331705453601504],[114.18128202825929,22.331607254582075],[114.18135901540072,22.331603577635196],[114.18135427599906,22.331629113450855]]]},"properties":{"OBJECTID":245237,"Shape__Length":37.112351981774388,"Shape__Area":65.018913740869522,"GeoRefNo":"3672621401","DateCreate":1343750400000,"BuildingBlockType":"Open-sided Structure","BuildingCSUID":"3672621401T20120801","BuildingID":1810087373,"Status":"Active","BuildingNameEN":null,"BuildingNameTC":null,"BaseHeight":null,"TopHeight":null,"Storeys":null,"StoreysInBasement":null,"DateStamp":1343750400000}},{"type":"Feature","id":245238,"geometry":{"type":"Polygon","coordinates":[[[114.18135901540072,22.331603577635196],[114.18128202825929,22.331607254582075],[114.1812487810177,22.331608842796928],[114.18124668684017,22.331570899152425],[114.18127436645564,22.3315697944977],[114.18127469010909,22.331576819377759],[114.18132305898287,22.331574653143218],[114.18136119087306,22.331572945392349],[114.18135901540072,22.331603577635196]]]},"properties":{"OBJECTID":245238,"Shape__Length":31.532489789159566,"Shape__Area":41.524259496984541,"GeoRefNo":"3672421394","DateCreate":1343750400000,"BuildingBlockType":"Open-sided Structure","BuildingCSUID":"3672421394T20120801","BuildingID":1810087374,"Status":"Active","BuildingNameEN":null,"BuildingNameTC":null,"BaseHeight":null,"TopHeight":null,"Storeys":null,"StoreysInBasement":null,"DateStamp":1343750400000}},{"type":"Feature","id":245303,"geometry":{"type":"Polygon","coordinates":[[[114.17309479331918,22.328646094415593],[114.17305200278837,22.328682708017425],[114.17307427196559,22.328705235236832],[114.17307101859805,22.328708940590676],[114.17304348535758,22.328732189098108],[114.17302927872454,22.328744128371667],[114.17297976532126,22.328693134926148],[114.17306727641343,22.328618258719089],[114.17309479331918,22.328646094415593]]]},"properties":{"OBJECTID":245303,"Shape__Length":39.75721341873944,"Shape__Area":73.10553716515615,"GeoRefNo":"3587321073","DateCreate":1340294400000,"BuildingBlockType":"Open-sided Structure","BuildingCSUID":"3587321073T20120622","BuildingID":1810085696,"Status":"Active","BuildingNameEN":null,"BuildingNameTC":null,"BaseHeight":null,"TopHeight":null,"Storeys":null,"StoreysInBasement":null,"DateStamp":1340899200000}},{"type":"Feature","id":245321,"geometry":{"type":"Polygon","coordinates":[[[114.17374824825146,22.329483831431901],[114.17371856493288,22.329494460402987],[114.17371271970033,22.329480219331785],[114.173665283167,22.329357943862604],[114.17368700071503,22.329350651366759],[114.17367645572263,22.329323469737961],[114.17368559033419,22.32932049975658],[114.17374824825146,22.329483831431901]]]},"properties":{"OBJECTID":245321,"Shape__Length":45.139312962795898,"Shape__Area":56.671317223606465,"GeoRefNo":"3594221154","DateCreate":1340899200000,"BuildingBlockType":"Open-sided Structure","BuildingCSUID":"3594221154T20120629","BuildingID":1810086169,"Status":"Active","BuildingNameEN":null,"BuildingNameTC":null,"BaseHeight":null,"TopHeight":null,"Storeys":null,"StoreysInBasement":null,"DateStamp":1340899200000}},{"type":"Feature","id":245322,"geometry":{"type":"Polygon","coordinates":[[[114.17271512930442,22.329186316781719],[114.17277867670079,22.329185453794778],[114.17277873483368,22.329189158051324],[114.17277904124289,22.329223794139722],[114.17271607934892,22.329224155583063],[114.17271512930442,22.329186316781719]]]},"properties":{"OBJECTID":245322,"Shape__Length":21.471084865779446,"Shape__Area":27.495723992000368,"GeoRefNo":"3584321130","DateCreate":1341244800000,"BuildingBlockType":"Open-sided Structure","BuildingCSUID":"3584321130T20120703","BuildingID":1810086171,"Status":"Active","BuildingNameEN":null,"BuildingNameTC":null,"BaseHeight":null,"TopHeight":null,"Storeys":null,"StoreysInBasement":null,"DateStamp":1341244800000}},{"type":"Feature","id":245323,"geometry":{"type":"Polygon","coordinates":[[[114.17307060360113,22.329221074832653],[114.17305455364198,22.32922168402391],[114.17302687774965,22.329221896047006],[114.17302671188607,22.32920314665526],[114.17302256404055,22.32920318791793],[114.17302195792541,22.329179343370228],[114.17300492392999,22.3291792601586],[114.17300449179285,22.329168483411166],[114.17295412584009,22.329169154180104],[114.17295406796583,22.329162947548937],[114.17304631265198,22.329162202989998],[114.17304456772894,22.329027623682684],[114.17306873152994,22.329027352515084],[114.17307060360113,22.329221074832653]]]},"properties":{"OBJECTID":245323,"Shape__Length":66.826316413081571,"Shape__Area":75.283531210086551,"GeoRefNo":"3587021126","DateCreate":1340899200000,"BuildingBlockType":"Open-sided Structure","BuildingCSUID":"3587021126T20120629","BuildingID":1810086173,"Status":"Active","BuildingNameEN":null,"BuildingNameTC":null,"BaseHeight":null,"TopHeight":null,"Storeys":null,"StoreysInBasement":null,"DateStamp":1340899200000}},{"type":"Feature","id":245385,"geometry":{"type":"Polygon","coordinates":[[[114.17927452781302,22.333667610871547],[114.17907772593763,22.333677078397727],[114.17907753998009,22.333672749140913],[114.17907269262102,22.333672979849002],[114.17906988432567,22.333607597685575],[114.17907473226508,22.333607379530058],[114.17907455902854,22.33360334656631],[114.17927136788968,22.333594046109489],[114.17927170029327,22.333601784497688],[114.17927654832923,22.333601566336139],[114.17927903004609,22.333659343670092],[114.17927418259077,22.333659574384228],[114.17927452781302,22.333667610871547]]]},"properties":{"OBJECTID":245385,"Shape__Length":58.926565413740853,"Shape__Area":172.51190821191545,"GeoRefNo":"3650521620","DateCreate":1114790400000,"BuildingBlockType":"Tower","BuildingCSUID":"3650521620T20050430","BuildingID":1108225155,"Status":"Active","BuildingNameEN":"Casa Bella Block B","BuildingNameTC":"濤苑Ｂ座","BaseHeight":13.800000000000001,"TopHeight":25.699999999999999,"Storeys":3,"StoreysInBasement":null,"DateStamp":1599580800000}},{"type":"Feature","id":245386,"geometry":{"type":"Polygon","coordinates":[[[114.17927136788968,22.333594046109489],[114.17907455902854,22.33360334656631],[114.17907434471631,22.333598355819976],[114.17906949668014,22.333598573975472],[114.17906678355116,22.333535408094711],[114.17907163158515,22.333535190029593],[114.1790713990173,22.333529775749309],[114.17919356802769,22.333524278455744],[114.17919333545514,22.33351886417562],[114.17926799433039,22.333515504688268],[114.17926857572043,22.333529040162542],[114.1792734236568,22.333528822001085],[114.17927588934813,22.333586226102021],[114.17927104140976,22.33358644426356],[114.17927136788968,22.333594046109489]]]},"properties":{"OBJECTID":245386,"Shape__Length":60.059587415397807,"Shape__Area":176.31528355436234,"GeoRefNo":"3650621612","DateCreate":1114790400000,"BuildingBlockType":"Tower","BuildingCSUID":"3650621612T20050430","BuildingID":1108225194,"Status":"Active","BuildingNameEN":"Casa Bella Block A","BuildingNameTC":"濤苑Ａ座","BaseHeight":13.800000000000001,"TopHeight":25.600000000000001,"Storeys":3,"StoreysInBasement":null,"DateStamp":1599580800000}},{"type":"Feature","id":245433,"geometry":{"type":"Polygon","coordinates":[[[114.17681763917821,22.330098690553996],[114.17679285979422,22.330100106726011],[114.17679453254448,22.330126756607719],[114.1768267086409,22.330125250039654],[114.17682922102846,22.330162859435884],[114.17681382123051,22.330163757616713],[114.17681328969188,22.330155774762332],[114.17678826413551,22.330157234009498],[114.17678527283316,22.330109763396951],[114.17671839340635,22.330113410997239],[114.1767151895576,22.330058756193264],[114.17677766473463,22.330055537184329],[114.1767804441383,22.330095969903059],[114.17681734428882,22.330094222853845],[114.17681763917821,22.330098690553996]]]},"properties":{"OBJECTID":245433,"Shape__Length":51.527388784689393,"Shape__Area":59.244794020998995,"GeoRefNo":"3625721227","DateCreate":1343836800000,"BuildingBlockType":"Open-sided Structure","BuildingCSUID":"3625721227T20120802","BuildingID":1810087462,"Status":"Active","BuildingNameEN":null,"BuildingNameTC":null,"BaseHeight":null,"TopHeight":null,"Storeys":null,"StoreysInBasement":null,"DateStamp":1343836800000}},{"type":"Feature","id":245434,"geometry":{"type":"Polygon","coordinates":[[[114.17716894127193,22.331947240585183],[114.1770246914693,22.331950965213757],[114.17702283242765,22.331888650778442],[114.17716684677453,22.331884490155527],[114.17716894127193,22.331947240585183]]]},"properties":{"OBJECTID":245434,"Shape__Length":43.564948815782429,"Shape__Area":102.90773799658859,"GeoRefNo":"3629121430","DateCreate":1343750400000,"BuildingBlockType":"Temporary Structure","BuildingCSUID":"3629121430T20120801","BuildingID":1810087391,"Status":"Active","BuildingNameEN":null,"BuildingNameTC":null,"BaseHeight":null,"TopHeight":19.399999999999999,"Storeys":null,"StoreysInBasement":null,"DateStamp":1343836800000}},{"type":"Feature","id":245435,"geometry":{"type":"Polygon","coordinates":[[[114.17790927651166,22.332090786644926],[114.17784227647914,22.33209374070875],[114.17784082987748,22.332041164678664],[114.17790663556559,22.332039599707215],[114.17790927651166,22.332090786644926]]]},"properties":{"OBJECTID":245435,"Shape__Length":25.190228235353054,"Shape__Area":39.353845209411872,"GeoRefNo":"3637121447","DateCreate":1343750400000,"BuildingBlockType":"Open-sided Structure","BuildingCSUID":"3637121447T20120801","BuildingID":1810087395,"Status":"Active","BuildingNameEN":null,"BuildingNameTC":null,"BaseHeight":null,"TopHeight":null,"Storeys":null,"StoreysInBasement":null,"DateStamp":1343750400000}},{"type":"Feature","id":245437,"geometry":{"type":"Polygon","coordinates":[[[114.17643259600766,22.328512708654081],[114.17642277564727,22.328512657426252],[114.17642283083788,22.328493010757985],[114.17639638206134,22.328444708892818],[114.17653078093076,22.328443212648818],[114.17653120076837,22.328475853155105],[114.17648060066693,22.32847641656214],[114.17648070996913,22.328512959725082],[114.17643259600766,22.328512708654081]]]},"properties":{"OBJECTID":245437,"Shape__Length":40.868770089220938,"Shape__Area":71.413964402053381,"GeoRefNo":"3622621049","DateCreate":1344182400000,"BuildingBlockType":"Open-sided Structure","BuildingCSUID":"3622621049T20120806","BuildingID":1810087515,"Status":"Active","BuildingNameEN":null,"BuildingNameTC":null,"BaseHeight":null,"TopHeight":null,"Storeys":null,"StoreysInBasement":null,"DateStamp":1344182400000}},{"type":"Feature","id":245438,"geometry":{"type":"Polygon","coordinates":[[[114.17752186737505,22.331706487886919],[114.17752161710922,22.331721322152152],[114.17733137612683,22.331720565546604],[114.1773258674245,22.331670011378755],[114.17735646379928,22.331670060228181],[114.1773857383231,22.331651499487485],[114.17738610127161,22.331654187348335],[114.17738656769473,22.331656861392037],[114.17738713720419,22.331659518096671],[114.17738780892638,22.331662154030607],[114.17738858208476,22.33166476585254],[114.17738945551446,22.33166735013085],[114.17739042824482,22.331669903524244],[114.17739149891689,22.331672422781679],[114.17739266626874,22.331674904652179],[114.17739394757851,22.331677348503515],[114.17740171313021,22.331677368704856],[114.17740180691862,22.331706266111627],[114.17752186737505,22.331706487886919]]]},"properties":{"OBJECTID":245438,"Shape__Length":53.039852940500005,"Shape__Area":65.0985090084028,"GeoRefNo":"3632521408","DateCreate":1343750400000,"BuildingBlockType":"Open-sided Structure","BuildingCSUID":"3632521408T20120801","BuildingID":1810087398,"Status":"Active","BuildingNameEN":null,"BuildingNameTC":null,"BaseHeight":null,"TopHeight":null,"Storeys":null,"StoreysInBasement":null,"DateStamp":1343750400000}},{"type":"Feature","id":245439,"geometry":{"type":"Polygon","coordinates":[[[114.17632625803273,22.328201297591139],[114.17636647641194,22.328274725666049],[114.17631632386779,22.328298502502037],[114.17627611162325,22.328225064842513],[114.17632625803273,22.328201297591139]]]},"properties":{"OBJECTID":245439,"Shape__Length":29.849435902166249,"Shape__Area":52.91839303288284,"GeoRefNo":"3621121024","DateCreate":1344182400000,"BuildingBlockType":"Open-sided Structure","BuildingCSUID":"3621121024T20120806","BuildingID":1810087521,"Status":"Active","BuildingNameEN":null,"BuildingNameTC":null,"BaseHeight":null,"TopHeight":null,"Storeys":null,"StoreysInBasement":null,"DateStamp":1344182400000}},{"type":"Feature","id":245440,"geometry":{"type":"Polygon","coordinates":[[[114.17623426300686,22.328033338967508],[114.17629437166234,22.328143081463114],[114.1762442314804,22.328166859722142],[114.17618348241986,22.328055981609651],[114.17623363722942,22.328032196415606],[114.17623426300686,22.328033338967508]]]},"properties":{"OBJECTID":245440,"Shape__Length":39.15994902768184,"Shape__Area":79.914381687594314,"GeoRefNo":"3620321007","DateCreate":1344182400000,"BuildingBlockType":"Open-sided Structure","BuildingCSUID":"3620321007T20120806","BuildingID":1810087522,"Status":"Active","BuildingNameEN":null,"BuildingNameTC":null,"BaseHeight":null,"TopHeight":null,"Storeys":null,"StoreysInBasement":null,"DateStamp":1344182400000}},{"type":"Feature","id":245442,"geometry":{"type":"Polygon","coordinates":[[[114.176368102911,22.328903015295705],[114.17636737806519,22.328977559693101],[114.17630906412074,22.32897692827807],[114.17630999710759,22.328902386139255],[114.176368102911,22.328903015295705]]]},"properties":{"OBJECTID":245442,"Shape__Length":28.504618627068808,"Shape__Area":49.507742725372161,"GeoRefNo":"3621321100","DateCreate":1344182400000,"BuildingBlockType":"Open-sided Structure","BuildingCSUID":"3621321100T20120806","BuildingID":1810087541,"Status":"Active","BuildingNameEN":"KOWLOON TONG SCHOOL","BuildingNameTC":"九龍塘學校","BaseHeight":null,"TopHeight":null,"Storeys":null,"StoreysInBasement":null,"DateStamp":1344182400000}},{"type":"Feature","id":245443,"geometry":{"type":"Polygon","coordinates":[[[114.17631179219909,22.328758957714147],[114.1763127301349,22.328684012177128],[114.17637024510354,22.328684635009541],[114.17636950967847,22.328759582714788],[114.17631179219909,22.328758957714147]]]},"properties":{"OBJECTID":245443,"Shape__Length":28.471651469325899,"Shape__Area":49.268094146267359,"GeoRefNo":"3621321076","DateCreate":1344182400000,"BuildingBlockType":"Open-sided Structure","BuildingCSUID":"3621321076T20120806","BuildingID":1810087543,"Status":"Active","BuildingNameEN":"KOWLOON TONG SCHOOL","BuildingNameTC":"九龍塘學校","BaseHeight":null,"TopHeight":null,"Storeys":null,"StoreysInBasement":null,"DateStamp":1344182400000}},{"type":"Feature","id":245528,"geometry":{"type":"Polygon","coordinates":[[[114.17174058789942,22.329212927702692],[114.17173709469611,22.329300464741124],[114.17164010983329,22.329296740792969],[114.17164360309701,22.329209203756616],[114.17174058789942,22.329212927702692]]]},"properties":{"OBJECTID":245528,"Shape__Length":39.400335846660795,"Shape__Area":97.000820739179645,"GeoRefNo":"3573421135","DateCreate":1340553600000,"BuildingBlockType":"Temporary Structure","BuildingCSUID":"3573421135T20120625","BuildingID":1810085915,"Status":"Active","BuildingNameEN":null,"BuildingNameTC":null,"BaseHeight":8.5,"TopHeight":12.5,"Storeys":null,"StoreysInBasement":null,"DateStamp":1340553600000}},{"type":"Feature","id":245543,"geometry":{"type":"Polygon","coordinates":[[[114.17332674386914,22.327842357426412],[114.17330099087236,22.32786388623397],[114.17317263140545,22.327971589368978],[114.17317734343216,22.327976226770911],[114.17314415785098,22.328002478562013],[114.17310519905915,22.328033297251309],[114.17305866547179,22.32807010023328],[114.17306514869681,22.328076821125848],[114.17303945832339,22.328098271416899],[114.17301358786227,22.328070614282574],[114.17315681560328,22.327950399737102],[114.17319877944269,22.327914727162991],[114.1733073321371,22.327822448809926],[114.17332674386914,22.327842357426412]]]},"properties":{"OBJECTID":245543,"Shape__Length":90.600258014662998,"Shape__Area":129.27163098883739,"GeoRefNo":"3588620992","DateCreate":1340899200000,"BuildingBlockType":"Open-sided Structure","BuildingCSUID":"3588620992T20120629","BuildingID":1810086184,"Status":"Active","BuildingNameEN":"MERLIN COURT","BuildingNameTC":"美倫閣","BaseHeight":null,"TopHeight":null,"Storeys":null,"StoreysInBasement":null,"DateStamp":1340899200000}},{"type":"Feature","id":245545,"geometry":{"type":"Polygon","coordinates":[[[114.17315369243116,22.328168516284578],[114.17316018119816,22.328175232567808],[114.17324079633939,22.32810731119141],[114.17327564231412,22.328077973485854],[114.17328386890296,22.328086430989341],[114.17334785699681,22.328033302646883],[114.17341392708285,22.327976885835195],[114.17343793316844,22.327956387092257],[114.17345459368082,22.327973458316038],[114.17342962059479,22.327995281737611],[114.17338954006748,22.328030562754645],[114.17333696686808,22.328073935980502],[114.17326129035229,22.328136106295638],[114.17315773898574,22.328221176515036],[114.17312780548679,22.32819032699555],[114.17315369243116,22.328168516284578]]]},"properties":{"OBJECTID":245545,"Shape__Length":91.581071850204708,"Shape__Area":132.84357159477963,"GeoRefNo":"3589921007","DateCreate":1340899200000,"BuildingBlockType":"Open-sided Structure","BuildingCSUID":"3589921007T20120629","BuildingID":1810086175,"Status":"Active","BuildingNameEN":"MERLIN COURT","BuildingNameTC":"美倫閣","BaseHeight":null,"TopHeight":null,"Storeys":null,"StoreysInBasement":null,"DateStamp":1340899200000}},{"type":"Feature","id":245546,"geometry":{"type":"Polygon","coordinates":[[[114.17259249695617,22.328872803270784],[114.17256715518094,22.328873207537548],[114.17256488892814,22.328750257792819],[114.17252356726867,22.328750729541422],[114.17240060342934,22.328752133372884],[114.1723969208022,22.328753652230549],[114.17239353655721,22.328755753553267],[114.1723905420356,22.328758380626073],[114.17238801805985,22.328761462543937],[114.17238603275241,22.328764916125504],[114.17238463969699,22.328768648158171],[114.17232867200083,22.328769357681484],[114.1723278675321,22.328714429854074],[114.1725895195742,22.32871133093256],[114.17259249695617,22.328872803270784]]]},"properties":{"OBJECTID":245546,"Shape__Length":92.40642221324093,"Shape__Area":162.20987579560659,"GeoRefNo":"3581321077","DateCreate":1341244800000,"BuildingBlockType":"Open-sided Structure","BuildingCSUID":"3581321077T20120703","BuildingID":1810086214,"Status":"Active","BuildingNameEN":null,"BuildingNameTC":null,"BaseHeight":null,"TopHeight":null,"Storeys":null,"StoreysInBasement":null,"DateStamp":1341244800000}},{"type":"Feature","id":245547,"geometry":{"type":"Polygon","coordinates":[[[114.17223838337213,22.329940915125515],[114.17223849683447,22.329958981080374],[114.1721723964105,22.329960029631419],[114.17217089136292,22.329913990774351],[114.1722484180097,22.329912720214406],[114.17227954545901,22.329912210141085],[114.17261235395677,22.329906987547503],[114.17261319802557,22.329953036858814],[114.17255704484288,22.329953927699776],[114.17255688667571,22.329936288709895],[114.17246380796566,22.329936978242326],[114.17246403423768,22.329955403256037],[114.17233174331727,22.329957501867209],[114.17233146335509,22.329939996706994],[114.17223838337213,22.329940915125515]]]},"properties":{"OBJECTID":245547,"Shape__Length":109.02686823569184,"Shape__Area":193.90489531862883,"GeoRefNo":"3580621210","DateCreate":1342022400000,"BuildingBlockType":"Open-sided Structure","BuildingCSUID":"3580621210T20120712","BuildingID":1810086604,"Status":"Active","BuildingNameEN":"MAGNOLIA COURT","BuildingNameTC":"玉蘭閣","BaseHeight":null,"TopHeight":null,"Storeys":null,"StoreysInBasement":null,"DateStamp":1342022400000}},{"type":"Feature","id":245548,"geometry":{"type":"Polygon","coordinates":[[[114.17334287496941,22.331447095436072],[114.17334712460114,22.331466890470836],[114.17329877244221,22.331476451274391],[114.17328263516124,22.33140393752323],[114.17333140634516,22.331394121438919],[114.17334287496941,22.331447095436072]]]},"properties":{"OBJECTID":245548,"Shape__Length":26.652453408422499,"Shape__Area":42.013863761123275,"GeoRefNo":"3590121377","DateCreate":1342022400000,"BuildingBlockType":"Temporary Structure","BuildingCSUID":"3590121377T20120712","BuildingID":1810086575,"Status":"Active","BuildingNameEN":"CASSIA COURT","BuildingNameTC":"瑞雯閣","BaseHeight":null,"TopHeight":31.199999999999999,"Storeys":null,"StoreysInBasement":null,"DateStamp":1342022400000}},{"type":"Feature","id":245549,"geometry":{"type":"Polygon","coordinates":[[[114.17331013673289,22.331296563700118],[114.17331654976053,22.331325905100726],[114.17326795896734,22.331335097984216],[114.17325687291206,22.331286448102691],[114.17330592603319,22.331276870439456],[114.17331013673289,22.331296563700118]]]},"properties":{"OBJECTID":245549,"Shape__Length":21.317919390395929,"Shape__Area":28.349714398877655,"GeoRefNo":"3589821362","DateCreate":1342022400000,"BuildingBlockType":"Temporary Structure","BuildingCSUID":"3589821362T20120712","BuildingID":1810086585,"Status":"Active","BuildingNameEN":"CASSIA COURT","BuildingNameTC":"瑞雯閣","BaseHeight":null,"TopHeight":31.199999999999999,"Storeys":null,"StoreysInBasement":null,"DateStamp":1342022400000}},{"type":"Feature","id":245550,"geometry":{"type":"Polygon","coordinates":[[[114.1724005492359,22.330120985663935],[114.17240051694094,22.330144676312617],[114.17213192915314,22.330149241654841],[114.17213204661479,22.330146031376461],[114.17213352170762,22.330103627235321],[114.17218388730504,22.330103415836344],[114.17240007903941,22.330099579558233],[114.1724005492359,22.330120985663935]]]},"properties":{"OBJECTID":245550,"Shape__Length":65.188227915192854,"Shape__Area":137.64365681335542,"GeoRefNo":"3579321232","DateCreate":1342022400000,"BuildingBlockType":"Open-sided Structure","BuildingCSUID":"3579321232T20120712","BuildingID":1810086598,"Status":"Active","BuildingNameEN":"ANGELA COURT","BuildingNameTC":"雅趣苑","BaseHeight":null,"TopHeight":null,"Storeys":null,"StoreysInBasement":null,"DateStamp":1342022400000}},{"type":"Feature","id":245611,"geometry":{"type":"Polygon","coordinates":[[[114.17040908857089,22.33284827618467],[114.17048784963012,22.332812684986489],[114.17050859242887,22.332803311513661],[114.17074880058671,22.332694763838411],[114.17075253363952,22.332702000543165],[114.17075663096165,22.332709944084939],[114.17076111555666,22.332718638804707],[114.17077604718692,22.332711742438686],[114.17079307214796,22.332703879245106],[114.17084018341383,22.332793754946994],[114.17086312972393,22.332839714218846],[114.17087143212734,22.332855801056809],[114.17084000303211,22.332869402027725],[114.17084498634884,22.332878779384941],[114.17085441516791,22.332896522383262],[114.17082100571768,22.332911030760311],[114.17074836501881,22.332943694455363],[114.17063210863174,22.332995970241427],[114.17055370784182,22.333031223779177],[114.17053588713843,22.333039389440764],[114.1705133631373,22.333049824933816],[114.17046696936569,22.3329592796408],[114.17040908857089,22.33284827618467]]]},"properties":{"OBJECTID":245611,"Shape__Length":134.88747425957476,"Shape__Area":1032.080758929081,"GeoRefNo":"3562421537","DateCreate":1114790400000,"BuildingBlockType":"Tower","BuildingCSUID":"3562421537T20050430","BuildingID":1108225458,"Status":"Active","BuildingNameEN":null,"BuildingNameTC":null,"BaseHeight":15.9,"TopHeight":19.600000000000001,"Storeys":null,"StoreysInBasement":null,"DateStamp":1418918400000}},{"type":"Feature","id":245654,"geometry":{"type":"Polygon","coordinates":[[[114.17575442600054,22.328539575170037],[114.17565571977742,22.32858488480905],[114.17556827587082,22.328414666215494],[114.17560107739844,22.328399038499423],[114.17566647315893,22.328524331477638],[114.17573045057189,22.328493504489689],[114.17575442600054,22.328539575170037]]]},"properties":{"OBJECTID":245654,"Shape__Length":64.541669893002819,"Shape__Area":122.25920927738912,"GeoRefNo":"3614321057","DateCreate":1344182400000,"BuildingBlockType":"Temporary Structure","BuildingCSUID":"3614321057T20120806","BuildingID":1810087555,"Status":"Active","BuildingNameEN":"KOWLOON TONG SCHOOL","BuildingNameTC":"九龍塘學校","BaseHeight":null,"TopHeight":12.4,"Storeys":null,"StoreysInBasement":null,"DateStamp":1344182400000}},{"type":"Feature","id":245661,"geometry":{"type":"Polygon","coordinates":[[[114.17746325047032,22.331590286314078],[114.17742679876993,22.331590286452187],[114.17742686398697,22.331610134946366],[114.1773937293908,22.331610140934679],[114.17737741621708,22.331610145415492],[114.17737740285273,22.331568284699443],[114.17746325037207,22.331568487394744],[114.17746325047032,22.331590286314078]]]},"properties":{"OBJECTID":245661,"Shape__Length":26.940749143167999,"Shape__Area":32.639627746588765,"GeoRefNo":"3632421394","DateCreate":1343750400000,"BuildingBlockType":"Open-sided Structure","BuildingCSUID":"3632421394T20120801","BuildingID":1810087399,"Status":"Active","BuildingNameEN":null,"BuildingNameTC":null,"BaseHeight":null,"TopHeight":null,"Storeys":null,"StoreysInBasement":null,"DateStamp":1343750400000}},{"type":"Feature","id":245662,"geometry":{"type":"Polygon","coordinates":[[[114.17733107737776,22.331319785201554],[114.17729156101861,22.331318828077048],[114.1772894447121,22.331249834442122],[114.17733155275494,22.331248145598838],[114.17733107737776,22.331319785201554]]]},"properties":{"OBJECTID":245662,"Shape__Length":23.990669350198043,"Shape__Area":32.741761501528813,"GeoRefNo":"3631321360","DateCreate":1343750400000,"BuildingBlockType":"Open-sided Structure","BuildingCSUID":"3631321360T20120801","BuildingID":1810087401,"Status":"Active","BuildingNameEN":"KINGSTON INTERNATIONAL KINDERGARTEN KINGSTON CHILDREN CENTRE","BuildingNameTC":"京斯敦國際幼稚園/幼兒園","BaseHeight":null,"TopHeight":null,"Storeys":null,"StoreysInBasement":null,"DateStamp":1343750400000}},{"type":"Feature","id":245663,"geometry":{"type":"Polygon","coordinates":[[[114.17740619185057,22.332125710104091],[114.17738519594326,22.332127606599112],[114.17738518613206,22.332101201182194],[114.17737553752312,22.332100541982523],[114.17737458616055,22.332076936048605],[114.17737955606746,22.332077405622055],[114.17737876971798,22.332053095302253],[114.17737106248613,22.332053718438178],[114.17737098475241,22.332033209990271],[114.17737098047706,22.332032082612621],[114.17739890521783,22.332031735201081],[114.17739890163168,22.332033065405568],[114.17739885317086,22.332051189780657],[114.17740474522485,22.332051108484695],[114.17740619185057,22.332125710104091]]]},"properties":{"OBJECTID":245663,"Shape__Length":29.011167422419884,"Shape__Area":28.324469879498722,"GeoRefNo":"3632121448","DateCreate":1343750400000,"BuildingBlockType":"Open-sided Structure","BuildingCSUID":"3632121448T20120801","BuildingID":1810087403,"Status":"Active","BuildingNameEN":null,"BuildingNameTC":null,"BaseHeight":null,"TopHeight":null,"Storeys":null,"StoreysInBasement":null,"DateStamp":1343750400000}},{"type":"Feature","id":245664,"geometry":{"type":"Polygon","coordinates":[[[114.17788140694547,22.331605296671484],[114.17781225485699,22.331608888025091],[114.17781120703921,22.331571904732119],[114.17787930185807,22.331570235906163],[114.17788140694547,22.331605296671484]]]},"properties":{"OBJECTID":245664,"Shape__Length":22.138023509246338,"Shape__Area":28.247256107744921,"GeoRefNo":"3636821394","DateCreate":1343750400000,"BuildingBlockType":"Open-sided Structure","BuildingCSUID":"3636821394T20120801","BuildingID":1810087411,"Status":"Active","BuildingNameEN":null,"BuildingNameTC":null,"BaseHeight":null,"TopHeight":null,"Storeys":null,"StoreysInBasement":null,"DateStamp":1343750400000}},{"type":"Feature","id":245665,"geometry":{"type":"Polygon","coordinates":[[[114.17779598079434,22.331452598385987],[114.17765954308514,22.331459465091719],[114.17766392332071,22.331531694094664],[114.17780101029481,22.331525344382193],[114.17780290700102,22.331552784423309],[114.17767131434432,22.331558879085375],[114.17767055803132,22.331549617957574],[114.17760388799232,22.331552522072549],[114.17760193843854,22.331527924404707],[114.17764837054692,22.331524737917302],[114.17764456685023,22.331476765232352],[114.17759810495775,22.331479953705553],[114.17759377456659,22.331427965122209],[114.17765788224915,22.331426198967979],[114.17765897809437,22.331450175967959],[114.1777191640366,22.331447243961481],[114.17771773718736,22.331424550028672],[114.17779422540316,22.33142243770045],[114.17779598079434,22.331452598385987]]]},"properties":{"OBJECTID":245665,"Shape__Length":113.39757096651263,"Shape__Area":138.98070307912022,"GeoRefNo":"3635321379","DateCreate":1343836800000,"BuildingBlockType":"Open-sided Structure","BuildingCSUID":"3635321379T20120802","BuildingID":1810087432,"Status":"Active","BuildingNameEN":null,"BuildingNameTC":null,"BaseHeight":null,"TopHeight":null,"Storeys":null,"StoreysInBasement":null,"DateStamp":1343836800000}},{"type":"Feature","id":245666,"geometry":{"type":"Polygon","coordinates":[[[114.17669275554168,22.330821274877213],[114.17662965374421,22.330822665430418],[114.17660917813662,22.330746027822563],[114.17664959589636,22.330744419797096],[114.17669276891725,22.330742702132682],[114.17669275554168,22.330821274877213]]]},"properties":{"OBJECTID":245666,"Shape__Length":32.567540671283503,"Shape__Area":65.210250432829397,"GeoRefNo":"3624521305","DateCreate":1343836800000,"BuildingBlockType":"Open-sided Structure","BuildingCSUID":"3624521305T20120802","BuildingID":1810087451,"Status":"Active","BuildingNameEN":null,"BuildingNameTC":null,"BaseHeight":null,"TopHeight":null,"Storeys":null,"StoreysInBasement":null,"DateStamp":1343836800000}},{"type":"Feature","id":245667,"geometry":{"type":"Polygon","coordinates":[[[114.17663509650336,22.328814731946114],[114.17671893500865,22.328813579271603],[114.17671930509636,22.328845965203719],[114.17690310319085,22.328843910587494],[114.1769035448599,22.328878108234779],[114.1767936020009,22.328879486584839],[114.17662652516934,22.32888158011097],[114.17662568418778,22.328814861342746],[114.17663509650336,22.328814731946114]]]},"properties":{"OBJECTID":245667,"Shape__Length":71.848699694731792,"Shape__Area":143.00714337893697,"GeoRefNo":"3625721092","DateCreate":1343836800000,"BuildingBlockType":"Open-sided Structure","BuildingCSUID":"3625721092T20120802","BuildingID":1810087473,"Status":"Active","BuildingNameEN":null,"BuildingNameTC":null,"BaseHeight":null,"TopHeight":null,"Storeys":null,"StoreysInBasement":null,"DateStamp":1343836800000}},{"type":"Feature","id":245668,"geometry":{"type":"Polygon","coordinates":[[[114.17647569081697,22.328883470403429],[114.17657579514425,22.328882215882494],[114.17657826165491,22.328958254215515],[114.17658841440216,22.328957969135477],[114.17658918768832,22.32898180987798],[114.17665918949153,22.328979844460644],[114.17678081882636,22.328978771168597],[114.17681508614739,22.328978468741283],[114.17681482299669,22.329013153497876],[114.17652514675528,22.329014774651757],[114.17652465130172,22.328938136510828],[114.17647522136245,22.328938413107025],[114.17647569081697,22.328883470403429]]]},"properties":{"OBJECTID":245668,"Shape__Length":99.050057740334097,"Shape__Area":205.20775510048009,"GeoRefNo":"3624421107","DateCreate":1344182400000,"BuildingBlockType":"Open-sided Structure","BuildingCSUID":"3624421107T20120806","BuildingID":1810087472,"Status":"Active","BuildingNameEN":null,"BuildingNameTC":null,"BaseHeight":null,"TopHeight":null,"Storeys":null,"StoreysInBasement":null,"DateStamp":1344182400000}},{"type":"Feature","id":245858,"geometry":{"type":"Polygon","coordinates":[[[114.17700283123857,22.330330639167702],[114.17706915349551,22.330325233015969],[114.17707547278735,22.33039233212946],[114.17700803412724,22.330397194553598],[114.17700283123857,22.330330639167702]]]},"properties":{"OBJECTID":245858,"Shape__Length":28.675377674942887,"Shape__Area":51.325002822578156,"GeoRefNo":"3628521258","DateCreate":1343836800000,"BuildingBlockType":"Open-sided Structure","BuildingCSUID":"3628521258T20120802","BuildingID":1810087459,"Status":"Active","BuildingNameEN":null,"BuildingNameTC":null,"BaseHeight":null,"TopHeight":null,"Storeys":null,"StoreysInBasement":null,"DateStamp":1343836800000}},{"type":"Feature","id":245859,"geometry":{"type":"Polygon","coordinates":[[[114.17683908092997,22.33043640923108],[114.17684074796621,22.330465121334914],[114.17652847588531,22.330480277530629],[114.17652057205665,22.3304464874251],[114.17661055318737,22.330441959096685],[114.17660554461324,22.33037972934757],[114.17650578515887,22.330383839176765],[114.17649800092381,22.330351808949864],[114.17660379745494,22.330347083790144],[114.17660415727325,22.330353283917535],[114.17665692042121,22.330350633597167],[114.17665837746137,22.330380369409795],[114.1766615565309,22.330445150114222],[114.17683908092997,22.33043640923108]]]},"properties":{"OBJECTID":245859,"Shape__Length":115.18003821061382,"Shape__Area":203.03121003230319,"GeoRefNo":"3624721269","DateCreate":1344182400000,"BuildingBlockType":"Open-sided Structure","BuildingCSUID":"3624721269T20120806","BuildingID":1810087460,"Status":"Active","BuildingNameEN":null,"BuildingNameTC":null,"BaseHeight":null,"TopHeight":null,"Storeys":null,"StoreysInBasement":null,"DateStamp":1344182400000}},{"type":"Feature","id":245860,"geometry":{"type":"Polygon","coordinates":[[[114.17652162074506,22.330150415630236],[114.17652670829011,22.330210975719421],[114.17648171376867,22.330213727608438],[114.17647483797408,22.330153643064399],[114.17652162074506,22.330150415630236]]]},"properties":{"OBJECTID":245860,"Shape__Length":22.895884070371221,"Shape__Area":31.782783684038439,"GeoRefNo":"3623021238","DateCreate":1344182400000,"BuildingBlockType":"Open-sided Structure","BuildingCSUID":"3623021238T20120806","BuildingID":1810087461,"Status":"Active","BuildingNameEN":null,"BuildingNameTC":null,"BaseHeight":null,"TopHeight":null,"Storeys":null,"StoreysInBasement":null,"DateStamp":1344182400000}},{"type":"Feature","id":245864,"geometry":{"type":"Polygon","coordinates":[[[114.17559355602805,22.328368729362392],[114.17555396394781,22.32838682499208],[114.17549229320329,22.328266703542084],[114.17553046915853,22.328249255137823],[114.17559355602805,22.328368729362392]]]},"properties":{"OBJECTID":245864,"Shape__Length":38.4077935264201,"Shape__Area":65.789096123079048,"GeoRefNo":"3613121032","DateCreate":1344182400000,"BuildingBlockType":"Open-sided Structure","BuildingCSUID":"3613121032T20120806","BuildingID":1810087562,"Status":"Active","BuildingNameEN":"KOWLOON TONG SCHOOL","BuildingNameTC":"九龍塘學校","BaseHeight":null,"TopHeight":null,"Storeys":null,"StoreysInBasement":null,"DateStamp":1344182400000}}]}