{"type":"FeatureCollection","features":[{"type":"Feature","id":488,"geometry":{"type":"Polygon","coordinates":[[[114.18166250156888,22.328617220868679],[114.18166331750911,22.328634212611018],[114.18161282244898,22.328636311190845],[114.1816138624739,22.328657970384214],[114.18155366683357,22.328660674100114],[114.18155394075198,22.328666378260614],[114.18151610191568,22.32866795086105],[114.18151419119032,22.328610420134698],[114.18166195258581,22.328603782924183],[114.18166250156888,22.328617220868679]]]},"properties":{"OBJECTID":488,"Shape__Length":43.338064176588084,"Shape__Area":77.864115784980243,"GeoRefNo":"3675421066","DateCreate":1346860800000,"BuildingBlockType":"Open-sided Structure","BuildingCSUID":"3675421066T20120906","BuildingID":1810088815,"Status":"Active","BuildingNameEN":"CARAVELLE VILLA","BuildingNameTC":"CARAVELLE VILLA","BaseHeight":null,"TopHeight":null,"Storeys":null,"StoreysInBasement":null,"DateStamp":1346860800000}},{"type":"Feature","id":489,"geometry":{"type":"Polygon","coordinates":[[[114.18155371494002,22.328227027150643],[114.18155530862397,22.328257565832299],[114.18156551410878,22.328257121049127],[114.18157184995181,22.328419929118489],[114.18150742678711,22.328422147276047],[114.18149752451262,22.328229652253267],[114.18155371494002,22.328227027150643]]]},"properties":{"OBJECTID":489,"Shape__Length":56.256648976514398,"Shape__Area":141.05064813321081,"GeoRefNo":"3674821032","DateCreate":1346947200000,"BuildingBlockType":"Open-sided Structure","BuildingCSUID":"3674821032T20120907","BuildingID":1810088818,"Status":"Active","BuildingNameEN":null,"BuildingNameTC":null,"BaseHeight":null,"TopHeight":null,"Storeys":null,"StoreysInBasement":null,"DateStamp":1346947200000}},{"type":"Feature","id":490,"geometry":{"type":"Polygon","coordinates":[[[114.18442380442607,22.328694012810431],[114.18444392114809,22.328693337914324],[114.1844455834034,22.328736223177046],[114.1843895248586,22.328737460552667],[114.18438788740673,22.328695215376008],[114.18442380442607,22.328694012810431]]]},"properties":{"OBJECTID":490,"Shape__Length":20.986430627732474,"Shape__Area":27.244582769208048,"GeoRefNo":"3704521076","DateCreate":1346860800000,"BuildingBlockType":"Open-sided Structure","BuildingCSUID":"3704521076T20120906","BuildingID":1810088836,"Status":"Active","BuildingNameEN":"SERENE COURT","BuildingNameTC":"明麗園","BaseHeight":null,"TopHeight":null,"Storeys":null,"StoreysInBasement":null,"DateStamp":1346947200000}},{"type":"Feature","id":491,"geometry":{"type":"Polygon","coordinates":[[[114.18438425319489,22.328832990109007],[114.18437962059166,22.328747809792642],[114.18445723669018,22.328745345686439],[114.1844605163058,22.328828213602652],[114.18446122314383,22.32884609484805],[114.18440023250324,22.328848758027448],[114.18439958418195,22.328832268572633],[114.18438425319489,22.328832990109007]]]},"properties":{"OBJECTID":491,"Shape__Length":38.308304562079336,"Shape__Area":85.99624392281747,"GeoRefNo":"3704521085","DateCreate":1346860800000,"BuildingBlockType":"Open-sided Structure","BuildingCSUID":"3704521085T20120906","BuildingID":1810088838,"Status":"Active","BuildingNameEN":null,"BuildingNameTC":null,"BaseHeight":null,"TopHeight":null,"Storeys":null,"StoreysInBasement":null,"DateStamp":1346860800000}},{"type":"Feature","id":492,"geometry":{"type":"Polygon","coordinates":[[[114.18423259755737,22.328255881903136],[114.18417240781731,22.328257635219313],[114.18417027400751,22.328203597290834],[114.18423051302518,22.328201680068105],[114.18423259755737,22.328255881903136]]]},"properties":{"OBJECTID":492,"Shape__Length":24.407375401194024,"Shape__Area":37.221213312505448,"GeoRefNo":"3702321022","DateCreate":1346860800000,"BuildingBlockType":"Open-sided Structure","BuildingCSUID":"3702321022T20120906","BuildingID":1810088842,"Status":"Active","BuildingNameEN":"LOK YUEN","BuildingNameTC":"樂苑","BaseHeight":null,"TopHeight":null,"Storeys":null,"StoreysInBasement":null,"DateStamp":1346860800000}},{"type":"Feature","id":505,"geometry":{"type":"Polygon","coordinates":[[[114.17505311924054,22.330706063498067],[114.17480779812135,22.330751516687545],[114.17477733827866,22.330608933168822],[114.17483627137648,22.330598144797552],[114.1748454948101,22.330640083294817],[114.17496450097373,22.330618415195321],[114.17495544417318,22.33057629130878],[114.17501482774507,22.33056460830829],[114.17505311924054,22.330706063498067]]]},"properties":{"OBJECTID":505,"Shape__Length":92.451276916285352,"Shape__Area":348.52243080767278,"GeoRefNo":"3606621293","DateCreate":1428508800000,"BuildingBlockType":"Tower","BuildingCSUID":"3606621293T20150409","BuildingID":1810140760,"Status":"Active","BuildingNameEN":null,"BuildingNameTC":null,"BaseHeight":21.5,"TopHeight":31.800000000000001,"Storeys":3,"StoreysInBasement":null,"DateStamp":1599580800000}},{"type":"Feature","id":1519,"geometry":{"type":"Polygon","coordinates":[[[114.17290369992993,22.339274302086761],[114.17286955288773,22.339374076797906],[114.17286761044573,22.339377549818167],[114.17286568008177,22.339379572257911],[114.17286335434865,22.33938119517541],[114.17286072702122,22.339382353191631],[114.17285790400804,22.33938299971139],[114.17285499908003,22.33938310863914],[114.17285212930801,22.339382675643023],[114.17237955872613,22.339242587973065],[114.17237526727186,22.339240560310994],[114.17237314841223,22.339238708353218],[114.172371471248,22.339236499248443],[114.17237030353367,22.339234022401211],[114.17236969283188,22.339231378142468],[114.17236966379593,22.339228673665847],[114.17237027593332,22.339225858311451],[114.17244278170932,22.339008767404724],[114.17244346432133,22.33900589245011],[114.172445019126,22.339003352643662],[114.17244733225252,22.339001271430181],[114.17245013829101,22.339000019236554],[114.17245324765857,22.338999560748146],[114.17245647086443,22.33900001940766],[114.17245927682471,22.339001271752931],[114.17294600414832,22.339144609276325],[114.17290369992993,22.339274302086761]]]},"properties":{"OBJECTID":1519,"Shape__Length":162.28692611247814,"Shape__Area":1511.6031940625103,"GeoRefNo":"3584022235","DateCreate":1114790400000,"BuildingBlockType":"Tower","BuildingCSUID":"3584022235T20050430","BuildingID":1108222382,"Status":"Active","BuildingNameEN":"Cornwall Street Squash & Table Tennis Centre","BuildingNameTC":"歌和老街壁球及乒乓球中心","BaseHeight":40.100000000000001,"TopHeight":63.799999999999997,"Storeys":5,"StoreysInBasement":null,"DateStamp":1788192000000}},{"type":"Feature","id":1689,"geometry":{"type":"Polygon","coordinates":[[[114.17503596477088,22.328135413755795],[114.17503054158045,22.328137829377077],[114.17500039686554,22.32815125652564],[114.17494734696814,22.328048165922603],[114.17497923720801,22.328033961450931],[114.17503596477088,22.328135413755795]]]},"properties":{"OBJECTID":1689,"Shape__Length":33.025258807358405,"Shape__Area":48.760479506614111,"GeoRefNo":"3607421008","DateCreate":1431878400000,"BuildingBlockType":"Open-sided Structure","BuildingCSUID":"3607421008T20150518","BuildingID":1810142308,"Status":"Active","BuildingNameEN":null,"BuildingNameTC":null,"BaseHeight":7.9000000000000004,"TopHeight":10.699999999999999,"Storeys":null,"StoreysInBasement":null,"DateStamp":1543766400000}},{"type":"Feature","id":1697,"geometry":{"type":"Polygon","coordinates":[[[114.17027266892637,22.338163488441335],[114.17027354817306,22.338164292107653],[114.17027439286038,22.338165127108681],[114.17027520182359,22.33816599199945],[114.1702759737037,22.338166885605922],[114.1702767073359,22.338167806483192],[114.17027740174954,22.338168753186295],[114.17027805568279,22.338169724450932],[114.17027866826199,22.338170718561255],[114.17027923841941,22.338171734252921],[114.17027976547568,22.338172769719794],[114.17028024855715,22.33817382360726],[114.17028068688734,22.338174894199469],[114.17028107978683,22.338175979780615],[114.17028142667326,22.338177078815438],[114.17028172706131,22.338178189678427],[114.17028198036866,22.338179310473148],[114.17028218640124,22.338180439664395],[114.17028234467372,22.338181575536336],[114.17028245508918,22.338182716192534],[114.17028251735641,22.338183860097796],[114.17028253137846,22.338185005265402],[114.1702824972525,22.33818615016013],[114.17028241497854,22.338187292975885],[114.17028228465384,22.338188431996876],[114.17028210647251,22.338189565326648],[114.17028188072592,22.338190691430036],[114.17028160770533,22.33819180850093],[114.17028128789623,22.33819291482359],[114.17028092178403,22.338194008772454],[114.17028050995121,22.338195088631799],[114.17028005288327,22.338196152685789],[114.17027955145392,22.338197199489613],[114.17027900634272,22.33819822723714],[114.17027841842342,22.338199234573825],[114.17027778847266,22.338200219783936],[114.17027711755833,22.338201181422562],[114.17027640674824,22.338202118135218],[114.17027565701326,22.33820302829638],[114.17027486961537,22.338203910641855],[114.17027404562241,22.338204763817114],[114.17027318639347,22.338205586467588],[114.17027229319058,22.338206377419365],[114.17027136737279,22.338207135408219],[114.17027041029915,22.338207859260258],[114.17026942362003,22.338208547891821],[114.17026840869441,22.33820920030966],[114.17026736707552,22.338209815430126],[114.17026630031658,22.338210392350256],[114.17026521016496,22.338210930257343],[114.17026409827089,22.3382114281581],[114.17026296618762,22.338211885510766],[114.17026181575952,22.338212301412344],[114.17026064873396,22.338212675411373],[114.17025946695533,22.338213006785509],[114.17025827197682,22.338213295083243],[114.17025706593407,22.338213539943471],[114.17025585047732,22.338213740824408],[114.17025462745097,22.338213897635843],[114.17025339879649,22.33821400992629],[114.1702521664553,22.338214077695877],[114.17025093217477,22.338214100673706],[114.17024969779926,22.338214079040519],[114.17024846536732,22.338214012615715],[114.17024723672331,22.338213901580051],[114.17024601361453,22.338213746204485],[114.17024479807949,22.3382135465794],[114.1702435918655,22.338213303066105],[114.17024239681695,22.338213016025893],[114.17024121477812,22.338212685910364],[114.17024004759347,22.338212313171102],[114.17023889701019,22.33821189853068],[114.17023776477562,22.338211442440652],[114.17023665253996,22.33821094562353],[114.17023556214754,22.338210408982473],[114.17023449524856,22.338209833239979],[114.17023345329905,22.338209219208853],[114.17023243804631,22.338208567882557],[114.17023145104346,22.338207880344797],[114.17023049364943,22.33820715749869],[114.17022956751444,22.338206400518295],[114.17022867399743,22.338205610577617],[114.17022781436029,22.3382047888507],[114.170226989962,22.338203936511569],[114.17022620206443,22.33820305509547],[114.17022545192948,22.338202145686139],[114.17022474062485,22.338201209818809],[114.17022406931534,22.3382002488481],[114.17022343897166,22.338199264309274],[114.17022285056443,22.338198257647253],[114.17022230496723,22.33819723039727],[114.17022180305364,22.338196184184834],[114.17022134550309,22.338195120545226],[114.17022093309211,22.338194041194253],[114.17022056650011,22.338192947667139],[114.17022024621238,22.338191841679745],[114.17021997271418,22.338190724947864],[114.17021974639376,22.338189599097028],[114.17021956773635,22.338188465843047],[114.17021943683901,22.338187327082377],[114.17021935399281,22.338186184350239],[114.17021931929477,22.338185039452711],[114.17021933284187,22.338183894195925],[114.17021939463402,22.338182750295687],[114.17021950447702,22.338181609467828],[114.17021966217661,22.338180473518406],[114.17021986773273,22.338179344072962],[114.17022012056286,22.338178222937564],[114.17022042037567,22.338177111828031],[114.17022076678282,22.338176012369846],[114.17022115920176,22.338174926369064],[114.17022159695296,22.3381738552706],[114.17022207955094,22.338172800970835],[114.17022260612195,22.338171764824299],[114.17022317588936,22.338170748637086],[114.17022378797945,22.338169753763768],[114.17022444142142,22.338168781829769],[114.17022513534152,22.338167834370289],[114.17022586857485,22.33816691264953],[114.17022664005349,22.33816601820266],[114.17022744861255,22.338165152474549],[114.17022829298999,22.33816431663907],[114.17022917182676,22.338163511960456],[114.17023008386084,22.33816273979329],[114.17023102773317,22.338162001221118],[114.17023200189053,22.33816129732757],[114.17023300497385,22.338160629376901],[114.1702340354299,22.338159998181769],[114.17023509160845,22.338159404825788],[114.17023617195623,22.338158850211926],[114.17023727472593,22.338158335062605],[114.17023839846145,22.338157860280752],[114.17023954122126,22.338157426588797],[114.17024070135513,22.33815703461881],[114.17024187711567,22.338156685002808],[114.17024306665853,22.338156378192298],[114.17024426813926,22.338156114729003],[114.17024547990766,22.338155895064403],[114.17024669982808,22.338155719379024],[114.17024792634737,22.338155588034002],[114.17024915732992,22.338155501209904],[114.17025039102836,22.33815545908724],[114.1702516255984,22.338155461665934],[114.17025285909851,22.33815550903622],[114.1702540895873,22.338155600927127],[114.17025531522036,22.33815573742881],[114.17025653425041,22.338155918180064],[114.17025774463892,22.338156143000145],[114.17025894473569,22.338156411527788],[114.17026013250222,22.338156723311364],[114.17026130628827,22.338157077808969],[114.17026246415244,22.338157474659308],[114.1702636044445,22.338157913139895],[114.17026472541721,22.338158392618478],[114.17026582532326,22.33815891237256],[114.17026690251245,22.338159471499008],[114.17026795533464,22.338160069275339],[114.17026898213958,22.33816070479838],[114.17026998147122,22.338161376984441],[114.17027095167944,22.338162084840071],[114.17027266892637,22.338163488441335]]]},"properties":{"OBJECTID":1697,"Shape__Length":20.42880156758989,"Shape__Area":33.20610083597186,"GeoRefNo":"3558622124","DateCreate":1114790400000,"BuildingBlockType":"Tower","BuildingCSUID":"3558622124T20050430","BuildingID":1108222911,"Status":"Active","BuildingNameEN":"SHEK KIP MEI PARK","BuildingNameTC":"石硤尾公園","BaseHeight":67.299999999999997,"TopHeight":70.599999999999994,"Storeys":null,"StoreysInBasement":null,"DateStamp":1286208000000}},{"type":"Feature","id":1715,"geometry":{"type":"Polygon","coordinates":[[[114.17827550559834,22.339777422978187],[114.17824738974426,22.339778948309267],[114.17824379182987,22.339714317802009],[114.17827184893795,22.33971245229041],[114.17827550559834,22.339777422978187]]]},"properties":{"OBJECTID":1715,"Shape__Length":20.169748588531153,"Shape__Area":20.831675364719452,"GeoRefNo":"3641122298","DateCreate":1114790400000,"BuildingBlockType":"Tower","BuildingCSUID":"3641122298T20050430","BuildingID":1108222199,"Status":"Active","BuildingNameEN":null,"BuildingNameTC":null,"BaseHeight":33,"TopHeight":37.5,"Storeys":null,"StoreysInBasement":null,"DateStamp":1286208000000}},{"type":"Feature","id":1722,"geometry":{"type":"Polygon","coordinates":[[[114.1701239025399,22.338169493281768],[114.17012414114123,22.33816956273677],[114.17012530463599,22.33816994522973],[114.17012645250024,22.338170366463178],[114.17012758318079,22.338170825804934],[114.17012869531865,22.33817132280339],[114.17012978726368,22.338171856736068],[114.17013085775388,22.338172426880448],[114.17013190533328,22.338173032514021],[114.17013292864284,22.338173672914301],[114.17013392632362,22.338174347178168],[114.17013489721076,22.338175054312199],[114.17013583975115,22.338175793684211],[114.17013675297416,22.338176564029865],[114.17013763561782,22.338177364536371],[114.17013848651733,22.33817819411999],[114.17013930460496,22.338179051606744],[114.17014008871587,22.338179936003197],[114.17014083787942,22.338180846135327],[114.1701415511249,22.338181780738843],[114.17014222748162,22.338182738639706],[114.17014286617317,22.338183718573596],[114.17014346622877,22.338184719276232],[114.17014402696903,22.338185739483272],[114.17014454761738,22.338186777749783],[114.17014502749444,22.338187832901802],[114.1701454660178,22.338188903404088],[114.1701458626051,22.33818998790202],[114.17014621667397,22.338191084950694],[114.17014652783618,22.338192193195539],[114.17014679560644,22.338193311191588],[114.17014701979069,22.338194437403644],[114.1701471999036,22.338195570386841],[114.1701473357511,22.338196708786544],[114.17014742733329,22.338197850886949],[114.17014747426191,22.338198995423777],[114.1701474767312,22.338200140681206],[114.1701474345471,22.33820128539497],[114.17014734780672,22.338202427939553],[114.17014721670431,22.338203566779786],[114.17014704143406,22.338204700561047],[114.1701468220931,22.33820582774818],[114.17014655897273,22.33820694689631],[114.17014625246131,22.338208056470236],[114.17014590304431,22.338209155115393],[114.17014551111001,22.338210241296579],[114.17014507704685,22.33821131365929],[114.17014460163141,22.338212370848908],[114.17014408534914,22.33821341142059],[114.17014352897669,22.338214433929473],[114.17014293309657,22.338215437291918],[114.17014229858252,22.338216419972706],[114.17014162621109,22.338217380797971],[114.17014091695317,22.338218318413141],[114.17014017158536,22.338219231734566],[114.17013939127254,22.338220119498018],[114.17013857679143,22.338220980529563],[114.17013772940398,22.33822181374558],[114.17013685017804,22.338222618062442],[114.17013594027854,22.338223392396525],[114.17013500077336,22.338224135754498],[114.17013403292444,22.338224847143078],[114.17013303809088,22.338225525659254],[114.17013201753464,22.338226170490309],[114.17013097251774,22.338226780642948],[114.17012990439919,22.338227355394785],[114.17012881463516,22.338227894023415],[114.17012770468175,22.33822839580646],[114.17012657599511,22.338228860021552],[114.17012542983717,22.338229286217203],[114.17012426795532,22.338229673671012],[114.17012309180562,22.338230022021854],[114.17012190274717,22.338230330727921],[114.17012070252724,22.338230599428073],[114.17011949269907,22.338230827670866],[114.1701182747187,22.338231015275749],[114.1701170503335,22.338231161971819],[114.17011582099956,22.338231267578589],[114.17011458836713,22.33823133191548],[114.17011335398936,22.338231354892276],[114.17011092872821,22.338231279476723],[114.17010969891874,22.338231179908782],[114.17010847377072,22.338231039251937],[114.17010725493439,22.338230857596539],[114.17010604396293,22.338230635213549],[114.17010484240944,22.338230372373996],[114.17010365192421,22.338230069529423],[114.17010247406029,22.338229726950875],[114.17010131027384,22.338229345089879],[114.17010016211793,22.338228924578704],[114.17009903104868,22.338228465778556],[114.17009791871627,22.338227969502345],[114.17009682638263,22.338227436201571],[114.17009575550381,22.338226866598799],[114.17009470753584,22.338226261597104],[114.17009368374067,22.338225621828716],[114.17009268557435,22.338224948106419],[114.17009171439581,22.338224241513966],[114.17009077127285,22.338223502683501],[114.17008985746737,22.338222732879405],[114.17008897433831,22.338221932824169],[114.17008812295343,22.338221103782068],[114.17008730428341,22.338220246746591],[114.17008651959014,22.338219362801393],[114.17008576984432,22.338218453120504],[114.17008505601656,22.338217518877961],[114.17008437898048,22.338216561428368],[114.17008373960971,22.338215581855444],[114.17008313887487,22.338214581423486],[114.17008257745543,22.338213561577426],[114.17008205612788,22.338212523581621],[114.1700815755717,22.338211468700301],[114.17008113627216,22.338210398468735],[114.17008073900578,22.338209314241521],[114.17008038425789,22.338208217373285],[114.17008007231956,22.338207109218608],[114.17007980377322,22.338205991403033],[114.17007957890999,22.338204865371452],[114.17007939802103,22.338203732388159],[114.17007926139745,22.338202594168969],[114.17007916913633,22.338201452068496],[114.1700791213346,22.338200307621936],[114.17007911818635,22.338199162274165],[114.17007915959444,22.338198017560387],[114.17007924555878,22.338196875015797],[114.17007937588517,22.338195735995001],[114.17007955047646,22.338194602123451],[114.17007976904135,22.338193474846062],[114.17008003138565,22.338192355607724],[114.17008033712098,22.338191245853267],[114.17008068585896,22.338190147027632],[114.17008107711422,22.338189060575608],[114.17008151040125,22.338187987942138],[114.17008198513757,22.338186930572061],[114.1700825007407,22.33818588972963],[114.17008305653104,22.33818486676941],[114.17008365173197,22.338183863136255],[114.17008428556683,22.338182880094415],[114.17008495725895,22.338181918908127],[114.17008566593466,22.338180980841653],[114.17008641062316,22.338180067068929],[114.17008719045074,22.338179178854176],[114.17008800425243,22.33817831737133],[114.1700888510575,22.338177483704008],[114.17008972979808,22.338176678845571],[114.17009063930927,22.338175904060165],[114.17009157823196,22.338175160160603],[114.17009254559542,22.338174448140091],[114.17009354004054,22.338173769082335],[114.17009456020833,22.338173123709645],[114.17009560473966,22.33817251301539],[114.17009667246963,22.338171937631603],[114.1700977618451,22.338171398371031],[114.17009887150698,22.338170895956029],[114.17009999990208,22.338170431018685],[114.17010114576841,22.33817000428137],[114.17010230735866,22.338169616105265],[114.17010348331377,22.338169267122428],[114.17010467208058,22.338168957694034],[114.17010587220295,22.338168688361847],[114.17010708183652,22.338168459396684],[114.1701082997193,22.338168271069456],[114.17010952400693,22.338168123741308],[114.17011075334035,22.338168017412123],[114.1701119858752,22.338167952443118],[114.17011322015536,22.338167928743889],[114.17011445462769,22.338167946404688],[114.17011568744782,22.338168005425437],[114.17011691725672,22.33816810562546],[114.17011814230709,22.338168247095009],[114.17011936104576,22.338168429382474],[114.17012057182255,22.33816865248777],[114.17012177318135,22.338168915959368],[114.17012296347194,22.338169219526222],[114.1701239025399,22.338169493281768]]]},"properties":{"OBJECTID":1722,"Shape__Length":22.094190132560644,"Shape__Area":38.841527381665649,"GeoRefNo":"3557222126","DateCreate":1114790400000,"BuildingBlockType":"Tower","BuildingCSUID":"3557222126T20050430","BuildingID":1108222905,"Status":"Active","BuildingNameEN":"SHEK KIP MEI PARK","BuildingNameTC":"石硤尾公園","BaseHeight":67.299999999999997,"TopHeight":69.900000000000006,"Storeys":null,"StoreysInBasement":null,"DateStamp":1286208000000}},{"type":"Feature","id":1837,"geometry":{"type":"Polygon","coordinates":[[[114.16891541664498,22.332960356815594],[114.16891537878125,22.332970798150168],[114.16880908815403,22.332970612312224],[114.16880932286391,22.332968970113022],[114.16880964668165,22.332967354558399],[114.16881000078463,22.332965744513952],[114.16881038497866,22.332964140521465],[114.16881079916668,22.332962542942163],[114.16881124334859,22.332960952317919],[114.16881171723323,22.332959369190501],[114.16881222072345,22.33295779401146],[114.16881275381927,22.332956227232334],[114.16881331613234,22.332954669304602],[114.16881390756561,22.332953120770121],[114.16881452802193,22.332951582080391],[114.16881472859359,22.332951109791026],[114.16880799991078,22.332948581979515],[114.16880839815148,22.332947473314995],[114.16880880968915,22.332946390659224],[114.16880924151384,22.332945314867668],[114.16880969343141,22.332944246301583],[114.16881016534477,22.33294318523188],[114.16881065705977,22.332942132019745],[114.16881116847931,22.332941086845793],[114.16881169950631,22.332940050251867],[114.16881224975246,22.332939022328262],[114.16881281931484,22.332938003526476],[114.16881340780513,22.332936994207738],[114.16881401522332,22.332935994462353],[114.1688146412782,22.332935004832134],[114.16881528577559,22.332934025497657],[114.16881594861842,22.33293305682021],[114.16881662941839,22.332932098980326],[114.16881732817548,22.332931152339246],[114.16881804459848,22.332930217167867],[114.16881877839616,22.332929293827412],[114.16881906108081,22.332928950769698],[114.168821178063,22.332930592182127],[114.16882169799401,22.332930080806108],[114.16882261787019,22.332929207052704],[114.16882355395602,22.332928348471466],[114.16882450605738,22.332927505152707],[114.16882547378593,22.332926677457607],[114.16882645694753,22.332925865566789],[114.16882745515393,22.332925069751127],[114.16882846821095,22.33292429037186],[114.16882949563322,22.332923527428928],[114.16883053722658,22.332922781373895],[114.16883159269987,22.332922052297004],[114.16883266166474,22.332921340469195],[114.16883374383001,22.332920646161359],[114.16883483890446,22.332919969463777],[114.16883594640268,22.332919310647348],[114.16883706613055,22.332918669982973],[114.16883819769983,22.332918047470642],[114.16883934081925,22.332917443561865],[114.16884049510051,22.332916858256635],[114.16884166015539,22.332916291735526],[114.16884283559554,22.332915744269425],[114.16884402122686,22.332915215948656],[114.16884521656394,22.332914706953808],[114.16884642121855,22.332914217465458],[114.16884763489946,22.332913747573901],[114.16884885721838,22.332913297550029],[114.16885008778702,22.33291286739383],[114.16885132631418,22.332912457195608],[114.16885257221742,22.332912067316528],[114.16885382530262,22.33291169766628],[114.16885508518149,22.33291134833518],[114.16885635136865,22.332911019594093],[114.16885762357295,22.332910711443024],[114.16885890130898,22.33291042406254],[114.16886018428555,22.332910157362317],[114.1688614720173,22.332909911613296],[114.16886276421307,22.332909686725085],[114.16886406038743,22.332909482968649],[114.16886536015217,22.332909300163301],[114.16886666321604,22.332909138579954],[114.16886796909371,22.332908998128314],[114.168869277494,22.332908878898635],[114.16887058783441,22.332908780981235],[114.16887189982378,22.332908704376049],[114.16887321307388,22.332908648992774],[114.16887452709931,22.332908615012006],[114.16887584160888,22.332908602343416],[114.16887715611722,22.332908610986998],[114.16887847033315,22.332908641033015],[114.16887978377132,22.332908692391158],[114.16888109604345,22.332908765061379],[114.16888240676127,22.332908858953395],[114.16888262070036,22.332908877837795],[114.16888271906201,22.332899770142085],[114.16889252254316,22.332899861831436],[114.16889354320631,22.332883019850868],[114.16889435296937,22.332882784192407],[114.16889516166492,22.332882544199219],[114.16889596938995,22.332882300593734],[114.16889677643567,22.332882054279011],[114.16889758289909,22.332881805887254],[114.16889838916845,22.33288155632151],[114.16889919524367,22.332881306304238],[114.16890000141595,22.332881056557849],[114.16890080787935,22.332880808075771],[114.16890161482802,22.332880561399833],[114.168902422456,22.332880317433087],[114.1689032309574,22.332880076898],[114.16890404062339,22.332879840607344],[114.16890485155099,22.332879609464168],[114.1689056639343,22.332879384010333],[114.1689064779674,22.33287916523922],[114.16890729403852,22.332878953782931],[114.16890811205056,22.332878750454284],[114.16890893239176,22.332878556156313],[114.16890975525621,22.332878371250285],[114.16891058025583,22.332878192665728],[114.16891140709947,22.332878019048081],[114.16891223578715,22.332877850487659],[114.16891306612469,22.332877686984435],[114.16891389801508,22.33287752862871],[114.16891473136117,22.332877375330185],[114.16891556606595,22.332877227179157],[114.16891640203234,22.332877084175589],[114.16891723916325,22.332876946319537],[114.16891807716753,22.332876813610937],[114.16891891614218,22.332876686140114],[114.16891975589307,22.332876563907075],[114.16892059632316,22.332876446911783],[114.16892143733537,22.332876335154257],[114.16892227873556,22.332876228634483],[114.16892312052371,22.332876127442756],[114.16892396250573,22.332876031488777],[114.16892480458449,22.332875940862841],[114.16892564666297,22.332875855655264],[114.16892648893521,22.332875776678762],[114.16892733217762,22.332875707365048],[114.16892817648724,22.332875647262565],[114.16892902167002,22.332875595468252],[114.1689298676289,22.332875551349961],[114.16893071446108,22.332875514004634],[114.1689315618753,22.332875482709838],[114.1689324099687,22.332875456562491],[114.16893325845015,22.332875434840165],[114.16893410731966,22.332875416730047],[114.16893495657729,22.332875401509742],[114.16893580602893,22.332875388185869],[114.16893665557758,22.332875376035975],[114.16893750522328,22.33287536442791],[114.16893835477194,22.332875352278009],[114.16893920422358,22.332875339044417],[114.16894005338412,22.332875323733791],[114.16894090235071,22.332875305713973],[114.16894175083212,22.332875284081862],[114.16894266056448,22.332875255950743],[114.16894234958679,22.332955820262725],[114.16894226697966,22.332955844280047],[114.16894221281422,22.332955859990602],[114.16894215864882,22.332955875610875],[114.16894210448339,22.332955891321447],[114.16894205031797,22.332955906941717],[114.16894199615257,22.332955922561986],[114.16894194189008,22.332955938091935],[114.16894188772466,22.33295595371219],[114.16894183346218,22.332955969242164],[114.1689417791997,22.332955984681789],[114.16894172493721,22.332956000211752],[114.16894167077183,22.332956015651423],[114.16894161650934,22.332956031091058],[114.16894156224686,22.332956046440398],[114.16894150788731,22.332956061789751],[114.16894145362487,22.332956077139098],[114.16894139936238,22.332956092488427],[114.16894134500284,22.33295610774746],[114.16894129074038,22.3329561230968],[114.16894123638085,22.332956138265544],[114.16894118211837,22.332956153524567],[114.16894112775886,22.332956168693311],[114.16894107339934,22.332956183862034],[114.16894101903979,22.332956199030757],[114.16894096468027,22.332956214109174],[114.16894091032073,22.332956229187594],[114.16894085596122,22.332956244266025],[114.16894080160171,22.332956259344446],[114.16894074714511,22.332956274332542],[114.16894069278558,22.332956289320666],[114.16894063832899,22.332956304218467],[114.16894058396949,22.332956319206581],[114.16894052951291,22.332956334104399],[114.16894047505632,22.332956349002203],[114.16894042059974,22.332956363809689],[114.16894036614316,22.33295637861718],[114.16894031168657,22.332956393424688],[114.16894025722999,22.332956408232196],[114.16894020277343,22.332956422949373],[114.16894014831685,22.332956437666567],[114.1689400937632,22.332956452383769],[114.16894003930665,22.332956467100956],[114.168939984753,22.33295648172783],[114.16893993029643,22.332956496354726],[114.16893987574282,22.332956510891293],[114.16893982118916,22.332956525518185],[114.16893976663552,22.332956540054756],[114.16893971217897,22.332956554591334],[114.16893965752827,22.332956569037609],[114.16893960297465,22.332956583483877],[114.16893954842101,22.332956597930149],[114.16893949386738,22.332956612376417],[114.16893943931376,22.332956626732379],[114.16893938466306,22.332956641088362],[114.16893933010945,22.332956655444299],[114.16893927545875,22.332956669709958],[114.16893922080807,22.33295668397562],[114.16893916625448,22.332956698241276],[114.16893911160376,22.332956712506931],[114.16893905695308,22.332956726682266],[114.16893900230241,22.332956740857618],[114.16893894765172,22.332956755032981],[114.16893889290398,22.332956769118002],[114.16893883825331,22.332956783203052],[114.16893878360263,22.332956797288077],[114.16893872885487,22.332956811373126],[114.1689386742042,22.332956825367873],[114.16893861945647,22.332956839362598],[114.16893856480581,22.332956853357341],[114.16893851005807,22.332956867261768],[114.16893845531033,22.332956881166179],[114.16893840056258,22.332956895070602],[114.16893834581485,22.332956908975049],[114.16893829106712,22.332956922789155],[114.16893823631938,22.332956936603285],[114.16893818157166,22.332956950417397],[114.16893812682393,22.332956964141211],[114.16893807197914,22.332956977865038],[114.16893801723141,22.33295699158883],[114.16893796238662,22.33295700522234],[114.16893790763889,22.332957018946164],[114.16893785279412,22.33295703257965],[114.16893779794931,22.332957046122861],[114.1689377432016,22.332957059666054],[114.16893768835683,22.332957073299564],[114.16893763351204,22.332957086752458],[114.16893757866727,22.332957100295644],[114.16893752382248,22.332957113748545],[114.16893746888063,22.33295712720145],[114.16893741403584,22.332957140654322],[114.16893735919106,22.332957154016903],[114.16893730424923,22.332957167379483],[114.16893724940446,22.332957180742071],[114.16893719446261,22.332957194014337],[114.16893713961785,22.332957207286643],[114.16893708467602,22.3329572205589],[114.16893702973417,22.332957233831188],[114.16893697479235,22.332957247013159],[114.16893691985049,22.332957260195119],[114.16893686490866,22.332957273377097],[114.16893680996682,22.332957286468755],[114.16893675502502,22.332957299560409],[114.16893670008319,22.332957312652084],[114.1689366450443,22.332957325743752],[114.16893659010248,22.332957338745107],[114.16893653506357,22.332957351746455],[114.16893648012177,22.332957364657521],[114.16893642508286,22.332957377658865],[114.16893637004398,22.332957390569902],[114.16893631510214,22.33295740348095],[114.16893626006326,22.332957416301696],[114.16893620502439,22.332957429122445],[114.16893614998551,22.332957441943201],[114.16893609494664,22.332957454763918],[114.16893603990775,22.332957467494349],[114.16893598477181,22.332957480224792],[114.16893592973292,22.332957492955224],[114.16893587469406,22.332957505685659],[114.1689358195581,22.332957518325784],[114.16893576451923,22.332957530965917],[114.16893570938332,22.332957543515739],[114.16893565434441,22.332957556155876],[114.16893559920848,22.332957568705687],[114.16893554407255,22.332957581165203],[114.16893548893661,22.332957593715019],[114.16893543380068,22.332957606174521],[114.16893537866476,22.33295761863404],[114.16893532352884,22.33295763100325],[114.16893526839291,22.332957643462759],[114.16893521325697,22.332957655831972],[114.16893515812107,22.332957668110872],[114.16893510288806,22.332957680480074],[114.16893504775214,22.332957692758978],[114.16893499251916,22.332957705037877],[114.16893493738324,22.332957717226488],[114.16893488215024,22.332957729415046],[114.16893482691727,22.33295774160365],[114.16893477178134,22.332957753792254],[114.16893471654836,22.332957765890541],[114.16893466131539,22.332957777988813],[114.16893460608239,22.3329577900871],[114.16893455084943,22.332957802185398],[114.16893449561645,22.33295781419336],[114.16893444038348,22.332957826201355],[114.16893438505343,22.332957838119015],[114.16893432982047,22.332957850126988],[114.1689342745875,22.332957862044676],[114.16893421925745,22.332957873872022],[114.16893416402451,22.332957885789714],[114.16893410869446,22.332957897617067],[114.16893405336444,22.332957909444421],[114.16893399813145,22.332957921181499],[114.16893394280143,22.332957932918546],[114.16893388747143,22.3329579446556],[114.16893383214138,22.332957956392658],[114.16893377681136,22.332957968039416],[114.16893372148132,22.332957979776481],[114.1689336661513,22.332957991332936],[114.16893361082128,22.332958002979673],[114.1689335553942,22.332958014536111],[114.16893350006417,22.332958026092562],[114.16893344473415,22.332958037648989],[114.1689333893071,22.332958049115135],[114.16893333397705,22.332958060581262],[114.16893327854996,22.332958072047425],[114.16893322321998,22.332958083423247],[114.16893316779289,22.332958094799071],[114.16893311236583,22.332958106174917],[114.16893305693873,22.332958117550739],[114.16893300151166,22.332958128836257],[114.1689329460846,22.332958140121779],[114.16893289065752,22.332958151407297],[114.16893283523046,22.332958162602523],[114.16893277980338,22.332958173797735],[114.16893272437632,22.332958184992961],[114.16893266894925,22.332958196188176],[114.16893261342511,22.332958207293071],[114.16893255799805,22.332958218397977],[114.16893250247392,22.332958229412597],[114.16893244704687,22.332958240517506],[114.16893239152274,22.332958251532087],[114.16893233599862,22.3329582625467],[114.16893228057155,22.332958273471004],[114.16893222504744,22.332958284395282],[114.16893216952332,22.332958295319578],[114.16893211399919,22.332958306243878],[114.16893205847508,22.332958317077868],[114.16893200295098,22.332958327911861],[114.16893194742686,22.33295833874584],[114.16893189190273,22.332958349489552],[114.16893183637862,22.332958360233214],[114.16893178075745,22.33295837097689],[114.16893172523332,22.332958381720584],[114.16893166970922,22.332958392373943],[114.16893161408804,22.332958403027323],[114.16893155856394,22.332958413590394],[114.16893150294275,22.332958424243778],[114.16893144732161,22.332958434806837],[114.16893139179751,22.332958445369911],[114.16893133617634,22.332958455842668],[114.16893128055519,22.332958466315429],[114.16893122493401,22.332958476788189],[114.16893116931284,22.33295848726096],[114.1689311136917,22.332958497643407],[114.16893105807053,22.332958508025868],[114.16893100244937,22.332958518408315],[114.1689309468282,22.33295852870047],[114.16893089120705,22.33295853899261],[114.16893083548882,22.332958549284761],[114.16893077986767,22.332958559576909],[114.16893072424652,22.332958569778754],[114.16893066852829,22.332958579980591],[114.16893061290715,22.332958590182418],[114.16893055718893,22.332958600293967],[114.16893050147073,22.332958610405502],[114.16893044584958,22.332958620517033],[114.16893039013138,22.332958630538265],[114.16893033441315,22.332958640559486],[114.16893027869494,22.332958650580725],[114.16893022297674,22.332958660601939],[114.16893016725852,22.332958670532861],[114.16893011154033,22.332958680463776],[114.16893005582213,22.332958690394719],[114.16893000010393,22.332958700235316],[114.16892994438572,22.332958710075939],[114.16892988857045,22.332958719916544],[114.16892983285226,22.332958729757156],[114.16892977713408,22.332958739507468],[114.16892972131882,22.332958749257791],[114.1689296656006,22.332958759008083],[114.16892960978535,22.332958768668078],[114.16892955406716,22.332958778328095],[114.1689294982519,22.332958787988083],[114.16892944243664,22.332958797557772],[114.16892938671846,22.332958807127476],[114.16892933090323,22.332958816697172],[114.16892927508796,22.332958826266861],[114.16892921927273,22.332958835746251],[114.16892916345746,22.332958845225622],[114.16892910764221,22.332958854705016],[114.16892905182698,22.332958864094106],[114.16892899601174,22.332958873483172],[114.16892894009943,22.332958882872258],[114.16892888428417,22.332958892261342],[114.16892882846895,22.332958901560119],[114.1689287726537,22.332958910858885],[114.16892871674142,22.332958920157665],[114.16892866092617,22.332958929366125],[114.16892860501387,22.332958938574595],[114.16892854919864,22.332958947783077],[114.16892849328633,22.332958956901233],[114.16892843737405,22.332958966019383],[114.16892838155883,22.33295897513754],[114.16892832564653,22.332958984255704],[114.16892826973424,22.332958993283562],[114.16892821382194,22.332959002311412],[114.16892815790965,22.332959011339263],[114.16892810199737,22.332959020276807],[114.16892804608506,22.332959029214354],[114.16892799017278,22.332959038151898],[114.16892793426048,22.332959046999143],[114.16892787834821,22.332959055846395],[114.16892782243595,22.332959064693622],[114.16892776642658,22.332959073540877],[114.16892771051432,22.332959082297798],[114.16892765460203,22.332959091054732],[114.16892759859269,22.33295909981166],[114.16892754268042,22.332959108478288],[114.16892748667108,22.33295911723523],[114.16892743066175,22.332959125811541],[114.16892737474949,22.332959134478173],[114.16892731874013,22.332959143054488],[114.1689272627308,22.33295915163081],[114.16892720681855,22.332959160207146],[114.1689271508092,22.332959168693151],[114.16892709479988,22.332959177179159],[114.16892703879054,22.332959185665182],[114.16892698278122,22.332959194060873],[114.16892692677189,22.332959202546895],[114.16892687076256,22.332959210852291],[114.16892681475323,22.332959219247996],[114.16892675874391,22.33295922755341],[114.16892670273461,22.332959235858805],[114.16892664662822,22.332959244164204],[114.1689265906189,22.332959252379307],[114.16892653460958,22.3329592605944],[114.16892647850321,22.332959268809482],[114.1689264224939,22.332959277024575],[114.16892636638752,22.332959285149364],[114.16892631037821,22.332959293274161],[114.16892625427182,22.332959301308634],[114.1689261982625,22.332959309433416],[114.16892614215612,22.3329593174679],[114.16892608604977,22.332959325412066],[114.16892602994339,22.332959333446542],[114.16892597393409,22.332959341390747],[114.16892591782772,22.332959349334903],[114.16892586172135,22.332959357188763],[114.16892580561499,22.33295936513294],[114.16892574950863,22.332959372986807],[114.16892569340227,22.332959380750381],[114.16892563729589,22.332959388604248],[114.16892558118954,22.332959396367801],[114.16892552498612,22.332959404041056],[114.16892546887976,22.332959411804616],[114.1689254127734,22.332959419477866],[114.16892535666705,22.332959427151117],[114.16892530046366,22.332959434734065],[114.16892524435728,22.332959442407315],[114.16892518825094,22.332959449990277],[114.16892513204752,22.332959457482914],[114.16892507594119,22.332959465065866],[114.16892501973777,22.332959472558503],[114.16892496353434,22.332959480051141],[114.16892490742802,22.332959487453472],[114.16892485122462,22.332959494855814],[114.1689247950212,22.332959502258134],[114.16892473891488,22.332959509660505],[114.16892468271148,22.332959516972508],[114.16892462650806,22.332959524284533],[114.16892457030465,22.332959531596565],[114.16892451410125,22.33295953881829],[114.16892445789786,22.332959546040001],[114.16892440169445,22.332959553261723],[114.16892434549106,22.332959560483452],[114.16892428928766,22.332959567614871],[114.16892423308427,22.332959574746276],[114.16892417688088,22.332959581787396],[114.16892412058043,22.33295958891879],[114.16892406437704,22.332959595959899],[114.16892400817365,22.332959603001026],[114.16892395197029,22.332959609951821],[114.16892389566982,22.332959616902635],[114.16892383946644,22.332959623853434],[114.16892378316601,22.332959630713916],[114.16892372696262,22.332959637664732],[114.16892367066217,22.332959644525211],[114.16892361445881,22.332959651295404],[114.16892355815837,22.332959658155904],[114.16892350185792,22.33295966492609],[114.16892344565454,22.332959671696273],[114.16892338935411,22.332959678376167],[114.16892333305367,22.332959685056039],[114.16892327675322,22.332959691735947],[114.16892322054986,22.332959698415809],[114.16892316424942,22.33295970500539],[114.168923107949,22.332959711594963],[114.16892305164856,22.332959718184544],[114.16892299534814,22.332959724683811],[114.1689229390477,22.332959731183088],[114.16892288274728,22.332959737682355],[114.16892282644686,22.332959744091312],[114.16892277014645,22.332959750500269],[114.16892271374896,22.332959756909229],[114.16892265744855,22.332959763318204],[114.16892260114813,22.332959769636865],[114.16892254484772,22.332959775955509],[114.16892248845022,22.33295978227417],[114.16892243214983,22.332959788502524],[114.16892237584941,22.332959794730883],[114.16892231945194,22.332959800959227],[114.1689222631515,22.332959807187578],[114.16892220675403,22.332959813325619],[114.16892215045364,22.33295981946366],[114.16892209405617,22.332959825511413],[114.16892203765867,22.332959831649447],[114.16892198135828,22.332959837697175],[114.16892192496081,22.332959843744913],[114.16892186856336,22.332959849702352],[114.16892181226297,22.332959855659791],[114.16892175586548,22.332959861617212],[114.16892169946803,22.33295986748433],[114.16892164307056,22.332959873441762],[114.16892158667311,22.332959879308891],[114.16892153027565,22.332959885085703],[114.16892147397527,22.332959890952846],[114.16892141757782,22.332959896729662],[114.16892136118035,22.332959902416167],[114.16892130478288,22.332959908192993],[114.16892124828838,22.332959913879485],[114.16892119189092,22.332959919566019],[114.16892113549351,22.332959925162232],[114.16892107909605,22.332959930848723],[114.1689210226986,22.332959936444936],[114.16892096630116,22.332959941950847],[114.16892090980663,22.332959947547025],[114.1689208534092,22.332959953052953],[114.16892079701178,22.332959958468532],[114.16892074051728,22.332959963974428],[114.16892068411983,22.332959969390028],[114.16892062772239,22.332959974805629],[114.16892057122791,22.332959980130898],[114.16892051483048,22.332959985546498],[114.16892045833598,22.332959990871778],[114.16892040193854,22.332959996106769],[114.16892034544406,22.332960001432049],[114.16892028894955,22.33296000666703],[114.16892023255214,22.3329600118117],[114.16892017605763,22.332960017046691],[114.16892011956314,22.332960022191358],[114.16892006316574,22.332960027336036],[114.16892000667123,22.33296003248071],[114.16891995017679,22.332960037535063],[114.16891989368227,22.332960042589445],[114.16891983728486,22.332960047643809],[114.16891978079039,22.332960052607877],[114.1689197242959,22.332960057571931],[114.16891966780143,22.332960062536007],[114.16891961130698,22.33296006740974],[114.16891955481249,22.332960072283498],[114.16891949831802,22.332960077157264],[114.16891944182355,22.332960082031004],[114.16891938532908,22.332960086814477],[114.1689193288346,22.332960091597919],[114.16891927234015,22.33296009638136],[114.16891921584568,22.332960101074498],[114.16891915925414,22.332960105767658],[114.16891910275969,22.332960110460771],[114.16891904626522,22.332960115153924],[114.16891898977077,22.332960119756759],[114.1689189332763,22.332960124359609],[114.16891887668478,22.332960128872134],[114.16891882019033,22.332960133474966],[114.16891876369587,22.332960137987499],[114.16891870710435,22.332960142409721],[114.16891865060991,22.332960146922254],[114.16891859401838,22.332960151344473],[114.16891853752395,22.332960155766695],[114.16891848093243,22.332960160098608],[114.16891842443799,22.332960164520841],[114.16891836784649,22.332960168762455],[114.16891831135203,22.332960173094371],[114.16891825476053,22.33296017733597],[114.16891819826608,22.33296018157759],[114.16891814167458,22.332960185819204],[114.16891808508309,22.332960190060813],[114.16891802858866,22.33296019421212],[114.16891797199716,22.332960198273117],[114.16891791540564,22.33296020242442],[114.16891785891123,22.332960206485428],[114.16891780231973,22.332960210546414],[114.16891774572824,22.332960214607429],[114.16891768913675,22.332960218578108],[114.16891763254526,22.332960222548788],[114.16891757605083,22.332960226519489],[114.16891751945934,22.332960230399895],[114.16891746286787,22.332960234280257],[114.16891740627638,22.332960238160656],[114.16891734968489,22.332960242041036],[114.1689172930934,22.33296024583111],[114.16891723650194,22.332960249621205],[114.16891717991044,22.332960253411283],[114.16891712331898,22.332960257111058],[114.1689170667275,22.332960260810829],[114.16891701013603,22.332960264510604],[114.16891695354455,22.332960268120068],[114.16891689695306,22.332960271729551],[114.16891684026454,22.332960275338994],[114.16891678367307,22.332960278948459],[114.16891672708161,22.332960282467631],[114.16891667049015,22.332960285986797],[114.16891661389867,22.332960289415663],[114.16891655730721,22.332960292934814],[114.16891650061869,22.332960296363655],[114.16891644402722,22.332960299792525],[114.16891638743579,22.332960303131063],[114.16891633074725,22.332960306469626],[114.16891627415578,22.332960309808168],[114.16891621756434,22.332960313146707],[114.16891616087582,22.332960316394967],[114.16891610428436,22.332960319643202],[114.1689160476929,22.332960322801156],[114.16891599100441,22.332960326049395],[114.16891593441295,22.332960329207321],[114.16891587772443,22.332960332365257],[114.16891582113301,22.332960335432887],[114.16891576444449,22.332960338500513],[114.16891570785305,22.33296034156816],[114.16891565116454,22.33296034463579],[114.16891559457311,22.332960347613099],[114.16891553788462,22.332960350590422],[114.16891548129318,22.332960353477457],[114.16891541664498,22.332960356815594]]]},"properties":{"OBJECTID":1837,"Shape__Length":45.651697287631514,"Shape__Area":100.75306638661968,"GeoRefNo":"3544421543","DateCreate":1114790400000,"BuildingBlockType":"Tower","BuildingCSUID":"3544421543T20050430","BuildingID":1108225495,"Status":"Active","BuildingNameEN":null,"BuildingNameTC":null,"BaseHeight":26.600000000000001,"TopHeight":30.600000000000001,"Storeys":null,"StoreysInBasement":null,"DateStamp":1286208000000}},{"type":"Feature","id":1839,"geometry":{"type":"Polygon","coordinates":[[[114.17138170409336,22.329745804881121],[114.17138675648637,22.329626594853345],[114.17147671578873,22.329653006164534],[114.17146695759116,22.329748882096492],[114.17138170409336,22.329745804881121]]]},"properties":{"OBJECTID":1839,"Shape__Length":42.383123447702857,"Shape__Area":108.72651736405714,"GeoRefNo":"3570621183","DateCreate":1166025600000,"BuildingBlockType":"Tower","BuildingCSUID":"3570621183T20061214","BuildingID":1108227580,"Status":"Active","BuildingNameEN":"TUNG WONG HOUSE","BuildingNameTC":"東旺樓","BaseHeight":10.1,"TopHeight":14.800000000000001,"Storeys":null,"StoreysInBasement":null,"DateStamp":1286208000000}},{"type":"Feature","id":2606,"geometry":{"type":"Polygon","coordinates":[[[114.17006384385921,22.328660970100518],[114.17006301219718,22.328677063108508],[114.17006278786214,22.328681404191212],[114.1700870366805,22.328682289386379],[114.17008097663746,22.328799556144226],[114.16998621245578,22.328795858661472],[114.16999122512784,22.328678791619485],[114.17001429022625,22.328679633699704],[114.17001448833025,22.328675800947526],[114.17001528832461,22.328660319489625],[114.17001545562965,22.328657082393466],[114.17006395325775,22.328658852884647],[114.17006384385921,22.328660970100518]]]},"properties":{"OBJECTID":2606,"Shape__Length":50.624160866267061,"Shape__Area":140.09527312183616,"GeoRefNo":"3556221078","DateCreate":1114790400000,"BuildingBlockType":"Tower","BuildingCSUID":"3556221078T20050430","BuildingID":1108228342,"Status":"Active","BuildingNameEN":null,"BuildingNameTC":null,"BaseHeight":11.1,"TopHeight":28.800000000000001,"Storeys":2,"StoreysInBasement":null,"DateStamp":1599580800000}},{"type":"Feature","id":2607,"geometry":{"type":"Polygon","coordinates":[[[114.17000033807352,22.328481580932003],[114.17017877445578,22.328489554953848],[114.1702601623218,22.328493975222536],[114.17027007981881,22.328494513847073],[114.17026565978477,22.328596963298391],[114.17026497152519,22.32861071847573],[114.17014003887114,22.328604553063631],[114.16999467519167,22.3285982183648],[114.17000033807352,22.328481580932003]]]},"properties":{"OBJECTID":2607,"Shape__Length":81.51556312679304,"Shape__Area":359.75991536036457,"GeoRefNo":"3557421059","DateCreate":1114790400000,"BuildingBlockType":"Tower","BuildingCSUID":"3557421059T20050430","BuildingID":1108228490,"Status":"Active","BuildingNameEN":"Boundary Street Substation","BuildingNameTC":"界限街變電站","BaseHeight":9.8000000000000007,"TopHeight":27.399999999999999,"Storeys":3,"StoreysInBasement":null,"DateStamp":1599580800000}},{"type":"Feature","id":2869,"geometry":{"type":"Polygon","coordinates":[[[114.17950309695965,22.331473474370611],[114.17944559584097,22.331476004774171],[114.17944350869591,22.331434955037235],[114.17944055606846,22.331376882126659],[114.17944853844647,22.331376516981852],[114.17949701385906,22.331374299274348],[114.17950309695965,22.331473474370611]]]},"properties":{"OBJECTID":2869,"Shape__Length":33.742369952853181,"Shape__Area":64.610917752200166,"GeoRefNo":"3653621376","DateCreate":1421683200000,"BuildingBlockType":"Open-sided Structure","BuildingCSUID":"3653621376T20150120","BuildingID":1810137998,"Status":"Active","BuildingNameEN":null,"BuildingNameTC":null,"BaseHeight":15.699999999999999,"TopHeight":18.5,"Storeys":null,"StoreysInBasement":null,"DateStamp":1421683200000}},{"type":"Feature","id":2871,"geometry":{"type":"Polygon","coordinates":[[[114.17952776378456,22.331871901653674],[114.17944220940394,22.331876213170155],[114.17944017915387,22.331841344234597],[114.17952563819229,22.331837037506961],[114.17952776378456,22.331871901653674]]]},"properties":{"OBJECTID":2871,"Shape__Length":25.377420572989827,"Shape__Area":34.112875442765947,"GeoRefNo":"3653721423","DateCreate":1421683200000,"BuildingBlockType":"Open-sided Structure","BuildingCSUID":"3653721423T20150120","BuildingID":1810137995,"Status":"Active","BuildingNameEN":null,"BuildingNameTC":null,"BaseHeight":15.6,"TopHeight":18.399999999999999,"Storeys":null,"StoreysInBasement":null,"DateStamp":1421683200000}},{"type":"Feature","id":2874,"geometry":{"type":"Polygon","coordinates":[[[114.17951228167885,22.331617971010065],[114.17942666116006,22.331622549734451],[114.17942595438939,22.331611109805866],[114.17942399009557,22.331583608918923],[114.17950986295385,22.331578300249891],[114.17951228167885,22.331617971010065]]]},"properties":{"OBJECTID":2874,"Shape__Length":26.422299923588458,"Shape__Area":38.574903816269405,"GeoRefNo":"3653521395","DateCreate":1421683200000,"BuildingBlockType":"Open-sided Structure","BuildingCSUID":"3653521395T20150120","BuildingID":1810137994,"Status":"Active","BuildingNameEN":null,"BuildingNameTC":null,"BaseHeight":15.6,"TopHeight":18.399999999999999,"Storeys":null,"StoreysInBasement":null,"DateStamp":1421683200000}},{"type":"Feature","id":2942,"geometry":{"type":"Polygon","coordinates":[[[114.18074811376636,22.331226210352078],[114.18075043958807,22.331270603188681],[114.18055490232528,22.331281718213834],[114.18055542806349,22.33128972354115],[114.18047668824155,22.331294199352314],[114.1804730949226,22.331232116715238],[114.18048569023708,22.331231400758146],[114.18049557279963,22.331230839013443],[114.18074478873159,22.331216672693635],[114.18074811376636,22.331226210352078]]]},"properties":{"OBJECTID":2942,"Shape__Length":70.155959844745368,"Shape__Area":176.86231722009754,"GeoRefNo":"3665321356","DateCreate":1421683200000,"BuildingBlockType":"Open-sided Structure","BuildingCSUID":"3665321356T20150120","BuildingID":1810137983,"Status":"Active","BuildingNameEN":"EMPEROR PLACE","BuildingNameTC":"帝文苑","BaseHeight":20.600000000000001,"TopHeight":23.300000000000001,"Storeys":null,"StoreysInBasement":null,"DateStamp":1421683200000}},{"type":"Feature","id":3008,"geometry":{"type":"Polygon","coordinates":[[[114.18093062413675,22.330686947455515],[114.18088592763176,22.330689298337354],[114.18085393190309,22.330690981170864],[114.18085065861723,22.33063763083149],[114.18092779849539,22.330633543193812],[114.18093062413675,22.330686947455515]]]},"properties":{"OBJECTID":3008,"Shape__Length":27.711682097807476,"Shape__Area":46.977736806203701,"GeoRefNo":"3668221291","DateCreate":1421683200000,"BuildingBlockType":"Open-sided Structure","BuildingCSUID":"3668221291T20150120","BuildingID":1810137980,"Status":"Active","BuildingNameEN":null,"BuildingNameTC":null,"BaseHeight":18.699999999999999,"TopHeight":21.699999999999999,"Storeys":null,"StoreysInBasement":null,"DateStamp":1421683200000}},{"type":"Feature","id":3009,"geometry":{"type":"Polygon","coordinates":[[[114.18096972252697,22.33072612202923],[114.18097043107238,22.330737669506508],[114.18093410651721,22.330739598549687],[114.18093583796006,22.330767819706303],[114.18089071306743,22.330770071896008],[114.18088962085032,22.330749493304356],[114.18088592763176,22.330689298337354],[114.18093062413675,22.330686947455515],[114.18096757787238,22.330685104458489],[114.18096972252697,22.33072612202923]]]},"properties":{"OBJECTID":3009,"Shape__Length":34.744759827658264,"Shape__Area":63.555114979192055,"GeoRefNo":"3668621298","DateCreate":1421683200000,"BuildingBlockType":"Open-sided Structure","BuildingCSUID":"3668621298T20150120","BuildingID":1810137979,"Status":"Active","BuildingNameEN":null,"BuildingNameTC":null,"BaseHeight":18.699999999999999,"TopHeight":21.699999999999999,"Storeys":null,"StoreysInBasement":null,"DateStamp":1421683200000}},{"type":"Feature","id":3010,"geometry":{"type":"Polygon","coordinates":[[[114.18150938532543,22.331974209889481],[114.18138381410728,22.331978395707981],[114.18138176783209,22.331925264344925],[114.18148814018213,22.331922198150323],[114.18148829867012,22.331936074535854],[114.18150860767369,22.331935262011484],[114.18150938532543,22.331974209889481]]]},"properties":{"OBJECTID":3010,"Shape__Length":37.740183354150567,"Shape__Area":72.914600875957959,"GeoRefNo":"3673921434","DateCreate":1421596800000,"BuildingBlockType":"Open-sided Structure","BuildingCSUID":"3673921434T20150119","BuildingID":1810137949,"Status":"Active","BuildingNameEN":null,"BuildingNameTC":null,"BaseHeight":23.699999999999999,"TopHeight":27.699999999999999,"Storeys":null,"StoreysInBasement":null,"DateStamp":1421596800000}},{"type":"Feature","id":3011,"geometry":{"type":"Polygon","coordinates":[[[114.18124486952706,22.33011777086227],[114.18121957465952,22.330119139682395],[114.18121706008527,22.330074046529674],[114.18124210363848,22.330072691352942],[114.18124486952706,22.33011777086227]]]},"properties":{"OBJECTID":3011,"Shape__Length":15.194801811130574,"Shape__Area":12.986758519568074,"GeoRefNo":"3671721228","DateCreate":1421596800000,"BuildingBlockType":"Open-sided Structure","BuildingCSUID":"3671721228T20150119","BuildingID":1810137942,"Status":"Active","BuildingNameEN":"LANCAS COURT","BuildingNameTC":"聯嘉閣","BaseHeight":22.699999999999999,"TopHeight":25.699999999999999,"Storeys":null,"StoreysInBasement":null,"DateStamp":1421596800000}},{"type":"Feature","id":3012,"geometry":{"type":"Polygon","coordinates":[[[114.17642741823701,22.329991343245506],[114.17639693171212,22.329993943071514],[114.17639364542995,22.329956769030126],[114.17642383531006,22.329954194489606],[114.17642741823701,22.329991343245506]]]},"properties":{"OBJECTID":3012,"Shape__Length":14.537735446162149,"Shape__Area":12.962956906710891,"GeoRefNo":"3622021215","DateCreate":1420387200000,"BuildingBlockType":"Open-sided Structure","BuildingCSUID":"3622021215T20150105","BuildingID":1810137301,"Status":"Active","BuildingNameEN":null,"BuildingNameTC":null,"BaseHeight":null,"TopHeight":null,"Storeys":null,"StoreysInBasement":null,"DateStamp":1420387200000}},{"type":"Feature","id":3013,"geometry":{"type":"Polygon","coordinates":[[[114.17640240916036,22.329722066010763],[114.17638112356339,22.329724012134044],[114.17638212825436,22.329738957480757],[114.17634436293118,22.32974269079542],[114.17633533493512,22.329743583260598],[114.1763296878442,22.329698510790699],[114.17639837301897,22.329692383196111],[114.17640240916036,22.329722066010763]]]},"properties":{"OBJECTID":3013,"Shape__Length":24.15605023024866,"Shape__Area":31.85557813726809,"GeoRefNo":"3621621187","DateCreate":1420387200000,"BuildingBlockType":"Open-sided Structure","BuildingCSUID":"3621621187T20150105","BuildingID":1810137300,"Status":"Active","BuildingNameEN":null,"BuildingNameTC":null,"BaseHeight":null,"TopHeight":null,"Storeys":null,"StoreysInBasement":null,"DateStamp":1420387200000}},{"type":"Feature","id":3014,"geometry":{"type":"Polygon","coordinates":[[[114.17534145875939,22.327450968845273],[114.1755008883797,22.327457815415432],[114.17549908429834,22.327481054889969],[114.1751597410428,22.327467613603723],[114.17516110742332,22.327443750656794],[114.17534145875939,22.327450968845273]]]},"properties":{"OBJECTID":3014,"Shape__Length":75.258399415384247,"Shape__Area":91.961167920785456,"GeoRefNo":"3610920936","DateCreate":1199289600000,"BuildingBlockType":"Open-sided Structure","BuildingCSUID":"3610920936T20080103","BuildingID":1108229399,"Status":"Active","BuildingNameEN":"SOKA GAKKAI INTERNATIONAL OF HONG KONG CULTURE CENTER","BuildingNameTC":"香港國際創價學會文化會館","BaseHeight":8.5999999999999996,"TopHeight":11,"Storeys":null,"StoreysInBasement":null,"DateStamp":1423497600000}},{"type":"Feature","id":3016,"geometry":{"type":"Polygon","coordinates":[[[114.17778425998783,22.328690889067673],[114.17786503549587,22.328809227062095],[114.17783993651865,22.328824361124521],[114.17781107206213,22.328841765675261],[114.17785071325535,22.328899098440875],[114.17782541828119,22.328913877419541],[114.17777640147824,22.328843811850355],[114.17779146162775,22.32883461709207],[114.17775552358111,22.328781770774913],[114.17771958459088,22.328728923004554],[114.17778425998783,22.328690889067673]]]},"properties":{"OBJECTID":3016,"Shape__Length":65.619643928061734,"Shape__Area":149.47265212422155,"GeoRefNo":"3636221081","DateCreate":1114790400000,"BuildingBlockType":"Tower","BuildingCSUID":"3636221081T20050430","BuildingID":1108228248,"Status":"Active","BuildingNameEN":null,"BuildingNameTC":null,"BaseHeight":11.300000000000001,"TopHeight":18.5,"Storeys":null,"StoreysInBasement":null,"DateStamp":1423411200000}},{"type":"Feature","id":3017,"geometry":{"type":"Polygon","coordinates":[[[114.17700671551134,22.328033339969519],[114.17700642141887,22.328046481186636],[114.17697889495307,22.328045670357909],[114.17694449458801,22.328044656973457],[114.17693841972446,22.328033340029272],[114.17690928504814,22.327979602286202],[114.1770081706571,22.327983847305525],[114.17700671551134,22.328033339969519]]]},"properties":{"OBJECTID":3017,"Shape__Length":31.585094601476257,"Shape__Area":57.940069918170607,"GeoRefNo":"3627821001","DateCreate":1114790400000,"BuildingBlockType":"Tower","BuildingCSUID":"3627821001T20050430","BuildingID":1108228960,"Status":"Active","BuildingNameEN":null,"BuildingNameTC":null,"BaseHeight":10,"TopHeight":12.800000000000001,"Storeys":null,"StoreysInBasement":null,"DateStamp":1423411200000}},{"type":"Feature","id":3018,"geometry":{"type":"Polygon","coordinates":[[[114.17721988798229,22.328198830753472],[114.17722287023159,22.328129545842536],[114.17717286788604,22.328127881438395],[114.17717327870923,22.328104940952677],[114.17707845792923,22.328101613264515],[114.17707858731305,22.328098906798036],[114.17708107879959,22.328046788489644],[114.17713124680662,22.328048636152388],[114.17727681193948,22.328053997004474],[114.1772743884023,22.328114923296543],[114.17729095635633,22.328115221801468],[114.17728646773449,22.328201187923796],[114.17721988798229,22.328198830753472]]]},"properties":{"OBJECTID":3018,"Shape__Length":76.260595532688797,"Shape__Area":204.87112608348144,"GeoRefNo":"3630221006","DateCreate":1114790400000,"BuildingBlockType":"Tower","BuildingCSUID":"3630221006T20050430","BuildingID":1108228844,"Status":"Active","BuildingNameEN":null,"BuildingNameTC":null,"BaseHeight":10.4,"TopHeight":16.899999999999999,"Storeys":2,"StoreysInBasement":null,"DateStamp":1599580800000}},{"type":"Feature","id":3141,"geometry":{"type":"Polygon","coordinates":[[[114.17779146162775,22.32883461709207],[114.17777640147824,22.328843811850355],[114.17776512145689,22.328850445331213],[114.17772884290703,22.328797460932563],[114.17775552358111,22.328781770774913],[114.17779146162775,22.32883461709207]]]},"properties":{"OBJECTID":3141,"Shape__Length":20.363694942365768,"Shape__Area":22.516931338468538,"GeoRefNo":"3635921087","DateCreate":1423411200000,"BuildingBlockType":"Open-sided Structure","BuildingCSUID":"3635921087T20150209","BuildingID":1810138685,"Status":"Active","BuildingNameEN":null,"BuildingNameTC":null,"BaseHeight":11.300000000000001,"TopHeight":14.300000000000001,"Storeys":null,"StoreysInBasement":null,"DateStamp":1423411200000}},{"type":"Feature","id":3143,"geometry":{"type":"Polygon","coordinates":[[[114.17748948807422,22.32803333872651],[114.17748886358891,22.328040831585934],[114.17759257633098,22.328044474069614],[114.1775902922278,22.328088845858971],[114.1775258542761,22.328086019213835],[114.17752185525836,22.328182886520906],[114.17744411566468,22.328180208994446],[114.17745064308149,22.328056454016288],[114.17738804968859,22.328054160745932],[114.17737359379267,22.328053631151182],[114.1773744330409,22.32803333915324],[114.17737628890237,22.327999649285765],[114.17749115737109,22.328004580009349],[114.17748948807422,22.32803333872651]]]},"properties":{"OBJECTID":3143,"Shape__Length":84.523289431601157,"Shape__Area":219.34728558851739,"GeoRefNo":"3633121005","DateCreate":1114790400000,"BuildingBlockType":"Tower","BuildingCSUID":"3633121005T20050430","BuildingID":1108228858,"Status":"Active","BuildingNameEN":null,"BuildingNameTC":"異國風精品酒店","BaseHeight":10.4,"TopHeight":18,"Storeys":null,"StoreysInBasement":null,"DateStamp":1422460800000}},{"type":"Feature","id":3144,"geometry":{"type":"Polygon","coordinates":[[[114.17671597729898,22.329176453864285],[114.17683368376618,22.329175087848565],[114.17698230327403,22.329173360949614],[114.17698265218,22.329218757602689],[114.17689197296556,22.329219711472479],[114.17689197190737,22.32924151699045],[114.17687025211404,22.329241499839085],[114.17687022950601,22.329271531767041],[114.17657881204042,22.329271740904808],[114.1765762315999,22.32917807559781],[114.17671597729898,22.329176453864285]]]},"properties":{"OBJECTID":3144,"Shape__Length":104.58305055572249,"Shape__Area":381.58653184558949,"GeoRefNo":"3625121130","DateCreate":1114790400000,"BuildingBlockType":"Tower","BuildingCSUID":"3625121130T20050430","BuildingID":1108228001,"Status":"Active","BuildingNameEN":null,"BuildingNameTC":"福壽感恩堂","BaseHeight":10.699999999999999,"TopHeight":15.199999999999999,"Storeys":null,"StoreysInBasement":null,"DateStamp":1420387200000}},{"type":"Feature","id":3146,"geometry":{"type":"Polygon","coordinates":[[[114.17621953612056,22.329322892694709],[114.17609218448388,22.329383649929579],[114.17606334629507,22.329329457264574],[114.17618867890727,22.329269630194084],[114.17621953612056,22.329322892694709]]]},"properties":{"OBJECTID":3146,"Shape__Length":42.653288322775829,"Shape__Area":97.968929477520845,"GeoRefNo":"3619221143","DateCreate":1196870400000,"BuildingBlockType":"Open-sided Structure","BuildingCSUID":"3619221143T20071206","BuildingID":1108227924,"Status":"Active","BuildingNameEN":"KOWLOON TONG SCHOOL","BuildingNameTC":"九龍塘學校","BaseHeight":null,"TopHeight":null,"Storeys":null,"StoreysInBasement":null,"DateStamp":1420387200000}},{"type":"Feature","id":3147,"geometry":{"type":"Polygon","coordinates":[[[114.1744429928783,22.329969801673634],[114.1744618441647,22.329963970722403],[114.17444900465536,22.329928042631721],[114.17445866597565,22.329925054192319],[114.17443888370047,22.329869698867324],[114.17442808504428,22.329873039029881],[114.17440589050167,22.329810933394295],[114.17444722937189,22.329798146611825],[114.17449696009716,22.329782764008471],[114.17451824735865,22.329776179483428],[114.17453871433061,22.329833450918148],[114.17451618314257,22.329840420221213],[114.1745284079644,22.32987462815283],[114.17455249747763,22.329867176817508],[114.17457746546401,22.329937043083074],[114.17460972573484,22.329927064373191],[114.17463131092903,22.329987464817094],[114.17457190348624,22.330005840603647],[114.17456202008367,22.329978184486713],[114.17452409212309,22.329989916303788],[114.17453514027005,22.330020831667078],[114.17447005493109,22.330040963693715],[114.1744429928783,22.329969801673634]]]},"properties":{"OBJECTID":3147,"Shape__Length":101.63340310717709,"Shape__Area":329.18364133217722,"GeoRefNo":"3602521207","DateCreate":1114790400000,"BuildingBlockType":"Tower","BuildingCSUID":"3602521207T20050430","BuildingID":1108227305,"Status":"Active","BuildingNameEN":"Century Court","BuildingNameTC":"富安閣","BaseHeight":19.699999999999999,"TopHeight":30.100000000000001,"Storeys":4,"StoreysInBasement":null,"DateStamp":1599580800000}},{"type":"Feature","id":3148,"geometry":{"type":"Polygon","coordinates":[[[114.18124486952706,22.33011777086227],[114.18124210363848,22.330072691352942],[114.18123790896978,22.330004323183438],[114.18124708081149,22.330003643924279],[114.18124501380638,22.329973975536287],[114.18127175203419,22.32997261796088],[114.18127098022586,22.329962514385439],[114.18125897809831,22.329962902487001],[114.18125793392868,22.329946890569857],[114.18124814327891,22.329947258652627],[114.18124516074711,22.329893176379702],[114.18123110100682,22.329893772870783],[114.18122927890728,22.329864128045351],[114.18129548484396,22.329860547686177],[114.18129593888538,22.329871563630157],[114.18135971019555,22.329868120576666],[114.1813600888612,22.329877374746147],[114.18140264303833,22.329875388539023],[114.18140249207914,22.329865835721829],[114.18147049442452,22.329862096482859],[114.18146985147845,22.329851118473204],[114.18153639907774,22.329847519583442],[114.18153822424132,22.329879768464245],[114.1815271081562,22.329880382956645],[114.18152775490908,22.329897655191818],[114.1815184257307,22.329898351087678],[114.18152101115699,22.329949146325198],[114.18151081593795,22.329949676534497],[114.18151133298501,22.329960451088432],[114.1815361455851,22.329958868392563],[114.18153788602848,22.329988758125936],[114.18154459451533,22.329988503358859],[114.18155241880096,22.330101127500726],[114.181456584439,22.330106314721537],[114.18144853351411,22.329982886302094],[114.18146334202712,22.329981981015166],[114.18146114503487,22.329947369021653],[114.18131454162352,22.329955277702769],[114.18131649211925,22.329989660237946],[114.18133056096849,22.329988295868773],[114.18133841147502,22.330112708903965],[114.18124486952706,22.33011777086227]]]},"properties":{"OBJECTID":3148,"Shape__Length":179.01875305847454,"Shape__Area":598.76089659400157,"GeoRefNo":"3672221221","DateCreate":1114790400000,"BuildingBlockType":"Tower","BuildingCSUID":"3672221221T20050430","BuildingID":1108227229,"Status":"Active","BuildingNameEN":"Lancas Court","BuildingNameTC":"聯嘉閣","BaseHeight":22.699999999999999,"TopHeight":36.899999999999999,"Storeys":4,"StoreysInBasement":null,"DateStamp":1599580800000}},{"type":"Feature","id":3149,"geometry":{"type":"Polygon","coordinates":[[[114.1775063575092,22.330553906714972],[114.17745176175903,22.330555145929157],[114.17738067610118,22.330556713533692],[114.17732671749908,22.33055790348692],[114.17731337597871,22.330446911351249],[114.17746547939952,22.330442950013765],[114.17746607543693,22.330452670981657],[114.17746715725218,22.33047402288592],[114.17750015150929,22.33047349148389],[114.1775063575092,22.330553906714972]]]},"properties":{"OBJECTID":3149,"Shape__Length":62.327890121762266,"Shape__Area":220.23159382979478,"GeoRefNo":"3632121270","DateCreate":1114790400000,"BuildingBlockType":"Tower","BuildingCSUID":"3632121270T20050430","BuildingID":1108226835,"Status":"Active","BuildingNameEN":"Hong Kong Nursing Home","BuildingNameTC":null,"BaseHeight":12.800000000000001,"TopHeight":22.699999999999999,"Storeys":2,"StoreysInBasement":null,"DateStamp":1599580800000}},{"type":"Feature","id":3194,"geometry":{"type":"Polygon","coordinates":[[[114.17705000438728,22.328106967448925],[114.17697690050882,22.328104275062444],[114.17697889495307,22.328045670357909],[114.17700642141887,22.328046481186636],[114.17700671551134,22.328033339969519],[114.1770081706571,22.327983847305525],[114.1771334157079,22.327989223659383],[114.17713246385154,22.328020031050052],[114.17713124680662,22.328048636152388],[114.17708107879959,22.328046788489644],[114.17707858731305,22.328098906798036],[114.1770504392274,22.328097870127515],[114.17705000438728,22.328106967448925]]]},"properties":{"OBJECTID":3194,"Shape__Length":58.165367816882934,"Shape__Area":152.88080890098769,"GeoRefNo":"3628721001","DateCreate":1423411200000,"BuildingBlockType":"Open-sided Structure","BuildingCSUID":"3628721001T20150209","BuildingID":1810138691,"Status":"Active","BuildingNameEN":null,"BuildingNameTC":null,"BaseHeight":10,"TopHeight":12.4,"Storeys":null,"StoreysInBasement":null,"DateStamp":1423411200000}},{"type":"Feature","id":3200,"geometry":{"type":"Polygon","coordinates":[[[114.17726816354602,22.330657352127243],[114.17726670287232,22.330594133361238],[114.17735216482133,22.330593105970525],[114.1774151805093,22.330592348451031],[114.17741583129126,22.330625672018776],[114.17741598595275,22.330633589400382],[114.17735493411664,22.330634756089541],[114.17735528024068,22.330655772239417],[114.17726816354602,22.330657352127243]]]},"properties":{"OBJECTID":3200,"Shape__Length":44.462330136565214,"Shape__Area":91.593736148451043,"GeoRefNo":"3631521287","DateCreate":1114790400000,"BuildingBlockType":"Tower","BuildingCSUID":"3631521287T20050430","BuildingID":1108226761,"Status":"Active","BuildingNameEN":null,"BuildingNameTC":null,"BaseHeight":13.5,"TopHeight":20.399999999999999,"Storeys":null,"StoreysInBasement":null,"DateStamp":1423411200000}},{"type":"Feature","id":3201,"geometry":{"type":"Polygon","coordinates":[[[114.17914089488097,22.331051163809612],[114.17908962266621,22.331053504175287],[114.17909059237984,22.331078030408431],[114.1790145758599,22.331082095934526],[114.17901286381029,22.331059173903451],[114.17898867677944,22.331060530169072],[114.17898768779722,22.331044265382431],[114.17898428646133,22.330988326393165],[114.17888753663564,22.330993750875173],[114.17888260780551,22.330919168266934],[114.17887923541529,22.330868138479069],[114.1789779600679,22.33086111104755],[114.17898015979947,22.330891826555412],[114.17913589555182,22.330882781190954],[114.17914089317502,22.330947567235274],[114.17914885656582,22.331050800395655],[114.17914089488097,22.331051163809612]]]},"properties":{"OBJECTID":3201,"Shape__Length":101.97979279646532,"Shape__Area":467.32820308016915,"GeoRefNo":"3649221325","DateCreate":1114790400000,"BuildingBlockType":"Tower","BuildingCSUID":"3649221325T20050430","BuildingID":1108226509,"Status":"Active","BuildingNameEN":null,"BuildingNameTC":null,"BaseHeight":12.6,"TopHeight":25.300000000000001,"Storeys":2,"StoreysInBasement":null,"DateStamp":1599580800000}},{"type":"Feature","id":3203,"geometry":{"type":"Polygon","coordinates":[[[114.1793283014068,22.331419648392824],[114.1793277943591,22.331410738648685],[114.1793488064515,22.331409467088729],[114.17934956694161,22.331418184206559],[114.17940403493382,22.331414524611052],[114.17940998043768,22.331414078315557],[114.17941483724911,22.331414843489643],[114.17941938802342,22.33141659507886],[114.17942340358145,22.33141924476779],[114.17942668182525,22.331422659268334],[114.17942905763888,22.331426666550641],[114.17943041123671,22.331431064783175],[114.1794306745698,22.331435632446894],[114.17944350869591,22.331434955037235],[114.17944559584097,22.331476004774171],[114.1794498369421,22.331559419550413],[114.17938344486249,22.331563493040381],[114.17938174033708,22.331536278237447],[114.17933530310782,22.33153880264781],[114.1793283014068,22.331419648392824]]]},"properties":{"OBJECTID":3203,"Shape__Length":56.917032380146814,"Shape__Area":174.18643353848211,"GeoRefNo":"3652621381","DateCreate":1114790400000,"BuildingBlockType":"Tower","BuildingCSUID":"3652621381T20050430","BuildingID":1108226197,"Status":"Active","BuildingNameEN":null,"BuildingNameTC":null,"BaseHeight":15.699999999999999,"TopHeight":26.100000000000001,"Storeys":3,"StoreysInBasement":null,"DateStamp":1599580800000}},{"type":"Feature","id":3250,"geometry":{"type":"Polygon","coordinates":[[[114.17841728585124,22.328808519205463],[114.17834251881013,22.328812336154527],[114.17834182172687,22.32879860172638],[114.17833877698924,22.328738609598048],[114.17840886696429,22.328735530495027],[114.17841728585124,22.328808519205463]]]},"properties":{"OBJECTID":3250,"Shape__Length":31.245152967820331,"Shape__Area":60.852928381225141,"GeoRefNo":"3642321082","DateCreate":1423411200000,"BuildingBlockType":"Open-sided Structure","BuildingCSUID":"3642321082T20150209","BuildingID":1810138688,"Status":"Active","BuildingNameEN":"KINGSTON INTERNATIONAL SCHOOL","BuildingNameTC":"京斯敦國際學校","BaseHeight":11.4,"TopHeight":13.4,"Storeys":null,"StoreysInBasement":null,"DateStamp":1423411200000}},{"type":"Feature","id":3251,"geometry":{"type":"Polygon","coordinates":[[[114.17787921867233,22.328881910438909],[114.17785071325535,22.328899098440875],[114.17781107206213,22.328841765675261],[114.17783993651865,22.328824361124521],[114.17787921867233,22.328881910438909]]]},"properties":{"OBJECTID":3251,"Shape__Length":22.141117587684043,"Shape__Area":26.583689941359033,"GeoRefNo":"3636821092","DateCreate":1423411200000,"BuildingBlockType":"Open-sided Structure","BuildingCSUID":"3636821092T20150209","BuildingID":1810138686,"Status":"Active","BuildingNameEN":null,"BuildingNameTC":null,"BaseHeight":11.300000000000001,"TopHeight":13.800000000000001,"Storeys":null,"StoreysInBasement":null,"DateStamp":1423411200000}},{"type":"Feature","id":3252,"geometry":{"type":"Polygon","coordinates":[[[114.17790347455066,22.328716073808991],[114.17785652493284,22.328743812364745],[114.17782300803155,22.328694709404363],[114.17788342647172,22.328659013201065],[114.17790347455066,22.328716073808991]]]},"properties":{"OBJECTID":3252,"Shape__Length":26.192032551718725,"Shape__Area":42.200173000092633,"GeoRefNo":"3637021074","DateCreate":1423411200000,"BuildingBlockType":"Open-sided Structure","BuildingCSUID":"3637021074T20150209","BuildingID":1810138684,"Status":"Active","BuildingNameEN":null,"BuildingNameTC":null,"BaseHeight":11.300000000000001,"TopHeight":13.800000000000001,"Storeys":null,"StoreysInBasement":null,"DateStamp":1423411200000}},{"type":"Feature","id":3260,"geometry":{"type":"Polygon","coordinates":[[[114.1775118691428,22.330624048577246],[114.17741583129126,22.330625672018776],[114.1774151805093,22.330592348451031],[114.17735216482133,22.330593105970525],[114.17735184645208,22.330570183916038],[114.17738085834816,22.330569835149419],[114.17738067610118,22.330556713533692],[114.17745176175903,22.330555145929157],[114.17745484729924,22.330590142402912],[114.17750907954682,22.330589178531653],[114.1775118691428,22.330624048577246]]]},"properties":{"OBJECTID":3260,"Shape__Length":47.733282834027655,"Shape__Area":74.746517458991278,"GeoRefNo":"3632521283","DateCreate":1423411200000,"BuildingBlockType":"Open-sided Structure","BuildingCSUID":"3632521283T20150209","BuildingID":1810138700,"Status":"Active","BuildingNameEN":null,"BuildingNameTC":null,"BaseHeight":13.5,"TopHeight":16.5,"Storeys":null,"StoreysInBasement":null,"DateStamp":1423411200000}},{"type":"Feature","id":3267,"geometry":{"type":"Polygon","coordinates":[[[114.18155305008426,22.331694537048858],[114.18146278005369,22.331700173381606],[114.181464131677,22.331730946130683],[114.18138564688822,22.331734263481483],[114.18138379986513,22.331692115555182],[114.18143419043179,22.331690425142302],[114.18142991428022,22.33160436427956],[114.18147186174468,22.331603062770512],[114.18147074316242,22.331580518589405],[114.18155304611692,22.331576681647128],[114.18163860289043,22.331572945076942],[114.18164140333171,22.331593526590844],[114.1816887853189,22.331591502688717],[114.181692804904,22.331672552754039],[114.18169183715497,22.331678753270158],[114.18169019535304,22.331681823897505],[114.18168786153761,22.331684481125563],[114.18168495150645,22.331686592923742],[114.18168160969341,22.331688054533014],[114.18167800198557,22.331688793342437],[114.18155305008426,22.331694537048858]]]},"properties":{"OBJECTID":3267,"Shape__Length":96.018434267599332,"Shape__Area":360.36285514518306,"GeoRefNo":"3675421399","DateCreate":1114790400000,"BuildingBlockType":"Tower","BuildingCSUID":"3675421399T20050430","BuildingID":1108226092,"Status":"Active","BuildingNameEN":"Hyde Park Residence","BuildingNameTC":"豪盼園","BaseHeight":23.5,"TopHeight":35.299999999999997,"Storeys":4,"StoreysInBasement":null,"DateStamp":1599580800000}},{"type":"Feature","id":3269,"geometry":{"type":"Polygon","coordinates":[[[114.18150860767369,22.331935262011484],[114.18148829867012,22.331936074535854],[114.18148814018213,22.331922198150323],[114.18138176783209,22.331925264344925],[114.18138060978522,22.331879712503476],[114.18139526008953,22.331878994702233],[114.18139294512005,22.331822682504793],[114.18148778682786,22.331819093041489],[114.18148662923369,22.331791116335761],[114.18155305327562,22.331789340175888],[114.1815687275389,22.33178851161421],[114.18156999263704,22.331805974282037],[114.18159268879944,22.331804517706619],[114.18159391296982,22.331831496620719],[114.18159848598172,22.331932275508152],[114.18156118400418,22.331933267436415],[114.18155305812795,22.331933483504237],[114.18150860767369,22.331935262011484]]]},"properties":{"OBJECTID":3269,"Shape__Length":76.441165353253993,"Shape__Area":289.259116663697,"GeoRefNo":"3674221424","DateCreate":1114790400000,"BuildingBlockType":"Tower","BuildingCSUID":"3674221424T20050430","BuildingID":1108225979,"Status":"Active","BuildingNameEN":null,"BuildingNameTC":null,"BaseHeight":23.699999999999999,"TopHeight":31.300000000000001,"Storeys":2,"StoreysInBasement":null,"DateStamp":1599580800000}},{"type":"Feature","id":3321,"geometry":{"type":"Polygon","coordinates":[[[114.18100276119303,22.332034520817274],[114.18099340873079,22.331873686418554],[114.1811177433481,22.331867452077041],[114.18111698577238,22.33185295801518],[114.1812319727116,22.33184745530999],[114.18124291824918,22.332036320573813],[114.18112809619295,22.332042509606378],[114.18112717360664,22.332028268405491],[114.18100276119303,22.332034520817274]]]},"properties":{"OBJECTID":3321,"Shape__Length":91.340811993310822,"Shape__Area":477.78857898675733,"GeoRefNo":"3670821433","DateCreate":1114790400000,"BuildingBlockType":"Tower","BuildingCSUID":"3670821433T20050430","BuildingID":1108225932,"Status":"Active","BuildingNameEN":"28 Oxford","BuildingNameTC":"牛津２８","BaseHeight":17.399999999999999,"TopHeight":31.600000000000001,"Storeys":4,"StoreysInBasement":1,"DateStamp":1599580800000}},{"type":"Feature","id":3324,"geometry":{"type":"Polygon","coordinates":[[[114.1804483004012,22.331635304812437],[114.18050939299017,22.331632719878517],[114.18051041838666,22.331650023983403],[114.18051929765711,22.331799872362591],[114.18051954509689,22.331804048729605],[114.1805156661561,22.331804212813196],[114.18051609364011,22.331811426702242],[114.18051491223298,22.331811839426635],[114.18051396378392,22.331812031799561],[114.18051301407283,22.331812218392933],[114.1805120630026,22.331812399026145],[114.18051111067034,22.331812573789509],[114.1805101571731,22.331812742773327],[114.18050920241383,22.331812905796976],[114.18050824658663,22.331813062950776],[114.18050728959447,22.331813214144404],[114.18050633153442,22.331813359468182],[114.18050537250349,22.331813498922099],[114.18050441250173,22.33181363241583],[114.18050345152915,22.331813759949405],[114.18050248968278,22.331813881613126],[114.18050152705973,22.331813997316658],[114.18050056356286,22.33181410706003],[114.18049959928933,22.331814210933551],[114.18049863433616,22.331814308756574],[114.18049766870337,22.331814400709742],[114.1804967023909,22.331814486702715],[114.18049573559297,22.331814566645217],[114.18049476811538,22.331814640717852],[114.18049380024938,22.331814708740001],[114.18049283180079,22.331814770892297],[114.18049186306087,22.331814826994069],[114.18049089383543,22.331814877135688],[114.18048992431862,22.331814921317108],[114.18048895451048,22.331814959448071],[114.18048798441095,22.33181499161882],[114.18048701421422,22.331815017829395],[114.18048604372611,22.331815038079789],[114.18048507314076,22.331815052369986],[114.18048410255531,22.331815060609681],[114.18048313187259,22.331815062798896],[114.1804821611897,22.331815059118231],[114.18048119060374,22.331815049387064],[114.18048022001764,22.331815033695708],[114.18047924962552,22.331815012044167],[114.18047827942738,22.331814984342117],[114.18047730942321,22.331814950679888],[114.18047633961304,22.331814911057442],[114.18047537019096,22.331814865474815],[114.18047440115703,22.331814813841696],[114.18047343241412,22.331814756248345],[114.1804724641564,22.33181469269482],[114.18047149638389,22.331814623181099],[114.18047052909655,22.331814547707161],[114.18046956229441,22.331814466273034],[114.18046859617158,22.33181437887869],[114.18046763072807,22.331814285524167],[114.18046666596391,22.331814186119111],[114.18046570187907,22.331814080844165],[114.18046473857061,22.331813969699301],[114.1804637761356,22.331813852503956],[114.18046275875864,22.331813683383984],[114.18046233127733,22.331806469494783],[114.18045845243347,22.331806633667298],[114.1804483004012,22.331635304812437]]]},"properties":{"OBJECTID":3324,"Shape__Length":52.238634838491691,"Shape__Area":125.09436888045185,"GeoRefNo":"3664021405","DateCreate":1114790400000,"BuildingBlockType":"Tower","BuildingCSUID":"3664021405T20050430","BuildingID":1108226041,"Status":"Active","BuildingNameEN":null,"BuildingNameTC":null,"BaseHeight":18.399999999999999,"TopHeight":30.300000000000001,"Storeys":4,"StoreysInBasement":null,"DateStamp":1599580800000}},{"type":"Feature","id":3325,"geometry":{"type":"Polygon","coordinates":[[[114.18165027282187,22.331968933708481],[114.18156299098844,22.331972357244851],[114.18156118400418,22.331933267436415],[114.18159848598172,22.331932275508152],[114.18159391296982,22.331831496620719],[114.18161733765187,22.331830576617524],[114.18161702942244,22.331823783643237],[114.18170729367786,22.331820238526728],[114.18168787426092,22.331872527977872],[114.18162040855299,22.331874649733766],[114.1816209572662,22.331928249464305],[114.18165420576018,22.331927129860247],[114.18165531921636,22.331921051523953],[114.18166726785127,22.331924051036399],[114.18165027282187,22.331968933708481]]]},"properties":{"OBJECTID":3325,"Shape__Length":70.492852370870466,"Shape__Area":117.93748799102335,"GeoRefNo":"3675821422","DateCreate":1421596800000,"BuildingBlockType":"Open-sided Structure","BuildingCSUID":"3675821422T20150119","BuildingID":1108225966,"Status":"Active","BuildingNameEN":null,"BuildingNameTC":null,"BaseHeight":23.699999999999999,"TopHeight":27.699999999999999,"Storeys":null,"StoreysInBasement":null,"DateStamp":1422547200000}},{"type":"Feature","id":3367,"geometry":{"type":"Polygon","coordinates":[[[114.17661125634632,22.329819519693281],[114.17650608745681,22.329825450442282],[114.17650425655461,22.329795059366429],[114.17653370635668,22.329794050797265],[114.17660938018815,22.329789179370408],[114.17661125634632,22.329819519693281]]]},"properties":{"OBJECTID":3367,"Shape__Length":28.441201331194939,"Shape__Area":36.166121314400534,"GeoRefNo":"3623521196","DateCreate":1423411200000,"BuildingBlockType":"Open-sided Structure","BuildingCSUID":"3623521196T20150209","BuildingID":1810138692,"Status":"Active","BuildingNameEN":null,"BuildingNameTC":null,"BaseHeight":12.199999999999999,"TopHeight":14.199999999999999,"Storeys":null,"StoreysInBasement":null,"DateStamp":1423411200000}},{"type":"Feature","id":3368,"geometry":{"type":"Polygon","coordinates":[[[114.17749789371069,22.332941042069525],[114.17745916375122,22.332943603657796],[114.17745017514768,22.332853665442155],[114.17749146857678,22.332850934341618],[114.17749789371069,22.332941042069525]]]},"properties":{"OBJECTID":3368,"Shape__Length":28.267024711603067,"Shape__Area":41.323406980620767,"GeoRefNo":"3633021539","DateCreate":1422806400000,"BuildingBlockType":"Open-sided Structure","BuildingCSUID":"3633021539T20150202","BuildingID":1810138503,"Status":"Active","BuildingNameEN":null,"BuildingNameTC":null,"BaseHeight":16.300000000000001,"TopHeight":18.600000000000001,"Storeys":null,"StoreysInBasement":null,"DateStamp":1422806400000}},{"type":"Feature","id":3369,"geometry":{"type":"Polygon","coordinates":[[[114.17737359379267,22.328053631151182],[114.17738804968859,22.328054160745932],[114.17737363913068,22.328281505223643],[114.17731836090778,22.328279177495244],[114.17733068146032,22.328084806493585],[114.17733272729556,22.328052531899505],[114.17737359379267,22.328053631151182]]]},"properties":{"OBJECTID":3369,"Shape__Length":61.762986932397311,"Shape__Area":143.56386587195391,"GeoRefNo":"3631721015","DateCreate":1422460800000,"BuildingBlockType":"Open-sided Structure","BuildingCSUID":"3631721015T20150129","BuildingID":1810138382,"Status":"Active","BuildingNameEN":null,"BuildingNameTC":null,"BaseHeight":10.699999999999999,"TopHeight":13,"Storeys":null,"StoreysInBasement":null,"DateStamp":1422547200000}},{"type":"Feature","id":3383,"geometry":{"type":"Polygon","coordinates":[[[114.17774312727377,22.332530320358909],[114.17768276787911,22.332531330486795],[114.17767718377627,22.332462401002513],[114.17772935306513,22.332461446911903],[114.17772570109086,22.33239200041729],[114.17767153764743,22.332392704550639],[114.17766956419382,22.332368540444413],[114.17772847166184,22.332367411306421],[114.1777401845472,22.33236718719246],[114.17774084663901,22.33239503352419],[114.17785213402018,22.332393093273271],[114.17785282343685,22.332411206986976],[114.17785462343551,22.332458503012841],[114.17777133178454,22.332460054971111],[114.17777210820732,22.332484526935229],[114.17774696517422,22.332485015904567],[114.17774653050316,22.332485435558066],[114.17774783374973,22.332530239418379],[114.17774312727377,22.332530320358909]]]},"properties":{"OBJECTID":3383,"Shape__Length":83.685171043863662,"Shape__Area":174.00316761075689,"GeoRefNo":"3636021486","DateCreate":1114790400000,"BuildingBlockType":"Tower","BuildingCSUID":"3636021486T20050430","BuildingID":1108225694,"Status":"Active","BuildingNameEN":null,"BuildingNameTC":null,"BaseHeight":15,"TopHeight":25.800000000000001,"Storeys":null,"StoreysInBasement":null,"DateStamp":1422460800000}},{"type":"Feature","id":3384,"geometry":{"type":"Polygon","coordinates":[[[114.17823766324673,22.332684398831649],[114.17818741119611,22.332686717319518],[114.17818499247198,22.332640398231941],[114.17823522363226,22.33263768041278],[114.17832852218194,22.332633425271446],[114.17833125914873,22.332680080472141],[114.17823766324673,22.332684398831649]]]},"properties":{"OBJECTID":3384,"Shape__Length":39.953277784944568,"Shape__Area":76.628260316542253,"GeoRefNo":"3641121513","DateCreate":1114790400000,"BuildingBlockType":"Tower","BuildingCSUID":"3641121513T20050430","BuildingID":1108225631,"Status":"Active","BuildingNameEN":null,"BuildingNameTC":null,"BaseHeight":14.5,"TopHeight":18.100000000000001,"Storeys":null,"StoreysInBasement":null,"DateStamp":1423411200000}},{"type":"Feature","id":3385,"geometry":{"type":"Polygon","coordinates":[[[114.18112229436869,22.333227734794395],[114.18115658712966,22.33322580982756],[114.18123462174128,22.333221429340085],[114.18123597690388,22.333242390812568],[114.18131639864629,22.333237909439564],[114.18131977833679,22.333290413132705],[114.18131061527139,22.333299064680954],[114.18131099792825,22.333299367826896],[114.18131137485824,22.333299677113818],[114.18131174596425,22.333299992541679],[114.18131211105218,22.33330031383959],[114.18131247002493,22.33330064109785],[114.1813128228825,22.333300974135842],[114.18131316933366,22.333301312863281],[114.1813135094755,22.333301657099543],[114.18131384301681,22.333302006844637],[114.1813141699576,22.333302361917976],[114.18131449029784,22.333302722319523],[114.18131480364923,22.333303087868689],[114.18131511020594,22.333303458384862],[114.18131540977384,22.333303833868047],[114.18131570225582,22.333304214137648],[114.18131598745775,22.333304599103329],[114.18131626547671,22.333304988674829],[114.18131653611854,22.333305382671497],[114.18131679928617,22.333305781003034],[114.18131705497959,22.333306183579193],[114.18131730310175,22.333306590219287],[114.18131754355555,22.333307000833052],[114.18131777624396,22.333307415330193],[114.18131800106985,22.333307833530082],[114.18131821803325,22.333308255252128],[114.18131842713417,22.333308680496295],[114.18131862808134,22.333309108991713],[114.18131882106893,22.333309540738345],[114.18131900590284,22.333309975645914],[114.18131918258298,22.333310413353175],[114.18131935091526,22.333310853950469],[114.18131951099674,22.333311297166855],[114.18131966282741,22.333311742912038],[114.18131980611605,22.333312191095711],[114.18131994105681,22.333312641446945],[114.18132006755262,22.333313094056052],[114.18132018550638,22.333313548561836],[114.18132029491809,22.333314004964258],[114.1813203956907,22.33331446299244],[114.18132048792127,22.333314922646352],[114.1813205715127,22.333315383745411],[114.18132064636795,22.333315846108981],[114.18132071258407,22.333316309646783],[114.18132077016105,22.333316774087848],[114.18132081890472,22.33331723952255],[114.18132085891222,22.3333177055896],[114.18132089018346,22.333318172289072],[114.18132091271852,22.333318639350008],[114.1813209265173,22.333319106772379],[114.1813209314828,22.333319574375633],[114.18132092771208,22.333320041888811],[114.18132091510802,22.333320509402224],[114.18132089376772,22.333320976554667],[114.18132086369117,22.333321443255826],[114.1813208247813,22.333321909415403],[114.18132077723223,22.333322374943066],[114.18132072084983,22.33332283956792],[114.18132065582823,22.333323303199641],[114.18132058207034,22.333323765747945],[114.18132049967326,22.333324227032179],[114.18132040863694,22.333324686871798],[114.18132030896142,22.333325145176442],[114.18132020074374,22.333325601765509],[114.18132008398391,22.333326056548707],[114.18131995858484,22.333326509345419],[114.18131982483773,22.333326960065332],[114.18131968264554,22.333327408527811],[114.1813195320082,22.333327854642583],[114.18131937302284,22.333328298229031],[114.18131920568945,22.333328739196851],[114.18131903020212,22.333329177275086],[114.18131884646382,22.333329612554092],[114.1813186545716,22.333330044672611],[114.18131845462253,22.333330473720949],[114.18131824671362,22.333330899337895],[114.18131803074789,22.333331321613745],[114.18131780701647,22.333331740277576],[114.18131757532527,22.333332155239088],[114.18131733596546,22.333332566407986],[114.18131708883998,22.333332973603639],[114.18131683424002,22.333333376645413],[114.18131657197146,22.333333775623657],[114.18131630242256,22.333334170177103],[114.18131602539916,22.333334560396089],[114.18131574109543,22.33333494591939],[114.18131544960842,22.333335326837275],[114.18131515103516,22.333335702969151],[114.18131484537574,22.333336074224704],[114.18131453292126,22.333336440423334],[114.18131421357472,22.333336801474712],[114.18131388753019,22.333337157378853],[114.18131355478774,22.333337507774523],[114.18131315603986,22.33333791190395],[114.18131274972035,22.333338309441277],[114.18131233602332,22.333338700296171],[114.18131191504591,22.333339084468655],[114.18131148688514,22.333339461687785],[114.18131105173515,22.333339831863224],[114.181310609693,22.333340194904729],[114.18131016095285,22.333340550812242],[114.18130970561174,22.333340899224563],[114.18130924376673,22.333341240322302],[114.18130877561198,22.33334157383451],[114.18130830124454,22.333341899670923],[114.18130782085859,22.333342217741155],[114.18130733455112,22.33334252795499],[114.18130684251632,22.333342830222058],[114.18130634485122,22.333343124542381],[114.18130584174999,22.333343410644993],[114.18130533330968,22.333343688529954],[114.18130481982151,22.333343958106919],[114.18130430128545,22.333344219375878],[114.18130377799272,22.333344472156231],[114.18130325004039,22.333344716357651],[114.18130271752553,22.333344951980152],[114.18130218064228,22.3333451788431],[114.18130163968182,22.333345397036812],[114.18130109464417,22.333345606380682],[114.18130054572346,22.333345806874679],[114.18129999321091,22.333345998428484],[114.18129943720355,22.333346180861515],[114.1812988777985,22.333346354354344],[114.18129831518985,22.333346518726415],[114.18129774966884,22.333346673887331],[114.18129718123545,22.333346819837157],[114.18129661018089,22.333346956575845],[114.18129603669932,22.333347084013141],[114.18129546079068,22.333347202058661],[114.18129488284332,22.333347310802754],[114.18129430295426,22.333347410064793],[114.18129372131764,22.333347500025369],[114.18129313803055,22.333347580413577],[114.18129255328712,22.333347651319723],[114.18129196737857,22.333347712743794],[114.18129138030486,22.333347764685783],[114.18129085972321,22.333347802809136],[114.18129033855888,22.333347832443803],[114.18128981681187,22.333347853679996],[114.18128929487047,22.333347866337178],[114.18128877263753,22.333347870595901],[114.18128825050141,22.333347866365909],[114.18128772846214,22.333347853647144],[114.18128720681084,22.333347832439618],[114.18128668554753,22.333347802743351],[114.1812861649635,22.333347764648593],[114.18128564525279,22.333347718065113],[114.1812851264154,22.333347663083149],[114.18128460864557,22.333347599612395],[114.18128409223442,22.333347527743189],[114.18128357718197,22.333347447565799],[114.18128306377942,22.333347358989933],[114.1812825520268,22.333347262105875],[114.1812820422153,22.333347156913618],[114.18128153444201,22.333347043503505],[114.18128102890104,22.333346921785179],[114.18128052578653,22.333346791939256],[114.18128002509853,22.333346653875449],[114.18127952712818,22.333346507774362],[114.18127903187556,22.333346353545657],[114.18127853963179,22.33334619136998],[114.18127805059109,22.33334602115697],[114.1812775647534,22.333345842996984],[114.18127708231293,22.333345657070598],[114.18127660346373,22.333345463287504],[114.18127612840001,22.333345261738007],[114.18127565702471,22.333345052512424],[114.18127518982311,22.333344835701041],[114.18127472660115,22.333344611303872],[114.18127426774706,22.333344379411173],[114.18127381335789,22.33334414002298],[114.18127336343372,22.333343893410195],[114.18127291826572,22.333343639482511],[114.18127247795096,22.333343378420548],[114.1812720425865,22.33334311013396],[114.1812716122694,22.33334283489372],[114.18127118719387,22.333342552699769],[114.18127046876786,22.33334205134171],[114.18126279082554,22.333349709482821],[114.1811322328285,22.33335831011151],[114.18112632242197,22.333280657132107],[114.18112379799361,22.333247489417282],[114.18112229436869,22.333227734794395]]]},"properties":{"OBJECTID":3385,"Shape__Length":68.199988089217626,"Shape__Area":261.3904973093222,"GeoRefNo":"3671421582","DateCreate":1114790400000,"BuildingBlockType":"Tower","BuildingCSUID":"3671421582T20050430","BuildingID":1108225302,"Status":"Active","BuildingNameEN":null,"BuildingNameTC":null,"BaseHeight":21.300000000000001,"TopHeight":32.899999999999999,"Storeys":4,"StoreysInBasement":null,"DateStamp":1599580800000}},{"type":"Feature","id":3386,"geometry":{"type":"Polygon","coordinates":[[[114.1799241522269,22.333354201575197],[114.17992469150329,22.333365551648079],[114.1799254866764,22.333382289630382],[114.17992878235428,22.333451659584789],[114.1799382361497,22.33363183525374],[114.17989478943788,22.333634515814801],[114.17988957085926,22.333544415571883],[114.17991129362409,22.333543304489606],[114.17990796028158,22.333491261327328],[114.17987052626972,22.333493103910552],[114.17986761707508,22.333451660742352],[114.17986141889935,22.33335718194833],[114.1799241522269,22.333354201575197]]]},"properties":{"OBJECTID":3386,"Shape__Length":78.683362136101096,"Shape__Area":154.00629867421026,"GeoRefNo":"3657821594","DateCreate":1114790400000,"BuildingBlockType":"Tower","BuildingCSUID":"3657821594T20050430","BuildingID":1108225173,"Status":"Active","BuildingNameEN":"Wiltshire Villa","BuildingNameTC":null,"BaseHeight":15.4,"TopHeight":28.300000000000001,"Storeys":4,"StoreysInBasement":null,"DateStamp":1599580800000}},{"type":"Feature","id":3537,"geometry":{"type":"Polygon","coordinates":[[[114.17749015312681,22.332567942529323],[114.17743289875789,22.332570588892565],[114.17743042291708,22.332524226717435],[114.17748767726712,22.332521580355046],[114.17749015312681,22.332567942529323]]]},"properties":{"OBJECTID":3537,"Shape__Length":22.091689767366869,"Shape__Area":30.356227194419372,"GeoRefNo":"3632821500","DateCreate":1422374400000,"BuildingBlockType":"Open-sided Structure","BuildingCSUID":"3632821500T20150128","BuildingID":1810138375,"Status":"Active","BuildingNameEN":null,"BuildingNameTC":null,"BaseHeight":15.300000000000001,"TopHeight":17.699999999999999,"Storeys":null,"StoreysInBasement":null,"DateStamp":1422374400000}},{"type":"Feature","id":3538,"geometry":{"type":"Polygon","coordinates":[[[114.17444722937189,22.329798146611825],[114.17440589050167,22.329810933394295],[114.17439832091337,22.329789751868081],[114.17443940741622,22.329776258892174],[114.17444722937189,22.329798146611825]]]},"properties":{"OBJECTID":3538,"Shape__Length":14.002744990384416,"Shape__Area":11.278284968960826,"GeoRefNo":"3601521195","DateCreate":1422374400000,"BuildingBlockType":"Open-sided Structure","BuildingCSUID":"3601521195T20150128","BuildingID":1810138365,"Status":"Active","BuildingNameEN":"CENTURY COURT","BuildingNameTC":"富安閣","BaseHeight":19.699999999999999,"TopHeight":22,"Storeys":null,"StoreysInBasement":null,"DateStamp":1422374400000}},{"type":"Feature","id":3593,"geometry":{"type":"Polygon","coordinates":[[[114.17455951244997,22.329762627780809],[114.17451824735865,22.329776179483428],[114.17449696009716,22.329782764008471],[114.17448883452366,22.329760026779844],[114.1745508245629,22.329739668846564],[114.17455951244997,22.329762627780809]]]},"properties":{"OBJECTID":3593,"Shape__Length":18.940522063095948,"Shape__Area":18.268618289321772,"GeoRefNo":"3602621191","DateCreate":1422374400000,"BuildingBlockType":"Open-sided Structure","BuildingCSUID":"3602621191T20150128","BuildingID":1810138363,"Status":"Active","BuildingNameEN":"CENTURY COURT","BuildingNameTC":"富安閣","BaseHeight":19.699999999999999,"TopHeight":22,"Storeys":null,"StoreysInBasement":null,"DateStamp":1422374400000}},{"type":"Feature","id":3594,"geometry":{"type":"Polygon","coordinates":[[[114.17792876627128,22.332408705380956],[114.17785282343685,22.332411206986976],[114.17785213402018,22.332393093273271],[114.17785167644804,22.332381070323109],[114.17785104907389,22.332365062901427],[114.17792597538875,22.332363627182477],[114.17792876627128,22.332408705380956]]]},"properties":{"OBJECTID":3594,"Shape__Length":25.662086002971407,"Shape__Area":39.298780629845702,"GeoRefNo":"3637321482","DateCreate":1422460800000,"BuildingBlockType":"Open-sided Structure","BuildingCSUID":"3637321482T20150129","BuildingID":1810138376,"Status":"Active","BuildingNameEN":null,"BuildingNameTC":null,"BaseHeight":15,"TopHeight":19,"Storeys":null,"StoreysInBasement":null,"DateStamp":1422460800000}},{"type":"Feature","id":3671,"geometry":{"type":"Polygon","coordinates":[[[114.17944017915387,22.331841344234597],[114.17937388778486,22.331844885366163],[114.17937328318283,22.331836180979565],[114.17937161956971,22.331838407946854],[114.17936966716776,22.331840049375764],[114.179367541107,22.331841491863702],[114.17936526458645,22.331842719787367],[114.17936286255244,22.331843719510186],[114.1793603613103,22.331844480195048],[114.17935778833019,22.331844993533409],[114.1793551718589,22.331845253745207],[114.17935254033743,22.331845258211136],[114.17934992288625,22.331845006659865],[114.17934734794649,22.331844501980704],[114.17934484376507,22.331843749681884],[114.17934243790957,22.331842757890527],[114.17934015668571,22.331841537623475],[114.17933802504028,22.331840102245682],[114.17933607043865,22.331838171989283],[114.17933667474713,22.331846873125016],[114.17927285269111,22.331850282330578],[114.17926650273675,22.331747503400415],[114.17926038182485,22.331742855091136],[114.17925949058585,22.331728429203245],[114.17926499882455,22.331723160950702],[114.17925862907424,22.331620062336349],[114.17932250751936,22.331616644646665],[114.17932302028356,22.33162493904673],[114.1793247752432,22.331623115835768],[114.17932672764266,22.331621474407331],[114.17932885370051,22.331620031919886],[114.17933113031482,22.331618803996694],[114.17933353224814,22.331617804274313],[114.17933603348639,22.331617043589851],[114.17933860646239,22.331616530251839],[114.17934122292944,22.33161626995],[114.17934385444663,22.331616265574546],[114.17934647199058,22.331616517125912],[114.17934904682912,22.331617021805112],[114.1793515510065,22.331617774103865],[114.17935395685819,22.331618765895147],[114.17935623807854,22.331619986071694],[114.17935836981788,22.331621421539609],[114.17936023297133,22.331622948039943],[114.17935972020494,22.331614653640006],[114.17942595438939,22.331611109805866],[114.17942666116006,22.331622549734451],[114.17942879895014,22.331657149648393],[114.17943489890187,22.331656823456232],[114.17943823070132,22.331710750238564],[114.17943213074726,22.331711076521138],[114.17943399996869,22.331741331645933],[114.17944009992409,22.33174100545358],[114.17944345998291,22.331795389814296],[114.17943736002518,22.331795716006766],[114.17944017915387,22.331841344234597]]]},"properties":{"OBJECTID":3671,"Shape__Length":93.453805506672808,"Shape__Area":447.19559234602212,"GeoRefNo":"3652221408","DateCreate":1114790400000,"BuildingBlockType":"Tower","BuildingCSUID":"3652221408T20050430","BuildingID":1108226025,"Status":"Active","BuildingNameEN":null,"BuildingNameTC":null,"BaseHeight":15.6,"TopHeight":27.5,"Storeys":5,"StoreysInBasement":null,"DateStamp":1599580800000}},{"type":"Feature","id":3672,"geometry":{"type":"Polygon","coordinates":[[[114.1798811246225,22.333677058315768],[114.17986878292149,22.333677739362901],[114.17979251147257,22.333681947850213],[114.17975449121049,22.333684045802059],[114.17975299446159,22.333659153580921],[114.17974848415547,22.333609291683292],[114.17974809762455,22.333599953349424],[114.17976726669784,22.333599006237407],[114.17985711967481,22.333594566867927],[114.17987631592277,22.333593467486942],[114.1798811246225,22.333677058315768]]]},"properties":{"OBJECTID":3672,"Shape__Length":44.903273759569878,"Shape__Area":122.15321254366613,"GeoRefNo":"3657121621","DateCreate":1421856000000,"BuildingBlockType":"Open-sided Structure","BuildingCSUID":"3657121621T20150122","BuildingID":1810138135,"Status":"Active","BuildingNameEN":null,"BuildingNameTC":null,"BaseHeight":15.800000000000001,"TopHeight":19.800000000000001,"Storeys":null,"StoreysInBasement":null,"DateStamp":1422547200000}},{"type":"Feature","id":3673,"geometry":{"type":"Polygon","coordinates":[[[114.18112379799361,22.333247489417282],[114.18112632242197,22.333280657132107],[114.18101007062282,22.33328831521268],[114.18100695357296,22.33323420939125],[114.18108293295006,22.333229944350258],[114.18112229436869,22.333227734794395],[114.18112379799361,22.333247489417282]]]},"properties":{"OBJECTID":3673,"Shape__Length":35.78510443359697,"Shape__Area":70.979194342751754,"GeoRefNo":"3670021579","DateCreate":1421683200000,"BuildingBlockType":"Open-sided Structure","BuildingCSUID":"3670021579T20150120","BuildingID":1810138021,"Status":"Active","BuildingNameEN":null,"BuildingNameTC":null,"BaseHeight":21.300000000000001,"TopHeight":24.800000000000001,"Storeys":null,"StoreysInBasement":null,"DateStamp":1421683200000}},{"type":"Feature","id":3690,"geometry":{"type":"Polygon","coordinates":[[[114.16956002628159,22.334294262445205],[114.16955828058407,22.334322165497792],[114.16954432680301,22.334321529840746],[114.1695443260104,22.334336786640694],[114.16954440177345,22.334339590999729],[114.16954371903137,22.334342395414954],[114.16954239185598,22.334344917595647],[114.16954034415267,22.334346998780809],[114.16953780355152,22.334348621280718],[114.1695348838324,22.334349520685127],[114.16953188824118,22.334349714617346],[114.16952889278559,22.334349167680916],[114.16937297409396,22.334348349273185],[114.16937054735357,22.334348155094364],[114.16936823441208,22.334347343680747],[114.16936630065432,22.33434600309273],[114.16936482198622,22.334344186343273],[114.16936394992285,22.334342105025812],[114.16936368465359,22.334339847369151],[114.16936269979091,22.334321433433807],[114.16934764637259,22.334321344510609],[114.16934795118152,22.334293882447206],[114.16956002628159,22.334294262445205]]]},"properties":{"OBJECTID":3690,"Shape__Length":54.783545303269257,"Shape__Area":122.06364314487485,"GeoRefNo":"3550221697","DateCreate":1114790400000,"BuildingBlockType":"Tower","BuildingCSUID":"3550221697T20050430","BuildingID":1108224815,"Status":"Active","BuildingNameEN":null,"BuildingNameTC":null,"BaseHeight":36.600000000000001,"TopHeight":40.5,"Storeys":null,"StoreysInBasement":null,"DateStamp":1286208000000}},{"type":"Feature","id":3691,"geometry":{"type":"Polygon","coordinates":[[[114.17241491806101,22.334136175943033],[114.17239080924185,22.334092005010991],[114.17245850440058,22.334060777125746],[114.17248150053996,22.334104430385274],[114.17241491806101,22.334136175943033]]]},"properties":{"OBJECTID":3691,"Shape__Length":26.360647276260003,"Shape__Area":42.092283320847216,"GeoRefNo":"3581021671","DateCreate":1114790400000,"BuildingBlockType":"Tower","BuildingCSUID":"3581021671T20050430","BuildingID":1108224942,"Status":"Active","BuildingNameEN":null,"BuildingNameTC":null,"BaseHeight":11.199999999999999,"TopHeight":15.1,"Storeys":null,"StoreysInBasement":null,"DateStamp":1286208000000}},{"type":"Feature","id":3775,"geometry":{"type":"Polygon","coordinates":[[[114.17949701385906,22.331374299274348],[114.17944853844647,22.331376516981852],[114.17944629190829,22.331335028902597],[114.17949455152372,22.331332767039751],[114.17949461636505,22.331332763968291],[114.17949701385906,22.331374299274348]]]},"properties":{"OBJECTID":3775,"Shape__Length":19.190764022189043,"Shape__Area":22.979837915173682,"GeoRefNo":"3653621368","DateCreate":1421683200000,"BuildingBlockType":"Open-sided Structure","BuildingCSUID":"3653621368T20150120","BuildingID":1810137999,"Status":"Active","BuildingNameEN":null,"BuildingNameTC":null,"BaseHeight":16.100000000000001,"TopHeight":18.899999999999999,"Storeys":null,"StoreysInBasement":null,"DateStamp":1421683200000}},{"type":"Feature","id":3843,"geometry":{"type":"Polygon","coordinates":[[[114.18256138558358,22.337048455448507],[114.1825376226155,22.337049403142821],[114.18248875407905,22.337051352028865],[114.18245759647557,22.337052594546783],[114.18245736893505,22.337047656184819],[114.18245445511616,22.336984419594931],[114.18245267754321,22.336945842936817],[114.18250313433008,22.336943830792006],[114.182520246221,22.336943148383735],[114.18255646647533,22.336941703931938],[114.18255831412765,22.336981800522505],[114.18256019287159,22.337022571515117],[114.18256138558358,22.337048455448507]]]},"properties":{"OBJECTID":3843,"Shape__Length":45.067558715738919,"Shape__Area":126.62347845974453,"GeoRefNo":"3684821993","DateCreate":1359302400000,"BuildingBlockType":"Open-sided Structure","BuildingCSUID":"3684821993T20130128","BuildingID":1810094921,"Status":"Active","BuildingNameEN":"MADAM KWOK CHUNG BO FUN SPORTS & CULTURAL CENTRE","BuildingNameTC":"郭鐘寶芬女士康體文娛中心","BaseHeight":null,"TopHeight":40,"Storeys":null,"StoreysInBasement":null,"DateStamp":1359388800000}},{"type":"Feature","id":3994,"geometry":{"type":"Polygon","coordinates":[[[114.17951987941316,22.34145698719102],[114.17951981535622,22.341457639199216],[114.17951641499833,22.341492265169993],[114.17950712257938,22.341491528519526],[114.17949783016049,22.341490791868498],[114.1794885377417,22.341490055216941],[114.17947924532302,22.341489318564843],[114.1794692772616,22.341488528371944],[114.17940834321257,22.341483697816948],[114.17941360937641,22.341427934234378],[114.17941982590762,22.341362106788186],[114.1794205994432,22.341353916680898],[114.17942321354636,22.341326235051927],[114.17942437190798,22.341313969803359],[114.17942565081275,22.341300426907743],[114.17953427503537,22.341310396416858],[114.17953180088854,22.341335591026329],[114.17953088157562,22.341344952311246],[114.17952993004005,22.341354641857887],[114.17952803327711,22.34137395692429],[114.1795263933236,22.341390655830203],[114.17951987941316,22.34145698719102]]]},"properties":{"OBJECTID":3994,"Shape__Length":63.012995492430804,"Shape__Area":227.5051774038844,"GeoRefNo":"3653622477","DateCreate":1114790400000,"BuildingBlockType":"Tower","BuildingCSUID":"3653622477T20050430","BuildingID":1108221622,"Status":"Active","BuildingNameEN":"CHRISTIAN EDUCATION BUILDING","BuildingNameTC":"基督教教育中心","BaseHeight":56.799999999999997,"TopHeight":61.799999999999997,"Storeys":null,"StoreysInBasement":null,"DateStamp":1526572800000}},{"type":"Feature","id":4483,"geometry":{"type":"Polygon","coordinates":[[[114.17759665449847,22.332018615031185],[114.17755240023274,22.332019095931983],[114.17755208171791,22.331993724517563],[114.17749654898587,22.33199432799789],[114.17749614192134,22.33196189999774],[114.17742411466401,22.331962682686815],[114.17742313171024,22.33188438493805],[114.17760337661005,22.331882426259131],[114.17760395781909,22.331928719450698],[114.17759552694757,22.331928811060774],[114.17759665449847,22.332018615031185]]]},"properties":{"OBJECTID":4483,"Shape__Length":67.283735642095664,"Shape__Area":207.67111350177237,"GeoRefNo":"3633421432","DateCreate":1343750400000,"BuildingBlockType":"Tower","BuildingCSUID":"3633421432T20120801","BuildingID":1810087397,"Status":"Active","BuildingNameEN":null,"BuildingNameTC":null,"BaseHeight":14.800000000000001,"TopHeight":22.300000000000001,"Storeys":null,"StoreysInBasement":null,"DateStamp":1527004800000}},{"type":"Feature","id":4777,"geometry":{"type":"Polygon","coordinates":[[[114.16913768209108,22.340050906382245],[114.16909133585396,22.339954445750831],[114.1691057816563,22.339948439123468],[114.16908389594893,22.339902888326879],[114.16906945024742,22.33990889486201],[114.16902310410416,22.339812434209428],[114.16903861326584,22.339805985412102],[114.16902950248803,22.339787023120962],[114.16902551441015,22.339788681303059],[114.16901670074361,22.339770337348728],[114.16906388376556,22.339750718352455],[114.16908144983243,22.339745285013993],[114.16909953585372,22.339741970846429],[114.16911788712683,22.339740822522657],[114.16912048306746,22.339746225456693],[114.16914795644269,22.339734801824282],[114.16914890150929,22.339734485666696],[114.16914988584351,22.339734330126845],[114.16915088234684,22.339734339486704],[114.16915186358577,22.339734513488601],[114.169152802547,22.339734847342299],[114.16915367338115,22.339735331856879],[114.16915445211434,22.339735953693769],[114.16915511730822,22.339736695733926],[114.16915565065015,22.339737537549158],[114.1691635730058,22.339754026484083],[114.16917066294968,22.33975107851839],[114.16921700917422,22.339847539129519],[114.16920256348411,22.339853545766879],[114.16922444922236,22.339899096547754],[114.16923889491621,22.339893089998764],[114.16928524123458,22.339989550588733],[114.16922320434924,22.340015345862962],[114.16920592265944,22.340022531669618],[114.16921402976958,22.340036218074459],[114.16922421415104,22.340048437783395],[114.16923621555239,22.340058878534244],[114.16924972729004,22.340067273524284],[114.16922684140872,22.340105031618776],[114.16920726833591,22.340092869578864],[114.16918988181754,22.340077745777329],[114.16917512560377,22.340060046213793],[114.16916337631244,22.340040222628168],[114.16913768209108,22.340050906382245]]]},"properties":{"OBJECTID":4777,"Shape__Length":122.96090504255052,"Shape__Area":558.76954286922557,"GeoRefNo":"3547222313","DateCreate":1326297600000,"BuildingBlockType":"Tower","BuildingCSUID":"3547222313T20120112","BuildingID":1810077739,"Status":"Active","BuildingNameEN":"Student Residence City University of Hong Kong Hall 11","BuildingNameTC":null,"BaseHeight":81.799999999999997,"TopHeight":127.5,"Storeys":14,"StoreysInBasement":null,"DateStamp":1599580800000}},{"type":"Feature","id":5882,"geometry":{"type":"Polygon","coordinates":[[[114.17280701952986,22.330846938121741],[114.17280859868339,22.330851696374438],[114.17277630302361,22.330861912769887],[114.17278507157147,22.33088739169159],[114.17271917841373,22.330909168545311],[114.17269734956639,22.330849295052865],[114.17270517949912,22.330846874785546],[114.17270380222321,22.33084301833086],[114.17270864943515,22.330841520009791],[114.17270835204349,22.330840720705424],[114.17270008409116,22.330818499664872],[114.17269549779829,22.330819976680164],[114.17268787723853,22.330799495667947],[114.17267750056988,22.330771607159672],[114.17267537660969,22.330765898693862],[114.17268230953006,22.330763710039047],[114.17271518370136,22.330753332029495],[114.17271696477478,22.330757287469549],[114.17273265782389,22.330752523332144],[114.17273130773266,22.330748475791211],[114.1727813395197,22.330732547283244],[114.1727893452165,22.330754311907736],[114.17287989548359,22.330725550834199],[114.17287203556599,22.330703920592683],[114.17290206658762,22.330694061734114],[114.17290369040299,22.330698488564728],[114.17291938830603,22.330693241273188],[114.17291783242803,22.33068915309121],[114.17297380116338,22.330671334204911],[114.17299266298191,22.330722612464001],[114.17297971580871,22.330726734436894],[114.17299334215812,22.330761836631716],[114.17300572904276,22.33075835744134],[114.17302539639513,22.330811602214606],[114.17295060710903,22.330835295784787],[114.17294032745454,22.330807354918399],[114.17291581571379,22.330815798825178],[114.17291770547344,22.330821041123514],[114.172887646278,22.33083083315783],[114.17288597489245,22.330826621253831],[114.17284305606911,22.330840244642179],[114.1728411488205,22.330835681442284],[114.17280701952986,22.330846938121741]]]},"properties":{"OBJECTID":5882,"Shape__Length":118.59065210862188,"Shape__Area":449.14574002830244,"GeoRefNo":"3585321305","DateCreate":1426780800000,"BuildingBlockType":"Tower","BuildingCSUID":"3585321305T20150320","BuildingID":1810140079,"Status":"Active","BuildingNameEN":null,"BuildingNameTC":null,"BaseHeight":25.699999999999999,"TopHeight":35.899999999999999,"Storeys":3,"StoreysInBasement":null,"DateStamp":1599580800000}},{"type":"Feature","id":5910,"geometry":{"type":"Polygon","coordinates":[[[114.18154259471579,22.340168034018802],[114.18147907159931,22.340165455819069],[114.18148111327349,22.340121924703649],[114.18148120028739,22.340120069460561],[114.18148181384674,22.340106987486216],[114.18147868601953,22.340106827012377],[114.18146744774167,22.34010625055172],[114.18145173801706,22.340110851895982],[114.18144940059622,22.34011159481744],[114.18144239049246,22.34009091383442],[114.18144100551558,22.340090243173268],[114.18143173217985,22.340085752714245],[114.18142530390062,22.340066788335232],[114.18143020944507,22.340058138534051],[114.18143960844884,22.340055476325443],[114.18143551873985,22.340044192561955],[114.18143227035063,22.340035229902281],[114.18142442839689,22.340031425996486],[114.18142226681663,22.340030377427777],[114.18141999239532,22.34003103925248],[114.18137613372444,22.340043800866781],[114.18136111068881,22.339999816443747],[114.18137130753003,22.339996825233055],[114.18136795029569,22.339986920867069],[114.1813579178968,22.339989863759413],[114.18133717872202,22.339929191809752],[114.18139142619718,22.339913122286294],[114.18139286497755,22.339917594094583],[114.18147725028739,22.339892718974038],[114.18147581160919,22.339888475549621],[114.18152940449701,22.339872802892273],[114.1815452420167,22.339919525887879],[114.18154943864613,22.339931906408577],[114.18154969407291,22.339932660002354],[114.18154032032163,22.339935409722909],[114.18154396949708,22.339946175412798],[114.18155230175338,22.339943731136341],[114.18156721961572,22.339987741191845],[114.18152509566958,22.340000098135924],[114.18152294773556,22.340000728261099],[114.18152171477654,22.340002946385791],[114.18151541534736,22.340014279212919],[114.18151056038805,22.340023013360774],[114.18150495442305,22.340024695737441],[114.18150860387568,22.340035052162516],[114.18152079916142,22.340031564293607],[114.18152434941265,22.340030522875608],[114.18153362274769,22.340035013329377],[114.18153808043735,22.340048164331002],[114.18153397785167,22.340055496371154],[114.18153381236188,22.340059026877885],[114.1815476806612,22.340059589711561],[114.18154759820749,22.340061349049915],[114.18154584223305,22.34009879030199],[114.18154259471579,22.340168034018802]]]},"properties":{"OBJECTID":5910,"Shape__Length":113.83832545717918,"Shape__Area":420.04476685915773,"GeoRefNo":"3674022325","DateCreate":1332086400000,"BuildingBlockType":"Tower","BuildingCSUID":"3674022325T20120319","BuildingID":1810080016,"Status":"Active","BuildingNameEN":"One Mayfair Tower 1","BuildingNameTC":"逸瓏第一座","BaseHeight":64.799999999999997,"TopHeight":97.599999999999994,"Storeys":10,"StoreysInBasement":null,"DateStamp":1599580800000}},{"type":"Feature","id":5911,"geometry":{"type":"Polygon","coordinates":[[[114.18167656075644,22.340012282330303],[114.18167854709202,22.340018142118495],[114.18167360002325,22.340026983376593],[114.18165680513565,22.34003191014472],[114.18164796436561,22.340027629104082],[114.18163605413186,22.339992601496025],[114.18162552890048,22.339995739389586],[114.18162123508475,22.339983163903788],[114.18157062074594,22.339997774779903],[114.18156721961572,22.339987741191845],[114.18155230175338,22.339943731136341],[114.18155135295594,22.339940932138283],[114.18156315692836,22.339937469472851],[114.18155600449208,22.339916368757482],[114.1815452420167,22.339919525887879],[114.18152940449701,22.339872802892273],[114.18158729847623,22.33985581984534],[114.18158743856846,22.339856252225001],[114.18158897841793,22.339861005782453],[114.18167463334328,22.339834934783653],[114.18167316602084,22.339830630766684],[114.18173296482513,22.339813088889198],[114.18174187964601,22.339839388624394],[114.1817437525758,22.339839025990177],[114.18174832344627,22.339859889903899],[114.18173617508425,22.339863848191097],[114.18174322512145,22.339884646738813],[114.18174993722461,22.339882677780256],[114.18175212675806,22.339889137101117],[114.18175457367377,22.339888419276949],[114.18176599993819,22.339940574725222],[114.18176548137075,22.33994061275973],[114.1817238407823,22.339952827960836],[114.18172820674287,22.339965708042975],[114.18171769626213,22.339968597059531],[114.18172107344512,22.339979196320161],[114.18172935237916,22.34000375407744],[114.18172475058461,22.340011978448327],[114.18170795570059,22.340016905221759],[114.18169845180665,22.340012303076701],[114.18169647789706,22.340006479862215],[114.18167656075644,22.340012282330303]]]},"properties":{"OBJECTID":5911,"Shape__Length":91.764583577506812,"Shape__Area":357.75132169051517,"GeoRefNo":"3676022317","DateCreate":1332086400000,"BuildingBlockType":"Tower","BuildingCSUID":"3676022317T20120319","BuildingID":1810080017,"Status":"Active","BuildingNameEN":"One Mayfair Tower 2","BuildingNameTC":"逸瓏第二座","BaseHeight":64.799999999999997,"TopHeight":97.599999999999994,"Storeys":10,"StoreysInBasement":null,"DateStamp":1599580800000}},{"type":"Feature","id":5969,"geometry":{"type":"Polygon","coordinates":[[[114.18185494134499,22.339977648539207],[114.18185546159023,22.339983794459208],[114.18184850340793,22.33999137394326],[114.18183094763246,22.339992659807152],[114.18182336866171,22.339986638455656],[114.18182115475467,22.339960992874445],[114.18182013450206,22.33994991718065],[114.1818090964546,22.339950829336935],[114.18180798643438,22.339937714723344],[114.18176599993819,22.339940574725222],[114.18175457367377,22.339888419276949],[114.18175609151682,22.339888308154791],[114.1817555200971,22.339881556104004],[114.18176253618931,22.339881042231706],[114.18176066946023,22.339858985568569],[114.18174832344627,22.339859889903899],[114.1817437525758,22.339839025990177],[114.18174556153437,22.339838675729752],[114.18174322934112,22.339811120545864],[114.18180525789182,22.339806651861949],[114.18180563237394,22.339811317314755],[114.18189549879087,22.339804496720248],[114.18189510188769,22.339799996527798],[114.18195613289821,22.339795526191793],[114.1819604322053,22.339843447958934],[114.18194881929365,22.339844298554446],[114.18195076228797,22.339867255470729],[114.18196199952673,22.33986643252053],[114.18196222104852,22.339869065286404],[114.18196224571601,22.339869358508281],[114.18196624515188,22.33991688871874],[114.18196624748268,22.339916916894037],[114.18196699935596,22.339925852530595],[114.18191538802347,22.339929632820283],[114.18191650271525,22.339942803603158],[114.18190545234054,22.339943714502112],[114.18190631543558,22.339954746221409],[114.18190844393358,22.339980407065845],[114.181901971299,22.339987457616385],[114.18188441552451,22.339988743486064],[114.1818762680705,22.339982270535916],[114.18187573879263,22.339976017423378],[114.18185494134499,22.339977648539207]]]},"properties":{"OBJECTID":5969,"Shape__Length":91.164019409668981,"Shape__Area":356.23917660313646,"GeoRefNo":"3678122313","DateCreate":1332086400000,"BuildingBlockType":"Tower","BuildingCSUID":"3678122313T20120319","BuildingID":1810080019,"Status":"Active","BuildingNameEN":"One Mayfair Tower 3","BuildingNameTC":"逸瓏第三座","BaseHeight":64.799999999999997,"TopHeight":97.599999999999994,"Storeys":10,"StoreysInBasement":null,"DateStamp":1599580800000}},{"type":"Feature","id":5971,"geometry":{"type":"Polygon","coordinates":[[[114.18205982371566,22.339956443603516],[114.18206035086514,22.339962672694213],[114.18205339279204,22.339970252187047],[114.18203583702109,22.339971538073154],[114.18202821154289,22.339965479797694],[114.18202537583353,22.339931786645202],[114.18202449942819,22.339920701917496],[114.18201328858984,22.339921533269617],[114.18201261994591,22.339913678770671],[114.18196635494218,22.339916881129579],[114.18196624515188,22.33991688871874],[114.18196224571601,22.339869358508281],[114.18197205839994,22.339868639724969],[114.18197118212308,22.339858286653797],[114.1819616471674,22.33985898501918],[114.1819604322053,22.339843447958934],[114.18195613289821,22.339795526191793],[114.18201222829778,22.339791410350319],[114.1820126159962,22.339796276732461],[114.1821005310324,22.339789894611179],[114.18210005343828,22.339784964927833],[114.18215887494607,22.339780676282388],[114.18216127772772,22.339809063805873],[114.18216374108964,22.33980950902232],[114.18216252005395,22.339823742146695],[114.18216525969149,22.33982427260263],[114.18216132436834,22.33984345330536],[114.18215159002553,22.339844166317977],[114.18215254255274,22.339855419824012],[114.18215926606246,22.339854927346593],[114.18216200615974,22.339890518365152],[114.18216116215901,22.339894559483472],[114.18216183615438,22.339902522800017],[114.18215164342588,22.339903269331167],[114.18211809410785,22.339905726654457],[114.18211876675362,22.339914003964207],[114.18210981006267,22.339914667009882],[114.18211180422426,22.339939723259381],[114.18211337299422,22.339959241976107],[114.18210686066934,22.339966335882874],[114.18208930489935,22.339967621684483],[114.18208502818054,22.339964224070616],[114.18208115743711,22.339961148744599],[114.1820806300925,22.339954918118782],[114.18205982371566,22.339956443603516]]]},"properties":{"OBJECTID":5971,"Shape__Length":87.756414022479774,"Shape__Area":327.15168793254855,"GeoRefNo":"3680222311","DateCreate":1332086400000,"BuildingBlockType":"Tower","BuildingCSUID":"3680222311T20120319","BuildingID":1810080020,"Status":"Active","BuildingNameEN":"One Mayfair Tower 5","BuildingNameTC":"逸瓏第五座","BaseHeight":64.799999999999997,"TopHeight":97.599999999999994,"Storeys":10,"StoreysInBasement":null,"DateStamp":1599580800000}},{"type":"Feature","id":5972,"geometry":{"type":"Polygon","coordinates":[[[114.18225456782078,22.340003010750102],[114.18225187851722,22.340003863506659],[114.18225716523136,22.34001814210826],[114.18227271898267,22.340060150450917],[114.18221260160976,22.340079413403359],[114.18221230132876,22.340078602287402],[114.18218803818931,22.34001307094287],[114.18217491865357,22.33997763703864],[114.18217430217069,22.339975972092475],[114.18219265862507,22.339970090236069],[114.18219180467469,22.339967783946637],[114.18218324327516,22.33995597856336],[114.18218607013299,22.339942442365512],[114.1821947366829,22.339937003146183],[114.18220092441015,22.339938121467856],[114.18221108598223,22.339939957858757],[114.1822137813292,22.339927131738623],[114.18220592488736,22.339925627325545],[114.18220892818671,22.339911153115924],[114.18221099384655,22.339901676636334],[114.18221147718936,22.339899459073109],[114.18219759125833,22.339896949486171],[114.18216200615974,22.339890518365152],[114.18215926606246,22.339854927346593],[114.18216196958751,22.339855415992222],[114.18216312669118,22.339849875427468],[114.18217289413386,22.33985164076315],[114.18217812409985,22.339826597641181],[114.18216525969149,22.33982427260263],[114.18216252005395,22.339823742146695],[114.18216374108964,22.33980950902232],[114.18216531680257,22.339809793794689],[114.18217091703735,22.339782977778768],[114.18222724974103,22.339793218929028],[114.18222634586262,22.339797634186304],[114.1823091639932,22.339812668212776],[114.18231007349621,22.339808172131242],[114.18236626371075,22.339818285184428],[114.18236061304303,22.339845342776513],[114.18236197034415,22.339845716686167],[114.1823578284389,22.339859075842583],[114.18234202674333,22.339856219920613],[114.18233679661137,22.33988126304779],[114.18235000671029,22.339883650552505],[114.18233771324,22.339922274093716],[114.18229570101562,22.339914681166416],[114.18228178663874,22.339912166349919],[114.18228132018864,22.339914404592804],[114.18227933025385,22.339923953857141],[114.18227634676396,22.339938413166927],[114.18227410934024,22.339949256791307],[114.1822825216308,22.339950798839851],[114.18229213162701,22.339952535637039],[114.18229797850873,22.339960597934226],[114.1822938611101,22.33998031388797],[114.18228886570499,22.339983302904582],[114.18228814553676,22.33998639427411],[114.18228390380737,22.340006705075464],[114.18228208064718,22.340006334160929],[114.18226015072042,22.340002570864602],[114.18225742836067,22.340002103714031],[114.18225456782078,22.340003010750102]]]},"properties":{"OBJECTID":5972,"Shape__Length":117.4116899979735,"Shape__Area":379.21208344247225,"GeoRefNo":"3682322314","DateCreate":1332086400000,"BuildingBlockType":"Tower","BuildingCSUID":"3682322314T20120319","BuildingID":1810080021,"Status":"Active","BuildingNameEN":"One Mayfair Tower 6","BuildingNameTC":"逸瓏第六座","BaseHeight":64.799999999999997,"TopHeight":97.599999999999994,"Storeys":10,"StoreysInBasement":null,"DateStamp":1599580800000}},{"type":"Feature","id":5973,"geometry":{"type":"Polygon","coordinates":[[[114.18244087839705,22.340021253476561],[114.18243877140675,22.340026106668944],[114.18243518605819,22.340028061731118],[114.18243311861877,22.340029108626464],[114.18243137705004,22.340029990521973],[114.18242776742247,22.340031687400774],[114.1824122415688,22.340025853916121],[114.1824098569333,22.340020629451381],[114.18240975811355,22.340020668376535],[114.18240809643785,22.340016699046011],[114.18240967684589,22.340012927012157],[114.1823903654431,22.340005671521283],[114.18238871620662,22.340009379530553],[114.18238437318702,22.340011118064471],[114.18237883976714,22.340013303832958],[114.18236251120121,22.340007168749921],[114.18235859198749,22.339998581893742],[114.18236202566619,22.339990672982587],[114.18237393498137,22.339963494799466],[114.18238014149451,22.339965826732168],[114.18238559441559,22.339953266645711],[114.18238956729301,22.339944243342899],[114.18239050649555,22.339942110199349],[114.18237739647029,22.339937184381476],[114.18233771324,22.339922274093716],[114.18235000671029,22.339883650552505],[114.18236248438106,22.339888338799874],[114.18237275424944,22.339864683950029],[114.1823578284389,22.339859075842583],[114.18236197034415,22.339845716686167],[114.18236207557331,22.339845745670715],[114.18236352859026,22.339846145856054],[114.18237462564315,22.33982058615921],[114.1824221409794,22.339838439141083],[114.18242593108978,22.339839863221759],[114.18242775562042,22.33984056429232],[114.18242593002337,22.339844764474286],[114.18250149548416,22.339873193067554],[114.18250698946122,22.339875225747196],[114.18250600143831,22.33987749606753],[114.18252549950537,22.339884822066953],[114.18251941024265,22.339898847571437],[114.18254731319543,22.339909331534795],[114.1825454954635,22.339913518171933],[114.18255404644459,22.339916731037874],[114.18254023189361,22.339948549931677],[114.18253231102723,22.339945573824451],[114.18252176842761,22.339969856679694],[114.18250066113021,22.339961926049156],[114.18248911875529,22.339988511552374],[114.1824651476357,22.339979504843939],[114.18246375368278,22.339982635610959],[114.18245143129535,22.339984635497711],[114.18245291215462,22.339991811138535],[114.18245314876977,22.339992957741988],[114.18244863204551,22.340003373398673],[114.18244087839705,22.340021253476561]]]},"properties":{"OBJECTID":5973,"Shape__Length":86.190216864754987,"Shape__Area":283.21047393329036,"GeoRefNo":"3684222317","DateCreate":1332086400000,"BuildingBlockType":"Tower","BuildingCSUID":"3684222317T20120319","BuildingID":1810080022,"Status":"Active","BuildingNameEN":"One Mayfair Tower 7","BuildingNameTC":"逸瓏第七座","BaseHeight":64.799999999999997,"TopHeight":97.599999999999994,"Storeys":10,"StoreysInBasement":null,"DateStamp":1599580800000}},{"type":"Feature","id":6190,"geometry":{"type":"Polygon","coordinates":[[[114.17483897172015,22.342834868211227],[114.17483908613526,22.34282383565748],[114.17490918694573,22.342825625279545],[114.17490926753953,22.342831187478524],[114.17501555124308,22.342834425170313],[114.17501655607545,22.342834447938603],[114.17501752498937,22.342834502584399],[114.17501849118473,22.34283458928866],[114.17501945349663,22.342834708051402],[114.17502041056603,22.342834858511381],[114.17502136132507,22.342835040668579],[114.17502230451181,22.342835254161752],[114.17502323896133,22.342835498810288],[114.17502416341161,22.342835774162637],[114.17502507669778,22.342836080128478],[114.175025977752,22.342836416075691],[114.17502686531232,22.342836781642969],[114.17502773840793,22.342837176469136],[114.17502859567981,22.342837599922028],[114.17502943635137,22.342838051459811],[114.17503025906352,22.342838530630946],[114.17503106303968,22.342839036803234],[114.17503184701788,22.342839569254259],[114.17503261012443,22.342840127351877],[114.17503335138856,22.342840710283294],[114.17503406993666,22.342841317506675],[114.17503476470087,22.342841948118991],[114.17503543490459,22.342842601397759],[114.17509647209094,22.342903049888385],[114.17509768807399,22.342902267854189],[114.17514131484317,22.342945596891866],[114.17513755660229,22.342949016367591],[114.17515952978107,22.342970929179558],[114.17512660318826,22.343000165301127],[114.17512064997929,22.342994020930021],[114.17510147716482,22.343010589471163],[114.1750539553599,22.342963362425923],[114.17503823682338,22.342962710877778],[114.17503838456393,22.342955831753709],[114.17501820519159,22.342955252489027],[114.17501756784539,22.342966026943234],[114.17499465714253,22.342965364925],[114.17495845975075,22.342964319131923],[114.17492710013973,22.342963413000252],[114.17492780472459,22.342941429534889],[114.17490770253674,22.342940371095409],[114.17490812690113,22.342922919165932],[114.17483607288329,22.34292045105278],[114.1748367007764,22.342892756926222],[114.17480251743154,22.342892237243998],[114.17480350189518,22.342850832551758],[114.17480390422841,22.342833907194517],[114.17483867389137,22.342834860080053],[114.17483894143245,22.342834867398114],[114.17483897172015,22.342834868211227]]]},"properties":{"OBJECTID":6190,"Shape__Length":103.06831030155027,"Shape__Area":400.02692115241211,"GeoRefNo":"3606822644","DateCreate":1199808000000,"BuildingBlockType":"Tower","BuildingCSUID":"3606822644T20080109","BuildingID":1108221217,"Status":"Active","BuildingNameEN":"The Hamptons","BuildingNameTC":"鴻圖台","BaseHeight":122.90000000000001,"TopHeight":155.30000000000001,"Storeys":10,"StoreysInBasement":null,"DateStamp":1599580800000}},{"type":"Feature","id":6196,"geometry":{"type":"Polygon","coordinates":[[[114.17912428161198,22.342869834491907],[114.17907513248976,22.342823321701999],[114.17913718993347,22.342765897432464],[114.17905105858348,22.342684959274592],[114.17898900250292,22.342742612797835],[114.17893886513799,22.342695875930595],[114.17899381140235,22.34264536831996],[114.1789841278498,22.342635789815006],[114.1790476554342,22.342576752789654],[114.17905832293926,22.342585867377032],[114.179112533392,22.342536051567425],[114.17916267085472,22.342582788381836],[114.17909987466258,22.342640445842047],[114.1791860046505,22.342721154778587],[114.17924806502083,22.342664189038096],[114.17929795580784,22.342710927077864],[114.17924373951304,22.342759825803974],[114.17925392528903,22.342770777383702],[114.17919113790727,22.342829810594601],[114.17917971995152,22.342819094907348],[114.17912428161198,22.342869834491907]]]},"properties":{"OBJECTID":6196,"Shape__Length":146.73165411784231,"Shape__Area":483.06123008312926,"GeoRefNo":"3649722624","DateCreate":1114790400000,"BuildingBlockType":"Tower","BuildingCSUID":"3649722624T20050430","BuildingID":1108221259,"Status":"Active","BuildingNameEN":"LUNG CHEUNG COURT Block 6","BuildingNameTC":null,"BaseHeight":66.200000000000003,"TopHeight":86.700000000000003,"Storeys":6,"StoreysInBasement":null,"DateStamp":1599580800000}},{"type":"Feature","id":6199,"geometry":{"type":"Polygon","coordinates":[[[114.17523025841915,22.343426696341474],[114.17524847400504,22.343444589958441],[114.17526998082751,22.343466455248748],[114.17520186272598,22.343526688464312],[114.17517393336828,22.343477154794641],[114.17517358360953,22.343476534481358],[114.17513273815744,22.343404093913904],[114.17514585311424,22.343392203953805],[114.17520407093566,22.343450297830564],[114.17523025841915,22.343426696341474]]]},"properties":{"OBJECTID":6199,"Shape__Length":45.458959600965656,"Shape__Area":80.236915416078347,"GeoRefNo":"3609622709","DateCreate":1195056000000,"BuildingBlockType":"Open-sided Structure","BuildingCSUID":"3609622709T20071115","BuildingID":1108221089,"Status":"Active","BuildingNameEN":null,"BuildingNameTC":null,"BaseHeight":null,"TopHeight":null,"Storeys":null,"StoreysInBasement":null,"DateStamp":1349712000000}},{"type":"Feature","id":6200,"geometry":{"type":"Polygon","coordinates":[[[114.18099908956982,22.342861877938628],[114.18100737884478,22.342863857045188],[114.18101863322822,22.342866544161581],[114.18103478355498,22.34280822568698],[114.18102147910939,22.342804936556718],[114.18114891040514,22.342460567104443],[114.18115122607196,22.342461358481774],[114.18115354086522,22.342462152297344],[114.18115585459073,22.342462948641479],[114.1811581673456,22.342463747423853],[114.18116047912982,22.342464548644472],[114.1811627899434,22.342465352393667],[114.18116509968921,22.342466158581086],[114.18116740856146,22.342466967206761],[114.18116971636597,22.342467778270674],[114.18117344770354,22.342469095640418],[114.18117574405409,22.342469934518693],[114.18117804011342,22.34247077375819],[114.18118033617279,22.342471613178265],[114.18118263203807,22.342472452959527],[114.18118492790335,22.342473292921358],[114.18118722357451,22.342474133244398],[114.18118951905159,22.342474973838325],[114.18119181452867,22.342475814703139],[114.18119410981166,22.342476655838841],[114.18119640499761,22.34247749724544],[114.1811557582047,22.34258602870435],[114.18115553077499,22.342586636106464],[114.18112877151518,22.342658086135984],[114.1810731873059,22.342806501653673],[114.18103372979584,22.342911856995581],[114.18103242470968,22.342911957900867],[114.18098451093017,22.342905440330021],[114.18099908956982,22.342861877938628]]]},"properties":{"OBJECTID":6200,"Shape__Length":116.84459758323202,"Shape__Area":254.01004105504924,"GeoRefNo":"3670222622","DateCreate":1195056000000,"BuildingBlockType":"Open-sided Structure","BuildingCSUID":"3670222622T20071115","BuildingID":1108221242,"Status":"Active","BuildingNameEN":"MARPLE COURT","BuildingNameTC":"萬寶閣","BaseHeight":null,"TopHeight":null,"Storeys":null,"StoreysInBasement":null,"DateStamp":1349625600000}},{"type":"Feature","id":6259,"geometry":{"type":"Polygon","coordinates":[[[114.17965882774696,22.342463431402884],[114.1795926783669,22.342498178018509],[114.17955752080283,22.342440355520225],[114.17963399744175,22.342400050786452],[114.17957464036158,22.342300397486731],[114.17949717250841,22.342340019588583],[114.17946300481391,22.342282650296628],[114.1795281730972,22.342248826131691],[114.17952193491219,22.342237853552096],[114.17960185974701,22.34219661320822],[114.17960858844967,22.342207124585222],[114.17967547487005,22.342171915493466],[114.17970989367579,22.342229971240823],[114.17963292225596,22.342270049352521],[114.17969277572148,22.342370158575907],[114.17976999238715,22.342329849791078],[114.1798049062641,22.342388132175401],[114.17973949277456,22.342422187096201],[114.17974523170588,22.342432245150444],[114.17966580313595,22.342473941508576],[114.17965882774696,22.342463431402884]]]},"properties":{"OBJECTID":6259,"Shape__Length":146.3381019027494,"Shape__Area":480.46314182673893,"GeoRefNo":"3655322584","DateCreate":1114790400000,"BuildingBlockType":"Tower","BuildingCSUID":"3655322584T20050430","BuildingID":1108221349,"Status":"Active","BuildingNameEN":"LUNG CHEUNG COURT Block 8","BuildingNameTC":null,"BaseHeight":71.900000000000006,"TopHeight":94.099999999999994,"Storeys":7,"StoreysInBasement":null,"DateStamp":1599580800000}},{"type":"Feature","id":6260,"geometry":{"type":"Polygon","coordinates":[[[114.1794196310626,22.342639197811625],[114.17941093006949,22.342628926220346],[114.17934874732015,22.342672393221701],[114.17930551786337,22.342619858734956],[114.17937650243074,22.342569494785963],[114.17930264727916,22.342479090272821],[114.17923133975718,22.342529279001788],[114.17918862324287,22.342476961660516],[114.17925029367946,22.34243305322272],[114.17924184230085,22.342423238926369],[114.17931258158272,22.342373105467917],[114.17932029139882,22.342382694459328],[114.17938194419067,22.342339258992382],[114.17942496322624,22.342391765920677],[114.1793549627165,22.342441666156983],[114.17942930839705,22.342531609357348],[114.17949956007303,22.342482395679507],[114.17954238815531,22.34253509465902],[114.17948018752951,22.342578571374315],[114.17948839664621,22.34258907487504],[114.1794196310626,22.342639197811625]]]},"properties":{"OBJECTID":6260,"Shape__Length":146.67500151471586,"Shape__Area":479.30761036867551,"GeoRefNo":"3652522603","DateCreate":1114790400000,"BuildingBlockType":"Tower","BuildingCSUID":"3652522603T20050430","BuildingID":1108221312,"Status":"Active","BuildingNameEN":"LUNG CHEUNG COURT Block 7","BuildingNameTC":null,"BaseHeight":69.599999999999994,"TopHeight":88.900000000000006,"Storeys":6,"StoreysInBasement":null,"DateStamp":1599580800000}},{"type":"Feature","id":6261,"geometry":{"type":"Polygon","coordinates":[[[114.17993315509905,22.342341360002855],[114.17992863810441,22.34232946105034],[114.17985550761186,22.342352780625152],[114.17983241891821,22.342291683656057],[114.17991490145879,22.342264645486669],[114.17987498273239,22.34215663404213],[114.17979225348188,22.342183673460347],[114.17976890940947,22.342121202123273],[114.17983982513753,22.342098811512372],[114.17983678992209,22.342087133958952],[114.17992469154291,22.342058691158847],[114.17992919391652,22.34206829725062],[114.18000010822797,22.342045677373608],[114.18002345385219,22.34210837805438],[114.17993974071263,22.342135881377491],[114.17997990469055,22.342243662251143],[114.18006421014688,22.342216281079427],[114.18008622179576,22.342278094071503],[114.18001629309255,22.342301019560662],[114.18002081009369,22.34231291842049],[114.17993315509905,22.342341360002855]]]},"properties":{"OBJECTID":6261,"Shape__Length":146.19358256215966,"Shape__Area":482.040224902582,"GeoRefNo":"3658222568","DateCreate":1114790400000,"BuildingBlockType":"Tower","BuildingCSUID":"3658222568T20050430","BuildingID":1108221391,"Status":"Active","BuildingNameEN":"LUNG CHEUNG COURT Block 9","BuildingNameTC":null,"BaseHeight":74.099999999999994,"TopHeight":96.400000000000006,"Storeys":7,"StoreysInBasement":null,"DateStamp":1599580800000}},{"type":"Feature","id":6262,"geometry":{"type":"Polygon","coordinates":[[[114.17849279735223,22.343385771016102],[114.17839408855187,22.343413494035147],[114.17838231573666,22.343379892308434],[114.17835185747376,22.343389127075127],[114.17834186652074,22.343383968908224],[114.17833735417959,22.343371089825251],[114.17834234971767,22.343361422555855],[114.17835217914488,22.343358616576172],[114.17834648833364,22.343340064230826],[114.17836666751153,22.343334295314136],[114.17834007749357,22.343256881020221],[114.17832003033813,22.343261588840697],[114.17831190967729,22.343239172336155],[114.17833232085455,22.343233441349934],[114.17830384268036,22.343149963040108],[114.17828358876939,22.343154918295586],[114.17827561470007,22.343131975305504],[114.17829577637177,22.343125684430817],[114.17826782732411,22.343044004094903],[114.17825626880038,22.343046984735995],[114.17824750159377,22.343049245615575],[114.17824097985134,22.343032016251332],[114.17823118762627,22.34303495768259],[114.17821835307068,22.343031437045322],[114.17821349700372,22.343018323076219],[114.17822165536246,22.343007720848384],[114.1782516413749,22.342998639178006],[114.17824335951984,22.342968852823923],[114.17827481185165,22.342959405037185],[114.17833915283403,22.342940077861151],[114.17835789393446,22.342993627149625],[114.17835940093897,22.342993302396192],[114.17836286809774,22.342992555174227],[114.17837788429566,22.343036085982824],[114.17837435530073,22.343037041450579],[114.17837210731747,22.343037650132278],[114.17840781433515,22.343143170171771],[114.17845651297574,22.34328708262894],[114.17846455863172,22.343285282755847],[114.17849296703365,22.34336871678698],[114.17848743467901,22.343370598813962],[114.17849279735223,22.343385771016102]]]},"properties":{"OBJECTID":6262,"Shape__Length":150.18286531259125,"Shape__Area":598.04998105112156,"GeoRefNo":"3642022673","DateCreate":1349366400000,"BuildingBlockType":"Tower","BuildingCSUID":"3642022673T20121005","BuildingID":1810090040,"Status":"Active","BuildingNameEN":"Le Chateau","BuildingNameTC":"珏堡","BaseHeight":68.700000000000003,"TopHeight":91.400000000000006,"Storeys":8,"StoreysInBasement":null,"DateStamp":1599580800000}},{"type":"Feature","id":7651,"geometry":{"type":"Polygon","coordinates":[[[114.1759323774214,22.337310993963136],[114.17592733000443,22.337259609965557],[114.1759278759442,22.33725858870093],[114.17594855233894,22.33721990698049],[114.17595266575383,22.337268279456577],[114.17599489211483,22.337265118978937],[114.17599003885474,22.337208045721955],[114.17595342783811,22.337210785945942],[114.17595730620138,22.337203530261355],[114.17595294060344,22.337169116072094],[114.17590869289894,22.337149075626247],[114.17588170687645,22.337151333114008],[114.17594152950348,22.337030971514128],[114.17595986137178,22.336993825788756],[114.17596188916333,22.337015874941663],[114.17596392750018,22.337043779428999],[114.17598877791356,22.337042424973877],[114.17600363005732,22.33701804249824],[114.17596600832933,22.336997226826522],[114.17597784783267,22.336975283043738],[114.17605411639963,22.337011675199598],[114.17605604877595,22.337035291155566],[114.17608449077133,22.337048114705492],[114.17609899283386,22.337046917136853],[114.17624961012729,22.337034479214363],[114.17625177637524,22.337059990867054],[114.17625786084059,22.337131648228951],[114.17631637270108,22.337239721015681],[114.17631717917021,22.337241167445384],[114.17631759987741,22.337241981282101],[114.17631800165555,22.337242803336586],[114.17631838440754,22.337243633247599],[114.17631874784219,22.337244470563636],[114.1763190918624,22.337245315013753],[114.17631941617695,22.337246166146453],[114.17631972078587,22.337247023600483],[114.176320005495,22.337247886924313],[114.17632027020728,22.33724875575675],[114.17632051472856,22.337249629646209],[114.17632073896176,22.337250508231531],[114.17632094280985,22.337251391151455],[114.17632112627277,22.337252277954455],[114.17632128915643,22.337253168189026],[114.1763214313637,22.337254061493908],[114.17632155289463,22.33725495741761],[114.17632165365217,22.337255855508563],[114.17632173363624,22.337256755495897],[114.17632179284692,22.337257656837728],[114.17632183109004,22.337258559172863],[114.17632184855972,22.337259462140086],[114.17632184506185,22.337260365107227],[114.17632182069349,22.337261267893705],[114.17632177545464,22.337262169957654],[114.17632170944236,22.337263070937883],[114.17632162255961,22.337263970292533],[114.17632151480639,22.337264867750694],[114.17632138637681,22.337265762860863],[114.17632123736797,22.337266655171472],[114.17632106758572,22.337267544321321],[114.17632087741835,22.337268429858849],[114.1763206667688,22.337269311422897],[114.17632043573411,22.337270188471582],[114.17632018450847,22.337271060733979],[114.17631991318891,22.337271927848892],[114.17631962187254,22.337272789184198],[114.17631931065641,22.337273644559222],[114.17631897973469,22.337274493522496],[114.17631862930148,22.337275335712778],[114.17631825945391,22.33727617058824],[114.17631787038606,22.337276997968246],[114.17631746229212,22.337277817310987],[114.17631703526916,22.337278628255241],[114.1763165896084,22.33727943053006],[114.17631612550399,22.337280223683987],[114.17631564324711,22.337281007355692],[114.17631514283779,22.33728178118405],[114.1763146247614,22.337282544807767],[114.176314089115,22.337283297865675],[114.17631353609272,22.33728404008685],[114.17631296617994,22.337284771019718],[114.17631237937665,22.337285490393423],[114.17631177607117,22.337286197937019],[114.17631115655469,22.337286893108661],[114.17631052111844,22.33728757581806],[114.17630987005361,22.337288245613674],[114.17630920365143,22.337288902224604],[114.17630852220314,22.337289545289629],[114.17630782609699,22.337290174628134],[114.17630711552718,22.337290789878868],[114.17630639088195,22.337291390770979],[114.17630565254962,22.337291976943163],[114.17630490082139,22.337292548305182],[114.17630413598846,22.337293104405493],[114.17630335853625,22.33729364515376],[114.17630256875591,22.337294170188795],[114.17630176703577,22.337294679239665],[114.17630095366702,22.337295172125771],[114.17630012913509,22.33729564866648],[114.17629929373109,22.337296108590902],[114.17629844794048,22.337296551628107],[114.1762975920544,22.337296977687814],[114.17629672646119,22.337297386499078],[114.17629585174326,22.337297777881272],[114.17629496809477,22.33729815174414],[114.17629407600106,22.337298507726441],[114.17629317585043,22.337298845828162],[114.17629226812825,22.337299165778418],[114.17629135322282,22.337299467577175],[114.1762904315224,22.337299750863217],[114.17628950351235,22.337300015726868],[114.176288569581,22.337300261987512],[114.17628763021366,22.337300489374218],[114.17628668579864,22.337300697977327],[114.17628573672425,22.337300887706498],[114.17628478347582,22.337301058290848],[114.17628382653875,22.337301209730349],[114.17620068468069,22.337304583521654],[114.1759323774214,22.337310993963136]],[[114.17615093163035,22.33728863649959],[114.17615148856595,22.337301819966893],[114.17619470506055,22.337300239791887],[114.17619414812087,22.337287056324758],[114.17615093163035,22.33728863649959]],[[114.17599755408543,22.337271210024944],[114.1759976148315,22.337274744140636],[114.17599814708777,22.337305713505597],[114.17607332466076,22.337304595076859],[114.17607273163993,22.337270091596462],[114.17599755408543,22.337271210024944]],[[114.17621382970432,22.337060129888041],[114.17608470605529,22.337070389522427],[114.17608199124339,22.3370707052188],[114.17608654888024,22.337123023513765],[114.17608655053036,22.33712304247798],[114.17616716308859,22.337116565648703],[114.17623176565559,22.337111389846079],[114.17623176419956,22.337111375126231],[114.17622672503379,22.337058709246634],[114.17621382970432,22.337060129888041]],[[114.17616935078365,22.337243225428331],[114.17617202779647,22.33727233179405],[114.17624746833873,22.337266326751354],[114.17624482013947,22.337237534109114],[114.17623942395879,22.337178865516101],[114.17618779717328,22.33718297504355],[114.17618821029109,22.337187466762732],[114.17604129293615,22.337197299596088],[114.17604624330546,22.337251392762447],[114.1760759628916,22.337249421077736],[114.17616935078365,22.337243225428331]]]},"properties":{"OBJECTID":7651,"Shape__Length":318.93001461738595,"Shape__Area":815.67896834083217,"GeoRefNo":"3618522010","DateCreate":1195142400000,"BuildingBlockType":"Open-sided Structure","BuildingCSUID":"3618522010T20071116","BuildingID":1108223325,"Status":"Active","BuildingNameEN":"MTR KOWLOON TONG STATION","BuildingNameTC":"港鐵九龍塘站","BaseHeight":null,"TopHeight":null,"Storeys":null,"StoreysInBasement":null,"DateStamp":1427904000000}},{"type":"Feature","id":7972,"geometry":{"type":"Polygon","coordinates":[[[114.17776684292367,22.335163947274658],[114.17776584875985,22.335139800330293],[114.17787014018607,22.335134712410024],[114.17786663784661,22.335077633496326],[114.1778536917471,22.335078122674584],[114.17785306993278,22.335067481498012],[114.1778500856137,22.335016407191578],[114.17784493033865,22.334928177943009],[114.17793750306821,22.334923059077266],[114.17793631884415,22.334902883059968],[114.17796273256663,22.33490155140937],[114.17796463064043,22.334932503428693],[114.17795574258749,22.334933405645273],[114.17795740058283,22.334961606320267],[114.17799196133669,22.334959600475511],[114.1779925501576,22.334970299628239],[114.17794488537587,22.33497252807711],[114.17794315698514,22.334941590866705],[114.17789439192286,22.334944335857294],[114.17788232481003,22.334945015125726],[114.17788811642502,22.335035719469328],[114.1778907264744,22.335076596449774],[114.17788675745489,22.335076661495833],[114.17789092163218,22.335134072007545],[114.17796974028877,22.335130566796366],[114.17796816467904,22.335111528183734],[114.17800024774901,22.33511015783634],[114.17800263274623,22.335153484269927],[114.17785916673527,22.335159745058782],[114.17783151929137,22.335160845336695],[114.17776684292367,22.335163947274658]]]},"properties":{"OBJECTID":7972,"Shape__Length":143.15681283167376,"Shape__Area":180.51323927194801,"GeoRefNo":"3637221764","DateCreate":1351008000000,"BuildingBlockType":"Open-sided Structure","BuildingCSUID":"3637221764T20121024","BuildingID":1810086135,"Status":"Active","BuildingNameEN":"ST CATHERINE'S INTERNATIONAL KINDERGARTEN","BuildingNameTC":"國際英文幼稚園","BaseHeight":null,"TopHeight":null,"Storeys":null,"StoreysInBasement":null,"DateStamp":1351008000000}},{"type":"Feature","id":8088,"geometry":{"type":"Polygon","coordinates":[[[114.17638720585954,22.329419658560269],[114.17634642865505,22.32942052736627],[114.17634591643194,22.329477445867045],[114.17638669375005,22.32947657706119],[114.17638673997003,22.329471441549206],[114.17639435048095,22.329471501081446],[114.17639403684768,22.329506188995797],[114.17634796822178,22.329507168322138],[114.17634728244971,22.32950600147846],[114.17634660570486,22.329504831112828],[114.17634593789016,22.32950365722532],[114.1763452791027,22.329502479725605],[114.17634462924536,22.329501298794284],[114.1763439884153,22.329500114341062],[114.17634335651537,22.32949892636594],[114.17634273354562,22.329497734868909],[114.17634211970014,22.329496539849973],[114.17634151478481,22.329495341218845],[114.17634091879962,22.3294941391561],[114.17634033184169,22.329492933571466],[114.17633975381389,22.329491724464923],[114.17633918481333,22.329490511746165],[114.17633862474291,22.329489295595817],[114.17633807369974,22.329488075923578],[114.17633761981959,22.329487055014752],[114.17633717069573,22.329486031396765],[114.17633672671641,22.329485005069618],[114.17633628826991,22.329483976123619],[114.17633585555036,22.32948294464909],[114.17633542894602,22.329481910645995],[114.17633500894223,22.329480874294973],[114.17633459563608,22.329479835596029],[114.17633418951284,22.329478794549139],[114.17633379096083,22.329477751425255],[114.17633340017416,22.329476706134027],[114.17633301754111,22.329475658765812],[114.17633264344994,22.329474609410887],[114.17633227819185,22.329473558249884],[114.17633192215509,22.329472505192452],[114.17633157553382,22.329471450328978],[114.1763309755716,22.329469546499535],[114.1763304042441,22.329467632646256],[114.17632986106598,22.329465709581871],[114.17632934535777,22.329463778119127],[114.17632885653703,22.329461838799858],[114.17632839392436,22.329459892617415],[114.17632795703437,22.329457940203937],[114.17632754509056,22.32945598237222],[114.17632715760756,22.329454019754337],[114.17632679390591,22.329452053343694],[114.17632645340322,22.329450083682111],[114.17632613541998,22.329448111672647],[114.17632583956797,22.329446137947436],[114.17632556497358,22.32944416331922],[114.17632531115142,22.329442188600776],[114.17632507742209,22.329440214514548],[114.1763249553161,22.329439149085943],[114.17632483156,22.32943808167062],[114.17632470809509,22.329437012539465],[114.17632458676567,22.329435942053742],[114.17632446961011,22.329434870394039],[114.17632435847268,22.32943379792162],[114.17632425519767,22.329432724817085],[114.17632416172638,22.32943165144167],[114.17632407990308,22.329430577975973],[114.17632401166912,22.329429504690928],[114.17632395896582,22.329428431947761],[114.17632392373451,22.329427359927106],[114.17632390772239,22.329426289080466],[114.17632391287077,22.329425219407913],[114.17632394112103,22.329424151360914],[114.17632399441446,22.329423085210401],[114.17632404625093,22.329422281308052],[114.17632410245541,22.329421474606203],[114.17632416428978,22.32942066591767],[114.17632423291879,22.329419855874544],[114.17632430941023,22.32941904528963],[114.17632439502592,22.329418234795053],[114.17632449102773,22.32941742520353],[114.17632459838632,22.329416617237591],[114.17632471846061,22.329415811529326],[114.17632485231837,22.32941500898179],[114.17632500122144,22.329414210046551],[114.17632516633462,22.329413415716949],[114.17632534872563,22.32941262653485],[114.17632554965635,22.329411843403289],[114.17632577029157,22.329411066864107],[114.17632601179605,22.329410297730075],[114.17632621767652,22.329409690153057],[114.17632643433137,22.329409083208237],[114.17632666156652,22.329408477256798],[114.17632689918776,22.329407872930922],[114.17632714700096,22.329407270682076],[114.17632740481201,22.329406670871535],[114.17632767252388,22.329406074041096],[114.17632794984532,22.329405480822949],[114.17632823658219,22.329404891487961],[114.17632853263744,22.329404306577999],[114.17632883771986,22.329403726634872],[114.1763291517324,22.329403152200431],[114.17632947438383,22.329402583545605],[114.17632980557711,22.329402021302496],[114.17633014511809,22.329401465922686],[114.17633049271555,22.32940091794795],[114.17633097824533,22.32940018403395],[114.17633148037346,22.329399459873017],[114.17633199890582,22.329398745284536],[114.17633253393944,22.329398040449167],[114.17633308547435,22.329397345276551],[114.17633365341348,22.329396659857014],[114.17633423795097,22.329395984100252],[114.17633483889266,22.329395318006259],[114.17633545633562,22.329394661575041],[114.17633609027988,22.329394014896902],[114.17633674072543,22.329393377881544],[114.17633740757519,22.329392750528946],[114.1763380910233,22.329392132929431],[114.17633879087562,22.329391524992676],[114.17633950722922,22.329390926718723],[114.1763402400841,22.329390338107487],[114.17638748007147,22.329389333952427],[114.17638720585954,22.329419658560269]]]},"properties":{"OBJECTID":8088,"Shape__Length":46.73744275483029,"Shape__Area":51.17184856743598,"GeoRefNo":"3621521152","DateCreate":1351008000000,"BuildingBlockType":"Open-sided Structure","BuildingCSUID":"3621521152T20121024","BuildingID":1810087531,"Status":"Active","BuildingNameEN":"KOWLOON TONG SCHOOL","BuildingNameTC":"九龍塘學校","BaseHeight":null,"TopHeight":null,"Storeys":null,"StoreysInBasement":null,"DateStamp":1351008000000}},{"type":"Feature","id":8430,"geometry":{"type":"Polygon","coordinates":[[[114.17624482013947,22.337237534109114],[114.17619997536958,22.337241103817053],[114.17619319333252,22.33724164363823],[114.17618821029109,22.337187466762732],[114.17618779717328,22.33718297504355],[114.17623942395879,22.337178865516101],[114.17624482013947,22.337237534109114]]]},"properties":{"OBJECTID":8430,"Shape__Length":23.716473939035716,"Shape__Area":34.804845391514689,"GeoRefNo":"3620022015","DateCreate":1195056000000,"BuildingBlockType":"Temporary Structure","BuildingCSUID":"3620022015T20071115","BuildingID":1108223364,"Status":"Active","BuildingNameEN":null,"BuildingNameTC":null,"BaseHeight":null,"TopHeight":null,"Storeys":null,"StoreysInBasement":null,"DateStamp":1427904000000}},{"type":"Feature","id":8431,"geometry":{"type":"Polygon","coordinates":[[[114.17619319333252,22.33724164363823],[114.17616935078365,22.337243225428331],[114.1760759628916,22.337249421077736],[114.17604624330546,22.337251392762447],[114.17604129293615,22.337197299596088],[114.17618821029109,22.337187466762732],[114.17619319333252,22.33724164363823]]]},"properties":{"OBJECTID":8431,"Shape__Length":42.383557949238281,"Shape__Area":91.29294493309699,"GeoRefNo":"3619022017","DateCreate":1195056000000,"BuildingBlockType":"Temporary Structure","BuildingCSUID":"3619022017T20071115","BuildingID":1108223360,"Status":"Active","BuildingNameEN":null,"BuildingNameTC":null,"BaseHeight":null,"TopHeight":null,"Storeys":null,"StoreysInBasement":null,"DateStamp":1427904000000}},{"type":"Feature","id":8842,"geometry":{"type":"Polygon","coordinates":[[[114.1827862040262,22.329737303021997],[114.18278601066025,22.329732521877247],[114.18274281461329,22.329733801195722],[114.18274223668257,22.329713192613667],[114.18276568459655,22.329712413049631],[114.18276432158244,22.329675650228186],[114.18283038727971,22.329673314925724],[114.18284006725113,22.329672972759571],[114.18286908823724,22.329671946890475],[114.18287168566832,22.329735546751596],[114.18285172005189,22.329743763970402],[114.18278655752648,22.329746044793932],[114.1827862040262,22.329737303021997]]]},"properties":{"OBJECTID":8842,"Shape__Length":41.540231329236086,"Shape__Area":86.84196233594551,"GeoRefNo":"3687821184","DateCreate":1197475200000,"BuildingBlockType":"Open-sided Structure","BuildingCSUID":"3687821184T20071213","BuildingID":1108227593,"Status":"Active","BuildingNameEN":"SILVER CREST","BuildingNameTC":"銀巒閣","BaseHeight":null,"TopHeight":null,"Storeys":null,"StoreysInBasement":null,"DateStamp":1346860800000}},{"type":"Feature","id":8898,"geometry":{"type":"Polygon","coordinates":[[[114.18178498595815,22.331262097952305],[114.18178452169063,22.331248586771991],[114.18187144352588,22.331245079504111],[114.18186509053997,22.33128322379325],[114.18178654556867,22.331287412249477],[114.18178498595815,22.331262097952305]]]},"properties":{"OBJECTID":8898,"Shape__Length":25.647207138293336,"Shape__Area":36.280976964327486,"GeoRefNo":"3677821358","DateCreate":1346947200000,"BuildingBlockType":"Open-sided Structure","BuildingCSUID":"3677821358T20120907","BuildingID":1810088793,"Status":"Active","BuildingNameEN":"JADE GARDEN","BuildingNameTC":"碧苑","BaseHeight":null,"TopHeight":null,"Storeys":null,"StoreysInBasement":null,"DateStamp":1346947200000}},{"type":"Feature","id":8900,"geometry":{"type":"Polygon","coordinates":[[[114.1846281652753,22.328244831324238],[114.18460665737689,22.328245553720549],[114.18455180733804,22.328247395872573],[114.18454411643999,22.328247654242539],[114.18454199346621,22.328192043280868],[114.18462600829535,22.328189222622921],[114.1846281652753,22.328244831324238]]]},"properties":{"OBJECTID":8900,"Shape__Length":29.649460866588235,"Shape__Area":53.379448067361444,"GeoRefNo":"3706121020","DateCreate":1197475200000,"BuildingBlockType":"Open-sided Structure","BuildingCSUID":"3706121020T20071213","BuildingID":1108228797,"Status":"Active","BuildingNameEN":null,"BuildingNameTC":null,"BaseHeight":null,"TopHeight":null,"Storeys":null,"StoreysInBasement":null,"DateStamp":1346947200000}},{"type":"Feature","id":8901,"geometry":{"type":"Polygon","coordinates":[[[114.18146782192963,22.331264342134357],[114.18146681738568,22.331302880168657],[114.18140901254607,22.331305297492207],[114.18140865049108,22.331228215711576],[114.18146576042687,22.331226912872044],[114.18146782192963,22.331264342134357]]]},"properties":{"OBJECTID":8901,"Shape__Length":28.801018356543231,"Shape__Area":50.842421794381707,"GeoRefNo":"3673821358","DateCreate":1343664000000,"BuildingBlockType":"Open-sided Structure","BuildingCSUID":"3673821358T20120731","BuildingID":1810087351,"Status":"Active","BuildingNameEN":"JADE GARDEN","BuildingNameTC":"碧苑","BaseHeight":null,"TopHeight":null,"Storeys":null,"StoreysInBasement":null,"DateStamp":1349625600000}},{"type":"Feature","id":8902,"geometry":{"type":"Polygon","coordinates":[[[114.18209006216924,22.332449776397652],[114.18208895025883,22.332395708274234],[114.18210760849654,22.332395376155244],[114.18210698086745,22.332364858775293],[114.18215223968076,22.332364053212814],[114.18215201943867,22.332448673637966],[114.18209006216924,22.332449776397652]]]},"properties":{"OBJECTID":8902,"Shape__Length":31.708660578599535,"Shape__Area":54.25490223021766,"GeoRefNo":"3680821484","DateCreate":1346774400000,"BuildingBlockType":"Open-sided Structure","BuildingCSUID":"3680821484T20120905","BuildingID":1810088773,"Status":"Active","BuildingNameEN":null,"BuildingNameTC":null,"BaseHeight":null,"TopHeight":null,"Storeys":null,"StoreysInBasement":null,"DateStamp":1346774400000}},{"type":"Feature","id":8942,"geometry":{"type":"Polygon","coordinates":[[[114.18227185816379,22.330865018958683],[114.1822030841862,22.330869666945258],[114.18214697774175,22.330833817385681],[114.18212804857812,22.330807809929905],[114.18212189576701,22.330794210379697],[114.18211717441001,22.330780050095854],[114.18211431705001,22.330767321966714],[114.18211340469558,22.330754308996763],[114.18211597001749,22.330716215570849],[114.18212126787263,22.33071008604529],[114.1821274010333,22.330704792398848],[114.18213423901904,22.330700447251694],[114.18214163635444,22.330697143045068],[114.18214943566423,22.330694950074623],[114.1821777816494,22.33069350822235],[114.18218220157219,22.330781366607507],[114.18219010285652,22.330780969000831],[114.18219453878464,22.330817495751376],[114.18226892881347,22.33081381240742],[114.18227185816379,22.330865018958683]]]},"properties":{"OBJECTID":8942,"Shape__Length":63.161375149584408,"Shape__Area":152.19711093634456,"GeoRefNo":"3681621310","DateCreate":1346860800000,"BuildingBlockType":"Open-sided Structure","BuildingCSUID":"3681621310T20120906","BuildingID":1810088796,"Status":"Active","BuildingNameEN":null,"BuildingNameTC":null,"BaseHeight":null,"TopHeight":null,"Storeys":null,"StoreysInBasement":null,"DateStamp":1346947200000}},{"type":"Feature","id":8943,"geometry":{"type":"Polygon","coordinates":[[[114.18176553214572,22.331326973699703],[114.18185570974136,22.331322229151475],[114.18184363656219,22.331369349020985],[114.18176818799519,22.331373108239234],[114.18176749295192,22.331361034734613],[114.18176553214572,22.331326973699703]]]},"properties":{"OBJECTID":8943,"Shape__Length":27.568920816603065,"Shape__Area":43.821688541662773,"GeoRefNo":"3677721367","DateCreate":1346860800000,"BuildingBlockType":"Open-sided Structure","BuildingCSUID":"3677721367T20120906","BuildingID":1810088792,"Status":"Active","BuildingNameEN":null,"BuildingNameTC":null,"BaseHeight":null,"TopHeight":null,"Storeys":null,"StoreysInBasement":null,"DateStamp":1346860800000}},{"type":"Feature","id":8944,"geometry":{"type":"Polygon","coordinates":[[[114.18184520862005,22.329355530476413],[114.18184141264261,22.329355673728539],[114.18184053068713,22.329330969240274],[114.18189933975461,22.329329152174399],[114.18190189369174,22.329388754396515],[114.18184699892745,22.329391142978132],[114.18184520862005,22.329355530476413]]]},"properties":{"OBJECTID":8944,"Shape__Length":25.405211440314016,"Shape__Area":38.786206220241198,"GeoRefNo":"3678321147","DateCreate":1346860800000,"BuildingBlockType":"Open-sided Structure","BuildingCSUID":"3678321147T20120906","BuildingID":1810088800,"Status":"Active","BuildingNameEN":null,"BuildingNameTC":null,"BaseHeight":null,"TopHeight":null,"Storeys":null,"StoreysInBasement":null,"DateStamp":1346860800000}},{"type":"Feature","id":9393,"geometry":{"type":"Polygon","coordinates":[[[114.1698105607913,22.328212200423152],[114.16980756491535,22.328269186262151],[114.16940244033621,22.32825056086374],[114.16940511113077,22.328194996250673],[114.1698105607913,22.328212200423152]]]},"properties":{"OBJECTID":9393,"Shape__Length":96.079005473479867,"Shape__Area":260.77347497746632,"GeoRefNo":"3551921022","DateCreate":1433347200000,"BuildingBlockType":"Open-sided Structure","BuildingCSUID":"3551921022T20150604","BuildingID":1810142855,"Status":"Active","BuildingNameEN":null,"BuildingNameTC":null,"BaseHeight":7,"TopHeight":12.6,"Storeys":null,"StoreysInBasement":null,"DateStamp":1433347200000}},{"type":"Feature","id":10014,"geometry":{"type":"Polygon","coordinates":[[[114.16904430388486,22.328236809529876],[114.16904366640057,22.328262252177854],[114.16901898209728,22.328261902048343],[114.16902036216474,22.328236004475389],[114.16904430388486,22.328236809529876]]]},"properties":{"OBJECTID":10014,"Shape__Length":10.700936357399044,"Shape__Area":7.1267186605104342,"GeoRefNo":"3546021024","DateCreate":1114790400000,"BuildingBlockType":"Tower","BuildingCSUID":"3546021024T20050430","BuildingID":1108228787,"Status":"Active","BuildingNameEN":"POLICE SPORTS AND RECREATION CLUB","BuildingNameTC":"警察體育遊樂會","BaseHeight":6.7999999999999998,"TopHeight":9.9000000000000004,"Storeys":null,"StoreysInBasement":null,"DateStamp":1430928000000}}]}