{"type":"FeatureCollection","features":[{"type":"Feature","id":180115,"geometry":{"type":"Polygon","coordinates":[[[114.18995341226055,22.329400163018711],[114.18995089785329,22.329343141410305],[114.18999767784679,22.329341331319693],[114.19012625543445,22.329336356170483],[114.19012667347394,22.329347346085171],[114.19010912108401,22.329347985625027],[114.19010983428458,22.329364948343333],[114.19004780246192,22.329367342996068],[114.1900489390401,22.329396461206361],[114.18999768320728,22.32939844741054],[114.18995341226055,22.329400163018711]]]},"properties":{"OBJECTID":180115,"Shape__Length":48.780677722665246,"Shape__Area":84.309253144750301,"GeoRefNo":"3762121147","DateCreate":1114790400000,"BuildingBlockType":"Tower","BuildingCSUID":"3762121147T20050430","BuildingID":1108227902,"Status":"Active","BuildingNameEN":null,"BuildingNameTC":null,"BaseHeight":7.0999999999999996,"TopHeight":22.600000000000001,"Storeys":4,"StoreysInBasement":null,"DateStamp":1599580800000}},{"type":"Feature","id":180117,"geometry":{"type":"Polygon","coordinates":[[[114.19065505708996,22.329349373767982],[114.19050029029884,22.32935565718914],[114.19049819810711,22.329309630920715],[114.19050220335029,22.329309492053788],[114.19059486537684,22.329306280341321],[114.19066588852694,22.329303818608146],[114.19066699095073,22.329327836524378],[114.19065397254874,22.329328518992632],[114.19065505708996,22.329349373767982]]]},"properties":{"OBJECTID":180117,"Shape__Length":44.666049104449257,"Shape__Area":84.139728575037338,"GeoRefNo":"3767721143","DateCreate":1114790400000,"BuildingBlockType":"Tower","BuildingCSUID":"3767721143T20050430","BuildingID":1108227940,"Status":"Active","BuildingNameEN":null,"BuildingNameTC":null,"BaseHeight":6.7000000000000002,"TopHeight":31.100000000000001,"Storeys":7,"StoreysInBasement":null,"DateStamp":1599580800000}},{"type":"Feature","id":180152,"geometry":{"type":"Polygon","coordinates":[[[114.19046595795103,22.328379904234485],[114.19046417669146,22.328335919116917],[114.19060243650044,22.32833059545878],[114.19060338107552,22.328354603277454],[114.19060406116591,22.328371889203058],[114.19060421248095,22.328375735406397],[114.19046595795103,22.328379904234485]]]},"properties":{"OBJECTID":180152,"Shape__Length":38.383007497758861,"Shape__Area":70.383320140014305,"GeoRefNo":"3767621035","DateCreate":1114790400000,"BuildingBlockType":"Tower","BuildingCSUID":"3767621035T20050430","BuildingID":1108228688,"Status":"Active","BuildingNameEN":"Lung Fung Mansion","BuildingNameTC":"龍鳳樓","BaseHeight":6.5999999999999996,"TopHeight":22.899999999999999,"Storeys":5,"StoreysInBasement":null,"DateStamp":1599580800000}},{"type":"Feature","id":180163,"geometry":{"type":"Polygon","coordinates":[[[114.18829932897142,22.328400262500416],[114.18822564112209,22.32840302130311],[114.18822383007061,22.328354066903223],[114.18832017449428,22.328350914659932],[114.18834754903705,22.328350018960347],[114.18840520455726,22.328348132518602],[114.18840613483745,22.328372848981171],[114.18834755105475,22.328374599217661],[114.18832111599933,22.328375389012209],[114.18832204019004,22.328399412287926],[114.18829932897142,22.328400262500416]]]},"properties":{"OBJECTID":180163,"Shape__Length":48.224724736757899,"Shape__Area":77.527042427820575,"GeoRefNo":"3744221037","DateCreate":1114790400000,"BuildingBlockType":"Tower","BuildingCSUID":"3744221037T20050430","BuildingID":1108228670,"Status":"Active","BuildingNameEN":null,"BuildingNameTC":null,"BaseHeight":8.5999999999999996,"TopHeight":23.800000000000001,"Storeys":4,"StoreysInBasement":null,"DateStamp":1599580800000}},{"type":"Feature","id":180324,"geometry":{"type":"Polygon","coordinates":[[[114.19114065114876,22.329348481756725],[114.19104917327194,22.329352185031357],[114.19104756857777,22.329310141214556],[114.19118004782256,22.32930457582221],[114.19118132373241,22.329330855067898],[114.19114004101641,22.329332578501887],[114.19114065114876,22.329348481756725]]]},"properties":{"OBJECTID":180324,"Shape__Length":36.686478079155783,"Shape__Area":56.374095929633526,"GeoRefNo":"3773421143","DateCreate":1114790400000,"BuildingBlockType":"Tower","BuildingCSUID":"3773421143T20050430","BuildingID":1108227941,"Status":"Active","BuildingNameEN":null,"BuildingNameTC":null,"BaseHeight":6.7000000000000002,"TopHeight":29,"Storeys":6,"StoreysInBasement":null,"DateStamp":1599580800000}},{"type":"Feature","id":180326,"geometry":{"type":"Polygon","coordinates":[[[114.18619657214147,22.329402238420595],[114.18619392487049,22.329361913948564],[114.18615944951415,22.329362992291617],[114.18612812629088,22.329363972013201],[114.18612734070953,22.329340210335761],[114.18611805961888,22.329340601711465],[114.18611590517845,22.329300277209619],[114.18615859954639,22.329297962025869],[114.18618343111461,22.329296615489554],[114.18618369376877,22.329286305257302],[114.18621121282553,22.329285107656585],[114.18623101045641,22.329284246075634],[114.18623219904954,22.329311969175375],[114.18628715413642,22.329310368648979],[114.18628834711765,22.329335342296549],[114.18632432717212,22.329333969711826],[114.1863257647484,22.329360088964517],[114.18633463567849,22.329360318634208],[114.18633506921515,22.329398122617345],[114.18619657214147,22.329402238420595]]]},"properties":{"OBJECTID":180326,"Shape__Length":69.794230588481625,"Shape__Area":193.66022436642351,"GeoRefNo":"3723621142","DateCreate":1114790400000,"BuildingBlockType":"Tower","BuildingCSUID":"3723621142T20050430","BuildingID":1108227899,"Status":"Active","BuildingNameEN":"Gracious Court","BuildingNameTC":"嘉翠閣","BaseHeight":13.5,"TopHeight":32.399999999999999,"Storeys":7,"StoreysInBasement":null,"DateStamp":1599580800000}},{"type":"Feature","id":180327,"geometry":{"type":"Polygon","coordinates":[[[114.18801849397666,22.329378770540675],[114.18790045782545,22.329384018731094],[114.18789735277321,22.329274640517429],[114.188081565121,22.329268523161296],[114.18808592835479,22.329376167953949],[114.18801849397666,22.329378770540675]]]},"properties":{"OBJECTID":180327,"Shape__Length":62.162145088206017,"Shape__Area":228.84880802326683,"GeoRefNo":"3741221143","DateCreate":1114790400000,"BuildingBlockType":"Tower","BuildingCSUID":"3741221143T20050430","BuildingID":1108227918,"Status":"Active","BuildingNameEN":null,"BuildingNameTC":null,"BaseHeight":9.1999999999999993,"TopHeight":30,"Storeys":6,"StoreysInBasement":null,"DateStamp":1599580800000}},{"type":"Feature","id":180329,"geometry":{"type":"Polygon","coordinates":[[[114.19073677923032,22.329431142230543],[114.19073602334655,22.32941325234885],[114.19072251763637,22.329413670268337],[114.19072115840595,22.329388113382763],[114.1907413526454,22.329387330776388],[114.19086778712285,22.329382430989465],[114.190868017854,22.329387319856348],[114.19086984006691,22.329425937091226],[114.19073677923032,22.329431142230543]]]},"properties":{"OBJECTID":180329,"Shape__Length":39.869898517434734,"Shape__Area":70.139888787183665,"GeoRefNo":"3770121151","DateCreate":1114790400000,"BuildingBlockType":"Tower","BuildingCSUID":"3770121151T20050430","BuildingID":1108227875,"Status":"Active","BuildingNameEN":null,"BuildingNameTC":null,"BaseHeight":6.5999999999999996,"TopHeight":28.300000000000001,"Storeys":6,"StoreysInBasement":null,"DateStamp":1599580800000}},{"type":"Feature","id":180330,"geometry":{"type":"Polygon","coordinates":[[[114.18856303878535,22.32943535262325],[114.18856204692209,22.329410539903282],[114.18848404944173,22.329414136902315],[114.18848367538176,22.32940520667573],[114.18847237220352,22.329405618560092],[114.18847184486251,22.329391844429907],[114.18864931464485,22.329386165889346],[114.18865109361656,22.329432630639054],[114.18861171602053,22.329433847938727],[114.18859288553172,22.329434430063092],[114.18856303878535,22.32943535262325]]]},"properties":{"OBJECTID":180330,"Shape__Length":46.995339245394383,"Shape__Area":68.185382166974222,"GeoRefNo":"3747521152","DateCreate":1114790400000,"BuildingBlockType":"Tower","BuildingCSUID":"3747521152T20050430","BuildingID":1108227873,"Status":"Active","BuildingNameEN":null,"BuildingNameTC":null,"BaseHeight":8.8000000000000007,"TopHeight":27,"Storeys":4,"StoreysInBasement":null,"DateStamp":1599580800000}},{"type":"Feature","id":180363,"geometry":{"type":"Polygon","coordinates":[[[114.18973417076316,22.328306026230276],[114.18955395343059,22.328313228731172],[114.1895522208892,22.328265983287388],[114.18973250314411,22.328259279813324],[114.18973417076316,22.328306026230276]]]},"properties":{"OBJECTID":180363,"Shape__Length":47.585714376563388,"Shape__Area":96.773930979996479,"GeoRefNo":"3758221028","DateCreate":1114790400000,"BuildingBlockType":"Tower","BuildingCSUID":"3758221028T20050430","BuildingID":1108228746,"Status":"Active","BuildingNameEN":"Nam Shing Building","BuildingNameTC":"南成樓","BaseHeight":7.0999999999999996,"TopHeight":24.800000000000001,"Storeys":6,"StoreysInBasement":null,"DateStamp":1599580800000}},{"type":"Feature","id":180528,"geometry":{"type":"Polygon","coordinates":[[[114.19066842129496,22.330368723492715],[114.19070899120702,22.330367389909583],[114.19071370945014,22.330479179261843],[114.19067333259777,22.330480766137466],[114.19066842129496,22.330368723492715]]]},"properties":{"OBJECTID":180528,"Shape__Length":33.151409516921035,"Shape__Area":51.754306563956995,"GeoRefNo":"3769021263","DateCreate":1114790400000,"BuildingBlockType":"Tower","BuildingCSUID":"3769021263T20050430","BuildingID":1108226889,"Status":"Active","BuildingNameEN":null,"BuildingNameTC":null,"BaseHeight":6.7999999999999998,"TopHeight":33.399999999999999,"Storeys":8,"StoreysInBasement":null,"DateStamp":1599580800000}},{"type":"Feature","id":180535,"geometry":{"type":"Polygon","coordinates":[[[114.18864931464485,22.329386165889346],[114.18847184486251,22.329391844429907],[114.18847131333835,22.329377957417698],[114.18848248803828,22.329376859128001],[114.18848214053035,22.329368562846422],[114.18856027981668,22.329366329907643],[114.18855926733303,22.329340999465611],[114.18864745454215,22.329337579500006],[114.18864931464485,22.329386165889346]]]},"properties":{"OBJECTID":180535,"Shape__Length":47.247397862088249,"Shape__Area":70.791009287414084,"GeoRefNo":"3747521147","DateCreate":1114790400000,"BuildingBlockType":"Tower","BuildingCSUID":"3747521147T20050430","BuildingID":1108227908,"Status":"Active","BuildingNameEN":null,"BuildingNameTC":null,"BaseHeight":8.8000000000000007,"TopHeight":27,"Storeys":4,"StoreysInBasement":null,"DateStamp":1599580800000}},{"type":"Feature","id":180536,"geometry":{"type":"Polygon","coordinates":[[[114.19104756857777,22.329310141214556],[114.19104592495454,22.329267076674082],[114.19104790228758,22.329266989084605],[114.19108471178184,22.329265359263129],[114.1911341650047,22.329263169595837],[114.19113737294128,22.329263027532555],[114.19113799348695,22.329279203239302],[114.19117874292613,22.329277697851303],[114.19118004782256,22.32930457582221],[114.19104756857777,22.329310141214556]]]},"properties":{"OBJECTID":180536,"Shape__Length":36.838898135288701,"Shape__Area":57.721320351320912,"GeoRefNo":"3773521138","DateCreate":1114790400000,"BuildingBlockType":"Tower","BuildingCSUID":"3773521138T20050430","BuildingID":1108227967,"Status":"Active","BuildingNameEN":null,"BuildingNameTC":null,"BaseHeight":6.5999999999999996,"TopHeight":26.5,"Storeys":6,"StoreysInBasement":null,"DateStamp":1599580800000}},{"type":"Feature","id":180541,"geometry":{"type":"Polygon","coordinates":[[[114.19078251194686,22.330476185405367],[114.19077925667419,22.330401768180625],[114.19078518222321,22.330401554819776],[114.19082779587561,22.330400020913238],[114.19083081761117,22.330474250411395],[114.19078251194686,22.330476185405367]]]},"properties":{"OBJECTID":180541,"Shape__Length":26.458518893431563,"Shape__Area":41.12255336945875,"GeoRefNo":"3770321265","DateCreate":1114790400000,"BuildingBlockType":"Tower","BuildingCSUID":"3770321265T20050430","BuildingID":1108226895,"Status":"Active","BuildingNameEN":null,"BuildingNameTC":"城南樓","BaseHeight":6.7999999999999998,"TopHeight":36.399999999999999,"Storeys":9,"StoreysInBasement":null,"DateStamp":1599580800000}},{"type":"Feature","id":180576,"geometry":{"type":"Polygon","coordinates":[[[114.18670442665362,22.328348318008832],[114.18659361941528,22.328351991047601],[114.18658955677087,22.328253600996813],[114.18667623137583,22.328250538631636],[114.18667761845681,22.328292179837067],[114.18670216685342,22.328291620434417],[114.18670442665362,22.328348318008832]]]},"properties":{"OBJECTID":180576,"Shape__Length":44.687919801429274,"Shape__Area":113.13085865994576,"GeoRefNo":"3727521030","DateCreate":1114790400000,"BuildingBlockType":"Tower","BuildingCSUID":"3727521030T20050430","BuildingID":1108228708,"Status":"Active","BuildingNameEN":"GRAMPIAN COURT","BuildingNameTC":"嘉林大廈","BaseHeight":10.5,"TopHeight":27.399999999999999,"Storeys":5,"StoreysInBasement":null,"DateStamp":1599580800000}},{"type":"Feature","id":180579,"geometry":{"type":"Polygon","coordinates":[[[114.18960713503411,22.328357989064784],[114.18960677565069,22.328351093519476],[114.18959056831943,22.328351640604623],[114.18959004611935,22.328340057747237],[114.18957304487773,22.328340496797043],[114.18957281075272,22.328334060808221],[114.18955473392606,22.328334512673774],[114.18955395343059,22.328313228731172],[114.18973417076316,22.328306026230276],[114.18973587069263,22.328353679405339],[114.18960713503411,22.328357989064784]]]},"properties":{"OBJECTID":180579,"Shape__Length":47.540267764399601,"Shape__Area":86.817106371478602,"GeoRefNo":"3758421033","DateCreate":1114790400000,"BuildingBlockType":"Tower","BuildingCSUID":"3758421033T20050430","BuildingID":1108228707,"Status":"Active","BuildingNameEN":null,"BuildingNameTC":null,"BaseHeight":7.2000000000000002,"TopHeight":25.399999999999999,"Storeys":6,"StoreysInBasement":null,"DateStamp":1599580800000}},{"type":"Feature","id":180581,"geometry":{"type":"Polygon","coordinates":[[[114.18804521695306,22.328348535754138],[114.18789409591825,22.328354136793262],[114.18786222006101,22.328355318179458],[114.18785954561253,22.32835541733666],[114.18785716229611,22.328299103677065],[114.1878549570396,22.328246996090016],[114.18786221152051,22.328246698580529],[114.18794024877872,22.328243498139713],[114.18804076387585,22.328239375711185],[114.18804295603348,22.328293113407472],[114.18804521695306,22.328348535754138]]]},"properties":{"OBJECTID":180581,"Shape__Length":62.41633183675706,"Shape__Area":230.89600804089829,"GeoRefNo":"3740421026","DateCreate":1114790400000,"BuildingBlockType":"Tower","BuildingCSUID":"3740421026T20050430","BuildingID":1108228710,"Status":"Active","BuildingNameEN":"Sun Yuet House","BuildingNameTC":"新悅大樓","BaseHeight":8.5,"TopHeight":30.300000000000001,"Storeys":6,"StoreysInBasement":null,"DateStamp":1599580800000}},{"type":"Feature","id":180729,"geometry":{"type":"Polygon","coordinates":[[[114.18813024995994,22.33046961328991],[114.18794607175823,22.330475734130196],[114.18794474057624,22.33044387297322],[114.18799106384742,22.330441743539684],[114.18799155875158,22.330453414900859],[114.18802983968172,22.330452203516938],[114.18802937521781,22.330443732682394],[114.18806119559973,22.33044329385212],[114.18806033874063,22.330423319437777],[114.18812828160036,22.330421052736053],[114.18813024995994,22.33046961328991]]]},"properties":{"OBJECTID":180729,"Shape__Length":51.351366984847559,"Shape__Area":74.220343926179595,"GeoRefNo":"3742321267","DateCreate":1114790400000,"BuildingBlockType":"Tower","BuildingCSUID":"3742321267T20050430","BuildingID":1108226892,"Status":"Active","BuildingNameEN":null,"BuildingNameTC":null,"BaseHeight":10,"TopHeight":28,"Storeys":5,"StoreysInBasement":null,"DateStamp":1599580800000}},{"type":"Feature","id":180737,"geometry":{"type":"Polygon","coordinates":[[[114.19073272916988,22.329704887815637],[114.19073172190427,22.329680364360772],[114.19071324482258,22.329681058770689],[114.19071241849356,22.329660464506794],[114.19074164439652,22.329659159971701],[114.19088055255533,22.329652959873936],[114.19088270248884,22.329698521687547],[114.19073272916988,22.329704887815637]]]},"properties":{"OBJECTID":180737,"Shape__Length":44.762912219546806,"Shape__Area":82.115543394650061,"GeoRefNo":"3770221181","DateCreate":1114790400000,"BuildingBlockType":"Tower","BuildingCSUID":"3770221181T20050430","BuildingID":1108227622,"Status":"Active","BuildingNameEN":null,"BuildingNameTC":"朋德大廈","BaseHeight":6.7000000000000002,"TopHeight":35.700000000000003,"Storeys":9,"StoreysInBasement":null,"DateStamp":1599580800000}},{"type":"Feature","id":180738,"geometry":{"type":"Polygon","coordinates":[[[114.19126905560231,22.329673324464856],[114.19126727533616,22.329630282336598],[114.19130430340525,22.32962850524731],[114.19130287517306,22.329607882954953],[114.19126641308264,22.329609437028431],[114.19126568385025,22.329591805060691],[114.19144076820876,22.329584709848167],[114.19144398191003,22.329665003722567],[114.19126905560231,22.329673324464856]]]},"properties":{"OBJECTID":180738,"Shape__Length":61.589044350608631,"Shape__Area":153.1048283533118,"GeoRefNo":"3776021176","DateCreate":1114790400000,"BuildingBlockType":"Tower","BuildingCSUID":"3776021176T20050430","BuildingID":1108227655,"Status":"Active","BuildingNameEN":null,"BuildingNameTC":null,"BaseHeight":6.4000000000000004,"TopHeight":39,"Storeys":9,"StoreysInBasement":null,"DateStamp":1599580800000}},{"type":"Feature","id":181130,"geometry":{"type":"Polygon","coordinates":[[[114.18859785610697,22.328378819473986],[114.18854228664303,22.328380981717874],[114.18854127243496,22.328359287889114],[114.18851836999104,22.32835997785325],[114.18851742351625,22.328333352146327],[114.18848831965234,22.328334247728076],[114.18848607363822,22.328271068204661],[114.18848965409609,22.328270958044957],[114.18851336362464,22.328270228472768],[114.18851246521466,22.328244956627284],[114.18853655531809,22.328244039820245],[114.18853581734207,22.328223280817262],[114.18859171554254,22.32822156077944],[114.18859785610697,22.328378819473986]]]},"properties":{"OBJECTID":181130,"Shape__Length":57.029557961544143,"Shape__Area":151.69631973035487,"GeoRefNo":"3747021029","DateCreate":1361721600000,"BuildingBlockType":"Tower","BuildingCSUID":"3747021029T20130225","BuildingID":1810095974,"Status":"Active","BuildingNameEN":"The Opulence","BuildingNameTC":"匯賢閣","BaseHeight":25.100000000000001,"TopHeight":89.099999999999994,"Storeys":22,"StoreysInBasement":null,"DateStamp":1599580800000}},{"type":"Feature","id":181347,"geometry":{"type":"Polygon","coordinates":[[[114.18950956028526,22.328499264775949],[114.18939281652465,22.328501645477584],[114.18936469723998,22.328502218838828],[114.18935587415228,22.32850239877795],[114.18935511834154,22.328484385439612],[114.18935409960234,22.328460104986345],[114.18945323046779,22.328456089252914],[114.18952536748318,22.328453166921303],[114.18952627351749,22.328474850095979],[114.18950886708295,22.32847503405679],[114.18950913427594,22.328484373466146],[114.18950956028526,22.328499264775949]]]},"properties":{"OBJECTID":181347,"Shape__Length":45.065534139722722,"Shape__Area":81.303712091037397,"GeoRefNo":"3756221051","DateCreate":1114790400000,"BuildingBlockType":"Tower","BuildingCSUID":"3756221051T20050430","BuildingID":1108228583,"Status":"Active","BuildingNameEN":"CHAP HING BUILDING","BuildingNameTC":"焯興樓","BaseHeight":7.5,"TopHeight":24.399999999999999,"Storeys":5,"StoreysInBasement":null,"DateStamp":1599580800000}},{"type":"Feature","id":181350,"geometry":{"type":"Polygon","coordinates":[[[114.19063168885484,22.328464827549922],[114.19046961076739,22.328470102757898],[114.19046778465058,22.32842501130774],[114.1906059499282,22.328419894093734],[114.19063004587423,22.328419001628578],[114.19063168885484,22.328464827549922]]]},"properties":{"OBJECTID":181350,"Shape__Length":43.511864841045515,"Shape__Area":84.213142283502052,"GeoRefNo":"3767521045","DateCreate":1114790400000,"BuildingBlockType":"Tower","BuildingCSUID":"3767521045T20050430","BuildingID":1108228619,"Status":"Active","BuildingNameEN":"Good Luck Building","BuildingNameTC":"好運樓","BaseHeight":6.4000000000000004,"TopHeight":22.899999999999999,"Storeys":5,"StoreysInBasement":null,"DateStamp":1599580800000}},{"type":"Feature","id":181351,"geometry":{"type":"Polygon","coordinates":[[[114.18903542563721,22.328407313560227],[114.18903498151944,22.328390102022318],[114.18899397263549,22.328391283776618],[114.1889928984637,22.328365062923265],[114.18906101851172,22.328361536863227],[114.18917052619994,22.328355947030364],[114.18917233703073,22.328400843797382],[114.18903542563721,22.328407313560227]]]},"properties":{"OBJECTID":181351,"Shape__Length":46.464848258181057,"Shape__Area":82.252434487171683,"GeoRefNo":"3752621038","DateCreate":1114790400000,"BuildingBlockType":"Tower","BuildingCSUID":"3752621038T20050430","BuildingID":1108228665,"Status":"Active","BuildingNameEN":null,"BuildingNameTC":null,"BaseHeight":7.5999999999999996,"TopHeight":25.800000000000001,"Storeys":6,"StoreysInBasement":null,"DateStamp":1599580800000}},{"type":"Feature","id":181352,"geometry":{"type":"Polygon","coordinates":[[[114.18955910192233,22.328453629621826],[114.18955843011713,22.328435310411834],[114.18958364206158,22.328434659402138],[114.18958226972472,22.328406686823556],[114.18973756235145,22.328401102391179],[114.18973920944003,22.328447272928521],[114.18955910192233,22.328453629621826]]]},"properties":{"OBJECTID":181352,"Shape__Length":47.423563545033979,"Shape__Area":86.910217657159095,"GeoRefNo":"3758321043","DateCreate":1114790400000,"BuildingBlockType":"Tower","BuildingCSUID":"3758321043T20050430","BuildingID":1108228634,"Status":"Active","BuildingNameEN":null,"BuildingNameTC":null,"BaseHeight":7.2000000000000002,"TopHeight":24.800000000000001,"Storeys":6,"StoreysInBasement":null,"DateStamp":1599580800000}},{"type":"Feature","id":181353,"geometry":{"type":"Polygon","coordinates":[[[114.18958226972472,22.328406686823556],[114.18955741335978,22.328407580727863],[114.189556590146,22.328385132746511],[114.18957465212941,22.328384695330843],[114.18957437830187,22.328377164025611],[114.18959167817731,22.328376258703106],[114.18959118087622,22.328365229237995],[114.18960748022111,22.328364611887583],[114.18960713503411,22.328357989064784],[114.18973587069263,22.328353679405339],[114.18973756235145,22.328401102391179],[114.18958226972472,22.328406686823556]]]},"properties":{"OBJECTID":181353,"Shape__Length":47.704319692095346,"Shape__Area":88.038242808183824,"GeoRefNo":"3758421038","DateCreate":1114790400000,"BuildingBlockType":"Tower","BuildingCSUID":"3758421038T20050430","BuildingID":1108228664,"Status":"Active","BuildingNameEN":null,"BuildingNameTC":null,"BaseHeight":7.2000000000000002,"TopHeight":25.399999999999999,"Storeys":6,"StoreysInBasement":null,"DateStamp":1599580800000}},{"type":"Feature","id":181359,"geometry":{"type":"Polygon","coordinates":[[[114.18935409960234,22.328460104986345],[114.18935012503459,22.328365377082392],[114.18944879723904,22.328361829803466],[114.18944989210055,22.328385108307163],[114.18950614542133,22.328383389280951],[114.18950722610086,22.328408594460491],[114.18950823791278,22.328432191569156],[114.18945220679362,22.328434324631065],[114.18945323046779,22.328456089252914],[114.18935409960234,22.328460104986345]]]},"properties":{"OBJECTID":181359,"Shape__Length":52.869983097978633,"Shape__Area":138.23552865934764,"GeoRefNo":"3755921040","DateCreate":1114790400000,"BuildingBlockType":"Tower","BuildingCSUID":"3755921040T20050430","BuildingID":1108228631,"Status":"Active","BuildingNameEN":null,"BuildingNameTC":null,"BaseHeight":7.5,"TopHeight":24.600000000000001,"Storeys":5,"StoreysInBasement":null,"DateStamp":1599580800000}},{"type":"Feature","id":181360,"geometry":{"type":"Polygon","coordinates":[[[114.19069080206354,22.328462291143044],[114.19068848752383,22.328418048341142],[114.19082936407001,22.328412341549573],[114.19083117358136,22.328458143523466],[114.19069080206354,22.328462291143044]]]},"properties":{"OBJECTID":181360,"Shape__Length":38.976307200350632,"Shape__Area":72.343870273903917,"GeoRefNo":"3769721044","DateCreate":1114790400000,"BuildingBlockType":"Tower","BuildingCSUID":"3769721044T20050430","BuildingID":1108228628,"Status":"Active","BuildingNameEN":null,"BuildingNameTC":"崇正樓","BaseHeight":6.5,"TopHeight":22.800000000000001,"Storeys":3,"StoreysInBasement":null,"DateStamp":1599580800000}},{"type":"Feature","id":181545,"geometry":{"type":"Polygon","coordinates":[[[114.18827757480479,22.329709540814438],[114.1884529588252,22.329703720223954],[114.18845389750886,22.32972889751213],[114.18834637782089,22.329732207761108],[114.18834733399765,22.329756690235548],[114.18833401481106,22.329757124468721],[114.18829084657905,22.32975853187256],[114.18827939970969,22.329758905102729],[114.18827792287817,22.329718956707744],[114.18827757480479,22.329709540814438]]]},"properties":{"OBJECTID":181545,"Shape__Length":47.137924780623216,"Shape__Area":69.055600412825484,"GeoRefNo":"3744721187","DateCreate":1114790400000,"BuildingBlockType":"Tower","BuildingCSUID":"3744721187T20050430","BuildingID":1108227561,"Status":"Active","BuildingNameEN":null,"BuildingNameTC":null,"BaseHeight":9.1999999999999993,"TopHeight":22.899999999999999,"Storeys":4,"StoreysInBasement":null,"DateStamp":1599580800000}},{"type":"Feature","id":181563,"geometry":{"type":"Polygon","coordinates":[[[114.19046778465058,22.32842501130774],[114.19046595795103,22.328379904234485],[114.19060421248095,22.328375735406397],[114.1906059499282,22.328419894093734],[114.19046778465058,22.32842501130774]]]},"properties":{"OBJECTID":181563,"Shape__Length":38.387935851502469,"Shape__Area":70.468272332462718,"GeoRefNo":"3767521040","DateCreate":1114790400000,"BuildingBlockType":"Tower","BuildingCSUID":"3767521040T20050430","BuildingID":1108228653,"Status":"Active","BuildingNameEN":"Lung Fung Mansion","BuildingNameTC":"龍鳳樓","BaseHeight":6.5,"TopHeight":22.899999999999999,"Storeys":5,"StoreysInBasement":null,"DateStamp":1599580800000}},{"type":"Feature","id":181567,"geometry":{"type":"Polygon","coordinates":[[[114.18659361941528,22.328351991047601],[114.18670442665362,22.328348318008832],[114.18670618310112,22.328404053133809],[114.18668149358618,22.328405113201246],[114.1866828640498,22.328447820377011],[114.18659776686333,22.328451233579166],[114.18659361941528,22.328351991047601]]]},"properties":{"OBJECTID":181567,"Shape__Length":44.647949529886915,"Shape__Area":112.52194976949853,"GeoRefNo":"3727521039","DateCreate":1114790400000,"BuildingBlockType":"Tower","BuildingCSUID":"3727521039T20050430","BuildingID":1108228638,"Status":"Active","BuildingNameEN":"GRAMPIAN COURT","BuildingNameTC":"嘉林大廈","BaseHeight":10.6,"TopHeight":27.5,"Storeys":5,"StoreysInBasement":null,"DateStamp":1599580800000}},{"type":"Feature","id":181569,"geometry":{"type":"Polygon","coordinates":[[[114.18673635464518,22.328347160868489],[114.18688948247126,22.32834173254593],[114.18689337269184,22.328439376943418],[114.18673998447963,22.32844552935779],[114.18673635464518,22.328347160868489]]]},"properties":{"OBJECTID":181569,"Shape__Length":53.323553267839486,"Shape__Area":171.60277754141214,"GeoRefNo":"3729321041","DateCreate":1114790400000,"BuildingBlockType":"Tower","BuildingCSUID":"3729321041T20050430","BuildingID":1108228643,"Status":"Active","BuildingNameEN":"Junction House","BuildingNameTC":null,"BaseHeight":10.5,"TopHeight":27.300000000000001,"Storeys":5,"StoreysInBasement":null,"DateStamp":1599580800000}},{"type":"Feature","id":181570,"geometry":{"type":"Polygon","coordinates":[[[114.18574254148209,22.328420374235186],[114.18571316426883,22.328421652682],[114.1857149957829,22.328458079249863],[114.18562736575261,22.328461892858702],[114.18562476206031,22.328390736510187],[114.1856606401421,22.328389175158406],[114.18565683648158,22.328285225391063],[114.18560835261769,22.32828733540099],[114.18560732818069,22.328259338386641],[114.1855927831018,22.328259971404748],[114.18559092617018,22.328209223231813],[114.18559091712756,22.328208974891229],[114.18565783003118,22.328206283849529],[114.18565833302777,22.328217110409444],[114.18572815518228,22.328214302414775],[114.18572765218029,22.328203475764752],[114.18586726511793,22.328197860861344],[114.18586776813066,22.328208687420627],[114.18593759027674,22.328205879245449],[114.18593708725862,22.328195052686375],[114.18600400014893,22.328192361501763],[114.18600590908683,22.328241991861336],[114.1859923338903,22.328242582687572],[114.18599341062527,22.328270577438929],[114.18594492783926,22.328272687459165],[114.18594892565001,22.328376628720203],[114.18598480294804,22.328375067296726],[114.18598753960848,22.328446217942776],[114.18589781258616,22.328450122934864],[114.18589599861627,22.328414046483832],[114.18586638910506,22.328414984337751],[114.18586131528026,22.328276326317091],[114.18581219360478,22.328278464147441],[114.18581116912715,22.328250467224649],[114.18578460927745,22.328251623163908],[114.18578563374977,22.328279620086835],[114.1857374677795,22.328281716301035],[114.18574254148209,22.328420374235186]]]},"properties":{"OBJECTID":181570,"Shape__Length":205.9693267227712,"Shape__Area":697.67826318973289,"GeoRefNo":"3718721021","DateCreate":1353513600000,"BuildingBlockType":"Tower","BuildingCSUID":"3718721021T20121122","BuildingID":1108228632,"Status":"Active","BuildingNameEN":"South Court","BuildingNameTC":"南方花園","BaseHeight":12.1,"TopHeight":32.399999999999999,"Storeys":7,"StoreysInBasement":null,"DateStamp":1599580800000}},{"type":"Feature","id":181573,"geometry":{"type":"Polygon","coordinates":[[[114.19121851065215,22.328438713084203],[114.19139341074394,22.328432022870139],[114.19139557110731,22.328482194615443],[114.19134765877784,22.328484219235815],[114.19123666160417,22.328488909509826],[114.19122063316935,22.328489586782482],[114.19122040965948,22.328484230582209],[114.19121851065215,22.328438713084203]]]},"properties":{"OBJECTID":181573,"Shape__Length":47.273019909723843,"Shape__Area":100.99073472139244,"GeoRefNo":"3775421046","DateCreate":1114790400000,"BuildingBlockType":"Tower","BuildingCSUID":"3775421046T20050430","BuildingID":1108228596,"Status":"Active","BuildingNameEN":null,"BuildingNameTC":null,"BaseHeight":6.2999999999999998,"TopHeight":23,"Storeys":5,"StoreysInBasement":null,"DateStamp":1599580800000}},{"type":"Feature","id":181574,"geometry":{"type":"Polygon","coordinates":[[[114.1890198120729,22.328449469502797],[114.18899639548188,22.32845043112281],[114.18899532451903,22.328424287480917],[114.18903582096063,22.328422635181109],[114.18903542563721,22.328407313560227],[114.18917233703073,22.328400843797382],[114.18917404212119,22.328443117277786],[114.18902068731344,22.328449433585568],[114.1890198120729,22.328449469502797]]]},"properties":{"OBJECTID":181574,"Shape__Length":45.897474251278609,"Shape__Area":77.683509101633078,"GeoRefNo":"3752521043","DateCreate":1114790400000,"BuildingBlockType":"Tower","BuildingCSUID":"3752521043T20050430","BuildingID":1108228636,"Status":"Active","BuildingNameEN":null,"BuildingNameTC":null,"BaseHeight":7.5999999999999996,"TopHeight":25.800000000000001,"Storeys":6,"StoreysInBasement":null,"DateStamp":1599580800000}},{"type":"Feature","id":181576,"geometry":{"type":"Polygon","coordinates":[[[114.19082936407001,22.328412341549573],[114.19068848752383,22.328418048341142],[114.1906621740273,22.328419114301138],[114.19066128913154,22.32839800285721],[114.19070257470639,22.328396499710436],[114.19070117607269,22.328370860736854],[114.19082754521814,22.328366305051908],[114.19082936407001,22.328412341549573]]]},"properties":{"OBJECTID":181576,"Shape__Length":44.809599705209088,"Shape__Area":76.632969248767239,"GeoRefNo":"3769721039","DateCreate":1114790400000,"BuildingBlockType":"Tower","BuildingCSUID":"3769721039T20050430","BuildingID":1108228657,"Status":"Active","BuildingNameEN":null,"BuildingNameTC":null,"BaseHeight":6.4000000000000004,"TopHeight":24.300000000000001,"Storeys":5,"StoreysInBasement":null,"DateStamp":1599580800000}},{"type":"Feature","id":181605,"geometry":{"type":"Polygon","coordinates":[[[114.18739577097166,22.328336479666252],[114.18739485109766,22.328313531024296],[114.18727509833488,22.328318765416093],[114.18727363066427,22.328279174615353],[114.18746085739417,22.328272048963413],[114.1874614176695,22.3282862904294],[114.18746330700661,22.328334310619166],[114.18739577097166,22.328336479666252]]]},"properties":{"OBJECTID":181605,"Shape__Length":52.446358918070949,"Shape__Area":101.57947576270365,"GeoRefNo":"3735021029","DateCreate":1114790400000,"BuildingBlockType":"Tower","BuildingCSUID":"3735021029T20050430","BuildingID":1108228722,"Status":"Active","BuildingNameEN":null,"BuildingNameTC":null,"BaseHeight":9.1999999999999993,"TopHeight":27.699999999999999,"Storeys":null,"StoreysInBasement":null,"DateStamp":1361808000000}},{"type":"Feature","id":181615,"geometry":{"type":"Polygon","coordinates":[[[114.19121663432611,22.328392869850724],[114.19121613717111,22.328380724661965],[114.19124798909388,22.328379216975492],[114.1912467781776,22.328352579207269],[114.1913897705406,22.328347484375275],[114.19139142795541,22.328385975466723],[114.19121663432611,22.328392869850724]]]},"properties":{"OBJECTID":181615,"Shape__Length":44.615853879945931,"Shape__Area":67.781576268176948,"GeoRefNo":"3775421037","DateCreate":1114790400000,"BuildingBlockType":"Tower","BuildingCSUID":"3775421037T20050430","BuildingID":1108228681,"Status":"Active","BuildingNameEN":null,"BuildingNameTC":null,"BaseHeight":6.2999999999999998,"TopHeight":23.899999999999999,"Storeys":5,"StoreysInBasement":null,"DateStamp":1599580800000}},{"type":"Feature","id":181764,"geometry":{"type":"Polygon","coordinates":[[[114.19127248535442,22.32975624540941],[114.19127177363627,22.329739038419703],[114.1913114297538,22.329737573372174],[114.19130988592461,22.329712362651332],[114.19144561367608,22.329705774218944],[114.19144701971619,22.329747961814508],[114.19127248535442,22.32975624540941]]]},"properties":{"OBJECTID":181764,"Shape__Length":45.471763822193303,"Shape__Area":72.768250770005949,"GeoRefNo":"3776021187","DateCreate":1114790400000,"BuildingBlockType":"Tower","BuildingCSUID":"3776021187T20050430","BuildingID":1108227566,"Status":"Active","BuildingNameEN":null,"BuildingNameTC":null,"BaseHeight":6.2999999999999998,"TopHeight":37.700000000000003,"Storeys":9,"StoreysInBasement":null,"DateStamp":1599580800000}},{"type":"Feature","id":181767,"geometry":{"type":"Polygon","coordinates":[[[114.19088411680488,22.329833737294205],[114.19076285242357,22.329838055531404],[114.19074929125382,22.329838538387776],[114.19074218180739,22.329838791583523],[114.19074196178487,22.329834180857777],[114.1907412796368,22.329819881349756],[114.19074009421897,22.329795033351456],[114.19088700858553,22.329789776527765],[114.1908890745764,22.329833560767906],[114.19088411680488,22.329833737294205]]]},"properties":{"OBJECTID":181767,"Shape__Length":39.994234079478517,"Shape__Area":73.480006626987063,"GeoRefNo":"3770321196","DateCreate":1114790400000,"BuildingBlockType":"Tower","BuildingCSUID":"3770321196T20050430","BuildingID":1108227489,"Status":"Active","BuildingNameEN":null,"BuildingNameTC":null,"BaseHeight":6.5,"TopHeight":26.399999999999999,"Storeys":6,"StoreysInBasement":null,"DateStamp":1599580800000}},{"type":"Feature","id":181814,"geometry":{"type":"Polygon","coordinates":[[[114.19070117607269,22.328370860736854],[114.19067729823931,22.328371721586915],[114.19067586083263,22.328338705080416],[114.19065884109993,22.328339599658054],[114.19065838897174,22.328328813115071],[114.19082585082874,22.328323416966196],[114.19082754521814,22.328366305051908],[114.19070117607269,22.328370860736854]]]},"properties":{"OBJECTID":181814,"Shape__Length":44.116276740876692,"Shape__Area":76.217648272002464,"GeoRefNo":"3769621034","DateCreate":1114790400000,"BuildingBlockType":"Tower","BuildingCSUID":"3769621034T20050430","BuildingID":1108228694,"Status":"Active","BuildingNameEN":null,"BuildingNameTC":null,"BaseHeight":6.4000000000000004,"TopHeight":24.300000000000001,"Storeys":5,"StoreysInBasement":null,"DateStamp":1599580800000}},{"type":"Feature","id":181817,"geometry":{"type":"Polygon","coordinates":[[[114.18738687821207,22.328381992856052],[114.18738677961544,22.328360358020415],[114.18727681518941,22.328365075406897],[114.18727589782165,22.328340329587565],[114.18739577097166,22.328336479666252],[114.18746330700661,22.328334310619166],[114.18746508567085,22.328379517608269],[114.18738687821207,22.328381992856052]]]},"properties":{"OBJECTID":181817,"Shape__Length":48.868560145245993,"Shape__Area":70.414577069375184,"GeoRefNo":"3735321035","DateCreate":1114790400000,"BuildingBlockType":"Tower","BuildingCSUID":"3735321035T20050430","BuildingID":1108228686,"Status":"Active","BuildingNameEN":null,"BuildingNameTC":null,"BaseHeight":9.3000000000000007,"TopHeight":27.800000000000001,"Storeys":null,"StoreysInBasement":null,"DateStamp":1361808000000}},{"type":"Feature","id":181819,"geometry":{"type":"Polygon","coordinates":[[[114.1895522208892,22.328265983287388],[114.1895488356008,22.328173664790093],[114.189617106681,22.32817128934218],[114.18972184184841,22.328167645242935],[114.1897292251312,22.328167388277265],[114.18973250314411,22.328259279813324],[114.1895522208892,22.328265983287388]]]},"properties":{"OBJECTID":181819,"Shape__Length":57.595289630506883,"Shape__Area":189.73540975657164,"GeoRefNo":"3758221020","DateCreate":1114790400000,"BuildingBlockType":"Tower","BuildingCSUID":"3758221020T20050430","BuildingID":1108228782,"Status":"Active","BuildingNameEN":null,"BuildingNameTC":null,"BaseHeight":7.0999999999999996,"TopHeight":25.699999999999999,"Storeys":6,"StoreysInBasement":null,"DateStamp":1599580800000}},{"type":"Feature","id":181990,"geometry":{"type":"Polygon","coordinates":[[[114.19129466769105,22.329840401780285],[114.19129351115332,22.329809470602385],[114.19127471324562,22.329810109025004],[114.19127433335071,22.329800922879151],[114.19129824632957,22.329799692226015],[114.19144906202202,22.329791930725232],[114.19145075802236,22.329834304866004],[114.19129466769105,22.329840401780285]]]},"properties":{"OBJECTID":181990,"Shape__Length":45.201872547371131,"Shape__Area":75.835863874873183,"GeoRefNo":"3776021197","DateCreate":1114790400000,"BuildingBlockType":"Tower","BuildingCSUID":"3776021197T20050430","BuildingID":1108227485,"Status":"Active","BuildingNameEN":null,"BuildingNameTC":null,"BaseHeight":6.5,"TopHeight":27.300000000000001,"Storeys":6,"StoreysInBasement":null,"DateStamp":1599580800000}},{"type":"Feature","id":181991,"geometry":{"type":"Polygon","coordinates":[[[114.18789089209339,22.32984679730157],[114.18770661377673,22.329853272869066],[114.18770447946734,22.32980064918732],[114.18777517473504,22.329798177815857],[114.18777615909767,22.329821911114418],[114.18779144937893,22.329820828217361],[114.18779106041372,22.32981189880336],[114.18782955078106,22.329809998328788],[114.18783019761197,22.329819611611221],[114.18788962874154,22.329815683508077],[114.18789089209339,22.32984679730157]]]},"properties":{"OBJECTID":181991,"Shape__Length":51.940874380590046,"Shape__Area":85.216705203210068,"GeoRefNo":"3738721198","DateCreate":1114790400000,"BuildingBlockType":"Tower","BuildingCSUID":"3738721198T20050430","BuildingID":1108227469,"Status":"Active","BuildingNameEN":null,"BuildingNameTC":null,"BaseHeight":9.9000000000000004,"TopHeight":24,"Storeys":4,"StoreysInBasement":null,"DateStamp":1599580800000}},{"type":"Feature","id":181994,"geometry":{"type":"Polygon","coordinates":[[[114.19073379486788,22.329839090222041],[114.19071960587141,22.329839595525637],[114.19071832015443,22.329807553051136],[114.19073190461609,22.32980705755255],[114.19073299553841,22.329825543513433],[114.19073379486788,22.329839090222041]]]},"properties":{"OBJECTID":181994,"Shape__Length":9.966578385373067,"Shape__Area":5.0845044078014077,"GeoRefNo":"3769521198","DateCreate":1114790400000,"BuildingBlockType":"Tower","BuildingCSUID":"3769521198T20050430","BuildingID":1108227487,"Status":"Active","BuildingNameEN":null,"BuildingNameTC":null,"BaseHeight":6.5999999999999996,"TopHeight":9.5,"Storeys":null,"StoreysInBasement":null,"DateStamp":1361808000000}},{"type":"Feature","id":181997,"geometry":{"type":"Polygon","coordinates":[[[114.18866595873477,22.32982090516051],[114.18848848373875,22.329826521137594],[114.18848804841899,22.329815143808545],[114.18850132869919,22.329814858660448],[114.18850066631208,22.329803158052886],[114.18857738115287,22.32980164630052],[114.18857668987141,22.329783441598654],[114.1886062112246,22.329782496031662],[114.18866441682736,22.329780631673167],[114.18866554402489,22.329810074000079],[114.18866595873477,22.32982090516051]]]},"properties":{"OBJECTID":181997,"Shape__Length":45.64886942507782,"Shape__Area":61.712742329526364,"GeoRefNo":"3747621195","DateCreate":1114790400000,"BuildingBlockType":"Tower","BuildingCSUID":"3747621195T20050430","BuildingID":1108227498,"Status":"Active","BuildingNameEN":null,"BuildingNameTC":null,"BaseHeight":9,"TopHeight":24,"Storeys":4,"StoreysInBasement":null,"DateStamp":1599580800000}},{"type":"Feature","id":181998,"geometry":{"type":"Polygon","coordinates":[[[114.18777517473504,22.329798177815857],[114.18770447946734,22.32980064918732],[114.18770027815251,22.329697064709784],[114.18777087795068,22.329694583864455],[114.18788455014912,22.329690589330465],[114.18788875616298,22.329794186536095],[114.18777517473504,22.329798177815857]]]},"properties":{"OBJECTID":181998,"Shape__Length":60.954137658712014,"Shape__Area":218.08926304581698,"GeoRefNo":"3739221189","DateCreate":1114790400000,"BuildingBlockType":"Tower","BuildingCSUID":"3739221189T20050430","BuildingID":1108227516,"Status":"Active","BuildingNameEN":"Fuk Luen Building","BuildingNameTC":"福聯大樓","BaseHeight":9.9000000000000004,"TopHeight":30.600000000000001,"Storeys":6,"StoreysInBasement":null,"DateStamp":1599580800000}},{"type":"Feature","id":182036,"geometry":{"type":"Polygon","coordinates":[[[114.18949774518586,22.328216134843789],[114.1893440778851,22.328221252671948],[114.1893423394304,22.32817981894884],[114.18949927823512,22.328175199535554],[114.1895160130066,22.328174706962972],[114.18951660359755,22.328189136797572],[114.18949678544691,22.328189781144403],[114.18949774518586,22.328216134843789]]]},"properties":{"OBJECTID":182036,"Shape__Length":44.896317326444048,"Shape__Area":75.537374756283668,"GeoRefNo":"3756121017","DateCreate":1114790400000,"BuildingBlockType":"Tower","BuildingCSUID":"3756121017T20050430","BuildingID":1108228824,"Status":"Active","BuildingNameEN":null,"BuildingNameTC":null,"BaseHeight":7.4000000000000004,"TopHeight":24.800000000000001,"Storeys":6,"StoreysInBasement":null,"DateStamp":1599580800000}},{"type":"Feature","id":182040,"geometry":{"type":"Polygon","coordinates":[[[114.18745890289922,22.328222373019802],[114.18739127040935,22.328224205682073],[114.18731005038431,22.328226406468996],[114.18730962016048,22.328214331973044],[114.1872790439844,22.328214754501161],[114.18727782700149,22.328183843881771],[114.18745755540036,22.328178384769238],[114.18745890289922,22.328222373019802]]]},"properties":{"OBJECTID":182040,"Shape__Length":46.654115360610945,"Shape__Area":85.297490783058947,"GeoRefNo":"3734821018","DateCreate":1114790400000,"BuildingBlockType":"Tower","BuildingCSUID":"3734821018T20050430","BuildingID":1108228818,"Status":"Active","BuildingNameEN":null,"BuildingNameTC":null,"BaseHeight":9.1999999999999993,"TopHeight":28.699999999999999,"Storeys":6,"StoreysInBasement":null,"DateStamp":1599580800000}},{"type":"Feature","id":182047,"geometry":{"type":"Polygon","coordinates":[[[114.1865852457492,22.328148349069895],[114.18672998120641,22.328143610526677],[114.18673080912642,22.32816902786945],[114.18672271193128,22.328169453704337],[114.1867244738774,22.328221881017164],[114.18658842483029,22.328226276231785],[114.1865852457492,22.328148349069895]]]},"properties":{"OBJECTID":182047,"Shape__Length":47.040153803516283,"Shape__Area":123.76683268417706,"GeoRefNo":"3727821016","DateCreate":1114790400000,"BuildingBlockType":"Tower","BuildingCSUID":"3727821016T20050430","BuildingID":1108228812,"Status":"Active","BuildingNameEN":"Camay House","BuildingNameTC":"嘉美大廈","BaseHeight":11.1,"TopHeight":26.699999999999999,"Storeys":5,"StoreysInBasement":null,"DateStamp":1599580800000}},{"type":"Feature","id":182198,"geometry":{"type":"Polygon","coordinates":[[[114.1879135375269,22.329697065891274],[114.18809866961583,22.329690506676837],[114.18810273983267,22.329790922863491],[114.18803365579934,22.32979354155529],[114.18791775198571,22.329797934956389],[114.18791637413641,22.329764958432403],[114.18794131995291,22.329764015466715],[114.18794012041742,22.329750743301279],[114.18791580259354,22.329751278312393],[114.1879135375269,22.329697065891274]]]},"properties":{"OBJECTID":182198,"Shape__Length":65.502598020367003,"Shape__Area":209.00133401842837,"GeoRefNo":"3741121191","DateCreate":1114790400000,"BuildingBlockType":"Tower","BuildingCSUID":"3741121191T20050430","BuildingID":1108227519,"Status":"Active","BuildingNameEN":"Loong Pont House","BuildingNameTC":"龍邦大樓","BaseHeight":9.5,"TopHeight":29.399999999999999,"Storeys":6,"StoreysInBasement":null,"DateStamp":1599580800000}},{"type":"Feature","id":182211,"geometry":{"type":"Polygon","coordinates":[[[114.19106769775577,22.329830520021911],[114.19106562514139,22.329783231828202],[114.19120879984811,22.329777613185779],[114.19124115647197,22.329776343411847],[114.19124171640398,22.329791007673929],[114.19121568191957,22.329792112440106],[114.19121662114742,22.329811129951288],[114.19124246126067,22.329810514750157],[114.19124294245373,22.329823114266716],[114.19118724512668,22.32982546806419],[114.19112681347715,22.32982802183599],[114.19106769775577,22.329830520021911]]]},"properties":{"OBJECTID":182211,"Shape__Length":51.890006431535909,"Shape__Area":88.54814523243752,"GeoRefNo":"3773521196","DateCreate":1114790400000,"BuildingBlockType":"Tower","BuildingCSUID":"3773521196T20050430","BuildingID":1108227495,"Status":"Active","BuildingNameEN":"SHING FAI BUILDING","BuildingNameTC":"城輝大廈","BaseHeight":6.5999999999999996,"TopHeight":39,"Storeys":10,"StoreysInBasement":null,"DateStamp":1599580800000}},{"type":"Feature","id":186286,"geometry":{"type":"Polygon","coordinates":[[[114.18612805020962,22.333181037961424],[114.18608574002228,22.333215690715036],[114.18601359348351,22.333144271968596],[114.18607843081305,22.333070045951551],[114.18607802212074,22.333054847510006],[114.18607802211835,22.333054811387701],[114.18618582683466,22.333050849807165],[114.18617157796358,22.333064026244138],[114.18617337073614,22.333164626792993],[114.18618324330519,22.333174081239946],[114.18615024160516,22.333201680590726],[114.18612805020962,22.333181037961424]]]},"properties":{"OBJECTID":186286,"Shape__Length":62.528857319024333,"Shape__Area":207.03523200517691,"GeoRefNo":"3721921564","DateCreate":1142006400000,"BuildingBlockType":"Podium","BuildingCSUID":"3721921564P20060311","BuildingID":1108245626,"Status":"Active","BuildingNameEN":"MUNSANG COLLEGE","BuildingNameTC":"民生書院","BaseHeight":20.600000000000001,"TopHeight":25.5,"Storeys":null,"StoreysInBasement":null,"DateStamp":1369756800000}},{"type":"Feature","id":194574,"geometry":{"type":"Polygon","coordinates":[[[114.1888401099913,22.326045205618644],[114.18873608639063,22.326089801002176],[114.1887125262121,22.3260422308629],[114.18874778847886,22.326027113780981],[114.18873436568896,22.326000055606528],[114.18880271612278,22.325970706402831],[114.1888401099913,22.326045205618644]]]},"properties":{"OBJECTID":194574,"Shape__Length":41.760443652867593,"Shape__Area":93.990509631119693,"GeoRefNo":"3749420778","DateCreate":1307462400000,"BuildingBlockType":"Tower","BuildingCSUID":"3749420778T20110608","BuildingID":1810069026,"Status":"Active","BuildingNameEN":"Chun Seen Mei Chuen 'C' Substation","BuildingNameTC":"真善美村Ｃ變電站","BaseHeight":7.9000000000000004,"TopHeight":12,"Storeys":null,"StoreysInBasement":null,"DateStamp":1307462400000}},{"type":"Feature","id":197610,"geometry":{"type":"Polygon","coordinates":[[[114.18849254308844,22.328441721131622],[114.18843315743419,22.328443687468308],[114.1884325109768,22.328443708917071],[114.18843102497382,22.328405894896324],[114.18849105706931,22.328403906930816],[114.18849254308844,22.328441721131622]]]},"properties":{"OBJECTID":197610,"Shape__Length":20.757450197045948,"Shape__Area":25.931002752624458,"GeoRefNo":"3746221043","DateCreate":1361721600000,"BuildingBlockType":"Tower","BuildingCSUID":"3746221043T20130225","BuildingID":1810095973,"Status":"Active","BuildingNameEN":"THE OPULENCE","BuildingNameTC":"匯賢閣","BaseHeight":22.100000000000001,"TopHeight":26.100000000000001,"Storeys":null,"StoreysInBasement":null,"DateStamp":1366128000000}},{"type":"Feature","id":198477,"geometry":{"type":"Polygon","coordinates":[[[114.18844335817499,22.329443801947342],[114.18844351626394,22.329450444381497],[114.18833550310781,22.329453749691869],[114.1882681951306,22.329455809364514],[114.18826793673351,22.329448595481949],[114.18826404507085,22.329352487954569],[114.18828456712454,22.329351848946505],[114.18830383197505,22.329351249127289],[114.18832733328502,22.329350517339428],[114.18833808066243,22.329350182716126],[114.18838011775672,22.32934887372334],[114.18839341021278,22.329348459897371],[114.18841720058532,22.329347719135598],[114.18843943935254,22.329347026614478],[114.18844335817499,22.329443801947342]]]},"properties":{"OBJECTID":198477,"Shape__Length":59.060304129110314,"Shape__Area":207.08790354573009,"GeoRefNo":"3745121152","DateCreate":1302105600000,"BuildingBlockType":"Podium","BuildingCSUID":"3745121152P20110407","BuildingID":1810064107,"Status":"Active","BuildingNameEN":"ZEBRANO","BuildingNameTC":"松林","BaseHeight":9.3000000000000007,"TopHeight":29.100000000000001,"Storeys":2,"StoreysInBasement":null,"DateStamp":1607616000000}},{"type":"Feature","id":207641,"geometry":{"type":"Polygon","coordinates":[[[114.18859729332912,22.328116214992598],[114.18845115547781,22.328122326507671],[114.18841966465179,22.328123643434694],[114.18841739683054,22.3280698466878],[114.18844798900857,22.328068507429787],[114.18844732790608,22.328056927829252],[114.18859463306494,22.328050418706528],[114.18859729332912,22.328116214992598]]]},"properties":{"OBJECTID":207641,"Shape__Length":51.20334809610759,"Shape__Area":129.13504814666234,"GeoRefNo":"3746721005","DateCreate":1114790400000,"BuildingBlockType":"Tower","BuildingCSUID":"3746721005T20050430","BuildingID":1108228910,"Status":"Active","BuildingNameEN":"Fung Shing Lau","BuildingNameTC":"豐盛樓","BaseHeight":7.9000000000000004,"TopHeight":26,"Storeys":6,"StoreysInBasement":null,"DateStamp":1599580800000}},{"type":"Feature","id":211321,"geometry":{"type":"Polygon","coordinates":[[[114.18644790275378,22.325892162455787],[114.18639138359613,22.325858731946276],[114.18642288950744,22.325812625686051],[114.18641306010606,22.325806811743131],[114.18642602696303,22.325787835815774],[114.18637804837972,22.325759456867207],[114.18635394465221,22.325745199800341],[114.18640956166523,22.325663808986551],[114.18643366528734,22.325678066135609],[114.18658075731135,22.325765069412803],[114.18651719548909,22.325858086917844],[114.18656572577314,22.325886799381649],[114.18655969433183,22.325895623711109],[114.18648288236547,22.326008031388834],[114.18640159087428,22.32595993596054],[114.18644790275378,22.325892162455787]]]},"properties":{"OBJECTID":211321,"Shape__Length":109.87691444680405,"Shape__Area":449.11457679082054,"GeoRefNo":"3725720751","DateCreate":1273507200000,"BuildingBlockType":"Tower","BuildingCSUID":"3725720751T20100511","BuildingID":1109609273,"Status":"Active","BuildingNameEN":"Forfar","BuildingNameTC":"懿薈","BaseHeight":35.100000000000001,"TopHeight":128.5,"Storeys":25,"StoreysInBasement":null,"DateStamp":1599580800000}},{"type":"Feature","id":211924,"geometry":{"type":"Polygon","coordinates":[[[114.18727905921018,22.331072802452102],[114.1871781582792,22.331075943259336],[114.18717349945113,22.33098164324468],[114.18717338989234,22.330979425431149],[114.18727427590271,22.330976285530888],[114.18727905921018,22.331072802452102]]]},"properties":{"OBJECTID":211924,"Shape__Length":42.198202993406696,"Shape__Area":111.26187030535304,"GeoRefNo":"3733321331","DateCreate":1197475200000,"BuildingBlockType":"Open-sided Structure","BuildingCSUID":"3733321331T20071213","BuildingID":1108226513,"Status":"Active","BuildingNameEN":"HOLY FAMILY CANOSSIAN SCHOOL","BuildingNameTC":"嘉諾撒聖家學校","BaseHeight":null,"TopHeight":null,"Storeys":null,"StoreysInBasement":null,"DateStamp":1274198400000}},{"type":"Feature","id":212004,"geometry":{"type":"Polygon","coordinates":[[[114.19076386929022,22.330269003329654],[114.19076257266723,22.330235778122809],[114.1907361531491,22.330237095605536],[114.19073576322695,22.330226290276336],[114.19090336327892,22.330219347819639],[114.19090514215071,22.330264041732747],[114.19076386929022,22.330269003329654]]]},"properties":{"OBJECTID":212004,"Shape__Length":44.405061185383403,"Shape__Area":74.632866188883995,"GeoRefNo":"3770521244","DateCreate":1114790400000,"BuildingBlockType":"Tower","BuildingCSUID":"3770521244T20050430","BuildingID":1108227086,"Status":"Active","BuildingNameEN":"SOUTH WALL MANSION","BuildingNameTC":"城南大樓","BaseHeight":6.7999999999999998,"TopHeight":38.100000000000001,"Storeys":10,"StoreysInBasement":null,"DateStamp":1599580800000}},{"type":"Feature","id":212022,"geometry":{"type":"Polygon","coordinates":[[[114.19076040994358,22.330180360334101],[114.19075919224463,22.330149159234811],[114.19073284877629,22.330149799416784],[114.19073239021463,22.330137877461844],[114.19089985224913,22.330131137937752],[114.1909016399739,22.330176052377439],[114.19076040994358,22.330180360334101]]]},"properties":{"OBJECTID":212022,"Shape__Length":44.296085801632351,"Shape__Area":74.98476480127286,"GeoRefNo":"3770621235","DateCreate":1114790400000,"BuildingBlockType":"Tower","BuildingCSUID":"3770621235T20050430","BuildingID":1108227175,"Status":"Active","BuildingNameEN":"SOUTH WALL MANSION","BuildingNameTC":"城南大樓","BaseHeight":6.7999999999999998,"TopHeight":38.100000000000001,"Storeys":10,"StoreysInBasement":null,"DateStamp":1599580800000}},{"type":"Feature","id":212385,"geometry":{"type":"Polygon","coordinates":[[[114.19073919325926,22.330317036406736],[114.19073825352828,22.330292325744015],[114.1907647274129,22.33029099254307],[114.19076386929022,22.330269003329654],[114.19090514215071,22.330264041732747],[114.19090700325243,22.330310798584637],[114.19073919325926,22.330317036406736]]]},"properties":{"OBJECTID":212385,"Shape__Length":44.953454964475569,"Shape__Area":83.237919582873104,"GeoRefNo":"3770521249","DateCreate":1114790400000,"BuildingBlockType":"Tower","BuildingCSUID":"3770521249T20050430","BuildingID":1108227041,"Status":"Active","BuildingNameEN":"SOUTH WALL MANSION","BuildingNameTC":"城南大樓","BaseHeight":6.7999999999999998,"TopHeight":38.100000000000001,"Storeys":10,"StoreysInBasement":null,"DateStamp":1599580800000}},{"type":"Feature","id":212467,"geometry":{"type":"Polygon","coordinates":[[[114.19073576322695,22.330226290276336],[114.19073534274163,22.330214635623499],[114.19076169625019,22.330213321397562],[114.19076040994358,22.330180360334101],[114.1909016399739,22.330176052377439],[114.19090336327892,22.330219347819639],[114.19073576322695,22.330226290276336]]]},"properties":{"OBJECTID":212467,"Shape__Length":44.301167913479063,"Shape__Area":74.637403977147073,"GeoRefNo":"3770421239","DateCreate":1114790400000,"BuildingBlockType":"Tower","BuildingCSUID":"3770421239T20050430","BuildingID":1108227129,"Status":"Active","BuildingNameEN":"SOUTH WALL MANSION","BuildingNameTC":"城南大樓","BaseHeight":6.7999999999999998,"TopHeight":38.100000000000001,"Storeys":10,"StoreysInBasement":null,"DateStamp":1599580800000}},{"type":"Feature","id":212510,"geometry":{"type":"Polygon","coordinates":[[[114.19073239021463,22.330137877461844],[114.19073203879988,22.330128740439001],[114.19075835134852,22.330127612518048],[114.19075777943009,22.330112955660997],[114.19076273371412,22.330112747893054],[114.1908988929446,22.330107035848069],[114.19089985224913,22.330131137937752],[114.19073239021463,22.330137877461844]]]},"properties":{"OBJECTID":212510,"Shape__Length":39.841758472938984,"Shape__Area":41.431723786209304,"GeoRefNo":"3770621231","DateCreate":1114790400000,"BuildingBlockType":"Tower","BuildingCSUID":"3770621231T20050430","BuildingID":1108227207,"Status":"Active","BuildingNameEN":"SOUTH WALL MANSION","BuildingNameTC":"城南大樓","BaseHeight":6.7999999999999998,"TopHeight":14.800000000000001,"Storeys":10,"StoreysInBasement":null,"DateStamp":1599580800000}},{"type":"Feature","id":212542,"geometry":{"type":"Polygon","coordinates":[[[114.18615605984488,22.331944596457369],[114.18615596051946,22.331944228286318],[114.18615354046933,22.331885222973632],[114.18620313390059,22.331883203855703],[114.18620594321521,22.331943654399236],[114.18615605984488,22.331944596457369]]]},"properties":{"OBJECTID":212542,"Shape__Length":23.535037201971445,"Shape__Area":34.068145286703249,"GeoRefNo":"3722621429","DateCreate":1197475200000,"BuildingBlockType":"Open-sided Structure","BuildingCSUID":"3722621429T20071213","BuildingID":1108225977,"Status":"Active","BuildingNameEN":"MUNSANG COLLEGE","BuildingNameTC":"民生書院","BaseHeight":null,"TopHeight":null,"Storeys":null,"StoreysInBasement":null,"DateStamp":1274198400000}},{"type":"Feature","id":213774,"geometry":{"type":"Polygon","coordinates":[[[114.18569991052451,22.327761802756481],[114.18571745875914,22.327761204331846],[114.18572005676351,22.327835483461008],[114.18569624160308,22.327836429364467],[114.18569448181992,22.327784424307922],[114.18550070125274,22.327792306568835],[114.18550921454677,22.327989558381876],[114.18548374150565,22.327990955781807],[114.18547429463609,22.327769497082283],[114.1855196348925,22.327767949976657],[114.18554299685309,22.3277671540312],[114.18569991052451,22.327761802756481]]]},"properties":{"OBJECTID":213774,"Shape__Length":110.52996129423624,"Shape__Area":135.53109095743312,"GeoRefNo":"3716620971","DateCreate":1195747200000,"BuildingBlockType":"Open-sided Structure","BuildingCSUID":"3716620971T20071123","BuildingID":1108229012,"Status":"Active","BuildingNameEN":"NGA YUEN BUILDING","BuildingNameTC":"雅園大廈","BaseHeight":null,"TopHeight":null,"Storeys":null,"StoreysInBasement":null,"DateStamp":1274198400000}},{"type":"Feature","id":213828,"geometry":{"type":"Polygon","coordinates":[[[114.18701561899357,22.326888286555509],[114.1869917537017,22.326883575532182],[114.18702484047607,22.326727030410726],[114.18706964681411,22.326734803463378],[114.18705944991025,22.326784623503407],[114.18703731670031,22.326892569752342],[114.18701561899357,22.326888286555509]]]},"properties":{"OBJECTID":213828,"Shape__Length":44.946118875720778,"Shape__Area":84.150414291314476,"GeoRefNo":"3731420864","DateCreate":1195747200000,"BuildingBlockType":"Open-sided Structure","BuildingCSUID":"3731420864T20071123","BuildingID":1108229757,"Status":"Active","BuildingNameEN":"KA WAH COURT","BuildingNameTC":"嘉華閣","BaseHeight":null,"TopHeight":null,"Storeys":null,"StoreysInBasement":null,"DateStamp":1274198400000}},{"type":"Feature","id":213856,"geometry":{"type":"Polygon","coordinates":[[[114.18569991052451,22.327761802756481],[114.18554299685309,22.3277671540312],[114.18554118033522,22.327721256360377],[114.18569797670118,22.327715919091194],[114.18569991052451,22.327761802756481]]]},"properties":{"OBJECTID":213856,"Shape__Length":42.511832720390423,"Shape__Area":82.233052384226141,"GeoRefNo":"3716920967","DateCreate":1195747200000,"BuildingBlockType":"Open-sided Structure","BuildingCSUID":"3716920967T20071123","BuildingID":1108229187,"Status":"Active","BuildingNameEN":"WAH HING BUILDING","BuildingNameTC":"華興大廈","BaseHeight":null,"TopHeight":null,"Storeys":null,"StoreysInBasement":null,"DateStamp":1274198400000}},{"type":"Feature","id":214358,"geometry":{"type":"Polygon","coordinates":[[[114.18721167582707,22.325711088642983],[114.18723707784244,22.325673962450061],[114.1874104835528,22.32577759699268],[114.18740481053202,22.325785159847559],[114.18739940340679,22.325793221624853],[114.18739406703273,22.325801177920077],[114.18738548645958,22.32581397138954],[114.18721167582707,22.325711088642983]]]},"properties":{"OBJECTID":214358,"Shape__Length":52.112497165568975,"Shape__Area":102.37425497860539,"GeoRefNo":"3734320747","DateCreate":1195747200000,"BuildingBlockType":"Open-sided Structure","BuildingCSUID":"3734320747T20071123","BuildingID":1108230427,"Status":"Active","BuildingNameEN":"GARFIELD COURT","BuildingNameTC":"皆富閣","BaseHeight":null,"TopHeight":null,"Storeys":null,"StoreysInBasement":null,"DateStamp":1274198400000}},{"type":"Feature","id":214382,"geometry":{"type":"Polygon","coordinates":[[[114.18750697183398,22.325874107054755],[114.18748005875612,22.325858766308858],[114.18749510291907,22.325836994651077],[114.18752226309245,22.325853251621592],[114.18751387111791,22.325864697270184],[114.18750697183398,22.325874107054755]]]},"properties":{"OBJECTID":214382,"Shape__Length":12.240642891726189,"Shape__Area":9.3078814839626816,"GeoRefNo":"3736320759","DateCreate":1114790400000,"BuildingBlockType":"Tower","BuildingCSUID":"3736320759T20050430","BuildingID":1108230389,"Status":"Active","BuildingNameEN":"GARFIELD COURT","BuildingNameTC":"皆富閣","BaseHeight":8.6999999999999993,"TopHeight":11.199999999999999,"Storeys":null,"StoreysInBasement":null,"DateStamp":1274198400000}},{"type":"Feature","id":214667,"geometry":{"type":"Polygon","coordinates":[[[114.18829015080132,22.325943661800089],[114.18830913826066,22.32591578420822],[114.18834735106425,22.325938121003169],[114.18836844237148,22.325950301404163],[114.18834945172584,22.325977114929],[114.18834735417529,22.325976025176473],[114.18829015080132,22.325943661800089]]]},"properties":{"OBJECTID":214667,"Shape__Length":21.562331296347207,"Shape__Area":25.862248825969054,"GeoRefNo":"3745020769","DateCreate":1114790400000,"BuildingBlockType":"Tower","BuildingCSUID":"3745020769T20050430","BuildingID":1108230328,"Status":"Active","BuildingNameEN":"Chun Seen Mei Chuen 'B' Substation","BuildingNameTC":"真善美村Ｂ變電站","BaseHeight":7.9000000000000004,"TopHeight":11.800000000000001,"Storeys":null,"StoreysInBasement":null,"DateStamp":1274198400000}},{"type":"Feature","id":214718,"geometry":{"type":"Polygon","coordinates":[[[114.18571039266473,22.326021643730606],[114.18570543038977,22.326046809629617],[114.1855177622774,22.32601476066932],[114.18552770178557,22.325965141394899],[114.18571452221276,22.325997838064055],[114.18571039266473,22.326021643730606]]]},"properties":{"OBJECTID":214718,"Shape__Length":50.334768865964662,"Shape__Area":108.89814891217154,"GeoRefNo":"3716820775","DateCreate":1195747200000,"BuildingBlockType":"Open-sided Structure","BuildingCSUID":"3716820775T20071123","BuildingID":1108230283,"Status":"Active","BuildingNameEN":"CROWFIELDS COURT","BuildingNameTC":"嘉樂閣","BaseHeight":null,"TopHeight":null,"Storeys":null,"StoreysInBasement":null,"DateStamp":1274198400000}},{"type":"Feature","id":214767,"geometry":{"type":"Polygon","coordinates":[[[114.1879084811067,22.325732131292838],[114.1878860373929,22.325764445079262],[114.18786201521954,22.32574993636802],[114.18783789044959,22.325735365710326],[114.18785984026492,22.325703739372383],[114.1878620116873,22.325705006848182],[114.1879084811067,22.325732131292838]]]},"properties":{"OBJECTID":214767,"Shape__Length":20.258800751799399,"Shape__Area":24.927326231005711,"GeoRefNo":"3740120745","DateCreate":1114790400000,"BuildingBlockType":"Tower","BuildingCSUID":"3740120745T20050430","BuildingID":1108230459,"Status":"Active","BuildingNameEN":"LORNA VILLA","BuildingNameTC":"嘉福苑","BaseHeight":8.5999999999999996,"TopHeight":10.199999999999999,"Storeys":null,"StoreysInBasement":null,"DateStamp":1274198400000}},{"type":"Feature","id":224195,"geometry":{"type":"Polygon","coordinates":[[[114.18865842256407,22.329624097430965],[114.18862267859457,22.329625148034467],[114.18860021177169,22.329625808448412],[114.18853272248533,22.329627785704528],[114.18848093642579,22.32962930287038],[114.18847727878837,22.329533813747823],[114.18855558645851,22.329531317828639],[114.18859654432076,22.329530012289403],[114.18860403571409,22.329529773518672],[114.18865475506125,22.329528156783958],[114.18865613645077,22.329564251923877],[114.18865783887007,22.329608754513004],[114.18865842256407,22.329624097430965]]]},"properties":{"OBJECTID":224195,"Shape__Length":57.800087647088723,"Shape__Area":194.02870975222442,"GeoRefNo":"3747221171","DateCreate":1142006400000,"BuildingBlockType":"Podium","BuildingCSUID":"3747221171P20060311","BuildingID":1108245755,"Status":"Active","BuildingNameEN":"NOBLE HOUSE","BuildingNameTC":"時爵大廈","BaseHeight":8.8000000000000007,"TopHeight":15.5,"Storeys":null,"StoreysInBasement":null,"DateStamp":1413216000000}},{"type":"Feature","id":224202,"geometry":{"type":"Polygon","coordinates":[[[114.1879092015111,22.329593288172585],[114.18790476280526,22.329487052425044],[114.1880363620614,22.329481689509088],[114.18809011672325,22.329479498667016],[114.18809446304721,22.329586727238262],[114.18808386620488,22.329587102562886],[114.18804050875275,22.329588638057178],[114.1879092015111,22.329593288172585]]]},"properties":{"OBJECTID":224202,"Shape__Length":61.868915724465019,"Shape__Area":225.98661557104379,"GeoRefNo":"3741321166","DateCreate":1142006400000,"BuildingBlockType":"Podium","BuildingCSUID":"3741321166P20060311","BuildingID":1108245757,"Status":"Active","BuildingNameEN":"ON CHEER MANSION","BuildingNameTC":"安捷樓","BaseHeight":9.3000000000000007,"TopHeight":14.9,"Storeys":null,"StoreysInBasement":null,"DateStamp":1413216000000}},{"type":"Feature","id":224204,"geometry":{"type":"Polygon","coordinates":[[[114.19307643762625,22.33018452548124],[114.19292591876396,22.330190087984537],[114.192880652078,22.330191760783034],[114.19283017358627,22.330193626163922],[114.19282467126311,22.330062731395689],[114.19281304918196,22.329786251593337],[114.19280885141167,22.32968639200319],[114.19288058650109,22.329618557562348],[114.19288667231626,22.32961280258186],[114.19299863089579,22.329768142041004],[114.19311409873669,22.32990126836259],[114.19320103346431,22.329982906276605],[114.1932075088347,22.329988986997343],[114.1932075801744,22.329990610959793],[114.19320979676534,22.330041057736885],[114.19321263711825,22.330105698629673],[114.19321587436863,22.330179372412037],[114.19320105645369,22.330179920078905],[114.19307643762625,22.33018452548124]]]},"properties":{"OBJECTID":224204,"Shape__Length":181.83630898732281,"Shape__Area":1780.6235211806629,"GeoRefNo":"3791521218","DateCreate":1121097600000,"BuildingBlockType":"Podium","BuildingCSUID":"3791521218P20050712","BuildingID":1108245731,"Status":"Active","BuildingNameEN":"REGAL ORIENTAL HOTEL","BuildingNameTC":"富豪東方酒店","BaseHeight":5.2999999999999998,"TopHeight":20.100000000000001,"Storeys":4,"StoreysInBasement":2,"DateStamp":1599580800000}},{"type":"Feature","id":224206,"geometry":{"type":"Polygon","coordinates":[[[114.1877229071693,22.33025498829997],[114.18772115019053,22.330211669165969],[114.18778949305488,22.330209283736888],[114.18779222238199,22.330209188460284],[114.18789066704731,22.330205752228505],[114.18790544451141,22.330205236385972],[114.18790967243903,22.330309373431191],[114.18772538275485,22.330316025116939],[114.1877229071693,22.33025498829997]]]},"properties":{"OBJECTID":224206,"Shape__Length":61.103568856830577,"Shape__Area":219.48495108741159,"GeoRefNo":"3739421246","DateCreate":1142006400000,"BuildingBlockType":"Podium","BuildingCSUID":"3739421246P20060311","BuildingID":1108245726,"Status":"Active","BuildingNameEN":"FULL SING COURT","BuildingNameTC":"福成閣","BaseHeight":10.5,"TopHeight":15.5,"Storeys":null,"StoreysInBasement":null,"DateStamp":1413216000000}},{"type":"Feature","id":224227,"geometry":{"type":"Polygon","coordinates":[[[114.19048915377354,22.328032764624499],[114.1908169411242,22.328090406799834],[114.19082415279902,22.32829365293864],[114.19082482409522,22.328307165344174],[114.19058820465958,22.328313320707771],[114.19045628795411,22.328317927334144],[114.19045575280362,22.328304661721489],[114.19044478350833,22.328032768357133],[114.19044446631142,22.328024906176083],[114.19048915377354,22.328032764624499]]]},"properties":{"OBJECTID":224227,"Shape__Length":133.52675259750833,"Shape__Area":1072.4860911491594,"GeoRefNo":"3767021004","DateCreate":1194969600000,"BuildingBlockType":"Podium","BuildingCSUID":"3767021004P20071114","BuildingID":1108245810,"Status":"Active","BuildingNameEN":"PRINCE RITZ","BuildingNameTC":"太子匯","BaseHeight":6.4000000000000004,"TopHeight":34.5,"Storeys":5,"StoreysInBasement":null,"DateStamp":1599580800000}},{"type":"Feature","id":224229,"geometry":{"type":"Polygon","coordinates":[[[114.18964429299491,22.328053757477083],[114.1896435540035,22.328039606609192],[114.18962074365837,22.328040547591453],[114.1896204129321,22.328032835498156],[114.18961907025452,22.327998040760907],[114.18961467238026,22.327882720538998],[114.18970844891409,22.32789907653591],[114.18970880911601,22.327910617594824],[114.18971268354665,22.328032828191521],[114.18971330650567,22.328051765278243],[114.18964429299491,22.328053757477083]]]},"properties":{"OBJECTID":224229,"Shape__Length":55.267511045552872,"Shape__Area":167.80636499906774,"GeoRefNo":"3758520993","DateCreate":1142006400000,"BuildingBlockType":"Podium","BuildingCSUID":"3758520993P20060311","BuildingID":1108245817,"Status":"Active","BuildingNameEN":"PROSPERITY HOUSE","BuildingNameTC":"寧興樓","BaseHeight":7.0999999999999996,"TopHeight":13.800000000000001,"Storeys":null,"StoreysInBasement":null,"DateStamp":1413216000000}},{"type":"Feature","id":224307,"geometry":{"type":"Polygon","coordinates":[[[114.18638404008526,22.325617428582547],[114.18638771989968,22.325612044871214],[114.18666274753963,22.32577472077741],[114.18649740580888,22.326016624030068],[114.18622239826779,22.325853918046157],[114.18635155861352,22.325664950528498],[114.18638404008526,22.325617428582547]]]},"properties":{"OBJECTID":224307,"Shape__Length":130.63729005415232,"Shape__Area":1065.7909757573448,"GeoRefNo":"3725320754","DateCreate":1273161600000,"BuildingBlockType":"Podium","BuildingCSUID":"3725320754P20100507","BuildingID":1109609310,"Status":"Active","BuildingNameEN":null,"BuildingNameTC":null,"BaseHeight":9.4000000000000004,"TopHeight":35.100000000000001,"Storeys":6,"StoreysInBasement":null,"DateStamp":1599580800000}},{"type":"Feature","id":224416,"geometry":{"type":"Polygon","coordinates":[[[114.18848406878593,22.329711291308044],[114.18848093642579,22.32962930287038],[114.18853272248533,22.329627785704528],[114.18860021177169,22.329625808448412],[114.18862267859457,22.329625148034467],[114.18865842256407,22.329624097430965],[114.18865956075631,22.329653880210671],[114.18866148690586,22.32970400883611],[114.18850523423087,22.329710422578074],[114.18848406878593,22.329711291308044]]]},"properties":{"OBJECTID":224416,"Shape__Length":54.529070128471496,"Shape__Area":164.08961409319636,"GeoRefNo":"3747221180","DateCreate":1142006400000,"BuildingBlockType":"Podium","BuildingCSUID":"3747221180P20060311","BuildingID":1108245752,"Status":"Active","BuildingNameEN":null,"BuildingNameTC":"浩福閣","BaseHeight":8.9000000000000004,"TopHeight":15.5,"Storeys":null,"StoreysInBasement":null,"DateStamp":1413216000000}},{"type":"Feature","id":224420,"geometry":{"type":"Polygon","coordinates":[[[114.19104592495454,22.329267076674082],[114.19104158249073,22.3291444243931],[114.19104329007696,22.329144361480836],[114.19117366785281,22.329139563245345],[114.19117427538924,22.329139540886036],[114.19121598137406,22.329138006054613],[114.19122141352007,22.329259306355919],[114.19113899879798,22.329262955505616],[114.19113737294128,22.329263027532555],[114.19104790228758,22.329266989084605],[114.19104592495454,22.329267076674082]]]},"properties":{"OBJECTID":224420,"Shape__Length":63.113750744876718,"Shape__Area":243.83384088492841,"GeoRefNo":"3773021127","DateCreate":1153756800000,"BuildingBlockType":"Podium","BuildingCSUID":"3773021127P20060725","BuildingID":1108245768,"Status":"Active","BuildingNameEN":"CHEONG WONG BUILDING","BuildingNameTC":"昌旺樓","BaseHeight":6.2999999999999998,"TopHeight":11.1,"Storeys":null,"StoreysInBasement":null,"DateStamp":1413216000000}},{"type":"Feature","id":224421,"geometry":{"type":"Polygon","coordinates":[[[114.18867688655455,22.330106329201662],[114.18867909485652,22.330164097676214],[114.1885016664076,22.330170883485881],[114.1884994387314,22.330112708634129],[114.18867688655455,22.330106329201662]]]},"properties":{"OBJECTID":224421,"Shape__Length":49.436064301435927,"Shape__Area":117.5143299989091,"GeoRefNo":"3747421233","DateCreate":1142006400000,"BuildingBlockType":"Podium","BuildingCSUID":"3747421233P20060311","BuildingID":1108245732,"Status":"Active","BuildingNameEN":null,"BuildingNameTC":null,"BaseHeight":9,"TopHeight":13.9,"Storeys":null,"StoreysInBasement":null,"DateStamp":1413216000000}},{"type":"Feature","id":225793,"geometry":{"type":"Polygon","coordinates":[[[114.18882953566236,22.327285244791533],[114.1885851928463,22.327276475934198],[114.18858714040734,22.327235323414147],[114.18858881665498,22.327199778907286],[114.18859380665468,22.327094192936372],[114.1885942523663,22.32708480109476],[114.18859466899319,22.327075824662174],[114.18863145221171,22.327023327192865],[114.18866460551121,22.326974821498887],[114.18866964255913,22.326967452172916],[114.18883276826502,22.327062198115055],[114.18886915974167,22.327083326987392],[114.18883757878243,22.327129981336011],[114.18883278198308,22.327222566778136],[114.18883236529111,22.327230609538894],[114.18882953566236,22.327285244791533]]]},"properties":{"OBJECTID":225793,"Shape__Length":109.25370782372298,"Shape__Area":744.74133093403088,"GeoRefNo":"3748720901","DateCreate":1142006400000,"BuildingBlockType":"Podium","BuildingCSUID":"3748720901P20060311","BuildingID":1108245849,"Status":"Active","BuildingNameEN":"PADEK PALACE","BuildingNameTC":"栢德豪廷","BaseHeight":6.9000000000000004,"TopHeight":30.699999999999999,"Storeys":8,"StoreysInBasement":null,"DateStamp":1599580800000}},{"type":"Feature","id":225794,"geometry":{"type":"Polygon","coordinates":[[[114.18540047717364,22.327772012226802],[114.18539294254478,22.327574486634006],[114.18540441569637,22.327574946587447],[114.18539906898182,22.327441971499773],[114.18546549057376,22.327439385227741],[114.185467920958,22.327500350580731],[114.18550830005812,22.327499364090336],[114.18551131349264,22.327570651370063],[114.1855196345043,22.327767951150662],[114.1854742953156,22.327769497804713],[114.18540047717364,22.327772012226802]]]},"properties":{"OBJECTID":225794,"Shape__Length":97.620177978402637,"Shape__Area":401.21429199471874,"GeoRefNo":"3715120954","DateCreate":1142006400000,"BuildingBlockType":"Podium","BuildingCSUID":"3715120954P20060311","BuildingID":1108245829,"Status":"Active","BuildingNameEN":"BOUNDARY CREST","BuildingNameTC":"新利大廈","BaseHeight":10,"TopHeight":13.1,"Storeys":2,"StoreysInBasement":null,"DateStamp":1599580800000}},{"type":"Feature","id":226895,"geometry":{"type":"Polygon","coordinates":[[[114.18606033965155,22.328865282044411],[114.18600710127464,22.328867172188204],[114.18600249063905,22.328867334999671],[114.18599706464883,22.328867524948869],[114.1859893090742,22.328867796304767],[114.18598459166628,22.328867968152345],[114.18597046716103,22.328846972841774],[114.18596912751775,22.32884498618883],[114.18596299233889,22.328835865644837],[114.18596235164367,22.328834971653123],[114.18596177890365,22.328834213116334],[114.18596120616421,22.328833463610142],[114.18596061401212,22.328832723135609],[114.18596000244736,22.328831991692759],[114.18595939088323,22.328831269280482],[114.1859587502004,22.32883056493101],[114.1859581095176,22.328829860581553],[114.18595744942272,22.328829174294327],[114.1859567796218,22.328828497038252],[114.18595609040825,22.328827828813825],[114.18595540119529,22.328827169620006],[114.18595469257028,22.328826528488431],[114.18595396453259,22.328825896388533],[114.18595323649552,22.328825273319218],[114.1859524890464,22.328824668312155],[114.18595173189124,22.328824072336221],[114.18595096503003,22.328823485391425],[114.18595018846341,22.328822916508322],[114.18594940219076,22.328822356656357],[114.18594860621207,22.328821805835496],[114.18594779082133,22.328821273076922],[114.18594697543175,22.328820758379479],[114.18594615033616,22.328820252713193],[114.18594531553454,22.328819756078019],[114.18594446132087,22.328819277505101],[114.18594360710777,22.328818807962755],[114.18594274318924,22.328818356482131],[114.18594186956526,22.328817923063209],[114.18594099594188,22.328817498674862],[114.18594010290644,22.328817092348778],[114.18593920987158,22.328816695053273],[114.18593830713129,22.328816315819463],[114.18593739468557,22.328815954647368],[114.18593648224041,22.328815602505873],[114.18593555038319,22.328815268426609],[114.1859346282332,22.328814943377367],[114.18593368667173,22.32881464542098],[114.18593274511025,22.328814347464586],[114.18593180355052,22.328814076599919],[114.18593085228478,22.328813814766413],[114.18592989131359,22.328813570994594],[114.18592894005022,22.328813345283386],[114.18592796937476,22.328813137634445],[114.18592699869988,22.328812939016075],[114.18592602802619,22.328812758458835],[114.18592517383426,22.328812614017448],[114.18592505735307,22.32881258693223],[114.18592407697511,22.32881244249787],[114.18592309659772,22.328812307094115],[114.18592211622148,22.32881218975152],[114.18592112613986,22.32881209047062],[114.18592014576539,22.328812000219763],[114.18591915568608,22.328811937061179],[114.18591816560735,22.328811882933202],[114.18591717552978,22.328811846866355],[114.18591618545281,22.328811819830097],[114.1859151953776,22.328811819885598],[114.18591420530295,22.328811828971677],[114.18591321522949,22.328811856118897],[114.18582880665474,22.3288148409193],[114.18582843723271,22.328805945814597],[114.18582625953493,22.328752683550995],[114.1858081071627,22.328737043585804],[114.18575484710833,22.328739249989336],[114.18572443635118,22.328740308239091],[114.18568034900332,22.328741845851393],[114.18562418665191,22.32874380854464],[114.18548424668322,22.328748701621922],[114.18547498659213,22.328749027217061],[114.18545143839347,22.328749850254301],[114.18544242695548,22.328531455085837],[114.18567481215803,22.328523224741371],[114.18604577813008,22.328510100698512],[114.18606033965155,22.328865282044411]]]},"properties":{"OBJECTID":226895,"Shape__Length":198.72108407693398,"Shape__Area":1776.5982499629658,"GeoRefNo":"3718521068","DateCreate":1142006400000,"BuildingBlockType":"Podium","BuildingCSUID":"3718521068P20060311","BuildingID":1108245789,"Status":"Active","BuildingNameEN":"THE BLOOMSVILLE","BuildingNameTC":"陶源","BaseHeight":13.5,"TopHeight":28.199999999999999,"Storeys":4,"StoreysInBasement":null,"DateStamp":1599580800000}},{"type":"Feature","id":226901,"geometry":{"type":"Polygon","coordinates":[[[114.18848406878593,22.329711291308044],[114.18850523423087,22.329710422578074],[114.18866148690586,22.32970400883611],[114.18866326667123,22.329750580776814],[114.1886644150803,22.329780633118183],[114.1886061359962,22.329782477253517],[114.18856139081375,22.329783920153535],[114.18850832867194,22.329785631216783],[114.18848694528528,22.329786316100147],[114.18848406878593,22.329711291308044]]]},"properties":{"OBJECTID":226901,"Shape__Length":53.393275108661349,"Shape__Area":153.68632270882364,"GeoRefNo":"3747921191","DateCreate":1142006400000,"BuildingBlockType":"Podium","BuildingCSUID":"3747921191P20060311","BuildingID":1108245748,"Status":"Active","BuildingNameEN":"LUEN ON BUILDING","BuildingNameTC":"聯安樓","BaseHeight":9,"TopHeight":14.4,"Storeys":null,"StoreysInBasement":null,"DateStamp":1413216000000}},{"type":"Feature","id":227113,"geometry":{"type":"Polygon","coordinates":[[[114.18784347121721,22.328657223175014],[114.18776549824622,22.328660045996074],[114.18772281840448,22.328661584068936],[114.18765725044081,22.328663954474667],[114.18765219387635,22.328545618037335],[114.18764215856987,22.328310814482844],[114.18763862871211,22.328228157777893],[114.18763747962764,22.32819639864303],[114.18782427669247,22.328190256753047],[114.18784347121721,22.328657223175014]]]},"properties":{"OBJECTID":227113,"Shape__Length":142.01786402599166,"Shape__Area":996.16061759757815,"GeoRefNo":"3738721043","DateCreate":1142006400000,"BuildingBlockType":"Podium","BuildingCSUID":"3738721043P20060311","BuildingID":1108245801,"Status":"Active","BuildingNameEN":"GENIUS COURT","BuildingNameTC":"成龍居","BaseHeight":8.6999999999999993,"TopHeight":33.700000000000003,"Storeys":4,"StoreysInBasement":null,"DateStamp":1599580800000}},{"type":"Feature","id":227114,"geometry":{"type":"Polygon","coordinates":[[[114.18895945952939,22.328264821335598],[114.18884014464659,22.32826907107226],[114.18878126644452,22.328271168171455],[114.18877882969592,22.328211802462206],[114.1887784299218,22.328202011893076],[114.18877629286192,22.328143167767756],[114.18883286055696,22.32814109739137],[114.18883442437809,22.328141040111955],[114.18895400693842,22.328136580398361],[114.18895945952939,22.328264821335598]]]},"properties":{"OBJECTID":227114,"Shape__Length":65.089803393782901,"Shape__Area":260.56904227428203,"GeoRefNo":"3750921015","DateCreate":1263398400000,"BuildingBlockType":"Podium","BuildingCSUID":"3750921015P20100114","BuildingID":1108245812,"Status":"Active","BuildingNameEN":"NICE BUILDING","BuildingNameTC":"標緻大廈","BaseHeight":7.7000000000000002,"TopHeight":13.199999999999999,"Storeys":null,"StoreysInBasement":null,"DateStamp":1413216000000}},{"type":"Feature","id":227143,"geometry":{"type":"Polygon","coordinates":[[[114.18604187798186,22.326912761981298],[114.18593691082508,22.326894417761018],[114.18594300447917,22.326863316080001],[114.18589054033527,22.326854143945209],[114.18594606243883,22.326570914554452],[114.18605095171965,22.326589511630456],[114.18604143276441,22.326636552496204],[114.18607480399562,22.326642465630677],[114.18609577992238,22.326646185034729],[114.18604187798186,22.326912761981298]]]},"properties":{"OBJECTID":227143,"Shape__Length":103.92247300426078,"Shape__Area":537.55022999989558,"GeoRefNo":"3720720857","DateCreate":1142006400000,"BuildingBlockType":"Podium","BuildingCSUID":"3720720857P20060311","BuildingID":1108245872,"Status":"Active","BuildingNameEN":"HARBOURVIEW GARDEN","BuildingNameTC":"維景雅軒","BaseHeight":7.5,"TopHeight":25.699999999999999,"Storeys":5,"StoreysInBasement":null,"DateStamp":1599580800000}},{"type":"Feature","id":227322,"geometry":{"type":"Polygon","coordinates":[[[114.19102541432929,22.328580298965289],[114.19101463461017,22.328580761010549],[114.19101160841734,22.328522527553368],[114.19118950928315,22.328515461082645],[114.19119500642341,22.328641572702931],[114.19101730823799,22.328648361290817],[114.19101511395344,22.328590670499484],[114.19102582700017,22.328590319355609],[114.19102541432929,22.328580298965289]]]},"properties":{"OBJECTID":227322,"Shape__Length":66.818208741538939,"Shape__Area":254.4255698987611,"GeoRefNo":"3773921060","DateCreate":1121097600000,"BuildingBlockType":"Podium","BuildingCSUID":"3773921060P20050712","BuildingID":1108245802,"Status":"Active","BuildingNameEN":null,"BuildingNameTC":null,"BaseHeight":6.2000000000000002,"TopHeight":15.300000000000001,"Storeys":2,"StoreysInBasement":null,"DateStamp":1599580800000}},{"type":"Feature","id":227344,"geometry":{"type":"Polygon","coordinates":[[[114.18796234160592,22.327964189940037],[114.18796151494988,22.327944042761921],[114.18791649603364,22.327945409465357],[114.18784325050694,22.327947626951406],[114.18783660819528,22.327785329729128],[114.18790985363665,22.327783103215488],[114.18795496956707,22.327781745537816],[114.18802190576412,22.327779718079292],[114.18802939648975,22.327961983122879],[114.18796234160592,22.327964189940037]]]},"properties":{"OBJECTID":227344,"Shape__Length":78.618445249444875,"Shape__Area":358.90313512812986,"GeoRefNo":"3740720981","DateCreate":1142006400000,"BuildingBlockType":"Podium","BuildingCSUID":"3740720981P20060311","BuildingID":1108245821,"Status":"Active","BuildingNameEN":"1 LION ROCK ROAD","BuildingNameTC":"獅子石道1號","BaseHeight":8.0999999999999996,"TopHeight":17.300000000000001,"Storeys":2,"StoreysInBasement":null,"DateStamp":1599580800000}},{"type":"Feature","id":227346,"geometry":{"type":"Polygon","coordinates":[[[114.18763747962764,22.32819639864303],[114.18763612488162,22.328169944177475],[114.18763173159707,22.328037665277929],[114.18770090998741,22.328034951116891],[114.18770082043687,22.328032975592162],[114.18770037832367,22.328023221777464],[114.18782178942236,22.328018541165925],[114.18782199837005,22.328032967420693],[114.18782427669247,22.328190256753047],[114.18763747962764,22.32819639864303]]]},"properties":{"OBJECTID":227346,"Shape__Length":76.812814683119228,"Shape__Area":359.65647572023352,"GeoRefNo":"3739021005","DateCreate":1149523200000,"BuildingBlockType":"Podium","BuildingCSUID":"3739021005P20060606","BuildingID":1108245815,"Status":"Active","BuildingNameEN":"OXFORD HEIGHTS","BuildingNameTC":"博林軒","BaseHeight":8.5,"TopHeight":27.199999999999999,"Storeys":3,"StoreysInBasement":null,"DateStamp":1599580800000}},{"type":"Feature","id":227621,"geometry":{"type":"Polygon","coordinates":[[[114.19250758193799,22.331040253781826],[114.19249477253061,22.331072774143699],[114.19249293850548,22.331077750171243],[114.19248158115296,22.331073949393609],[114.19244888743505,22.331062312127958],[114.19244614041419,22.331061409334509],[114.19245386488119,22.331042317941137],[114.19245770761034,22.33103283546027],[114.19242772231709,22.331022335782386],[114.19242946896011,22.331018028026971],[114.19240815216206,22.331010615969792],[114.19236090736146,22.330993950050299],[114.19233295814233,22.330962065742877],[114.19222848106305,22.330845996607071],[114.19222847131564,22.330845626354158],[114.19211291118889,22.330746020945103],[114.19204338501936,22.330686100545229],[114.19204041507716,22.330689080915942],[114.19184678899646,22.330585573463665],[114.19183586303753,22.330578756657136],[114.19183295357185,22.330577251438143],[114.19183020588574,22.330576355768404],[114.1918275319521,22.330575284266377],[114.19182494477849,22.330574041987973],[114.19182245688735,22.330572635072844],[114.19182008041274,22.330571070292798],[114.19181782690659,22.330569355322758],[114.19181570724126,22.330567498469872],[114.191813731804,22.330565508763772],[114.19181191020547,22.330563395866299],[114.19181025118286,22.330561169981195],[114.19180876289096,22.330558842034723],[114.19180745251393,22.330556423224134],[114.19180632645954,22.330553925469211],[114.1918053901648,22.330551360689842],[114.19180464819323,22.330548741528414],[114.19180410413765,22.3305460806274],[114.19180376062025,22.33054339090031],[114.19180364744197,22.330540683993824],[114.19180366705169,22.330537975088355],[114.19180381935288,22.330535269873149],[114.191804104055,22.330532573947227],[114.19180452057617,22.330529892819278],[114.19180506794636,22.330527232178657],[114.19180574519547,22.330524597534094],[114.19180655077098,22.330521994304117],[114.1918074831204,22.330519427997501],[114.19180854020586,22.330516903852164],[114.19180971989246,22.330514427196338],[114.19181098325501,22.330511987377573],[114.19181248473657,22.330509667282271],[114.19181421133224,22.330507486869273],[114.19181614819273,22.330505465104139],[114.19181827843016,22.330503619507745],[114.19182058379756,22.330501965885286],[114.19182304420357,22.330500518597272],[114.19182563848884,22.330499290107834],[114.19182834413483,22.330498291165451],[114.19183113794341,22.330497530351298],[114.19183399555139,22.330497014169641],[114.19183689230415,22.330496747138074],[114.19184140245895,22.330496904575032],[114.19184161368666,22.330493361316329],[114.19200914699476,22.330486130549989],[114.19201030885554,22.330514509225662],[114.19203108702106,22.330513800454728],[114.19206656336493,22.330512590186537],[114.19206671991276,22.330515070240551],[114.19206679786076,22.330517778414439],[114.19206693239886,22.330520484596299],[114.19206712342988,22.330523187973345],[114.19206737095368,22.330525887281322],[114.19206767487309,22.330528581617198],[114.19206803509094,22.330531269897246],[114.19206845151005,22.330533951218499],[114.19206892383916,22.33053662449727],[114.19206945198101,22.330539288649891],[114.19207003574144,22.330541942773337],[114.1920706748291,22.330544585874275],[114.19207136904971,22.330547216869025],[114.19207211820911,22.33054983485459],[114.19207292191889,22.330552438747318],[114.19207377998481,22.330555027553842],[114.19207469201852,22.330557600461454],[114.19207565753453,22.330560156296244],[114.1920766764357,22.330562694155148],[114.19207774813954,22.330565213135159],[114.1920788723547,22.330567712242942],[114.19208004859581,22.330570190575486],[114.19208127647441,22.330572647049145],[114.19208255540811,22.330575080941543],[114.19208388500844,22.330577491169034],[114.19208526469295,22.330579876918918],[114.19208669407327,22.330582237197881],[114.19208817256688,22.330584571193217],[114.19208969949422,22.330586878001913],[114.19209127436989,22.33058915672099],[114.19209289661136,22.3305914065377],[114.19209456563611,22.330593626549085],[114.19209628066757,22.330595815942445],[114.19209804122029,22.330597973814779],[114.19209984651764,22.330600099533985],[114.19210169597713,22.330602192106792],[114.19210358872505,22.330604250901114],[114.19210552427599,22.330606274923642],[114.19210750175628,22.330608263632605],[114.19210952038928,22.33061021612507],[114.19211157949545,22.330612131768884],[114.19211367820108,22.330614009751415],[114.19211581592371,22.330615849440555],[114.19211799159551,22.330617650114018],[114.19212020453693,22.330619411049348],[114.19212245377724,22.330621131524229],[114.19212473873395,22.330622811087167],[114.19212705824222,22.330624448925516],[114.19212941162243,22.330626044497524],[114.19213179790388,22.330627597171119],[114.19213421611585,22.330629106314259],[114.19213666557879,22.330630571475488],[114.19213914512783,22.330631992022735],[114.19214165388927,22.330633367414297],[114.19214419098948,22.330634697198711],[114.19214675536067,22.33063598074391],[114.1921493460321,22.3306372176888],[114.19215196213008,22.330638407491591],[114.19215460268391,22.330639549700873],[114.19215726652875,22.330640643955508],[114.19215995279092,22.330641689804093],[114.19216266040263,22.330642686795144],[114.1921653882961,22.330643634657857],[114.19216813559771,22.330644532940784],[114.19217090104549,22.330645381373177],[114.19217368376582,22.330646179593824],[114.19217648269093,22.330646927241631],[114.19217929665595,22.330647624136088],[114.19218212469023,22.330648270006378],[114.19218496562888,22.330648864491398],[114.19218781850122,22.330649407591238],[114.19219068223947,22.330649898854443],[114.1921935556788,22.330650338190843],[114.19219643775143,22.330650725510189],[114.19219932738963,22.330651060541729],[114.19220222342855,22.330651343285542],[114.19220512489754,22.330651573561099],[114.19220803063173,22.330651751187911],[114.19221093946634,22.330651876346696],[114.19221385043065,22.33065194876664],[114.19221660467602,22.330651546734611],[114.1922162957047,22.330549713407628],[114.19255523111559,22.330539568885968],[114.19255591022862,22.330587459982567],[114.19256079998073,22.330587286391815],[114.19259274493707,22.330586151756513],[114.19259280698894,22.330586381398188],[114.192596700503,22.330596261198508],[114.19260268192865,22.330605192403858],[114.19261049865426,22.330612798192433],[114.1926169698925,22.330617493464821],[114.19262979952396,22.330624681460943],[114.19264367076366,22.330629934552267],[114.19265824900531,22.330633125981866],[114.19267318256419,22.330634178662702],[114.19268450605783,22.330857430512207],[114.19266670874478,22.330901582765168],[114.19265878616665,22.330921244198638],[114.19265876113022,22.33092130633149],[114.19264486444419,22.330955793672498],[114.19265604765744,22.330959641414783],[114.19263229209969,22.331018333481122],[114.19262904019877,22.33101715982254],[114.19260799499799,22.331009856132141],[114.1926064615734,22.331011174746298],[114.19260489883534,22.331012502393868],[114.19260330707097,22.331013802952487],[114.19260169588996,22.331015076421231],[114.1926000555856,22.331016322801073],[114.1925983958656,22.331017551121604],[114.19259670711826,22.331018743322641],[114.19259500856403,22.331019908432836],[114.1925932808864,22.331021046454126],[114.1925915240864,22.331022166417057],[114.19258975757451,22.331023241228014],[114.19258797154997,22.331024297979685],[114.1925861564991,22.331025327642411],[114.19258433173736,22.331026321183735],[114.19258248765611,22.331027287635163],[114.19258062396308,22.331028217966146],[114.19257874104757,22.331029121207266],[114.19257684832516,22.331029997357529],[114.19257492647834,22.331030837388294],[114.19257300462849,22.331031650327297],[114.19257105355815,22.33103243617736],[114.19256910258083,22.331033185905067],[114.19256712247909,22.331033899513251],[114.19256514237432,22.331034586029674],[114.19256314285192,22.331035236425631],[114.19256113371677,22.331035859730751],[114.19255911467663,22.331036446914489],[114.19255707631595,22.331036997977751],[114.1925550379522,22.331037521949224],[114.19255298026793,22.331038009800238],[114.19255092238545,22.331038461528912],[114.19254885488921,22.331038877136173],[114.19254677768313,22.331039265652599],[114.19254469076625,22.331039618047601],[114.19254260394338,22.331039943350849],[114.19254050731161,22.331040223502107],[114.19253841067678,22.331040476561594],[114.19253630423407,22.331040693499677],[114.19253419788537,22.331040883345967],[114.1925320819219,22.331041028040278],[114.19252997556514,22.331041145641862],[114.19252785940046,22.331041227122057],[114.19252573371912,22.331041272480821],[114.19252361754636,22.331041281716292],[114.19252150146663,22.331041254829412],[114.19251938548094,22.331041200850766],[114.19251726929706,22.33104111074978],[114.1925151533033,22.331040984526421],[114.19251304691522,22.331040822179769],[114.19251094042704,22.331040632741381],[114.19250758193799,22.331040253781826]]]},"properties":{"OBJECTID":227621,"Shape__Length":284.49138658689321,"Shape__Area":2889.9958847423763,"GeoRefNo":"3786521304","DateCreate":1210089600000,"BuildingBlockType":"Podium","BuildingCSUID":"3786521304P20080507","BuildingID":1109609305,"Status":"Active","BuildingNameEN":"BILLIONNAIRE ROYALE","BuildingNameTC":"御‧豪門","BaseHeight":6.2999999999999998,"TopHeight":25,"Storeys":6,"StoreysInBasement":null,"DateStamp":1599580800000}},{"type":"Feature","id":227759,"geometry":{"type":"Polygon","coordinates":[[[114.19028924238069,22.328574018588665],[114.19014118377125,22.328579095436815],[114.19012526878653,22.328579725632782],[114.19011894325196,22.32857426219655],[114.1901181785308,22.328555444960095],[114.19012938165932,22.328555050307866],[114.19012758184392,22.328510828768337],[114.19011637871893,22.328511223420453],[114.1901156000883,22.328492092281866],[114.19028572010973,22.328485588691368],[114.19028924238069,22.328574018588665]]]},"properties":{"OBJECTID":227759,"Shape__Length":56.549642419236172,"Shape__Area":165.35040918236913,"GeoRefNo":"3764121055","DateCreate":1301328000000,"BuildingBlockType":"Podium","BuildingCSUID":"3764121055P20110329","BuildingID":1810063012,"Status":"Active","BuildingNameEN":"URBANA LOFTS","BuildingNameTC":"御崗軒","BaseHeight":6.9000000000000004,"TopHeight":21.100000000000001,"Storeys":3,"StoreysInBasement":null,"DateStamp":1599580800000}},{"type":"Feature","id":227801,"geometry":{"type":"Polygon","coordinates":[[[114.18861030908276,22.328437821427681],[114.18854692219071,22.328439920394839],[114.18849254308844,22.328441721131622],[114.18843315743419,22.328443687468308],[114.1884325109768,22.328443708917071],[114.18843102390396,22.328405868707701],[114.18842401362232,22.328227474979723],[114.18842340018452,22.328214770797192],[114.18845643249929,22.328213051175442],[114.18860098949536,22.328207629887725],[114.18861030908276,22.328437821427681]]]},"properties":{"OBJECTID":227801,"Shape__Length":87.51916023550082,"Shape__Area":466.30695883349904,"GeoRefNo":"3746721032","DateCreate":1361721600000,"BuildingBlockType":"Podium","BuildingCSUID":"3746721032P20130225","BuildingID":1810095977,"Status":"Active","BuildingNameEN":"THE OPULENCE","BuildingNameTC":"匯賢閣","BaseHeight":8.5999999999999996,"TopHeight":25.100000000000001,"Storeys":5,"StoreysInBasement":null,"DateStamp":1599580800000}},{"type":"Feature","id":228274,"geometry":{"type":"Polygon","coordinates":[[[114.18610087477718,22.329421653715848],[114.18604775037804,22.329424122094661],[114.18604066453661,22.329424456629003],[114.18595586739941,22.329428516156906],[114.18595565340702,22.329421661956253],[114.18595009150147,22.329421842880929],[114.18593839499836,22.329422222823062],[114.18589049272266,22.329423796829076],[114.18580676323005,22.329426537754134],[114.18579898531843,22.329229716619494],[114.18579779891799,22.329195463681824],[114.18588900392365,22.329192414942685],[114.18588885725642,22.329187907696323],[114.18596477199117,22.329185358166214],[114.18596245804409,22.329127508378129],[114.18597600848345,22.329127010932069],[114.18597556121333,22.329115280229182],[114.18608887626506,22.329111137789258],[114.18609180288064,22.329185621875549],[114.18609300868918,22.329218709864701],[114.18609482899807,22.329263129755979],[114.18610046330549,22.329409806155919],[114.18610087477718,22.329421653715848]]]},"properties":{"OBJECTID":228274,"Shape__Length":129.59569807661157,"Shape__Area":895.85830876443299,"GeoRefNo":"3720321139","DateCreate":1142006400000,"BuildingBlockType":"Podium","BuildingCSUID":"3720321139P20060311","BuildingID":1108245763,"Status":"Active","BuildingNameEN":"WELLGAN VILLA","BuildingNameTC":"合勤名廈","BaseHeight":14.5,"TopHeight":24.300000000000001,"Storeys":4,"StoreysInBasement":1,"DateStamp":1599580800000}},{"type":"Feature","id":228275,"geometry":{"type":"Polygon","coordinates":[[[114.19321649367167,22.330252630690346],[114.19321681998676,22.330260728651357],[114.19321804639397,22.330291159151066],[114.193220236269,22.330345494949036],[114.19322097271773,22.330363768257445],[114.1932212784924,22.330371354818535],[114.19320108076599,22.330388268611422],[114.19319781535322,22.330391003130522],[114.1928806761598,22.330402253717544],[114.19285770945088,22.33040306838128],[114.19283435171172,22.330383085830519],[114.19283414776373,22.330377896246048],[114.19283313162524,22.330352032398014],[114.19282975816269,22.330266181966508],[114.19282858159306,22.330236231705133],[114.19288065694971,22.330234343409568],[114.19320106144853,22.330222724496554],[114.19321526765448,22.330222209311302],[114.19321649367167,22.330252630690346]]]},"properties":{"OBJECTID":228275,"Shape__Length":114.25202564234408,"Shape__Area":736.11303732277361,"GeoRefNo":"3793121245","DateCreate":1121097600000,"BuildingBlockType":"Podium","BuildingCSUID":"3793121245P20050712","BuildingID":1108245725,"Status":"Active","BuildingNameEN":"PO SING COURT","BuildingNameTC":"寶城大樓","BaseHeight":5.9000000000000004,"TopHeight":15.6,"Storeys":null,"StoreysInBasement":null,"DateStamp":1413216000000}},{"type":"Feature","id":228277,"geometry":{"type":"Polygon","coordinates":[[[114.18828318844258,22.329861403124099],[114.18827956012719,22.329763246182893],[114.18827939970969,22.329758905102729],[114.18829084657905,22.32975853187256],[114.18833401481106,22.329757124468721],[114.18834733399765,22.329756690235548],[114.18837255646021,22.329755867922721],[114.18840262953411,22.329754887405137],[114.18844007530022,22.329753666501816],[114.18845480301941,22.329753186373864],[114.18845590941986,22.329782863679611],[114.18845860990272,22.329855297971221],[114.18844314466317,22.329855836219007],[114.18840570130328,22.329857139391475],[114.18837563025134,22.32985818592303],[114.1883504094251,22.329859063684005],[114.18833779920597,22.329859502562993],[114.18829463444467,22.329861004788697],[114.18828318844258,22.329861403124099]]]},"properties":{"OBJECTID":228277,"Shape__Length":58.837232394708224,"Shape__Area":204.98053793077503,"GeoRefNo":"3745121200","DateCreate":1150646400000,"BuildingBlockType":"Podium","BuildingCSUID":"3745121200P20060619","BuildingID":1108245745,"Status":"Active","BuildingNameEN":"KAM FU BUILDING","BuildingNameTC":"金富樓","BaseHeight":9.1999999999999993,"TopHeight":15,"Storeys":null,"StoreysInBasement":null,"DateStamp":1413216000000}}]}