{"type":"FeatureCollection","features":[{"type":"Feature","id":219063,"geometry":{"type":"Polygon","coordinates":[[[114.12837474166143,22.365076948348857],[114.12838692958083,22.365072593857558],[114.12847709821554,22.365040378172367],[114.12848476192738,22.365059200109435],[114.12850083331993,22.365107391876649],[114.12848539567401,22.365112824104127],[114.12841326572371,22.365138205006634],[114.12840183689906,22.365142725798634],[114.12837474166143,22.365076948348857]]]},"properties":{"OBJECTID":219063,"Shape__Length":37.831702930640702,"Shape__Area":86.791438623498166,"GeoRefNo":"3127825104","DateCreate":1192550400000,"BuildingBlockType":"Open-sided Structure","BuildingCSUID":"3127825104T20071017","BuildingID":1100008770,"Status":"Active","BuildingNameEN":"DAUGHTER OF MARY HELP OF CHRISTIANS SIU MING CATHOLIC SECONDARY SCHOOL","BuildingNameTC":"天主教母佑會蕭明中學","BaseHeight":73.400000000000006,"TopHeight":78.200000000000003,"Storeys":null,"StoreysInBasement":null,"DateStamp":1273075200000}},{"type":"Feature","id":219066,"geometry":{"type":"Polygon","coordinates":[[[114.13148887494252,22.36508273611026],[114.13148867600269,22.36509742874561],[114.13150626227286,22.365118050396934],[114.13151809763941,22.365118252382299],[114.13151802221105,22.365132019241074],[114.13151789375326,22.365155442081758],[114.1315177650816,22.365178925697833],[114.13149446381327,22.365178390977118],[114.13149502590139,22.365154917325729],[114.13147116966718,22.365154369803466],[114.13147197506862,22.365130900284026],[114.13147334452725,22.365082383631993],[114.13148887494252,22.36508273611026]]]},"properties":{"OBJECTID":219066,"Shape__Length":29.512923123326942,"Shape__Area":34.097532534824708,"GeoRefNo":"3159425109","DateCreate":1196697600000,"BuildingBlockType":"Open-sided Structure","BuildingCSUID":"3159425109T20071204","BuildingID":1100008764,"Status":"Active","BuildingNameEN":null,"BuildingNameTC":null,"BaseHeight":null,"TopHeight":null,"Storeys":null,"StoreysInBasement":null,"DateStamp":1273075200000}},{"type":"Feature","id":219143,"geometry":{"type":"Polygon","coordinates":[[[114.13328758641664,22.366823277970859],[114.13325910937789,22.366831707631288],[114.13324991000916,22.366805968116349],[114.13327794989866,22.366797648422146],[114.13328758641664,22.366823277970859]]]},"properties":{"OBJECTID":219143,"Shape__Length":12.119554868937461,"Shape__Area":9.1774620143621117,"GeoRefNo":"3177625295","DateCreate":1199289600000,"BuildingBlockType":"Tower","BuildingCSUID":"3177625295T20080103","BuildingID":1100008353,"Status":"Active","BuildingNameEN":null,"BuildingNameTC":null,"BaseHeight":8.3000000000000007,"TopHeight":19.199999999999999,"Storeys":null,"StoreysInBasement":null,"DateStamp":1273075200000}},{"type":"Feature","id":219175,"geometry":{"type":"Polygon","coordinates":[[[114.1297688895659,22.366403543962804],[114.12990771658647,22.366408131414186],[114.12990188727207,22.366506327814644],[114.12959158271045,22.366499311128546],[114.12952815593812,22.36651736271568],[114.12930667399898,22.366702920581933],[114.12923421069992,22.366626726689095],[114.12951014783461,22.366394993637563],[114.12960113706994,22.366398000470802],[114.1297688895659,22.366403543962804]]]},"properties":{"OBJECTID":219175,"Shape__Length":170.92141336243728,"Shape__Area":839.77747986479767,"GeoRefNo":"3139325255","DateCreate":1114790400000,"BuildingBlockType":"Tower","BuildingCSUID":"3139325255T20050430","BuildingID":1100008385,"Status":"Active","BuildingNameEN":"SALESIANS OF DON BOSCO NG SIU MUI SECONDARY SCHOOL","BuildingNameTC":"天主教慈幼會伍少梅中學","BaseHeight":49,"TopHeight":76,"Storeys":7,"StoreysInBasement":null,"DateStamp":1599580800000}},{"type":"Feature","id":219177,"geometry":{"type":"Polygon","coordinates":[[[114.13246374938019,22.36570403674671],[114.13243734826611,22.365711477717841],[114.13243452050266,22.36570279805062],[114.1324259143187,22.365676382080153],[114.13242302176234,22.365667503903651],[114.13243414657136,22.365664309511615],[114.1324397122771,22.365662711368021],[114.13246970439782,22.365654099306688],[114.13248465227908,22.365698145350784],[114.13246374938019,22.36570403674671]]]},"properties":{"OBJECTID":219177,"Shape__Length":20.325660139266503,"Shape__Area":25.819709089683155,"GeoRefNo":"3169225170","DateCreate":1196697600000,"BuildingBlockType":"Open-sided Structure","BuildingCSUID":"3169225170T20071204","BuildingID":1100008659,"Status":"Active","BuildingNameEN":null,"BuildingNameTC":null,"BaseHeight":null,"TopHeight":null,"Storeys":null,"StoreysInBasement":null,"DateStamp":1273075200000}},{"type":"Feature","id":219189,"geometry":{"type":"Polygon","coordinates":[[[114.1305810428386,22.365668778850321],[114.1306264430216,22.365654045664964],[114.1306456339921,22.365705204369071],[114.13058102388322,22.365726171543677],[114.13053562745907,22.365740903452931],[114.13051643662101,22.365689744736102],[114.1305810428386,22.365668778850321]]]},"properties":{"OBJECTID":219189,"Shape__Length":35.999984751528785,"Shape__Area":71.999953307939705,"GeoRefNo":"3149625171","DateCreate":1114790400000,"BuildingBlockType":"Tower","BuildingCSUID":"3149625171T20050430","BuildingID":1100008651,"Status":"Active","BuildingNameEN":"Yan Lap Primary School Substation","BuildingNameTC":"仁立小學變電站","BaseHeight":31,"TopHeight":34.5,"Storeys":null,"StoreysInBasement":null,"DateStamp":1273075200000}},{"type":"Feature","id":219191,"geometry":{"type":"Polygon","coordinates":[[[114.13410941456,22.365983757769484],[114.1340996274057,22.365956067548066],[114.1340502645662,22.365816407850872],[114.13424314168311,22.36575776127864],[114.13430210853686,22.365924592185273],[114.13419951195554,22.365956093885416],[114.13410941456,22.365983757769484]]]},"properties":{"OBJECTID":219191,"Shape__Length":80.754060297361562,"Shape__Area":407.06943922067808,"GeoRefNo":"3186925182","DateCreate":1114790400000,"BuildingBlockType":"Tower","BuildingCSUID":"3186925182T20050430","BuildingID":1100008593,"Status":"Active","BuildingNameEN":"So Tao Centre","BuildingNameTC":"蘇濤工商中心","BaseHeight":7.5999999999999996,"TopHeight":78.200000000000003,"Storeys":22,"StoreysInBasement":null,"DateStamp":1599580800000}},{"type":"Feature","id":219196,"geometry":{"type":"Polygon","coordinates":[[[114.13419245088906,22.365350429705487],[114.13423346525252,22.365486693493139],[114.13427807145654,22.365472945028287],[114.13430821915756,22.365576886172892],[114.13409913698027,22.365640805543951],[114.13411704113759,22.365690575685161],[114.1339681388381,22.365736290283579],[114.13395017205998,22.365686346091152],[114.13374213329409,22.365749945956285],[114.13372451917488,22.365700187410493],[114.13376119242024,22.365688976002751],[114.13369501919588,22.365502301972874],[114.13419245088906,22.365350429705487]]]},"properties":{"OBJECTID":219196,"Shape__Length":190.91306116751861,"Shape__Area":1642.6468712900812,"GeoRefNo":"3185225171","DateCreate":1114790400000,"BuildingBlockType":"Tower","BuildingCSUID":"3185225171T20050430","BuildingID":1100008648,"Status":"Active","BuildingNameEN":"Tai Tak Industrial Building","BuildingNameTC":"大德工業大廈","BaseHeight":7,"TopHeight":50.100000000000001,"Storeys":10,"StoreysInBasement":null,"DateStamp":1599580800000}},{"type":"Feature","id":219199,"geometry":{"type":"Polygon","coordinates":[[[114.13052000365838,22.366623664994044],[114.13058072640719,22.366626837807036],[114.13066837891365,22.36663141756171],[114.13065931407324,22.366776896608833],[114.13063496723521,22.366775508712006],[114.13063386151966,22.366793541029359],[114.13063496080444,22.366794706914849],[114.1306546238924,22.366815563589729],[114.13066377175811,22.36682526662409],[114.13068357666538,22.366826510087698],[114.13068495647256,22.366804041234438],[114.13081698999457,22.366811217824694],[114.13080850852131,22.366949047995526],[114.13067769328256,22.36694217228203],[114.13064756983565,22.366967744950355],[114.13063869557402,22.367111956156918],[114.13058056718218,22.367108902948793],[114.13049103771574,22.367104200425867],[114.13049981985891,22.366959792696576],[114.13052295288794,22.366960850832395],[114.13052405861912,22.366942818516225],[114.13049414838731,22.366911092896128],[114.13047434346979,22.366909849499649],[114.13047301577448,22.366931414228098],[114.13034225348376,22.366924541058175],[114.13035009838762,22.366786719940364],[114.13048110314824,22.366793115006242],[114.13047971814238,22.366815644812402],[114.1305000489595,22.366816707115824],[114.13050077522533,22.366803166300606],[114.13051927642282,22.366787810647342],[114.13053437491469,22.366788603242302],[114.1305355196874,22.366769649912076],[114.13051125843198,22.366768723120487],[114.13052000365838,22.366623664994044]]]},"properties":{"OBJECTID":219199,"Shape__Length":225.69146689527787,"Shape__Area":1280.5814600089002,"GeoRefNo":"3150325301","DateCreate":1114790400000,"BuildingBlockType":"Tower","BuildingCSUID":"3150325301T20050430","BuildingID":1100008268,"Status":"Active","BuildingNameEN":"Ha Kwai House","BuildingNameTC":"夏葵樓","BaseHeight":31.800000000000001,"TopHeight":140.69999999999999,"Storeys":38,"StoreysInBasement":null,"DateStamp":1786636800000}},{"type":"Feature","id":219214,"geometry":{"type":"Polygon","coordinates":[[[114.13261782314437,22.366884646041097],[114.13250170329732,22.366919539622355],[114.13251017212627,22.366942768489253],[114.13254353619206,22.366933114944072],[114.13256939664811,22.367010387313908],[114.13220685745092,22.367117525426892],[114.1321783392559,22.367032666614158],[114.13237214753526,22.366976418884249],[114.13236452462225,22.366953418986242],[114.13237658665918,22.366949960712986],[114.13234792552579,22.366866470106075],[114.13276531665723,22.366742929093441],[114.13279480491862,22.3668314634998],[114.13261782314437,22.366884646041097]]]},"properties":{"OBJECTID":219214,"Shape__Length":185.98268150771244,"Shape__Area":876.1168833231369,"GeoRefNo":"3171825292","DateCreate":1114790400000,"BuildingBlockType":"Tower","BuildingCSUID":"3171825292T20050430","BuildingID":1100008266,"Status":"Active","BuildingNameEN":"Hing Kok House","BuildingNameTC":"興國樓","BaseHeight":8.9000000000000004,"TopHeight":84.599999999999994,"Storeys":27,"StoreysInBasement":null,"DateStamp":1786636800000}},{"type":"Feature","id":219225,"geometry":{"type":"Polygon","coordinates":[[[114.1319011437665,22.365744073431703],[114.13190059193811,22.365744247748587],[114.13189902100375,22.365739676955837],[114.13187985774658,22.365683920327037],[114.13187653565262,22.365674254377765],[114.13187690597415,22.365672699240857],[114.13189034127959,22.365616282138355],[114.13189702654635,22.365581725016916],[114.13191704555564,22.365585133009692],[114.13196434155878,22.365593184481263],[114.13196938600076,22.365571221887805],[114.13197099404201,22.36556422104529],[114.13197277495323,22.365556467193837],[114.13197420798514,22.365550228299828],[114.13198399194631,22.365551926765782],[114.13198314269881,22.365555827543638],[114.13198256395908,22.365558482723586],[114.13198198483099,22.365561137903413],[114.13198140531453,22.365563792992827],[114.13198082540973,22.365566447991831],[114.13198024531073,22.365569102990783],[114.13197966501752,22.365571757899371],[114.1319790845301,22.365574412807899],[114.13197850394562,22.36557706771638],[114.13197792345815,22.365579722624911],[114.13197734297069,22.365582377533414],[114.13197676248316,22.365585032532252],[114.13197618228693,22.365587687440829],[114.13197560228483,22.365590342439791],[114.13197502257398,22.365592997438824],[114.13197444315436,22.365595652528235],[114.13197386422014,22.365598307708073],[114.13197328567423,22.365600962978323],[114.13197270771083,22.365603618248745],[114.13197213023287,22.36560627360959],[114.13197155353157,22.365608929151275],[114.13197097750987,22.365611584693127],[114.13197040216774,22.365614240415795],[114.13196982779648,22.365616896229014],[114.13196925420186,22.365619552223077],[114.1319686815781,22.365622208307709],[114.1319681100223,22.365624864573235],[114.1319675394373,22.365627521019629],[114.13196698584248,22.365630180089596],[114.13196665321765,22.365632872543507],[114.13196604651674,22.365635521936081],[114.13196521904599,22.365638119341828],[114.13196417595641,22.365640648687855],[114.13196292375808,22.365643094443399],[114.13196147012606,22.36564544152958],[114.13195980895127,22.365647666013793],[114.13195817194301,22.365649919312105],[114.1319566600563,22.365652264937214],[114.13195462946715,22.365654125026929],[114.1319521542343,22.365655568775729],[114.13194961804615,22.365656955344253],[114.13194652807121,22.365658266173547],[114.13194370240306,22.365658898611542],[114.13194086984636,22.365659515605337],[114.13193803166232,22.365660120045092],[114.13193518901517,22.365660714730566],[114.1319323431662,22.365661302461579],[114.13192949547378,22.365661886038009],[114.13192664710216,22.365662468169269],[114.13192379940969,22.365663051835895],[114.1319209536577,22.365663639566737],[114.13191811101035,22.365664234432518],[114.13192041407746,22.365671338043473],[114.13193888197956,22.365728301225893],[114.13194001518191,22.365731796540089],[114.1319011437665,22.365744073431703]]]},"properties":{"OBJECTID":219225,"Shape__Length":59.432722231292161,"Shape__Area":108.48789695808956,"GeoRefNo":"3163625167","DateCreate":1196697600000,"BuildingBlockType":"Open-sided Structure","BuildingCSUID":"3163625167T20071204","BuildingID":1100008650,"Status":"Active","BuildingNameEN":null,"BuildingNameTC":null,"BaseHeight":null,"TopHeight":null,"Storeys":null,"StoreysInBasement":null,"DateStamp":1273075200000}},{"type":"Feature","id":219250,"geometry":{"type":"Polygon","coordinates":[[[114.12917672126069,22.365602718763707],[114.1291808502306,22.365595152386067],[114.1291835808255,22.36558833513158],[114.12918563201838,22.36558081329488],[114.12918680960765,22.365572641002096],[114.12921914993447,22.365603832974855],[114.12917672126069,22.365602718763707]]]},"properties":{"OBJECTID":219250,"Shape__Length":12.687753751698441,"Shape__Area":6.9046975012298297,"GeoRefNo":"3135725160","DateCreate":1114790400000,"BuildingBlockType":"Tower","BuildingCSUID":"3135725160T20050430","BuildingID":1100008684,"Status":"Active","BuildingNameEN":"THE SPASTICS ASSOCIATION OF HONG KONG B.M. KOTEWALL MEMORIAL SCHOOL","BuildingNameTC":"香港痙攣協會羅怡基紀念學校","BaseHeight":61,"TopHeight":63.399999999999999,"Storeys":null,"StoreysInBasement":null,"DateStamp":1273075200000}},{"type":"Feature","id":219270,"geometry":{"type":"Polygon","coordinates":[[[114.12961788908508,22.363866581901092],[114.1296240692502,22.363879921814991],[114.12959910392402,22.363889911343634],[114.12959293346989,22.363876571431643],[114.12961788908508,22.363866581901092]]]},"properties":{"OBJECTID":219270,"Shape__Length":8.814090855864098,"Shape__Area":4.5012340007919676,"GeoRefNo":"3140024970","DateCreate":1114790400000,"BuildingBlockType":"Tower","BuildingCSUID":"3140024970T20050430","BuildingID":1100009024,"Status":"Active","BuildingNameEN":null,"BuildingNameTC":null,"BaseHeight":48.399999999999999,"TopHeight":51.600000000000001,"Storeys":null,"StoreysInBasement":null,"DateStamp":1273075200000}},{"type":"Feature","id":219281,"geometry":{"type":"Polygon","coordinates":[[[114.13094473646353,22.362415863442482],[114.1309453464809,22.362450522844892],[114.13088538372463,22.362451435984283],[114.1308847737221,22.362416776581689],[114.13094473646353,22.362415863442482]]]},"properties":{"OBJECTID":219281,"Shape__Length":20.030784806415308,"Shape__Area":23.710079997002222,"GeoRefNo":"3153424810","DateCreate":1114790400000,"BuildingBlockType":"Tower","BuildingCSUID":"3153424810T20050430","BuildingID":1100009350,"Status":"Active","BuildingNameEN":null,"BuildingNameTC":null,"BaseHeight":17,"TopHeight":24.399999999999999,"Storeys":null,"StoreysInBasement":null,"DateStamp":1273075200000}},{"type":"Feature","id":219282,"geometry":{"type":"Polygon","coordinates":[[[114.12906998134727,22.363716026517885],[114.12909771724868,22.363781244247971],[114.12902716178226,22.363809335507963],[114.12902210758968,22.363796980232966],[114.12895768933167,22.363821804218531],[114.12892748715139,22.363757290117416],[114.12899805208609,22.363729885224707],[114.1290038346862,22.363741554394515],[114.12906998134727,22.363716026517885]]]},"properties":{"OBJECTID":219282,"Shape__Length":48.783669301768455,"Shape__Area":119.3040374948644,"GeoRefNo":"3133924957","DateCreate":1114790400000,"BuildingBlockType":"Tower","BuildingCSUID":"3133924957T20050430","BuildingID":1100009034,"Status":"Active","BuildingNameEN":null,"BuildingNameTC":null,"BaseHeight":53,"TopHeight":57.299999999999997,"Storeys":null,"StoreysInBasement":null,"DateStamp":1273075200000}},{"type":"Feature","id":219284,"geometry":{"type":"Polygon","coordinates":[[[114.12952217806955,22.361593947674759],[114.12956359312098,22.361555840575875],[114.12963254112651,22.361562264070326],[114.1296692568642,22.361596185912386],[114.12962784095546,22.361634293760332],[114.12956006480117,22.36162895147201],[114.12952217806955,22.361593947674759]]]},"properties":{"OBJECTID":219284,"Shape__Length":36.973930219103345,"Shape__Area":89.351261211208836,"GeoRefNo":"3139724717","DateCreate":1114790400000,"BuildingBlockType":"Tower","BuildingCSUID":"3139724717T20050430","BuildingID":1100009548,"Status":"Active","BuildingNameEN":"Osman Ramju Irc Substation","BuildingNameTC":"林士德室內運動場變電站","BaseHeight":8.5999999999999996,"TopHeight":14.1,"Storeys":null,"StoreysInBasement":null,"DateStamp":1273075200000}},{"type":"Feature","id":219302,"geometry":{"type":"Polygon","coordinates":[[[114.13195543742155,22.361780684473672],[114.13190193058982,22.361544640978074],[114.13185485229704,22.361333023619473],[114.13195156434863,22.36131435506077],[114.1319641535827,22.36137092173454],[114.13198306583431,22.361367133152093],[114.13206814860951,22.361746426877044],[114.13206686924249,22.361746810411773],[114.13204940184262,22.361752047090171],[114.13195543742155,22.361780684473672]]]},"properties":{"OBJECTID":219302,"Shape__Length":124.32460579543817,"Shape__Area":595.41136611550371,"GeoRefNo":"3164224712","DateCreate":1171296000000,"BuildingBlockType":"Tower","BuildingCSUID":"3164224712T20070213","BuildingID":1100009522,"Status":"Active","BuildingNameEN":"Mai Wo Industrial Building","BuildingNameTC":"美和工業大廈","BaseHeight":6.4000000000000004,"TopHeight":61.100000000000001,"Storeys":12,"StoreysInBasement":null,"DateStamp":1599580800000}},{"type":"Feature","id":219307,"geometry":{"type":"Polygon","coordinates":[[[114.13400199004609,22.361704380752645],[114.13404846297199,22.361747811903051],[114.13401594837582,22.361777920176511],[114.13396946574113,22.361734489014371],[114.13400199004609,22.361704380752645]]]},"properties":{"OBJECTID":219307,"Shape__Length":23.023444142027,"Shape__Area":32.06923550573871,"GeoRefNo":"3185324733","DateCreate":1114790400000,"BuildingBlockType":"Tower","BuildingCSUID":"3185324733T20050430","BuildingID":1100009524,"Status":"Active","BuildingNameEN":"WATSON CENTRE","BuildingNameTC":"葵涌屈臣氏中心","BaseHeight":31.300000000000001,"TopHeight":34,"Storeys":null,"StoreysInBasement":null,"DateStamp":1273075200000}},{"type":"Feature","id":219309,"geometry":{"type":"Polygon","coordinates":[[[114.1293172493904,22.365466507273382],[114.12934143241476,22.365473829107987],[114.12936168515816,22.365504114451941],[114.12933850487552,22.365517445761501],[114.12930714005465,22.365472708287317],[114.1293172493904,22.365466507273382]]]},"properties":{"OBJECTID":219309,"Shape__Length":16.537327147173812,"Shape__Area":15.368548497982822,"GeoRefNo":"3137225149","DateCreate":1114790400000,"BuildingBlockType":"Tower","BuildingCSUID":"3137225149T20050430","BuildingID":1100008699,"Status":"Active","BuildingNameEN":null,"BuildingNameTC":null,"BaseHeight":61.200000000000003,"TopHeight":63.399999999999999,"Storeys":null,"StoreysInBasement":null,"DateStamp":1273075200000}},{"type":"Feature","id":219323,"geometry":{"type":"Polygon","coordinates":[[[114.13316394044288,22.365454661460642],[114.1330882549038,22.365240975346342],[114.13313754389227,22.365226188322964],[114.13308985668985,22.365091550929463],[114.13304056774378,22.365106337938631],[114.13296656542956,22.364897403091923],[114.1329655097617,22.364894599274141],[114.13323490300375,22.364813779165104],[114.13330992823906,22.365025527722416],[114.13325219345526,22.365042848662625],[114.13329989565371,22.365177481498055],[114.13335763048718,22.365160160541198],[114.13343265609274,22.365371908942926],[114.13337492118117,22.365389229925942],[114.13316394044288,22.365454661460642]]]},"properties":{"OBJECTID":219323,"Shape__Length":211.8466210952883,"Shape__Area":1717.7351687416158,"GeoRefNo":"3177725091","DateCreate":1114790400000,"BuildingBlockType":"Tower","BuildingCSUID":"3177725091T20050430","BuildingID":1100008714,"Status":"Active","BuildingNameEN":"Mai Shun Industrial Building","BuildingNameTC":"美順工業大廈","BaseHeight":8.5,"TopHeight":61.200000000000003,"Storeys":11,"StoreysInBasement":null,"DateStamp":1599580800000}},{"type":"Feature","id":219324,"geometry":{"type":"Polygon","coordinates":[[[114.13229772298965,22.365402466445758],[114.13227311269698,22.365332042673021],[114.13229346304647,22.365326007563755],[114.13231807305735,22.365396430430327],[114.13229772298965,22.365402466445758]]]},"properties":{"OBJECTID":219324,"Shape__Length":20.799823223906238,"Shape__Area":18.039300110530611,"GeoRefNo":"3167625135","DateCreate":1196697600000,"BuildingBlockType":"Open-sided Structure","BuildingCSUID":"3167625135T20071204","BuildingID":1100008721,"Status":"Active","BuildingNameEN":null,"BuildingNameTC":null,"BaseHeight":null,"TopHeight":null,"Storeys":null,"StoreysInBasement":null,"DateStamp":1273075200000}},{"type":"Feature","id":219325,"geometry":{"type":"Polygon","coordinates":[[[114.12925200447009,22.363292809533952],[114.12929228343533,22.363378929042018],[114.12934426051854,22.363490063685752],[114.12925625551966,22.363525862011134],[114.12924290585569,22.363496581066766],[114.12922053325038,22.363505478603983],[114.12928823363116,22.363650294226936],[114.12930076981426,22.363644915704544],[114.12934331272402,22.363736886207931],[114.12922087516898,22.363784892732852],[114.12917786535448,22.363695676376068],[114.12920219953358,22.363685849276212],[114.12908192378164,22.363430312691499],[114.12916844336287,22.363394288259506],[114.12918077472273,22.363420137304225],[114.12920265207744,22.363411474420801],[114.12909971452984,22.363191162060485],[114.12918771936111,22.363155354787871],[114.12924261937965,22.363272742262705],[114.12925200447009,22.363292809533952]]]},"properties":{"OBJECTID":219325,"Shape__Length":196.30868976778675,"Shape__Area":876.84492616239015,"GeoRefNo":"3136124950","DateCreate":1114790400000,"BuildingBlockType":"Tower","BuildingCSUID":"3136124950T20050430","BuildingID":1100009037,"Status":"Active","BuildingNameEN":"Shing Fung House","BuildingNameTC":"盛豐樓","BaseHeight":50.100000000000001,"TopHeight":125.5,"Storeys":27,"StoreysInBasement":null,"DateStamp":1786636800000}},{"type":"Feature","id":219326,"geometry":{"type":"Polygon","coordinates":[[[114.12900806966847,22.364731285013651],[114.12903386067318,22.364720672713919],[114.12928142641661,22.364620891129263],[114.12945992512688,22.364548946744744],[114.12947869918644,22.364587494590467],[114.12902758089423,22.364771666328405],[114.12900806966847,22.364731285013651]]]},"properties":{"OBJECTID":219326,"Shape__Length":111.06165615758147,"Shape__Area":243.75443238728906,"GeoRefNo":"3136225057","DateCreate":1114790400000,"BuildingBlockType":"Tower","BuildingCSUID":"3136225057T20050430","BuildingID":1100008849,"Status":"Active","BuildingNameEN":"CONSTRUCTION INDUSTRY COUNCIL TRAINING ACADEMY KWAI CHUNG TRAINING CENTRE","BuildingNameTC":"建造業議會訓練學院葵涌訓練中心","BaseHeight":61,"TopHeight":68.400000000000006,"Storeys":3,"StoreysInBasement":null,"DateStamp":1599580800000}},{"type":"Feature","id":219339,"geometry":{"type":"Polygon","coordinates":[[[114.13097934178258,22.363446061347378],[114.1309874488053,22.363445781980744],[114.13099101282953,22.36356194286769],[114.13094092359442,22.363563102647028],[114.13094394861021,22.363635185299788],[114.1308053024527,22.363638902646166],[114.13080276333925,22.36356566421961],[114.13074848935771,22.363567292337748],[114.13074468280914,22.363451131376799],[114.13079871379173,22.36345019854258],[114.13079666909053,22.363379254012795],[114.13093162571532,22.363375084100081],[114.1309339126864,22.363447627103152],[114.13097934178258,22.363446061347378]]]},"properties":{"OBJECTID":219339,"Shape__Length":107.76662890617001,"Shape__Area":545.69789114975072,"GeoRefNo":"3152824916","DateCreate":1114790400000,"BuildingBlockType":"Tower","BuildingCSUID":"3152824916T20050430","BuildingID":1100009063,"Status":"Active","BuildingNameEN":"Sun Kwai Hing Gardens Block A","BuildingNameTC":"新葵興花園Ａ座","BaseHeight":17,"TopHeight":91.299999999999997,"Storeys":25,"StoreysInBasement":null,"DateStamp":1599580800000}},{"type":"Feature","id":219343,"geometry":{"type":"Polygon","coordinates":[[[114.13481210561797,22.365116856217909],[114.1348276116142,22.365082778977364],[114.13471817370235,22.365039187209423],[114.13470224091466,22.36507182847242],[114.1344424044871,22.365138342824551],[114.13425202667807,22.364471423448794],[114.13427294166711,22.364466109959199],[114.13433042390044,22.3644514865518],[114.13431820256723,22.364411577375314],[114.13432541775607,22.36440972168743],[114.13442272898978,22.364384693775612],[114.1344077728056,22.364334452948292],[114.1345684995519,22.364293433112238],[114.13457009112076,22.364299034631554],[114.13459639828883,22.364391621626972],[114.13467455592769,22.364666693087138],[114.1347175621879,22.36468351012039],[114.13489728323485,22.364753765900986],[114.13496580462872,22.364780553505142],[114.13503687209999,22.364628632995633],[114.13504687132004,22.364632491618551],[114.13519126789686,22.364688175027993],[114.13516577527842,22.364741728614693],[114.13527077664629,22.364783259978921],[114.13525288120771,22.364821183660588],[114.13530772175574,22.364842175686615],[114.13530492849073,22.364848893512825],[114.13531819144669,22.36485440960907],[114.13507812755418,22.365389206088274],[114.13474822589576,22.365257210363914],[114.13481210561797,22.365116856217909]]]},"properties":{"OBJECTID":219343,"Shape__Length":431.69141209113906,"Shape__Area":6309.7990821289268,"GeoRefNo":"3189025065","DateCreate":1114790400000,"BuildingBlockType":"Tower","BuildingCSUID":"3189025065T20050430","BuildingID":1100008723,"Status":"Active","BuildingNameEN":"Vanta Industrial Centre","BuildingNameTC":"宏達工業中心","BaseHeight":8.1999999999999993,"TopHeight":75.099999999999994,"Storeys":14,"StoreysInBasement":null,"DateStamp":1599580800000}},{"type":"Feature","id":219345,"geometry":{"type":"Polygon","coordinates":[[[114.12903386067318,22.364720672713919],[114.12901518395429,22.364681700410692],[114.12926331182065,22.364580996459058],[114.12928142641661,22.364620891129263],[114.12903386067318,22.364720672713919]]]},"properties":{"OBJECTID":219345,"Shape__Length":65.193175877769832,"Shape__Area":132.50119430612131,"GeoRefNo":"3135225055","DateCreate":1192550400000,"BuildingBlockType":"Open-sided Structure","BuildingCSUID":"3135225055T20071017","BuildingID":1100008857,"Status":"Active","BuildingNameEN":"T.W.G.HS CHEN ZAO MEN COLLEGE","BuildingNameTC":"東華三院陳兆民中學","BaseHeight":null,"TopHeight":null,"Storeys":null,"StoreysInBasement":null,"DateStamp":1273075200000}},{"type":"Feature","id":219356,"geometry":{"type":"Polygon","coordinates":[[[114.12900806966847,22.364731285013651],[114.12896539233536,22.364748304001616],[114.12894711332528,22.364710442564938],[114.12901518395429,22.364681700410692],[114.12903386067318,22.364720672713919],[114.12900806966847,22.364731285013651]]]},"properties":{"OBJECTID":219356,"Shape__Length":24.707731871443634,"Shape__Area":35.932589502901536,"GeoRefNo":"3133625063","DateCreate":1114790400000,"BuildingBlockType":"Tower","BuildingCSUID":"3133625063T20050430","BuildingID":1100008852,"Status":"Active","BuildingNameEN":"Chen Zao Men College Substation","BuildingNameTC":"東華三院陳兆民中學變電站","BaseHeight":61.299999999999997,"TopHeight":65.5,"Storeys":null,"StoreysInBasement":null,"DateStamp":1273075200000}},{"type":"Feature","id":219367,"geometry":{"type":"Polygon","coordinates":[[[114.12779642705034,22.363449958347875],[114.12784939775739,22.363320689426782],[114.12797184079558,22.363364012168972],[114.12796330313921,22.36338499133641],[114.12798378611895,22.363392021294001],[114.12802410281638,22.363372168245998],[114.12803142853608,22.363354114064126],[114.12800947844745,22.363345923245298],[114.12806702054097,22.363203146478654],[114.12820624000487,22.363252384587252],[114.12814685490854,22.363399251503889],[114.12816338642916,22.363431983975417],[114.12828608947473,22.363474468523414],[114.12823409192887,22.363603537218943],[114.12810535159045,22.363558620695926],[114.12811313178202,22.363539469617201],[114.12809299735757,22.36353207585012],[114.12806236403112,22.363544633437794],[114.12805463808724,22.363563280264888],[114.12807688626135,22.363571244590887],[114.12801974962046,22.363711654390773],[114.12788031271356,22.363662298209622],[114.12793580721616,22.363527105900317],[114.12795718016224,22.363535197218788],[114.12796399848051,22.363518606467235],[114.12794931487818,22.363513237169201],[114.12794162342658,22.363488663461656],[114.12794879998496,22.363470745509645],[114.12793111834783,22.363464522008634],[114.12791931354936,22.36349313632337],[114.12779642705034,22.363449958347875]]]},"properties":{"OBJECTID":219367,"Shape__Length":229.75182954352982,"Shape__Area":1297.1978621277358,"GeoRefNo":"3124124924","DateCreate":1114790400000,"BuildingBlockType":"Tower","BuildingCSUID":"3124124924T20050430","BuildingID":1100009051,"Status":"Active","BuildingNameEN":"Shing Fu House","BuildingNameTC":"盛富樓","BaseHeight":32.799999999999997,"TopHeight":141.69999999999999,"Storeys":39,"StoreysInBasement":null,"DateStamp":1786636800000}},{"type":"Feature","id":219376,"geometry":{"type":"Polygon","coordinates":[[[114.1341119544,22.36511801959492],[114.13405518825321,22.365135362569699],[114.1340595644416,22.365147790744807],[114.13349224873184,22.365321354960493],[114.13342483140397,22.365130677149939],[114.13342383663435,22.365127767242676],[114.13349107680349,22.365107825143394],[114.13355370197519,22.365089251805848],[114.13355439575616,22.36508904600468],[114.13399467901159,22.364957867524538],[114.13400573277896,22.364990788309612],[114.1340611235148,22.364973009987207],[114.1341119544,22.36511801959492]]]},"properties":{"OBJECTID":219376,"Shape__Length":180.15352139451559,"Shape__Area":1477.0608295738762,"GeoRefNo":"3182625117","DateCreate":1114790400000,"BuildingBlockType":"Tower","BuildingCSUID":"3182625117T20050430","BuildingID":1100008735,"Status":"Active","BuildingNameEN":"Manhattan Centre","BuildingNameTC":"萬泰中心","BaseHeight":7,"TopHeight":86,"Storeys":16,"StoreysInBasement":null,"DateStamp":1599580800000}},{"type":"Feature","id":219381,"geometry":{"type":"Polygon","coordinates":[[[114.13059502559555,22.364634839318573],[114.13071797625584,22.364617509018363],[114.13072184502118,22.364637322768235],[114.13059677642487,22.364654580583316],[114.13059502559555,22.364634839318573]]]},"properties":{"OBJECTID":219381,"Shape__Length":30.254060795428757,"Shape__Area":28.526909781072721,"GeoRefNo":"3150725054","DateCreate":1196697600000,"BuildingBlockType":"Open-sided Structure","BuildingCSUID":"3150725054T20071204","BuildingID":1100008868,"Status":"Active","BuildingNameEN":"GRACE LUTHERAN CHURCH","BuildingNameTC":"基督教香港信義會天恩堂","BaseHeight":null,"TopHeight":null,"Storeys":null,"StoreysInBasement":null,"DateStamp":1273075200000}},{"type":"Feature","id":219422,"geometry":{"type":"Polygon","coordinates":[[[114.13247059369729,22.365280057694747],[114.13245582757776,22.365238289560761],[114.13248040902991,22.365230791014493],[114.13248349955353,22.365229848259943],[114.13248855212868,22.365244146255467],[114.13249370035129,22.365258715012661],[114.13249824423683,22.365271573400218],[114.13247059369729,22.365280057694747]]]},"properties":{"OBJECTID":219422,"Shape__Length":15.730776043194638,"Shape__Area":14.594590057670953,"GeoRefNo":"3169525122","DateCreate":1196697600000,"BuildingBlockType":"Open-sided Structure","BuildingCSUID":"3169525122T20071204","BuildingID":1100008744,"Status":"Active","BuildingNameEN":null,"BuildingNameTC":null,"BaseHeight":null,"TopHeight":null,"Storeys":null,"StoreysInBasement":null,"DateStamp":1273075200000}},{"type":"Feature","id":219424,"geometry":{"type":"Polygon","coordinates":[[[114.13513164985972,22.364604284004116],[114.13511506698818,22.364635985965808],[114.13502871622123,22.364596897563811],[114.13504529910766,22.364565195610837],[114.13513164985972,22.364604284004116]]]},"properties":{"OBJECTID":219424,"Shape__Length":27.590282752672238,"Shape__Area":38.614826998269237,"GeoRefNo":"3196325049","DateCreate":1192464000000,"BuildingBlockType":"Open-sided Structure","BuildingCSUID":"3196325049T20071016","BuildingID":1100008875,"Status":"Active","BuildingNameEN":"VANTA INDUSTRIAL CENTRE","BuildingNameTC":"宏達工業中心","BaseHeight":null,"TopHeight":null,"Storeys":null,"StoreysInBasement":null,"DateStamp":1273075200000}},{"type":"Feature","id":219440,"geometry":{"type":"Polygon","coordinates":[[[114.13058281215952,22.360310821554542],[114.1306217332191,22.360344841706745],[114.13058278783534,22.360384492747649],[114.13053851063502,22.360428578239627],[114.13050337568393,22.360396119449],[114.13047523113124,22.360421613656857],[114.130410600427,22.360360548643712],[114.13039646662182,22.360353880047253],[114.13038301280231,22.360346100887373],[114.13037033604175,22.360337256344874],[114.13035629135784,22.360325350053387],[114.13034566384653,22.360314429071405],[114.13033608515974,22.360302686610147],[114.13032765235535,22.360290213003204],[114.1303191138592,22.360274416124184],[114.13025498738537,22.360215644951758],[114.13028085995089,22.360190538441863],[114.13025798368459,22.360168425084229],[114.13032660709818,22.360104833637187],[114.13035143514537,22.360125999338205],[114.1303659834045,22.360112439632537],[114.13018082628315,22.359940182887247],[114.13025018741395,22.359876808416395],[114.13052753051596,22.360133825096739],[114.13046158757943,22.360195078484868],[114.13058281215952,22.360310821554542]]]},"properties":{"OBJECTID":219440,"Shape__Length":187.36508082871552,"Shape__Area":1040.5902437997265,"GeoRefNo":"3150224579","DateCreate":1114790400000,"BuildingBlockType":"Tower","BuildingCSUID":"3150224579T20050430","BuildingID":1100009850,"Status":"Active","BuildingNameEN":"Kwai Tak House","BuildingNameTC":"葵德樓","BaseHeight":6.9000000000000004,"TopHeight":81.599999999999994,"Storeys":27,"StoreysInBasement":null,"DateStamp":1786636800000}},{"type":"Feature","id":219451,"geometry":{"type":"Polygon","coordinates":[[[114.12857159553467,22.362961476343564],[114.12857396147635,22.362975682003636],[114.12857818352907,22.363001031907647],[114.12852743061093,22.362984635366079],[114.12855026720079,22.362966351805685],[114.12856980259704,22.362950711220467],[114.12857159553467,22.362961476343564]]]},"properties":{"OBJECTID":219451,"Shape__Length":16.930836319535153,"Shape__Area":13.780644979409544,"GeoRefNo":"3129124870","DateCreate":1192550400000,"BuildingBlockType":"Open-sided Structure","BuildingCSUID":"3129124870T20071017","BuildingID":1100009186,"Status":"Active","BuildingNameEN":null,"BuildingNameTC":null,"BaseHeight":33,"TopHeight":35.5,"Storeys":null,"StoreysInBasement":null,"DateStamp":1273075200000}},{"type":"Feature","id":219459,"geometry":{"type":"Polygon","coordinates":[[[114.13401339541213,22.360537718480067],[114.13400703518603,22.360543056831119],[114.134002026391,22.360537715472937],[114.13377473858743,22.360267930811407],[114.13405958286992,22.360052185263353],[114.13412236235993,22.360043947915756],[114.13413797797622,22.360063015519703],[114.13418112365089,22.360031627677941],[114.13421472259483,22.36013769127317],[114.13425533247164,22.360176144997041],[114.13424186003881,22.360197002017742],[114.13427282955328,22.360233990252105],[114.1341660646285,22.36041644241703],[114.13404053070767,22.360508692446111],[114.13404607250013,22.360515042385146],[114.13401339541213,22.360537718480067]]]},"properties":{"OBJECTID":219459,"Shape__Length":162.96862981567764,"Shape__Area":1596.6879057468113,"GeoRefNo":"3184524563","DateCreate":1114790400000,"BuildingBlockType":"Tower","BuildingCSUID":"3184524563T20050430","BuildingID":1100009832,"Status":"Active","BuildingNameEN":"Wing Yip Industrial Building","BuildingNameTC":"永業工廠大廈","BaseHeight":17,"TopHeight":109.3,"Storeys":22,"StoreysInBasement":null,"DateStamp":1599580800000}},{"type":"Feature","id":219464,"geometry":{"type":"Polygon","coordinates":[[[114.13157487012747,22.360387739905381],[114.13153626317074,22.360399431794647],[114.13141526220184,22.360436076095265],[114.13140344976036,22.360402330504744],[114.13165367802817,22.360326078494211],[114.13166592925208,22.360360163196003],[114.13157487012747,22.360387739905381]]]},"properties":{"OBJECTID":219464,"Shape__Length":62.183450044007728,"Shape__Area":107.32015045173742,"GeoRefNo":"3159724582","DateCreate":1114790400000,"BuildingBlockType":"Tower","BuildingCSUID":"3159724582T20050430","BuildingID":1100009849,"Status":"Active","BuildingNameEN":null,"BuildingNameTC":null,"BaseHeight":7.2000000000000002,"TopHeight":10.800000000000001,"Storeys":null,"StoreysInBasement":null,"DateStamp":1273075200000}},{"type":"Feature","id":219498,"geometry":{"type":"Polygon","coordinates":[[[114.12938154888758,22.360394883828064],[114.12934420678455,22.360359380032381],[114.12940235770078,22.360306194605755],[114.12943969980444,22.360341698388265],[114.12938154888758,22.360394883828064]]]},"properties":{"OBJECTID":219498,"Shape__Length":27.800088883129238,"Shape__Area":46.200149123278003,"GeoRefNo":"3137724580","DateCreate":1114790400000,"BuildingBlockType":"Tower","BuildingCSUID":"3137724580T20050430","BuildingID":1100009854,"Status":"Active","BuildingNameEN":"Kwai Fong Blk 8 Main Substation","BuildingNameTC":"葵芳八座主變電站","BaseHeight":6.2000000000000002,"TopHeight":8.9000000000000004,"Storeys":null,"StoreysInBasement":null,"DateStamp":1273075200000}},{"type":"Feature","id":219503,"geometry":{"type":"Polygon","coordinates":[[[114.12920441971225,22.360268962706453],[114.12919027796357,22.360256158378057],[114.12921715116263,22.360230929788454],[114.12923083621401,22.360243721066603],[114.12920441971225,22.360268962706453]]]},"properties":{"OBJECTID":219503,"Shape__Length":11.864509998436663,"Shape__Area":7.8938828933221643,"GeoRefNo":"3135824568","DateCreate":1193932800000,"BuildingBlockType":"Open-sided Structure","BuildingCSUID":"3135824568T20071102","BuildingID":1100009871,"Status":"Active","BuildingNameEN":null,"BuildingNameTC":null,"BaseHeight":6.2000000000000002,"TopHeight":9.1999999999999993,"Storeys":null,"StoreysInBasement":null,"DateStamp":1273075200000}},{"type":"Feature","id":219506,"geometry":{"type":"Polygon","coordinates":[[[114.13073618992466,22.360286898223471],[114.13071910184142,22.360298454805335],[114.13068947018124,22.360260497657656],[114.13070700786473,22.360249566662603],[114.13073618992466,22.360286898223471]]]},"properties":{"OBJECTID":219506,"Shape__Length":14.656094652536119,"Shape__Area":11.20466106125701,"GeoRefNo":"3151324570","DateCreate":1192982400000,"BuildingBlockType":"Open-sided Structure","BuildingCSUID":"3151324570T20071022","BuildingID":1100009867,"Status":"Active","BuildingNameEN":null,"BuildingNameTC":null,"BaseHeight":null,"TopHeight":null,"Storeys":null,"StoreysInBasement":null,"DateStamp":1273075200000}},{"type":"Feature","id":219531,"geometry":{"type":"Polygon","coordinates":[[[114.12974735293052,22.360383091251361],[114.12972579923294,22.360362184052637],[114.12978410936216,22.360307159825421],[114.12980654353055,22.360328995612456],[114.12974735293052,22.360383091251361]]]},"properties":{"OBJECTID":219531,"Shape__Length":23.654694027858017,"Shape__Area":28.007401309906307,"GeoRefNo":"3141524579","DateCreate":1229270400000,"BuildingBlockType":"Open-sided Structure","BuildingCSUID":"3141524579T20081215","BuildingID":1100009858,"Status":"Active","BuildingNameEN":null,"BuildingNameTC":null,"BaseHeight":6.5999999999999996,"TopHeight":10,"Storeys":null,"StoreysInBasement":null,"DateStamp":1273075200000}},{"type":"Feature","id":219652,"geometry":{"type":"Polygon","coordinates":[[[114.13394748338366,22.362468431712969],[114.133960957323,22.36250695055443],[114.13392030168394,22.362520855852583],[114.13391132820972,22.362497012836023],[114.13391939269738,22.362477238081098],[114.13394748338366,22.362468431712969]]]},"properties":{"OBJECTID":219652,"Shape__Length":17.139623714636208,"Shape__Area":19.140431997824489,"GeoRefNo":"3184524817","DateCreate":1114790400000,"BuildingBlockType":"Tower","BuildingCSUID":"3184524817T20050430","BuildingID":1100009324,"Status":"Active","BuildingNameEN":null,"BuildingNameTC":null,"BaseHeight":8.0999999999999996,"TopHeight":10.699999999999999,"Storeys":null,"StoreysInBasement":null,"DateStamp":1273075200000}},{"type":"Feature","id":219671,"geometry":{"type":"Polygon","coordinates":[[[114.1322073070738,22.365483279428908],[114.13220055570167,22.365464430737909],[114.13227608941131,22.365441025599573],[114.1322828406954,22.365459874377812],[114.1322073070738,22.365483279428908]]]},"properties":{"OBJECTID":219671,"Shape__Length":20.800001652974448,"Shape__Area":18.040019288612562,"GeoRefNo":"3167025145","DateCreate":1196697600000,"BuildingBlockType":"Open-sided Structure","BuildingCSUID":"3167025145T20071204","BuildingID":1100008706,"Status":"Active","BuildingNameEN":null,"BuildingNameTC":null,"BaseHeight":null,"TopHeight":null,"Storeys":null,"StoreysInBasement":null,"DateStamp":1273075200000}},{"type":"Feature","id":219675,"geometry":{"type":"Polygon","coordinates":[[[114.13032969756699,22.365494826305067],[114.13029108555786,22.365501395221745],[114.13028435377601,22.365466737230594],[114.1303228846028,22.365460182108887],[114.13032969756699,22.365494826305067]]]},"properties":{"OBJECTID":219675,"Shape__Length":15.877162160669254,"Shape__Area":15.750445726363735,"GeoRefNo":"3147125147","DateCreate":1192550400000,"BuildingBlockType":"Open-sided Structure","BuildingCSUID":"3147125147T20071017","BuildingID":1100008701,"Status":"Active","BuildingNameEN":"S. K. H. YAN LAAP PRIMARY SCHOOL","BuildingNameTC":"聖公會仁立小學","BaseHeight":null,"TopHeight":null,"Storeys":null,"StoreysInBasement":null,"DateStamp":1273075200000}},{"type":"Feature","id":219677,"geometry":{"type":"Polygon","coordinates":[[[114.13130601890401,22.361750091353237],[114.13124889813034,22.361735244958179],[114.13127813190808,22.361637937953368],[114.13133525264521,22.361652784338236],[114.13130601890401,22.361750091353237]]]},"properties":{"OBJECTID":219677,"Shape__Length":34.593671410869923,"Shape__Area":68.345093333245003,"GeoRefNo":"3157224728","DateCreate":1196697600000,"BuildingBlockType":"Open-sided Structure","BuildingCSUID":"3157224728T20071204","BuildingID":1100009535,"Status":"Active","BuildingNameEN":null,"BuildingNameTC":null,"BaseHeight":null,"TopHeight":null,"Storeys":null,"StoreysInBasement":null,"DateStamp":1273075200000}},{"type":"Feature","id":219682,"geometry":{"type":"Polygon","coordinates":[[[114.12978428191195,22.362171752623624],[114.12975061739498,22.362140486496646],[114.12973140887117,22.362158379268294],[114.12960671733782,22.362042571361048],[114.12979667219854,22.361869493053543],[114.1297843553768,22.361858237415724],[114.12984116993347,22.361806201854787],[114.12998779590562,22.361944980608552],[114.12992800965097,22.361999309117536],[114.12991692553382,22.36198896593212],[114.12978822372411,22.36210588317034],[114.12981928263872,22.362134600293928],[114.12984126093552,22.362113737085956],[114.13010074606116,22.36236234181089],[114.13004230642314,22.362416308803567],[114.12978428191195,22.362171752623624]]]},"properties":{"OBJECTID":219682,"Shape__Length":206.06932299296906,"Shape__Area":1024.9539382683718,"GeoRefNo":"3142624789","DateCreate":1114790400000,"BuildingBlockType":"Tower","BuildingCSUID":"3142624789T20050430","BuildingID":1100009357,"Status":"Active","BuildingNameEN":"Buddhist Sin Tak College","BuildingNameTC":"佛教善德英文中學","BaseHeight":24.5,"TopHeight":45.600000000000001,"Storeys":null,"StoreysInBasement":null,"DateStamp":1273075200000}},{"type":"Feature","id":219685,"geometry":{"type":"Polygon","coordinates":[[[114.13220932428838,22.365195818078064],[114.13227389616696,22.365176600811441],[114.13228117195668,22.365195657256557],[114.13229311508503,22.365192861075133],[114.13231212816913,22.365245785278191],[114.13230018492176,22.365248942682591],[114.13230746028813,22.365269353707443],[114.13224284990791,22.36528892379982],[114.13223829780668,22.365277545418333],[114.13219691755691,22.365289054726876],[114.13220726176017,22.365317440389642],[114.13222860341466,22.365311098703973],[114.13224495480524,22.365355848818396],[114.13222430479163,22.365361988683556],[114.13223444012669,22.365391704575842],[114.13224763817657,22.365387700728096],[114.13226206801208,22.365428278742936],[114.13216127706878,22.365459406327652],[114.13214701749163,22.365419035872844],[114.13216048147098,22.365414756764437],[114.13214943330114,22.365385327877199],[114.13212980618039,22.365391943470595],[114.13211456923304,22.365348122353531],[114.13213498438546,22.36534198144415],[114.13212463785067,22.365314856800996],[114.13208317018071,22.365327332595061],[114.13208722993255,22.365338671923119],[114.13202267476804,22.365358138001099],[114.13201584266049,22.365337729073154],[114.13200324983958,22.36534124316276],[114.13198481978395,22.365287145115349],[114.13199618719617,22.365283975744738],[114.13198939054166,22.365263847584867],[114.13205425398682,22.365243908043546],[114.13205822231622,22.365254203687492],[114.13209825986405,22.365242167562769],[114.13208871552025,22.365215019388359],[114.13207004850419,22.365220282464954],[114.13205446962358,22.36517681118027],[114.13207326562642,22.365171073315235],[114.13206409281071,22.365141955951692],[114.13204952784083,22.365145925361333],[114.13203478298669,22.365105193539264],[114.13213499115518,22.36507406587074],[114.13214925054986,22.36511488785527],[114.13213513738042,22.365119373854014],[114.13214535612025,22.36514866100562],[114.13216545601365,22.365142435479303],[114.13218087965663,22.365185966944416],[114.13216256011226,22.365191310318771],[114.13217192685022,22.365217969977927],[114.13221201497778,22.365206190757853],[114.13220932428838,22.365195818078064]]]},"properties":{"OBJECTID":219685,"Shape__Length":188.38245937051042,"Shape__Area":645.36755454019965,"GeoRefNo":"3166025122","DateCreate":1114790400000,"BuildingBlockType":"Tower","BuildingCSUID":"3166025122T20050430","BuildingID":1100008711,"Status":"Active","BuildingNameEN":"Kwai Fung House","BuildingNameTC":"葵豐閣","BaseHeight":8.3000000000000007,"TopHeight":105.8,"Storeys":36,"StoreysInBasement":null,"DateStamp":1788105600000}},{"type":"Feature","id":219687,"geometry":{"type":"Polygon","coordinates":[[[114.13519885845787,22.361657246471403],[114.13518989869193,22.361652060633883],[114.13518245350556,22.361646902277148],[114.13517483387398,22.361640687301342],[114.1351689325393,22.361635068783382],[114.13518886031805,22.361617798476434],[114.13520296339097,22.361631067975015],[114.13519885845787,22.361657246471403]]]},"properties":{"OBJECTID":219687,"Shape__Length":11.757903896505155,"Shape__Area":8.2716299982274695,"GeoRefNo":"3197424721","DateCreate":1114790400000,"BuildingBlockType":"Tower","BuildingCSUID":"3197424721T20050430","BuildingID":1100009545,"Status":"Active","BuildingNameEN":"CHIAP LUEN INDUSTRIAL BUILDING","BuildingNameTC":"捷聯工業大廈","BaseHeight":21.100000000000001,"TopHeight":24.899999999999999,"Storeys":null,"StoreysInBasement":null,"DateStamp":1273075200000}},{"type":"Feature","id":219689,"geometry":{"type":"Polygon","coordinates":[[[114.13133627535153,22.364916982313993],[114.13128733892823,22.364914720490138],[114.13128805501239,22.364892216581648],[114.13123673373752,22.36488968992818],[114.13123248927126,22.364889480939887],[114.13123722225907,22.364879378902934],[114.13123866902504,22.364843559305331],[114.13131350514743,22.364846760380491],[114.13131230077653,22.364871117128779],[114.13133848774012,22.364872237233641],[114.13133627535153,22.364916982313993]]]},"properties":{"OBJECTID":219689,"Shape__Length":36.536224452394947,"Shape__Area":59.062390971195846,"GeoRefNo":"3157225081","DateCreate":1196697600000,"BuildingBlockType":"Open-sided Structure","BuildingCSUID":"3157225081T20071204","BuildingID":1100008811,"Status":"Active","BuildingNameEN":null,"BuildingNameTC":null,"BaseHeight":null,"TopHeight":null,"Storeys":null,"StoreysInBasement":null,"DateStamp":1273075200000}},{"type":"Feature","id":219696,"geometry":{"type":"Polygon","coordinates":[[[114.13079040141349,22.363188834732693],[114.13068356256942,22.36319195543031],[114.13068184772631,22.363121950167496],[114.13063077792177,22.363123461762861],[114.13062717665184,22.363003417717717],[114.13067799397906,22.363001906051437],[114.13067480375099,22.362930762517788],[114.13074538867876,22.36292881396842],[114.13081295408543,22.362926945804865],[114.13081540664916,22.362997637599079],[114.13086795217448,22.36299611733385],[114.13087230116892,22.363116387349908],[114.13081926059121,22.363117446918046],[114.13082195596037,22.363187913015921],[114.13079040141349,22.363188834732693]]]},"properties":{"OBJECTID":219696,"Shape__Length":107.77812508892126,"Shape__Area":552.45236210424127,"GeoRefNo":"3151524866","DateCreate":1114790400000,"BuildingBlockType":"Tower","BuildingCSUID":"3151524866T20050430","BuildingID":1100009147,"Status":"Active","BuildingNameEN":"Sun Kwai Hing Gardens Block B","BuildingNameTC":"新葵興花園Ｂ座","BaseHeight":17,"TopHeight":91.599999999999994,"Storeys":25,"StoreysInBasement":null,"DateStamp":1599580800000}},{"type":"Feature","id":219725,"geometry":{"type":"Polygon","coordinates":[[[114.12951707360392,22.36267867479372],[114.1295619526235,22.362695015127422],[114.12953030114487,22.362753270952307],[114.1294937997818,22.362740382727594],[114.12951707360392,22.36267867479372]]]},"properties":{"OBJECTID":219725,"Shape__Length":23.45473778640828,"Shape__Area":32.414584999518432,"GeoRefNo":"3139124840","DateCreate":1114790400000,"BuildingBlockType":"Tower","BuildingCSUID":"3139124840T20050430","BuildingID":1100009251,"Status":"Active","BuildingNameEN":"Kwai Hing Pre-vocational School Substation","BuildingNameTC":"綿紡工會職業先修學校變電站","BaseHeight":29.699999999999999,"TopHeight":33.100000000000001,"Storeys":null,"StoreysInBasement":null,"DateStamp":1273075200000}},{"type":"Feature","id":219734,"geometry":{"type":"Polygon","coordinates":[[[114.13225507222042,22.364821158564844],[114.13220169556456,22.364671083070846],[114.1322146518293,22.364667263110853],[114.13226799765201,22.364817246300028],[114.13225507222042,22.364821158564844]]]},"properties":{"OBJECTID":219734,"Shape__Length":37.797927989317131,"Shape__Area":24.496403361593952,"GeoRefNo":"3167025066","DateCreate":1196697600000,"BuildingBlockType":"Open-sided Structure","BuildingCSUID":"3167025066T20071204","BuildingID":1100008835,"Status":"Active","BuildingNameEN":null,"BuildingNameTC":null,"BaseHeight":null,"TopHeight":null,"Storeys":null,"StoreysInBasement":null,"DateStamp":1273075200000}},{"type":"Feature","id":219742,"geometry":{"type":"Polygon","coordinates":[[[114.13513561411317,22.363159524541885],[114.13512594022589,22.363237247941793],[114.13507042579151,22.363231752090439],[114.13506822621737,22.36324965909159],[114.1350260323258,22.363244852982199],[114.13502848420181,22.363227406604537],[114.13493718356234,22.363218018328876],[114.13493473153737,22.36323592526286],[114.13489674137611,22.363232041323169],[114.13489918376716,22.363213899593109],[114.13480715503813,22.363204285291932],[114.13480420776732,22.363222426889525],[114.13476447984347,22.363218072879363],[114.13476693188991,22.363200165947937],[114.13468871853152,22.363192388369029],[114.13466490360747,22.363059244857645],[114.1346761641349,22.362968788829836],[114.13472949452276,22.362843115593297],[114.13480657143766,22.362851895248003],[114.13480852817641,22.362834448744309],[114.13484849885522,22.362838342248924],[114.13484555173834,22.362856014259862],[114.13494005602996,22.362865629179947],[114.13494151752705,22.362848408310082],[114.13497705134722,22.362851849107638],[114.13497410445135,22.362868834799578],[114.13506737558329,22.362878909884259],[114.1350693322226,22.36286168914101],[114.13511325440234,22.362865809363182],[114.13511030745275,22.362883029851734],[114.13516927801203,22.362888978106152],[114.13514003257812,22.363123981458603],[114.13513561411317,22.363159524541885]]]},"properties":{"OBJECTID":219742,"Shape__Length":193.62466238998238,"Shape__Area":1910.0179500178701,"GeoRefNo":"3194224869","DateCreate":1114790400000,"BuildingBlockType":"Tower","BuildingCSUID":"3194224869T20050430","BuildingID":1100009141,"Status":"Active","BuildingNameEN":"Wah Tat Industrial Centre Block C","BuildingNameTC":"華達工業中心Ｃ座","BaseHeight":23,"TopHeight":109.40000000000001,"Storeys":21,"StoreysInBasement":null,"DateStamp":1599580800000}},{"type":"Feature","id":219756,"geometry":{"type":"Polygon","coordinates":[[[114.12806702054097,22.363203146478654],[114.12811785043422,22.363077024145369],[114.12814020706814,22.363085584872771],[114.12814768062528,22.363067531993675],[114.12812951765245,22.363030333605224],[114.12811045975198,22.363023730065454],[114.12810182811357,22.363043430758825],[114.12797871391585,22.362999895241767],[114.12803088637591,22.362870974140179],[114.12815403483417,22.362913986398688],[114.12814653929244,22.362934142124193],[114.12816583987572,22.362941114991667],[114.12820547477497,22.362925384857814],[114.12821290311761,22.362906918724089],[114.12819065586304,22.362898824376721],[114.12824547526928,22.362762823782035],[114.12838461302478,22.362811702931328],[114.12832944687564,22.362947298358407],[114.12830760373338,22.362939655585105],[114.12829942257792,22.362959491069674],[114.12831823261968,22.362996053250935],[114.12833747929227,22.363002869672762],[114.12834599253,22.362981242084139],[114.12846918091356,22.363024754406705],[114.12846403631021,22.363037421728958],[114.12861291629909,22.363091153354365],[114.12863290002748,22.363042054821936],[114.12870510229065,22.363067154031338],[114.12869348044707,22.363095652145198],[114.12868683495302,22.363093336363161],[114.12867210703338,22.363129650209427],[114.12867865682455,22.363131889474889],[114.12866720463329,22.363161098069934],[114.12865556831827,22.363156541859084],[114.12863646773299,22.363202475721991],[114.12861963756797,22.36320953783331],[114.12860801881982,22.36320555705052],[114.12861391699688,22.363188752243733],[114.12858606202887,22.363179588057612],[114.1285792722384,22.363195643514064],[114.12841910213101,22.363138860222431],[114.12841336705699,22.363152537613185],[114.12829387998509,22.363110849534852],[114.1282574026602,22.36312585232406],[114.12820624000487,22.363252384587252],[114.12806702054097,22.363203146478654]]]},"properties":{"OBJECTID":219756,"Shape__Length":287.36376338321168,"Shape__Area":1582.1553079670337,"GeoRefNo":"3125724877","DateCreate":1114790400000,"BuildingBlockType":"Tower","BuildingCSUID":"3125724877T20050430","BuildingID":1100009140,"Status":"Active","BuildingNameEN":"Shing Lok House","BuildingNameTC":"盛樂樓","BaseHeight":31.399999999999999,"TopHeight":141.19999999999999,"Storeys":39,"StoreysInBasement":null,"DateStamp":1786636800000}},{"type":"Feature","id":219759,"geometry":{"type":"Polygon","coordinates":[[[114.12813715574518,22.362713566014026],[114.1281718915899,22.362749662511412],[114.1281483469789,22.362755740123021],[114.12812129361805,22.362762723522707],[114.12812879897156,22.362739463912686],[114.12813715574518,22.362713566014026]]]},"properties":{"OBJECTID":219759,"Shape__Length":16.456242097927991,"Shape__Area":13.002778323627332,"GeoRefNo":"3124824844","DateCreate":1192550400000,"BuildingBlockType":"Open-sided Structure","BuildingCSUID":"3124824844T20071017","BuildingID":1100009249,"Status":"Active","BuildingNameEN":null,"BuildingNameTC":null,"BaseHeight":33,"TopHeight":35.5,"Storeys":null,"StoreysInBasement":null,"DateStamp":1273075200000}},{"type":"Feature","id":219760,"geometry":{"type":"Polygon","coordinates":[[[114.13157487012747,22.360387739905381],[114.13157959788747,22.360401084672432],[114.13159425171801,22.360442447587776],[114.13166014661809,22.360422103006044],[114.13170082888692,22.360537090368403],[114.13170858392594,22.360559009666503],[114.13174513333847,22.360661286182612],[114.13174578372927,22.360663106109136],[114.13169792196558,22.360677820240543],[114.13158380998752,22.360637522537374],[114.13154830294027,22.360537047780017],[114.13152264214774,22.36046443500598],[114.13155588838025,22.360454321063688],[114.131541031319,22.360412767543536],[114.13153626317074,22.360399431794647],[114.13157487012747,22.360387739905381]]]},"properties":{"OBJECTID":219760,"Shape__Length":93.767332772575543,"Shape__Area":407.49322735209057,"GeoRefNo":"3160924605","DateCreate":1236614400000,"BuildingBlockType":"Open-sided Structure","BuildingCSUID":"3160924605T20090310","BuildingID":1100009815,"Status":"Active","BuildingNameEN":null,"BuildingNameTC":null,"BaseHeight":null,"TopHeight":null,"Storeys":null,"StoreysInBasement":null,"DateStamp":1273075200000}},{"type":"Feature","id":219849,"geometry":{"type":"Polygon","coordinates":[[[114.13077066320393,22.360590235065139],[114.13077051824745,22.36055865520288],[114.13080633731782,22.360557928045161],[114.13080686755812,22.360589712558827],[114.13077066320393,22.360590235065139]]]},"properties":{"OBJECTID":219849,"Shape__Length":14.436807283506033,"Shape__Area":13.015442018922418,"GeoRefNo":"3152124604","DateCreate":1196697600000,"BuildingBlockType":"Open-sided Structure","BuildingCSUID":"3152124604T20071204","BuildingID":1100009825,"Status":"Active","BuildingNameEN":null,"BuildingNameTC":null,"BaseHeight":null,"TopHeight":null,"Storeys":null,"StoreysInBasement":null,"DateStamp":1273075200000}},{"type":"Feature","id":219965,"geometry":{"type":"Polygon","coordinates":[[[114.13470730706828,22.361334006391111],[114.13475234343524,22.361376579065919],[114.13476759085835,22.36136161941355],[114.13507399427579,22.36165092905399],[114.13505899962703,22.36166474192061],[114.13510329846574,22.361706862778792],[114.13489177082505,22.361901163520059],[114.13484672460602,22.361858365120298],[114.13483049639953,22.36187378508254],[114.13452358827622,22.361584014299517],[114.13454006877481,22.361569054991207],[114.13449576993911,22.361527629330542],[114.13470730706828,22.361334006391111]]]},"properties":{"OBJECTID":219965,"Shape__Length":186.66090213770678,"Shape__Area":1982.8241894722962,"GeoRefNo":"3194324734","DateCreate":1114790400000,"BuildingBlockType":"Tower","BuildingCSUID":"3194324734T20050430","BuildingID":1100009484,"Status":"Active","BuildingNameEN":"Wilson Logistics Centre","BuildingNameTC":"威信物流中心","BaseHeight":18.899999999999999,"TopHeight":75.599999999999994,"Storeys":16,"StoreysInBasement":null,"DateStamp":1599580800000}},{"type":"Feature","id":219975,"geometry":{"type":"Polygon","coordinates":[[[114.1299778199496,22.362598147975884],[114.13000422254008,22.362574179068698],[114.13029949442695,22.362306122691461],[114.13032673472911,22.362331749541248],[114.13014472988496,22.362501009478898],[114.1300091659476,22.362627919821854],[114.12998933033974,22.362609080342185],[114.1299778199496,22.362598147975884]]]},"properties":{"OBJECTID":219975,"Shape__Length":101.22156439217366,"Shape__Area":198.36358731084297,"GeoRefNo":"3145724812","DateCreate":1192550400000,"BuildingBlockType":"Open-sided Structure","BuildingCSUID":"3145724812T20071017","BuildingID":1100009289,"Status":"Active","BuildingNameEN":null,"BuildingNameTC":null,"BaseHeight":null,"TopHeight":null,"Storeys":null,"StoreysInBasement":null,"DateStamp":1273075200000}},{"type":"Feature","id":219978,"geometry":{"type":"Polygon","coordinates":[[[114.13118964661514,22.361876045348183],[114.13118464768813,22.361875464539025],[114.13118855373868,22.361846380331613],[114.13118970801557,22.361837785564806],[114.13121152882658,22.36184032089982],[114.13120646850491,22.361877999874732],[114.13118964661514,22.361876045348183]]]},"properties":{"OBJECTID":219978,"Shape__Length":12.939584787707933,"Shape__Area":9.5237978857627539,"GeoRefNo":"3156324746","DateCreate":1114790400000,"BuildingBlockType":"Tower","BuildingCSUID":"3156324746T20050430","BuildingID":1100009496,"Status":"Active","BuildingNameEN":null,"BuildingNameTC":null,"BaseHeight":7,"TopHeight":9.8000000000000007,"Storeys":null,"StoreysInBasement":null,"DateStamp":1273075200000}},{"type":"Feature","id":220001,"geometry":{"type":"Polygon","coordinates":[[[114.12995981817743,22.362581050202472],[114.12995534435339,22.362576801119765],[114.12998177754339,22.362552782918257],[114.12995082695895,22.362523464514563],[114.13004273970031,22.362439948816871],[114.13011368623346,22.362374570193548],[114.13027195325542,22.362229674916087],[114.13030326638929,22.362258654989141],[114.13032817349136,22.36223585270573],[114.1303523004471,22.362258183682311],[114.13029949442695,22.362306122691461],[114.13000422254008,22.362574179068698],[114.1299778199496,22.362598147975884],[114.12995981817743,22.362581050202472]]]},"properties":{"OBJECTID":220001,"Shape__Length":123.61077906183033,"Shape__Area":393.73196475713371,"GeoRefNo":"3145424806","DateCreate":1114790400000,"BuildingBlockType":"Tower","BuildingCSUID":"3145424806T20050430","BuildingID":1100009299,"Status":"Active","BuildingNameEN":"BUDDHIST SIN TAK COLLEGE","BuildingNameTC":"佛教善德英文中學","BaseHeight":24.5,"TopHeight":46.700000000000003,"Storeys":6,"StoreysInBasement":null,"DateStamp":1599580800000}},{"type":"Feature","id":220007,"geometry":{"type":"Polygon","coordinates":[[[114.12973510565831,22.363666643704473],[114.12984385517021,22.363902164770877],[114.12986512093191,22.363893375193385],[114.12985219773107,22.363865801196656],[114.12994025143706,22.363829704555087],[114.13009716429418,22.364163798731763],[114.13000886761608,22.36420012115023],[114.12990454060234,22.363977497099452],[114.12988276991113,22.36398643102428],[114.12989573179586,22.364014510739807],[114.12980817343329,22.364049686384675],[114.12964631411579,22.363702740020187],[114.12973510565831,22.363666643704473]]]},"properties":{"OBJECTID":220007,"Shape__Length":188.75031858594238,"Shape__Area":840.38773099681089,"GeoRefNo":"3141024952","DateCreate":1114790400000,"BuildingBlockType":"Tower","BuildingCSUID":"3141024952T20050430","BuildingID":1100008975,"Status":"Active","BuildingNameEN":"Shing Hei House","BuildingNameTC":"盛喜樓","BaseHeight":45.899999999999999,"TopHeight":122.2,"Storeys":27,"StoreysInBasement":null,"DateStamp":1786636800000}},{"type":"Feature","id":220009,"geometry":{"type":"Polygon","coordinates":[[[114.12936717631396,22.366316074978389],[114.12932860527425,22.366350761978318],[114.12927524275945,22.366295231878016],[114.12926246509696,22.366281935168683],[114.12930103613405,22.366247248093913],[114.12936717631396,22.366316074978389]]]},"properties":{"OBJECTID":220009,"Shape__Length":31.496178336196067,"Shape__Area":56.443453924872401,"GeoRefNo":"3136925238","DateCreate":1192377600000,"BuildingBlockType":"Open-sided Structure","BuildingCSUID":"3136925238T20071015","BuildingID":1100008486,"Status":"Active","BuildingNameEN":null,"BuildingNameTC":null,"BaseHeight":55.299999999999997,"TopHeight":59.299999999999997,"Storeys":null,"StoreysInBasement":null,"DateStamp":1273075200000}},{"type":"Feature","id":220011,"geometry":{"type":"Polygon","coordinates":[[[114.13494793153268,22.362535871855044],[114.13489366277946,22.362586374672624],[114.13468538698572,22.362390303581623],[114.13497201584362,22.362125611398703],[114.13518351413023,22.362324654005672],[114.13519703273812,22.362311987628292],[114.13538995444682,22.362491582420489],[114.13496446076714,22.362520497112946],[114.13494793153268,22.362535871855044]]]},"properties":{"OBJECTID":220011,"Shape__Length":187.4587373316368,"Shape__Area":1743.1968650060271,"GeoRefNo":"3193524794","DateCreate":1114790400000,"BuildingBlockType":"Tower","BuildingCSUID":"3193524794T20050430","BuildingID":1100009304,"Status":"Active","BuildingNameEN":"Mai On Industrial Building","BuildingNameTC":"美安工業大廈","BaseHeight":16.800000000000001,"TopHeight":100.09999999999999,"Storeys":21,"StoreysInBasement":null,"DateStamp":1599580800000}},{"type":"Feature","id":220056,"geometry":{"type":"Polygon","coordinates":[[[114.13251523457757,22.363659174903074],[114.13279691361866,22.363573164140643],[114.13293053993219,22.363951865375004],[114.13293057912196,22.363951976371013],[114.13264893542423,22.364037976353405],[114.13251523942772,22.36365918872113],[114.13251523457757,22.363659174903074]]]},"properties":{"OBJECTID":220056,"Shape__Length":149.36561261429134,"Shape__Area":1348.033159206951,"GeoRefNo":"3172024960","DateCreate":1114790400000,"BuildingBlockType":"Tower","BuildingCSUID":"3172024960T20050430","BuildingID":1100009003,"Status":"Active","BuildingNameEN":"Kwai Cheong Centre","BuildingNameTC":"葵昌中心","BaseHeight":7.7000000000000002,"TopHeight":81.299999999999997,"Storeys":14,"StoreysInBasement":null,"DateStamp":1599580800000}},{"type":"Feature","id":220062,"geometry":{"type":"Polygon","coordinates":[[[114.13079825798366,22.361451123868441],[114.13085199875488,22.361430429570408],[114.13090814004585,22.361556561587609],[114.13085439933157,22.361577255903917],[114.13079825798366,22.361451123868441]]]},"properties":{"OBJECTID":220062,"Shape__Length":42.215505557026908,"Shape__Area":90.562872866488931,"GeoRefNo":"3152824708","DateCreate":1196697600000,"BuildingBlockType":"Open-sided Structure","BuildingCSUID":"3152824708T20071204","BuildingID":1100009562,"Status":"Active","BuildingNameEN":null,"BuildingNameTC":null,"BaseHeight":null,"TopHeight":null,"Storeys":null,"StoreysInBasement":null,"DateStamp":1273075200000}},{"type":"Feature","id":220064,"geometry":{"type":"Polygon","coordinates":[[[114.12843152934667,22.364798942059775],[114.12844734346235,22.364832901623426],[114.12838864424619,22.364854972772616],[114.12838591804741,22.364849011799375],[114.1283647100027,22.364858668130434],[114.12835483631024,22.364857292531628],[114.12834298035446,22.364832509174924],[114.12843152934667,22.364798942059775]]]},"properties":{"OBJECTID":220064,"Shape__Length":27.649259306704209,"Shape__Area":37.902158997228355,"GeoRefNo":"3127525076","DateCreate":1114790400000,"BuildingBlockType":"Tower","BuildingCSUID":"3127525076T20050430","BuildingID":1100008821,"Status":"Active","BuildingNameEN":"CHINESE Y.M.C.A. NEW TERRITORIES CENTRE","BuildingNameTC":"香港中華基督教青年會新界會所","BaseHeight":61.200000000000003,"TopHeight":65.599999999999994,"Storeys":null,"StoreysInBasement":null,"DateStamp":1273075200000}},{"type":"Feature","id":220067,"geometry":{"type":"Polygon","coordinates":[[[114.13160594464237,22.363949508061392],[114.1315303247883,22.363735609706698],[114.13200329780663,22.363590799256322],[114.13201384793517,22.363621413009831],[114.13203233423411,22.363614983322783],[114.13210886594072,22.363832666128726],[114.13166884248172,22.363966413006924],[114.13160594464237,22.363949508061392]]]},"properties":{"OBJECTID":220067,"Shape__Length":161.59679437296887,"Shape__Area":1515.6644931032422,"GeoRefNo":"3162724971","DateCreate":1114790400000,"BuildingBlockType":"Tower","BuildingCSUID":"3162724971T20050430","BuildingID":1100009015,"Status":"Active","BuildingNameEN":"Kwai Chung Centre","BuildingNameTC":"葵涌中心","BaseHeight":6.5,"TopHeight":77.900000000000006,"Storeys":20,"StoreysInBasement":null,"DateStamp":1599580800000}},{"type":"Feature","id":220094,"geometry":{"type":"Polygon","coordinates":[[[114.13028937843821,22.364727105185665],[114.13029037562823,22.364732168355324],[114.13032045875963,22.364727042867631],[114.13034127678681,22.364832747455914],[114.13031119373056,22.364837872947369],[114.13031227835083,22.364843380263995],[114.13028267329796,22.364848424341737],[114.13027864964234,22.364827994022342],[114.13013491710707,22.364852482916611],[114.13013894074243,22.364872913239477],[114.13010933645391,22.36487795710508],[114.13010825184134,22.364872449877442],[114.13007816867105,22.364877575325536],[114.13005735073881,22.364771870704313],[114.13008743388717,22.364766745169685],[114.1300864367042,22.364761682089128],[114.13028937843821,22.364727105185665]]]},"properties":{"OBJECTID":220094,"Shape__Length":85.879986864891563,"Shape__Area":318.51701334720241,"GeoRefNo":"3146225072","DateCreate":1114790400000,"BuildingBlockType":"Tower","BuildingCSUID":"3146225072T20050430","BuildingID":1100008818,"Status":"Active","BuildingNameEN":"SKH LAM WOO MEMORIAL SECONDARY SCHOOL","BuildingNameTC":"聖公會林護紀念中學","BaseHeight":30.100000000000001,"TopHeight":45.799999999999997,"Storeys":4,"StoreysInBasement":null,"DateStamp":1599580800000}},{"type":"Feature","id":220099,"geometry":{"type":"Polygon","coordinates":[[[114.13201878373468,22.365455212532932],[114.13200251530949,22.365459935787641],[114.13199747576242,22.365483924114802],[114.13192233126384,22.365470267167641],[114.1319273294412,22.365447253046117],[114.13194131476105,22.365382857607166],[114.13196629436804,22.365387094257322],[114.13196464000335,22.365394437434944],[114.13196676147274,22.365402558014683],[114.13197134227779,22.365409747053189],[114.13197798231144,22.365415376907094],[114.13200507104727,22.365414752272883],[114.13201602621974,22.365447076335595],[114.13201878373468,22.365455212532932]]]},"properties":{"OBJECTID":220099,"Shape__Length":35.933458435709618,"Shape__Area":67.884376085628404,"GeoRefNo":"3164225143","DateCreate":1114790400000,"BuildingBlockType":"Tower","BuildingCSUID":"3164225143T20050430","BuildingID":1100008705,"Status":"Active","BuildingNameEN":null,"BuildingNameTC":null,"BaseHeight":8.1999999999999993,"TopHeight":12,"Storeys":null,"StoreysInBasement":null,"DateStamp":1273075200000}},{"type":"Feature","id":220106,"geometry":{"type":"Polygon","coordinates":[[[114.12901868327076,22.365560810818625],[114.12895817691256,22.365411205096915],[114.1289454544594,22.365415656460907],[114.12893690831149,22.365394525717772],[114.12894963076297,22.365390074354423],[114.12898416315498,22.365377992219369],[114.12899270921193,22.365399122960017],[114.12903820574559,22.365382808819888],[114.12909169924197,22.365513072908961],[114.1290508056929,22.365527380662417],[114.129058668044,22.365546820951128],[114.12901868327076,22.365560810818625]]]},"properties":{"OBJECTID":220106,"Shape__Length":60.963345765960014,"Shape__Area":159.68358659319983,"GeoRefNo":"3133925145","DateCreate":1114790400000,"BuildingBlockType":"Tower","BuildingCSUID":"3133925145T20050430","BuildingID":1100008694,"Status":"Active","BuildingNameEN":"DAUGHTER OF MARY HELP OF CHRISTIANS SIU MING CATHOLIC SECONDARY SCHOOL","BuildingNameTC":"天主教母佑會蕭明中學","BaseHeight":73.400000000000006,"TopHeight":87,"Storeys":4,"StoreysInBasement":null,"DateStamp":1599580800000}},{"type":"Feature","id":220109,"geometry":{"type":"Polygon","coordinates":[[[114.13437474695002,22.361469368679014],[114.13446006430486,22.361547694892863],[114.13442366502044,22.36158199240559],[114.13433834766511,22.361503666172883],[114.1343599207504,22.361483338747146],[114.13437474695002,22.361469368679014]]]},"properties":{"OBJECTID":220109,"Shape__Length":35.367469926525899,"Shape__Area":65.892124350239257,"GeoRefNo":"3189324709","DateCreate":1114790400000,"BuildingBlockType":"Tower","BuildingCSUID":"3189324709T20050430","BuildingID":1100009560,"Status":"Active","BuildingNameEN":"WATSON CENTRE","BuildingNameTC":"葵涌屈臣氏中心","BaseHeight":31.300000000000001,"TopHeight":34.600000000000001,"Storeys":null,"StoreysInBasement":null,"DateStamp":1273075200000}},{"type":"Feature","id":220176,"geometry":{"type":"Polygon","coordinates":[[[114.13216542039901,22.360327063031431],[114.13222548117987,22.360489537771997],[114.13224236418073,22.360537240415514],[114.13226051926387,22.360588536932632],[114.1320857584743,22.360641803720071],[114.13200262673418,22.360667142019825],[114.13195616508847,22.360681303403997],[114.13190556019269,22.360537147307721],[114.13186409545455,22.360419028346875],[114.13196964661292,22.360386813880368],[114.13195595936774,22.360350346003475],[114.13204242839483,22.360323888049123],[114.13205619797709,22.360360398114267],[114.13216542039901,22.360327063031431]]]},"properties":{"OBJECTID":220176,"Shape__Length":135.32699087184164,"Shape__Area":1044.713101181831,"GeoRefNo":"3165224590","DateCreate":1202140800000,"BuildingBlockType":"Tower","BuildingCSUID":"3165224590T20080205","BuildingID":1100009813,"Status":"Active","BuildingNameEN":"L M K Development Estate","BuildingNameTC":"羅氏美光發展大廈","BaseHeight":6.5,"TopHeight":59.700000000000003,"Storeys":15,"StoreysInBasement":null,"DateStamp":1599580800000}},{"type":"Feature","id":220416,"geometry":{"type":"Polygon","coordinates":[[[114.13082879976906,22.361867973127755],[114.1308424600192,22.361767990000626],[114.13089962322226,22.361774746717739],[114.13088596301228,22.361874729849678],[114.13082879976906,22.361867973127755]]]},"properties":{"OBJECTID":220416,"Shape__Length":34.1915288108274,"Shape__Area":66.239462672280126,"GeoRefNo":"3152824742","DateCreate":1196697600000,"BuildingBlockType":"Open-sided Structure","BuildingCSUID":"3152824742T20071204","BuildingID":1100009499,"Status":"Active","BuildingNameEN":null,"BuildingNameTC":null,"BaseHeight":null,"TopHeight":null,"Storeys":null,"StoreysInBasement":null,"DateStamp":1273075200000}},{"type":"Feature","id":220419,"geometry":{"type":"Polygon","coordinates":[[[114.12892121782666,22.363005189948964],[114.12895100942227,22.362974059100541],[114.12897077301405,22.362990011168844],[114.12894202004671,22.363023246805973],[114.12892121782666,22.363005189948964]]]},"properties":{"OBJECTID":220419,"Shape__Length":14.964867327931749,"Shape__Area":13.122299329023773,"GeoRefNo":"3133124872","DateCreate":1192550400000,"BuildingBlockType":"Open-sided Structure","BuildingCSUID":"3133124872T20071017","BuildingID":1100009183,"Status":"Active","BuildingNameEN":null,"BuildingNameTC":null,"BaseHeight":null,"TopHeight":null,"Storeys":null,"StoreysInBasement":null,"DateStamp":1273075200000}},{"type":"Feature","id":220431,"geometry":{"type":"Polygon","coordinates":[[[114.13196871687008,22.364609190523364],[114.13198287073693,22.364649985765094],[114.13196875770616,22.364654471749688],[114.13197897628037,22.364683758913323],[114.13199907611434,22.364677533407217],[114.13201449965466,22.364721064890507],[114.13199668559348,22.364726190479438],[114.13200605236598,22.364752850149642],[114.13204614027713,22.364741070969732],[114.1320429441803,22.364730916053773],[114.13210751586709,22.36471169885208],[114.13211479161012,22.36473075530569],[114.13212673470213,22.364727959136324],[114.13214574766053,22.364780883361725],[114.13213380444911,22.364784040754106],[114.13214107976719,22.364804451787517],[114.13207646957844,22.364824021814943],[114.13207191760289,22.364812643428166],[114.13203053737988,22.364824152695018],[114.13204088151524,22.364852538279635],[114.13206222310632,22.364846196705738],[114.13207857448683,22.364890946839385],[114.13205792453458,22.364897086593473],[114.13206805970374,22.364926802588013],[114.13208125771452,22.364922798753557],[114.13209568745413,22.364963376785372],[114.13199489680886,22.364994504268779],[114.13198063732678,22.364954133797184],[114.13199410136353,22.364949854702342],[114.13198305316807,22.364920425802151],[114.13196342620182,22.364927041375882],[114.13194818925976,22.364883220240777],[114.1319686043516,22.364877079351942],[114.13195825798032,22.364849954696744],[114.13191679033628,22.364862430449072],[114.13192085015835,22.364873769691634],[114.13185629518524,22.364893235795002],[114.13184946302744,22.364872826858946],[114.1318368702442,22.364876340935858],[114.13181844031368,22.364822242866619],[114.13182980769189,22.364819073507451],[114.13182301108374,22.364798945339508],[114.13188787433701,22.364779005863404],[114.13189184264104,22.364789301511976],[114.13193188007011,22.364777265427488],[114.13192233579012,22.364750117241844],[114.13190366882981,22.364755380299659],[114.13188809005231,22.364711908996654],[114.13190688599953,22.364706171060202],[114.13189771324868,22.364677053775967],[114.13188314832247,22.364681023170956],[114.13186792645179,22.36464031792946],[114.13196871687008,22.364609190523364]]]},"properties":{"OBJECTID":220431,"Shape__Length":188.37957476830815,"Shape__Area":645.70643160952727,"GeoRefNo":"3164025070","DateCreate":1114790400000,"BuildingBlockType":"Tower","BuildingCSUID":"3164025070T20050430","BuildingID":1100008796,"Status":"Active","BuildingNameEN":"Kwai Yue House","BuildingNameTC":"葵裕閣","BaseHeight":7.7999999999999998,"TopHeight":105.8,"Storeys":36,"StoreysInBasement":null,"DateStamp":1788105600000}},{"type":"Feature","id":220451,"geometry":{"type":"Polygon","coordinates":[[[114.13509861921798,22.363301998931121],[114.13507878640803,22.36345581106886],[114.13493443725926,22.363440710828023],[114.13478211486753,22.363335835752526],[114.13482772021828,22.363296338962776],[114.13492542857234,22.363306641043895],[114.13492886258452,22.363284137817566],[114.13509861921798,22.363301998931121]]]},"properties":{"OBJECTID":220451,"Shape__Length":88.294339795755306,"Shape__Area":418.86983251837779,"GeoRefNo":"3195424914","DateCreate":1114790400000,"BuildingBlockType":"Tower","BuildingCSUID":"3195424914T20050430","BuildingID":1100009105,"Status":"Active","BuildingNameEN":null,"BuildingNameTC":null,"BaseHeight":12.4,"TopHeight":21.300000000000001,"Storeys":null,"StoreysInBasement":null,"DateStamp":1273075200000}},{"type":"Feature","id":220465,"geometry":{"type":"Polygon","coordinates":[[[114.13414052815266,22.36437379197945],[114.13414732760084,22.364395503196718],[114.13412647077023,22.364401150815553],[114.13411968103405,22.364379439599986],[114.13414052815266,22.36437379197945]]]},"properties":{"OBJECTID":220465,"Shape__Length":9.481720315240409,"Shape__Area":5.6011029992291039,"GeoRefNo":"3186625027","DateCreate":1114790400000,"BuildingBlockType":"Tower","BuildingCSUID":"3186625027T20050430","BuildingID":1100008924,"Status":"Active","BuildingNameEN":"VANTA INDUSTRIAL CENTRE","BuildingNameTC":"宏達工業中心","BaseHeight":8.1999999999999993,"TopHeight":12.199999999999999,"Storeys":null,"StoreysInBasement":null,"DateStamp":1273075200000}},{"type":"Feature","id":220466,"geometry":{"type":"Polygon","coordinates":[[[114.12831742681688,22.364976089114087],[114.12835669219317,22.365067983112777],[114.12830714776092,22.36508651501391],[114.12826788241198,22.364994621003483],[114.12831742681688,22.364976089114087]]]},"properties":{"OBJECTID":220466,"Shape__Length":32.900287983239359,"Shape__Area":60.225568754751762,"GeoRefNo":"3126625097","DateCreate":1114790400000,"BuildingBlockType":"Tower","BuildingCSUID":"3126625097T20050430","BuildingID":1100008781,"Status":"Active","BuildingNameEN":"Lee Wai Lee College Substation","BuildingNameTC":"李惠利中學變電站","BaseHeight":72.599999999999994,"TopHeight":77,"Storeys":null,"StoreysInBasement":null,"DateStamp":1273075200000}},{"type":"Feature","id":220470,"geometry":{"type":"Polygon","coordinates":[[[114.13401764650547,22.362785892796122],[114.13395923591749,22.362839063270552],[114.13372519725986,22.36291240237901],[114.13366820597881,22.362873841219209],[114.1335833877817,22.362641153562084],[114.13403253563419,22.362499196813168],[114.13405743547159,22.362569548717509],[114.13403180135009,22.36257766040212],[114.13408536358689,22.362728243801655],[114.13400620432833,22.362752743156715],[114.13401764650547,22.362785892796122]]]},"properties":{"OBJECTID":220470,"Shape__Length":158.18228282279051,"Shape__Area":1456.5706859251184,"GeoRefNo":"3183524856","DateCreate":1114790400000,"BuildingBlockType":"Tower","BuildingCSUID":"3183524856T20050430","BuildingID":1100009209,"Status":"Active","BuildingNameEN":"Effort Industrial Building","BuildingNameTC":"力豐工業大廈","BaseHeight":8.8000000000000007,"TopHeight":54.600000000000001,"Storeys":13,"StoreysInBasement":null,"DateStamp":1599580800000}},{"type":"Feature","id":220479,"geometry":{"type":"Polygon","coordinates":[[[114.1322206711309,22.36410842654216],[114.13223130275766,22.364138883351277],[114.13223729913992,22.364156061546844],[114.13228105999752,22.364143050740608],[114.13235747778317,22.36436540632895],[114.13217274725712,22.364420329621161],[114.13213941614541,22.364323344678873],[114.13219467350565,22.364306915848879],[114.13219659499451,22.364312507006911],[114.13222919446,22.364302814660995],[114.13218603406105,22.364177228915519],[114.13195853128288,22.364244868802942],[114.13194072235139,22.364192071313763],[114.1319123594383,22.364200570217182],[114.13188786680412,22.364129637537591],[114.13191549181562,22.364121138433646],[114.13190906022859,22.364103924434716],[114.13216311238119,22.364027858229086],[114.13216855403509,22.364043934096621],[114.13219518869188,22.364035425641013],[114.1322206711309,22.36410842654216]]]},"properties":{"OBJECTID":220479,"Shape__Length":179.9442077876563,"Shape__Area":890.42369118404235,"GeoRefNo":"3165524991","DateCreate":1114790400000,"BuildingBlockType":"Tower","BuildingCSUID":"3165524991T20050430","BuildingID":1100008919,"Status":"Active","BuildingNameEN":"CNEC Ta Tung School","BuildingNameTC":"中華傳道會許大同學校","BaseHeight":7.2000000000000002,"TopHeight":27.199999999999999,"Storeys":null,"StoreysInBasement":null,"DateStamp":1273075200000}},{"type":"Feature","id":220495,"geometry":{"type":"Polygon","coordinates":[[[114.13227943894367,22.365022097536755],[114.13227974408296,22.365021240170798],[114.13228005223182,22.365020383618425],[114.13228036271066,22.365019527789137],[114.13228067483989,22.365018672321508],[114.13228098803705,22.365017817125111],[114.13228130133128,22.365016962019038],[114.13228161433429,22.365016106732259],[114.13228192607517,22.365015251174235],[114.13228223606858,22.365014395164192],[114.13228254344074,22.36501353843099],[114.13228284770625,22.365012680793885],[114.13228314799136,22.365011822162302],[114.1322834436165,22.365010962174882],[114.13228373390204,22.365010100831398],[114.13228401826558,22.365009237770458],[114.13228429583329,22.365008372901578],[114.13228457388688,22.365007506678218],[114.13228486174688,22.365006639825431],[114.13228515630641,22.365005772252044],[114.1322854545557,22.365004903776619],[114.13228575290233,22.365004034488475],[114.13228604833655,22.365003164115858],[114.13228633746026,22.365002292477225],[114.13228661706938,22.365001419662015],[114.13228688396002,22.365000545398409],[114.13228713473396,22.364999669685485],[114.13228736618728,22.364998792251413],[114.13228757521308,22.364997913095401],[114.13228775831611,22.364997032126137],[114.13228791229236,22.364996149252441],[114.13228803403501,22.364995264202552],[114.13228812043717,22.364994376885299],[114.13228817586835,22.364993486037623],[114.13228820362966,22.364992591570108],[114.1322882059541,22.364991693934886],[114.13228818488031,22.364990793855021],[114.13228814225297,22.364989891601866],[114.13228808030502,22.364988987717886],[114.13228800088093,22.364988082745452],[114.13228790621375,22.364987177226986],[114.13228779805091,22.364986271524188],[114.13228767872251,22.364985366179543],[114.1322875499759,22.364984461825678],[114.13228741404416,22.364983558734096],[114.13228727286888,22.364982657627788],[114.13228712848884,22.364981758778239],[114.13228698294282,22.364980862818143],[114.13228683817242,22.36497997028988],[114.13228668456574,22.364979080919863],[114.1322865130934,22.36497819416379],[114.1322863259887,22.364977309661036],[114.13228612529063,22.364976427050962],[114.13228591313523,22.364975546153541],[114.13228569156159,22.364974666517831],[114.1322854628029,22.36497378787346],[114.13228522889813,22.364972909950119],[114.1322849919834,22.364972032477503],[114.13228475419484,22.364971155004643],[114.13228451757145,22.364970277351464],[114.13228428434643,22.364969399157413],[114.13228405646173,22.364968520061772],[114.13228383615052,22.364967639703917],[114.13228362545176,22.364966757994164],[114.13228342960878,22.364965873850224],[114.13228325939936,22.364964985017462],[114.13228310724992,22.364964092938692],[114.13228296306242,22.364963199417215],[114.13228274008183,22.364961859404062],[114.13228231779969,22.364961045816639],[114.13228190406302,22.364960227626003],[114.13228149586151,22.364959406547118],[114.13228108979638,22.364958584294854],[114.13228068285726,22.364957762493841],[114.13228027183966,22.364956942859067],[114.13227985353896,22.364956127105415],[114.13227942484775,22.364955316947839],[114.13227898246436,22.364954514101235],[114.13227852337845,22.364953720099955],[114.13227804428836,22.364952936839526],[114.13227755121507,22.36495216007722],[114.13227705707429,22.364951381689128],[114.13227656108904,22.364950602487767],[114.13227606228811,22.364949823466254],[114.13227555989445,22.364949045617717],[114.1322750527426,22.364948269935216],[114.13227454015271,22.364947497321577],[114.13227402105635,22.36494672886019],[114.13227349448239,22.364945965453874],[114.13227295955667,22.364945208095691],[114.13227241530797,22.364944457778776],[114.13227186095922,22.36494371540595],[114.13227129534505,22.364942982150879],[114.13227071768837,22.364942258826101],[114.13227012701803,22.364941546424664],[114.13226952236278,22.364940845939696],[114.13226890284848,22.36494015827402],[114.1322682691558,22.364939480267104],[114.13226762225619,22.364938810203423],[114.13226696273213,22.364938148354071],[114.13226629126331,22.364937494538591],[114.13226560852925,22.364936849028137],[114.13226491511257,22.364936211732509],[114.13226421159575,22.364935582742181],[114.13226349865843,22.364934962147696],[114.13226277688315,22.364934349949149],[114.13226204704664,22.364933746237114],[114.13226130963426,22.364933151011666],[114.13226056532568,22.364932564453657],[114.13225981480052,22.364931986563256],[114.13225905864131,22.364931417340621],[114.13225829743058,22.364930856876196],[114.13225753194504,22.364930305170247],[114.13225676043648,22.364929764118664],[114.13225597571817,22.364929239860235],[114.13225517808173,22.36492873131138],[114.13225436908118,22.364928236756754],[114.1322535500764,22.364927754390596],[114.13225272252419,22.364927282587814],[114.13225188788152,22.364926819632998],[114.13225104741117,22.36492636363009],[114.13225020276424,22.364925912863757],[114.13224935510632,22.364925465799089],[114.1322485059915,22.364925020449842],[114.13224765687667,22.364924575100581],[114.1322468091216,22.364924128216497],[114.13224596408622,22.364923677811245],[114.13224512332448,22.364923222350061],[114.13224398590853,22.364922589537624],[114.13225505645703,22.364901488390952],[114.13225592898641,22.36490188443986],[114.13225679753262,22.364902288073342],[114.13225766190156,22.364902699200996],[114.13225852219024,22.364903117913194],[114.13225937820455,22.364903544119535],[114.13226022984739,22.364903977729742],[114.13226107711877,22.36490441874377],[114.13226191982454,22.364904867161574],[114.13226275806178,22.364905322892902],[114.13226359163635,22.364905785847341],[114.13226442054821,22.364906256115258],[114.13226524460325,22.364906733606279],[114.13226606389853,22.364907218230094],[114.13226687814281,22.364907709986646],[114.13226768753024,22.364908208875981],[114.13226849176971,22.364908714717426],[114.13226929095816,22.364909227510989],[114.13227008490148,22.364909747346911],[114.13227087350261,22.364910274044568],[114.13227165685862,22.364910807604012],[114.13227243477539,22.364911347934843],[114.13227320715579,22.364911895127385],[114.13227397409699,22.364912448910683],[114.13227473530769,22.364913009375037],[114.13227549088496,22.364913576520411],[114.13227624073181,22.364914150166207],[114.13227698475109,22.364914730402685],[114.13227772294289,22.364915317049249],[114.13227845511297,22.364915910105832],[114.13227918126141,22.364916509482136],[114.13227990138819,22.364917115178148],[114.13228061539623,22.364917727193877],[114.13228132318848,22.364918345348634],[114.13228202466784,22.364918969642428],[114.13228271983435,22.364919600075247],[114.13228340868807,22.364920236466499],[114.13228409103469,22.364920878906386],[114.13228476687439,22.364921527214364],[114.13228543620711,22.364922181390391],[114.13228609883868,22.364922841434417],[114.13228675486624,22.364923507165873],[114.13228740409561,22.364924178584687],[114.13228804652682,22.364924855690891],[114.13228868215987,22.364925538303847],[114.13228931089769,22.364926226513813],[114.13228993254613,22.364926920140167],[114.13229054729941,22.364927619092636],[114.13229115496331,22.364928323461495],[114.13229175544083,22.36492903306609],[114.13229234882901,22.364929747816106],[114.13229293493374,22.364930467801845],[114.13229351375502,22.364931192842679],[114.1322940851958,22.364931922848296],[114.13229464935314,22.364932657818709],[114.13229520603292,22.364933397663538],[114.13229575523513,22.364934142382797],[114.13229629686275,22.364934891886165],[114.13229683101288,22.364935645993047],[114.13229735739421,22.364936404793685],[114.13229787620101,22.364937168107488],[114.13229838733618,22.364937935844161],[114.13229889060555,22.364938708093927],[114.13229938610625,22.364939484676217],[114.13229987383826,22.364940265591041],[114.13230035360752,22.36494105065772],[114.13230082541396,22.364941839876227],[114.13230128925763,22.364942633246624],[114.13230174513855,22.364943430588262],[114.13230219295966,22.364944231810817],[114.13230263262386,22.364945037004532],[114.13230306422832,22.364945845898582],[114.13230348757882,22.36494665858319],[114.13230390277253,22.36494747487777],[114.13230430971234,22.364948294782263],[114.13230470839828,22.364949118206432],[114.1323050987333,22.364949945059884],[114.13230548071741,22.364950775252378],[114.13230585425353,22.364951608783816],[114.13230621943876,22.36495244556394],[114.13230657617612,22.364953285412156],[114.13230692446551,22.364954128418709],[114.13230726421,22.364954974312706],[114.13230759540949,22.364955823184413],[114.13230791806404,22.364956674943542],[114.13230823207661,22.364957529499776],[114.13230853754429,22.364958386672512],[114.13230883427296,22.364959246461687],[114.13230912235966,22.364960108867372],[114.13230940170742,22.364960973708872],[114.13230967231617,22.364961840986233],[114.13230993428304,22.364962710609145],[114.13231018741396,22.36496358239695],[114.1323104317089,22.364964456349657],[114.13231066716784,22.364965332467271],[114.13231089388793,22.364966210569207],[114.13231111167501,22.364967090655394],[114.13231132052914,22.364967972545234],[114.13231152054743,22.36496885614844],[114.13231171172983,22.364969741555335],[114.13231189388223,22.364970628585233],[114.13231206710176,22.364971517147868],[114.13231223138844,22.364972407152962],[114.13231238664518,22.364973298600411],[114.13231253296914,22.364974191309702],[114.1323126702632,22.364975085280804],[114.13231279852742,22.364975980423356],[114.13231291776181,22.364976876647123],[114.1323130279664,22.364977773861753],[114.13231312914121,22.364978671976949],[114.13231322128627,22.364979570992716],[114.13231330430453,22.364980470728423],[114.13231337829306,22.364981371184079],[114.13231344315484,22.36498227217907],[114.13231349898699,22.364983173713398],[114.13231354569238,22.364984075787056],[114.13231358327111,22.364984978129119],[114.13231361182025,22.364985880829913],[114.13231363124278,22.364986783618519],[114.13231364163573,22.364987686675551],[114.13231364280504,22.36498858973005],[114.13231363494488,22.364989492691745],[114.13231361795815,22.364990395650949],[114.13231359194201,22.364991298336733],[114.13231355679936,22.364992200839406],[114.13231351253025,22.364993102978353],[114.13231345913471,22.36499400466327],[114.13231339670986,22.364994905803847],[114.13231332515858,22.364995806400092],[114.13231324457803,22.364996706361712],[114.13231315496826,22.364997605508123],[114.13231305623216,22.364998503929559],[114.13231294846686,22.364999401355146],[114.13231283167237,22.365000297875202],[114.13231270575166,22.365001193309102],[114.1323125708989,22.365002087566545],[114.13231242711414,22.365002980647596],[114.1323122742032,22.365003872461827],[114.1323121123603,22.365004762919025],[114.13231194158547,22.365005651838597],[114.13231176178165,22.365006539310784],[114.13231157314303,22.365007425155042],[114.13231137547545,22.365008309281027],[114.13231116897313,22.365009191688767],[114.132310953539,22.36501007219762],[114.13231072927017,22.365010950807658],[114.13231049616668,22.365011827428543],[114.1323102542285,22.365012702060255],[114.13231000355283,22.365013574431945],[114.13230974394544,22.365014444633854],[114.13230947569771,22.365015312485422],[114.13230919871243,22.365016178076964],[114.13230891298976,22.36501704113758],[114.13230861852971,22.365017901667201],[114.13230831542936,22.365018759575602],[114.13230800378581,22.365019614772493],[114.1323076834049,22.365020467257803],[114.13230735457795,22.365021316941334],[114.1323070171108,22.365022163732718],[114.13230667110062,22.365023007451359],[114.13230631664439,22.36502384818759],[114.13230595374225,22.365024685760822],[114.13230558249126,22.365025520171063],[114.13230520269727,22.365026351327955],[114.13230481465162,22.365027179050976],[114.13230441825718,22.365028003430396],[114.13230401351399,22.365028824285606],[114.13230360051915,22.365029641616648],[114.13230317936984,22.365030455242902],[114.13230275006605,22.365031265164404],[114.13230231251065,22.365032071381091],[114.13230186689792,22.365032873712458],[114.13227943894367,22.365022097536755]]]},"properties":{"OBJECTID":220495,"Shape__Length":35.201179996211572,"Shape__Area":39.723809840993326,"GeoRefNo":"3167625091","DateCreate":1196697600000,"BuildingBlockType":"Open-sided Structure","BuildingCSUID":"3167625091T20071204","BuildingID":1100008793,"Status":"Active","BuildingNameEN":null,"BuildingNameTC":null,"BaseHeight":null,"TopHeight":null,"Storeys":null,"StoreysInBasement":null,"DateStamp":1273075200000}},{"type":"Feature","id":220498,"geometry":{"type":"Polygon","coordinates":[[[114.13257692174855,22.363249695012946],[114.13260548531402,22.363240869953646],[114.13261485192682,22.363267474778084],[114.13258628835651,22.363276299838979],[114.13257692174855,22.363249695012946]]]},"properties":{"OBJECTID":220498,"Shape__Length":12.400116229349555,"Shape__Area":9.6100933778376589,"GeoRefNo":"3170624901","DateCreate":1135180800000,"BuildingBlockType":"Tower","BuildingCSUID":"3170624901T20051222","BuildingID":1100009134,"Status":"Active","BuildingNameEN":null,"BuildingNameTC":null,"BaseHeight":7.5999999999999996,"TopHeight":19.300000000000001,"Storeys":null,"StoreysInBasement":null,"DateStamp":1273075200000}},{"type":"Feature","id":220504,"geometry":{"type":"Polygon","coordinates":[[[114.13136930253079,22.364976909778616],[114.13133401705846,22.364975708014196],[114.13133402761802,22.364975481169971],[114.13133450883942,22.364965205451885],[114.13133562108079,22.364940509761599],[114.13138016177426,22.364942274018123],[114.13138220208023,22.36489909722318],[114.13140613477267,22.364899961842251],[114.13140522460125,22.364922230902717],[114.13145605113215,22.36492440345717],[114.13145603541508,22.364924666963962],[114.1314534739379,22.364967568723994],[114.13145274781829,22.364978875571335],[114.13145272752084,22.364979191815213],[114.13144061544432,22.364978726868426],[114.13136930253079,22.364976909778616]]]},"properties":{"OBJECTID":220504,"Shape__Length":41.763321929273033,"Shape__Area":71.039633226739241,"GeoRefNo":"3158325088","DateCreate":1196697600000,"BuildingBlockType":"Open-sided Structure","BuildingCSUID":"3158325088T20071204","BuildingID":1100008803,"Status":"Active","BuildingNameEN":null,"BuildingNameTC":null,"BaseHeight":null,"TopHeight":null,"Storeys":null,"StoreysInBasement":null,"DateStamp":1273075200000}},{"type":"Feature","id":220505,"geometry":{"type":"Polygon","coordinates":[[[114.12835867238279,22.363395808776524],[114.12835828464328,22.363369609248739],[114.12835793238607,22.363345806437611],[114.12839367645857,22.363364987715272],[114.12840208076582,22.363369497734983],[114.12838079453984,22.363382399894949],[114.12835867238279,22.363395808776524]]]},"properties":{"OBJECTID":220505,"Shape__Length":16.123723882546152,"Shape__Area":12.488882923430518,"GeoRefNo":"3127224913","DateCreate":1192550400000,"BuildingBlockType":"Open-sided Structure","BuildingCSUID":"3127224913T20071017","BuildingID":1100009120,"Status":"Active","BuildingNameEN":"SHING FU HOUSE","BuildingNameTC":"盛富樓","BaseHeight":33,"TopHeight":35.5,"Storeys":null,"StoreysInBasement":null,"DateStamp":1273075200000}},{"type":"Feature","id":220520,"geometry":{"type":"Polygon","coordinates":[[[114.13531085133856,22.361522863866778],[114.13534457069169,22.361554940701634],[114.13531413912064,22.361600934500704],[114.13526909280174,22.361558361980439],[114.13531085133856,22.361522863866778]]]},"properties":{"OBJECTID":220520,"Shape__Length":23.389367979037111,"Shape__Area":33.668390271413877,"GeoRefNo":"3198624713","DateCreate":1114790400000,"BuildingBlockType":"Tower","BuildingCSUID":"3198624713T20050430","BuildingID":1100009555,"Status":"Active","BuildingNameEN":"Chiap Luen Industrial Building Substation","BuildingNameTC":"捷聯工業大廈變電站","BaseHeight":21.100000000000001,"TopHeight":28.300000000000001,"Storeys":null,"StoreysInBasement":null,"DateStamp":1273075200000}},{"type":"Feature","id":220525,"geometry":{"type":"Polygon","coordinates":[[[114.13238944375051,22.363295508792039],[114.13223770521242,22.362863981901366],[114.13216723206884,22.362664746140712],[114.13223209560348,22.362644932586456],[114.13224874658407,22.362693073676322],[114.1323836863267,22.362652695482854],[114.13244910129903,22.362841821333525],[114.13250363177178,22.362825503993072],[114.13251582275979,22.362860750203048],[114.13249271660717,22.362867664253205],[114.13252626548551,22.362964659494377],[114.13254937165252,22.36295774534927],[114.1325615626635,22.362992991555274],[114.13250703213224,22.363009308824523],[114.13257066329074,22.363193276515378],[114.13243572308058,22.36323365486124],[114.13245034203855,22.363277106801881],[114.13238944375051,22.363295508792039]]]},"properties":{"OBJECTID":220525,"Shape__Length":206.65351159244204,"Shape__Area":1506.0618312997376,"GeoRefNo":"3169124863","DateCreate":1114790400000,"BuildingBlockType":"Tower","BuildingCSUID":"3169124863T20050430","BuildingID":1100009130,"Status":"Active","BuildingNameEN":"Wing Cheung Industrial Building","BuildingNameTC":"永祥工業大廈","BaseHeight":6.7999999999999998,"TopHeight":78.400000000000006,"Storeys":15,"StoreysInBasement":null,"DateStamp":1599580800000}},{"type":"Feature","id":220526,"geometry":{"type":"Polygon","coordinates":[[[114.12828808798366,22.363395462526992],[114.12827126533026,22.363374582568561],[114.12825558649324,22.363355122372294],[114.12828133762241,22.36335282252243],[114.12830980327951,22.363350280199263],[114.12828808798366,22.363395462526992]]]},"properties":{"OBJECTID":220526,"Shape__Length":16.672499089201477,"Shape__Area":13.369940006780025,"GeoRefNo":"3126324913","DateCreate":1192550400000,"BuildingBlockType":"Open-sided Structure","BuildingCSUID":"3126324913T20071017","BuildingID":1100009122,"Status":"Active","BuildingNameEN":"SHING FU HOUSE","BuildingNameTC":"盛富樓","BaseHeight":33,"TopHeight":35.5,"Storeys":null,"StoreysInBasement":null,"DateStamp":1273075200000}},{"type":"Feature","id":220551,"geometry":{"type":"Polygon","coordinates":[[[114.1282534247466,22.361441919659129],[114.12827250069328,22.361447677839099],[114.12825079067665,22.361506451144969],[114.12823195744485,22.36150069303531],[114.1282534247466,22.361441919659129]]]},"properties":{"OBJECTID":220551,"Shape__Length":17.862904698036193,"Shape__Area":14.123918000611075,"GeoRefNo":"3126024703","DateCreate":1114790400000,"BuildingBlockType":"Tower","BuildingCSUID":"3126024703T20050430","BuildingID":1100009579,"Status":"Active","BuildingNameEN":null,"BuildingNameTC":null,"BaseHeight":19.300000000000001,"TopHeight":21.899999999999999,"Storeys":null,"StoreysInBasement":null,"DateStamp":1273075200000}},{"type":"Feature","id":220552,"geometry":{"type":"Polygon","coordinates":[[[114.12877222374223,22.364890627253466],[114.12875429779967,22.364846796441675],[114.12880182802432,22.364829979698506],[114.12882146733631,22.364873275592508],[114.12881153664431,22.36487671788883],[114.12877222374223,22.364890627253466]]]},"properties":{"OBJECTID":220552,"Shape__Length":21.057877680916185,"Shape__Area":27.685001469725965,"GeoRefNo":"3131525078","DateCreate":1192550400000,"BuildingBlockType":"Open-sided Structure","BuildingCSUID":"3131525078T20071017","BuildingID":1100008814,"Status":"Active","BuildingNameEN":"DAUGHTER OF MARY HELP OF CHRISTIANS SIU MING CATHOLIC SECONDARY SCHOOL","BuildingNameTC":"天主教母佑會蕭明中學","BaseHeight":null,"TopHeight":null,"Storeys":null,"StoreysInBasement":null,"DateStamp":1273075200000}},{"type":"Feature","id":220856,"geometry":{"type":"Polygon","coordinates":[[[114.13069820048733,22.365087271983132],[114.13069819922715,22.365087265842014],[114.13067743907629,22.365091072799476],[114.13067314552768,22.365070678355],[114.13062855686893,22.365078830418092],[114.13061479783013,22.365011573790301],[114.13065677173145,22.365004222084391],[114.13067919707746,22.365018399295632],[114.13070457591169,22.365034443597079],[114.13070966212307,22.365058946711507],[114.13071498440374,22.36508421712777],[114.13069820048733,22.365087271983132]]]},"properties":{"OBJECTID":220856,"Shape__Length":34.471846851714204,"Shape__Area":65.222333943109376,"GeoRefNo":"3150825100","DateCreate":1196611200000,"BuildingBlockType":"Open-sided Structure","BuildingCSUID":"3150825100T20071203","BuildingID":1100008780,"Status":"Active","BuildingNameEN":"SKH LAM WOO MEMORIAL SECONDARY SCHOOL","BuildingNameTC":"聖公會林護紀念中學","BaseHeight":null,"TopHeight":null,"Storeys":null,"StoreysInBasement":null,"DateStamp":1273075200000}},{"type":"Feature","id":220865,"geometry":{"type":"Polygon","coordinates":[[[114.12933613456704,22.360334552601675],[114.12928848292989,22.360287558461408],[114.12934054462578,22.36023853155088],[114.12938998682417,22.360285336378706],[114.12933613456704,22.360334552601675]]]},"properties":{"OBJECTID":220865,"Shape__Length":29.826376855986616,"Shape__Area":55.526829469686675,"GeoRefNo":"3137124572","DateCreate":1193932800000,"BuildingBlockType":"Open-sided Structure","BuildingCSUID":"3137124572T20071102","BuildingID":1100009863,"Status":"Active","BuildingNameEN":null,"BuildingNameTC":null,"BaseHeight":null,"TopHeight":null,"Storeys":null,"StoreysInBasement":null,"DateStamp":1273075200000}},{"type":"Feature","id":220909,"geometry":{"type":"Polygon","coordinates":[[[114.12874848367234,22.359898242838764],[114.12865631107553,22.359812597906284],[114.12868463687087,22.359787766547846],[114.12868412163157,22.359775606943497],[114.12869941479079,22.359774431920492],[114.12872305703264,22.359751674111639],[114.12872451538783,22.359739510939715],[114.1287373416427,22.359738340417813],[114.12876271067299,22.359715579413447],[114.12885463666849,22.359801224755181],[114.12884330666857,22.359811340847976],[114.1288608485909,22.359825993413125],[114.1288349898181,22.359850820295922],[114.12885327519622,22.359867307096039],[114.12885968858097,22.359866836608461],[114.12886161552511,22.359840905873114],[114.12887048310012,22.359833318144688],[114.12888232825945,22.359835361653651],[114.12888924409152,22.359839938034966],[114.12888851720712,22.359847281550923],[114.12889271151246,22.359847503318818],[114.12890379308708,22.359836469916392],[114.12889168465959,22.359825249127837],[114.12890769199359,22.359809617835541],[114.1288980538217,22.359800228180173],[114.12898893566731,22.359716774966248],[114.12901463353364,22.359739672647024],[114.12902943673804,22.359740334171107],[114.12903044988526,22.359755016695111],[114.12905515933751,22.359776998470362],[114.12906946864221,22.359777431372219],[114.12906949295864,22.359790968530849],[114.12909272517203,22.359814559107996],[114.12900209002458,22.359898011910236],[114.12899393529683,22.359890455087204],[114.1289276831982,22.359951607521197],[114.12896518182474,22.359951768879913],[114.12898094287203,22.359936367515843],[114.1289970034026,22.359950334480644],[114.12900587016306,22.359942287812267],[114.12923865039231,22.360158689748946],[114.12914407614257,22.360246738649369],[114.12912677911224,22.360231167871394],[114.12911594300265,22.360241512510768],[114.12897184978335,22.36010813576414],[114.12889996752691,22.360041370540777],[114.12890380747987,22.360037867644728],[114.1289108045479,22.36003148475794],[114.12889446173642,22.360014531570222],[114.12889424482228,22.36001430646478],[114.12891059250006,22.359997452898526],[114.12891074313629,22.359997297708006],[114.1289101956495,22.35996724144746],[114.12890989509127,22.359967450867188],[114.12890934544357,22.359967833870609],[114.12890855749311,22.359968361472848],[114.12890775935301,22.359968875616577],[114.12890695131459,22.359969376211517],[114.12890613366918,22.359969863077197],[114.12890530661096,22.359970336123343],[114.12890447052843,22.359970795079182],[114.12890362551867,22.359971239764096],[114.12890277206721,22.359971670178233],[114.12890191027108,22.359972086141038],[114.12890104061586,22.359972487472003],[114.12890016319867,22.359972874080881],[114.12889927840791,22.359973245696874],[114.12889838643778,22.359973602410317],[114.12889748767668,22.35997394395044],[114.12889658241589,22.359974270317313],[114.12889567094675,22.359974581330423],[114.12889475356052,22.359974876899532],[114.12889383054853,22.359975156844108],[114.12889290220204,22.359975421254561],[114.12889196890944,22.35997566995043],[114.12889103086498,22.359975902751085],[114.128890088457,22.359976119747],[114.12888914197676,22.35997632084792],[114.12888819171559,22.359976505873362],[114.1288872379648,22.359976674733105],[114.12888628111267,22.359976827607817],[114.12888532145055,22.359976964226732],[114.12888435926972,22.359977084589911],[114.12888339486139,22.359977188787727],[114.12888242861398,22.359977276639722],[114.1288814607217,22.359977348145922],[114.12888049166995,22.35997740330648],[114.12887952175002,22.359977442031191],[114.12887855115608,22.359977464410409],[114.12887758037358,22.359977470444253],[114.12887660949961,22.359977460042497],[114.12887563911666,22.359977433295565],[114.12887466932186,22.359977390113226],[114.12887370060065,22.359977330585885],[114.12887273314716,22.359977254713659],[114.12887176734976,22.359977162496605],[114.12887080349968,22.359977054025137],[114.12886984198526,22.359976929299371],[114.12886888300072,22.359976788319369],[114.12886792693432,22.359976631175545],[114.12886697417443,22.359976457958318],[114.12886602481811,22.359976268667729],[114.12886507944791,22.359976063303943],[114.12886413816079,22.359975842137885],[114.12886320134518,22.359975604989092],[114.12886226929226,22.359975352128561],[114.12886134239038,22.359975083556385],[114.12886042083367,22.359974799362956],[114.12885950501044,22.359974499728967],[114.12885859511486,22.359974184564201],[114.12885769163231,22.359973854230002],[114.12885679465987,22.359973508545806],[114.12885590458581,22.359973147872957],[114.12885502170136,22.359972772211488],[114.1288541463949,22.359972381651854],[114.12885327876339,22.359971976465065],[114.12885241919516,22.359971556651129],[114.12885156788434,22.359971122390753],[114.12885072531631,22.359970673774402],[114.12884989158815,22.359970211073033],[114.12884906699101,22.359969734376989],[114.12884825191323,22.359969243776742],[114.12884744645181,22.359968739543188],[114.12884665109218,22.359968221766831],[114.12884586583426,22.359967690628238],[114.12884509116338,22.359967146398507],[114.12884432717665,22.359966589077629],[114.12884357426232,22.35996601902697],[114.12884283251736,22.359965436336843],[114.12884210233015,22.359964841187967],[114.12876030789953,22.359888584657917],[114.12875971433317,22.359889069512342],[114.12874848367234,22.359898242838764]]]},"properties":{"OBJECTID":220909,"Shape__Length":247.48787255159513,"Shape__Area":1226.2483047907351,"GeoRefNo":"3134124547","DateCreate":1114790400000,"BuildingBlockType":"Tower","BuildingCSUID":"3134124547T20050430","BuildingID":1100009876,"Status":"Active","BuildingNameEN":"Kwai Kin House","BuildingNameTC":"葵健樓","BaseHeight":6.2000000000000002,"TopHeight":82.099999999999994,"Storeys":26,"StoreysInBasement":null,"DateStamp":1786636800000}},{"type":"Feature","id":221383,"geometry":{"type":"Polygon","coordinates":[[[114.12936077736977,22.359588755577242],[114.12964670694157,22.359856414274013],[114.12957761693093,22.359921161208401],[114.12954497622162,22.359891865614461],[114.12952969003658,22.359905434061577],[114.12973443279816,22.360095044930048],[114.12966362409357,22.360160270018135],[114.12937693673632,22.359892168641341],[114.12944626970013,22.359826961305693],[114.12948019108518,22.359858758755809],[114.12949571051524,22.359844495029343],[114.12929145411653,22.35965418864485],[114.12936077736977,22.359588755577242]]]},"properties":{"OBJECTID":221383,"Shape__Length":197.94286728083904,"Shape__Area":866.32961897865482,"GeoRefNo":"3138524512","DateCreate":1114790400000,"BuildingBlockType":"Tower","BuildingCSUID":"3138524512T20050430","BuildingID":1100009895,"Status":"Active","BuildingNameEN":"Kwai Chi House","BuildingNameTC":"葵智樓","BaseHeight":6.2000000000000002,"TopHeight":81.599999999999994,"Storeys":27,"StoreysInBasement":null,"DateStamp":1786636800000}},{"type":"Feature","id":224804,"geometry":{"type":"Polygon","coordinates":[[[114.13010821260437,22.36502846601719],[114.13007843586257,22.365033174794146],[114.13006599701444,22.364952352279666],[114.13009232985556,22.364947820321962],[114.13010821260437,22.36502846601719]]]},"properties":{"OBJECTID":224804,"Shape__Length":23.989167390159665,"Shape__Area":26.578957003111466,"GeoRefNo":"3144925093","DateCreate":1192464000000,"BuildingBlockType":"Temporary Structure","BuildingCSUID":"3144925093T20071016","BuildingID":1100008792,"Status":"Active","BuildingNameEN":"SKH LAM WOO MEMORIAL SECONDARY SCHOOL","BuildingNameTC":"聖公會林護紀念中學","BaseHeight":null,"TopHeight":null,"Storeys":null,"StoreysInBasement":null,"DateStamp":1412784000000}},{"type":"Feature","id":232374,"geometry":{"type":"Polygon","coordinates":[[[114.12944717352779,22.364989895332723],[114.1292703263839,22.365062322595193],[114.12918276689597,22.365098419010952],[114.12904562699245,22.364809301923462],[114.12913663291384,22.364773658122928],[114.12931940254978,22.364700537390167],[114.12959860638217,22.364587872781588],[114.12972662118271,22.364875388348974],[114.12944717352779,22.364989895332723]]]},"properties":{"OBJECTID":232374,"Shape__Length":192.680081619493,"Shape__Area":2135.3633539684479,"GeoRefNo":"3135025085","DateCreate":1114790400000,"BuildingBlockType":"Tower","BuildingCSUID":"3135025085T20050430","BuildingID":1100008777,"Status":"Active","BuildingNameEN":"Hong Kong Institute of Construction Kwai Chung Campus","BuildingNameTC":"香港建造學院葵涌院校","BaseHeight":61.399999999999999,"TopHeight":100.7,"Storeys":8,"StoreysInBasement":null,"DateStamp":1599580800000}},{"type":"Feature","id":234292,"geometry":{"type":"Polygon","coordinates":[[[114.13349224873184,22.365321354960493],[114.13342483140397,22.365130677149939],[114.13342383663435,22.365127767242676],[114.13341958041781,22.365115316506259],[114.13341262770338,22.36509497786167],[114.1334091168623,22.365084707478218],[114.13348145104787,22.36508093403771],[114.13349107680349,22.365107825143394],[114.13355370197519,22.365089251805848],[114.13354377901381,22.365061727944582],[114.13398234903079,22.364927655473053],[114.13400747829031,22.364920285705278],[114.13405056308474,22.364943174078991],[114.1340611235148,22.364973009987207],[114.1341119544,22.36511801959492],[114.13412561021821,22.365155201757759],[114.13409221256437,22.365213346290357],[114.13393121929819,22.365262838662868],[114.13364379976511,22.365350010451042],[114.13351618608007,22.365389057556975],[114.13349224873184,22.365321354960493]]]},"properties":{"OBJECTID":234292,"Shape__Length":205.87465797887219,"Shape__Area":2238.5171245896327,"GeoRefNo":"3183325119","DateCreate":1131552000000,"BuildingBlockType":"Podium","BuildingCSUID":"3183325119P20051110","BuildingID":1100014972,"Status":"Active","BuildingNameEN":"Manhattan Centre","BuildingNameTC":"萬泰中心","BaseHeight":7,"TopHeight":21.5,"Storeys":3,"StoreysInBasement":null,"DateStamp":1599580800000}},{"type":"Feature","id":234294,"geometry":{"type":"Polygon","coordinates":[[[114.13362836190726,22.364539366555018],[114.13364240812332,22.364535038532583],[114.13395481024389,22.364438778514881],[114.13404096941187,22.364729307176368],[114.13402141411613,22.364764855250392],[114.13373753194386,22.364851617618847],[114.13372380437195,22.364812353682396],[114.13362836190726,22.364539366555018]]]},"properties":{"OBJECTID":234294,"Shape__Length":140.35127840862538,"Shape__Area":1254.6146696983581,"GeoRefNo":"3184825044","DateCreate":1184515200000,"BuildingBlockType":"Podium","BuildingCSUID":"3184825044P20070716","BuildingID":1100014979,"Status":"Active","BuildingNameEN":"CHING CHEONG INDUSTRIAL BUILDING","BuildingNameTC":"禎昌工業大廈","BaseHeight":7.9000000000000004,"TopHeight":23.5,"Storeys":2,"StoreysInBasement":null,"DateStamp":1599580800000}},{"type":"Feature","id":234513,"geometry":{"type":"Polygon","coordinates":[[[114.1333267546256,22.364614898510307],[114.13336433939112,22.364603401528647],[114.13362249183419,22.364524433979899],[114.13362836190726,22.364539366555018],[114.13372380437195,22.364812353682396],[114.13373753194386,22.364851617618847],[114.13348957657604,22.364927353789064],[114.13342668034373,22.364897834156309],[114.1333267546256,22.364614898510307]]]},"properties":{"OBJECTID":234513,"Shape__Length":137.2993581701426,"Shape__Area":1209.0906584328893,"GeoRefNo":"3179125066","DateCreate":1184515200000,"BuildingBlockType":"Podium","BuildingCSUID":"3179125066P20070716","BuildingID":1100014978,"Status":"Active","BuildingNameEN":"KWAI FONG INDUSTRIAL BUILDING","BuildingNameTC":"貴豐工業大廈","BaseHeight":7.4000000000000004,"TopHeight":22.600000000000001,"Storeys":4,"StoreysInBasement":null,"DateStamp":1599580800000}},{"type":"Feature","id":234515,"geometry":{"type":"Polygon","coordinates":[[[114.1305084324258,22.364481186981575],[114.13048843634488,22.364467165856983],[114.13051506101812,22.364430681056081],[114.13050711877707,22.364372612397155],[114.13049922521793,22.364372844932216],[114.13052116676276,22.364346436874591],[114.13053761497886,22.364343298950466],[114.13054960644729,22.36434100862154],[114.1305670450506,22.364337681336185],[114.13056584362511,22.364330113398413],[114.13056513632738,22.364325679199993],[114.13056452592951,22.364321822983989],[114.1305633923216,22.364314697562108],[114.13056233621936,22.364308077872764],[114.13055073637578,22.364300506962397],[114.1305440756434,22.364301435203878],[114.13051977704629,22.364144901862918],[114.13053678702875,22.364116433427746],[114.13058155921846,22.364105221261006],[114.13064806135833,22.36409073719566],[114.13065481230214,22.364081193838004],[114.13068055780356,22.364178460122691],[114.13068677357843,22.364201941304973],[114.13069853604146,22.364246374926129],[114.13070225023102,22.364259687004026],[114.13070275860998,22.36427851582971],[114.13070504731293,22.364286526572922],[114.13070721964404,22.364294121878],[114.13070648783489,22.364305138931147],[114.13069885302176,22.364315702490082],[114.1307052306083,22.364319578410072],[114.13071810226754,22.364327402526818],[114.13072206677717,22.36434715345208],[114.13073663753747,22.364354950959672],[114.13073856728109,22.364362130790237],[114.13073949843425,22.364364921492928],[114.13075444535492,22.364409816573488],[114.13071470491126,22.364383878570361],[114.13069422747361,22.364386870875467],[114.13068067762849,22.36440409728765],[114.13058145596517,22.364417875495139],[114.13055724040021,22.364421238141038],[114.1305084324258,22.364481186981575]]]},"properties":{"OBJECTID":234515,"Shape__Length":133.15852003559556,"Shape__Area":614.38387165089171,"GeoRefNo":"3150325013","DateCreate":1142006400000,"BuildingBlockType":"Podium","BuildingCSUID":"3150325013P20060311","BuildingID":1100014984,"Status":"Active","BuildingNameEN":"GRACE LUTHERAN CHURCH","BuildingNameTC":"基督教香港信義會天恩堂","BaseHeight":22.699999999999999,"TopHeight":30.699999999999999,"Storeys":null,"StoreysInBasement":null,"DateStamp":1413820800000}},{"type":"Feature","id":234516,"geometry":{"type":"Polygon","coordinates":[[[114.13338965539081,22.363954506855915],[114.13312130717306,22.364033321380521],[114.13309605761738,22.363961776045048],[114.13290237989246,22.363412981923222],[114.13286831216936,22.363316657502995],[114.13284456426751,22.363247598187293],[114.13310899663175,22.363163588866165],[114.13325199372383,22.363119971336236],[114.13354017376084,22.36303322268537],[114.13356118847703,22.363104241701862],[114.13375547289742,22.363760819902108],[114.1337768687098,22.363833125838351],[114.13353071827719,22.363911237054605],[114.13339006864568,22.363954385506016],[114.13338965539081,22.363954506855915]]]},"properties":{"OBJECTID":234516,"Shape__Length":329.97744188698522,"Shape__Area":6742.8670168802028,"GeoRefNo":"3177824892","DateCreate":1131552000000,"BuildingBlockType":"Podium","BuildingCSUID":"3177824892P20051110","BuildingID":1100014992,"Status":"Active","BuildingNameEN":"Eastern Sea Industrial Building","BuildingNameTC":"東海工業大廈","BaseHeight":6.7999999999999998,"TopHeight":23.399999999999999,"Storeys":null,"StoreysInBasement":null,"DateStamp":1413820800000}}]}