{"type":"FeatureCollection","features":[{"type":"Feature","id":341212,"geometry":{"type":"LineString","coordinates":[[114.17061506496127,22.322215395486307,6.325700000001234],[114.17076888018558,22.321480472794416,6.1535000000003492]]},"properties":{"OBJECTID":341212,"PedestrianRouteID":240007580,"Location":1,"FeatureType":1,"AliasNameEN":"Fa Yuen Street","AliasNameTC":"花園街","CrossingFeature":null,"WeatherProof":3,"WheelchairBarrier":2,"WheelchairAccess":2,"ObstaclesType":null,"Gradient":0.0020769500000000002,"Direction":0,"PositionCertainty":1,"Enabled":1,"DataSource":1,"LevelSource":2,"StreetNameEN":"Fa Yuen Street","StreetNameTC":"花園街","ST_CODE":10419,"FloorID":null,"BuildingID_1":null,"BuildingID_2":null,"SiteID":null,"TerminalID":null,"AccessTimeID":null,"CreationDate":1614441600000,"ModifiedBy":"LANDSD","LastAmendmentDate":1655654400000,"Shape__Length":82.910043827439011}},{"type":"Feature","id":341213,"geometry":{"type":"LineString","coordinates":[[114.1686843274945,22.321931771980559,4.9674999999988358],[114.16874179609445,22.32165426477458,5.0945000000065193]]},"properties":{"OBJECTID":341213,"PedestrianRouteID":240007581,"Location":1,"FeatureType":1,"AliasNameEN":"Nathan Road","AliasNameTC":"彌敦道","CrossingFeature":null,"WeatherProof":3,"WheelchairBarrier":2,"WheelchairAccess":2,"ObstaclesType":null,"Gradient":0.00405815,"Direction":0,"PositionCertainty":1,"Enabled":1,"DataSource":1,"LevelSource":2,"StreetNameEN":"Nathan Road","StreetNameTC":"彌敦道","ST_CODE":11504,"FloorID":null,"BuildingID_1":null,"BuildingID_2":null,"SiteID":null,"TerminalID":null,"AccessTimeID":null,"CreationDate":1614441600000,"ModifiedBy":"LANDSD","LastAmendmentDate":1655654400000,"Shape__Length":31.294885024100275}},{"type":"Feature","id":341214,"geometry":{"type":"LineString","coordinates":[[114.16874179609445,22.32165426477458,5.0945000000065193],[114.16874593011217,22.321634302857426,5.1665999999968335]]},"properties":{"OBJECTID":341214,"PedestrianRouteID":240007582,"Location":1,"FeatureType":1,"AliasNameEN":"Nathan Road","AliasNameTC":"彌敦道","CrossingFeature":null,"WeatherProof":2,"WheelchairBarrier":2,"WheelchairAccess":2,"ObstaclesType":null,"Gradient":0.032017320000000002,"Direction":0,"PositionCertainty":1,"Enabled":1,"DataSource":1,"LevelSource":2,"StreetNameEN":"Nathan Road","StreetNameTC":"彌敦道","ST_CODE":11504,"FloorID":null,"BuildingID_1":null,"BuildingID_2":null,"SiteID":null,"TerminalID":null,"AccessTimeID":null,"CreationDate":1614441600000,"ModifiedBy":"LANDSD","LastAmendmentDate":1655654400000,"Shape__Length":2.2511365773037433}},{"type":"Feature","id":341215,"geometry":{"type":"LineString","coordinates":[[114.16874593011217,22.321634302857426,5.1665999999968335],[114.16881358492233,22.321307605584462,5.0592000000033295]]},"properties":{"OBJECTID":341215,"PedestrianRouteID":240007583,"Location":1,"FeatureType":1,"AliasNameEN":"Nathan Road","AliasNameTC":"彌敦道","CrossingFeature":null,"WeatherProof":3,"WheelchairBarrier":2,"WheelchairAccess":2,"ObstaclesType":null,"Gradient":0.0029151300000000002,"Direction":0,"PositionCertainty":1,"Enabled":1,"DataSource":1,"LevelSource":12,"StreetNameEN":"Nathan Road","StreetNameTC":"彌敦道","ST_CODE":11504,"FloorID":null,"BuildingID_1":null,"BuildingID_2":null,"SiteID":null,"TerminalID":null,"AccessTimeID":null,"CreationDate":1614441600000,"ModifiedBy":"LANDSD","LastAmendmentDate":1642608000000,"Shape__Length":36.842111272884765}},{"type":"Feature","id":341216,"geometry":{"type":"LineString","coordinates":[[114.16881358492233,22.321307605584462,5.0592000000033295],[114.16888346174626,22.320970174616633,5.0016000000032363]]},"properties":{"OBJECTID":341216,"PedestrianRouteID":240007584,"Location":1,"FeatureType":1,"AliasNameEN":"Nathan Road","AliasNameTC":"彌敦道","CrossingFeature":null,"WeatherProof":2,"WheelchairBarrier":2,"WheelchairAccess":2,"ObstaclesType":null,"Gradient":0.00151369,"Direction":0,"PositionCertainty":1,"Enabled":1,"DataSource":1,"LevelSource":12,"StreetNameEN":"Nathan Road","StreetNameTC":"彌敦道","ST_CODE":11504,"FloorID":null,"BuildingID_1":null,"BuildingID_2":null,"SiteID":null,"TerminalID":null,"AccessTimeID":null,"CreationDate":1614441600000,"ModifiedBy":"LANDSD","LastAmendmentDate":1642608000000,"Shape__Length":38.052551342971903}},{"type":"Feature","id":341217,"geometry":{"type":"LineString","coordinates":[[114.16842673124816,22.321883824453245,5.1891999999934342],[114.16845741007661,22.321889534277439,5.2152999999962049]]},"properties":{"OBJECTID":341217,"PedestrianRouteID":240007585,"Location":1,"FeatureType":1,"AliasNameEN":"Bute Street","AliasNameTC":"弼街","CrossingFeature":null,"WeatherProof":2,"WheelchairBarrier":2,"WheelchairAccess":2,"ObstaclesType":null,"Gradient":0.0080969000000000006,"Direction":0,"PositionCertainty":1,"Enabled":1,"DataSource":1,"LevelSource":12,"StreetNameEN":"Bute Street","StreetNameTC":"弼街","ST_CODE":10100,"FloorID":null,"BuildingID_1":null,"BuildingID_2":null,"SiteID":null,"TerminalID":null,"AccessTimeID":null,"CreationDate":1614441600000,"ModifiedBy":"LANDSD","LastAmendmentDate":1642608000000,"Shape__Length":3.2233844097480744}},{"type":"Feature","id":341218,"geometry":{"type":"LineString","coordinates":[[114.16823076941709,22.321847349551724,5.1916999999957625],[114.16824587684893,22.321850161575508,5.2448000000003958]]},"properties":{"OBJECTID":341218,"PedestrianRouteID":240007586,"Location":1,"FeatureType":1,"AliasNameEN":"Bute Street","AliasNameTC":"弼街","CrossingFeature":null,"WeatherProof":2,"WheelchairBarrier":2,"WheelchairAccess":2,"ObstaclesType":null,"Gradient":0.033440039999999997,"Direction":0,"PositionCertainty":1,"Enabled":1,"DataSource":1,"LevelSource":2,"StreetNameEN":"Bute Street","StreetNameTC":"弼街","ST_CODE":10100,"FloorID":null,"BuildingID_1":null,"BuildingID_2":null,"SiteID":null,"TerminalID":null,"AccessTimeID":null,"CreationDate":1614441600000,"ModifiedBy":"LANDSD","LastAmendmentDate":1655654400000,"Shape__Length":1.5873247745647765}},{"type":"Feature","id":341219,"geometry":{"type":"LineString","coordinates":[[114.16824587684893,22.321850161575508,5.2448000000003958],[114.16842673124816,22.321883824453245,5.1891999999934342]]},"properties":{"OBJECTID":341219,"PedestrianRouteID":240007587,"Location":1,"FeatureType":1,"AliasNameEN":"Bute Street","AliasNameTC":"弼街","CrossingFeature":null,"WeatherProof":3,"WheelchairBarrier":2,"WheelchairAccess":2,"ObstaclesType":null,"Gradient":0.00292597,"Direction":0,"PositionCertainty":1,"Enabled":1,"DataSource":1,"LevelSource":12,"StreetNameEN":"Bute Street","StreetNameTC":"弼街","ST_CODE":10100,"FloorID":null,"BuildingID_1":null,"BuildingID_2":null,"SiteID":null,"TerminalID":null,"AccessTimeID":null,"CreationDate":1614441600000,"ModifiedBy":"LANDSD","LastAmendmentDate":1642608000000,"Shape__Length":19.002202235694433}},{"type":"Feature","id":341220,"geometry":{"type":"LineString","coordinates":[[114.17085754367902,22.317554799994934,5.5097999999998137],[114.17083911909981,22.317645321110504,5.4464000000007218]]},"properties":{"OBJECTID":341220,"PedestrianRouteID":240007588,"Location":1,"FeatureType":1,"AliasNameEN":"Tung Choi Street","AliasNameTC":"通菜街","CrossingFeature":null,"WeatherProof":3,"WheelchairBarrier":2,"WheelchairAccess":2,"ObstaclesType":null,"Gradient":0.0062143900000000002,"Direction":0,"PositionCertainty":1,"Enabled":1,"DataSource":1,"LevelSource":2,"StreetNameEN":"Tung Choi Street","StreetNameTC":"通菜街","ST_CODE":12513,"FloorID":null,"BuildingID_1":null,"BuildingID_2":null,"SiteID":null,"TerminalID":null,"AccessTimeID":null,"CreationDate":1614441600000,"ModifiedBy":"LANDSD","LastAmendmentDate":1655654400000,"Shape__Length":10.201989785873169}},{"type":"Feature","id":341221,"geometry":{"type":"LineString","coordinates":[[114.17086051719946,22.317540190405467,5.5081999999965774],[114.17085754367902,22.317554799994934,5.5097999999998137]]},"properties":{"OBJECTID":341221,"PedestrianRouteID":240007589,"Location":1,"FeatureType":1,"AliasNameEN":"Tung Choi Street","AliasNameTC":"通菜街","CrossingFeature":null,"WeatherProof":2,"WheelchairBarrier":2,"WheelchairAccess":2,"ObstaclesType":null,"Gradient":0.00097172999999999997,"Direction":0,"PositionCertainty":1,"Enabled":1,"DataSource":1,"LevelSource":2,"StreetNameEN":"Tung Choi Street","StreetNameTC":"通菜街","ST_CODE":12513,"FloorID":null,"BuildingID_1":null,"BuildingID_2":null,"SiteID":null,"TerminalID":null,"AccessTimeID":null,"CreationDate":1614441600000,"ModifiedBy":"LANDSD","LastAmendmentDate":1655654400000,"Shape__Length":1.6465407778185197}},{"type":"Feature","id":341222,"geometry":{"type":"LineString","coordinates":[[114.17092947202221,22.317201414611077,5.4428000000043539],[114.17086051719946,22.317540190405467,5.5081999999965774]]},"properties":{"OBJECTID":341222,"PedestrianRouteID":240007590,"Location":1,"FeatureType":1,"AliasNameEN":"Tung Choi Street","AliasNameTC":"通菜街","CrossingFeature":null,"WeatherProof":3,"WheelchairBarrier":2,"WheelchairAccess":2,"ObstaclesType":null,"Gradient":0.0017128899999999999,"Direction":0,"PositionCertainty":1,"Enabled":1,"DataSource":1,"LevelSource":2,"StreetNameEN":"Tung Choi Street","StreetNameTC":"通菜街","ST_CODE":12513,"FloorID":null,"BuildingID_1":null,"BuildingID_2":null,"SiteID":null,"TerminalID":null,"AccessTimeID":null,"CreationDate":1614441600000,"ModifiedBy":"LANDSD","LastAmendmentDate":1655654400000,"Shape__Length":38.18102040569881}},{"type":"Feature","id":341224,"geometry":{"type":"LineString","coordinates":[[114.17097245728904,22.320523972549317,5.8747000000003027],[114.1710047579148,22.320363321265354,6.0007000000041444]]},"properties":{"OBJECTID":341224,"PedestrianRouteID":240007592,"Location":1,"FeatureType":1,"AliasNameEN":"Fa Yuen Street","AliasNameTC":"花園街","CrossingFeature":null,"WeatherProof":2,"WheelchairBarrier":2,"WheelchairAccess":2,"ObstaclesType":null,"Gradient":0.0069618800000000002,"Direction":0,"PositionCertainty":1,"Enabled":1,"DataSource":1,"LevelSource":2,"StreetNameEN":"Fa Yuen Street","StreetNameTC":"花園街","ST_CODE":10419,"FloorID":null,"BuildingID_1":null,"BuildingID_2":null,"SiteID":null,"TerminalID":null,"AccessTimeID":null,"CreationDate":1614441600000,"ModifiedBy":"LANDSD","LastAmendmentDate":1655654400000,"Shape__Length":18.098266321983374}},{"type":"Feature","id":341225,"geometry":{"type":"LineString","coordinates":[[114.1710047579148,22.320363321265354,6.0007000000041444],[114.17106097123394,22.320083742422192,5.6989000000030501]]},"properties":{"OBJECTID":341225,"PedestrianRouteID":240007593,"Location":1,"FeatureType":1,"AliasNameEN":"Fa Yuen Street","AliasNameTC":"花園街","CrossingFeature":null,"WeatherProof":3,"WheelchairBarrier":2,"WheelchairAccess":2,"ObstaclesType":null,"Gradient":0.0095818299999999995,"Direction":0,"PositionCertainty":1,"Enabled":1,"DataSource":1,"LevelSource":2,"StreetNameEN":"Fa Yuen Street","StreetNameTC":"花園街","ST_CODE":10419,"FloorID":null,"BuildingID_1":null,"BuildingID_2":null,"SiteID":null,"TerminalID":null,"AccessTimeID":null,"CreationDate":1614441600000,"ModifiedBy":"LANDSD","LastAmendmentDate":1655654400000,"Shape__Length":31.496142441051461}},{"type":"Feature","id":341226,"geometry":{"type":"LineString","coordinates":[[114.17106097123394,22.320083742422192,5.6989000000030501],[114.1710659427003,22.32005901502745,5.6404999999940628]]},"properties":{"OBJECTID":341226,"PedestrianRouteID":240007594,"Location":1,"FeatureType":1,"AliasNameEN":"Fa Yuen Street","AliasNameTC":"花園街","CrossingFeature":null,"WeatherProof":2,"WheelchairBarrier":2,"WheelchairAccess":2,"ObstaclesType":null,"Gradient":0.02096133,"Direction":0,"PositionCertainty":1,"Enabled":1,"DataSource":1,"LevelSource":2,"StreetNameEN":"Fa Yuen Street","StreetNameTC":"花園街","ST_CODE":10419,"FloorID":null,"BuildingID_1":null,"BuildingID_2":null,"SiteID":null,"TerminalID":null,"AccessTimeID":null,"CreationDate":1614441600000,"ModifiedBy":"LANDSD","LastAmendmentDate":1655654400000,"Shape__Length":2.7856750793121994}},{"type":"Feature","id":341227,"geometry":{"type":"LineString","coordinates":[[114.1710659427003,22.32005901502745,5.6404999999940628],[114.17107245967721,22.320026605361281,5.6288000000058673]]},"properties":{"OBJECTID":341227,"PedestrianRouteID":240007595,"Location":1,"FeatureType":1,"AliasNameEN":"Fa Yuen Street","AliasNameTC":"花園街","CrossingFeature":null,"WeatherProof":3,"WheelchairBarrier":2,"WheelchairAccess":2,"ObstaclesType":null,"Gradient":0.0032044600000000001,"Direction":0,"PositionCertainty":1,"Enabled":1,"DataSource":1,"LevelSource":2,"StreetNameEN":"Fa Yuen Street","StreetNameTC":"花園街","ST_CODE":10419,"FloorID":null,"BuildingID_1":null,"BuildingID_2":null,"SiteID":null,"TerminalID":null,"AccessTimeID":null,"CreationDate":1614441600000,"ModifiedBy":"LANDSD","LastAmendmentDate":1655654400000,"Shape__Length":3.6511432335336726}},{"type":"Feature","id":341228,"geometry":{"type":"LineString","coordinates":[[114.17107245967721,22.320026605361281,5.6288000000058673],[114.17107441098372,22.320016898445385,5.5972000000037951]]},"properties":{"OBJECTID":341228,"PedestrianRouteID":240007596,"Location":1,"FeatureType":1,"AliasNameEN":"Fa Yuen Street","AliasNameTC":"花園街","CrossingFeature":null,"WeatherProof":2,"WheelchairBarrier":2,"WheelchairAccess":2,"ObstaclesType":null,"Gradient":0.028889160000000001,"Direction":0,"PositionCertainty":1,"Enabled":1,"DataSource":1,"LevelSource":2,"StreetNameEN":"Fa Yuen Street","StreetNameTC":"花園街","ST_CODE":10419,"FloorID":null,"BuildingID_1":null,"BuildingID_2":null,"SiteID":null,"TerminalID":null,"AccessTimeID":null,"CreationDate":1614441600000,"ModifiedBy":"LANDSD","LastAmendmentDate":1655654400000,"Shape__Length":1.0935314393762252}},{"type":"Feature","id":341240,"geometry":{"type":"LineString","coordinates":[[114.16954144262523,22.319099719433762,4.8807999999989988],[114.16958216644282,22.318900681530963,4.9544000000023516]]},"properties":{"OBJECTID":341240,"PedestrianRouteID":240007608,"Location":1,"FeatureType":1,"AliasNameEN":"Nathan Road","AliasNameTC":"彌敦道","CrossingFeature":null,"WeatherProof":2,"WheelchairBarrier":2,"WheelchairAccess":2,"ObstaclesType":null,"Gradient":0.0032814599999999999,"Direction":0,"PositionCertainty":1,"Enabled":1,"DataSource":1,"LevelSource":2,"StreetNameEN":"Nathan Road","StreetNameTC":"彌敦道","ST_CODE":11504,"FloorID":null,"BuildingID_1":null,"BuildingID_2":null,"SiteID":null,"TerminalID":null,"AccessTimeID":null,"CreationDate":1614441600000,"ModifiedBy":"LANDSD","LastAmendmentDate":1709481600000,"Shape__Length":22.436210830858428}},{"type":"Feature","id":341241,"geometry":{"type":"LineString","coordinates":[[114.16958216644282,22.318900681530963,4.9544000000023516],[114.16963355962477,22.31864949962419,4.8353000000061002]]},"properties":{"OBJECTID":341241,"PedestrianRouteID":240007609,"Location":1,"FeatureType":1,"AliasNameEN":"Nathan Road","AliasNameTC":"彌敦道","CrossingFeature":null,"WeatherProof":3,"WheelchairBarrier":2,"WheelchairAccess":2,"ObstaclesType":null,"Gradient":0.0042063600000000001,"Direction":0,"PositionCertainty":1,"Enabled":1,"DataSource":1,"LevelSource":2,"StreetNameEN":"Nathan Road","StreetNameTC":"彌敦道","ST_CODE":11504,"FloorID":null,"BuildingID_1":null,"BuildingID_2":null,"SiteID":null,"TerminalID":null,"AccessTimeID":null,"CreationDate":1614441600000,"ModifiedBy":"LANDSD","LastAmendmentDate":1655654400000,"Shape__Length":28.314066446251733}},{"type":"Feature","id":341242,"geometry":{"type":"LineString","coordinates":[[114.16963355962477,22.31864949962419,4.8353000000061002],[114.16963629058318,22.318636153428717,4.8344000000070082]]},"properties":{"OBJECTID":341242,"PedestrianRouteID":240007610,"Location":1,"FeatureType":1,"AliasNameEN":"Nathan Road","AliasNameTC":"彌敦道","CrossingFeature":null,"WeatherProof":2,"WheelchairBarrier":2,"WheelchairAccess":2,"ObstaclesType":null,"Gradient":0.00059823000000000005,"Direction":0,"PositionCertainty":1,"Enabled":1,"DataSource":1,"LevelSource":2,"StreetNameEN":"Nathan Road","StreetNameTC":"彌敦道","ST_CODE":11504,"FloorID":null,"BuildingID_1":null,"BuildingID_2":null,"SiteID":null,"TerminalID":null,"AccessTimeID":null,"CreationDate":1614441600000,"ModifiedBy":"LANDSD","LastAmendmentDate":1655654400000,"Shape__Length":1.504432815150307}},{"type":"Feature","id":341243,"geometry":{"type":"LineString","coordinates":[[114.16963629058318,22.318636153428717,4.8344000000070082],[114.16965966244041,22.318521922851815,4.7201000000059139]]},"properties":{"OBJECTID":341243,"PedestrianRouteID":240007611,"Location":1,"FeatureType":1,"AliasNameEN":"Nathan Road","AliasNameTC":"彌敦道","CrossingFeature":null,"WeatherProof":3,"WheelchairBarrier":2,"WheelchairAccess":2,"ObstaclesType":null,"Gradient":0.0088764399999999993,"Direction":0,"PositionCertainty":1,"Enabled":1,"DataSource":1,"LevelSource":2,"StreetNameEN":"Nathan Road","StreetNameTC":"彌敦道","ST_CODE":11504,"FloorID":null,"BuildingID_1":null,"BuildingID_2":null,"SiteID":null,"TerminalID":null,"AccessTimeID":null,"CreationDate":1614441600000,"ModifiedBy":"LANDSD","LastAmendmentDate":1655654400000,"Shape__Length":12.876447303304294}},{"type":"Feature","id":341244,"geometry":{"type":"LineString","coordinates":[[114.16904936451769,22.320205160488015,4.8745000000053551],[114.1690762845266,22.320075835550487,4.830100000006496]]},"properties":{"OBJECTID":341244,"PedestrianRouteID":240007612,"Location":1,"FeatureType":1,"AliasNameEN":"Nathan Road","AliasNameTC":"彌敦道","CrossingFeature":null,"WeatherProof":2,"WheelchairBarrier":2,"WheelchairAccess":2,"ObstaclesType":null,"Gradient":0.00304383,"Direction":0,"PositionCertainty":1,"Enabled":1,"DataSource":1,"LevelSource":2,"StreetNameEN":"Nathan Road","StreetNameTC":"彌敦道","ST_CODE":11504,"FloorID":null,"BuildingID_1":null,"BuildingID_2":null,"SiteID":null,"TerminalID":null,"AccessTimeID":null,"CreationDate":1614441600000,"ModifiedBy":"LANDSD","LastAmendmentDate":1655654400000,"Shape__Length":14.586863837429686}},{"type":"Feature","id":341245,"geometry":{"type":"LineString","coordinates":[[114.1690762845266,22.320075835550487,4.830100000006496],[114.16913342918795,22.319801303707141,4.7176999999937834],[114.16914170475727,22.31976154420073,4.7177999999985332],[114.16916830227274,22.319633766166298,4.7204000000056112]]},"properties":{"OBJECTID":341245,"PedestrianRouteID":240007613,"Location":1,"FeatureType":1,"AliasNameEN":"Nathan Road","AliasNameTC":"彌敦道","CrossingFeature":null,"WeatherProof":3,"WheelchairBarrier":2,"WheelchairAccess":2,"ObstaclesType":null,"Gradient":0.00138685,"Direction":0,"PositionCertainty":1,"Enabled":1,"DataSource":1,"LevelSource":2,"StreetNameEN":"Nathan Road","StreetNameTC":"彌敦道","ST_CODE":11504,"FloorID":null,"BuildingID_1":null,"BuildingID_2":null,"SiteID":null,"TerminalID":null,"AccessTimeID":null,"CreationDate":1614441600000,"ModifiedBy":"LANDSD","LastAmendmentDate":1730995200000,"Shape__Length":49.861998580390512}},{"type":"Feature","id":341246,"geometry":{"type":"LineString","coordinates":[[114.17151708188013,22.319911841693589,5.7372999999934109],[114.17152495048468,22.319913246208593,5.7574000000022352]]},"properties":{"OBJECTID":341246,"PedestrianRouteID":240007614,"Location":1,"FeatureType":1,"AliasNameEN":"Sai Yee Street","AliasNameTC":"洗衣街","CrossingFeature":null,"WeatherProof":3,"WheelchairBarrier":2,"WheelchairAccess":2,"ObstaclesType":null,"Gradient":0.0243447,"Direction":0,"PositionCertainty":1,"Enabled":1,"DataSource":1,"LevelSource":2,"StreetNameEN":"Sai Yee Street","StreetNameTC":"洗衣街","ST_CODE":11861,"FloorID":null,"BuildingID_1":null,"BuildingID_2":null,"SiteID":null,"TerminalID":null,"AccessTimeID":null,"CreationDate":1614441600000,"ModifiedBy":"LANDSD","LastAmendmentDate":1655654400000,"Shape__Length":0.82547849186652533}},{"type":"Feature","id":341247,"geometry":{"type":"LineString","coordinates":[[114.17152495048468,22.319913246208593,5.7574000000022352],[114.17153616181481,22.319915247754636,5.7859999999927823]]},"properties":{"OBJECTID":341247,"PedestrianRouteID":240007615,"Location":1,"FeatureType":1,"AliasNameEN":"Sai Yee Street","AliasNameTC":"洗衣街","CrossingFeature":null,"WeatherProof":2,"WheelchairBarrier":2,"WheelchairAccess":2,"ObstaclesType":null,"Gradient":0.02431154,"Direction":0,"PositionCertainty":1,"Enabled":1,"DataSource":1,"LevelSource":2,"StreetNameEN":"Sai Yee Street","StreetNameTC":"洗衣街","ST_CODE":11861,"FloorID":null,"BuildingID_1":null,"BuildingID_2":null,"SiteID":null,"TerminalID":null,"AccessTimeID":null,"CreationDate":1614441600000,"ModifiedBy":"LANDSD","LastAmendmentDate":1655654400000,"Shape__Length":1.1761643465639053}},{"type":"Feature","id":341248,"geometry":{"type":"LineString","coordinates":[[114.16845605317346,22.320181161026053,5.1723999999958323],[114.16846239211137,22.320182261279619,5.161099999997532]]},"properties":{"OBJECTID":341248,"PedestrianRouteID":240007616,"Location":1,"FeatureType":1,"AliasNameEN":"Portland Street","AliasNameTC":"砵蘭街","CrossingFeature":null,"WeatherProof":3,"WheelchairBarrier":2,"WheelchairAccess":2,"ObstaclesType":null,"Gradient":0.0170072,"Direction":0,"PositionCertainty":1,"Enabled":1,"DataSource":1,"LevelSource":2,"StreetNameEN":"Portland Street","StreetNameTC":"砵蘭街","ST_CODE":11777,"FloorID":null,"BuildingID_1":null,"BuildingID_2":null,"SiteID":null,"TerminalID":null,"AccessTimeID":null,"CreationDate":1614441600000,"ModifiedBy":"LANDSD","LastAmendmentDate":1655654400000,"Shape__Length":0.66436048170665518}},{"type":"Feature","id":341249,"geometry":{"type":"LineString","coordinates":[[114.16846239211137,22.320182261279619,5.161099999997532],[114.16848774980529,22.320186660485348,5.1364000000030501]]},"properties":{"OBJECTID":341249,"PedestrianRouteID":240007617,"Location":1,"FeatureType":1,"AliasNameEN":"Portland Street","AliasNameTC":"砵蘭街","CrossingFeature":null,"WeatherProof":2,"WheelchairBarrier":2,"WheelchairAccess":2,"ObstaclesType":null,"Gradient":0.0092938299999999995,"Direction":0,"PositionCertainty":1,"Enabled":1,"DataSource":1,"LevelSource":2,"StreetNameEN":"Portland Street","StreetNameTC":"砵蘭街","ST_CODE":11777,"FloorID":null,"BuildingID_1":null,"BuildingID_2":null,"SiteID":null,"TerminalID":null,"AccessTimeID":null,"CreationDate":1614441600000,"ModifiedBy":"LANDSD","LastAmendmentDate":1655654400000,"Shape__Length":2.6576018809968249}},{"type":"Feature","id":341254,"geometry":{"type":"LineString","coordinates":[[114.16985779116899,22.32031788191572,5.3418999999994412],[114.16986296152608,22.320318814998288,5.3770999999978812]]},"properties":{"OBJECTID":341254,"PedestrianRouteID":240007622,"Location":1,"FeatureType":1,"AliasNameEN":"Sai Yeung Choi Street South","AliasNameTC":"西洋菜南街","CrossingFeature":null,"WeatherProof":3,"WheelchairBarrier":2,"WheelchairAccess":2,"ObstaclesType":null,"Gradient":0.06477927,"Direction":0,"PositionCertainty":1,"Enabled":1,"DataSource":1,"LevelSource":2,"StreetNameEN":"Sai Yeung Choi Street South","StreetNameTC":"西洋菜南街","ST_CODE":11864,"FloorID":null,"BuildingID_1":null,"BuildingID_2":null,"SiteID":null,"TerminalID":null,"AccessTimeID":null,"CreationDate":1614441600000,"ModifiedBy":"LANDSD","LastAmendmentDate":1655654400000,"Shape__Length":0.54262342343873537}},{"type":"Feature","id":341255,"geometry":{"type":"LineString","coordinates":[[114.16983893251771,22.320314480182187,5.2136999999929685],[114.16985779116899,22.32031788191572,5.3418999999994412]]},"properties":{"OBJECTID":341255,"PedestrianRouteID":240007623,"Location":1,"FeatureType":1,"AliasNameEN":"Sai Yeung Choi Street South","AliasNameTC":"西洋菜南街","CrossingFeature":null,"WeatherProof":2,"WheelchairBarrier":2,"WheelchairAccess":2,"ObstaclesType":null,"Gradient":0.064684569999999997,"Direction":0,"PositionCertainty":1,"Enabled":1,"DataSource":1,"LevelSource":2,"StreetNameEN":"Sai Yeung Choi Street South","StreetNameTC":"西洋菜南街","ST_CODE":11864,"FloorID":null,"BuildingID_1":null,"BuildingID_2":null,"SiteID":null,"TerminalID":null,"AccessTimeID":null,"CreationDate":1614441600000,"ModifiedBy":"LANDSD","LastAmendmentDate":1655654400000,"Shape__Length":1.9791605693424565}},{"type":"Feature","id":341258,"geometry":{"type":"LineString","coordinates":[[114.17040068918583,22.3177150548394,5.3451000000059139],[114.17039371946413,22.317713945605689,5.3222999999998137]]},"properties":{"OBJECTID":341258,"PedestrianRouteID":240007626,"Location":1,"FeatureType":1,"AliasNameEN":"Sai Yeung Choi Street South","AliasNameTC":"西洋菜南街","CrossingFeature":null,"WeatherProof":3,"WheelchairBarrier":2,"WheelchairAccess":2,"ObstaclesType":null,"Gradient":0.032790979999999997,"Direction":0,"PositionCertainty":1,"Enabled":1,"DataSource":1,"LevelSource":2,"StreetNameEN":"Sai Yeung Choi Street South","StreetNameTC":"西洋菜南街","ST_CODE":11864,"FloorID":null,"BuildingID_1":null,"BuildingID_2":null,"SiteID":null,"TerminalID":null,"AccessTimeID":null,"CreationDate":1614441600000,"ModifiedBy":"LANDSD","LastAmendmentDate":1766073600000,"Shape__Length":0.72852415868913656}},{"type":"Feature","id":341259,"geometry":{"type":"LineString","coordinates":[[114.17039371946413,22.317713945605689,5.3222999999998137],[114.17037651404266,22.317710839299782,5.2608000000036554]]},"properties":{"OBJECTID":341259,"PedestrianRouteID":240007627,"Location":1,"FeatureType":1,"AliasNameEN":"Sai Yeung Choi Street South","AliasNameTC":"西洋菜南街","CrossingFeature":null,"WeatherProof":2,"WheelchairBarrier":2,"WheelchairAccess":2,"ObstaclesType":null,"Gradient":0.031828149999999999,"Direction":0,"PositionCertainty":1,"Enabled":1,"DataSource":1,"LevelSource":2,"StreetNameEN":"Sai Yeung Choi Street South","StreetNameTC":"西洋菜南街","ST_CODE":11864,"FloorID":null,"BuildingID_1":null,"BuildingID_2":null,"SiteID":null,"TerminalID":null,"AccessTimeID":null,"CreationDate":1614441600000,"ModifiedBy":"LANDSD","LastAmendmentDate":1766073600000,"Shape__Length":1.8057498440062765}},{"type":"Feature","id":341260,"geometry":{"type":"LineString","coordinates":[[114.16784679265747,22.320088234310997,5.1070000000036089],[114.16785413905937,22.32008951525604,5.0803000000014435]]},"properties":{"OBJECTID":341260,"PedestrianRouteID":240007628,"Location":1,"FeatureType":1,"AliasNameEN":"Shanghai Street","AliasNameTC":"上海街","CrossingFeature":null,"WeatherProof":2,"WheelchairBarrier":2,"WheelchairAccess":2,"ObstaclesType":null,"Gradient":0.034658380000000003,"Direction":0,"PositionCertainty":1,"Enabled":1,"DataSource":1,"LevelSource":2,"StreetNameEN":"Shanghai Street","StreetNameTC":"上海街","ST_CODE":11984,"FloorID":null,"BuildingID_1":null,"BuildingID_2":null,"SiteID":null,"TerminalID":null,"AccessTimeID":null,"CreationDate":1614441600000,"ModifiedBy":"LANDSD","LastAmendmentDate":1655654400000,"Shape__Length":0.77006808201781629}},{"type":"Feature","id":341261,"geometry":{"type":"LineString","coordinates":[[114.1678366985132,22.320086474591808,5.1453999999939697],[114.16784679265747,22.320088234310997,5.1070000000036089]]},"properties":{"OBJECTID":341261,"PedestrianRouteID":240007629,"Location":1,"FeatureType":1,"AliasNameEN":"Shanghai Street","AliasNameTC":"上海街","CrossingFeature":null,"WeatherProof":3,"WheelchairBarrier":2,"WheelchairAccess":2,"ObstaclesType":null,"Gradient":0.036276009999999997,"Direction":0,"PositionCertainty":1,"Enabled":1,"DataSource":1,"LevelSource":2,"StreetNameEN":"Shanghai Street","StreetNameTC":"上海街","ST_CODE":11984,"FloorID":null,"BuildingID_1":null,"BuildingID_2":null,"SiteID":null,"TerminalID":null,"AccessTimeID":null,"CreationDate":1614441600000,"ModifiedBy":"LANDSD","LastAmendmentDate":1655654400000,"Shape__Length":1.0580864991106704}},{"type":"Feature","id":341262,"geometry":{"type":"LineString","coordinates":[[114.170789629003,22.317757646346411,5.4725999999936903],[114.17079026972046,22.317754601253231,5.4737000000022817]]},"properties":{"OBJECTID":341262,"PedestrianRouteID":240007630,"Location":1,"FeatureType":1,"AliasNameEN":"Shantung Street","AliasNameTC":"山東街","CrossingFeature":null,"WeatherProof":3,"WheelchairBarrier":2,"WheelchairAccess":2,"ObstaclesType":null,"Gradient":0.0032014000000000001,"Direction":0,"PositionCertainty":1,"Enabled":1,"DataSource":1,"LevelSource":2,"StreetNameEN":"Shantung Street","StreetNameTC":"山東街","ST_CODE":11986,"FloorID":null,"BuildingID_1":null,"BuildingID_2":null,"SiteID":null,"TerminalID":null,"AccessTimeID":null,"CreationDate":1614441600000,"ModifiedBy":"LANDSD","LastAmendmentDate":1655654400000,"Shape__Length":0.34359836934199922}},{"type":"Feature","id":341263,"geometry":{"type":"LineString","coordinates":[[114.17079026972046,22.317754601253231,5.4737000000022817],[114.17079405674815,22.317736608834306,5.4654000000009546]]},"properties":{"OBJECTID":341263,"PedestrianRouteID":240007631,"Location":1,"FeatureType":1,"AliasNameEN":"Shantung Street","AliasNameTC":"山東街","CrossingFeature":null,"WeatherProof":2,"WheelchairBarrier":2,"WheelchairAccess":2,"ObstaclesType":null,"Gradient":0.0040881800000000003,"Direction":0,"PositionCertainty":1,"Enabled":1,"DataSource":1,"LevelSource":2,"StreetNameEN":"Shantung Street","StreetNameTC":"山東街","ST_CODE":11986,"FloorID":null,"BuildingID_1":null,"BuildingID_2":null,"SiteID":null,"TerminalID":null,"AccessTimeID":null,"CreationDate":1614441600000,"ModifiedBy":"LANDSD","LastAmendmentDate":1655654400000,"Shape__Length":2.0302304719157456}},{"type":"Feature","id":341264,"geometry":{"type":"LineString","coordinates":[[114.17079969373181,22.321265044650943,6.095499999995809],[114.17081345104911,22.321267511416838,6.087599999998929]]},"properties":{"OBJECTID":341264,"PedestrianRouteID":240007632,"Location":1,"FeatureType":1,"AliasNameEN":"Mong Kok Road","AliasNameTC":"旺角道","CrossingFeature":null,"WeatherProof":3,"WheelchairBarrier":2,"WheelchairAccess":2,"ObstaclesType":null,"Gradient":0.0054728700000000003,"Direction":0,"PositionCertainty":1,"Enabled":1,"DataSource":1,"LevelSource":2,"StreetNameEN":"Mong Kok Road","StreetNameTC":"旺角道","ST_CODE":11454,"FloorID":null,"BuildingID_1":null,"BuildingID_2":null,"SiteID":null,"TerminalID":null,"AccessTimeID":null,"CreationDate":1614441600000,"ModifiedBy":"LANDSD","LastAmendmentDate":1655654400000,"Shape__Length":1.4434702522187044}},{"type":"Feature","id":341265,"geometry":{"type":"LineString","coordinates":[[114.17077479972465,22.321260582610471,6.1192000000010012],[114.17079969373181,22.321265044650943,6.095499999995809]]},"properties":{"OBJECTID":341265,"PedestrianRouteID":240007633,"Location":1,"FeatureType":1,"AliasNameEN":"Mong Kok Road","AliasNameTC":"旺角道","CrossingFeature":null,"WeatherProof":2,"WheelchairBarrier":2,"WheelchairAccess":2,"ObstaclesType":null,"Gradient":0.0090734600000000002,"Direction":0,"PositionCertainty":1,"Enabled":1,"DataSource":1,"LevelSource":2,"StreetNameEN":"Mong Kok Road","StreetNameTC":"旺角道","ST_CODE":11454,"FloorID":null,"BuildingID_1":null,"BuildingID_2":null,"SiteID":null,"TerminalID":null,"AccessTimeID":null,"CreationDate":1614441600000,"ModifiedBy":"LANDSD","LastAmendmentDate":1655654400000,"Shape__Length":2.6119408568985798}},{"type":"Feature","id":341266,"geometry":{"type":"LineString","coordinates":[[114.17066888276919,22.321241595411859,6.127200000002631],[114.17067453167279,22.321242607955824,6.1453000000037719]]},"properties":{"OBJECTID":341266,"PedestrianRouteID":240007634,"Location":1,"FeatureType":1,"AliasNameEN":"Mong Kok Road","AliasNameTC":"旺角道","CrossingFeature":null,"WeatherProof":3,"WheelchairBarrier":2,"WheelchairAccess":2,"ObstaclesType":null,"Gradient":0.03052885,"Direction":0,"PositionCertainty":1,"Enabled":1,"DataSource":1,"LevelSource":2,"StreetNameEN":"Mong Kok Road","StreetNameTC":"旺角道","ST_CODE":11454,"FloorID":null,"BuildingID_1":null,"BuildingID_2":null,"SiteID":null,"TerminalID":null,"AccessTimeID":null,"CreationDate":1614441600000,"ModifiedBy":"LANDSD","LastAmendmentDate":1655654400000,"Shape__Length":0.59269757074758878}},{"type":"Feature","id":341267,"geometry":{"type":"LineString","coordinates":[[114.17067453167279,22.321242607955824,6.1453000000037719],[114.1706952414081,22.321246320314259,6.1600000000034925]]},"properties":{"OBJECTID":341267,"PedestrianRouteID":240007635,"Location":1,"FeatureType":1,"AliasNameEN":"Mong Kok Road","AliasNameTC":"旺角道","CrossingFeature":null,"WeatherProof":2,"WheelchairBarrier":2,"WheelchairAccess":2,"ObstaclesType":null,"Gradient":0.0067649800000000003,"Direction":0,"PositionCertainty":1,"Enabled":1,"DataSource":1,"LevelSource":2,"StreetNameEN":"Mong Kok Road","StreetNameTC":"旺角道","ST_CODE":11454,"FloorID":null,"BuildingID_1":null,"BuildingID_2":null,"SiteID":null,"TerminalID":null,"AccessTimeID":null,"CreationDate":1614441600000,"ModifiedBy":"LANDSD","LastAmendmentDate":1655654400000,"Shape__Length":2.1729235354191956}},{"type":"Feature","id":341268,"geometry":{"type":"LineString","coordinates":[[114.17110172264205,22.319804998334298,5.4299000000028173],[114.171107372462,22.319805999123606,5.4658000000054017]]},"properties":{"OBJECTID":341268,"PedestrianRouteID":240007636,"Location":1,"FeatureType":1,"AliasNameEN":"Fa Yuen Street","AliasNameTC":"花園街","CrossingFeature":null,"WeatherProof":2,"WheelchairBarrier":2,"WheelchairAccess":2,"ObstaclesType":null,"Gradient":0.060511509999999998,"Direction":0,"PositionCertainty":1,"Enabled":1,"DataSource":1,"LevelSource":2,"StreetNameEN":"Fa Yuen Street","StreetNameTC":"花園街","ST_CODE":10419,"FloorID":null,"BuildingID_1":null,"BuildingID_2":null,"SiteID":null,"TerminalID":null,"AccessTimeID":null,"CreationDate":1614441600000,"ModifiedBy":"LANDSD","LastAmendmentDate":1655654400000,"Shape__Length":0.59255130600662309}},{"type":"Feature","id":341269,"geometry":{"type":"LineString","coordinates":[[114.171107372462,22.319805999123606,5.4658000000054017],[114.1711164902098,22.319807613212316,5.5253999999986263]]},"properties":{"OBJECTID":341269,"PedestrianRouteID":240007637,"Location":1,"FeatureType":1,"AliasNameEN":"Fa Yuen Street","AliasNameTC":"花園街","CrossingFeature":null,"WeatherProof":3,"WheelchairBarrier":2,"WheelchairAccess":2,"ObstaclesType":null,"Gradient":0.062246549999999998,"Direction":0,"PositionCertainty":1,"Enabled":1,"DataSource":1,"LevelSource":2,"StreetNameEN":"Fa Yuen Street","StreetNameTC":"花園街","ST_CODE":10419,"FloorID":null,"BuildingID_1":null,"BuildingID_2":null,"SiteID":null,"TerminalID":null,"AccessTimeID":null,"CreationDate":1614441600000,"ModifiedBy":"LANDSD","LastAmendmentDate":1655654400000,"Shape__Length":0.95624581003126485}},{"type":"Feature","id":341270,"geometry":{"type":"LineString","coordinates":[[114.17081915686647,22.317786386413051,5.4501000000018394],[114.17082392919932,22.317787255333219,5.4545999999972992]]},"properties":{"OBJECTID":341270,"PedestrianRouteID":240007638,"Location":1,"FeatureType":1,"AliasNameEN":"Tung Choi Street","AliasNameTC":"通菜街","CrossingFeature":null,"WeatherProof":2,"WheelchairBarrier":2,"WheelchairAccess":2,"ObstaclesType":null,"Gradient":0.0089813900000000006,"Direction":0,"PositionCertainty":1,"Enabled":1,"DataSource":1,"LevelSource":2,"StreetNameEN":"Tung Choi Street","StreetNameTC":"通菜街","ST_CODE":12513,"FloorID":null,"BuildingID_1":null,"BuildingID_2":null,"SiteID":null,"TerminalID":null,"AccessTimeID":null,"CreationDate":1614441600000,"ModifiedBy":"LANDSD","LastAmendmentDate":1655654400000,"Shape__Length":0.50102228479809063}},{"type":"Feature","id":341271,"geometry":{"type":"LineString","coordinates":[[114.1708096160833,22.317784648572381,5.449399999997695],[114.17081915686647,22.317786386413051,5.4501000000018394]]},"properties":{"OBJECTID":341271,"PedestrianRouteID":240007639,"Location":1,"FeatureType":1,"AliasNameEN":"Tung Choi Street","AliasNameTC":"通菜街","CrossingFeature":null,"WeatherProof":3,"WheelchairBarrier":2,"WheelchairAccess":2,"ObstaclesType":null,"Gradient":0.00069890999999999996,"Direction":0,"PositionCertainty":1,"Enabled":1,"DataSource":1,"LevelSource":2,"StreetNameEN":"Tung Choi Street","StreetNameTC":"通菜街","ST_CODE":12513,"FloorID":null,"BuildingID_1":null,"BuildingID_2":null,"SiteID":null,"TerminalID":null,"AccessTimeID":null,"CreationDate":1614441600000,"ModifiedBy":"LANDSD","LastAmendmentDate":1690819200000,"Shape__Length":1.0016520156198874}},{"type":"Feature","id":341272,"geometry":{"type":"LineString","coordinates":[[114.17044088392377,22.317696109334086,5.3105999999970663],[114.17044151110031,22.317692185564709,5.3105999999970663]]},"properties":{"OBJECTID":341272,"PedestrianRouteID":240007640,"Location":1,"FeatureType":1,"AliasNameEN":"Shantung Street","AliasNameTC":"山東街","CrossingFeature":null,"WeatherProof":3,"WheelchairBarrier":2,"WheelchairAccess":2,"ObstaclesType":null,"Gradient":0,"Direction":0,"PositionCertainty":1,"Enabled":1,"DataSource":1,"LevelSource":2,"StreetNameEN":"Shantung Street","StreetNameTC":"山東街","ST_CODE":11986,"FloorID":null,"BuildingID_1":null,"BuildingID_2":null,"SiteID":null,"TerminalID":null,"AccessTimeID":null,"CreationDate":1614441600000,"ModifiedBy":"LANDSD","LastAmendmentDate":1766073600000,"Shape__Length":0.43927600616592621}},{"type":"Feature","id":341273,"geometry":{"type":"LineString","coordinates":[[114.17044151110031,22.317692185564709,5.3105999999970663],[114.17044536321649,22.317673835544745,5.2817000000068219]]},"properties":{"OBJECTID":341273,"PedestrianRouteID":240007641,"Location":1,"FeatureType":1,"AliasNameEN":"Shantung Street","AliasNameTC":"山東街","CrossingFeature":null,"WeatherProof":2,"WheelchairBarrier":2,"WheelchairAccess":2,"ObstaclesType":null,"Gradient":0.01492688,"Direction":0,"PositionCertainty":1,"Enabled":1,"DataSource":1,"LevelSource":2,"StreetNameEN":"Shantung Street","StreetNameTC":"山東街","ST_CODE":11986,"FloorID":null,"BuildingID_1":null,"BuildingID_2":null,"SiteID":null,"TerminalID":null,"AccessTimeID":null,"CreationDate":1614441600000,"ModifiedBy":"LANDSD","LastAmendmentDate":1766073600000,"Shape__Length":2.0703802158161868}},{"type":"Feature","id":341274,"geometry":{"type":"LineString","coordinates":[[114.17060884598938,22.319417798865473,5.1790000000037253],[114.17061712705618,22.319419309098368,5.209499999997206]]},"properties":{"OBJECTID":341274,"PedestrianRouteID":240007642,"Location":1,"FeatureType":1,"AliasNameEN":"Argyle Street","AliasNameTC":"亞皆老街","CrossingFeature":null,"WeatherProof":2,"WheelchairBarrier":2,"WheelchairAccess":2,"ObstaclesType":null,"Gradient":0.035066130000000001,"Direction":0,"PositionCertainty":1,"Enabled":1,"DataSource":1,"LevelSource":2,"StreetNameEN":"Argyle Street","StreetNameTC":"亞皆老街","ST_CODE":10027,"FloorID":null,"BuildingID_1":null,"BuildingID_2":null,"SiteID":null,"TerminalID":null,"AccessTimeID":null,"CreationDate":1614441600000,"ModifiedBy":"LANDSD","LastAmendmentDate":1655654400000,"Shape__Length":0.86942859357207258}},{"type":"Feature","id":341275,"geometry":{"type":"LineString","coordinates":[[114.17061712705618,22.319419309098368,5.209499999997206],[114.17062561388805,22.319420857267232,5.2418000000034226]]},"properties":{"OBJECTID":341275,"PedestrianRouteID":240007643,"Location":1,"FeatureType":1,"AliasNameEN":"Argyle Street","AliasNameTC":"亞皆老街","CrossingFeature":null,"WeatherProof":3,"WheelchairBarrier":2,"WheelchairAccess":2,"ObstaclesType":null,"Gradient":0.036233889999999998,"Direction":0,"PositionCertainty":1,"Enabled":1,"DataSource":1,"LevelSource":2,"StreetNameEN":"Argyle Street","StreetNameTC":"亞皆老街","ST_CODE":10027,"FloorID":null,"BuildingID_1":null,"BuildingID_2":null,"SiteID":null,"TerminalID":null,"AccessTimeID":null,"CreationDate":1614441600000,"ModifiedBy":"LANDSD","LastAmendmentDate":1655654400000,"Shape__Length":0.89104058302076361}},{"type":"Feature","id":341276,"geometry":{"type":"LineString","coordinates":[[114.16968970113618,22.321119086865281,5.3334000000031665],[114.16969860833318,22.321120654968169,5.3932999999960884]]},"properties":{"OBJECTID":341276,"PedestrianRouteID":240007644,"Location":1,"FeatureType":1,"AliasNameEN":"Sai Yeung Choi Street South","AliasNameTC":"西洋菜南街","CrossingFeature":null,"WeatherProof":3,"WheelchairBarrier":2,"WheelchairAccess":2,"ObstaclesType":null,"Gradient":0.064046729999999996,"Direction":0,"PositionCertainty":1,"Enabled":1,"DataSource":1,"LevelSource":2,"StreetNameEN":"Sai Yeung Choi Street South","StreetNameTC":"西洋菜南街","ST_CODE":11864,"FloorID":null,"BuildingID_1":null,"BuildingID_2":null,"SiteID":null,"TerminalID":null,"AccessTimeID":null,"CreationDate":1614441600000,"ModifiedBy":"LANDSD","LastAmendmentDate":1655654400000,"Shape__Length":0.93397550823771613}},{"type":"Feature","id":341277,"geometry":{"type":"LineString","coordinates":[[114.16964284153767,22.321110840766881,5.310299999997369],[114.16968970113618,22.321119086865281,5.3334000000031665]]},"properties":{"OBJECTID":341277,"PedestrianRouteID":240007645,"Location":1,"FeatureType":1,"AliasNameEN":"Sai Yeung Choi Street South","AliasNameTC":"西洋菜南街","CrossingFeature":null,"WeatherProof":2,"WheelchairBarrier":2,"WheelchairAccess":2,"ObstaclesType":null,"Gradient":0.00470134,"Direction":0,"PositionCertainty":1,"Enabled":1,"DataSource":1,"LevelSource":2,"StreetNameEN":"Sai Yeung Choi Street South","StreetNameTC":"西洋菜南街","ST_CODE":11864,"FloorID":null,"BuildingID_1":null,"BuildingID_2":null,"SiteID":null,"TerminalID":null,"AccessTimeID":null,"CreationDate":1614441600000,"ModifiedBy":"LANDSD","LastAmendmentDate":1655654400000,"Shape__Length":4.9134514163339693}},{"type":"Feature","id":341278,"geometry":{"type":"LineString","coordinates":[[114.17011313804535,22.321157606891926,5.5613000000012107],[114.17011835890554,22.321158565254002,5.5488999999943189]]},"properties":{"OBJECTID":341278,"PedestrianRouteID":240007646,"Location":1,"FeatureType":1,"AliasNameEN":"Mong Kok Road","AliasNameTC":"旺角道","CrossingFeature":null,"WeatherProof":3,"WheelchairBarrier":2,"WheelchairAccess":2,"ObstaclesType":null,"Gradient":0.022612980000000001,"Direction":0,"PositionCertainty":1,"Enabled":1,"DataSource":1,"LevelSource":2,"StreetNameEN":"Mong Kok Road","StreetNameTC":"旺角道","ST_CODE":11454,"FloorID":null,"BuildingID_1":null,"BuildingID_2":null,"SiteID":null,"TerminalID":null,"AccessTimeID":null,"CreationDate":1614441600000,"ModifiedBy":"LANDSD","LastAmendmentDate":1655654400000,"Shape__Length":0.54826418810984501}},{"type":"Feature","id":341279,"geometry":{"type":"LineString","coordinates":[[114.17011835890554,22.321158565254002,5.5488999999943189],[114.1701281377059,22.321160360940286,5.5265000000072177]]},"properties":{"OBJECTID":341279,"PedestrianRouteID":240007647,"Location":1,"FeatureType":1,"AliasNameEN":"Mong Kok Road","AliasNameTC":"旺角道","CrossingFeature":null,"WeatherProof":2,"WheelchairBarrier":2,"WheelchairAccess":2,"ObstaclesType":null,"Gradient":0.021809209999999999,"Direction":0,"PositionCertainty":1,"Enabled":1,"DataSource":1,"LevelSource":2,"StreetNameEN":"Mong Kok Road","StreetNameTC":"旺角道","ST_CODE":11454,"FloorID":null,"BuildingID_1":null,"BuildingID_2":null,"SiteID":null,"TerminalID":null,"AccessTimeID":null,"CreationDate":1614441600000,"ModifiedBy":"LANDSD","LastAmendmentDate":1655654400000,"Shape__Length":1.0269263315224677}},{"type":"Feature","id":341284,"geometry":{"type":"LineString","coordinates":[[114.1698669714153,22.320351347883076,5.2250999999960186],[114.16986963729251,22.320339247002476,5.3638000000064494]]},"properties":{"OBJECTID":341284,"PedestrianRouteID":240007652,"Location":1,"FeatureType":1,"AliasNameEN":"Fife Street","AliasNameTC":"快富街","CrossingFeature":null,"WeatherProof":3,"WheelchairBarrier":2,"WheelchairAccess":2,"ObstaclesType":null,"Gradient":0.10105483,"Direction":0,"PositionCertainty":1,"Enabled":1,"DataSource":1,"LevelSource":2,"StreetNameEN":"Fife Street","StreetNameTC":"快富街","ST_CODE":10485,"FloorID":null,"BuildingID_1":null,"BuildingID_2":null,"SiteID":null,"TerminalID":null,"AccessTimeID":null,"CreationDate":1614441600000,"ModifiedBy":"LANDSD","LastAmendmentDate":1655654400000,"Shape__Length":1.3678469065165653}},{"type":"Feature","id":341285,"geometry":{"type":"LineString","coordinates":[[114.16791653976522,22.32046017579145,5.0200000000040745],[114.16792475195112,22.320461693382363,5.0491000000038184]]},"properties":{"OBJECTID":341285,"PedestrianRouteID":240007653,"Location":1,"FeatureType":1,"AliasNameEN":"Shanghai Street","AliasNameTC":"上海街","CrossingFeature":null,"WeatherProof":3,"WheelchairBarrier":2,"WheelchairAccess":2,"ObstaclesType":null,"Gradient":0.033725570000000003,"Direction":0,"PositionCertainty":1,"Enabled":1,"DataSource":1,"LevelSource":2,"StreetNameEN":"Shanghai Street","StreetNameTC":"上海街","ST_CODE":11984,"FloorID":null,"BuildingID_1":null,"BuildingID_2":null,"SiteID":null,"TerminalID":null,"AccessTimeID":null,"CreationDate":1614441600000,"ModifiedBy":"LANDSD","LastAmendmentDate":1690819200000,"Shape__Length":0.86261764960697096}},{"type":"Feature","id":341286,"geometry":{"type":"LineString","coordinates":[[114.16788316593261,22.320454007864221,4.8877999999967869],[114.16791653976522,22.32046017579145,5.0200000000040745]]},"properties":{"OBJECTID":341286,"PedestrianRouteID":240007654,"Location":1,"FeatureType":1,"AliasNameEN":"Shanghai Street","AliasNameTC":"上海街","CrossingFeature":null,"WeatherProof":2,"WheelchairBarrier":2,"WheelchairAccess":2,"ObstaclesType":null,"Gradient":0.037692820000000002,"Direction":0,"PositionCertainty":1,"Enabled":1,"DataSource":1,"LevelSource":2,"StreetNameEN":"Shanghai Street","StreetNameTC":"上海街","ST_CODE":11984,"FloorID":null,"BuildingID_1":null,"BuildingID_2":null,"SiteID":null,"TerminalID":null,"AccessTimeID":null,"CreationDate":1614441600000,"ModifiedBy":"LANDSD","LastAmendmentDate":1655654400000,"Shape__Length":3.5056380434745003}},{"type":"Feature","id":341291,"geometry":{"type":"LineString","coordinates":[[114.16859274632279,22.320076507061295,5.0440999999991618],[114.16860076340423,22.320077998419396,5.0849000000016531]]},"properties":{"OBJECTID":341291,"PedestrianRouteID":240007659,"Location":1,"FeatureType":1,"AliasNameEN":"Portland Street","AliasNameTC":"砵蘭街","CrossingFeature":null,"WeatherProof":3,"WheelchairBarrier":2,"WheelchairAccess":2,"ObstaclesType":null,"Gradient":0.048398759999999999,"Direction":0,"PositionCertainty":1,"Enabled":1,"DataSource":1,"LevelSource":2,"StreetNameEN":"Portland Street","StreetNameTC":"砵蘭街","ST_CODE":11777,"FloorID":null,"BuildingID_1":null,"BuildingID_2":null,"SiteID":null,"TerminalID":null,"AccessTimeID":null,"CreationDate":1614441600000,"ModifiedBy":"LANDSD","LastAmendmentDate":1655654400000,"Shape__Length":0.84233841787441877}},{"type":"Feature","id":341292,"geometry":{"type":"LineString","coordinates":[[114.16858331023758,22.32007475193728,4.9844000000011874],[114.16859274632279,22.320076507061295,5.0440999999991618]]},"properties":{"OBJECTID":341292,"PedestrianRouteID":240007660,"Location":1,"FeatureType":1,"AliasNameEN":"Portland Street","AliasNameTC":"砵蘭街","CrossingFeature":null,"WeatherProof":2,"WheelchairBarrier":2,"WheelchairAccess":2,"ObstaclesType":null,"Gradient":0.060143679999999998,"Direction":0,"PositionCertainty":1,"Enabled":1,"DataSource":1,"LevelSource":2,"StreetNameEN":"Portland Street","StreetNameTC":"砵蘭街","ST_CODE":11777,"FloorID":null,"BuildingID_1":null,"BuildingID_2":null,"SiteID":null,"TerminalID":null,"AccessTimeID":null,"CreationDate":1614441600000,"ModifiedBy":"LANDSD","LastAmendmentDate":1655654400000,"Shape__Length":0.99142590712763612}},{"type":"Feature","id":341293,"geometry":{"type":"LineString","coordinates":[[114.1702217746091,22.318535654275465,5.455100000006496],[114.17023252866365,22.318537626995418,5.4769999999989523]]},"properties":{"OBJECTID":341293,"PedestrianRouteID":240007661,"Location":1,"FeatureType":1,"AliasNameEN":"Sai Yeung Choi Street South","AliasNameTC":"西洋菜南街","CrossingFeature":null,"WeatherProof":3,"WheelchairBarrier":2,"WheelchairAccess":2,"ObstaclesType":null,"Gradient":0.019389779999999999,"Direction":0,"PositionCertainty":1,"Enabled":1,"DataSource":1,"LevelSource":2,"StreetNameEN":"Sai Yeung Choi Street South","StreetNameTC":"西洋菜南街","ST_CODE":11864,"FloorID":null,"BuildingID_1":null,"BuildingID_2":null,"SiteID":null,"TerminalID":null,"AccessTimeID":null,"CreationDate":1614441600000,"ModifiedBy":"LANDSD","LastAmendmentDate":1655654400000,"Shape__Length":1.1293195118607537}},{"type":"Feature","id":341294,"geometry":{"type":"LineString","coordinates":[[114.17019081788071,22.318529976378642,5.3821999999927357],[114.1702217746091,22.318535654275465,5.455100000006496]]},"properties":{"OBJECTID":341294,"PedestrianRouteID":240007662,"Location":1,"FeatureType":1,"AliasNameEN":"Sai Yeung Choi Street South","AliasNameTC":"西洋菜南街","CrossingFeature":null,"WeatherProof":2,"WheelchairBarrier":2,"WheelchairAccess":2,"ObstaclesType":null,"Gradient":0.022421119999999999,"Direction":0,"PositionCertainty":1,"Enabled":1,"DataSource":1,"LevelSource":2,"StreetNameEN":"Sai Yeung Choi Street South","StreetNameTC":"西洋菜南街","ST_CODE":11864,"FloorID":null,"BuildingID_1":null,"BuildingID_2":null,"SiteID":null,"TerminalID":null,"AccessTimeID":null,"CreationDate":1614441600000,"ModifiedBy":"LANDSD","LastAmendmentDate":1655654400000,"Shape__Length":3.2508534583750213}},{"type":"Feature","id":341297,"geometry":{"type":"LineString","coordinates":[[114.16849118432474,22.320602523996751,4.8571999999985565],[114.16848782504115,22.320602843506947,4.8399999999965075]]},"properties":{"OBJECTID":341297,"PedestrianRouteID":240007665,"Location":1,"FeatureType":1,"AliasNameEN":"Mong Kok Road","AliasNameTC":"旺角道","CrossingFeature":null,"WeatherProof":3,"WheelchairBarrier":2,"WheelchairAccess":2,"ObstaclesType":null,"Gradient":0.04939847,"Direction":0,"PositionCertainty":1,"Enabled":1,"DataSource":1,"LevelSource":12,"StreetNameEN":"Mong Kok Road","StreetNameTC":"旺角道","ST_CODE":11454,"FloorID":null,"BuildingID_1":null,"BuildingID_2":null,"SiteID":null,"TerminalID":null,"AccessTimeID":null,"CreationDate":1614441600000,"ModifiedBy":"LANDSD","LastAmendmentDate":1764518400000,"Shape__Length":0.34790569092472584}},{"type":"Feature","id":341298,"geometry":{"type":"LineString","coordinates":[[114.16848782504115,22.320602843506947,4.8399999999965075],[114.16847848388394,22.320603730733339,4.8445000000065193]]},"properties":{"OBJECTID":341298,"PedestrianRouteID":240007666,"Location":1,"FeatureType":1,"AliasNameEN":"Mong Kok Road","AliasNameTC":"旺角道","CrossingFeature":null,"WeatherProof":2,"WheelchairBarrier":2,"WheelchairAccess":2,"ObstaclesType":null,"Gradient":0.0046515799999999998,"Direction":0,"PositionCertainty":1,"Enabled":1,"DataSource":1,"LevelSource":12,"StreetNameEN":"Mong Kok Road","StreetNameTC":"旺角道","ST_CODE":11454,"FloorID":null,"BuildingID_1":null,"BuildingID_2":null,"SiteID":null,"TerminalID":null,"AccessTimeID":null,"CreationDate":1614441600000,"ModifiedBy":"LANDSD","LastAmendmentDate":1764518400000,"Shape__Length":0.96740717868936721}},{"type":"Feature","id":341299,"geometry":{"type":"LineString","coordinates":[[114.16843189859904,22.320865235332505,4.8261999999958789],[114.16843920427759,22.320866580366022,4.8801999999996042]]},"properties":{"OBJECTID":341299,"PedestrianRouteID":240007667,"Location":1,"FeatureType":1,"AliasNameEN":"Portland Street","AliasNameTC":"砵蘭街","CrossingFeature":null,"WeatherProof":3,"WheelchairBarrier":2,"WheelchairAccess":2,"ObstaclesType":null,"Gradient":0.070262039999999998,"Direction":0,"PositionCertainty":1,"Enabled":1,"DataSource":1,"LevelSource":12,"StreetNameEN":"Portland Street","StreetNameTC":"砵蘭街","ST_CODE":11777,"FloorID":null,"BuildingID_1":null,"BuildingID_2":null,"SiteID":null,"TerminalID":null,"AccessTimeID":null,"CreationDate":1614441600000,"ModifiedBy":"LANDSD","LastAmendmentDate":1764518400000,"Shape__Length":0.7672864525183184}},{"type":"Feature","id":341300,"geometry":{"type":"LineString","coordinates":[[114.16841913040466,22.320862884910415,4.7127000000036787],[114.16843189859904,22.320865235332505,4.8261999999958789]]},"properties":{"OBJECTID":341300,"PedestrianRouteID":240007668,"Location":1,"FeatureType":1,"AliasNameEN":"Portland Street","AliasNameTC":"砵蘭街","CrossingFeature":null,"WeatherProof":2,"WheelchairBarrier":2,"WheelchairAccess":2,"ObstaclesType":null,"Gradient":0.084437949999999998,"Direction":0,"PositionCertainty":1,"Enabled":1,"DataSource":1,"LevelSource":12,"StreetNameEN":"Portland Street","StreetNameTC":"砵蘭街","ST_CODE":11777,"FloorID":null,"BuildingID_1":null,"BuildingID_2":null,"SiteID":null,"TerminalID":null,"AccessTimeID":null,"CreationDate":1614441600000,"ModifiedBy":"LANDSD","LastAmendmentDate":1642608000000,"Shape__Length":1.3409863118430148}},{"type":"Feature","id":341303,"geometry":{"type":"LineString","coordinates":[[114.17118760492662,22.319400951791689,5.5139999999955762],[114.17119710700071,22.319402682383966,5.5476999999955297]]},"properties":{"OBJECTID":341303,"PedestrianRouteID":240007671,"Location":1,"FeatureType":1,"AliasNameEN":"Fa Yuen Street","AliasNameTC":"花園街","CrossingFeature":null,"WeatherProof":3,"WheelchairBarrier":2,"WheelchairAccess":2,"ObstaclesType":null,"Gradient":0.033769149999999998,"Direction":0,"PositionCertainty":1,"Enabled":1,"DataSource":1,"LevelSource":2,"StreetNameEN":"Fa Yuen Street","StreetNameTC":"花園街","ST_CODE":10419,"FloorID":null,"BuildingID_1":null,"BuildingID_2":null,"SiteID":null,"TerminalID":null,"AccessTimeID":null,"CreationDate":1614441600000,"ModifiedBy":"LANDSD","LastAmendmentDate":1655654400000,"Shape__Length":0.99757283480480918}},{"type":"Feature","id":341304,"geometry":{"type":"LineString","coordinates":[[114.17116015761901,22.319395953303275,5.4211000000068452],[114.17118760492662,22.319400951791689,5.5139999999955762]]},"properties":{"OBJECTID":341304,"PedestrianRouteID":240007672,"Location":1,"FeatureType":1,"AliasNameEN":"Fa Yuen Street","AliasNameTC":"花園街","CrossingFeature":null,"WeatherProof":2,"WheelchairBarrier":2,"WheelchairAccess":2,"ObstaclesType":null,"Gradient":0.032228550000000002,"Direction":0,"PositionCertainty":1,"Enabled":1,"DataSource":1,"LevelSource":2,"StreetNameEN":"Fa Yuen Street","StreetNameTC":"花園街","ST_CODE":10419,"FloorID":null,"BuildingID_1":null,"BuildingID_2":null,"SiteID":null,"TerminalID":null,"AccessTimeID":null,"CreationDate":1614441600000,"ModifiedBy":"LANDSD","LastAmendmentDate":1655654400000,"Shape__Length":2.8815395135384296}},{"type":"Feature","id":341305,"geometry":{"type":"LineString","coordinates":[[114.17105901927211,22.319377533643841,5.3551000000006752],[114.17106519416231,22.319378658172489,5.3727000000071712]]},"properties":{"OBJECTID":341305,"PedestrianRouteID":240007673,"Location":1,"FeatureType":1,"AliasNameEN":"Fa Yuen Street","AliasNameTC":"花園街","CrossingFeature":null,"WeatherProof":3,"WheelchairBarrier":2,"WheelchairAccess":2,"ObstaclesType":null,"Gradient":0.027142619999999999,"Direction":0,"PositionCertainty":1,"Enabled":1,"DataSource":1,"LevelSource":2,"StreetNameEN":"Fa Yuen Street","StreetNameTC":"花園街","ST_CODE":10419,"FloorID":null,"BuildingID_1":null,"BuildingID_2":null,"SiteID":null,"TerminalID":null,"AccessTimeID":null,"CreationDate":1614441600000,"ModifiedBy":"LANDSD","LastAmendmentDate":1655654400000,"Shape__Length":0.64826745193597313}},{"type":"Feature","id":341306,"geometry":{"type":"LineString","coordinates":[[114.17106519416231,22.319378658172489,5.3727000000071712],[114.17110632774653,22.319386149604792,5.4759000000049127]]},"properties":{"OBJECTID":341306,"PedestrianRouteID":240007674,"Location":1,"FeatureType":1,"AliasNameEN":"Fa Yuen Street","AliasNameTC":"花園街","CrossingFeature":null,"WeatherProof":2,"WheelchairBarrier":2,"WheelchairAccess":2,"ObstaclesType":null,"Gradient":0.023893210000000002,"Direction":0,"PositionCertainty":1,"Enabled":1,"DataSource":1,"LevelSource":2,"StreetNameEN":"Fa Yuen Street","StreetNameTC":"花園街","ST_CODE":10419,"FloorID":null,"BuildingID_1":null,"BuildingID_2":null,"SiteID":null,"TerminalID":null,"AccessTimeID":null,"CreationDate":1614441600000,"ModifiedBy":"LANDSD","LastAmendmentDate":1655654400000,"Shape__Length":4.3183965034408534}},{"type":"Feature","id":341309,"geometry":{"type":"LineString","coordinates":[[114.17084761262171,22.317646852110176,5.4321999999956461],[114.17085412907777,22.317648027231058,5.4217999999964377]]},"properties":{"OBJECTID":341309,"PedestrianRouteID":240007677,"Location":1,"FeatureType":1,"AliasNameEN":"Tung Choi Street","AliasNameTC":"通菜街","CrossingFeature":null,"WeatherProof":2,"WheelchairBarrier":2,"WheelchairAccess":2,"ObstaclesType":null,"Gradient":0.015205979999999999,"Direction":0,"PositionCertainty":1,"Enabled":1,"DataSource":1,"LevelSource":2,"StreetNameEN":"Tung Choi Street","StreetNameTC":"通菜街","ST_CODE":12513,"FloorID":null,"BuildingID_1":null,"BuildingID_2":null,"SiteID":null,"TerminalID":null,"AccessTimeID":null,"CreationDate":1614441600000,"ModifiedBy":"LANDSD","LastAmendmentDate":1655654400000,"Shape__Length":0.68388885838801472}},{"type":"Feature","id":341310,"geometry":{"type":"LineString","coordinates":[[114.17083911909981,22.317645321110504,5.4464000000007218],[114.17084761262171,22.317646852110176,5.4321999999956461]]},"properties":{"OBJECTID":341310,"PedestrianRouteID":240007678,"Location":1,"FeatureType":1,"AliasNameEN":"Tung Choi Street","AliasNameTC":"通菜街","CrossingFeature":null,"WeatherProof":3,"WheelchairBarrier":2,"WheelchairAccess":2,"ObstaclesType":null,"Gradient":0.015929289999999999,"Direction":0,"PositionCertainty":1,"Enabled":1,"DataSource":1,"LevelSource":2,"StreetNameEN":"Tung Choi Street","StreetNameTC":"通菜街","ST_CODE":12513,"FloorID":null,"BuildingID_1":null,"BuildingID_2":null,"SiteID":null,"TerminalID":null,"AccessTimeID":null,"CreationDate":1614441600000,"ModifiedBy":"LANDSD","LastAmendmentDate":1655654400000,"Shape__Length":0.89136426895257903}},{"type":"Feature","id":341313,"geometry":{"type":"LineString","coordinates":[[114.1701219104951,22.319348374817753,5.1425000000017462],[114.17012311333005,22.319342811118265,5.1603000000031898]]},"properties":{"OBJECTID":341313,"PedestrianRouteID":240007681,"Location":1,"FeatureType":1,"AliasNameEN":"Argyle Street","AliasNameTC":"亞皆老街","CrossingFeature":null,"WeatherProof":3,"WheelchairBarrier":2,"WheelchairAccess":2,"ObstaclesType":null,"Gradient":0.02831676,"Direction":0,"PositionCertainty":1,"Enabled":1,"DataSource":1,"LevelSource":2,"StreetNameEN":"Argyle Street","StreetNameTC":"亞皆老街","ST_CODE":10027,"FloorID":null,"BuildingID_1":null,"BuildingID_2":null,"SiteID":null,"TerminalID":null,"AccessTimeID":null,"CreationDate":1614441600000,"ModifiedBy":"LANDSD","LastAmendmentDate":1655654400000,"Shape__Length":0.62843489739952429}},{"type":"Feature","id":341314,"geometry":{"type":"LineString","coordinates":[[114.17011810782712,22.319365970773649,5.0874000000039814],[114.1701219104951,22.319348374817753,5.1425000000017462]]},"properties":{"OBJECTID":341314,"PedestrianRouteID":240007682,"Location":1,"FeatureType":1,"AliasNameEN":"Argyle Street","AliasNameTC":"亞皆老街","CrossingFeature":null,"WeatherProof":2,"WheelchairBarrier":2,"WheelchairAccess":2,"ObstaclesType":null,"Gradient":0.02771643,"Direction":0,"PositionCertainty":1,"Enabled":1,"DataSource":1,"LevelSource":2,"StreetNameEN":"Argyle Street","StreetNameTC":"亞皆老街","ST_CODE":10027,"FloorID":null,"BuildingID_1":null,"BuildingID_2":null,"SiteID":null,"TerminalID":null,"AccessTimeID":null,"CreationDate":1614441600000,"ModifiedBy":"LANDSD","LastAmendmentDate":1655654400000,"Shape__Length":1.9874811043532263}},{"type":"Feature","id":341315,"geometry":{"type":"LineString","coordinates":[[114.17079622267278,22.318514164888057,5.7256999999954132],[114.17080168317348,22.318515163875016,5.7424000000028173]]},"properties":{"OBJECTID":341315,"PedestrianRouteID":240007683,"Location":1,"FeatureType":1,"AliasNameEN":"Tung Choi Street","AliasNameTC":"通菜街","CrossingFeature":null,"WeatherProof":2,"WheelchairBarrier":2,"WheelchairAccess":2,"ObstaclesType":null,"Gradient":0.029117899999999999,"Direction":0,"PositionCertainty":1,"Enabled":1,"DataSource":1,"LevelSource":2,"StreetNameEN":"Tung Choi Street","StreetNameTC":"通菜街","ST_CODE":12513,"FloorID":null,"BuildingID_1":null,"BuildingID_2":null,"SiteID":null,"TerminalID":null,"AccessTimeID":null,"CreationDate":1614441600000,"ModifiedBy":"LANDSD","LastAmendmentDate":1655654400000,"Shape__Length":0.57336822453943048}},{"type":"Feature","id":341316,"geometry":{"type":"LineString","coordinates":[[114.17080168317348,22.318515163875016,5.7424000000028173],[114.17080990886564,22.318516669580877,5.75350000000617]]},"properties":{"OBJECTID":341316,"PedestrianRouteID":240007684,"Location":1,"FeatureType":1,"AliasNameEN":"Tung Choi Street","AliasNameTC":"通菜街","CrossingFeature":null,"WeatherProof":3,"WheelchairBarrier":2,"WheelchairAccess":2,"ObstaclesType":null,"Gradient":0.0128504,"Direction":0,"PositionCertainty":1,"Enabled":1,"DataSource":1,"LevelSource":2,"StreetNameEN":"Tung Choi Street","StreetNameTC":"通菜街","ST_CODE":12513,"FloorID":null,"BuildingID_1":null,"BuildingID_2":null,"SiteID":null,"TerminalID":null,"AccessTimeID":null,"CreationDate":1614441600000,"ModifiedBy":"LANDSD","LastAmendmentDate":1655654400000,"Shape__Length":0.8637390454617091}},{"type":"Feature","id":341317,"geometry":{"type":"LineString","coordinates":[[114.17146309181791,22.319821123084481,5.7301000000006752],[114.17146489843616,22.319812436615955,5.7559000000037486]]},"properties":{"OBJECTID":341317,"PedestrianRouteID":240007685,"Location":1,"FeatureType":1,"AliasNameEN":"Argyle Street","AliasNameTC":"亞皆老街","CrossingFeature":null,"WeatherProof":2,"WheelchairBarrier":2,"WheelchairAccess":2,"ObstaclesType":null,"Gradient":0.026327509999999998,"Direction":0,"PositionCertainty":1,"Enabled":1,"DataSource":1,"LevelSource":2,"StreetNameEN":"Argyle Street","StreetNameTC":"亞皆老街","ST_CODE":10027,"FloorID":null,"BuildingID_1":null,"BuildingID_2":null,"SiteID":null,"TerminalID":null,"AccessTimeID":null,"CreationDate":1614441600000,"ModifiedBy":"LANDSD","LastAmendmentDate":1655654400000,"Shape__Length":0.97973711743815561}},{"type":"Feature","id":341318,"geometry":{"type":"LineString","coordinates":[[114.17146065031029,22.319832863678823,5.696299999995972],[114.17146309181791,22.319821123084481,5.7301000000006752]]},"properties":{"OBJECTID":341318,"PedestrianRouteID":240007686,"Location":1,"FeatureType":1,"AliasNameEN":"Argyle Street","AliasNameTC":"亞皆老街","CrossingFeature":null,"WeatherProof":3,"WheelchairBarrier":2,"WheelchairAccess":2,"ObstaclesType":null,"Gradient":0.025519259999999998,"Direction":0,"PositionCertainty":1,"Enabled":1,"DataSource":1,"LevelSource":2,"StreetNameEN":"Argyle Street","StreetNameTC":"亞皆老街","ST_CODE":10027,"FloorID":null,"BuildingID_1":null,"BuildingID_2":null,"SiteID":null,"TerminalID":null,"AccessTimeID":null,"CreationDate":1614441600000,"ModifiedBy":"LANDSD","LastAmendmentDate":1655654400000,"Shape__Length":1.3242025000545847}},{"type":"Feature","id":341319,"geometry":{"type":"LineString","coordinates":[[114.17151005799521,22.319595300178641,5.9602000000013504],[114.17151216457717,22.319585169727162,5.9673999999940861]]},"properties":{"OBJECTID":341319,"PedestrianRouteID":240007687,"Location":1,"FeatureType":1,"AliasNameEN":"Argyle Street","AliasNameTC":"亞皆老街","CrossingFeature":null,"WeatherProof":3,"WheelchairBarrier":2,"WheelchairAccess":2,"ObstaclesType":null,"Gradient":0.0063019,"Direction":0,"PositionCertainty":1,"Enabled":1,"DataSource":1,"LevelSource":2,"StreetNameEN":"Argyle Street","StreetNameTC":"亞皆老街","ST_CODE":10027,"FloorID":null,"BuildingID_1":null,"BuildingID_2":null,"SiteID":null,"TerminalID":null,"AccessTimeID":null,"CreationDate":1614441600000,"ModifiedBy":"LANDSD","LastAmendmentDate":1690819200000,"Shape__Length":1.1425953963396651}},{"type":"Feature","id":341320,"geometry":{"type":"LineString","coordinates":[[114.17150691268338,22.3196104236115,5.9364000000059605],[114.17151005799521,22.319595300178641,5.9602000000013504]]},"properties":{"OBJECTID":341320,"PedestrianRouteID":240007688,"Location":1,"FeatureType":1,"AliasNameEN":"Argyle Street","AliasNameTC":"亞皆老街","CrossingFeature":null,"WeatherProof":2,"WheelchairBarrier":2,"WheelchairAccess":2,"ObstaclesType":null,"Gradient":0.01395187,"Direction":0,"PositionCertainty":1,"Enabled":1,"DataSource":1,"LevelSource":2,"StreetNameEN":"Argyle Street","StreetNameTC":"亞皆老街","ST_CODE":10027,"FloorID":null,"BuildingID_1":null,"BuildingID_2":null,"SiteID":null,"TerminalID":null,"AccessTimeID":null,"CreationDate":1614441600000,"ModifiedBy":"LANDSD","LastAmendmentDate":1655654400000,"Shape__Length":1.705753819933258}},{"type":"Feature","id":341321,"geometry":{"type":"LineString","coordinates":[[114.17115213898927,22.32132848193606,6.1947999999974854],[114.17115441455751,22.321317159459149,6.1904999999969732]]},"properties":{"OBJECTID":341321,"PedestrianRouteID":240007689,"Location":1,"FeatureType":1,"AliasNameEN":"Mong Kok Road","AliasNameTC":"旺角道","CrossingFeature":null,"WeatherProof":3,"WheelchairBarrier":2,"WheelchairAccess":2,"ObstaclesType":null,"Gradient":0.0033711499999999998,"Direction":0,"PositionCertainty":1,"Enabled":1,"DataSource":1,"LevelSource":2,"StreetNameEN":"Mong Kok Road","StreetNameTC":"旺角道","ST_CODE":11454,"FloorID":null,"BuildingID_1":null,"BuildingID_2":null,"SiteID":null,"TerminalID":null,"AccessTimeID":null,"CreationDate":1614441600000,"ModifiedBy":"LANDSD","LastAmendmentDate":1655654400000,"Shape__Length":1.2755225606371892}},{"type":"Feature","id":341322,"geometry":{"type":"LineString","coordinates":[[114.17115441455751,22.321317159459149,6.1904999999969732],[114.17116114320879,22.321283676967496,6.1762000000016997]]},"properties":{"OBJECTID":341322,"PedestrianRouteID":240007690,"Location":1,"FeatureType":1,"AliasNameEN":"Mong Kok Road","AliasNameTC":"旺角道","CrossingFeature":null,"WeatherProof":2,"WheelchairBarrier":2,"WheelchairAccess":2,"ObstaclesType":null,"Gradient":0.0037911500000000001,"Direction":0,"PositionCertainty":1,"Enabled":1,"DataSource":1,"LevelSource":2,"StreetNameEN":"Mong Kok Road","StreetNameTC":"旺角道","ST_CODE":11454,"FloorID":null,"BuildingID_1":null,"BuildingID_2":null,"SiteID":null,"TerminalID":null,"AccessTimeID":null,"CreationDate":1614441600000,"ModifiedBy":"LANDSD","LastAmendmentDate":1655654400000,"Shape__Length":3.7719261517013969}},{"type":"Feature","id":341323,"geometry":{"type":"LineString","coordinates":[[114.1709861001623,22.317795056469542,5.5764000000053784],[114.17098649915147,22.317793172701546,5.5789999999979045]]},"properties":{"OBJECTID":341323,"PedestrianRouteID":240007691,"Location":1,"FeatureType":1,"AliasNameEN":"Shantung Street","AliasNameTC":"山東街","CrossingFeature":null,"WeatherProof":3,"WheelchairBarrier":2,"WheelchairAccess":2,"ObstaclesType":null,"Gradient":0.012228330000000001,"Direction":0,"PositionCertainty":1,"Enabled":1,"DataSource":1,"LevelSource":2,"StreetNameEN":"Shantung Street","StreetNameTC":"山東街","ST_CODE":11986,"FloorID":null,"BuildingID_1":null,"BuildingID_2":null,"SiteID":null,"TerminalID":null,"AccessTimeID":null,"CreationDate":1614441600000,"ModifiedBy":"LANDSD","LastAmendmentDate":1655654400000,"Shape__Length":0.21261037272597533}},{"type":"Feature","id":341324,"geometry":{"type":"LineString","coordinates":[[114.17098649915147,22.317793172701546,5.5789999999979045],[114.17099049972113,22.317774285353735,5.6042000000015832]]},"properties":{"OBJECTID":341324,"PedestrianRouteID":240007692,"Location":1,"FeatureType":1,"AliasNameEN":"Shantung Street","AliasNameTC":"山東街","CrossingFeature":null,"WeatherProof":2,"WheelchairBarrier":2,"WheelchairAccess":2,"ObstaclesType":null,"Gradient":0.01182093,"Direction":0,"PositionCertainty":1,"Enabled":1,"DataSource":1,"LevelSource":2,"StreetNameEN":"Shantung Street","StreetNameTC":"山東街","ST_CODE":11986,"FloorID":null,"BuildingID_1":null,"BuildingID_2":null,"SiteID":null,"TerminalID":null,"AccessTimeID":null,"CreationDate":1614441600000,"ModifiedBy":"LANDSD","LastAmendmentDate":1655654400000,"Shape__Length":2.1317126110230795}},{"type":"Feature","id":341325,"geometry":{"type":"LineString","coordinates":[[114.1679424085843,22.317251997849933,3.993400000006659],[114.16794361147956,22.317246561496635,3.9435999999986961]]},"properties":{"OBJECTID":341325,"PedestrianRouteID":240007695,"Location":1,"FeatureType":1,"AliasNameEN":"Shantung Street","AliasNameTC":"山東街","CrossingFeature":null,"WeatherProof":3,"WheelchairBarrier":2,"WheelchairAccess":2,"ObstaclesType":null,"Gradient":0.080849320000000002,"Direction":0,"PositionCertainty":1,"Enabled":1,"DataSource":1,"LevelSource":2,"StreetNameEN":"Shantung Street","StreetNameTC":"山東街","ST_CODE":11986,"FloorID":null,"BuildingID_1":null,"BuildingID_2":null,"SiteID":null,"TerminalID":null,"AccessTimeID":null,"CreationDate":1614441600000,"ModifiedBy":"LANDSD","LastAmendmentDate":1655654400000,"Shape__Length":0.61461793819221877}},{"type":"Feature","id":341326,"geometry":{"type":"LineString","coordinates":[[114.16794361147956,22.317246561496635,3.9435999999986961],[114.16794568135205,22.317237212233252,3.8564000000042142]]},"properties":{"OBJECTID":341326,"PedestrianRouteID":240007696,"Location":1,"FeatureType":1,"AliasNameEN":"Shantung Street","AliasNameTC":"山東街","CrossingFeature":null,"WeatherProof":2,"WheelchairBarrier":2,"WheelchairAccess":2,"ObstaclesType":null,"Gradient":0.082309359999999998,"Direction":0,"PositionCertainty":1,"Enabled":1,"DataSource":1,"LevelSource":2,"StreetNameEN":"Shantung Street","StreetNameTC":"山東街","ST_CODE":11986,"FloorID":null,"BuildingID_1":null,"BuildingID_2":null,"SiteID":null,"TerminalID":null,"AccessTimeID":null,"CreationDate":1614441600000,"ModifiedBy":"LANDSD","LastAmendmentDate":1655654400000,"Shape__Length":1.0570242803749823}},{"type":"Feature","id":341327,"geometry":{"type":"LineString","coordinates":[[114.1684461123744,22.320163078554948,5.14879999999539],[114.16844552305285,22.320165858141173,5.1567999999970198]]},"properties":{"OBJECTID":341327,"PedestrianRouteID":240007697,"Location":1,"FeatureType":1,"AliasNameEN":"Portland Street","AliasNameTC":"砵蘭街","CrossingFeature":null,"WeatherProof":3,"WheelchairBarrier":2,"WheelchairAccess":2,"ObstaclesType":null,"Gradient":0.025494260000000001,"Direction":0,"PositionCertainty":1,"Enabled":1,"DataSource":1,"LevelSource":2,"StreetNameEN":"Portland Street","StreetNameTC":"砵蘭街","ST_CODE":11777,"FloorID":null,"BuildingID_1":null,"BuildingID_2":null,"SiteID":null,"TerminalID":null,"AccessTimeID":null,"CreationDate":1614441600000,"ModifiedBy":"LANDSD","LastAmendmentDate":1655654400000,"Shape__Length":0.31372811516878063}},{"type":"Feature","id":341328,"geometry":{"type":"LineString","coordinates":[[114.16844963374078,22.320146457929646,5.1016999999992549],[114.1684461123744,22.320163078554948,5.14879999999539]]},"properties":{"OBJECTID":341328,"PedestrianRouteID":240007698,"Location":1,"FeatureType":1,"AliasNameEN":"Portland Street","AliasNameTC":"砵蘭街","CrossingFeature":null,"WeatherProof":2,"WheelchairBarrier":2,"WheelchairAccess":2,"ObstaclesType":null,"Gradient":0.02510271,"Direction":0,"PositionCertainty":1,"Enabled":1,"DataSource":1,"LevelSource":2,"StreetNameEN":"Portland Street","StreetNameTC":"砵蘭街","ST_CODE":11777,"FloorID":null,"BuildingID_1":null,"BuildingID_2":null,"SiteID":null,"TerminalID":null,"AccessTimeID":null,"CreationDate":1614441600000,"ModifiedBy":"LANDSD","LastAmendmentDate":1655654400000,"Shape__Length":1.8758975282831907}},{"type":"Feature","id":341335,"geometry":{"type":"LineString","coordinates":[[114.16796443660363,22.317287649142408,4.0525000000052387],[114.16797281263077,22.317289200153596,4.0276000000012573]]},"properties":{"OBJECTID":341335,"PedestrianRouteID":240007705,"Location":1,"FeatureType":1,"AliasNameEN":"Reclamation Street","AliasNameTC":"新填地街","CrossingFeature":null,"WeatherProof":3,"WheelchairBarrier":2,"WheelchairAccess":2,"ObstaclesType":null,"Gradient":0.028290650000000001,"Direction":0,"PositionCertainty":1,"Enabled":1,"DataSource":1,"LevelSource":2,"StreetNameEN":"Reclamation Street","StreetNameTC":"新填地街","ST_CODE":11810,"FloorID":null,"BuildingID_1":null,"BuildingID_2":null,"SiteID":null,"TerminalID":null,"AccessTimeID":null,"CreationDate":1614441600000,"ModifiedBy":"LANDSD","LastAmendmentDate":1655654400000,"Shape__Length":0.87991470614029266}},{"type":"Feature","id":341336,"geometry":{"type":"LineString","coordinates":[[114.16797281263077,22.317289200153596,4.0276000000012573],[114.16799851820305,22.31729396068009,3.9602000000013504]]},"properties":{"OBJECTID":341336,"PedestrianRouteID":240007706,"Location":1,"FeatureType":1,"AliasNameEN":"Reclamation Street","AliasNameTC":"新填地街","CrossingFeature":null,"WeatherProof":2,"WheelchairBarrier":2,"WheelchairAccess":2,"ObstaclesType":null,"Gradient":0.024953880000000001,"Direction":0,"PositionCertainty":1,"Enabled":1,"DataSource":1,"LevelSource":2,"StreetNameEN":"Reclamation Street","StreetNameTC":"新填地街","ST_CODE":11810,"FloorID":null,"BuildingID_1":null,"BuildingID_2":null,"SiteID":null,"TerminalID":null,"AccessTimeID":null,"CreationDate":1614441600000,"ModifiedBy":"LANDSD","LastAmendmentDate":1655654400000,"Shape__Length":2.7004224209203067}},{"type":"Feature","id":341337,"geometry":{"type":"LineString","coordinates":[[114.16789325217918,22.320747908167096,4.9323000000003958],[114.16789479205467,22.320740147360478,4.8656999999948312]]},"properties":{"OBJECTID":341337,"PedestrianRouteID":240007707,"Location":1,"FeatureType":1,"AliasNameEN":"Mong Kok Road","AliasNameTC":"旺角道","CrossingFeature":null,"WeatherProof":3,"WheelchairBarrier":2,"WheelchairAccess":2,"ObstaclesType":null,"Gradient":0.076062019999999994,"Direction":0,"PositionCertainty":1,"Enabled":1,"DataSource":1,"LevelSource":2,"StreetNameEN":"Mong Kok Road","StreetNameTC":"旺角道","ST_CODE":11454,"FloorID":null,"BuildingID_1":null,"BuildingID_2":null,"SiteID":null,"TerminalID":null,"AccessTimeID":null,"CreationDate":1614441600000,"ModifiedBy":"LANDSD","LastAmendmentDate":1655654400000,"Shape__Length":0.87391207649354674}},{"type":"Feature","id":341338,"geometry":{"type":"LineString","coordinates":[[114.16789479205467,22.320740147360478,4.8656999999948312],[114.16789730867288,22.320727466740635,4.6787999999942258]]},"properties":{"OBJECTID":341338,"PedestrianRouteID":240007708,"Location":1,"FeatureType":1,"AliasNameEN":"Mong Kok Road","AliasNameTC":"旺角道","CrossingFeature":null,"WeatherProof":2,"WheelchairBarrier":2,"WheelchairAccess":2,"ObstaclesType":null,"Gradient":0.13014959000000001,"Direction":0,"PositionCertainty":1,"Enabled":1,"DataSource":1,"LevelSource":2,"StreetNameEN":"Mong Kok Road","StreetNameTC":"旺角道","ST_CODE":11454,"FloorID":null,"BuildingID_1":null,"BuildingID_2":null,"SiteID":null,"TerminalID":null,"AccessTimeID":null,"CreationDate":1614441600000,"ModifiedBy":"LANDSD","LastAmendmentDate":1655654400000,"Shape__Length":1.4279223655504616}},{"type":"Feature","id":341339,"geometry":{"type":"LineString","coordinates":[[114.16772690685259,22.320477371244472,4.724900000001071],[114.16772775930791,22.320473289464218,4.7779000000009546]]},"properties":{"OBJECTID":341339,"PedestrianRouteID":240007709,"Location":1,"FeatureType":1,"AliasNameEN":"Mong Kok Road","AliasNameTC":"旺角道","CrossingFeature":null,"WeatherProof":2,"WheelchairBarrier":2,"WheelchairAccess":2,"ObstaclesType":null,"Gradient":0.11460081,"Direction":0,"PositionCertainty":1,"Enabled":1,"DataSource":1,"LevelSource":2,"StreetNameEN":"Mong Kok Road","StreetNameTC":"旺角道","ST_CODE":11454,"FloorID":null,"BuildingID_1":null,"BuildingID_2":null,"SiteID":null,"TerminalID":null,"AccessTimeID":null,"CreationDate":1614441600000,"ModifiedBy":"LANDSD","LastAmendmentDate":1655654400000,"Shape__Length":0.46044852003101139}},{"type":"Feature","id":341340,"geometry":{"type":"LineString","coordinates":[[114.16772775930791,22.320473289464218,4.7779000000009546],[114.16773094387786,22.320458051420069,4.9817999999941094]]},"properties":{"OBJECTID":341340,"PedestrianRouteID":240007710,"Location":1,"FeatureType":1,"AliasNameEN":"Mong Kok Road","AliasNameTC":"旺角道","CrossingFeature":null,"WeatherProof":3,"WheelchairBarrier":2,"WheelchairAccess":2,"ObstaclesType":null,"Gradient":0.11806498,"Direction":0,"PositionCertainty":1,"Enabled":1,"DataSource":1,"LevelSource":2,"StreetNameEN":"Mong Kok Road","StreetNameTC":"旺角道","ST_CODE":11454,"FloorID":null,"BuildingID_1":null,"BuildingID_2":null,"SiteID":null,"TerminalID":null,"AccessTimeID":null,"CreationDate":1614441600000,"ModifiedBy":"LANDSD","LastAmendmentDate":1655654400000,"Shape__Length":1.7189830599535036}},{"type":"Feature","id":341343,"geometry":{"type":"LineString","coordinates":[[114.17017593007904,22.320862065277023,5.4722000000037951],[114.17017143911768,22.320861281237203,5.4538999999931548]]},"properties":{"OBJECTID":341343,"PedestrianRouteID":240007713,"Location":1,"FeatureType":1,"AliasNameEN":"Tung Choi Street","AliasNameTC":"通菜街","CrossingFeature":null,"WeatherProof":3,"WheelchairBarrier":2,"WheelchairAccess":2,"ObstaclesType":null,"Gradient":0.038852820000000003,"Direction":0,"PositionCertainty":1,"Enabled":1,"DataSource":1,"LevelSource":2,"StreetNameEN":"Tung Choi Street","StreetNameTC":"通菜街","ST_CODE":12513,"FloorID":null,"BuildingID_1":null,"BuildingID_2":null,"SiteID":null,"TerminalID":null,"AccessTimeID":null,"CreationDate":1614441600000,"ModifiedBy":"LANDSD","LastAmendmentDate":1655654400000,"Shape__Length":0.4707712076774479}},{"type":"Feature","id":341344,"geometry":{"type":"LineString","coordinates":[[114.17018835665766,22.320864235837995,5.5227000000013504],[114.17017593007904,22.320862065277023,5.4722000000037951]]},"properties":{"OBJECTID":341344,"PedestrianRouteID":240007714,"Location":1,"FeatureType":1,"AliasNameEN":"Tung Choi Street","AliasNameTC":"通菜街","CrossingFeature":null,"WeatherProof":2,"WheelchairBarrier":2,"WheelchairAccess":2,"ObstaclesType":null,"Gradient":0.038747549999999999,"Direction":0,"PositionCertainty":1,"Enabled":1,"DataSource":1,"LevelSource":2,"StreetNameEN":"Tung Choi Street","StreetNameTC":"通菜街","ST_CODE":12513,"FloorID":null,"BuildingID_1":null,"BuildingID_2":null,"SiteID":null,"TerminalID":null,"AccessTimeID":null,"CreationDate":1614441600000,"ModifiedBy":"LANDSD","LastAmendmentDate":1655654400000,"Shape__Length":1.302655817637681}},{"type":"Feature","id":341345,"geometry":{"type":"LineString","coordinates":[[114.17032427580845,22.321174044858591,5.6083000000071479],[114.17032536895132,22.321168931781035,5.6269999999931315]]},"properties":{"OBJECTID":341345,"PedestrianRouteID":240007715,"Location":1,"FeatureType":1,"AliasNameEN":"Mong Kok Road","AliasNameTC":"旺角道","CrossingFeature":null,"WeatherProof":3,"WheelchairBarrier":2,"WheelchairAccess":2,"ObstaclesType":null,"Gradient":0.032381529999999999,"Direction":0,"PositionCertainty":1,"Enabled":1,"DataSource":1,"LevelSource":2,"StreetNameEN":"Mong Kok Road","StreetNameTC":"旺角道","ST_CODE":11454,"FloorID":null,"BuildingID_1":null,"BuildingID_2":null,"SiteID":null,"TerminalID":null,"AccessTimeID":null,"CreationDate":1614441600000,"ModifiedBy":"LANDSD","LastAmendmentDate":1655654400000,"Shape__Length":0.57728779575709988}},{"type":"Feature","id":341346,"geometry":{"type":"LineString","coordinates":[[114.17032536895132,22.321168931781035,5.6269999999931315],[114.1703272853492,22.321159964479602,5.6594999999942956]]},"properties":{"OBJECTID":341346,"PedestrianRouteID":240007716,"Location":1,"FeatureType":1,"AliasNameEN":"Mong Kok Road","AliasNameTC":"旺角道","CrossingFeature":null,"WeatherProof":2,"WheelchairBarrier":2,"WheelchairAccess":2,"ObstaclesType":null,"Gradient":0.032089949999999999,"Direction":0,"PositionCertainty":1,"Enabled":1,"DataSource":1,"LevelSource":2,"StreetNameEN":"Mong Kok Road","StreetNameTC":"旺角道","ST_CODE":11454,"FloorID":null,"BuildingID_1":null,"BuildingID_2":null,"SiteID":null,"TerminalID":null,"AccessTimeID":null,"CreationDate":1614441600000,"ModifiedBy":"LANDSD","LastAmendmentDate":1655654400000,"Shape__Length":1.0124306207177878}},{"type":"Feature","id":341347,"geometry":{"type":"LineString","coordinates":[[114.1708228367965,22.320497639283413,5.8536000000021886],[114.17082956885845,22.32049882434654,5.8824000000022352]]},"properties":{"OBJECTID":341347,"PedestrianRouteID":240007717,"Location":1,"FeatureType":1,"AliasNameEN":"Fa Yuen Street","AliasNameTC":"花園街","CrossingFeature":null,"WeatherProof":3,"WheelchairBarrier":2,"WheelchairAccess":2,"ObstaclesType":null,"Gradient":0.01133257,"Direction":0,"PositionCertainty":1,"Enabled":1,"DataSource":1,"LevelSource":2,"StreetNameEN":"Fa Yuen Street","StreetNameTC":"花園街","ST_CODE":10419,"FloorID":null,"BuildingID_1":null,"BuildingID_2":null,"SiteID":null,"TerminalID":null,"AccessTimeID":null,"CreationDate":1614441600000,"ModifiedBy":"LANDSD","LastAmendmentDate":1689264000000,"Shape__Length":0.70589970959451087}},{"type":"Feature","id":341348,"geometry":{"type":"LineString","coordinates":[[114.17082956885845,22.32049882434654,5.8824000000022352],[114.17083965142211,22.320500598327865,5.8706999999994878]]},"properties":{"OBJECTID":341348,"PedestrianRouteID":240007718,"Location":1,"FeatureType":1,"AliasNameEN":"Fa Yuen Street","AliasNameTC":"花園街","CrossingFeature":null,"WeatherProof":2,"WheelchairBarrier":2,"WheelchairAccess":2,"ObstaclesType":null,"Gradient":0.01106649,"Direction":0,"PositionCertainty":1,"Enabled":1,"DataSource":1,"LevelSource":2,"StreetNameEN":"Fa Yuen Street","StreetNameTC":"花園街","ST_CODE":10419,"FloorID":null,"BuildingID_1":null,"BuildingID_2":null,"SiteID":null,"TerminalID":null,"AccessTimeID":null,"CreationDate":1614441600000,"ModifiedBy":"LANDSD","LastAmendmentDate":1655654400000,"Shape__Length":1.0572031026994069}},{"type":"Feature","id":341349,"geometry":{"type":"LineString","coordinates":[[114.17176187339568,22.319608820723559,6.1441000000049826],[114.17177557815474,22.319611302758656,6.1674999999959255]]},"properties":{"OBJECTID":341349,"PedestrianRouteID":240007719,"Location":1,"FeatureType":1,"AliasNameEN":"Sai Yee Street","AliasNameTC":"洗衣街","CrossingFeature":null,"WeatherProof":3,"WheelchairBarrier":2,"WheelchairAccess":2,"ObstaclesType":null,"Gradient":0.016265600000000002,"Direction":0,"PositionCertainty":1,"Enabled":1,"DataSource":1,"LevelSource":2,"StreetNameEN":"Sai Yee Street","StreetNameTC":"洗衣街","ST_CODE":11861,"FloorID":null,"BuildingID_1":null,"BuildingID_2":null,"SiteID":null,"TerminalID":null,"AccessTimeID":null,"CreationDate":1614441600000,"ModifiedBy":"LANDSD","LastAmendmentDate":1655654400000,"Shape__Length":1.4384919331501496}},{"type":"Feature","id":341350,"geometry":{"type":"LineString","coordinates":[[114.17168897320941,22.319595616602797,6.0194999999948777],[114.17176187339568,22.319608820723559,6.1441000000049826]]},"properties":{"OBJECTID":341350,"PedestrianRouteID":240007720,"Location":1,"FeatureType":1,"AliasNameEN":"Sai Yee Street","AliasNameTC":"洗衣街","CrossingFeature":null,"WeatherProof":2,"WheelchairBarrier":2,"WheelchairAccess":2,"ObstaclesType":null,"Gradient":0.016282209999999998,"Direction":0,"PositionCertainty":1,"Enabled":1,"DataSource":1,"LevelSource":2,"StreetNameEN":"Sai Yee Street","StreetNameTC":"洗衣街","ST_CODE":11861,"FloorID":null,"BuildingID_1":null,"BuildingID_2":null,"SiteID":null,"TerminalID":null,"AccessTimeID":null,"CreationDate":1614441600000,"ModifiedBy":"LANDSD","LastAmendmentDate":1655654400000,"Shape__Length":7.6518475158806929}},{"type":"Feature","id":341351,"geometry":{"type":"LineString","coordinates":[[114.16915147766822,22.320968970207595,5.0213999999978114],[114.16915141263814,22.320968958464753,5.0210999999981141],[114.16915140001682,22.320969020775227,5.0210999999981141],[114.16914870101638,22.320982011154893,5.0213999999978114],[114.16914834470937,22.320983727853644,5.0213999999978114],[114.16913220797591,22.321061410954773,5.064700000002631]]},"properties":{"OBJECTID":341351,"PedestrianRouteID":240007721,"Location":1,"FeatureType":1,"AliasNameEN":"Nathan Road","AliasNameTC":"彌敦道","CrossingFeature":null,"WeatherProof":1,"WheelchairBarrier":2,"WheelchairAccess":2,"ObstaclesType":null,"Gradient":0.0041498799999999999,"Direction":0,"PositionCertainty":1,"Enabled":1,"DataSource":1,"LevelSource":2,"StreetNameEN":"Nathan Road","StreetNameTC":"彌敦道","ST_CODE":11504,"FloorID":null,"BuildingID_1":null,"BuildingID_2":null,"SiteID":null,"TerminalID":null,"AccessTimeID":null,"CreationDate":1614441600000,"ModifiedBy":"LANDSD","LastAmendmentDate":1655654400000,"Shape__Length":10.4339736583198}},{"type":"Feature","id":341352,"geometry":{"type":"LineString","coordinates":[[114.16924919998256,22.320976620106023,5.1744999999937136],[114.16924709322733,22.320986547337984,5.1704000000027008]]},"properties":{"OBJECTID":341352,"PedestrianRouteID":240007722,"Location":1,"FeatureType":1,"AliasNameEN":"Mong Kok Road","AliasNameTC":"旺角道","CrossingFeature":null,"WeatherProof":1,"WheelchairBarrier":2,"WheelchairAccess":2,"ObstaclesType":null,"Gradient":0.0036590199999999998,"Direction":0,"PositionCertainty":1,"Enabled":1,"DataSource":1,"LevelSource":2,"StreetNameEN":"Mong Kok Road","StreetNameTC":"旺角道","ST_CODE":11454,"FloorID":null,"BuildingID_1":null,"BuildingID_2":null,"SiteID":null,"TerminalID":null,"AccessTimeID":null,"CreationDate":1614441600000,"ModifiedBy":"LANDSD","LastAmendmentDate":1655654400000,"Shape__Length":1.1205130483259675}},{"type":"Feature","id":341353,"geometry":{"type":"LineString","coordinates":[[114.16927756312904,22.320957731236064,5.1186000000016065],[114.16925408726534,22.32095358871101,5.0751000000018394],[114.16924919998256,22.320976620106023,5.1744999999937136]]},"properties":{"OBJECTID":341353,"PedestrianRouteID":240007723,"Location":1,"FeatureType":1,"AliasNameEN":"Mong Kok Road","AliasNameTC":"旺角道","CrossingFeature":null,"WeatherProof":1,"WheelchairBarrier":2,"WheelchairAccess":2,"ObstaclesType":null,"Gradient":0.01104393,"Direction":0,"PositionCertainty":1,"Enabled":1,"DataSource":1,"LevelSource":2,"StreetNameEN":"Mong Kok Road","StreetNameTC":"旺角道","ST_CODE":11454,"FloorID":null,"BuildingID_1":null,"BuildingID_2":null,"SiteID":null,"TerminalID":null,"AccessTimeID":null,"CreationDate":1614441600000,"ModifiedBy":"LANDSD","LastAmendmentDate":1658246400000,"Shape__Length":5.0613988411715729}},{"type":"Feature","id":341355,"geometry":{"type":"LineString","coordinates":[[114.16894448716137,22.321965098695411,5.3347000000067055],[114.16894180074387,22.321978030371774,5.3392000000021653]]},"properties":{"OBJECTID":341355,"PedestrianRouteID":240007725,"Location":1,"FeatureType":1,"AliasNameEN":"Nathan Road","AliasNameTC":"彌敦道","CrossingFeature":null,"WeatherProof":2,"WheelchairBarrier":2,"WheelchairAccess":2,"ObstaclesType":null,"Gradient":0.00308538,"Direction":0,"PositionCertainty":1,"Enabled":1,"DataSource":1,"LevelSource":2,"StreetNameEN":"Nathan Road","StreetNameTC":"彌敦道","ST_CODE":11504,"FloorID":null,"BuildingID_1":null,"BuildingID_2":null,"SiteID":null,"TerminalID":null,"AccessTimeID":null,"CreationDate":1614441600000,"ModifiedBy":"LANDSD","LastAmendmentDate":1655654400000,"Shape__Length":1.4584878779885555}},{"type":"Feature","id":341356,"geometry":{"type":"LineString","coordinates":[[114.16897031926891,22.321840742382172,5.3173999999999069],[114.16894448716137,22.321965098695411,5.3347000000067055]]},"properties":{"OBJECTID":341356,"PedestrianRouteID":240007726,"Location":1,"FeatureType":1,"AliasNameEN":"Nathan Road","AliasNameTC":"彌敦道","CrossingFeature":null,"WeatherProof":1,"WheelchairBarrier":2,"WheelchairAccess":2,"ObstaclesType":null,"Gradient":0.0012334799999999999,"Direction":0,"PositionCertainty":1,"Enabled":1,"DataSource":1,"LevelSource":2,"StreetNameEN":"Nathan Road","StreetNameTC":"彌敦道","ST_CODE":11504,"FloorID":null,"BuildingID_1":null,"BuildingID_2":null,"SiteID":null,"TerminalID":null,"AccessTimeID":null,"CreationDate":1614441600000,"ModifiedBy":"LANDSD","LastAmendmentDate":1655654400000,"Shape__Length":14.025387801613872}},{"type":"Feature","id":341357,"geometry":{"type":"LineString","coordinates":[[114.16899625327217,22.321715898415867,5.2458000000042375],[114.16897031926891,22.321840742382172,5.3173999999999069]]},"properties":{"OBJECTID":341357,"PedestrianRouteID":240007727,"Location":1,"FeatureType":1,"AliasNameEN":"Nathan Road","AliasNameTC":"彌敦道","CrossingFeature":null,"WeatherProof":2,"WheelchairBarrier":2,"WheelchairAccess":2,"ObstaclesType":null,"Gradient":0.0050850399999999999,"Direction":0,"PositionCertainty":1,"Enabled":1,"DataSource":1,"LevelSource":2,"StreetNameEN":"Nathan Road","StreetNameTC":"彌敦道","ST_CODE":11504,"FloorID":null,"BuildingID_1":null,"BuildingID_2":null,"SiteID":null,"TerminalID":null,"AccessTimeID":null,"CreationDate":1614441600000,"ModifiedBy":"LANDSD","LastAmendmentDate":1655654400000,"Shape__Length":14.08039912527796}},{"type":"Feature","id":341358,"geometry":{"type":"LineString","coordinates":[[114.16902152509469,22.321594238598326,5.1679000000003725],[114.16899625327217,22.321715898415867,5.2458000000042375]]},"properties":{"OBJECTID":341358,"PedestrianRouteID":240007728,"Location":1,"FeatureType":1,"AliasNameEN":"Nathan Road","AliasNameTC":"彌敦道","CrossingFeature":null,"WeatherProof":1,"WheelchairBarrier":2,"WheelchairAccess":2,"ObstaclesType":null,"Gradient":0.0056772599999999999,"Direction":0,"PositionCertainty":1,"Enabled":1,"DataSource":1,"LevelSource":2,"StreetNameEN":"Nathan Road","StreetNameTC":"彌敦道","ST_CODE":11504,"FloorID":null,"BuildingID_1":null,"BuildingID_2":null,"SiteID":null,"TerminalID":null,"AccessTimeID":null,"CreationDate":1614441600000,"ModifiedBy":"LANDSD","LastAmendmentDate":1655654400000,"Shape__Length":13.721264059040189}},{"type":"Feature","id":341359,"geometry":{"type":"LineString","coordinates":[[114.16904694347464,22.321471876201965,5.0348999999987427],[114.16902152509469,22.321594238598326,5.1679000000003725]]},"properties":{"OBJECTID":341359,"PedestrianRouteID":240007729,"Location":1,"FeatureType":1,"AliasNameEN":"Nathan Road","AliasNameTC":"彌敦道","CrossingFeature":null,"WeatherProof":2,"WheelchairBarrier":2,"WheelchairAccess":2,"ObstaclesType":null,"Gradient":0.0096370199999999996,"Direction":0,"PositionCertainty":1,"Enabled":1,"DataSource":1,"LevelSource":2,"StreetNameEN":"Nathan Road","StreetNameTC":"彌敦道","ST_CODE":11504,"FloorID":null,"BuildingID_1":null,"BuildingID_2":null,"SiteID":null,"TerminalID":null,"AccessTimeID":null,"CreationDate":1614441600000,"ModifiedBy":"LANDSD","LastAmendmentDate":1655654400000,"Shape__Length":13.800515847157678}},{"type":"Feature","id":341360,"geometry":{"type":"LineString","coordinates":[[114.16909031801603,22.321263068410516,5.1159000000043306],[114.16904694347464,22.321471876201965,5.0348999999987427]]},"properties":{"OBJECTID":341360,"PedestrianRouteID":240007730,"Location":1,"FeatureType":1,"AliasNameEN":"Nathan Road","AliasNameTC":"彌敦道","CrossingFeature":null,"WeatherProof":1,"WheelchairBarrier":2,"WheelchairAccess":2,"ObstaclesType":null,"Gradient":0.0034394600000000001,"Direction":0,"PositionCertainty":1,"Enabled":1,"DataSource":1,"LevelSource":2,"StreetNameEN":"Nathan Road","StreetNameTC":"彌敦道","ST_CODE":11504,"FloorID":null,"BuildingID_1":null,"BuildingID_2":null,"SiteID":null,"TerminalID":null,"AccessTimeID":null,"CreationDate":1614441600000,"ModifiedBy":"LANDSD","LastAmendmentDate":1655654400000,"Shape__Length":23.550147686053496}},{"type":"Feature","id":341361,"geometry":{"type":"LineString","coordinates":[[114.16913220797591,22.321061410954773,5.064700000002631],[114.16911858576681,22.321126987760934,5.0951000000059139]]},"properties":{"OBJECTID":341361,"PedestrianRouteID":240007731,"Location":1,"FeatureType":1,"AliasNameEN":"Nathan Road","AliasNameTC":"彌敦道","CrossingFeature":null,"WeatherProof":1,"WheelchairBarrier":2,"WheelchairAccess":2,"ObstaclesType":null,"Gradient":0.0041102999999999999,"Direction":0,"PositionCertainty":1,"Enabled":1,"DataSource":1,"LevelSource":2,"StreetNameEN":"Nathan Road","StreetNameTC":"彌敦道","ST_CODE":11504,"FloorID":null,"BuildingID_1":null,"BuildingID_2":null,"SiteID":null,"TerminalID":null,"AccessTimeID":null,"CreationDate":1614441600000,"ModifiedBy":"LANDSD","LastAmendmentDate":1655654400000,"Shape__Length":7.3960108493574426}},{"type":"Feature","id":341362,"geometry":{"type":"LineString","coordinates":[[114.16911858576681,22.321126987760934,5.0951000000059139],[114.16909031801603,22.321263068410516,5.1159000000043306]]},"properties":{"OBJECTID":341362,"PedestrianRouteID":240007732,"Location":1,"FeatureType":1,"AliasNameEN":"Nathan Road","AliasNameTC":"彌敦道","CrossingFeature":null,"WeatherProof":2,"WheelchairBarrier":2,"WheelchairAccess":2,"ObstaclesType":null,"Gradient":0.0013552499999999999,"Direction":0,"PositionCertainty":1,"Enabled":1,"DataSource":1,"LevelSource":2,"StreetNameEN":"Nathan Road","StreetNameTC":"彌敦道","ST_CODE":11504,"FloorID":null,"BuildingID_1":null,"BuildingID_2":null,"SiteID":null,"TerminalID":null,"AccessTimeID":null,"CreationDate":1614441600000,"ModifiedBy":"LANDSD","LastAmendmentDate":1655654400000,"Shape__Length":15.347709130679041}},{"type":"Feature","id":341367,"geometry":{"type":"LineString","coordinates":[[114.16846268230334,22.320084876276862,5.0578999999997905],[114.16841527472953,22.320076678559676,5.1606000000028871]]},"properties":{"OBJECTID":341367,"PedestrianRouteID":240007737,"Location":1,"FeatureType":1,"AliasNameEN":"Fife Street","AliasNameTC":"快富街","CrossingFeature":null,"WeatherProof":1,"WheelchairBarrier":2,"WheelchairAccess":2,"ObstaclesType":null,"Gradient":0.020669400000000001,"Direction":0,"PositionCertainty":1,"Enabled":1,"DataSource":1,"LevelSource":2,"StreetNameEN":"Fife Street","StreetNameTC":"快富街","ST_CODE":10485,"FloorID":null,"BuildingID_1":null,"BuildingID_2":null,"SiteID":null,"TerminalID":null,"AccessTimeID":null,"CreationDate":1614441600000,"ModifiedBy":"LANDSD","LastAmendmentDate":1655654400000,"Shape__Length":4.9679894937381261}},{"type":"Feature","id":341368,"geometry":{"type":"LineString","coordinates":[[114.16841527472953,22.320076678559676,5.1606000000028871],[114.16839767014135,22.320073634335028,5.1567000000068219]]},"properties":{"OBJECTID":341368,"PedestrianRouteID":240007738,"Location":1,"FeatureType":1,"AliasNameEN":"Fife Street","AliasNameTC":"快富街","CrossingFeature":null,"WeatherProof":2,"WheelchairBarrier":2,"WheelchairAccess":2,"ObstaclesType":null,"Gradient":0.002114,"Direction":0,"PositionCertainty":1,"Enabled":1,"DataSource":1,"LevelSource":2,"StreetNameEN":"Fife Street","StreetNameTC":"快富街","ST_CODE":10485,"FloorID":null,"BuildingID_1":null,"BuildingID_2":null,"SiteID":null,"TerminalID":null,"AccessTimeID":null,"CreationDate":1614441600000,"ModifiedBy":"LANDSD","LastAmendmentDate":1655654400000,"Shape__Length":1.8448413043712046}},{"type":"Feature","id":341369,"geometry":{"type":"LineString","coordinates":[[114.16839767014135,22.320073634335028,5.1567000000068219],[114.16835581823999,22.320066397744448,5.2396000000007916]]},"properties":{"OBJECTID":341369,"PedestrianRouteID":240007739,"Location":1,"FeatureType":1,"AliasNameEN":"Fife Street","AliasNameTC":"快富街","CrossingFeature":null,"WeatherProof":1,"WheelchairBarrier":2,"WheelchairAccess":2,"ObstaclesType":null,"Gradient":0.0075241700000000002,"Direction":0,"PositionCertainty":1,"Enabled":1,"DataSource":1,"LevelSource":2,"StreetNameEN":"Fife Street","StreetNameTC":"快富街","ST_CODE":10485,"FloorID":null,"BuildingID_1":null,"BuildingID_2":null,"SiteID":null,"TerminalID":null,"AccessTimeID":null,"CreationDate":1614441600000,"ModifiedBy":"LANDSD","LastAmendmentDate":1689264000000,"Shape__Length":4.3857844464220292}},{"type":"Feature","id":341370,"geometry":{"type":"LineString","coordinates":[[114.16835581823999,22.320066397744448,5.2396000000007916],[114.16828008300365,22.32005330211684,5.3488999999972293]]},"properties":{"OBJECTID":341370,"PedestrianRouteID":240007740,"Location":1,"FeatureType":1,"AliasNameEN":"Fife Street","AliasNameTC":"快富街","CrossingFeature":null,"WeatherProof":2,"WheelchairBarrier":2,"WheelchairAccess":2,"ObstaclesType":null,"Gradient":0.013770900000000001,"Direction":0,"PositionCertainty":1,"Enabled":1,"DataSource":1,"LevelSource":12,"StreetNameEN":"Fife Street","StreetNameTC":"快富街","ST_CODE":10485,"FloorID":null,"BuildingID_1":null,"BuildingID_2":null,"SiteID":null,"TerminalID":null,"AccessTimeID":null,"CreationDate":1614441600000,"ModifiedBy":"LANDSD","LastAmendmentDate":1689264000000,"Shape__Length":7.9365256311615724}},{"type":"Feature","id":341373,"geometry":{"type":"LineString","coordinates":[[114.16849513437847,22.31998663682916,5.0849000000016531],[114.16848056737724,22.320055640652019,5.0314000000071246]]},"properties":{"OBJECTID":341373,"PedestrianRouteID":240007743,"Location":1,"FeatureType":1,"AliasNameEN":"Portland Street","AliasNameTC":"砵蘭街","CrossingFeature":null,"WeatherProof":1,"WheelchairBarrier":2,"WheelchairAccess":2,"ObstaclesType":null,"Gradient":0.0068702199999999998,"Direction":0,"PositionCertainty":1,"Enabled":1,"DataSource":1,"LevelSource":2,"StreetNameEN":"Portland Street","StreetNameTC":"砵蘭街","ST_CODE":11777,"FloorID":null,"BuildingID_1":null,"BuildingID_2":null,"SiteID":null,"TerminalID":null,"AccessTimeID":null,"CreationDate":1614441600000,"ModifiedBy":"LANDSD","LastAmendmentDate":1655654400000,"Shape__Length":7.7871135606961293}},{"type":"Feature","id":341374,"geometry":{"type":"LineString","coordinates":[[114.16851132369429,22.319909946246209,5.0479000000050291],[114.16849513437847,22.31998663682916,5.0849000000016531]]},"properties":{"OBJECTID":341374,"PedestrianRouteID":240007744,"Location":1,"FeatureType":1,"AliasNameEN":"Portland Street","AliasNameTC":"砵蘭街","CrossingFeature":null,"WeatherProof":2,"WheelchairBarrier":2,"WheelchairAccess":2,"ObstaclesType":null,"Gradient":0.00427518,"Direction":0,"PositionCertainty":1,"Enabled":1,"DataSource":1,"LevelSource":2,"StreetNameEN":"Portland Street","StreetNameTC":"砵蘭街","ST_CODE":11777,"FloorID":null,"BuildingID_1":null,"BuildingID_2":null,"SiteID":null,"TerminalID":null,"AccessTimeID":null,"CreationDate":1614441600000,"ModifiedBy":"LANDSD","LastAmendmentDate":1655654400000,"Shape__Length":8.6545603011480772}},{"type":"Feature","id":341376,"geometry":{"type":"LineString","coordinates":[[114.16988395507235,22.317428085423586,4.8632999999972526],[114.1699584251251,22.317068888482218,4.7660000000032596]]},"properties":{"OBJECTID":341376,"PedestrianRouteID":240007746,"Location":1,"FeatureType":1,"AliasNameEN":"Nathan Road","AliasNameTC":"彌敦道","CrossingFeature":null,"WeatherProof":2,"WheelchairBarrier":2,"WheelchairAccess":2,"ObstaclesType":null,"Gradient":0.00240194,"Direction":0,"PositionCertainty":1,"Enabled":1,"DataSource":1,"LevelSource":12,"StreetNameEN":"Nathan Road","StreetNameTC":"彌敦道","ST_CODE":11504,"FloorID":null,"BuildingID_1":null,"BuildingID_2":null,"SiteID":null,"TerminalID":null,"AccessTimeID":null,"CreationDate":1614441600000,"ModifiedBy":"LANDSD","LastAmendmentDate":1689264000000,"Shape__Length":40.50882530592412}},{"type":"Feature","id":341382,"geometry":{"type":"LineString","coordinates":[[114.16905907121249,22.321998649263403,5.4106000000028871],[114.16894180074387,22.321978030371774,5.3392000000021653]]},"properties":{"OBJECTID":341382,"PedestrianRouteID":240007752,"Location":1,"FeatureType":1,"AliasNameEN":"Bute Street","AliasNameTC":"弼街","CrossingFeature":null,"WeatherProof":2,"WheelchairBarrier":2,"WheelchairAccess":2,"ObstaclesType":null,"Gradient":0.0058067400000000003,"Direction":0,"PositionCertainty":1,"Enabled":1,"DataSource":1,"LevelSource":2,"StreetNameEN":"Bute Street","StreetNameTC":"弼街","ST_CODE":10100,"FloorID":null,"BuildingID_1":null,"BuildingID_2":null,"SiteID":null,"TerminalID":null,"AccessTimeID":null,"CreationDate":1614441600000,"ModifiedBy":"LANDSD","LastAmendmentDate":1655654400000,"Shape__Length":12.295926951791721}},{"type":"Feature","id":341383,"geometry":{"type":"LineString","coordinates":[[114.16933116548313,22.321002002592241,5.1003999999957159],[114.16936190821889,22.321007654453044,5.1312999999936437]]},"properties":{"OBJECTID":341383,"PedestrianRouteID":240007753,"Location":1,"FeatureType":1,"AliasNameEN":"Mong Kok Road","AliasNameTC":"旺角道","CrossingFeature":null,"WeatherProof":2,"WheelchairBarrier":2,"WheelchairAccess":2,"ObstaclesType":null,"Gradient":0.0095703899999999998,"Direction":0,"PositionCertainty":1,"Enabled":1,"DataSource":1,"LevelSource":2,"StreetNameEN":"Mong Kok Road","StreetNameTC":"旺角道","ST_CODE":11454,"FloorID":null,"BuildingID_1":null,"BuildingID_2":null,"SiteID":null,"TerminalID":null,"AccessTimeID":null,"CreationDate":1614441600000,"ModifiedBy":"LANDSD","LastAmendmentDate":1655654400000,"Shape__Length":3.2286101109999494}},{"type":"Feature","id":341384,"geometry":{"type":"LineString","coordinates":[[114.16924709322733,22.320986547337984,5.1704000000027008],[114.16933116548313,22.321002002592241,5.1003999999957159]]},"properties":{"OBJECTID":341384,"PedestrianRouteID":240007754,"Location":1,"FeatureType":1,"AliasNameEN":"Mong Kok Road","AliasNameTC":"旺角道","CrossingFeature":null,"WeatherProof":1,"WheelchairBarrier":2,"WheelchairAccess":2,"ObstaclesType":null,"Gradient":0.0079280099999999992,"Direction":0,"PositionCertainty":1,"Enabled":1,"DataSource":1,"LevelSource":2,"StreetNameEN":"Mong Kok Road","StreetNameTC":"旺角道","ST_CODE":11454,"FloorID":null,"BuildingID_1":null,"BuildingID_2":null,"SiteID":null,"TerminalID":null,"AccessTimeID":null,"CreationDate":1614441600000,"ModifiedBy":"LANDSD","LastAmendmentDate":1655654400000,"Shape__Length":8.8292713517207009}},{"type":"Feature","id":341385,"geometry":{"type":"LineString","coordinates":[[114.16848056737724,22.320055640652019,5.0314000000071246],[114.16847433338754,22.320085172178121,5.032999999995809],[114.16847398290162,22.32008683017704,5.0335000000050059],[114.16847236201359,22.320086550145103,5.0363000000070315],[114.16846268230334,22.320084876276862,5.0578999999997905]]},"properties":{"OBJECTID":341385,"PedestrianRouteID":240007755,"Location":1,"FeatureType":1,"AliasNameEN":"Portland Street","AliasNameTC":"砵蘭街","CrossingFeature":null,"WeatherProof":1,"WheelchairBarrier":2,"WheelchairAccess":2,"ObstaclesType":null,"Gradient":0.0056334699999999998,"Direction":0,"PositionCertainty":1,"Enabled":1,"DataSource":1,"LevelSource":2,"StreetNameEN":"Portland Street","StreetNameTC":"砵蘭街","ST_CODE":11777,"FloorID":null,"BuildingID_1":null,"BuildingID_2":null,"SiteID":null,"TerminalID":null,"AccessTimeID":null,"CreationDate":1614441600000,"ModifiedBy":"LANDSD","LastAmendmentDate":1655654400000,"Shape__Length":4.7039783961903456}},{"type":"Feature","id":341386,"geometry":{"type":"LineString","coordinates":[[114.16777945370096,22.318892634071695,4.595499999995809],[114.16778912869452,22.318845580696539,4.5758000000059837]]},"properties":{"OBJECTID":341386,"PedestrianRouteID":240007756,"Location":1,"FeatureType":1,"AliasNameEN":"Reclamation Street","AliasNameTC":"新填地街","CrossingFeature":null,"WeatherProof":2,"WheelchairBarrier":2,"WheelchairAccess":2,"ObstaclesType":null,"Gradient":0.0037135100000000002,"Direction":0,"PositionCertainty":1,"Enabled":1,"DataSource":1,"LevelSource":2,"StreetNameEN":"Reclamation Street","StreetNameTC":"新填地街","ST_CODE":11810,"FloorID":null,"BuildingID_1":null,"BuildingID_2":null,"SiteID":null,"TerminalID":null,"AccessTimeID":null,"CreationDate":1614441600000,"ModifiedBy":"LANDSD","LastAmendmentDate":1655654400000,"Shape__Length":5.3049337885763101}},{"type":"Feature","id":341387,"geometry":{"type":"LineString","coordinates":[[114.16780168141869,22.318784530058505,4.5728999999992084],[114.16780688639308,22.31875921397809,4.5720000000001164]]},"properties":{"OBJECTID":341387,"PedestrianRouteID":240007757,"Location":1,"FeatureType":1,"AliasNameEN":"Reclamation Street","AliasNameTC":"新填地街","CrossingFeature":null,"WeatherProof":2,"WheelchairBarrier":2,"WheelchairAccess":2,"ObstaclesType":null,"Gradient":0.00031532000000000001,"Direction":0,"PositionCertainty":1,"Enabled":1,"DataSource":1,"LevelSource":2,"StreetNameEN":"Reclamation Street","StreetNameTC":"新填地街","ST_CODE":11810,"FloorID":null,"BuildingID_1":null,"BuildingID_2":null,"SiteID":null,"TerminalID":null,"AccessTimeID":null,"CreationDate":1614441600000,"ModifiedBy":"LANDSD","LastAmendmentDate":1655654400000,"Shape__Length":2.8541994959768648}},{"type":"Feature","id":341388,"geometry":{"type":"LineString","coordinates":[[114.16778912869452,22.318845580696539,4.5758000000059837],[114.16780168141869,22.318784530058505,4.5728999999992084]]},"properties":{"OBJECTID":341388,"PedestrianRouteID":240007758,"Location":1,"FeatureType":1,"AliasNameEN":"Reclamation Street","AliasNameTC":"新填地街","CrossingFeature":null,"WeatherProof":1,"WheelchairBarrier":2,"WheelchairAccess":2,"ObstaclesType":null,"Gradient":0.00042132999999999998,"Direction":0,"PositionCertainty":1,"Enabled":1,"DataSource":1,"LevelSource":2,"StreetNameEN":"Reclamation Street","StreetNameTC":"新填地街","ST_CODE":11810,"FloorID":null,"BuildingID_1":null,"BuildingID_2":null,"SiteID":null,"TerminalID":null,"AccessTimeID":null,"CreationDate":1614441600000,"ModifiedBy":"LANDSD","LastAmendmentDate":1655654400000,"Shape__Length":6.883019008405924}},{"type":"Feature","id":341392,"geometry":{"type":"LineString","coordinates":[[114.16919686865552,22.320977314812446,5.1454999999987194],[114.16919886377238,22.320967790340326,5.040900000007241]]},"properties":{"OBJECTID":341392,"PedestrianRouteID":240007762,"Location":1,"FeatureType":1,"AliasNameEN":"Mong Kok Road","AliasNameTC":"旺角道","CrossingFeature":null,"WeatherProof":1,"WheelchairBarrier":2,"WheelchairAccess":2,"ObstaclesType":null,"Gradient":0.018889670000000001,"Direction":0,"PositionCertainty":1,"Enabled":1,"DataSource":1,"LevelSource":2,"StreetNameEN":"Mong Kok Road","StreetNameTC":"旺角道","ST_CODE":11454,"FloorID":null,"BuildingID_1":null,"BuildingID_2":null,"SiteID":null,"TerminalID":null,"AccessTimeID":null,"CreationDate":1614441600000,"ModifiedBy":"LANDSD","LastAmendmentDate":1766073600000,"Shape__Length":1.0745335455492524}},{"type":"Feature","id":341393,"geometry":{"type":"LineString","coordinates":[[114.16920028025727,22.320961016559458,5.063399999999092],[114.16918804490102,22.32095873756467,5.0991999999969266],[114.1691892652605,22.320953123302733,5.072199999995064]]},"properties":{"OBJECTID":341393,"PedestrianRouteID":240007763,"Location":1,"FeatureType":1,"AliasNameEN":"Mong Kok Road","AliasNameTC":"旺角道","CrossingFeature":null,"WeatherProof":2,"WheelchairBarrier":2,"WheelchairAccess":2,"ObstaclesType":null,"Gradient":0.01049947,"Direction":0,"PositionCertainty":1,"Enabled":1,"DataSource":1,"LevelSource":2,"StreetNameEN":"Mong Kok Road","StreetNameTC":"旺角道","ST_CODE":11454,"FloorID":null,"BuildingID_1":null,"BuildingID_2":null,"SiteID":null,"TerminalID":null,"AccessTimeID":null,"CreationDate":1614441600000,"ModifiedBy":"LANDSD","LastAmendmentDate":1766073600000,"Shape__Length":1.9198803189967677}},{"type":"Feature","id":341400,"geometry":{"type":"LineString","coordinates":[[114.16955070540538,22.321094625839727,5.2670000000071013],[114.16955627761858,22.321095605909086,5.3025000000052387]]},"properties":{"OBJECTID":341400,"PedestrianRouteID":240007771,"Location":1,"FeatureType":1,"AliasNameEN":"Sai Yeung Choi Street South","AliasNameTC":"西洋菜南街","CrossingFeature":null,"WeatherProof":1,"WheelchairBarrier":2,"WheelchairAccess":2,"ObstaclesType":null,"Gradient":0.060695899999999997,"Direction":0,"PositionCertainty":1,"Enabled":1,"DataSource":1,"LevelSource":2,"StreetNameEN":"Sai Yeung Choi Street South","StreetNameTC":"西洋菜南街","ST_CODE":11864,"FloorID":null,"BuildingID_1":null,"BuildingID_2":null,"SiteID":null,"TerminalID":null,"AccessTimeID":null,"CreationDate":1614441600000,"ModifiedBy":"LANDSD","LastAmendmentDate":1690819200000,"Shape__Length":0.5842628354767756}},{"type":"Feature","id":341401,"geometry":{"type":"LineString","coordinates":[[114.16955627761858,22.321095605909086,5.3025000000052387],[114.16958110556102,22.32109997602171,5.3298000000067987]]},"properties":{"OBJECTID":341401,"PedestrianRouteID":240007772,"Location":1,"FeatureType":1,"AliasNameEN":"Sai Yeung Choi Street South","AliasNameTC":"西洋菜南街","CrossingFeature":null,"WeatherProof":2,"WheelchairBarrier":2,"WheelchairAccess":2,"ObstaclesType":null,"Gradient":0.01048611,"Direction":0,"PositionCertainty":1,"Enabled":1,"DataSource":1,"LevelSource":2,"StreetNameEN":"Sai Yeung Choi Street South","StreetNameTC":"西洋菜南街","ST_CODE":11864,"FloorID":null,"BuildingID_1":null,"BuildingID_2":null,"SiteID":null,"TerminalID":null,"AccessTimeID":null,"CreationDate":1614441600000,"ModifiedBy":"LANDSD","LastAmendmentDate":1655654400000,"Shape__Length":2.6033490806689374}},{"type":"Feature","id":341402,"geometry":{"type":"LineString","coordinates":[[114.16848056737724,22.320055640652019,5.0314000000071246],[114.16848322388394,22.320056134762279,5.0249000000039814]]},"properties":{"OBJECTID":341402,"PedestrianRouteID":240007773,"Location":1,"FeatureType":1,"AliasNameEN":"Portland Street","AliasNameTC":"砵蘭街","CrossingFeature":null,"WeatherProof":1,"WheelchairBarrier":2,"WheelchairAccess":2,"ObstaclesType":null,"Gradient":0.023283890000000002,"Direction":0,"PositionCertainty":1,"Enabled":1,"DataSource":1,"LevelSource":2,"StreetNameEN":"Portland Street","StreetNameTC":"砵蘭街","ST_CODE":11777,"FloorID":null,"BuildingID_1":null,"BuildingID_2":null,"SiteID":null,"TerminalID":null,"AccessTimeID":null,"CreationDate":1614441600000,"ModifiedBy":"LANDSD","LastAmendmentDate":1655654400000,"Shape__Length":0.27911248611716577}},{"type":"Feature","id":341403,"geometry":{"type":"LineString","coordinates":[[114.16848322388394,22.320056134762279,5.0249000000039814],[114.16851872323974,22.32006273794984,5.0920999999943888]]},"properties":{"OBJECTID":341403,"PedestrianRouteID":240007774,"Location":1,"FeatureType":1,"AliasNameEN":"Portland Street","AliasNameTC":"砵蘭街","CrossingFeature":null,"WeatherProof":2,"WheelchairBarrier":2,"WheelchairAccess":2,"ObstaclesType":null,"Gradient":0.018014929999999998,"Direction":0,"PositionCertainty":1,"Enabled":1,"DataSource":1,"LevelSource":2,"StreetNameEN":"Portland Street","StreetNameTC":"砵蘭街","ST_CODE":11777,"FloorID":null,"BuildingID_1":null,"BuildingID_2":null,"SiteID":null,"TerminalID":null,"AccessTimeID":null,"CreationDate":1614441600000,"ModifiedBy":"LANDSD","LastAmendmentDate":1655654400000,"Shape__Length":3.7298347482141443}},{"type":"Feature","id":341406,"geometry":{"type":"LineString","coordinates":[[114.16846268230334,22.320084876276862,5.0578999999997905],[114.16846198521522,22.320088166989187,5.0577999999950407]]},"properties":{"OBJECTID":341406,"PedestrianRouteID":240007777,"Location":1,"FeatureType":1,"AliasNameEN":"Portland Street","AliasNameTC":"砵蘭街","CrossingFeature":null,"WeatherProof":1,"WheelchairBarrier":2,"WheelchairAccess":2,"ObstaclesType":null,"Gradient":0.00026925000000000001,"Direction":0,"PositionCertainty":1,"Enabled":1,"DataSource":1,"LevelSource":2,"StreetNameEN":"Portland Street","StreetNameTC":"砵蘭街","ST_CODE":11777,"FloorID":null,"BuildingID_1":null,"BuildingID_2":null,"SiteID":null,"TerminalID":null,"AccessTimeID":null,"CreationDate":1614441600000,"ModifiedBy":"LANDSD","LastAmendmentDate":1655654400000,"Shape__Length":0.37140624598025673}},{"type":"Feature","id":341407,"geometry":{"type":"LineString","coordinates":[[114.16846198521522,22.320088166989187,5.0577999999950407],[114.16845899589144,22.320102273525123,5.0583999999944353]]},"properties":{"OBJECTID":341407,"PedestrianRouteID":240007778,"Location":1,"FeatureType":1,"AliasNameEN":"Portland Street","AliasNameTC":"砵蘭街","CrossingFeature":null,"WeatherProof":2,"WheelchairBarrier":2,"WheelchairAccess":2,"ObstaclesType":null,"Gradient":0.00037685000000000003,"Direction":0,"PositionCertainty":1,"Enabled":1,"DataSource":1,"LevelSource":2,"StreetNameEN":"Portland Street","StreetNameTC":"砵蘭街","ST_CODE":11777,"FloorID":null,"BuildingID_1":null,"BuildingID_2":null,"SiteID":null,"TerminalID":null,"AccessTimeID":null,"CreationDate":1614441600000,"ModifiedBy":"LANDSD","LastAmendmentDate":1655654400000,"Shape__Length":1.5921554012637276}},{"type":"Feature","id":341408,"geometry":{"type":"LineString","coordinates":[[114.16912365117649,22.321059881668962,5.0261999999929685],[114.16913220797591,22.321061410954773,5.064700000002631]]},"properties":{"OBJECTID":341408,"PedestrianRouteID":240007779,"Location":1,"FeatureType":1,"AliasNameEN":"Nathan Road","AliasNameTC":"彌敦道","CrossingFeature":null,"WeatherProof":1,"WheelchairBarrier":2,"WheelchairAccess":2,"ObstaclesType":null,"Gradient":0.04286069,"Direction":0,"PositionCertainty":1,"Enabled":1,"DataSource":1,"LevelSource":2,"StreetNameEN":"Nathan Road","StreetNameTC":"彌敦道","ST_CODE":11504,"FloorID":null,"BuildingID_1":null,"BuildingID_2":null,"SiteID":null,"TerminalID":null,"AccessTimeID":null,"CreationDate":1614441600000,"ModifiedBy":"LANDSD","LastAmendmentDate":1655654400000,"Shape__Length":0.89770877812035954}},{"type":"Feature","id":341409,"geometry":{"type":"LineString","coordinates":[[114.16910790515189,22.321057067890177,4.9456999999965774],[114.16912365117649,22.321059881668962,5.0261999999929685]]},"properties":{"OBJECTID":341409,"PedestrianRouteID":240007780,"Location":1,"FeatureType":1,"AliasNameEN":"Nathan Road","AliasNameTC":"彌敦道","CrossingFeature":null,"WeatherProof":2,"WheelchairBarrier":2,"WheelchairAccess":2,"ObstaclesType":null,"Gradient":0.04869221,"Direction":0,"PositionCertainty":1,"Enabled":1,"DataSource":1,"LevelSource":2,"StreetNameEN":"Nathan Road","StreetNameTC":"彌敦道","ST_CODE":11504,"FloorID":null,"BuildingID_1":null,"BuildingID_2":null,"SiteID":null,"TerminalID":null,"AccessTimeID":null,"CreationDate":1614441600000,"ModifiedBy":"LANDSD","LastAmendmentDate":1655654400000,"Shape__Length":1.6519350894241109}},{"type":"Feature","id":341413,"geometry":{"type":"LineString","coordinates":[[114.16952462253046,22.321219584586249,5.2844999999942956],[114.16950250069,22.321325565716116,5.4226000000053318]]},"properties":{"OBJECTID":341413,"PedestrianRouteID":240007784,"Location":1,"FeatureType":1,"AliasNameEN":"Sai Yeung Choi Street South","AliasNameTC":"西洋菜南街","CrossingFeature":null,"WeatherProof":2,"WheelchairBarrier":2,"WheelchairAccess":2,"ObstaclesType":null,"Gradient":0.01155108,"Direction":0,"PositionCertainty":1,"Enabled":1,"DataSource":1,"LevelSource":2,"StreetNameEN":"Sai Yeung Choi Street South","StreetNameTC":"西洋菜南街","ST_CODE":11864,"FloorID":null,"BuildingID_1":null,"BuildingID_2":null,"SiteID":null,"TerminalID":null,"AccessTimeID":null,"CreationDate":1614441600000,"ModifiedBy":"LANDSD","LastAmendmentDate":1655654400000,"Shape__Length":11.95505611710535}},{"type":"Feature","id":341414,"geometry":{"type":"LineString","coordinates":[[114.16936190821889,22.321007654453044,5.1312999999936437],[114.16937527530176,22.321010111389402,5.1793000000034226]]},"properties":{"OBJECTID":341414,"PedestrianRouteID":240007785,"Location":1,"FeatureType":1,"AliasNameEN":"Mong Kok Road","AliasNameTC":"旺角道","CrossingFeature":null,"WeatherProof":2,"WheelchairBarrier":2,"WheelchairAccess":2,"ObstaclesType":null,"Gradient":0.034179510000000003,"Direction":0,"PositionCertainty":1,"Enabled":1,"DataSource":1,"LevelSource":2,"StreetNameEN":"Mong Kok Road","StreetNameTC":"旺角道","ST_CODE":11454,"FloorID":null,"BuildingID_1":null,"BuildingID_2":null,"SiteID":null,"TerminalID":null,"AccessTimeID":null,"CreationDate":1614441600000,"ModifiedBy":"LANDSD","LastAmendmentDate":1655654400000,"Shape__Length":1.4038033480164931}},{"type":"Feature","id":341415,"geometry":{"type":"LineString","coordinates":[[114.16966870426195,22.317194101427319,4.728000000002794],[114.16965856889065,22.317243021528387,4.7980999999999767]]},"properties":{"OBJECTID":341415,"PedestrianRouteID":240007786,"Location":1,"FeatureType":1,"AliasNameEN":"Nathan Road","AliasNameTC":"彌敦道","CrossingFeature":null,"WeatherProof":2,"WheelchairBarrier":2,"WheelchairAccess":2,"ObstaclesType":null,"Gradient":0.01032164,"Direction":0,"PositionCertainty":1,"Enabled":1,"DataSource":1,"LevelSource":2,"StreetNameEN":"Nathan Road","StreetNameTC":"彌敦道","ST_CODE":11504,"FloorID":null,"BuildingID_1":null,"BuildingID_2":null,"SiteID":null,"TerminalID":null,"AccessTimeID":null,"CreationDate":1614441600000,"ModifiedBy":"LANDSD","LastAmendmentDate":1730995200000,"Shape__Length":5.5168824375444432}},{"type":"Feature","id":341419,"geometry":{"type":"LineString","coordinates":[[114.17154550793994,22.317743950751034,5.8377999999938766],[114.17153689355247,22.317781406674037,5.8062999999965541]]},"properties":{"OBJECTID":341419,"PedestrianRouteID":240007790,"Location":1,"FeatureType":1,"AliasNameEN":"Fa Yuen Street","AliasNameTC":"花園街","CrossingFeature":null,"WeatherProof":2,"WheelchairBarrier":2,"WheelchairAccess":2,"ObstaclesType":null,"Gradient":0.0074263599999999999,"Direction":0,"PositionCertainty":1,"Enabled":1,"DataSource":1,"LevelSource":2,"StreetNameEN":"Fa Yuen Street","StreetNameTC":"花園街","ST_CODE":10419,"FloorID":null,"BuildingID_1":null,"BuildingID_2":null,"SiteID":null,"TerminalID":null,"AccessTimeID":null,"CreationDate":1614441600000,"ModifiedBy":"LANDSD","LastAmendmentDate":1655654400000,"Shape__Length":4.2415674036585838}},{"type":"Feature","id":341420,"geometry":{"type":"LineString","coordinates":[[114.17153689355247,22.317781406674037,5.8062999999965541],[114.17194908599575,22.317858577018956,5.96129999999539]]},"properties":{"OBJECTID":341420,"PedestrianRouteID":240007791,"Location":1,"FeatureType":1,"AliasNameEN":"Shantung Street","AliasNameTC":"山東街","CrossingFeature":null,"WeatherProof":2,"WheelchairBarrier":2,"WheelchairAccess":2,"ObstaclesType":null,"Gradient":0.0015166299999999999,"Direction":0,"PositionCertainty":1,"Enabled":1,"DataSource":1,"LevelSource":2,"StreetNameEN":"Shantung Street","StreetNameTC":"山東街","ST_CODE":11986,"FloorID":null,"BuildingID_1":null,"BuildingID_2":null,"SiteID":null,"TerminalID":null,"AccessTimeID":null,"CreationDate":1614441600000,"ModifiedBy":"LANDSD","LastAmendmentDate":1689264000000,"Shape__Length":43.319630835143784}},{"type":"Feature","id":341421,"geometry":{"type":"LineString","coordinates":[[114.17023191993859,22.321163352517104,10.304000000003725],[114.17024463675004,22.321165668478031,10.304000000003725],[114.17024130198156,22.321181138650427,10.304000000003725],[114.17023873610235,22.321193043576105,10.304000000003725]]},"properties":{"OBJECTID":341421,"PedestrianRouteID":240007792,"Location":1,"FeatureType":2,"AliasNameEN":"Mong Kok Road Footbridge","AliasNameTC":"旺角道天橋","CrossingFeature":null,"WeatherProof":1,"WheelchairBarrier":2,"WheelchairAccess":2,"ObstaclesType":null,"Gradient":0,"Direction":0,"PositionCertainty":1,"Enabled":1,"DataSource":1,"LevelSource":9,"StreetNameEN":"Mong Kok Road","StreetNameTC":"旺角道","ST_CODE":11454,"FloorID":null,"BuildingID_1":null,"BuildingID_2":null,"SiteID":null,"TerminalID":null,"AccessTimeID":null,"CreationDate":1614441600000,"ModifiedBy":"LANDSD","LastAmendmentDate":1658246400000,"Shape__Length":4.426784439346152}},{"type":"Feature","id":341425,"geometry":{"type":"LineString","coordinates":[[114.16810012610685,22.321966762209488,5.1726000000053318],[114.16820364395642,22.321984860540649,5.2274000000033993],[114.16861185393319,22.322059699294176,5.2739000000001397],[114.16864444864994,22.322068019923986,5.338900000002468]]},"properties":{"OBJECTID":341425,"PedestrianRouteID":240007796,"Location":1,"FeatureType":1,"AliasNameEN":"Bute Street","AliasNameTC":"弼街","CrossingFeature":null,"WeatherProof":2,"WheelchairBarrier":2,"WheelchairAccess":2,"ObstaclesType":null,"Gradient":0.00290735,"Direction":0,"PositionCertainty":1,"Enabled":1,"DataSource":1,"LevelSource":12,"StreetNameEN":"Bute Street","StreetNameTC":"弼街","ST_CODE":10100,"FloorID":null,"BuildingID_1":null,"BuildingID_2":null,"SiteID":null,"TerminalID":null,"AccessTimeID":null,"CreationDate":1614441600000,"ModifiedBy":"LANDSD","LastAmendmentDate":1689264000000,"Shape__Length":57.199664722463041}},{"type":"Feature","id":341428,"geometry":{"type":"LineString","coordinates":[[114.16864155080927,22.321977701220277,0.93399999999382999],[114.16866240036295,22.321981495120422,0.93399999999382999],[114.16894475318446,22.322032869685195,0.93399999999382999],[114.16895617914861,22.322034949082681,0.93399999999382999]]},"properties":{"OBJECTID":341428,"PedestrianRouteID":240007799,"Location":2,"FeatureType":4,"AliasNameEN":"Subway","AliasNameTC":"隧道","CrossingFeature":null,"WeatherProof":1,"WheelchairBarrier":2,"WheelchairAccess":2,"ObstaclesType":null,"Gradient":0,"Direction":0,"PositionCertainty":1,"Enabled":1,"DataSource":1,"LevelSource":9,"StreetNameEN":null,"StreetNameTC":null,"ST_CODE":null,"FloorID":null,"BuildingID_1":null,"BuildingID_2":null,"SiteID":null,"TerminalID":null,"AccessTimeID":null,"CreationDate":1614441600000,"ModifiedBy":"LANDSD","LastAmendmentDate":1759420800000,"Shape__Length":33.029422948439773}},{"type":"Feature","id":341429,"geometry":{"type":"LineString","coordinates":[[114.16942258422611,22.320374991956047,4.9523000000044703],[114.1693227945549,22.320356312099292,4.8999999999941792]]},"properties":{"OBJECTID":341429,"PedestrianRouteID":240007800,"Location":1,"FeatureType":1,"AliasNameEN":"Fife Street","AliasNameTC":"快富街","CrossingFeature":null,"WeatherProof":2,"WheelchairBarrier":2,"WheelchairAccess":2,"ObstaclesType":null,"Gradient":0.0049869800000000002,"Direction":0,"PositionCertainty":1,"Enabled":1,"DataSource":1,"LevelSource":2,"StreetNameEN":"Fife Street","StreetNameTC":"快富街","ST_CODE":10485,"FloorID":null,"BuildingID_1":null,"BuildingID_2":null,"SiteID":null,"TerminalID":null,"AccessTimeID":null,"CreationDate":1614441600000,"ModifiedBy":"LANDSD","LastAmendmentDate":1655654400000,"Shape__Length":10.487218586838466}},{"type":"Feature","id":341430,"geometry":{"type":"LineString","coordinates":[[114.17080116287717,22.320595506628901,5.8959999999933643],[114.17074462071416,22.320585356839082,5.9210000000020955]]},"properties":{"OBJECTID":341430,"PedestrianRouteID":240007801,"Location":1,"FeatureType":1,"AliasNameEN":"Fife Street","AliasNameTC":"快富街","CrossingFeature":null,"WeatherProof":2,"WheelchairBarrier":2,"WheelchairAccess":2,"ObstaclesType":null,"Gradient":0.00420959,"Direction":0,"PositionCertainty":1,"Enabled":1,"DataSource":1,"LevelSource":12,"StreetNameEN":"Fife Street","StreetNameTC":"快富街","ST_CODE":10485,"FloorID":null,"BuildingID_1":null,"BuildingID_2":null,"SiteID":null,"TerminalID":null,"AccessTimeID":null,"CreationDate":1614441600000,"ModifiedBy":"LANDSD","LastAmendmentDate":1730995200000,"Shape__Length":5.9328873193329725}},{"type":"Feature","id":341431,"geometry":{"type":"LineString","coordinates":[[114.17077566819646,22.320725763855403,5.8714000000036322],[114.17078889949617,22.320658159523859,5.8347999999969034]]},"properties":{"OBJECTID":341431,"PedestrianRouteID":240007802,"Location":1,"FeatureType":1,"AliasNameEN":"Fa Yuen Street","AliasNameTC":"花園街","CrossingFeature":null,"WeatherProof":2,"WheelchairBarrier":2,"WheelchairAccess":2,"ObstaclesType":null,"Gradient":0.0048133000000000004,"Direction":0,"PositionCertainty":1,"Enabled":1,"DataSource":1,"LevelSource":2,"StreetNameEN":"Fa Yuen Street","StreetNameTC":"花園街","ST_CODE":10419,"FloorID":null,"BuildingID_1":null,"BuildingID_2":null,"SiteID":null,"TerminalID":null,"AccessTimeID":null,"CreationDate":1614441600000,"ModifiedBy":"LANDSD","LastAmendmentDate":1730995200000,"Shape__Length":7.609250085685848}},{"type":"Feature","id":341434,"geometry":{"type":"LineString","coordinates":[[114.17026216305723,22.320916372456562,5.455100000006496],[114.170269862628,22.320880349733891,5.4496000000071945]]},"properties":{"OBJECTID":341434,"PedestrianRouteID":240007805,"Location":1,"FeatureType":1,"AliasNameEN":"Tung Choi Street","AliasNameTC":"通菜街","CrossingFeature":null,"WeatherProof":2,"WheelchairBarrier":2,"WheelchairAccess":2,"ObstaclesType":null,"Gradient":0.0017043900000000001,"Direction":0,"PositionCertainty":1,"Enabled":1,"DataSource":1,"LevelSource":2,"StreetNameEN":"Tung Choi Street","StreetNameTC":"通菜街","ST_CODE":12513,"FloorID":null,"BuildingID_1":null,"BuildingID_2":null,"SiteID":null,"TerminalID":null,"AccessTimeID":null,"CreationDate":1614441600000,"ModifiedBy":"LANDSD","LastAmendmentDate":1766073600000,"Shape__Length":4.0670786334966724}},{"type":"Feature","id":341435,"geometry":{"type":"LineString","coordinates":[[114.17036141848588,22.320934210061477,5.4628999999986263],[114.17032739315295,22.320928094989124,5.3677000000025146]]},"properties":{"OBJECTID":341435,"PedestrianRouteID":240007806,"Location":1,"FeatureType":1,"AliasNameEN":"Mong Kok Road","AliasNameTC":"旺角道","CrossingFeature":null,"WeatherProof":2,"WheelchairBarrier":2,"WheelchairAccess":2,"ObstaclesType":null,"Gradient":0.02664774,"Direction":0,"PositionCertainty":1,"Enabled":1,"DataSource":1,"LevelSource":2,"StreetNameEN":"Mong Kok Road","StreetNameTC":"旺角道","ST_CODE":11454,"FloorID":null,"BuildingID_1":null,"BuildingID_2":null,"SiteID":null,"TerminalID":null,"AccessTimeID":null,"CreationDate":1614441600000,"ModifiedBy":"LANDSD","LastAmendmentDate":1764259200000,"Shape__Length":3.5703725796519747}},{"type":"Feature","id":341438,"geometry":{"type":"LineString","coordinates":[[114.16771076814543,22.320708669110438,4.7635000000009313],[114.16770644273852,22.320729552113132,4.7700999999942724]]},"properties":{"OBJECTID":341438,"PedestrianRouteID":240007809,"Location":1,"FeatureType":1,"AliasNameEN":"Mong Kok Road","AliasNameTC":"旺角道","CrossingFeature":null,"WeatherProof":2,"WheelchairBarrier":2,"WheelchairAccess":2,"ObstaclesType":null,"Gradient":0.0028025099999999998,"Direction":0,"PositionCertainty":1,"Enabled":1,"DataSource":1,"LevelSource":2,"StreetNameEN":"Mong Kok Road","StreetNameTC":"旺角道","ST_CODE":11454,"FloorID":null,"BuildingID_1":null,"BuildingID_2":null,"SiteID":null,"TerminalID":null,"AccessTimeID":null,"CreationDate":1614441600000,"ModifiedBy":"LANDSD","LastAmendmentDate":1655654400000,"Shape__Length":2.3550215498671263}},{"type":"Feature","id":341439,"geometry":{"type":"LineString","coordinates":[[114.16770644273852,22.320729552113132,4.7700999999942724],[114.16764224306137,22.321039530806456,4.7465999999985797]]},"properties":{"OBJECTID":341439,"PedestrianRouteID":240007810,"Location":1,"FeatureType":1,"AliasNameEN":"Shanghai Street","AliasNameTC":"上海街","CrossingFeature":null,"WeatherProof":2,"WheelchairBarrier":2,"WheelchairAccess":2,"ObstaclesType":null,"Gradient":0.00067226000000000005,"Direction":0,"PositionCertainty":1,"Enabled":1,"DataSource":1,"LevelSource":2,"StreetNameEN":"Shanghai Street","StreetNameTC":"上海街","ST_CODE":11984,"FloorID":null,"BuildingID_1":null,"BuildingID_2":null,"SiteID":null,"TerminalID":null,"AccessTimeID":null,"CreationDate":1614441600000,"ModifiedBy":"LANDSD","LastAmendmentDate":1655654400000,"Shape__Length":34.956874244066178}},{"type":"Feature","id":341443,"geometry":{"type":"LineString","coordinates":[[114.16811191013193,22.317282077132475,3.9228000000002794],[114.168104899627,22.317313139298829,3.9651000000012573]]},"properties":{"OBJECTID":341443,"PedestrianRouteID":240007814,"Location":1,"FeatureType":1,"AliasNameEN":"Reclamation Street","AliasNameTC":"新填地街","CrossingFeature":null,"WeatherProof":2,"WheelchairBarrier":2,"WheelchairAccess":2,"ObstaclesType":null,"Gradient":0.012034660000000001,"Direction":0,"PositionCertainty":1,"Enabled":1,"DataSource":1,"LevelSource":2,"StreetNameEN":"Reclamation Street","StreetNameTC":"新填地街","ST_CODE":11810,"FloorID":null,"BuildingID_1":null,"BuildingID_2":null,"SiteID":null,"TerminalID":null,"AccessTimeID":null,"CreationDate":1614441600000,"ModifiedBy":"LANDSD","LastAmendmentDate":1655654400000,"Shape__Length":3.5146784347603552}},{"type":"Feature","id":341444,"geometry":{"type":"LineString","coordinates":[[114.16824643423655,22.317306688169843,3.9836999999970431],[114.16812434023761,22.317284350801469,3.9550000000017462]]},"properties":{"OBJECTID":341444,"PedestrianRouteID":240007815,"Location":1,"FeatureType":1,"AliasNameEN":"Shantung Street","AliasNameTC":"山東街","CrossingFeature":null,"WeatherProof":2,"WheelchairBarrier":2,"WheelchairAccess":2,"ObstaclesType":null,"Gradient":0.0022386300000000001,"Direction":0,"PositionCertainty":1,"Enabled":1,"DataSource":1,"LevelSource":2,"StreetNameEN":"Shantung Street","StreetNameTC":"山東街","ST_CODE":11986,"FloorID":null,"BuildingID_1":null,"BuildingID_2":null,"SiteID":null,"TerminalID":null,"AccessTimeID":null,"CreationDate":1614441600000,"ModifiedBy":"LANDSD","LastAmendmentDate":1655654400000,"Shape__Length":12.820338373185285}},{"type":"Feature","id":341446,"geometry":{"type":"LineString","coordinates":[[114.17074225629281,22.321100661339695,10.304000000003725],[114.17076186474419,22.321005879684403,10.304000000003725],[114.17076323358742,22.320999263923461,10.304000000003725]]},"properties":{"OBJECTID":341446,"PedestrianRouteID":240007817,"Location":1,"FeatureType":2,"AliasNameEN":"Mong Kok Road Footbridge","AliasNameTC":"旺角道天橋","CrossingFeature":null,"WeatherProof":1,"WheelchairBarrier":2,"WheelchairAccess":2,"ObstaclesType":null,"Gradient":0,"Direction":0,"PositionCertainty":1,"Enabled":1,"DataSource":1,"LevelSource":9,"StreetNameEN":"Mong Kok Road","StreetNameTC":"旺角道","ST_CODE":11454,"FloorID":null,"BuildingID_1":null,"BuildingID_2":null,"SiteID":null,"TerminalID":null,"AccessTimeID":null,"CreationDate":1614441600000,"ModifiedBy":"LANDSD","LastAmendmentDate":1764259200000,"Shape__Length":11.434324534763727}},{"type":"Feature","id":341449,"geometry":{"type":"LineString","coordinates":[[114.16767970328347,22.320703279708479,4.7675000000017462],[114.16771076814543,22.320708669110438,4.7635000000009313]]},"properties":{"OBJECTID":341449,"PedestrianRouteID":240007820,"Location":1,"FeatureType":1,"AliasNameEN":"Mong Kok Road","AliasNameTC":"旺角道","CrossingFeature":null,"WeatherProof":2,"WheelchairBarrier":2,"WheelchairAccess":2,"ObstaclesType":null,"Gradient":0.0012286,"Direction":0,"PositionCertainty":1,"Enabled":1,"DataSource":1,"LevelSource":2,"StreetNameEN":"Mong Kok Road","StreetNameTC":"旺角道","ST_CODE":11454,"FloorID":null,"BuildingID_1":null,"BuildingID_2":null,"SiteID":null,"TerminalID":null,"AccessTimeID":null,"CreationDate":1614441600000,"ModifiedBy":"LANDSD","LastAmendmentDate":1655654400000,"Shape__Length":3.255729091986781}},{"type":"Feature","id":341451,"geometry":{"type":"LineString","coordinates":[[114.16883378985827,22.318228303179957,4.0004000000044471],[114.16882282412413,22.318279736396292,4.267600000006496]]},"properties":{"OBJECTID":341451,"PedestrianRouteID":240007822,"Location":1,"FeatureType":1,"AliasNameEN":"Portland Street","AliasNameTC":"砵蘭街","CrossingFeature":null,"WeatherProof":3,"WheelchairBarrier":2,"WheelchairAccess":2,"ObstaclesType":null,"Gradient":0.045985600000000001,"Direction":0,"PositionCertainty":1,"Enabled":1,"DataSource":1,"LevelSource":2,"StreetNameEN":"Portland Street","StreetNameTC":"砵蘭街","ST_CODE":11777,"FloorID":null,"BuildingID_1":null,"BuildingID_2":null,"SiteID":null,"TerminalID":null,"AccessTimeID":null,"CreationDate":1614441600000,"ModifiedBy":"LANDSD","LastAmendmentDate":1655654400000,"Shape__Length":5.806418045284313}},{"type":"Feature","id":341452,"geometry":{"type":"LineString","coordinates":[[114.16882282412413,22.318279736396292,4.267600000006496],[114.168815471884,22.318314216653146,4.3283999999985099],[114.16879980993872,22.318391087919622,4.2388999999966472]]},"properties":{"OBJECTID":341452,"PedestrianRouteID":240007823,"Location":1,"FeatureType":1,"AliasNameEN":"Portland Street","AliasNameTC":"砵蘭街","CrossingFeature":null,"WeatherProof":3,"WheelchairBarrier":2,"WheelchairAccess":2,"ObstaclesType":null,"Gradient":0.0022856700000000001,"Direction":0,"PositionCertainty":1,"Enabled":1,"DataSource":1,"LevelSource":2,"StreetNameEN":"Portland Street","StreetNameTC":"砵蘭街","ST_CODE":11777,"FloorID":null,"BuildingID_1":null,"BuildingID_2":null,"SiteID":null,"TerminalID":null,"AccessTimeID":null,"CreationDate":1614441600000,"ModifiedBy":"LANDSD","LastAmendmentDate":1655654400000,"Shape__Length":12.556488667099703}},{"type":"Feature","id":341456,"geometry":{"type":"LineString","coordinates":[[114.17046161052959,22.317594404864238,5.335399999996298],[114.1704215412577,22.31758707947192,5.3218000000051688]]},"properties":{"OBJECTID":341456,"PedestrianRouteID":240007827,"Location":1,"FeatureType":1,"AliasNameEN":"Sai Yeung Choi Street South","AliasNameTC":"西洋菜南街","CrossingFeature":null,"WeatherProof":3,"WheelchairBarrier":2,"WheelchairAccess":2,"ObstaclesType":null,"Gradient":0.00260735,"Direction":0,"PositionCertainty":1,"Enabled":1,"DataSource":1,"LevelSource":2,"StreetNameEN":"Sai Yeung Choi Street South","StreetNameTC":"西洋菜南街","ST_CODE":11864,"FloorID":null,"BuildingID_1":null,"BuildingID_2":null,"SiteID":null,"TerminalID":null,"AccessTimeID":null,"CreationDate":1614441600000,"ModifiedBy":"LANDSD","LastAmendmentDate":1766073600000,"Shape__Length":4.2073040726291167}},{"type":"Feature","id":341457,"geometry":{"type":"LineString","coordinates":[[114.17051511355456,22.317604186189492,5.3580999999976484],[114.17046161052959,22.317594404864238,5.335399999996298]]},"properties":{"OBJECTID":341457,"PedestrianRouteID":240007828,"Location":1,"FeatureType":1,"AliasNameEN":"Shantung Street","AliasNameTC":"山東街","CrossingFeature":null,"WeatherProof":3,"WheelchairBarrier":2,"WheelchairAccess":2,"ObstaclesType":null,"Gradient":0.00492495,"Direction":0,"PositionCertainty":1,"Enabled":1,"DataSource":1,"LevelSource":2,"StreetNameEN":"Shantung Street","StreetNameTC":"山東街","ST_CODE":11986,"FloorID":null,"BuildingID_1":null,"BuildingID_2":null,"SiteID":null,"TerminalID":null,"AccessTimeID":null,"CreationDate":1614441600000,"ModifiedBy":"LANDSD","LastAmendmentDate":1766073600000,"Shape__Length":5.6178580134793128}},{"type":"Feature","id":341458,"geometry":{"type":"LineString","coordinates":[[114.16822831501432,22.318200075059341,4.3695000000006985],[114.1682360422037,22.318162917276901,4.3686000000016065]]},"properties":{"OBJECTID":341458,"PedestrianRouteID":240007829,"Location":1,"FeatureType":1,"AliasNameEN":"Shanghai Street","AliasNameTC":"上海街","CrossingFeature":null,"WeatherProof":1,"WheelchairBarrier":2,"WheelchairAccess":2,"ObstaclesType":null,"Gradient":0.00025960000000000002,"Direction":0,"PositionCertainty":1,"Enabled":1,"DataSource":1,"LevelSource":2,"StreetNameEN":"Shanghai Street","StreetNameTC":"上海街","ST_CODE":11984,"FloorID":null,"BuildingID_1":null,"BuildingID_2":null,"SiteID":null,"TerminalID":null,"AccessTimeID":null,"CreationDate":1614441600000,"ModifiedBy":"LANDSD","LastAmendmentDate":1764259200000,"Shape__Length":4.1909680154405855}},{"type":"Feature","id":341459,"geometry":{"type":"LineString","coordinates":[[114.16819908389151,22.318340624793024,4.3748000000050524],[114.16821580043501,22.318260246156864,4.3720999999932246]]},"properties":{"OBJECTID":341459,"PedestrianRouteID":240007830,"Location":1,"FeatureType":1,"AliasNameEN":"Shanghai Street","AliasNameTC":"上海街","CrossingFeature":null,"WeatherProof":2,"WheelchairBarrier":2,"WheelchairAccess":2,"ObstaclesType":null,"Gradient":0.00030257999999999999,"Direction":0,"PositionCertainty":1,"Enabled":1,"DataSource":1,"LevelSource":2,"StreetNameEN":"Shanghai Street","StreetNameTC":"上海街","ST_CODE":11984,"FloorID":null,"BuildingID_1":null,"BuildingID_2":null,"SiteID":null,"TerminalID":null,"AccessTimeID":null,"CreationDate":1614441600000,"ModifiedBy":"LANDSD","LastAmendmentDate":1764259200000,"Shape__Length":9.0658058584904833}},{"type":"Feature","id":341460,"geometry":{"type":"LineString","coordinates":[[114.16813608163217,22.318643555457786,4.3816999999980908],[114.16815154678403,22.318569192946772,4.3794999999954598]]},"properties":{"OBJECTID":341460,"PedestrianRouteID":240007831,"Location":1,"FeatureType":1,"AliasNameEN":"Shanghai Street","AliasNameTC":"上海街","CrossingFeature":null,"WeatherProof":2,"WheelchairBarrier":2,"WheelchairAccess":2,"ObstaclesType":null,"Gradient":0.00018016000000000001,"Direction":0,"PositionCertainty":1,"Enabled":1,"DataSource":1,"LevelSource":2,"StreetNameEN":"Shanghai Street","StreetNameTC":"上海街","ST_CODE":11984,"FloorID":null,"BuildingID_1":null,"BuildingID_2":null,"SiteID":null,"TerminalID":null,"AccessTimeID":null,"CreationDate":1614441600000,"ModifiedBy":"LANDSD","LastAmendmentDate":1707235200000,"Shape__Length":8.3872502968691141}},{"type":"Feature","id":341461,"geometry":{"type":"LineString","coordinates":[[114.16839405000803,22.318164458969495,4.2035999999934575],[114.16839754218792,22.318148251037918,4.1726999999955297],[114.16843798945065,22.318068084022141,4.1909000000014203],[114.16846601439332,22.317934505798473,4.2473999999929219]]},"properties":{"OBJECTID":341461,"PedestrianRouteID":240007832,"Location":1,"FeatureType":1,"AliasNameEN":"Shanghai Street","AliasNameTC":"上海街","CrossingFeature":null,"WeatherProof":2,"WheelchairBarrier":2,"WheelchairAccess":2,"ObstaclesType":null,"Gradient":0.00163995,"Direction":0,"PositionCertainty":1,"Enabled":1,"DataSource":1,"LevelSource":2,"StreetNameEN":"Shanghai Street","StreetNameTC":"上海街","ST_CODE":11984,"FloorID":null,"BuildingID_1":null,"BuildingID_2":null,"SiteID":null,"TerminalID":null,"AccessTimeID":null,"CreationDate":1614441600000,"ModifiedBy":"LANDSD","LastAmendmentDate":1764259200000,"Shape__Length":26.708157840838609}},{"type":"Feature","id":341462,"geometry":{"type":"LineString","coordinates":[[114.16835038652604,22.318367118609622,4.2321999999985565],[114.16837509397153,22.318252440366713,4.2704999999987194]]},"properties":{"OBJECTID":341462,"PedestrianRouteID":240007833,"Location":1,"FeatureType":1,"AliasNameEN":"Shanghai Street","AliasNameTC":"上海街","CrossingFeature":null,"WeatherProof":2,"WheelchairBarrier":2,"WheelchairAccess":2,"ObstaclesType":null,"Gradient":0.0029571799999999998,"Direction":0,"PositionCertainty":1,"Enabled":1,"DataSource":1,"LevelSource":2,"StreetNameEN":"Shanghai Street","StreetNameTC":"上海街","ST_CODE":11984,"FloorID":null,"BuildingID_1":null,"BuildingID_2":null,"SiteID":null,"TerminalID":null,"AccessTimeID":null,"CreationDate":1614441600000,"ModifiedBy":"LANDSD","LastAmendmentDate":1764259200000,"Shape__Length":12.951490919194075}},{"type":"Feature","id":341463,"geometry":{"type":"LineString","coordinates":[[114.16823998341323,22.318977520526417,4.2982000000047265],[114.16834766627701,22.318458294068204,4.1759000000020023]]},"properties":{"OBJECTID":341463,"PedestrianRouteID":240007834,"Location":1,"FeatureType":1,"AliasNameEN":"Shanghai Street","AliasNameTC":"上海街","CrossingFeature":null,"WeatherProof":2,"WheelchairBarrier":2,"WheelchairAccess":2,"ObstaclesType":null,"Gradient":0.0020885600000000002,"Direction":0,"PositionCertainty":1,"Enabled":1,"DataSource":1,"LevelSource":2,"StreetNameEN":"Shanghai Street","StreetNameTC":"上海街","ST_CODE":11984,"FloorID":null,"BuildingID_1":null,"BuildingID_2":null,"SiteID":null,"TerminalID":null,"AccessTimeID":null,"CreationDate":1614441600000,"ModifiedBy":"LANDSD","LastAmendmentDate":1764259200000,"Shape__Length":58.55699740101501}},{"type":"Feature","id":341464,"geometry":{"type":"LineString","coordinates":[[114.17021518253912,22.321188540866519,10.304000000003725],[114.17021767852859,22.321176801198195,10.304000000003725],[114.17022094632304,22.321161426747818,10.304000000003725],[114.17023191993859,22.321163352517104,10.304000000003725]]},"properties":{"OBJECTID":341464,"PedestrianRouteID":240007835,"Location":1,"FeatureType":2,"AliasNameEN":"Mong Kok Road Footbridge","AliasNameTC":"旺角道天橋","CrossingFeature":null,"WeatherProof":1,"WheelchairBarrier":2,"WheelchairAccess":2,"ObstaclesType":null,"Gradient":0,"Direction":0,"PositionCertainty":1,"Enabled":1,"DataSource":1,"LevelSource":9,"StreetNameEN":"Mong Kok Road","StreetNameTC":"旺角道","ST_CODE":11454,"FloorID":null,"BuildingID_1":null,"BuildingID_2":null,"SiteID":null,"TerminalID":null,"AccessTimeID":null,"CreationDate":1614441600000,"ModifiedBy":"LANDSD","LastAmendmentDate":1658246400000,"Shape__Length":4.2111611216620553}},{"type":"Feature","id":341469,"geometry":{"type":"LineString","coordinates":[[114.17074225629281,22.321100661339695,10.304000000003725],[114.17028405613146,22.321019258884075,10.304000000003725]]},"properties":{"OBJECTID":341469,"PedestrianRouteID":240007840,"Location":1,"FeatureType":2,"AliasNameEN":"Mong Kok Road Footbridge","AliasNameTC":"旺角道天橋","CrossingFeature":null,"WeatherProof":1,"WheelchairBarrier":2,"WheelchairAccess":2,"ObstaclesType":null,"Gradient":0,"Direction":0,"PositionCertainty":1,"Enabled":1,"DataSource":1,"LevelSource":9,"StreetNameEN":"Mong Kok Road","StreetNameTC":"旺角道","ST_CODE":11454,"FloorID":null,"BuildingID_1":null,"BuildingID_2":null,"SiteID":null,"TerminalID":null,"AccessTimeID":null,"CreationDate":1614441600000,"ModifiedBy":"LANDSD","LastAmendmentDate":1766073600000,"Shape__Length":48.060417900808851}},{"type":"Feature","id":341470,"geometry":{"type":"LineString","coordinates":[[114.16802012100732,22.319991459337373,5.1870999999955529],[114.16801714617768,22.320005925283734,5.1864000000059605]]},"properties":{"OBJECTID":341470,"PedestrianRouteID":240007841,"Location":1,"FeatureType":1,"AliasNameEN":"Shanghai Street","AliasNameTC":"上海街","CrossingFeature":null,"WeatherProof":2,"WheelchairBarrier":2,"WheelchairAccess":2,"ObstaclesType":null,"Gradient":0.00042920000000000002,"Direction":0,"PositionCertainty":1,"Enabled":1,"DataSource":1,"LevelSource":2,"StreetNameEN":"Shanghai Street","StreetNameTC":"上海街","ST_CODE":11984,"FloorID":null,"BuildingID_1":null,"BuildingID_2":null,"SiteID":null,"TerminalID":null,"AccessTimeID":null,"CreationDate":1614441600000,"ModifiedBy":"LANDSD","LastAmendmentDate":1655654400000,"Shape__Length":1.630939781375498}},{"type":"Feature","id":341471,"geometry":{"type":"LineString","coordinates":[[114.16803192826582,22.320008575662708,5.194099999993341],[114.16817250080761,22.320033783101298,5.2633999999961816]]},"properties":{"OBJECTID":341471,"PedestrianRouteID":240007842,"Location":1,"FeatureType":1,"AliasNameEN":"Fife Street","AliasNameTC":"快富街","CrossingFeature":null,"WeatherProof":2,"WheelchairBarrier":2,"WheelchairAccess":2,"ObstaclesType":null,"Gradient":0.0046984100000000001,"Direction":0,"PositionCertainty":1,"Enabled":1,"DataSource":1,"LevelSource":2,"StreetNameEN":"Fife Street","StreetNameTC":"快富街","ST_CODE":10485,"FloorID":null,"BuildingID_1":null,"BuildingID_2":null,"SiteID":null,"TerminalID":null,"AccessTimeID":null,"CreationDate":1614441600000,"ModifiedBy":"LANDSD","LastAmendmentDate":1655654400000,"Shape__Length":14.749575332227023}},{"type":"Feature","id":341474,"geometry":{"type":"LineString","coordinates":[[114.16821620931981,22.318176812505246,14.501000000003842],[114.16841503801932,22.318212879405024,14.501000000003842]]},"properties":{"OBJECTID":341474,"PedestrianRouteID":240007845,"Location":1,"FeatureType":2,"AliasNameEN":"Shanghai Street Footbridge","AliasNameTC":"上海街天橋","CrossingFeature":null,"WeatherProof":1,"WheelchairBarrier":2,"WheelchairAccess":2,"ObstaclesType":null,"Gradient":0,"Direction":0,"PositionCertainty":1,"Enabled":1,"DataSource":1,"LevelSource":9,"StreetNameEN":"Shanghai Street","StreetNameTC":"上海街","ST_CODE":11984,"FloorID":null,"BuildingID_1":null,"BuildingID_2":null,"SiteID":null,"TerminalID":null,"AccessTimeID":null,"CreationDate":1614441600000,"ModifiedBy":"LANDSD","LastAmendmentDate":1764259200000,"Shape__Length":20.871067549482028}},{"type":"Feature","id":341476,"geometry":{"type":"LineString","coordinates":[[114.16931563300925,22.320237496250428,4.7112000000051921],[114.16944490630462,22.32026172043571,4.8473999999987427]]},"properties":{"OBJECTID":341476,"PedestrianRouteID":240007847,"Location":1,"FeatureType":1,"AliasNameEN":"Fife Street","AliasNameTC":"快富街","CrossingFeature":null,"WeatherProof":2,"WheelchairBarrier":2,"WheelchairAccess":2,"ObstaclesType":null,"Gradient":0.010024460000000001,"Direction":0,"PositionCertainty":1,"Enabled":1,"DataSource":1,"LevelSource":2,"StreetNameEN":"Fife Street","StreetNameTC":"快富街","ST_CODE":10485,"FloorID":null,"BuildingID_1":null,"BuildingID_2":null,"SiteID":null,"TerminalID":null,"AccessTimeID":null,"CreationDate":1614441600000,"ModifiedBy":"LANDSD","LastAmendmentDate":1764259200000,"Shape__Length":13.586309735743701}},{"type":"Feature","id":341477,"geometry":{"type":"LineString","coordinates":[[114.1713400548559,22.32120686348761,10.304000000003725],[114.1710696004068,22.321158815867395,10.304000000003725]]},"properties":{"OBJECTID":341477,"PedestrianRouteID":240007848,"Location":1,"FeatureType":2,"AliasNameEN":"Mong Kok Road Footbridge","AliasNameTC":"旺角道天橋","CrossingFeature":null,"WeatherProof":1,"WheelchairBarrier":2,"WheelchairAccess":2,"ObstaclesType":null,"Gradient":0,"Direction":0,"PositionCertainty":1,"Enabled":1,"DataSource":1,"LevelSource":9,"StreetNameEN":"Mong Kok Road","StreetNameTC":"旺角道","ST_CODE":11454,"FloorID":null,"BuildingID_1":null,"BuildingID_2":null,"SiteID":null,"TerminalID":null,"AccessTimeID":null,"CreationDate":1614441600000,"ModifiedBy":"LANDSD","LastAmendmentDate":1764259200000,"Shape__Length":28.367816507807383}},{"type":"Feature","id":341483,"geometry":{"type":"LineString","coordinates":[[114.16903514459256,22.31733202360569,4.2154000000009546],[114.1690030399856,22.317326218094756,4.1836999999941327]]},"properties":{"OBJECTID":341483,"PedestrianRouteID":240007854,"Location":1,"FeatureType":1,"AliasNameEN":"Portland Street","AliasNameTC":"砵蘭街","CrossingFeature":null,"WeatherProof":2,"WheelchairBarrier":2,"WheelchairAccess":2,"ObstaclesType":null,"Gradient":0.0094071999999999992,"Direction":0,"PositionCertainty":1,"Enabled":1,"DataSource":1,"LevelSource":2,"StreetNameEN":"Portland Street","StreetNameTC":"砵蘭街","ST_CODE":11777,"FloorID":null,"BuildingID_1":null,"BuildingID_2":null,"SiteID":null,"TerminalID":null,"AccessTimeID":null,"CreationDate":1614441600000,"ModifiedBy":"LANDSD","LastAmendmentDate":1655654400000,"Shape__Length":3.3696593488106434}},{"type":"Feature","id":341484,"geometry":{"type":"LineString","coordinates":[[114.1690030399856,22.317326218094756,4.1836999999941327],[114.16880837225663,22.317291019055553,4.0411000000021886]]},"properties":{"OBJECTID":341484,"PedestrianRouteID":240007855,"Location":1,"FeatureType":1,"AliasNameEN":"Shantung Street","AliasNameTC":"山東街","CrossingFeature":null,"WeatherProof":2,"WheelchairBarrier":2,"WheelchairAccess":2,"ObstaclesType":null,"Gradient":0.0069791300000000001,"Direction":0,"PositionCertainty":1,"Enabled":1,"DataSource":1,"LevelSource":2,"StreetNameEN":"Shantung Street","StreetNameTC":"山東街","ST_CODE":11986,"FloorID":null,"BuildingID_1":null,"BuildingID_2":null,"SiteID":null,"TerminalID":null,"AccessTimeID":null,"CreationDate":1614441600000,"ModifiedBy":"LANDSD","LastAmendmentDate":1655654400000,"Shape__Length":20.432021923790071}},{"type":"Feature","id":341485,"geometry":{"type":"LineString","coordinates":[[114.16817339458868,22.318383600930634,8.1450000000040745],[114.16836916531251,22.318418475683977,8.1450000000040745]]},"properties":{"OBJECTID":341485,"PedestrianRouteID":240007856,"Location":1,"FeatureType":2,"AliasNameEN":"Shanghai Street Footbridge","AliasNameTC":"上海街天橋","CrossingFeature":null,"WeatherProof":1,"WheelchairBarrier":2,"WheelchairAccess":2,"ObstaclesType":null,"Gradient":0,"Direction":0,"PositionCertainty":1,"Enabled":1,"DataSource":1,"LevelSource":9,"StreetNameEN":"Shanghai Street","StreetNameTC":"上海街","ST_CODE":11984,"FloorID":null,"BuildingID_1":null,"BuildingID_2":null,"SiteID":null,"TerminalID":null,"AccessTimeID":null,"CreationDate":1614441600000,"ModifiedBy":"LANDSD","LastAmendmentDate":1764259200000,"Shape__Length":20.536651984705269}},{"type":"Feature","id":341486,"geometry":{"type":"LineString","coordinates":[[114.1702108957894,22.317659816076173,5.1144999999960419],[114.1700518814004,22.317631236700418,5.0282000000006519]]},"properties":{"OBJECTID":341486,"PedestrianRouteID":240007857,"Location":1,"FeatureType":1,"AliasNameEN":"Shantung Street","AliasNameTC":"山東街","CrossingFeature":null,"WeatherProof":2,"WheelchairBarrier":2,"WheelchairAccess":2,"ObstaclesType":null,"Gradient":0.0051718900000000002,"Direction":0,"PositionCertainty":1,"Enabled":1,"DataSource":1,"LevelSource":2,"StreetNameEN":"Shantung Street","StreetNameTC":"山東街","ST_CODE":11986,"FloorID":null,"BuildingID_1":null,"BuildingID_2":null,"SiteID":null,"TerminalID":null,"AccessTimeID":null,"CreationDate":1614441600000,"ModifiedBy":"LANDSD","LastAmendmentDate":1655654400000,"Shape__Length":16.686220909472329}},{"type":"Feature","id":341487,"geometry":{"type":"LineString","coordinates":[[114.16991016176738,22.317605765335827,4.8674999999930151],[114.16987917710431,22.317600196647952,4.8323999999993248]]},"properties":{"OBJECTID":341487,"PedestrianRouteID":290046931,"Location":1,"FeatureType":1,"AliasNameEN":"Shantung Street","AliasNameTC":"山東街","CrossingFeature":null,"WeatherProof":2,"WheelchairBarrier":2,"WheelchairAccess":2,"ObstaclesType":null,"Gradient":0.010801389999999999,"Direction":0,"PositionCertainty":1,"Enabled":1,"DataSource":1,"LevelSource":2,"StreetNameEN":"Shantung Street","StreetNameTC":"山東街","ST_CODE":11986,"FloorID":null,"BuildingID_1":null,"BuildingID_2":null,"SiteID":null,"TerminalID":null,"AccessTimeID":null,"CreationDate":1614441600000,"ModifiedBy":"LANDSD","LastAmendmentDate":1728316800000,"Shape__Length":3.2513827842629484}},{"type":"Feature","id":341488,"geometry":{"type":"LineString","coordinates":[[114.16801159013743,22.318357938999075,4.3117999999958556],[114.16805719439836,22.31813836073399,4.3236999999935506]]},"properties":{"OBJECTID":341488,"PedestrianRouteID":240007859,"Location":2,"FeatureType":1,"AliasNameEN":"Minibus Terminus Under","AliasNameTC":"下層小巴總站","CrossingFeature":null,"WeatherProof":1,"WheelchairBarrier":2,"WheelchairAccess":2,"ObstaclesType":null,"Gradient":0.00048052000000000001,"Direction":0,"PositionCertainty":1,"Enabled":1,"DataSource":1,"LevelSource":2,"StreetNameEN":null,"StreetNameTC":null,"ST_CODE":null,"FloorID":290000078,"BuildingID_1":1108246362,"BuildingID_2":null,"SiteID":null,"TerminalID":1511000412,"AccessTimeID":290000475,"CreationDate":1614441600000,"ModifiedBy":"LANDSD","LastAmendmentDate":1659974400000,"Shape__Length":24.764745888513271}},{"type":"Feature","id":341495,"geometry":{"type":"LineString","coordinates":[[114.17028405613146,22.321019258884075,10.304000000003725],[114.17030168539509,22.320933447291349,10.304000000003725],[114.17028955969256,22.320931369766331,10.304000000003725],[114.17029597783862,22.320900007679668,10.304000000003725]]},"properties":{"OBJECTID":341495,"PedestrianRouteID":240007866,"Location":1,"FeatureType":2,"AliasNameEN":"Mong Kok Road Footbridge","AliasNameTC":"旺角道天橋","CrossingFeature":null,"WeatherProof":1,"WheelchairBarrier":2,"WheelchairAccess":2,"ObstaclesType":null,"Gradient":0,"Direction":0,"PositionCertainty":1,"Enabled":1,"DataSource":1,"LevelSource":9,"StreetNameEN":"Mong Kok Road","StreetNameTC":"旺角道","ST_CODE":11454,"FloorID":null,"BuildingID_1":null,"BuildingID_2":null,"SiteID":null,"TerminalID":null,"AccessTimeID":null,"CreationDate":1614441600000,"ModifiedBy":"LANDSD","LastAmendmentDate":1766073600000,"Shape__Length":14.479911498754678}},{"type":"Feature","id":341496,"geometry":{"type":"LineString","coordinates":[[114.16805685401809,22.317543479229364,4.1873000000050524],[114.16803675000936,22.317641260534703,4.2355999999999767]]},"properties":{"OBJECTID":341496,"PedestrianRouteID":240007867,"Location":1,"FeatureType":1,"AliasNameEN":"Reclamation Street","AliasNameTC":"新填地街","CrossingFeature":null,"WeatherProof":2,"WheelchairBarrier":2,"WheelchairAccess":2,"ObstaclesType":null,"Gradient":0.0043235799999999996,"Direction":0,"PositionCertainty":1,"Enabled":1,"DataSource":1,"LevelSource":2,"StreetNameEN":"Reclamation Street","StreetNameTC":"新填地街","ST_CODE":11810,"FloorID":null,"BuildingID_1":null,"BuildingID_2":null,"SiteID":null,"TerminalID":null,"AccessTimeID":null,"CreationDate":1614441600000,"ModifiedBy":"LANDSD","LastAmendmentDate":1707235200000,"Shape__Length":11.024119778846723}},{"type":"Feature","id":341497,"geometry":{"type":"LineString","coordinates":[[114.168104899627,22.317313139298829,3.9651000000012573],[114.168091529896,22.317374829293673,4.0106999999989057],[114.16805712198084,22.317542174322675,4.1873000000050524]]},"properties":{"OBJECTID":341497,"PedestrianRouteID":240007868,"Location":1,"FeatureType":1,"AliasNameEN":"Reclamation Street","AliasNameTC":"新填地街","CrossingFeature":null,"WeatherProof":2,"WheelchairBarrier":2,"WheelchairAccess":2,"ObstaclesType":null,"Gradient":0.0086003,"Direction":0,"PositionCertainty":1,"Enabled":1,"DataSource":1,"LevelSource":2,"StreetNameEN":"Reclamation Street","StreetNameTC":"新填地街","ST_CODE":11810,"FloorID":null,"BuildingID_1":null,"BuildingID_2":null,"SiteID":null,"TerminalID":null,"AccessTimeID":null,"CreationDate":1614441600000,"ModifiedBy":"LANDSD","LastAmendmentDate":1655654400000,"Shape__Length":25.835665129046788}},{"type":"Feature","id":341498,"geometry":{"type":"LineString","coordinates":[[114.17144032782686,22.321224676986411,6.0613000000012107],[114.17147083967461,22.32107825506851,6.2768999999971129]]},"properties":{"OBJECTID":341498,"PedestrianRouteID":240007869,"Location":1,"FeatureType":1,"AliasNameEN":"Sai Yee Street","AliasNameTC":"洗衣街","CrossingFeature":null,"WeatherProof":1,"WheelchairBarrier":2,"WheelchairAccess":2,"ObstaclesType":null,"Gradient":0.01305333,"Direction":0,"PositionCertainty":1,"Enabled":1,"DataSource":1,"LevelSource":2,"StreetNameEN":"Sai Yee Street","StreetNameTC":"洗衣街","ST_CODE":11861,"FloorID":null,"BuildingID_1":null,"BuildingID_2":null,"SiteID":null,"TerminalID":null,"AccessTimeID":null,"CreationDate":1614441600000,"ModifiedBy":"LANDSD","LastAmendmentDate":1655654400000,"Shape__Length":16.515916197712897}},{"type":"Feature","id":341499,"geometry":{"type":"LineString","coordinates":[[114.17137814966786,22.321523061929447,6.3340000000025611],[114.17144032782686,22.321224676986411,6.0613000000012107]]},"properties":{"OBJECTID":341499,"PedestrianRouteID":240007870,"Location":1,"FeatureType":1,"AliasNameEN":"Sai Yee Street","AliasNameTC":"洗衣街","CrossingFeature":null,"WeatherProof":1,"WheelchairBarrier":2,"WheelchairAccess":2,"ObstaclesType":null,"Gradient":0.0081021900000000004,"Direction":0,"PositionCertainty":1,"Enabled":1,"DataSource":1,"LevelSource":2,"StreetNameEN":"Sai Yee Street","StreetNameTC":"洗衣街","ST_CODE":11861,"FloorID":null,"BuildingID_1":null,"BuildingID_2":null,"SiteID":null,"TerminalID":null,"AccessTimeID":null,"CreationDate":1614441600000,"ModifiedBy":"LANDSD","LastAmendmentDate":1655654400000,"Shape__Length":33.656846127356452}},{"type":"Feature","id":341500,"geometry":{"type":"LineString","coordinates":[[114.17020380087898,22.321174253101486,5.5991999999969266],[114.17021767852859,22.321176801198195,5.5935000000026776],[114.17024130198156,22.321181138650427,5.5838999999978114],[114.17025071778038,22.321182867488197,5.580100000006496]]},"properties":{"OBJECTID":341500,"PedestrianRouteID":240007871,"Location":1,"FeatureType":1,"AliasNameEN":"Tung Choi Street","AliasNameTC":"通菜街","CrossingFeature":null,"WeatherProof":1,"WheelchairBarrier":2,"WheelchairAccess":2,"ObstaclesType":null,"Gradient":0.0038765900000000001,"Direction":0,"PositionCertainty":1,"Enabled":1,"DataSource":1,"LevelSource":2,"StreetNameEN":"Tung Choi Street","StreetNameTC":"通菜街","ST_CODE":12513,"FloorID":null,"BuildingID_1":null,"BuildingID_2":null,"SiteID":null,"TerminalID":null,"AccessTimeID":null,"CreationDate":1614441600000,"ModifiedBy":"LANDSD","LastAmendmentDate":1690819200000,"Shape__Length":4.926983471882985}},{"type":"Feature","id":341503,"geometry":{"type":"LineString","coordinates":[[114.17118017679914,22.321188972003611,6.1294999999954598],[114.17118417165594,22.321169092196584,6.1163999999989755],[114.17111406409971,22.32115654534406,6.2100999999966007],[114.17111709881429,22.321142032385861,6.1762000000016997]]},"properties":{"OBJECTID":341503,"PedestrianRouteID":240007874,"Location":1,"FeatureType":6,"AliasNameEN":"Mong Kok Road Traffic Island","AliasNameTC":"旺角道安全島","CrossingFeature":null,"WeatherProof":1,"WheelchairBarrier":2,"WheelchairAccess":2,"ObstaclesType":null,"Gradient":0.0041576599999999997,"Direction":0,"PositionCertainty":1,"Enabled":1,"DataSource":1,"LevelSource":2,"StreetNameEN":"Mong Kok Road","StreetNameTC":"旺角道","ST_CODE":11454,"FloorID":null,"BuildingID_1":null,"BuildingID_2":null,"SiteID":null,"TerminalID":null,"AccessTimeID":null,"CreationDate":1614441600000,"ModifiedBy":"LANDSD","LastAmendmentDate":1764259200000,"Shape__Length":11.232208541959524}},{"type":"Feature","id":341504,"geometry":{"type":"LineString","coordinates":[[114.16866752955849,22.321956772328381,4.970499999995809],[114.16866240036295,22.321981495120422,5.1230000000068685],[114.16865838380258,22.322000854700068,5.2424000000028173]]},"properties":{"OBJECTID":341504,"PedestrianRouteID":240007875,"Location":1,"FeatureType":1,"AliasNameEN":"Nathan Road","AliasNameTC":"彌敦道","CrossingFeature":null,"WeatherProof":2,"WheelchairBarrier":2,"WheelchairAccess":2,"ObstaclesType":null,"Gradient":0.054636650000000002,"Direction":0,"PositionCertainty":1,"Enabled":1,"DataSource":1,"LevelSource":2,"StreetNameEN":"Nathan Road","StreetNameTC":"彌敦道","ST_CODE":11504,"FloorID":null,"BuildingID_1":null,"BuildingID_2":null,"SiteID":null,"TerminalID":null,"AccessTimeID":null,"CreationDate":1614441600000,"ModifiedBy":"LANDSD","LastAmendmentDate":1759420800000,"Shape__Length":4.9715597404382219}},{"type":"Feature","id":341505,"geometry":{"type":"LineString","coordinates":[[114.17073868097502,22.321001887293065,5.9372000000003027],[114.17076186474419,22.321005879684403,6.0339999999996508],[114.17078526398799,22.321009910008932,6.1318000000028405]]},"properties":{"OBJECTID":341505,"PedestrianRouteID":240007876,"Location":1,"FeatureType":1,"AliasNameEN":"Mong Kok Road","AliasNameTC":"旺角道","CrossingFeature":null,"WeatherProof":1,"WheelchairBarrier":2,"WheelchairAccess":2,"ObstaclesType":null,"Gradient":0.039848630000000003,"Direction":0,"PositionCertainty":1,"Enabled":1,"DataSource":1,"LevelSource":2,"StreetNameEN":"Mong Kok Road","StreetNameTC":"旺角道","ST_CODE":11454,"FloorID":null,"BuildingID_1":null,"BuildingID_2":null,"SiteID":null,"TerminalID":null,"AccessTimeID":null,"CreationDate":1614441600000,"ModifiedBy":"LANDSD","LastAmendmentDate":1690819200000,"Shape__Length":4.8808953697394006}},{"type":"Feature","id":341506,"geometry":{"type":"LineString","coordinates":[[114.1703528848665,22.321040199077338,5.7890999999945052],[114.17035804379164,22.321016062315504,5.7673000000067987]]},"properties":{"OBJECTID":341506,"PedestrianRouteID":240007877,"Location":1,"FeatureType":6,"AliasNameEN":"Mong Kok Road Traffic Island","AliasNameTC":"旺角道安全島","CrossingFeature":null,"WeatherProof":1,"WheelchairBarrier":2,"WheelchairAccess":2,"ObstaclesType":null,"Gradient":0.0062701399999999996,"Direction":0,"PositionCertainty":1,"Enabled":1,"DataSource":1,"LevelSource":2,"StreetNameEN":"Mong Kok Road","StreetNameTC":"旺角道","ST_CODE":11454,"FloorID":null,"BuildingID_1":null,"BuildingID_2":null,"SiteID":null,"TerminalID":null,"AccessTimeID":null,"CreationDate":1614441600000,"ModifiedBy":"LANDSD","LastAmendmentDate":1764259200000,"Shape__Length":2.7251139049237096}},{"type":"Feature","id":341507,"geometry":{"type":"LineString","coordinates":[[114.1703272853492,22.321159964479602,5.6594999999942956],[114.17034671628861,22.321069060604604,5.8095000000030268]]},"properties":{"OBJECTID":341507,"PedestrianRouteID":240007878,"Location":1,"FeatureType":30,"AliasNameEN":"Mong Kok Road Crossing","AliasNameTC":"旺角道過路處","CrossingFeature":1,"WeatherProof":2,"WheelchairBarrier":2,"WheelchairAccess":2,"ObstaclesType":null,"Gradient":0.01461407,"Direction":0,"PositionCertainty":1,"Enabled":1,"DataSource":1,"LevelSource":2,"StreetNameEN":"Mong Kok Road","StreetNameTC":"旺角道","ST_CODE":11454,"FloorID":null,"BuildingID_1":null,"BuildingID_2":null,"SiteID":null,"TerminalID":null,"AccessTimeID":null,"CreationDate":1614441600000,"ModifiedBy":"LANDSD","LastAmendmentDate":1655654400000,"Shape__Length":10.263352177519593}},{"type":"Feature","id":341508,"geometry":{"type":"LineString","coordinates":[[114.16843920427759,22.320866580366022,4.8801999999996042],[114.16843330617968,22.320894331975143,4.8993000000045868]]},"properties":{"OBJECTID":341508,"PedestrianRouteID":240007879,"Location":1,"FeatureType":1,"AliasNameEN":"Portland Street","AliasNameTC":"砵蘭街","CrossingFeature":null,"WeatherProof":3,"WheelchairBarrier":2,"WheelchairAccess":2,"ObstaclesType":null,"Gradient":0.00609715,"Direction":0,"PositionCertainty":1,"Enabled":1,"DataSource":1,"LevelSource":12,"StreetNameEN":"Portland Street","StreetNameTC":"砵蘭街","ST_CODE":11777,"FloorID":null,"BuildingID_1":null,"BuildingID_2":null,"SiteID":null,"TerminalID":null,"AccessTimeID":null,"CreationDate":1614441600000,"ModifiedBy":"LANDSD","LastAmendmentDate":1764518400000,"Shape__Length":3.1325708074550258}},{"type":"Feature","id":341509,"geometry":{"type":"LineString","coordinates":[[114.16853409118468,22.320860410129654,4.9263999999966472],[114.16844394411376,22.320844275950247,4.8090999999985797]]},"properties":{"OBJECTID":341509,"PedestrianRouteID":240007880,"Location":1,"FeatureType":1,"AliasNameEN":"Mong Kok Road","AliasNameTC":"旺角道","CrossingFeature":null,"WeatherProof":3,"WheelchairBarrier":2,"WheelchairAccess":2,"ObstaclesType":null,"Gradient":0.012401590000000001,"Direction":0,"PositionCertainty":1,"Enabled":1,"DataSource":1,"LevelSource":12,"StreetNameEN":"Mong Kok Road","StreetNameTC":"旺角道","ST_CODE":11454,"FloorID":null,"BuildingID_1":null,"BuildingID_2":null,"SiteID":null,"TerminalID":null,"AccessTimeID":null,"CreationDate":1614441600000,"ModifiedBy":"LANDSD","LastAmendmentDate":1764518400000,"Shape__Length":9.4579798081527144}},{"type":"Feature","id":341510,"geometry":{"type":"LineString","coordinates":[[114.1680862958907,22.318896288432196,4.8411999999952968],[114.16807627228127,22.318947653011985,4.8601999999955297]]},"properties":{"OBJECTID":341510,"PedestrianRouteID":240007881,"Location":1,"FeatureType":1,"AliasNameEN":"Shanghai Street","AliasNameTC":"上海街","CrossingFeature":null,"WeatherProof":2,"WheelchairBarrier":2,"WheelchairAccess":2,"ObstaclesType":null,"Gradient":0.00328671,"Direction":0,"PositionCertainty":1,"Enabled":1,"DataSource":1,"LevelSource":2,"StreetNameEN":"Shanghai Street","StreetNameTC":"上海街","ST_CODE":11984,"FloorID":null,"BuildingID_1":null,"BuildingID_2":null,"SiteID":null,"TerminalID":null,"AccessTimeID":null,"CreationDate":1614441600000,"ModifiedBy":"LANDSD","LastAmendmentDate":1655654400000,"Shape__Length":5.7808352496219451}},{"type":"Feature","id":341511,"geometry":{"type":"LineString","coordinates":[[114.16807627228127,22.318947653011985,4.8601999999955297],[114.16806994781072,22.318980066184466,4.8451999999961117]]},"properties":{"OBJECTID":341511,"PedestrianRouteID":240007882,"Location":1,"FeatureType":1,"AliasNameEN":"Argyle Street","AliasNameTC":"亞皆老街","CrossingFeature":null,"WeatherProof":2,"WheelchairBarrier":2,"WheelchairAccess":2,"ObstaclesType":null,"Gradient":0.0041118999999999999,"Direction":0,"PositionCertainty":1,"Enabled":1,"DataSource":1,"LevelSource":2,"StreetNameEN":"Argyle Street","StreetNameTC":"亞皆老街","ST_CODE":10027,"FloorID":null,"BuildingID_1":null,"BuildingID_2":null,"SiteID":null,"TerminalID":null,"AccessTimeID":null,"CreationDate":1614441600000,"ModifiedBy":"LANDSD","LastAmendmentDate":1655654400000,"Shape__Length":3.6479304329864788}},{"type":"Feature","id":341513,"geometry":{"type":"LineString","coordinates":[[114.16768537604868,22.320039442923747,4.7505999999993946],[114.16756292351116,22.320017721005645,4.5700999999971827]]},"properties":{"OBJECTID":341513,"PedestrianRouteID":240007884,"Location":1,"FeatureType":1,"AliasNameEN":"Fife Street","AliasNameTC":"快富街","CrossingFeature":null,"WeatherProof":2,"WheelchairBarrier":2,"WheelchairAccess":2,"ObstaclesType":null,"Gradient":0.01405298,"Direction":0,"PositionCertainty":1,"Enabled":1,"DataSource":1,"LevelSource":2,"StreetNameEN":"Fife Street","StreetNameTC":"快富街","ST_CODE":10485,"FloorID":null,"BuildingID_1":null,"BuildingID_2":null,"SiteID":null,"TerminalID":null,"AccessTimeID":null,"CreationDate":1614441600000,"ModifiedBy":"LANDSD","LastAmendmentDate":1655654400000,"Shape__Length":12.84340791406081}},{"type":"Feature","id":341514,"geometry":{"type":"LineString","coordinates":[[114.17080051298635,22.317829226869087,5.4835000000020955],[114.1708096160833,22.317784648572381,5.449399999997695]]},"properties":{"OBJECTID":341514,"PedestrianRouteID":240007885,"Location":1,"FeatureType":1,"AliasNameEN":"Tung Choi Street","AliasNameTC":"通菜街","CrossingFeature":null,"WeatherProof":3,"WheelchairBarrier":2,"WheelchairAccess":2,"ObstaclesType":null,"Gradient":0.0067864099999999997,"Direction":0,"PositionCertainty":1,"Enabled":1,"DataSource":1,"LevelSource":2,"StreetNameEN":"Tung Choi Street","StreetNameTC":"通菜街","ST_CODE":12513,"FloorID":null,"BuildingID_1":null,"BuildingID_2":null,"SiteID":null,"TerminalID":null,"AccessTimeID":null,"CreationDate":1614441600000,"ModifiedBy":"LANDSD","LastAmendmentDate":1655654400000,"Shape__Length":5.0246717553907621}},{"type":"Feature","id":341515,"geometry":{"type":"LineString","coordinates":[[114.16897409152855,22.320566776129304,4.9394999999931315],[114.168969996415,22.320586451786994,4.9033000000054017]]},"properties":{"OBJECTID":341515,"PedestrianRouteID":240007886,"Location":1,"FeatureType":1,"AliasNameEN":"Nathan Road","AliasNameTC":"彌敦道","CrossingFeature":null,"WeatherProof":3,"WheelchairBarrier":2,"WheelchairAccess":2,"ObstaclesType":null,"Gradient":0.016310350000000001,"Direction":0,"PositionCertainty":1,"Enabled":1,"DataSource":1,"LevelSource":12,"StreetNameEN":"Nathan Road","StreetNameTC":"彌敦道","ST_CODE":11504,"FloorID":null,"BuildingID_1":null,"BuildingID_2":null,"SiteID":null,"TerminalID":null,"AccessTimeID":null,"CreationDate":1614441600000,"ModifiedBy":"LANDSD","LastAmendmentDate":1642608000000,"Shape__Length":2.2192531806821543}},{"type":"Feature","id":341516,"geometry":{"type":"LineString","coordinates":[[114.16901415037582,22.320374332512401,4.8298999999969965],[114.16897409152855,22.320566776129304,4.9394999999931315]]},"properties":{"OBJECTID":341516,"PedestrianRouteID":240007887,"Location":1,"FeatureType":1,"AliasNameEN":"Nathan Road","AliasNameTC":"彌敦道","CrossingFeature":null,"WeatherProof":3,"WheelchairBarrier":2,"WheelchairAccess":2,"ObstaclesType":null,"Gradient":0.0050492100000000002,"Direction":0,"PositionCertainty":1,"Enabled":1,"DataSource":1,"LevelSource":2,"StreetNameEN":"Nathan Road","StreetNameTC":"彌敦道","ST_CODE":11504,"FloorID":null,"BuildingID_1":null,"BuildingID_2":null,"SiteID":null,"TerminalID":null,"AccessTimeID":null,"CreationDate":1614441600000,"ModifiedBy":"LANDSD","LastAmendmentDate":1655654400000,"Shape__Length":21.706170766932125}},{"type":"Feature","id":341519,"geometry":{"type":"LineString","coordinates":[[114.17151216457717,22.319585169727162,5.9673999999940861],[114.1715656577706,22.319594604831536,5.9772999999986496]]},"properties":{"OBJECTID":341519,"PedestrianRouteID":240007890,"Location":1,"FeatureType":1,"AliasNameEN":"Argyle Street","AliasNameTC":"亞皆老街","CrossingFeature":null,"WeatherProof":3,"WheelchairBarrier":2,"WheelchairAccess":2,"ObstaclesType":null,"Gradient":0.0017648500000000001,"Direction":0,"PositionCertainty":1,"Enabled":1,"DataSource":1,"LevelSource":2,"StreetNameEN":"Argyle Street","StreetNameTC":"亞皆老街","ST_CODE":10027,"FloorID":null,"BuildingID_1":null,"BuildingID_2":null,"SiteID":null,"TerminalID":null,"AccessTimeID":null,"CreationDate":1614441600000,"ModifiedBy":"LANDSD","LastAmendmentDate":1655654400000,"Shape__Length":5.6095203995633192}},{"type":"Feature","id":341520,"geometry":{"type":"LineString","coordinates":[[114.17117162486736,22.319525108361052,5.5763000000006286],[114.17151216457717,22.319585169727162,5.9673999999940861]]},"properties":{"OBJECTID":341520,"PedestrianRouteID":240007891,"Location":1,"FeatureType":1,"AliasNameEN":"Argyle Street","AliasNameTC":"亞皆老街","CrossingFeature":null,"WeatherProof":3,"WheelchairBarrier":2,"WheelchairAccess":2,"ObstaclesType":null,"Gradient":0.010951560000000001,"Direction":0,"PositionCertainty":1,"Enabled":1,"DataSource":1,"LevelSource":2,"StreetNameEN":"Argyle Street","StreetNameTC":"亞皆老街","ST_CODE":10027,"FloorID":null,"BuildingID_1":null,"BuildingID_2":null,"SiteID":null,"TerminalID":null,"AccessTimeID":null,"CreationDate":1614441600000,"ModifiedBy":"LANDSD","LastAmendmentDate":1655654400000,"Shape__Length":35.71037022801567}},{"type":"Feature","id":341521,"geometry":{"type":"LineString","coordinates":[[114.16773489699811,22.319127259073657,4.47620000000461],[114.16772538603988,22.319173659541157,4.4312000000063563]]},"properties":{"OBJECTID":341521,"PedestrianRouteID":240007892,"Location":1,"FeatureType":1,"AliasNameEN":"Argyle Street","AliasNameTC":"亞皆老街","CrossingFeature":null,"WeatherProof":2,"WheelchairBarrier":2,"WheelchairAccess":2,"ObstaclesType":null,"Gradient":0.0086027699999999992,"Direction":0,"PositionCertainty":1,"Enabled":1,"DataSource":1,"LevelSource":2,"StreetNameEN":"Argyle Street","StreetNameTC":"亞皆老街","ST_CODE":10027,"FloorID":null,"BuildingID_1":null,"BuildingID_2":null,"SiteID":null,"TerminalID":null,"AccessTimeID":null,"CreationDate":1614441600000,"ModifiedBy":"LANDSD","LastAmendmentDate":1655654400000,"Shape__Length":5.2307471167747561}},{"type":"Feature","id":341522,"geometry":{"type":"LineString","coordinates":[[114.16772538603988,22.319173659541157,4.4312000000063563],[114.167631389745,22.31963221427047,4.4747000000061234]]},"properties":{"OBJECTID":341522,"PedestrianRouteID":240007893,"Location":1,"FeatureType":1,"AliasNameEN":"Reclamation Street","AliasNameTC":"新填地街","CrossingFeature":null,"WeatherProof":2,"WheelchairBarrier":2,"WheelchairAccess":2,"ObstaclesType":null,"Gradient":0.00084150000000000002,"Direction":0,"PositionCertainty":1,"Enabled":1,"DataSource":1,"LevelSource":2,"StreetNameEN":"Reclamation Street","StreetNameTC":"新填地街","ST_CODE":11810,"FloorID":null,"BuildingID_1":null,"BuildingID_2":null,"SiteID":null,"TerminalID":null,"AccessTimeID":null,"CreationDate":1614441600000,"ModifiedBy":"LANDSD","LastAmendmentDate":1655654400000,"Shape__Length":51.693168136099779}},{"type":"Feature","id":341523,"geometry":{"type":"LineString","coordinates":[[114.16792679568022,22.320452121065848,5.0491000000038184],[114.16792475195112,22.320461693382363,5.0491000000038184]]},"properties":{"OBJECTID":341523,"PedestrianRouteID":240007894,"Location":1,"FeatureType":1,"AliasNameEN":"Shanghai Street","AliasNameTC":"上海街","CrossingFeature":null,"WeatherProof":3,"WheelchairBarrier":2,"WheelchairAccess":2,"ObstaclesType":null,"Gradient":0,"Direction":0,"PositionCertainty":1,"Enabled":1,"DataSource":1,"LevelSource":2,"StreetNameEN":"Shanghai Street","StreetNameTC":"上海街","ST_CODE":11984,"FloorID":null,"BuildingID_1":null,"BuildingID_2":null,"SiteID":null,"TerminalID":null,"AccessTimeID":null,"CreationDate":1614441600000,"ModifiedBy":"LANDSD","LastAmendmentDate":1655654400000,"Shape__Length":1.0806989623274739}},{"type":"Feature","id":341524,"geometry":{"type":"LineString","coordinates":[[114.16792475195112,22.320461693382363,5.0491000000038184],[114.16791647314669,22.320500464876062,5.0192999999999302]]},"properties":{"OBJECTID":341524,"PedestrianRouteID":240007895,"Location":1,"FeatureType":1,"AliasNameEN":"Shanghai Street","AliasNameTC":"上海街","CrossingFeature":null,"WeatherProof":3,"WheelchairBarrier":2,"WheelchairAccess":2,"ObstaclesType":null,"Gradient":0.0068078100000000001,"Direction":0,"PositionCertainty":1,"Enabled":1,"DataSource":1,"LevelSource":2,"StreetNameEN":"Shanghai Street","StreetNameTC":"上海街","ST_CODE":11984,"FloorID":null,"BuildingID_1":null,"BuildingID_2":null,"SiteID":null,"TerminalID":null,"AccessTimeID":null,"CreationDate":1614441600000,"ModifiedBy":"LANDSD","LastAmendmentDate":1655654400000,"Shape__Length":4.3772572298402661}},{"type":"Feature","id":341525,"geometry":{"type":"LineString","coordinates":[[114.17008412480577,22.3193358071779,5.1456000000034692],[114.17007042107322,22.319333344867125,5.140400000003865]]},"properties":{"OBJECTID":341525,"PedestrianRouteID":240007896,"Location":1,"FeatureType":1,"AliasNameEN":"Argyle Street","AliasNameTC":"亞皆老街","CrossingFeature":null,"WeatherProof":2,"WheelchairBarrier":2,"WheelchairAccess":2,"ObstaclesType":null,"Gradient":0.0036161800000000001,"Direction":0,"PositionCertainty":1,"Enabled":1,"DataSource":1,"LevelSource":2,"StreetNameEN":"Argyle Street","StreetNameTC":"亞皆老街","ST_CODE":10027,"FloorID":null,"BuildingID_1":null,"BuildingID_2":null,"SiteID":null,"TerminalID":null,"AccessTimeID":null,"CreationDate":1614441600000,"ModifiedBy":"LANDSD","LastAmendmentDate":1655654400000,"Shape__Length":1.43797509443697}},{"type":"Feature","id":341526,"geometry":{"type":"LineString","coordinates":[[114.1700727190179,22.319322066653466,5.1708000000071479],[114.17010549211618,22.319161195198273,5.1955000000016298]]},"properties":{"OBJECTID":341526,"PedestrianRouteID":240007897,"Location":1,"FeatureType":1,"AliasNameEN":"Sai Yeung Choi Street South","AliasNameTC":"西洋菜南街","CrossingFeature":null,"WeatherProof":2,"WheelchairBarrier":2,"WheelchairAccess":2,"ObstaclesType":null,"Gradient":0.0013622899999999999,"Direction":0,"PositionCertainty":1,"Enabled":1,"DataSource":1,"LevelSource":2,"StreetNameEN":"Sai Yeung Choi Street South","StreetNameTC":"西洋菜南街","ST_CODE":11864,"FloorID":null,"BuildingID_1":null,"BuildingID_2":null,"SiteID":null,"TerminalID":null,"AccessTimeID":null,"CreationDate":1614441600000,"ModifiedBy":"LANDSD","LastAmendmentDate":1761580800000,"Shape__Length":18.131236783709749}},{"type":"Feature","id":341527,"geometry":{"type":"LineString","coordinates":[[114.17097084212428,22.319781824765581,5.4367999999958556],[114.17097794057929,22.319747495218856,5.4474999999947613]]},"properties":{"OBJECTID":341527,"PedestrianRouteID":240007898,"Location":1,"FeatureType":1,"AliasNameEN":"Argyle Street","AliasNameTC":"亞皆老街","CrossingFeature":null,"WeatherProof":2,"WheelchairBarrier":2,"WheelchairAccess":2,"ObstaclesType":null,"Gradient":0.0027640099999999999,"Direction":0,"PositionCertainty":1,"Enabled":1,"DataSource":1,"LevelSource":2,"StreetNameEN":"Argyle Street","StreetNameTC":"亞皆老街","ST_CODE":10027,"FloorID":null,"BuildingID_1":null,"BuildingID_2":null,"SiteID":null,"TerminalID":null,"AccessTimeID":null,"CreationDate":1614441600000,"ModifiedBy":"LANDSD","LastAmendmentDate":1655654400000,"Shape__Length":3.871182725066046}},{"type":"Feature","id":341528,"geometry":{"type":"LineString","coordinates":[[114.17094887688826,22.319888058071115,5.4628999999986263],[114.17097084212428,22.319781824765581,5.4367999999958556]]},"properties":{"OBJECTID":341528,"PedestrianRouteID":240007899,"Location":1,"FeatureType":1,"AliasNameEN":"Fa Yuen Street","AliasNameTC":"花園街","CrossingFeature":null,"WeatherProof":2,"WheelchairBarrier":2,"WheelchairAccess":2,"ObstaclesType":null,"Gradient":0.0021787299999999998,"Direction":0,"PositionCertainty":1,"Enabled":1,"DataSource":1,"LevelSource":2,"StreetNameEN":"Fa Yuen Street","StreetNameTC":"花園街","ST_CODE":10419,"FloorID":null,"BuildingID_1":null,"BuildingID_2":null,"SiteID":null,"TerminalID":null,"AccessTimeID":null,"CreationDate":1614441600000,"ModifiedBy":"LANDSD","LastAmendmentDate":1655654400000,"Shape__Length":11.979413559028449}},{"type":"Feature","id":341535,"geometry":{"type":"LineString","coordinates":[[114.16903032106677,22.320296645805875,4.7890999999945052],[114.16901415037582,22.320374332512401,4.8298999999969965]]},"properties":{"OBJECTID":341535,"PedestrianRouteID":240007906,"Location":1,"FeatureType":1,"AliasNameEN":"Nathan Road","AliasNameTC":"彌敦道","CrossingFeature":null,"WeatherProof":1,"WheelchairBarrier":2,"WheelchairAccess":2,"ObstaclesType":null,"Gradient":0.0046561900000000002,"Direction":0,"PositionCertainty":1,"Enabled":1,"DataSource":1,"LevelSource":2,"StreetNameEN":"Nathan Road","StreetNameTC":"彌敦道","ST_CODE":11504,"FloorID":null,"BuildingID_1":null,"BuildingID_2":null,"SiteID":null,"TerminalID":null,"AccessTimeID":null,"CreationDate":1614441600000,"ModifiedBy":"LANDSD","LastAmendmentDate":1655654400000,"Shape__Length":8.7624580243561176}},{"type":"Feature","id":341536,"geometry":{"type":"LineString","coordinates":[[114.16955070540538,22.321094625839727,5.2670000000071013],[114.16952462253046,22.321219584586249,5.2844999999942956]]},"properties":{"OBJECTID":341536,"PedestrianRouteID":240007907,"Location":1,"FeatureType":1,"AliasNameEN":"Sai Yeung Choi Street South","AliasNameTC":"西洋菜南街","CrossingFeature":null,"WeatherProof":1,"WheelchairBarrier":2,"WheelchairAccess":2,"ObstaclesType":null,"Gradient":0.0012415,"Direction":0,"PositionCertainty":1,"Enabled":1,"DataSource":1,"LevelSource":2,"StreetNameEN":"Sai Yeung Choi Street South","StreetNameTC":"西洋菜南街","ST_CODE":11864,"FloorID":null,"BuildingID_1":null,"BuildingID_2":null,"SiteID":null,"TerminalID":null,"AccessTimeID":null,"CreationDate":1614441600000,"ModifiedBy":"LANDSD","LastAmendmentDate":1655654400000,"Shape__Length":14.095795768001798}},{"type":"Feature","id":341537,"geometry":{"type":"LineString","coordinates":[[114.16937527530176,22.321010111389402,5.1793000000034226],[114.16956121193844,22.321044292497543,5.2188000000023749]]},"properties":{"OBJECTID":341537,"PedestrianRouteID":240007908,"Location":1,"FeatureType":1,"AliasNameEN":"Mong Kok Road","AliasNameTC":"旺角道","CrossingFeature":null,"WeatherProof":1,"WheelchairBarrier":2,"WheelchairAccess":2,"ObstaclesType":null,"Gradient":0.0020228300000000002,"Direction":0,"PositionCertainty":1,"Enabled":1,"DataSource":1,"LevelSource":2,"StreetNameEN":"Mong Kok Road","StreetNameTC":"旺角道","ST_CODE":11454,"FloorID":null,"BuildingID_1":null,"BuildingID_2":null,"SiteID":null,"TerminalID":null,"AccessTimeID":null,"CreationDate":1614441600000,"ModifiedBy":"LANDSD","LastAmendmentDate":1655654400000,"Shape__Length":19.527064049978915}},{"type":"Feature","id":341538,"geometry":{"type":"LineString","coordinates":[[114.17147083967461,22.32107825506851,6.2768999999971129],[114.17153541527111,22.320768365176495,6.1306000000040513]]},"properties":{"OBJECTID":341538,"PedestrianRouteID":240007909,"Location":1,"FeatureType":1,"AliasNameEN":"Sai Yee Street","AliasNameTC":"洗衣街","CrossingFeature":null,"WeatherProof":2,"WheelchairBarrier":2,"WheelchairAccess":2,"ObstaclesType":null,"Gradient":0.0041854099999999997,"Direction":0,"PositionCertainty":1,"Enabled":1,"DataSource":1,"LevelSource":2,"StreetNameEN":"Sai Yee Street","StreetNameTC":"洗衣街","ST_CODE":11861,"FloorID":null,"BuildingID_1":null,"BuildingID_2":null,"SiteID":null,"TerminalID":null,"AccessTimeID":null,"CreationDate":1614441600000,"ModifiedBy":"LANDSD","LastAmendmentDate":1655654400000,"Shape__Length":34.954569132632145}},{"type":"Feature","id":341539,"geometry":{"type":"LineString","coordinates":[[114.17153541527111,22.320768365176495,6.1306000000040513],[114.1715447473964,22.320723580061518,6.1095000000059372]]},"properties":{"OBJECTID":341539,"PedestrianRouteID":240007910,"Location":1,"FeatureType":7,"AliasNameEN":"Sai Yee Street RunIn","AliasNameTC":"洗衣街車輛出入口","CrossingFeature":null,"WeatherProof":2,"WheelchairBarrier":2,"WheelchairAccess":2,"ObstaclesType":null,"Gradient":0.0041768600000000001,"Direction":0,"PositionCertainty":1,"Enabled":1,"DataSource":1,"LevelSource":2,"StreetNameEN":"Sai Yee Street","StreetNameTC":"洗衣街","ST_CODE":11861,"FloorID":null,"BuildingID_1":null,"BuildingID_2":null,"SiteID":null,"TerminalID":null,"AccessTimeID":null,"CreationDate":1614441600000,"ModifiedBy":"LANDSD","LastAmendmentDate":1655654400000,"Shape__Length":5.0516090687266866}},{"type":"Feature","id":341540,"geometry":{"type":"LineString","coordinates":[[114.17131396552968,22.320992657850461,5.9719000000040978],[114.17137918411437,22.321004049439722,6.0046000000002095]]},"properties":{"OBJECTID":341540,"PedestrianRouteID":240007911,"Location":1,"FeatureType":30,"AliasNameEN":"Sai Yee Street Crossing","AliasNameTC":"洗衣街過路處","CrossingFeature":1,"WeatherProof":2,"WheelchairBarrier":2,"WheelchairAccess":2,"ObstaclesType":null,"Gradient":0.0047829500000000002,"Direction":0,"PositionCertainty":1,"Enabled":1,"DataSource":1,"LevelSource":2,"StreetNameEN":"Sai Yee Street","StreetNameTC":"洗衣街","ST_CODE":11861,"FloorID":null,"BuildingID_1":null,"BuildingID_2":null,"SiteID":null,"TerminalID":null,"AccessTimeID":null,"CreationDate":1614441600000,"ModifiedBy":"LANDSD","LastAmendmentDate":1655654400000,"Shape__Length":6.8367361960137041}},{"type":"Feature","id":341541,"geometry":{"type":"LineString","coordinates":[[114.17138420373416,22.32106347722911,5.9557000000058906],[114.17145026485036,22.321074745098826,5.9193999999988591]]},"properties":{"OBJECTID":341541,"PedestrianRouteID":240007912,"Location":1,"FeatureType":30,"AliasNameEN":"Sai Yee Street Crossing","AliasNameTC":"洗衣街過路處","CrossingFeature":1,"WeatherProof":2,"WheelchairBarrier":2,"WheelchairAccess":2,"ObstaclesType":null,"Gradient":0.0052459300000000002,"Direction":0,"PositionCertainty":1,"Enabled":1,"DataSource":1,"LevelSource":2,"StreetNameEN":"Sai Yee Street","StreetNameTC":"洗衣街","ST_CODE":11861,"FloorID":null,"BuildingID_1":null,"BuildingID_2":null,"SiteID":null,"TerminalID":null,"AccessTimeID":null,"CreationDate":1614441600000,"ModifiedBy":"LANDSD","LastAmendmentDate":1655654400000,"Shape__Length":6.9195819741895139}},{"type":"Feature","id":341542,"geometry":{"type":"LineString","coordinates":[[114.17105107267972,22.321294688597924,6.118400000006659],[114.17104808355107,22.321309749713166,6.1138000000064494]]},"properties":{"OBJECTID":341542,"PedestrianRouteID":240007913,"Location":1,"FeatureType":1,"AliasNameEN":"Mong Kok Road","AliasNameTC":"旺角道","CrossingFeature":null,"WeatherProof":1,"WheelchairBarrier":2,"WheelchairAccess":2,"ObstaclesType":null,"Gradient":0.0027122800000000001,"Direction":0,"PositionCertainty":1,"Enabled":1,"DataSource":1,"LevelSource":2,"StreetNameEN":"Mong Kok Road","StreetNameTC":"旺角道","ST_CODE":11454,"FloorID":null,"BuildingID_1":null,"BuildingID_2":null,"SiteID":null,"TerminalID":null,"AccessTimeID":null,"CreationDate":1614441600000,"ModifiedBy":"LANDSD","LastAmendmentDate":1759420800000,"Shape__Length":1.6959832693794887}},{"type":"Feature","id":341543,"geometry":{"type":"LineString","coordinates":[[114.17116114320879,22.321283676967496,6.1762000000016997],[114.17117448303429,22.321217300773476,6.1435000000055879]]},"properties":{"OBJECTID":341543,"PedestrianRouteID":240007914,"Location":1,"FeatureType":30,"AliasNameEN":"Mong Kok Road Crossing","AliasNameTC":"旺角道過路處","CrossingFeature":1,"WeatherProof":1,"WheelchairBarrier":2,"WheelchairAccess":2,"ObstaclesType":null,"Gradient":0.0043730699999999997,"Direction":0,"PositionCertainty":1,"Enabled":1,"DataSource":1,"LevelSource":2,"StreetNameEN":"Mong Kok Road","StreetNameTC":"旺角道","ST_CODE":11454,"FloorID":null,"BuildingID_1":null,"BuildingID_2":null,"SiteID":null,"TerminalID":null,"AccessTimeID":null,"CreationDate":1614441600000,"ModifiedBy":"LANDSD","LastAmendmentDate":1655654400000,"Shape__Length":7.4775390897414873}},{"type":"Feature","id":341544,"geometry":{"type":"LineString","coordinates":[[114.17112059174464,22.321125331331178,6.1371000000071945],[114.17112742810032,22.321092637214669,6.0605999999970663]]},"properties":{"OBJECTID":341544,"PedestrianRouteID":240007915,"Location":1,"FeatureType":30,"AliasNameEN":"Mong Kok Road Crossing","AliasNameTC":"旺角道過路處","CrossingFeature":1,"WeatherProof":2,"WheelchairBarrier":2,"WheelchairAccess":2,"ObstaclesType":null,"Gradient":0.020738570000000001,"Direction":0,"PositionCertainty":1,"Enabled":1,"DataSource":1,"LevelSource":2,"StreetNameEN":"Mong Kok Road","StreetNameTC":"旺角道","ST_CODE":11454,"FloorID":null,"BuildingID_1":null,"BuildingID_2":null,"SiteID":null,"TerminalID":null,"AccessTimeID":null,"CreationDate":1614441600000,"ModifiedBy":"LANDSD","LastAmendmentDate":1655654400000,"Shape__Length":3.6882507780827827}},{"type":"Feature","id":341545,"geometry":{"type":"LineString","coordinates":[[114.17117448303429,22.321217300773476,6.1435000000055879],[114.17118017679914,22.321188972003611,6.1294999999954598]]},"properties":{"OBJECTID":341545,"PedestrianRouteID":240007916,"Location":1,"FeatureType":30,"AliasNameEN":"Mong Kok Road Crossing","AliasNameTC":"旺角道過路處","CrossingFeature":1,"WeatherProof":1,"WheelchairBarrier":2,"WheelchairAccess":2,"ObstaclesType":null,"Gradient":0.0043868199999999996,"Direction":0,"PositionCertainty":1,"Enabled":1,"DataSource":1,"LevelSource":2,"StreetNameEN":"Mong Kok Road","StreetNameTC":"旺角道","ST_CODE":11454,"FloorID":null,"BuildingID_1":null,"BuildingID_2":null,"SiteID":null,"TerminalID":null,"AccessTimeID":null,"CreationDate":1614441600000,"ModifiedBy":"LANDSD","LastAmendmentDate":1764259200000,"Shape__Length":3.1913557073599828}},{"type":"Feature","id":341546,"geometry":{"type":"LineString","coordinates":[[114.17111709881429,22.321142032385861,6.1762000000016997],[114.17112059174464,22.321125331331178,6.1371000000071945]]},"properties":{"OBJECTID":341546,"PedestrianRouteID":240007917,"Location":1,"FeatureType":30,"AliasNameEN":"Mong Kok Road Crossing","AliasNameTC":"旺角道過路處","CrossingFeature":1,"WeatherProof":1,"WheelchairBarrier":2,"WheelchairAccess":2,"ObstaclesType":null,"Gradient":0.020749920000000002,"Direction":0,"PositionCertainty":1,"Enabled":1,"DataSource":1,"LevelSource":2,"StreetNameEN":"Mong Kok Road","StreetNameTC":"旺角道","ST_CODE":11454,"FloorID":null,"BuildingID_1":null,"BuildingID_2":null,"SiteID":null,"TerminalID":null,"AccessTimeID":null,"CreationDate":1614441600000,"ModifiedBy":"LANDSD","LastAmendmentDate":1764259200000,"Shape__Length":1.884074413423755}},{"type":"Feature","id":341547,"geometry":{"type":"LineString","coordinates":[[114.17072217979275,22.320999045647827,5.8721999999979744],[114.17073868097502,22.321001887293065,5.9372000000003027]]},"properties":{"OBJECTID":341547,"PedestrianRouteID":240007918,"Location":1,"FeatureType":1,"AliasNameEN":"Mong Kok Road","AliasNameTC":"旺角道","CrossingFeature":null,"WeatherProof":1,"WheelchairBarrier":2,"WheelchairAccess":2,"ObstaclesType":null,"Gradient":0.03757709,"Direction":0,"PositionCertainty":1,"Enabled":1,"DataSource":1,"LevelSource":2,"StreetNameEN":"Mong Kok Road","StreetNameTC":"旺角道","ST_CODE":11454,"FloorID":null,"BuildingID_1":null,"BuildingID_2":null,"SiteID":null,"TerminalID":null,"AccessTimeID":null,"CreationDate":1614441600000,"ModifiedBy":"LANDSD","LastAmendmentDate":1655654400000,"Shape__Length":1.7289630328561514}},{"type":"Feature","id":341548,"geometry":{"type":"LineString","coordinates":[[114.17078526398799,22.321009910008932,6.1318000000028405],[114.17078965304491,22.321010666033104,6.1511999999929685]]},"properties":{"OBJECTID":341548,"PedestrianRouteID":240007919,"Location":1,"FeatureType":1,"AliasNameEN":"Mong Kok Road","AliasNameTC":"旺角道","CrossingFeature":null,"WeatherProof":1,"WheelchairBarrier":2,"WheelchairAccess":2,"ObstaclesType":null,"Gradient":0.042159830000000002,"Direction":0,"PositionCertainty":1,"Enabled":1,"DataSource":1,"LevelSource":2,"StreetNameEN":"Mong Kok Road","StreetNameTC":"旺角道","ST_CODE":11454,"FloorID":null,"BuildingID_1":null,"BuildingID_2":null,"SiteID":null,"TerminalID":null,"AccessTimeID":null,"CreationDate":1614441600000,"ModifiedBy":"LANDSD","LastAmendmentDate":1655654400000,"Shape__Length":0.45988099553407091}},{"type":"Feature","id":341549,"geometry":{"type":"LineString","coordinates":[[114.17032739315295,22.320928094989124,5.3677000000025146],[114.17027912913174,22.320919420968,5.3469000000040978]]},"properties":{"OBJECTID":341549,"PedestrianRouteID":240007920,"Location":1,"FeatureType":1,"AliasNameEN":"Mong Kok Road","AliasNameTC":"旺角道","CrossingFeature":null,"WeatherProof":1,"WheelchairBarrier":2,"WheelchairAccess":2,"ObstaclesType":null,"Gradient":0.0041070200000000003,"Direction":0,"PositionCertainty":1,"Enabled":1,"DataSource":1,"LevelSource":2,"StreetNameEN":"Mong Kok Road","StreetNameTC":"旺角道","ST_CODE":11454,"FloorID":null,"BuildingID_1":null,"BuildingID_2":null,"SiteID":null,"TerminalID":null,"AccessTimeID":null,"CreationDate":1614441600000,"ModifiedBy":"LANDSD","LastAmendmentDate":1764259200000,"Shape__Length":5.0644769572514496}},{"type":"Feature","id":341550,"geometry":{"type":"LineString","coordinates":[[114.17028401589928,22.320882960147259,5.649199999999837],[114.170269862628,22.320880349733891,5.4496000000071945]]},"properties":{"OBJECTID":341550,"PedestrianRouteID":240007921,"Location":1,"FeatureType":1,"AliasNameEN":"Tung Choi Street","AliasNameTC":"通菜街","CrossingFeature":null,"WeatherProof":2,"WheelchairBarrier":2,"WheelchairAccess":2,"ObstaclesType":null,"Gradient":0.081501610000000002,"Direction":0,"PositionCertainty":1,"Enabled":1,"DataSource":1,"LevelSource":2,"StreetNameEN":"Tung Choi Street","StreetNameTC":"通菜街","ST_CODE":12513,"FloorID":null,"BuildingID_1":null,"BuildingID_2":null,"SiteID":null,"TerminalID":null,"AccessTimeID":null,"CreationDate":1614441600000,"ModifiedBy":"LANDSD","LastAmendmentDate":1766073600000,"Shape__Length":1.4865625587662474}},{"type":"Feature","id":341551,"geometry":{"type":"LineString","coordinates":[[114.17036365220318,22.320989825958556,5.75350000000617],[114.17037070712966,22.320956819423657,5.661099999997532]]},"properties":{"OBJECTID":341551,"PedestrianRouteID":240007922,"Location":1,"FeatureType":30,"AliasNameEN":"Mong Kok Road Crossing","AliasNameTC":"旺角道過路處","CrossingFeature":1,"WeatherProof":2,"WheelchairBarrier":2,"WheelchairAccess":2,"ObstaclesType":null,"Gradient":0.024790019999999999,"Direction":0,"PositionCertainty":1,"Enabled":1,"DataSource":1,"LevelSource":2,"StreetNameEN":"Mong Kok Road","StreetNameTC":"旺角道","ST_CODE":11454,"FloorID":null,"BuildingID_1":null,"BuildingID_2":null,"SiteID":null,"TerminalID":null,"AccessTimeID":null,"CreationDate":1614441600000,"ModifiedBy":"LANDSD","LastAmendmentDate":1655654400000,"Shape__Length":3.7265423499235819}},{"type":"Feature","id":341552,"geometry":{"type":"LineString","coordinates":[[114.17035804379164,22.321016062315504,5.7673000000067987],[114.17036365220318,22.320989825958556,5.75350000000617]]},"properties":{"OBJECTID":341552,"PedestrianRouteID":240007923,"Location":1,"FeatureType":30,"AliasNameEN":"Mong Kok Road Crossing","AliasNameTC":"旺角道過路處","CrossingFeature":1,"WeatherProof":1,"WheelchairBarrier":2,"WheelchairAccess":2,"ObstaclesType":null,"Gradient":0.0062427300000000002,"Direction":0,"PositionCertainty":1,"Enabled":1,"DataSource":1,"LevelSource":2,"StreetNameEN":"Mong Kok Road","StreetNameTC":"旺角道","ST_CODE":11454,"FloorID":null,"BuildingID_1":null,"BuildingID_2":null,"SiteID":null,"TerminalID":null,"AccessTimeID":null,"CreationDate":1614441600000,"ModifiedBy":"LANDSD","LastAmendmentDate":1764259200000,"Shape__Length":2.9621791612233141}},{"type":"Feature","id":341553,"geometry":{"type":"LineString","coordinates":[[114.17034671628861,22.321069060604604,5.8095000000030268],[114.1703528848665,22.321040199077338,5.7890999999945052]]},"properties":{"OBJECTID":341553,"PedestrianRouteID":240007924,"Location":1,"FeatureType":30,"AliasNameEN":"Mong Kok Road Crossing","AliasNameTC":"旺角道過路處","CrossingFeature":1,"WeatherProof":1,"WheelchairBarrier":2,"WheelchairAccess":2,"ObstaclesType":null,"Gradient":0.0062603700000000003,"Direction":0,"PositionCertainty":1,"Enabled":1,"DataSource":1,"LevelSource":2,"StreetNameEN":"Mong Kok Road","StreetNameTC":"旺角道","ST_CODE":11454,"FloorID":null,"BuildingID_1":null,"BuildingID_2":null,"SiteID":null,"TerminalID":null,"AccessTimeID":null,"CreationDate":1614441600000,"ModifiedBy":"LANDSD","LastAmendmentDate":1764259200000,"Shape__Length":3.2585501627240103}},{"type":"Feature","id":341554,"geometry":{"type":"LineString","coordinates":[[114.17019135486593,22.321171967852447,5.6042000000015832],[114.17020380087898,22.321174253101486,5.5991999999969266]]},"properties":{"OBJECTID":341554,"PedestrianRouteID":240007925,"Location":1,"FeatureType":1,"AliasNameEN":"Tung Choi Street","AliasNameTC":"通菜街","CrossingFeature":null,"WeatherProof":1,"WheelchairBarrier":2,"WheelchairAccess":2,"ObstaclesType":null,"Gradient":0.00382548,"Direction":0,"PositionCertainty":1,"Enabled":1,"DataSource":1,"LevelSource":2,"StreetNameEN":"Tung Choi Street","StreetNameTC":"通菜街","ST_CODE":12513,"FloorID":null,"BuildingID_1":null,"BuildingID_2":null,"SiteID":null,"TerminalID":null,"AccessTimeID":null,"CreationDate":1614441600000,"ModifiedBy":"LANDSD","LastAmendmentDate":1655654400000,"Shape__Length":1.3070203863947041}},{"type":"Feature","id":341555,"geometry":{"type":"LineString","coordinates":[[114.17025071778038,22.321182867488197,5.580100000006496],[114.1702579293448,22.321184191665527,5.5771999999997206]]},"properties":{"OBJECTID":341555,"PedestrianRouteID":240007926,"Location":1,"FeatureType":1,"AliasNameEN":"Tung Choi Street","AliasNameTC":"通菜街","CrossingFeature":null,"WeatherProof":1,"WheelchairBarrier":2,"WheelchairAccess":2,"ObstaclesType":null,"Gradient":0.0038292500000000002,"Direction":0,"PositionCertainty":1,"Enabled":1,"DataSource":1,"LevelSource":2,"StreetNameEN":"Tung Choi Street","StreetNameTC":"通菜街","ST_CODE":12513,"FloorID":null,"BuildingID_1":null,"BuildingID_2":null,"SiteID":null,"TerminalID":null,"AccessTimeID":null,"CreationDate":1614441600000,"ModifiedBy":"LANDSD","LastAmendmentDate":1655654400000,"Shape__Length":0.75732460629314846}},{"type":"Feature","id":341556,"geometry":{"type":"LineString","coordinates":[[114.16969563449814,22.32060293727578,5.2988999999943189],[114.16969271617977,22.32061629249139,5.2841000000044005]]},"properties":{"OBJECTID":341556,"PedestrianRouteID":240007927,"Location":1,"FeatureType":1,"AliasNameEN":"Sai Yeung Choi Street South","AliasNameTC":"西洋菜南街","CrossingFeature":null,"WeatherProof":1,"WheelchairBarrier":2,"WheelchairAccess":2,"ObstaclesType":null,"Gradient":0.0098065900000000004,"Direction":0,"PositionCertainty":1,"Enabled":1,"DataSource":1,"LevelSource":2,"StreetNameEN":"Sai Yeung Choi Street South","StreetNameTC":"西洋菜南街","ST_CODE":11864,"FloorID":null,"BuildingID_1":null,"BuildingID_2":null,"SiteID":null,"TerminalID":null,"AccessTimeID":null,"CreationDate":1614441600000,"ModifiedBy":"LANDSD","LastAmendmentDate":1655654400000,"Shape__Length":1.5091406730901633}},{"type":"Feature","id":341557,"geometry":{"type":"LineString","coordinates":[[114.17080860599634,22.320832273700468,4.9489999999932479],[114.17081291153984,22.320811225354568,5.5380000000004657]]},"properties":{"OBJECTID":341557,"PedestrianRouteID":240007928,"Location":1,"FeatureType":1,"AliasNameEN":"Fa Yuen Street","AliasNameTC":"花園街","CrossingFeature":null,"WeatherProof":1,"WheelchairBarrier":2,"WheelchairAccess":2,"ObstaclesType":null,"Gradient":0.24332987,"Direction":0,"PositionCertainty":1,"Enabled":1,"DataSource":1,"LevelSource":2,"StreetNameEN":"Fa Yuen Street","StreetNameTC":"花園街","ST_CODE":10419,"FloorID":null,"BuildingID_1":null,"BuildingID_2":null,"SiteID":null,"TerminalID":null,"AccessTimeID":null,"CreationDate":1614441600000,"ModifiedBy":"LANDSD","LastAmendmentDate":1655654400000,"Shape__Length":2.3726189944324045}},{"type":"Feature","id":341558,"geometry":{"type":"LineString","coordinates":[[114.17078524659007,22.32082792550386,5.9759999999951106],[114.17078947254176,22.320807002680841,5.985899999999674]]},"properties":{"OBJECTID":341558,"PedestrianRouteID":240007929,"Location":1,"FeatureType":1,"AliasNameEN":"Fa Yuen Street","AliasNameTC":"花園街","CrossingFeature":null,"WeatherProof":1,"WheelchairBarrier":2,"WheelchairAccess":2,"ObstaclesType":null,"Gradient":0.0041994500000000004,"Direction":0,"PositionCertainty":1,"Enabled":1,"DataSource":1,"LevelSource":2,"StreetNameEN":"Fa Yuen Street","StreetNameTC":"花園街","ST_CODE":10419,"FloorID":null,"BuildingID_1":null,"BuildingID_2":null,"SiteID":null,"TerminalID":null,"AccessTimeID":null,"CreationDate":1614441600000,"ModifiedBy":"LANDSD","LastAmendmentDate":1655654400000,"Shape__Length":2.3574375283132953}},{"type":"Feature","id":341559,"geometry":{"type":"LineString","coordinates":[[114.17033427861104,22.320823910219552,5.5498999999981606],[114.17027600791373,22.320851597478132,5.4817999999941094],[114.17027024901422,22.320878540018732,5.4559000000008382]]},"properties":{"OBJECTID":341559,"PedestrianRouteID":240007930,"Location":1,"FeatureType":1,"AliasNameEN":"Tung Choi Street","AliasNameTC":"通菜街","CrossingFeature":null,"WeatherProof":2,"WheelchairBarrier":2,"WheelchairAccess":2,"ObstaclesType":null,"Gradient":0.0083549999999999996,"Direction":0,"PositionCertainty":1,"Enabled":1,"DataSource":1,"LevelSource":2,"StreetNameEN":"Tung Choi Street","StreetNameTC":"通菜街","ST_CODE":12513,"FloorID":null,"BuildingID_1":null,"BuildingID_2":null,"SiteID":null,"TerminalID":null,"AccessTimeID":null,"CreationDate":1614441600000,"ModifiedBy":"LANDSD","LastAmendmentDate":1730995200000,"Shape__Length":9.7829978604204246}},{"type":"Feature","id":341560,"geometry":{"type":"LineString","coordinates":[[114.17035002051924,22.320747667360127,5.5715999999956694],[114.1703381269583,22.320805270327053,5.5552000000025146]]},"properties":{"OBJECTID":341560,"PedestrianRouteID":240007931,"Location":1,"FeatureType":7,"AliasNameEN":"Tung Choi Street RunIn","AliasNameTC":"通菜街車輛出入口","CrossingFeature":null,"WeatherProof":2,"WheelchairBarrier":2,"WheelchairAccess":2,"ObstaclesType":null,"Gradient":0.0025249000000000001,"Direction":0,"PositionCertainty":1,"Enabled":1,"DataSource":1,"LevelSource":2,"StreetNameEN":"Tung Choi Street","StreetNameTC":"通菜街","ST_CODE":12513,"FloorID":null,"BuildingID_1":null,"BuildingID_2":null,"SiteID":null,"TerminalID":null,"AccessTimeID":null,"CreationDate":1614441600000,"ModifiedBy":"LANDSD","LastAmendmentDate":1655654400000,"Shape__Length":6.4952816500546637}},{"type":"Feature","id":341574,"geometry":{"type":"LineString","coordinates":[[114.16765117635597,22.321888270603388,5.0004999999946449],[114.16788716980608,22.321929531019606,5.022899999996298]]},"properties":{"OBJECTID":341574,"PedestrianRouteID":240007947,"Location":1,"FeatureType":1,"AliasNameEN":"Bute Street","AliasNameTC":"弼街","CrossingFeature":null,"WeatherProof":2,"WheelchairBarrier":2,"WheelchairAccess":2,"ObstaclesType":null,"Gradient":0.00090543999999999998,"Direction":0,"PositionCertainty":1,"Enabled":1,"DataSource":1,"LevelSource":2,"StreetNameEN":"Bute Street","StreetNameTC":"弼街","ST_CODE":10100,"FloorID":null,"BuildingID_1":null,"BuildingID_2":null,"SiteID":null,"TerminalID":null,"AccessTimeID":null,"CreationDate":1614441600000,"ModifiedBy":"LANDSD","LastAmendmentDate":1655654400000,"Shape__Length":24.739391970523087}},{"type":"Feature","id":341575,"geometry":{"type":"LineString","coordinates":[[114.16788716980608,22.321929531019606,5.022899999996298],[114.16794620288944,22.321939851715989,5.0393999999942025]]},"properties":{"OBJECTID":341575,"PedestrianRouteID":240007948,"Location":1,"FeatureType":7,"AliasNameEN":"Bute Street RunIn","AliasNameTC":"弼街車輛出入口","CrossingFeature":null,"WeatherProof":2,"WheelchairBarrier":2,"WheelchairAccess":2,"ObstaclesType":null,"Gradient":0.00090490999999999998,"Direction":0,"PositionCertainty":1,"Enabled":1,"DataSource":1,"LevelSource":2,"StreetNameEN":"Bute Street","StreetNameTC":"弼街","ST_CODE":10100,"FloorID":null,"BuildingID_1":null,"BuildingID_2":null,"SiteID":null,"TerminalID":null,"AccessTimeID":null,"CreationDate":1614441600000,"ModifiedBy":"LANDSD","LastAmendmentDate":1689264000000,"Shape__Length":6.1884769259485743}},{"type":"Feature","id":341578,"geometry":{"type":"LineString","coordinates":[[114.16749215721345,22.320670740819768,4.6367000000027474],[114.16767970328347,22.320703279708479,4.7675000000017462]]},"properties":{"OBJECTID":341578,"PedestrianRouteID":240007951,"Location":1,"FeatureType":1,"AliasNameEN":"Mong Kok Road","AliasNameTC":"旺角道","CrossingFeature":null,"WeatherProof":2,"WheelchairBarrier":2,"WheelchairAccess":2,"ObstaclesType":null,"Gradient":0.00665447,"Direction":0,"PositionCertainty":1,"Enabled":1,"DataSource":1,"LevelSource":2,"StreetNameEN":"Mong Kok Road","StreetNameTC":"旺角道","ST_CODE":11454,"FloorID":null,"BuildingID_1":null,"BuildingID_2":null,"SiteID":null,"TerminalID":null,"AccessTimeID":null,"CreationDate":1614441600000,"ModifiedBy":"LANDSD","LastAmendmentDate":1655654400000,"Shape__Length":19.655660860101779}},{"type":"Feature","id":341580,"geometry":{"type":"LineString","coordinates":[[114.1677132588251,22.320542685145359,4.7280999999929918],[114.16772690685259,22.320477371244472,4.724900000001071]]},"properties":{"OBJECTID":341580,"PedestrianRouteID":240007953,"Location":1,"FeatureType":30,"AliasNameEN":"Mong Kok Road Crossing","AliasNameTC":"旺角道過路處","CrossingFeature":1,"WeatherProof":2,"WheelchairBarrier":2,"WheelchairAccess":2,"ObstaclesType":null,"Gradient":0.00043430999999999998,"Direction":0,"PositionCertainty":1,"Enabled":1,"DataSource":1,"LevelSource":2,"StreetNameEN":"Mong Kok Road","StreetNameTC":"旺角道","ST_CODE":11454,"FloorID":null,"BuildingID_1":null,"BuildingID_2":null,"SiteID":null,"TerminalID":null,"AccessTimeID":null,"CreationDate":1614441600000,"ModifiedBy":"LANDSD","LastAmendmentDate":1655654400000,"Shape__Length":7.3679369735682041}},{"type":"Feature","id":341581,"geometry":{"type":"LineString","coordinates":[[114.16770776155082,22.320568995469021,4.7280999999929918],[114.1677132588251,22.320542685145359,4.7280999999929918]]},"properties":{"OBJECTID":341581,"PedestrianRouteID":240007954,"Location":1,"FeatureType":6,"AliasNameEN":"Mong Kok Road Traffic Island","AliasNameTC":"旺角道安全島","CrossingFeature":1,"WeatherProof":2,"WheelchairBarrier":2,"WheelchairAccess":2,"ObstaclesType":null,"Gradient":0,"Direction":0,"PositionCertainty":1,"Enabled":1,"DataSource":1,"LevelSource":2,"StreetNameEN":"Mong Kok Road","StreetNameTC":"旺角道","ST_CODE":11454,"FloorID":null,"BuildingID_1":null,"BuildingID_2":null,"SiteID":null,"TerminalID":null,"AccessTimeID":null,"CreationDate":1614441600000,"ModifiedBy":"LANDSD","LastAmendmentDate":1655654400000,"Shape__Length":2.9680068546162954}},{"type":"Feature","id":341582,"geometry":{"type":"LineString","coordinates":[[114.16949502968566,22.320271112722086,5.042700000005425],[114.16952686713491,22.320276248954684,5.0494000000035157]]},"properties":{"OBJECTID":341582,"PedestrianRouteID":240007955,"Location":1,"FeatureType":1,"AliasNameEN":"Fife Street","AliasNameTC":"快富街","CrossingFeature":null,"WeatherProof":2,"WheelchairBarrier":2,"WheelchairAccess":2,"ObstaclesType":null,"Gradient":0.0020125400000000002,"Direction":0,"PositionCertainty":1,"Enabled":1,"DataSource":1,"LevelSource":12,"StreetNameEN":"Fife Street","StreetNameTC":"快富街","ST_CODE":10485,"FloorID":null,"BuildingID_1":null,"BuildingID_2":null,"SiteID":null,"TerminalID":null,"AccessTimeID":null,"CreationDate":1614441600000,"ModifiedBy":"LANDSD","LastAmendmentDate":1764259200000,"Shape__Length":3.3291166994097572}},{"type":"Feature","id":341583,"geometry":{"type":"LineString","coordinates":[[114.16944490630462,22.32026172043571,4.8473999999987427],[114.16949502968566,22.320271112722086,5.042700000005425]]},"properties":{"OBJECTID":341583,"PedestrianRouteID":240007956,"Location":1,"FeatureType":1,"AliasNameEN":"Fife Street","AliasNameTC":"快富街","CrossingFeature":null,"WeatherProof":1,"WheelchairBarrier":2,"WheelchairAccess":2,"ObstaclesType":null,"Gradient":0.01002275,"Direction":0,"PositionCertainty":1,"Enabled":1,"DataSource":1,"LevelSource":2,"StreetNameEN":"Fife Street","StreetNameTC":"快富街","ST_CODE":10485,"FloorID":null,"BuildingID_1":null,"BuildingID_2":null,"SiteID":null,"TerminalID":null,"AccessTimeID":null,"CreationDate":1614441600000,"ModifiedBy":"LANDSD","LastAmendmentDate":1764259200000,"Shape__Length":5.2678407044559181}},{"type":"Feature","id":341584,"geometry":{"type":"LineString","coordinates":[[114.16949602131922,22.32038873805141,4.9907999999995809],[114.16947118672559,22.320384089782817,4.9777999999932945]]},"properties":{"OBJECTID":341584,"PedestrianRouteID":240007957,"Location":1,"FeatureType":1,"AliasNameEN":"Fife Street","AliasNameTC":"快富街","CrossingFeature":null,"WeatherProof":2,"WheelchairBarrier":2,"WheelchairAccess":2,"ObstaclesType":null,"Gradient":0.0049809299999999997,"Direction":0,"PositionCertainty":1,"Enabled":1,"DataSource":1,"LevelSource":2,"StreetNameEN":"Fife Street","StreetNameTC":"快富街","ST_CODE":10485,"FloorID":null,"BuildingID_1":null,"BuildingID_2":null,"SiteID":null,"TerminalID":null,"AccessTimeID":null,"CreationDate":1614441600000,"ModifiedBy":"LANDSD","LastAmendmentDate":1655654400000,"Shape__Length":2.6099346449642926}},{"type":"Feature","id":341585,"geometry":{"type":"LineString","coordinates":[[114.16947118672559,22.320384089782817,4.9777999999932945],[114.16944715966787,22.320379592358119,4.965200000006007],[114.16942258422611,22.320374991956047,4.9523000000044703]]},"properties":{"OBJECTID":341585,"PedestrianRouteID":240007958,"Location":1,"FeatureType":1,"AliasNameEN":"Fife Street","AliasNameTC":"快富街","CrossingFeature":null,"WeatherProof":1,"WheelchairBarrier":2,"WheelchairAccess":2,"ObstaclesType":null,"Gradient":0.0049923299999999997,"Direction":0,"PositionCertainty":1,"Enabled":1,"DataSource":1,"LevelSource":2,"StreetNameEN":"Fife Street","StreetNameTC":"快富街","ST_CODE":10485,"FloorID":null,"BuildingID_1":null,"BuildingID_2":null,"SiteID":null,"TerminalID":null,"AccessTimeID":null,"CreationDate":1614441600000,"ModifiedBy":"LANDSD","LastAmendmentDate":1764259200000,"Shape__Length":5.1077889631506519}},{"type":"Feature","id":341586,"geometry":{"type":"LineString","coordinates":[[114.17153616181481,22.319915247754636,5.7859999999927823],[114.17157124199221,22.319921509806935,5.7776000000012573]]},"properties":{"OBJECTID":341586,"PedestrianRouteID":240007959,"Location":1,"FeatureType":30,"AliasNameEN":"Sai Yee Street Crossing","AliasNameTC":"洗衣街過路處","CrossingFeature":1,"WeatherProof":2,"WheelchairBarrier":2,"WheelchairAccess":2,"ObstaclesType":null,"Gradient":0.0022824799999999999,"Direction":0,"PositionCertainty":1,"Enabled":1,"DataSource":1,"LevelSource":2,"StreetNameEN":"Sai Yee Street","StreetNameTC":"洗衣街","ST_CODE":11861,"FloorID":null,"BuildingID_1":null,"BuildingID_2":null,"SiteID":null,"TerminalID":null,"AccessTimeID":null,"CreationDate":1614441600000,"ModifiedBy":"LANDSD","LastAmendmentDate":1655654400000,"Shape__Length":3.6801942035712001}},{"type":"Feature","id":341587,"geometry":{"type":"LineString","coordinates":[[114.17157124199221,22.319921509806935,5.7776000000012573],[114.17158971724942,22.319924807474923,5.7731999999959953]]},"properties":{"OBJECTID":341587,"PedestrianRouteID":240007960,"Location":1,"FeatureType":6,"AliasNameEN":"Sai Yee Street Traffic Island","AliasNameTC":"洗衣街安全島","CrossingFeature":1,"WeatherProof":2,"WheelchairBarrier":2,"WheelchairAccess":2,"ObstaclesType":null,"Gradient":0.0022701499999999999,"Direction":0,"PositionCertainty":1,"Enabled":1,"DataSource":1,"LevelSource":2,"StreetNameEN":"Sai Yee Street","StreetNameTC":"洗衣街","ST_CODE":11861,"FloorID":null,"BuildingID_1":null,"BuildingID_2":null,"SiteID":null,"TerminalID":null,"AccessTimeID":null,"CreationDate":1614441600000,"ModifiedBy":"LANDSD","LastAmendmentDate":1655654400000,"Shape__Length":1.9381976834409589}},{"type":"Feature","id":341588,"geometry":{"type":"LineString","coordinates":[[114.17146489843616,22.319812436615955,5.7559000000037486],[114.17148200450794,22.319730188337061,5.8294000000023516]]},"properties":{"OBJECTID":341588,"PedestrianRouteID":240007961,"Location":1,"FeatureType":30,"AliasNameEN":"Argyle Street Crossing","AliasNameTC":"亞皆老街過路處","CrossingFeature":1,"WeatherProof":2,"WheelchairBarrier":2,"WheelchairAccess":2,"ObstaclesType":null,"Gradient":0.00792292,"Direction":0,"PositionCertainty":1,"Enabled":1,"DataSource":1,"LevelSource":2,"StreetNameEN":"Argyle Street","StreetNameTC":"亞皆老街","ST_CODE":10027,"FloorID":null,"BuildingID_1":null,"BuildingID_2":null,"SiteID":null,"TerminalID":null,"AccessTimeID":null,"CreationDate":1614441600000,"ModifiedBy":"LANDSD","LastAmendmentDate":1655654400000,"Shape__Length":9.2766921496365686}},{"type":"Feature","id":341589,"geometry":{"type":"LineString","coordinates":[[114.17148200450794,22.319730188337061,5.8294000000023516],[114.17148608080002,22.319710589373187,5.8469000000040978]]},"properties":{"OBJECTID":341589,"PedestrianRouteID":240007962,"Location":1,"FeatureType":6,"AliasNameEN":"Argyle Street Traffic Island","AliasNameTC":"亞皆老街安全島","CrossingFeature":1,"WeatherProof":2,"WheelchairBarrier":2,"WheelchairAccess":2,"ObstaclesType":null,"Gradient":0.0079164300000000003,"Direction":0,"PositionCertainty":1,"Enabled":1,"DataSource":1,"LevelSource":2,"StreetNameEN":"Argyle Street","StreetNameTC":"亞皆老街","ST_CODE":10027,"FloorID":null,"BuildingID_1":null,"BuildingID_2":null,"SiteID":null,"TerminalID":null,"AccessTimeID":null,"CreationDate":1614441600000,"ModifiedBy":"LANDSD","LastAmendmentDate":1655654400000,"Shape__Length":2.2105470131948413}},{"type":"Feature","id":341599,"geometry":{"type":"LineString","coordinates":[[114.171339285402,22.318719603137808,5.3429999999934807],[114.17131827394101,22.318820551835426,5.3862999999983003]]},"properties":{"OBJECTID":341599,"PedestrianRouteID":240007972,"Location":1,"FeatureType":1,"AliasNameEN":"Fa Yuen Street","AliasNameTC":"花園街","CrossingFeature":null,"WeatherProof":2,"WheelchairBarrier":2,"WheelchairAccess":2,"ObstaclesType":null,"Gradient":0.00259085,"Direction":0,"PositionCertainty":1,"Enabled":1,"DataSource":1,"LevelSource":2,"StreetNameEN":"Fa Yuen Street","StreetNameTC":"花園街","ST_CODE":10419,"FloorID":null,"BuildingID_1":null,"BuildingID_2":null,"SiteID":null,"TerminalID":null,"AccessTimeID":null,"CreationDate":1614441600000,"ModifiedBy":"LANDSD","LastAmendmentDate":1689264000000,"Shape__Length":11.386207679706436}},{"type":"Feature","id":341600,"geometry":{"type":"LineString","coordinates":[[114.17131827394101,22.318820551835426,5.3862999999983003],[114.17131376274429,22.318842222400928,5.392600000006496]]},"properties":{"OBJECTID":341600,"PedestrianRouteID":240007973,"Location":1,"FeatureType":7,"AliasNameEN":"Fa Yuen Street RunIn","AliasNameTC":"花園街車輛出入口","CrossingFeature":null,"WeatherProof":2,"WheelchairBarrier":2,"WheelchairAccess":2,"ObstaclesType":null,"Gradient":0.0025774399999999999,"Direction":0,"PositionCertainty":1,"Enabled":1,"DataSource":1,"LevelSource":2,"StreetNameEN":"Fa Yuen Street","StreetNameTC":"花園街","ST_CODE":10419,"FloorID":null,"BuildingID_1":null,"BuildingID_2":null,"SiteID":null,"TerminalID":null,"AccessTimeID":null,"CreationDate":1614441600000,"ModifiedBy":"LANDSD","LastAmendmentDate":1655654400000,"Shape__Length":2.4442802999183488}},{"type":"Feature","id":341601,"geometry":{"type":"LineString","coordinates":[[114.16983101512442,22.319520096431525,5.0065000000031432],[114.16981237205015,22.319516764239498,4.877200000002631]]},"properties":{"OBJECTID":341601,"PedestrianRouteID":240007974,"Location":1,"FeatureType":1,"AliasNameEN":"Argyle Street","AliasNameTC":"亞皆老街","CrossingFeature":null,"WeatherProof":1,"WheelchairBarrier":2,"WheelchairAccess":2,"ObstaclesType":null,"Gradient":0,"Direction":0,"PositionCertainty":1,"Enabled":1,"DataSource":1,"LevelSource":2,"StreetNameEN":"Argyle Street","StreetNameTC":"亞皆老街","ST_CODE":10027,"FloorID":null,"BuildingID_1":null,"BuildingID_2":null,"SiteID":null,"TerminalID":null,"AccessTimeID":null,"CreationDate":1614441600000,"ModifiedBy":"LANDSD","LastAmendmentDate":1764432000000,"Shape__Length":1.9559038441269527}},{"type":"Feature","id":341602,"geometry":{"type":"LineString","coordinates":[[114.16983101512442,22.319520096431525,5.0065000000031432],[114.1698428689288,22.319522215520184,5.103000000002794]]},"properties":{"OBJECTID":341602,"PedestrianRouteID":240007975,"Location":1,"FeatureType":1,"AliasNameEN":"Argyle Street","AliasNameTC":"亞皆老街","CrossingFeature":null,"WeatherProof":1,"WheelchairBarrier":2,"WheelchairAccess":2,"ObstaclesType":null,"Gradient":0.050181990000000003,"Direction":0,"PositionCertainty":1,"Enabled":1,"DataSource":1,"LevelSource":12,"StreetNameEN":"Argyle Street","StreetNameTC":"亞皆老街","ST_CODE":10027,"FloorID":null,"BuildingID_1":null,"BuildingID_2":null,"SiteID":null,"TerminalID":null,"AccessTimeID":null,"CreationDate":1614441600000,"ModifiedBy":"LANDSD","LastAmendmentDate":1764432000000,"Shape__Length":1.2436280998886364}},{"type":"Feature","id":341603,"geometry":{"type":"LineString","coordinates":[[114.16989823306488,22.319556032956665,4.9418000000005122],[114.16993539014442,22.319562593461516,4.9548000000067987]]},"properties":{"OBJECTID":341603,"PedestrianRouteID":240007976,"Location":1,"FeatureType":30,"AliasNameEN":"Sai Yeung Choi Street South Crossing","AliasNameTC":"西洋菜南街過路處","CrossingFeature":1,"WeatherProof":2,"WheelchairBarrier":2,"WheelchairAccess":2,"ObstaclesType":null,"Gradient":0.0033362399999999999,"Direction":0,"PositionCertainty":1,"Enabled":1,"DataSource":1,"LevelSource":2,"StreetNameEN":"Sai Yeung Choi Street South","StreetNameTC":"西洋菜南街","ST_CODE":11864,"FloorID":null,"BuildingID_1":null,"BuildingID_2":null,"SiteID":null,"TerminalID":null,"AccessTimeID":null,"CreationDate":1614441600000,"ModifiedBy":"LANDSD","LastAmendmentDate":1655654400000,"Shape__Length":3.8965872991947625}},{"type":"Feature","id":341604,"geometry":{"type":"LineString","coordinates":[[114.16993539014442,22.319562593461516,4.9548000000067987],[114.16995349358184,22.31956578925455,4.9611000000004424]]},"properties":{"OBJECTID":341604,"PedestrianRouteID":240007977,"Location":1,"FeatureType":6,"AliasNameEN":"Sai Yeung Choi Street South Traffic Island","AliasNameTC":"西洋菜南街安全島","CrossingFeature":1,"WeatherProof":2,"WheelchairBarrier":2,"WheelchairAccess":2,"ObstaclesType":null,"Gradient":0.00331847,"Direction":0,"PositionCertainty":1,"Enabled":1,"DataSource":1,"LevelSource":2,"StreetNameEN":"Sai Yeung Choi Street South","StreetNameTC":"西洋菜南街","ST_CODE":11864,"FloorID":null,"BuildingID_1":null,"BuildingID_2":null,"SiteID":null,"TerminalID":null,"AccessTimeID":null,"CreationDate":1614441600000,"ModifiedBy":"LANDSD","LastAmendmentDate":1655654400000,"Shape__Length":1.8984587116940839}},{"type":"Feature","id":341605,"geometry":{"type":"LineString","coordinates":[[114.1700774375682,22.319554164864556,5.0715000000054715],[114.17009150951154,22.319489048543986,5.077000000004773]]},"properties":{"OBJECTID":341605,"PedestrianRouteID":240007978,"Location":1,"FeatureType":30,"AliasNameEN":"Argyle Street Crossing","AliasNameTC":"亞皆老街過路處","CrossingFeature":1,"WeatherProof":2,"WheelchairBarrier":2,"WheelchairAccess":2,"ObstaclesType":null,"Gradient":0.00074779999999999996,"Direction":0,"PositionCertainty":1,"Enabled":1,"DataSource":1,"LevelSource":2,"StreetNameEN":"Argyle Street","StreetNameTC":"亞皆老街","ST_CODE":10027,"FloorID":null,"BuildingID_1":null,"BuildingID_2":null,"SiteID":null,"TerminalID":null,"AccessTimeID":null,"CreationDate":1614441600000,"ModifiedBy":"LANDSD","LastAmendmentDate":1655654400000,"Shape__Length":7.3549469585381377}},{"type":"Feature","id":341606,"geometry":{"type":"LineString","coordinates":[[114.17009150951154,22.319489048543986,5.077000000004773],[114.17009532189425,22.319471409242535,5.0785000000032596]]},"properties":{"OBJECTID":341606,"PedestrianRouteID":240007979,"Location":1,"FeatureType":6,"AliasNameEN":"Argyle Street Traffic Island","AliasNameTC":"亞皆老街安全島","CrossingFeature":1,"WeatherProof":2,"WheelchairBarrier":2,"WheelchairAccess":2,"ObstaclesType":null,"Gradient":0.00075286999999999999,"Direction":0,"PositionCertainty":1,"Enabled":1,"DataSource":1,"LevelSource":2,"StreetNameEN":"Argyle Street","StreetNameTC":"亞皆老街","ST_CODE":10027,"FloorID":null,"BuildingID_1":null,"BuildingID_2":null,"SiteID":null,"TerminalID":null,"AccessTimeID":null,"CreationDate":1614441600000,"ModifiedBy":"LANDSD","LastAmendmentDate":1655654400000,"Shape__Length":1.9923840435044597}},{"type":"Feature","id":341607,"geometry":{"type":"LineString","coordinates":[[114.16938863211266,22.319155898143649,4.7707999999984168],[114.16940635306865,22.319159131908844,4.7740000000048894]]},"properties":{"OBJECTID":341607,"PedestrianRouteID":240007980,"Location":1,"FeatureType":6,"AliasNameEN":"Mong Kok Station Traffic Island","AliasNameTC":"旺角站安全島","CrossingFeature":1,"WeatherProof":2,"WheelchairBarrier":2,"WheelchairAccess":2,"ObstaclesType":null,"Gradient":0.0017198999999999999,"Direction":0,"PositionCertainty":1,"Enabled":1,"DataSource":1,"LevelSource":2,"StreetNameEN":"Nathan Road","StreetNameTC":"彌敦道","ST_CODE":11504,"FloorID":null,"BuildingID_1":null,"BuildingID_2":null,"SiteID":null,"TerminalID":1511000291,"AccessTimeID":null,"CreationDate":1614441600000,"ModifiedBy":"LANDSD","LastAmendmentDate":1655654400000,"Shape__Length":1.8605670206840215}},{"type":"Feature","id":341610,"geometry":{"type":"LineString","coordinates":[[114.16761635282653,22.317952708774097,4.0341999999945983],[114.16764112482588,22.317957128850374,4.0464000000065425]]},"properties":{"OBJECTID":341610,"PedestrianRouteID":240007983,"Location":1,"FeatureType":1,"AliasNameEN":"Nelson Street","AliasNameTC":"奶路臣街","CrossingFeature":null,"WeatherProof":2,"WheelchairBarrier":2,"WheelchairAccess":2,"ObstaclesType":null,"Gradient":0.00469448,"Direction":0,"PositionCertainty":1,"Enabled":1,"DataSource":1,"LevelSource":2,"StreetNameEN":"Nelson Street","StreetNameTC":"奶路臣街","ST_CODE":11506,"FloorID":null,"BuildingID_1":null,"BuildingID_2":null,"SiteID":null,"TerminalID":null,"AccessTimeID":null,"CreationDate":1614441600000,"ModifiedBy":"LANDSD","LastAmendmentDate":1655654400000,"Shape__Length":2.5987785164728492}},{"type":"Feature","id":341612,"geometry":{"type":"LineString","coordinates":[[114.16834766627701,22.318458294068204,4.1759000000020023],[114.16835477209671,22.318424029651563,4.1677999999956228],[114.16834442446148,22.318394793460651,4.2229999999981374],[114.16835038652604,22.318367118609622,4.2321999999985565]]},"properties":{"OBJECTID":341612,"PedestrianRouteID":240007985,"Location":1,"FeatureType":1,"AliasNameEN":"Shanghai Street","AliasNameTC":"上海街","CrossingFeature":null,"WeatherProof":1,"WheelchairBarrier":2,"WheelchairAccess":2,"ObstaclesType":null,"Gradient":0.0054143200000000002,"Direction":0,"PositionCertainty":1,"Enabled":1,"DataSource":1,"LevelSource":2,"StreetNameEN":"Shanghai Street","StreetNameTC":"上海街","ST_CODE":11984,"FloorID":null,"BuildingID_1":null,"BuildingID_2":null,"SiteID":null,"TerminalID":null,"AccessTimeID":null,"CreationDate":1614441600000,"ModifiedBy":"LANDSD","LastAmendmentDate":1764259200000,"Shape__Length":10.398250479633898}},{"type":"Feature","id":341613,"geometry":{"type":"LineString","coordinates":[[114.16837509397153,22.318252440366713,4.2704999999987194],[114.16839405000803,22.318164458969495,4.2035999999934575]]},"properties":{"OBJECTID":341613,"PedestrianRouteID":240007986,"Location":1,"FeatureType":1,"AliasNameEN":"Shanghai Street","AliasNameTC":"上海街","CrossingFeature":null,"WeatherProof":1,"WheelchairBarrier":2,"WheelchairAccess":2,"ObstaclesType":null,"Gradient":0.0067327000000000003,"Direction":0,"PositionCertainty":1,"Enabled":1,"DataSource":1,"LevelSource":2,"StreetNameEN":"Shanghai Street","StreetNameTC":"上海街","ST_CODE":11984,"FloorID":null,"BuildingID_1":null,"BuildingID_2":null,"SiteID":null,"TerminalID":null,"AccessTimeID":null,"CreationDate":1614441600000,"ModifiedBy":"LANDSD","LastAmendmentDate":1764259200000,"Shape__Length":9.9364208611501734}},{"type":"Feature","id":341614,"geometry":{"type":"LineString","coordinates":[[114.16818080809932,22.318428498737703,4.3763999999937369],[114.16819908389151,22.318340624793024,4.3748000000050524]]},"properties":{"OBJECTID":341614,"PedestrianRouteID":240007987,"Location":1,"FeatureType":1,"AliasNameEN":"Shanghai Street","AliasNameTC":"上海街","CrossingFeature":null,"WeatherProof":1,"WheelchairBarrier":2,"WheelchairAccess":2,"ObstaclesType":null,"Gradient":0.00016143,"Direction":0,"PositionCertainty":1,"Enabled":1,"DataSource":1,"LevelSource":2,"StreetNameEN":"Shanghai Street","StreetNameTC":"上海街","ST_CODE":11984,"FloorID":null,"BuildingID_1":null,"BuildingID_2":null,"SiteID":null,"TerminalID":null,"AccessTimeID":null,"CreationDate":1614441600000,"ModifiedBy":"LANDSD","LastAmendmentDate":1764259200000,"Shape__Length":9.9112006546511466}},{"type":"Feature","id":341615,"geometry":{"type":"LineString","coordinates":[[114.16798173884452,22.317908809723608,4.2949999999982538],[114.1679753028516,22.317940113030222,4.3009000000020023]]},"properties":{"OBJECTID":341615,"PedestrianRouteID":240007988,"Location":1,"FeatureType":7,"AliasNameEN":"Reclamation Street RunIn","AliasNameTC":"新填地街車輛出入口","CrossingFeature":null,"WeatherProof":2,"WheelchairBarrier":2,"WheelchairAccess":2,"ObstaclesType":null,"Gradient":0.00161908,"Direction":0,"PositionCertainty":1,"Enabled":1,"DataSource":1,"LevelSource":2,"StreetNameEN":"Reclamation Street","StreetNameTC":"新填地街","ST_CODE":11810,"FloorID":null,"BuildingID_1":null,"BuildingID_2":null,"SiteID":null,"TerminalID":null,"AccessTimeID":null,"CreationDate":1614441600000,"ModifiedBy":"LANDSD","LastAmendmentDate":1707235200000,"Shape__Length":3.5292159721595162}},{"type":"Feature","id":341616,"geometry":{"type":"LineString","coordinates":[[114.16792286865166,22.318340811237544,4.3264000000053784],[114.16798625740695,22.318055219409569,4.3343000000022585],[114.16800142263672,22.318042985584736,4.3317999999999302],[114.16801081233149,22.318039303418704,4.3298999999969965]]},"properties":{"OBJECTID":341616,"PedestrianRouteID":240007989,"Location":2,"FeatureType":1,"AliasNameEN":"Minibus Terminus Under","AliasNameTC":"下層小巴總站","CrossingFeature":null,"WeatherProof":1,"WheelchairBarrier":2,"WheelchairAccess":2,"ObstaclesType":null,"Gradient":9.8839999999999996e-05,"Direction":0,"PositionCertainty":1,"Enabled":1,"DataSource":1,"LevelSource":2,"StreetNameEN":null,"StreetNameTC":null,"ST_CODE":null,"FloorID":290000078,"BuildingID_1":1108246362,"BuildingID_2":null,"SiteID":1503005285,"TerminalID":null,"AccessTimeID":290000475,"CreationDate":1614441600000,"ModifiedBy":"LANDSD","LastAmendmentDate":1689609600000,"Shape__Length":35.410068116508938}},{"type":"Feature","id":341617,"geometry":{"type":"LineString","coordinates":[[114.16790850545367,22.318408407164306,4.3071000000054482],[114.16792286865166,22.318340811237544,4.3264000000053784]]},"properties":{"OBJECTID":341617,"PedestrianRouteID":240007990,"Location":2,"FeatureType":1,"AliasNameEN":"Minibus Terminus Under","AliasNameTC":"下層小巴總站","CrossingFeature":null,"WeatherProof":1,"WheelchairBarrier":2,"WheelchairAccess":2,"ObstaclesType":null,"Gradient":0.0025294499999999999,"Direction":0,"PositionCertainty":1,"Enabled":1,"DataSource":1,"LevelSource":2,"StreetNameEN":null,"StreetNameTC":null,"ST_CODE":null,"FloorID":290000078,"BuildingID_1":1108246362,"BuildingID_2":null,"SiteID":null,"TerminalID":null,"AccessTimeID":290000475,"CreationDate":1614441600000,"ModifiedBy":"LANDSD","LastAmendmentDate":1689609600000,"Shape__Length":7.6300943939219819}},{"type":"Feature","id":341626,"geometry":{"type":"LineString","coordinates":[[114.17112696397177,22.318015425187131,5.3500000000058208],[114.17132887580451,22.318050811328575,5.5271999999968102]]},"properties":{"OBJECTID":341626,"PedestrianRouteID":240007999,"Location":1,"FeatureType":5,"AliasNameEN":"Lane beside  ","AliasNameTC":" 旁的小巷","CrossingFeature":null,"WeatherProof":2,"WheelchairBarrier":1,"WheelchairAccess":2,"ObstaclesType":null,"Gradient":0.0083705800000000007,"Direction":0,"PositionCertainty":1,"Enabled":1,"DataSource":1,"LevelSource":2,"StreetNameEN":null,"StreetNameTC":null,"ST_CODE":800560,"FloorID":null,"BuildingID_1":null,"BuildingID_2":null,"SiteID":null,"TerminalID":null,"AccessTimeID":null,"CreationDate":1614441600000,"ModifiedBy":"LANDSD","LastAmendmentDate":1676390400000,"Shape__Length":21.168880545022088}},{"type":"Feature","id":341628,"geometry":{"type":"LineString","coordinates":[[114.16976162991008,22.319097962797674,4.985499999995227],[114.16983722304617,22.319111388248356,5.0362000000022817]]},"properties":{"OBJECTID":341628,"PedestrianRouteID":240008001,"Location":1,"FeatureType":5,"AliasNameEN":"Lane between   and  ","AliasNameTC":" 與 之間的小巷","CrossingFeature":null,"WeatherProof":2,"WheelchairBarrier":1,"WheelchairAccess":2,"ObstaclesType":null,"Gradient":0.0063891699999999996,"Direction":0,"PositionCertainty":1,"Enabled":1,"DataSource":1,"LevelSource":2,"StreetNameEN":"Sai Yeung Choi Street South","StreetNameTC":"西洋菜南街","ST_CODE":11864,"FloorID":null,"BuildingID_1":null,"BuildingID_2":1108246331,"SiteID":null,"TerminalID":null,"AccessTimeID":null,"CreationDate":1614441600000,"ModifiedBy":"LANDSD","LastAmendmentDate":1709481600000,"Shape__Length":7.9289508922766032}},{"type":"Feature","id":341629,"geometry":{"type":"LineString","coordinates":[[114.16794315697241,22.318784025839463,4.4317000000010012],[114.16780688639308,22.31875921397809,4.5720000000001164]]},"properties":{"OBJECTID":341629,"PedestrianRouteID":240008002,"Location":1,"FeatureType":5,"AliasNameEN":"Lane between New Asia Building and  ","AliasNameTC":"新亞大樓與 之間的小巷","CrossingFeature":null,"WeatherProof":2,"WheelchairBarrier":1,"WheelchairAccess":2,"ObstaclesType":null,"Gradient":0.0098065900000000004,"Direction":0,"PositionCertainty":1,"Enabled":1,"DataSource":1,"LevelSource":2,"StreetNameEN":"","StreetNameTC":"","ST_CODE":50678,"FloorID":null,"BuildingID_1":null,"BuildingID_2":1108246362,"SiteID":null,"TerminalID":null,"AccessTimeID":null,"CreationDate":1614441600000,"ModifiedBy":"LANDSD","LastAmendmentDate":1676390400000,"Shape__Length":14.306249295198732}},{"type":"Feature","id":341631,"geometry":{"type":"LineString","coordinates":[[114.17069858673841,22.320077035646946,5.672999999995227],[114.17090208925185,22.320114342275911,5.5344999999942956]]},"properties":{"OBJECTID":341631,"PedestrianRouteID":240008004,"Location":1,"FeatureType":5,"AliasNameEN":"Lane between Sincere House and Lee Hing Building","AliasNameTC":"先施大廈與利興大樓之間的小巷","CrossingFeature":null,"WeatherProof":2,"WheelchairBarrier":1,"WheelchairAccess":2,"ObstaclesType":null,"Gradient":0.0064810299999999996,"Direction":0,"PositionCertainty":1,"Enabled":1,"DataSource":1,"LevelSource":2,"StreetNameEN":null,"StreetNameTC":null,"ST_CODE":800539,"FloorID":null,"BuildingID_1":null,"BuildingID_2":1108233954,"SiteID":null,"TerminalID":null,"AccessTimeID":null,"CreationDate":1614441600000,"ModifiedBy":"LANDSD","LastAmendmentDate":1676390400000,"Shape__Length":21.36974684724299}},{"type":"Feature","id":341635,"geometry":{"type":"LineString","coordinates":[[114.17066465127319,22.317631524850185,5.4207000000023982],[114.17063393542846,22.317625909357641,5.4192999999941094]]},"properties":{"OBJECTID":341635,"PedestrianRouteID":240008008,"Location":1,"FeatureType":1,"AliasNameEN":"Shantung Street","AliasNameTC":"山東街","CrossingFeature":null,"WeatherProof":2,"WheelchairBarrier":2,"WheelchairAccess":2,"ObstaclesType":null,"Gradient":0.00043407999999999999,"Direction":0,"PositionCertainty":1,"Enabled":1,"DataSource":1,"LevelSource":2,"StreetNameEN":"Shantung Street","StreetNameTC":"山東街","ST_CODE":11986,"FloorID":null,"BuildingID_1":null,"BuildingID_2":null,"SiteID":null,"TerminalID":null,"AccessTimeID":null,"CreationDate":1614441600000,"ModifiedBy":"LANDSD","LastAmendmentDate":1655654400000,"Shape__Length":3.2251878980284072}},{"type":"Feature","id":341636,"geometry":{"type":"LineString","coordinates":[[114.17071471266047,22.317640676546091,5.4229000000050291],[114.17066465127319,22.317631524850185,5.4207000000023982]]},"properties":{"OBJECTID":341636,"PedestrianRouteID":240008009,"Location":1,"FeatureType":1,"AliasNameEN":"Shantung Street","AliasNameTC":"山東街","CrossingFeature":null,"WeatherProof":3,"WheelchairBarrier":2,"WheelchairAccess":2,"ObstaclesType":null,"Gradient":0.00041853000000000002,"Direction":0,"PositionCertainty":1,"Enabled":1,"DataSource":1,"LevelSource":2,"StreetNameEN":"Shantung Street","StreetNameTC":"山東街","ST_CODE":11986,"FloorID":null,"BuildingID_1":null,"BuildingID_2":null,"SiteID":null,"TerminalID":null,"AccessTimeID":null,"CreationDate":1614441600000,"ModifiedBy":"LANDSD","LastAmendmentDate":1655654400000,"Shape__Length":5.2564728335417881}},{"type":"Feature","id":341637,"geometry":{"type":"LineString","coordinates":[[114.17063393542846,22.317625909357641,5.4192999999941094],[114.17061063867459,22.317621650539579,5.4073000000062166]]},"properties":{"OBJECTID":341637,"PedestrianRouteID":240008010,"Location":1,"FeatureType":1,"AliasNameEN":"Shantung Street","AliasNameTC":"山東街","CrossingFeature":null,"WeatherProof":2,"WheelchairBarrier":2,"WheelchairAccess":2,"ObstaclesType":null,"Gradient":0.0049055899999999996,"Direction":0,"PositionCertainty":1,"Enabled":1,"DataSource":1,"LevelSource":2,"StreetNameEN":"Shantung Street","StreetNameTC":"山東街","ST_CODE":11986,"FloorID":null,"BuildingID_1":null,"BuildingID_2":null,"SiteID":null,"TerminalID":null,"AccessTimeID":null,"CreationDate":1614441600000,"ModifiedBy":"LANDSD","LastAmendmentDate":1655654400000,"Shape__Length":2.4461709546407078}},{"type":"Feature","id":341638,"geometry":{"type":"LineString","coordinates":[[114.17061063867459,22.317621650539579,5.4073000000062166],[114.17055899720225,22.317612208868258,5.3806999999942491]]},"properties":{"OBJECTID":341638,"PedestrianRouteID":240008011,"Location":1,"FeatureType":1,"AliasNameEN":"Shantung Street","AliasNameTC":"山東街","CrossingFeature":null,"WeatherProof":3,"WheelchairBarrier":2,"WheelchairAccess":2,"ObstaclesType":null,"Gradient":0.00490553,"Direction":0,"PositionCertainty":1,"Enabled":1,"DataSource":1,"LevelSource":2,"StreetNameEN":"Shantung Street","StreetNameTC":"山東街","ST_CODE":11986,"FloorID":null,"BuildingID_1":null,"BuildingID_2":null,"SiteID":null,"TerminalID":null,"AccessTimeID":null,"CreationDate":1614441600000,"ModifiedBy":"LANDSD","LastAmendmentDate":1655654400000,"Shape__Length":5.4224072682804829}},{"type":"Feature","id":341639,"geometry":{"type":"LineString","coordinates":[[114.17055899720225,22.317612208868258,5.3806999999942491],[114.17051511355456,22.317604186189492,5.3580999999976484]]},"properties":{"OBJECTID":341639,"PedestrianRouteID":240008012,"Location":1,"FeatureType":1,"AliasNameEN":"Shantung Street","AliasNameTC":"山東街","CrossingFeature":null,"WeatherProof":2,"WheelchairBarrier":2,"WheelchairAccess":2,"ObstaclesType":null,"Gradient":0.0049046699999999999,"Direction":0,"PositionCertainty":1,"Enabled":1,"DataSource":1,"LevelSource":2,"StreetNameEN":"Shantung Street","StreetNameTC":"山東街","ST_CODE":11986,"FloorID":null,"BuildingID_1":null,"BuildingID_2":null,"SiteID":null,"TerminalID":null,"AccessTimeID":null,"CreationDate":1614441600000,"ModifiedBy":"LANDSD","LastAmendmentDate":1655654400000,"Shape__Length":4.60781479658091}},{"type":"Feature","id":341641,"geometry":{"type":"LineString","coordinates":[[114.1699401613228,22.317492005480734,4.761899999997695],[114.16989451031596,22.317483969915962,4.7424999999930151]]},"properties":{"OBJECTID":341641,"PedestrianRouteID":240008014,"Location":1,"FeatureType":1,"AliasNameEN":"Shantung Street","AliasNameTC":"山東街","CrossingFeature":null,"WeatherProof":3,"WheelchairBarrier":2,"WheelchairAccess":2,"ObstaclesType":null,"Gradient":0.0040527100000000002,"Direction":0,"PositionCertainty":1,"Enabled":1,"DataSource":1,"LevelSource":2,"StreetNameEN":"Shantung Street","StreetNameTC":"山東街","ST_CODE":11986,"FloorID":null,"BuildingID_1":null,"BuildingID_2":null,"SiteID":null,"TerminalID":null,"AccessTimeID":null,"CreationDate":1614441600000,"ModifiedBy":"LANDSD","LastAmendmentDate":1655654400000,"Shape__Length":4.786888385021884}},{"type":"Feature","id":341642,"geometry":{"type":"LineString","coordinates":[[114.1698731489271,22.317480209563605,4.8977000000013504],[114.16988395507235,22.317428085423586,4.8632999999972526]]},"properties":{"OBJECTID":341642,"PedestrianRouteID":240008015,"Location":1,"FeatureType":1,"AliasNameEN":"Nathan Road","AliasNameTC":"彌敦道","CrossingFeature":null,"WeatherProof":3,"WheelchairBarrier":2,"WheelchairAccess":2,"ObstaclesType":null,"Gradient":0.00585192,"Direction":0,"PositionCertainty":1,"Enabled":1,"DataSource":1,"LevelSource":12,"StreetNameEN":"Nathan Road","StreetNameTC":"彌敦道","ST_CODE":11504,"FloorID":null,"BuildingID_1":null,"BuildingID_2":null,"SiteID":null,"TerminalID":null,"AccessTimeID":null,"CreationDate":1614441600000,"ModifiedBy":"LANDSD","LastAmendmentDate":1689264000000,"Shape__Length":5.8783480341067573}},{"type":"Feature","id":341643,"geometry":{"type":"LineString","coordinates":[[114.16790910183884,22.318951237174431,4.605200000005425],[114.16789384719057,22.31894850277337,4.6027999999932945]]},"properties":{"OBJECTID":341643,"PedestrianRouteID":240008016,"Location":1,"FeatureType":1,"AliasNameEN":"Argyle Street","AliasNameTC":"亞皆老街","CrossingFeature":null,"WeatherProof":2,"WheelchairBarrier":2,"WheelchairAccess":2,"ObstaclesType":null,"Gradient":0.00149945,"Direction":0,"PositionCertainty":1,"Enabled":1,"DataSource":1,"LevelSource":2,"StreetNameEN":"Argyle Street","StreetNameTC":"亞皆老街","ST_CODE":10027,"FloorID":null,"BuildingID_1":null,"BuildingID_2":null,"SiteID":null,"TerminalID":null,"AccessTimeID":null,"CreationDate":1614441600000,"ModifiedBy":"LANDSD","LastAmendmentDate":1655654400000,"Shape__Length":1.6005836999580332}},{"type":"Feature","id":341644,"geometry":{"type":"LineString","coordinates":[[114.16792348684561,22.318953815297011,4.6284000000014203],[114.16790910183884,22.318951237174431,4.605200000005425]]},"properties":{"OBJECTID":341644,"PedestrianRouteID":240008017,"Location":1,"FeatureType":1,"AliasNameEN":"Argyle Street","AliasNameTC":"亞皆老街","CrossingFeature":null,"WeatherProof":2,"WheelchairBarrier":2,"WheelchairAccess":2,"ObstaclesType":null,"Gradient":0.015369860000000001,"Direction":0,"PositionCertainty":1,"Enabled":1,"DataSource":1,"LevelSource":2,"StreetNameEN":"Argyle Street","StreetNameTC":"亞皆老街","ST_CODE":10027,"FloorID":null,"BuildingID_1":null,"BuildingID_2":null,"SiteID":null,"TerminalID":null,"AccessTimeID":null,"CreationDate":1614441600000,"ModifiedBy":"LANDSD","LastAmendmentDate":1655654400000,"Shape__Length":1.5093288483805316}},{"type":"Feature","id":341645,"geometry":{"type":"LineString","coordinates":[[114.16805664402817,22.318977681388127,4.8326999999990221],[114.1680407779068,22.318974837697628,4.8178000000043539]]},"properties":{"OBJECTID":341645,"PedestrianRouteID":240008018,"Location":1,"FeatureType":1,"AliasNameEN":"Argyle Street","AliasNameTC":"亞皆老街","CrossingFeature":null,"WeatherProof":3,"WheelchairBarrier":2,"WheelchairAccess":2,"ObstaclesType":null,"Gradient":0.0089501300000000006,"Direction":0,"PositionCertainty":1,"Enabled":1,"DataSource":1,"LevelSource":2,"StreetNameEN":"Argyle Street","StreetNameTC":"亞皆老街","ST_CODE":10027,"FloorID":null,"BuildingID_1":null,"BuildingID_2":null,"SiteID":null,"TerminalID":null,"AccessTimeID":null,"CreationDate":1614441600000,"ModifiedBy":"LANDSD","LastAmendmentDate":1655654400000,"Shape__Length":1.6647351533565107}},{"type":"Feature","id":341646,"geometry":{"type":"LineString","coordinates":[[114.16883963824648,22.318200872130824,4.0175000000017462],[114.16883378985827,22.318228303179957,4.0004000000044471]]},"properties":{"OBJECTID":341646,"PedestrianRouteID":240008019,"Location":1,"FeatureType":1,"AliasNameEN":"Portland Street","AliasNameTC":"砵蘭街","CrossingFeature":null,"WeatherProof":3,"WheelchairBarrier":2,"WheelchairAccess":2,"ObstaclesType":null,"Gradient":0.00552185,"Direction":0,"PositionCertainty":1,"Enabled":1,"DataSource":1,"LevelSource":2,"StreetNameEN":"Portland Street","StreetNameTC":"砵蘭街","ST_CODE":11777,"FloorID":null,"BuildingID_1":null,"BuildingID_2":null,"SiteID":null,"TerminalID":null,"AccessTimeID":null,"CreationDate":1614441600000,"ModifiedBy":"LANDSD","LastAmendmentDate":1655654400000,"Shape__Length":3.0967562893828577}},{"type":"Feature","id":341647,"geometry":{"type":"LineString","coordinates":[[114.17135242672143,22.317936440530946,5.6101999999955297],[114.17136623279998,22.317899880628612,5.5978999999933876]]},"properties":{"OBJECTID":341647,"PedestrianRouteID":240008020,"Location":1,"FeatureType":1,"AliasNameEN":"Fa Yuen Street","AliasNameTC":"花園街","CrossingFeature":null,"WeatherProof":3,"WheelchairBarrier":2,"WheelchairAccess":2,"ObstaclesType":null,"Gradient":0.0028664099999999998,"Direction":0,"PositionCertainty":1,"Enabled":1,"DataSource":1,"LevelSource":2,"StreetNameEN":"Fa Yuen Street","StreetNameTC":"花園街","ST_CODE":10419,"FloorID":null,"BuildingID_1":null,"BuildingID_2":null,"SiteID":null,"TerminalID":null,"AccessTimeID":null,"CreationDate":1614441600000,"ModifiedBy":"LANDSD","LastAmendmentDate":1655654400000,"Shape__Length":4.2910709095578667}},{"type":"Feature","id":341648,"geometry":{"type":"LineString","coordinates":[[114.17064799067479,22.318502697672653,5.603000000002794],[114.17062300592939,22.31849817780822,5.5893999999971129]]},"properties":{"OBJECTID":341648,"PedestrianRouteID":240008021,"Location":1,"FeatureType":1,"AliasNameEN":"Nelson Street","AliasNameTC":"奶路臣街","CrossingFeature":null,"WeatherProof":3,"WheelchairBarrier":2,"WheelchairAccess":2,"ObstaclesType":null,"Gradient":0.0051860700000000001,"Direction":0,"PositionCertainty":1,"Enabled":1,"DataSource":1,"LevelSource":2,"StreetNameEN":"Nelson Street","StreetNameTC":"奶路臣街","ST_CODE":11506,"FloorID":null,"BuildingID_1":null,"BuildingID_2":null,"SiteID":null,"TerminalID":null,"AccessTimeID":null,"CreationDate":1614441600000,"ModifiedBy":"LANDSD","LastAmendmentDate":1655654400000,"Shape__Length":2.6223855178720088}},{"type":"Feature","id":341649,"geometry":{"type":"LineString","coordinates":[[114.17066961394997,22.318470190158259,5.6641999999992549],[114.17066551911884,22.318490242439772,5.6600000000034925]]},"properties":{"OBJECTID":341649,"PedestrianRouteID":240008022,"Location":1,"FeatureType":1,"AliasNameEN":"Tung Choi Street","AliasNameTC":"通菜街","CrossingFeature":null,"WeatherProof":3,"WheelchairBarrier":2,"WheelchairAccess":2,"ObstaclesType":null,"Gradient":0.00185823,"Direction":0,"PositionCertainty":1,"Enabled":1,"DataSource":1,"LevelSource":2,"StreetNameEN":"Tung Choi Street","StreetNameTC":"通菜街","ST_CODE":12513,"FloorID":null,"BuildingID_1":null,"BuildingID_2":null,"SiteID":null,"TerminalID":null,"AccessTimeID":null,"CreationDate":1614441600000,"ModifiedBy":"LANDSD","LastAmendmentDate":1655654400000,"Shape__Length":2.2602069572732049}},{"type":"Feature","id":341653,"geometry":{"type":"LineString","coordinates":[[114.1715447473964,22.320723580061518,6.1095000000059372],[114.17161140692481,22.320403687005385,5.9585999999981141]]},"properties":{"OBJECTID":341653,"PedestrianRouteID":240008026,"Location":1,"FeatureType":1,"AliasNameEN":"Sai Yee Street","AliasNameTC":"洗衣街","CrossingFeature":null,"WeatherProof":2,"WheelchairBarrier":2,"WheelchairAccess":2,"ObstaclesType":null,"Gradient":0.0041820099999999999,"Direction":0,"PositionCertainty":1,"Enabled":1,"DataSource":1,"LevelSource":2,"StreetNameEN":"Sai Yee Street","StreetNameTC":"洗衣街","ST_CODE":11861,"FloorID":null,"BuildingID_1":null,"BuildingID_2":null,"SiteID":null,"TerminalID":null,"AccessTimeID":null,"CreationDate":1614441600000,"ModifiedBy":"LANDSD","LastAmendmentDate":1655654400000,"Shape__Length":36.082884416070421}},{"type":"Feature","id":341654,"geometry":{"type":"LineString","coordinates":[[114.17161140692481,22.320403687005385,5.9585999999981141],[114.17162260871676,22.320349931855688,5.9331999999994878]]},"properties":{"OBJECTID":341654,"PedestrianRouteID":240008027,"Location":1,"FeatureType":7,"AliasNameEN":"Sai Yee Street RunIn","AliasNameTC":"洗衣街車輛出入口","CrossingFeature":null,"WeatherProof":2,"WheelchairBarrier":2,"WheelchairAccess":2,"ObstaclesType":null,"Gradient":0.0041890399999999998,"Direction":0,"PositionCertainty":1,"Enabled":1,"DataSource":1,"LevelSource":2,"StreetNameEN":"Sai Yee Street","StreetNameTC":"洗衣街","ST_CODE":11861,"FloorID":null,"BuildingID_1":null,"BuildingID_2":null,"SiteID":null,"TerminalID":null,"AccessTimeID":null,"CreationDate":1614441600000,"ModifiedBy":"LANDSD","LastAmendmentDate":1655654400000,"Shape__Length":6.0634092698365603}},{"type":"Feature","id":341655,"geometry":{"type":"LineString","coordinates":[[114.17045477261556,22.320247551844442,5.6159999999945285],[114.17045189995864,22.320261710798917,5.6297999999951571]]},"properties":{"OBJECTID":341655,"PedestrianRouteID":240008028,"Location":1,"FeatureType":1,"AliasNameEN":"Tung Choi Street","AliasNameTC":"通菜街","CrossingFeature":null,"WeatherProof":2,"WheelchairBarrier":2,"WheelchairAccess":2,"ObstaclesType":null,"Gradient":0.0086486900000000005,"Direction":0,"PositionCertainty":1,"Enabled":1,"DataSource":1,"LevelSource":2,"StreetNameEN":"Tung Choi Street","StreetNameTC":"通菜街","ST_CODE":12513,"FloorID":null,"BuildingID_1":null,"BuildingID_2":null,"SiteID":null,"TerminalID":null,"AccessTimeID":null,"CreationDate":1614441600000,"ModifiedBy":"LANDSD","LastAmendmentDate":1655654400000,"Shape__Length":1.5955773941093163}},{"type":"Feature","id":341656,"geometry":{"type":"LineString","coordinates":[[114.17041884650807,22.319678582382608,5.372799999997369],[114.17042344912419,22.319656516307873,5.3616999999940163]]},"properties":{"OBJECTID":341656,"PedestrianRouteID":240008029,"Location":1,"FeatureType":1,"AliasNameEN":"Tung Choi Street","AliasNameTC":"通菜街","CrossingFeature":null,"WeatherProof":2,"WheelchairBarrier":2,"WheelchairAccess":2,"ObstaclesType":null,"Gradient":0.0044594700000000001,"Direction":0,"PositionCertainty":1,"Enabled":1,"DataSource":1,"LevelSource":2,"StreetNameEN":"Tung Choi Street","StreetNameTC":"通菜街","ST_CODE":12513,"FloorID":null,"BuildingID_1":null,"BuildingID_2":null,"SiteID":null,"TerminalID":null,"AccessTimeID":null,"CreationDate":1614441600000,"ModifiedBy":"LANDSD","LastAmendmentDate":1655654400000,"Shape__Length":2.4890687125744151}},{"type":"Feature","id":341657,"geometry":{"type":"LineString","coordinates":[[114.17020686269032,22.319579650024568,5.2592000000004191],[114.17018067715192,22.319574828421619,5.2492999999958556]]},"properties":{"OBJECTID":341657,"PedestrianRouteID":240008030,"Location":1,"FeatureType":1,"AliasNameEN":"Argyle Street","AliasNameTC":"亞皆老街","CrossingFeature":null,"WeatherProof":2,"WheelchairBarrier":2,"WheelchairAccess":2,"ObstaclesType":null,"Gradient":0.0035997199999999998,"Direction":0,"PositionCertainty":1,"Enabled":1,"DataSource":1,"LevelSource":2,"StreetNameEN":"Argyle Street","StreetNameTC":"亞皆老街","ST_CODE":10027,"FloorID":null,"BuildingID_1":null,"BuildingID_2":null,"SiteID":null,"TerminalID":null,"AccessTimeID":null,"CreationDate":1614441600000,"ModifiedBy":"LANDSD","LastAmendmentDate":1655654400000,"Shape__Length":2.7502012381823211}},{"type":"Feature","id":341658,"geometry":{"type":"LineString","coordinates":[[114.16994559312243,22.320353081502208,5.4027999999962049],[114.16992119528169,22.320348637412479,5.3913999999931548]]},"properties":{"OBJECTID":341658,"PedestrianRouteID":240008031,"Location":1,"FeatureType":1,"AliasNameEN":"Fife Street","AliasNameTC":"快富街","CrossingFeature":null,"WeatherProof":2,"WheelchairBarrier":2,"WheelchairAccess":2,"ObstaclesType":null,"Gradient":0.0044506700000000003,"Direction":0,"PositionCertainty":1,"Enabled":1,"DataSource":1,"LevelSource":2,"StreetNameEN":"Fife Street","StreetNameTC":"快富街","ST_CODE":10485,"FloorID":null,"BuildingID_1":null,"BuildingID_2":null,"SiteID":null,"TerminalID":null,"AccessTimeID":null,"CreationDate":1614441600000,"ModifiedBy":"LANDSD","LastAmendmentDate":1655654400000,"Shape__Length":2.5613964337046622}},{"type":"Feature","id":341659,"geometry":{"type":"LineString","coordinates":[[114.1696919258542,22.319495233657197,4.8739000000059605],[114.16967658278803,22.319492491292579,4.8739000000059605]]},"properties":{"OBJECTID":341659,"PedestrianRouteID":240008032,"Location":1,"FeatureType":1,"AliasNameEN":"Argyle Street","AliasNameTC":"亞皆老街","CrossingFeature":null,"WeatherProof":2,"WheelchairBarrier":2,"WheelchairAccess":2,"ObstaclesType":null,"Gradient":0,"Direction":0,"PositionCertainty":1,"Enabled":1,"DataSource":1,"LevelSource":2,"StreetNameEN":"Argyle Street","StreetNameTC":"亞皆老街","ST_CODE":10027,"FloorID":null,"BuildingID_1":null,"BuildingID_2":null,"SiteID":null,"TerminalID":null,"AccessTimeID":null,"CreationDate":1614441600000,"ModifiedBy":"LANDSD","LastAmendmentDate":1655654400000,"Shape__Length":1.6096899086345877}},{"type":"Feature","id":341660,"geometry":{"type":"LineString","coordinates":[[114.16988181360266,22.319553134336182,4.8206999999965774],[114.16981930389863,22.319850323077237,4.9649000000063097]]},"properties":{"OBJECTID":341660,"PedestrianRouteID":240008033,"Location":1,"FeatureType":1,"AliasNameEN":"Sai Yeung Choi Street South","AliasNameTC":"西洋菜南街","CrossingFeature":null,"WeatherProof":2,"WheelchairBarrier":2,"WheelchairAccess":2,"ObstaclesType":null,"Gradient":0.0043001699999999999,"Direction":0,"PositionCertainty":1,"Enabled":1,"DataSource":1,"LevelSource":2,"StreetNameEN":"Sai Yeung Choi Street South","StreetNameTC":"西洋菜南街","ST_CODE":11864,"FloorID":null,"BuildingID_1":null,"BuildingID_2":null,"SiteID":null,"TerminalID":null,"AccessTimeID":null,"CreationDate":1614441600000,"ModifiedBy":"LANDSD","LastAmendmentDate":1655654400000,"Shape__Length":33.533367768126737}},{"type":"Feature","id":341661,"geometry":{"type":"LineString","coordinates":[[114.16981930389863,22.319850323077237,4.9649000000063097],[114.16980749082798,22.319906484732272,4.9921000000031199]]},"properties":{"OBJECTID":341661,"PedestrianRouteID":240008034,"Location":1,"FeatureType":7,"AliasNameEN":"Sai Yeung Choi Street South RunIn","AliasNameTC":"西洋菜南街車輛出入口","CrossingFeature":null,"WeatherProof":2,"WheelchairBarrier":2,"WheelchairAccess":2,"ObstaclesType":null,"Gradient":0.0042922100000000003,"Direction":0,"PositionCertainty":1,"Enabled":1,"DataSource":1,"LevelSource":2,"StreetNameEN":"Sai Yeung Choi Street South","StreetNameTC":"西洋菜南街","ST_CODE":11864,"FloorID":null,"BuildingID_1":null,"BuildingID_2":null,"SiteID":null,"TerminalID":null,"AccessTimeID":null,"CreationDate":1614441600000,"ModifiedBy":"LANDSD","LastAmendmentDate":1655654400000,"Shape__Length":6.3370187829491824}},{"type":"Feature","id":341662,"geometry":{"type":"LineString","coordinates":[[114.16879364545659,22.320158805718123,4.9777000000030966],[114.16869276310231,22.32014051824984,4.9857000000047265]]},"properties":{"OBJECTID":341662,"PedestrianRouteID":240008035,"Location":1,"FeatureType":1,"AliasNameEN":"Mong Kok Station Footway","AliasNameTC":"旺角站行人道","CrossingFeature":null,"WeatherProof":2,"WheelchairBarrier":2,"WheelchairAccess":2,"ObstaclesType":null,"Gradient":0.00075548,"Direction":0,"PositionCertainty":1,"Enabled":1,"DataSource":1,"LevelSource":12,"StreetNameEN":null,"StreetNameTC":null,"ST_CODE":null,"FloorID":null,"BuildingID_1":null,"BuildingID_2":null,"SiteID":null,"TerminalID":1511000291,"AccessTimeID":null,"CreationDate":1614441600000,"ModifiedBy":"LANDSD","LastAmendmentDate":1640361600000,"Shape__Length":10.58922836887734}},{"type":"Feature","id":341663,"geometry":{"type":"LineString","coordinates":[[114.16896233123627,22.319362587424219,4.7547000000049593],[114.16895094625207,22.319360553181525,4.8105000000068685]]},"properties":{"OBJECTID":341663,"PedestrianRouteID":240008036,"Location":1,"FeatureType":1,"AliasNameEN":"Argyle Street","AliasNameTC":"亞皆老街","CrossingFeature":null,"WeatherProof":2,"WheelchairBarrier":2,"WheelchairAccess":2,"ObstaclesType":null,"Gradient":0.046683210000000003,"Direction":0,"PositionCertainty":1,"Enabled":1,"DataSource":1,"LevelSource":12,"StreetNameEN":"Argyle Street","StreetNameTC":"亞皆老街","ST_CODE":10027,"FloorID":null,"BuildingID_1":null,"BuildingID_2":null,"SiteID":null,"TerminalID":null,"AccessTimeID":null,"CreationDate":1614441600000,"ModifiedBy":"LANDSD","LastAmendmentDate":1642608000000,"Shape__Length":1.1944220529854674}},{"type":"Feature","id":341664,"geometry":{"type":"LineString","coordinates":[[114.16875554418026,22.319337102854522,4.6821999999956461],[114.16875123936963,22.319357708650443,4.6872000000003027]]},"properties":{"OBJECTID":341664,"PedestrianRouteID":240008037,"Location":1,"FeatureType":1,"AliasNameEN":"Argyle Street","AliasNameTC":"亞皆老街","CrossingFeature":null,"WeatherProof":3,"WheelchairBarrier":2,"WheelchairAccess":2,"ObstaclesType":null,"Gradient":0.0021510100000000001,"Direction":0,"PositionCertainty":1,"Enabled":1,"DataSource":1,"LevelSource":2,"StreetNameEN":"Argyle Street","StreetNameTC":"亞皆老街","ST_CODE":10027,"FloorID":null,"BuildingID_1":null,"BuildingID_2":null,"SiteID":null,"TerminalID":null,"AccessTimeID":null,"CreationDate":1614441600000,"ModifiedBy":"LANDSD","LastAmendmentDate":1655654400000,"Shape__Length":2.3244816196699198}},{"type":"Feature","id":341665,"geometry":{"type":"LineString","coordinates":[[114.16863674247587,22.31931583074795,4.6698000000033062],[114.16863282503594,22.319334390227652,4.6837999999988824]]},"properties":{"OBJECTID":341665,"PedestrianRouteID":240008038,"Location":1,"FeatureType":1,"AliasNameEN":"Argyle Street","AliasNameTC":"亞皆老街","CrossingFeature":null,"WeatherProof":3,"WheelchairBarrier":2,"WheelchairAccess":2,"ObstaclesType":null,"Gradient":0.0066842799999999999,"Direction":0,"PositionCertainty":1,"Enabled":1,"DataSource":1,"LevelSource":2,"StreetNameEN":"Argyle Street","StreetNameTC":"亞皆老街","ST_CODE":10027,"FloorID":null,"BuildingID_1":null,"BuildingID_2":null,"SiteID":null,"TerminalID":null,"AccessTimeID":null,"CreationDate":1614441600000,"ModifiedBy":"LANDSD","LastAmendmentDate":1655654400000,"Shape__Length":2.0944353146828232}},{"type":"Feature","id":341666,"geometry":{"type":"LineString","coordinates":[[114.16850521138839,22.319311777438774,4.8172999999951571],[114.1685147890081,22.319266410932727,4.7915999999968335]]},"properties":{"OBJECTID":341666,"PedestrianRouteID":240008039,"Location":1,"FeatureType":5,"AliasNameEN":"Lane between   and Golden Hill Commercial Building","AliasNameTC":" 與金山商業大廈之間的小巷","CrossingFeature":null,"WeatherProof":2,"WheelchairBarrier":1,"WheelchairAccess":2,"ObstaclesType":null,"Gradient":0.0050198400000000002,"Direction":0,"PositionCertainty":1,"Enabled":1,"DataSource":1,"LevelSource":2,"StreetNameEN":"Argyle Street","StreetNameTC":"亞皆老街","ST_CODE":10027,"FloorID":null,"BuildingID_1":null,"BuildingID_2":1108234874,"SiteID":null,"TerminalID":null,"AccessTimeID":null,"CreationDate":1614441600000,"ModifiedBy":"LANDSD","LastAmendmentDate":1676390400000,"Shape__Length":5.1196429492505393}},{"type":"Feature","id":341667,"geometry":{"type":"LineString","coordinates":[[114.16840028710129,22.319245775530117,4.7595000000001164],[114.16839102776613,22.319291730840845,4.7884999999951106]]},"properties":{"OBJECTID":341667,"PedestrianRouteID":240008040,"Location":1,"FeatureType":1,"AliasNameEN":"Argyle Street","AliasNameTC":"亞皆老街","CrossingFeature":null,"WeatherProof":3,"WheelchairBarrier":2,"WheelchairAccess":2,"ObstaclesType":null,"Gradient":0.0056011100000000003,"Direction":0,"PositionCertainty":1,"Enabled":1,"DataSource":1,"LevelSource":2,"StreetNameEN":"Argyle Street","StreetNameTC":"亞皆老街","ST_CODE":10027,"FloorID":null,"BuildingID_1":null,"BuildingID_2":null,"SiteID":null,"TerminalID":null,"AccessTimeID":null,"CreationDate":1614441600000,"ModifiedBy":"LANDSD","LastAmendmentDate":1655654400000,"Shape__Length":5.177494268231416}},{"type":"Feature","id":341669,"geometry":{"type":"LineString","coordinates":[[114.16810689670888,22.320786444311516,5.0503000000026077],[114.16809142638616,22.320783653928295,5.0473999999958323]]},"properties":{"OBJECTID":341669,"PedestrianRouteID":240008042,"Location":1,"FeatureType":1,"AliasNameEN":"Mong Kok Road","AliasNameTC":"旺角道","CrossingFeature":null,"WeatherProof":2,"WheelchairBarrier":2,"WheelchairAccess":2,"ObstaclesType":null,"Gradient":0.0017861999999999999,"Direction":0,"PositionCertainty":1,"Enabled":1,"DataSource":1,"LevelSource":2,"StreetNameEN":"Mong Kok Road","StreetNameTC":"旺角道","ST_CODE":11454,"FloorID":null,"BuildingID_1":null,"BuildingID_2":null,"SiteID":null,"TerminalID":null,"AccessTimeID":null,"CreationDate":1614441600000,"ModifiedBy":"LANDSD","LastAmendmentDate":1655654400000,"Shape__Length":1.6235567198230179}},{"type":"Feature","id":341670,"geometry":{"type":"LineString","coordinates":[[114.1682832038496,22.32100370086382,4.979300000006333],[114.16831622585892,22.320843941483336,5.0071000000025379]]},"properties":{"OBJECTID":341670,"PedestrianRouteID":240008043,"Location":1,"FeatureType":1,"AliasNameEN":"Portland Street","AliasNameTC":"砵蘭街","CrossingFeature":null,"WeatherProof":1,"WheelchairBarrier":2,"WheelchairAccess":2,"ObstaclesType":null,"Gradient":0.0015431500000000001,"Direction":0,"PositionCertainty":1,"Enabled":1,"DataSource":1,"LevelSource":2,"StreetNameEN":"Portland Street","StreetNameTC":"砵蘭街","ST_CODE":11777,"FloorID":null,"BuildingID_1":null,"BuildingID_2":null,"SiteID":null,"TerminalID":null,"AccessTimeID":null,"CreationDate":1614441600000,"ModifiedBy":"LANDSD","LastAmendmentDate":1655654400000,"Shape__Length":18.015082032360382}},{"type":"Feature","id":341680,"geometry":{"type":"LineString","coordinates":[[114.16945500792222,22.320990044543855,10.304000000003725],[114.16927756312904,22.320957731236064,5.1186000000016065]]},"properties":{"OBJECTID":341680,"PedestrianRouteID":240008058,"Location":1,"FeatureType":12,"AliasNameEN":"Mong Kok Road Staircase","AliasNameTC":"旺角道樓梯","CrossingFeature":null,"WeatherProof":1,"WheelchairBarrier":1,"WheelchairAccess":2,"ObstaclesType":null,"Gradient":0.27148299999999997,"Direction":0,"PositionCertainty":1,"Enabled":1,"DataSource":1,"LevelSource":12,"StreetNameEN":"Mong Kok Road","StreetNameTC":"旺角道","ST_CODE":11454,"FloorID":null,"BuildingID_1":null,"BuildingID_2":null,"SiteID":null,"TerminalID":null,"AccessTimeID":null,"CreationDate":1614441600000,"ModifiedBy":"LANDSD","LastAmendmentDate":1658246400000,"Shape__Length":18.628703640302419}},{"type":"Feature","id":341681,"geometry":{"type":"LineString","coordinates":[[114.16965733216408,22.320817954003445,10.304000000003725],[114.16966486198713,22.320782742248809,8.8179999999993015]]},"properties":{"OBJECTID":341681,"PedestrianRouteID":240008062,"Location":1,"FeatureType":12,"AliasNameEN":"Mong Kok Road Staircase","AliasNameTC":"旺角道樓梯","CrossingFeature":null,"WeatherProof":1,"WheelchairBarrier":1,"WheelchairAccess":2,"ObstaclesType":null,"Gradient":0.35770152999999999,"Direction":0,"PositionCertainty":1,"Enabled":1,"DataSource":1,"LevelSource":9,"StreetNameEN":"Mong Kok Road","StreetNameTC":"旺角道","ST_CODE":11454,"FloorID":null,"BuildingID_1":null,"BuildingID_2":null,"SiteID":null,"TerminalID":null,"AccessTimeID":null,"CreationDate":1614441600000,"ModifiedBy":"LANDSD","LastAmendmentDate":1658246400000,"Shape__Length":3.9755900208578523}},{"type":"Feature","id":341682,"geometry":{"type":"LineString","coordinates":[[114.16966486198713,22.320782742248809,8.8179999999993015],[114.16966807546135,22.320767713678173,8.8179999999993015]]},"properties":{"OBJECTID":341682,"PedestrianRouteID":240008063,"Location":1,"FeatureType":1,"AliasNameEN":"Sai Yeung Choi Street South","AliasNameTC":"西洋菜南街","CrossingFeature":null,"WeatherProof":1,"WheelchairBarrier":1,"WheelchairAccess":2,"ObstaclesType":null,"Gradient":0,"Direction":0,"PositionCertainty":1,"Enabled":1,"DataSource":1,"LevelSource":2,"StreetNameEN":"Sai Yeung Choi Street South","StreetNameTC":"西洋菜南街","ST_CODE":11864,"FloorID":null,"BuildingID_1":null,"BuildingID_2":null,"SiteID":null,"TerminalID":null,"AccessTimeID":null,"CreationDate":1614441600000,"ModifiedBy":"LANDSD","LastAmendmentDate":1655654400000,"Shape__Length":1.6967977591644894}},{"type":"Feature","id":341683,"geometry":{"type":"LineString","coordinates":[[114.16966807546135,22.320767713678173,8.8179999999993015],[114.16967634117418,22.320729054074938,7.0179999999963911]]},"properties":{"OBJECTID":341683,"PedestrianRouteID":240008064,"Location":1,"FeatureType":12,"AliasNameEN":"Sai Yeung Choi Street South Staircase","AliasNameTC":"西洋菜南街樓梯","CrossingFeature":null,"WeatherProof":1,"WheelchairBarrier":1,"WheelchairAccess":2,"ObstaclesType":null,"Gradient":0.39113822999999998,"Direction":0,"PositionCertainty":1,"Enabled":1,"DataSource":1,"LevelSource":9,"StreetNameEN":"Sai Yeung Choi Street South","StreetNameTC":"西洋菜南街","ST_CODE":11864,"FloorID":null,"BuildingID_1":null,"BuildingID_2":null,"SiteID":null,"TerminalID":null,"AccessTimeID":null,"CreationDate":1614441600000,"ModifiedBy":"LANDSD","LastAmendmentDate":1655654400000,"Shape__Length":4.3648416891891628}},{"type":"Feature","id":341684,"geometry":{"type":"LineString","coordinates":[[114.16967634117418,22.320729054074938,7.0179999999963911],[114.16967939542846,22.320714773230041,7.0179999999963911]]},"properties":{"OBJECTID":341684,"PedestrianRouteID":240008065,"Location":1,"FeatureType":1,"AliasNameEN":"Sai Yeung Choi Street South","AliasNameTC":"西洋菜南街","CrossingFeature":null,"WeatherProof":1,"WheelchairBarrier":1,"WheelchairAccess":2,"ObstaclesType":null,"Gradient":0,"Direction":0,"PositionCertainty":1,"Enabled":1,"DataSource":1,"LevelSource":2,"StreetNameEN":"Sai Yeung Choi Street South","StreetNameTC":"西洋菜南街","ST_CODE":11864,"FloorID":null,"BuildingID_1":null,"BuildingID_2":null,"SiteID":null,"TerminalID":null,"AccessTimeID":null,"CreationDate":1614441600000,"ModifiedBy":"LANDSD","LastAmendmentDate":1655654400000,"Shape__Length":1.6123892578110142}},{"type":"Feature","id":341685,"geometry":{"type":"LineString","coordinates":[[114.17020625000282,22.321230083032901,8.536999999996624],[114.17021518253912,22.321188540866519,10.304000000003725]]},"properties":{"OBJECTID":341685,"PedestrianRouteID":240008066,"Location":1,"FeatureType":12,"AliasNameEN":"Tung Choi Street Staircase","AliasNameTC":"通菜街樓梯","CrossingFeature":null,"WeatherProof":1,"WheelchairBarrier":1,"WheelchairAccess":2,"ObstaclesType":null,"Gradient":0.36021957999999998,"Direction":0,"PositionCertainty":1,"Enabled":1,"DataSource":1,"LevelSource":9,"StreetNameEN":"Tung Choi Street","StreetNameTC":"通菜街","ST_CODE":12513,"FloorID":null,"BuildingID_1":null,"BuildingID_2":null,"SiteID":null,"TerminalID":null,"AccessTimeID":null,"CreationDate":1614441600000,"ModifiedBy":"LANDSD","LastAmendmentDate":1655654400000,"Shape__Length":4.6913136798765729}},{"type":"Feature","id":341686,"geometry":{"type":"LineString","coordinates":[[114.17020239680731,22.321248003182912,8.536999999996624],[114.17020625000282,22.321230083032901,8.536999999996624]]},"properties":{"OBJECTID":341686,"PedestrianRouteID":240008067,"Location":1,"FeatureType":1,"AliasNameEN":"Tung Choi Street","AliasNameTC":"通菜街","CrossingFeature":null,"WeatherProof":1,"WheelchairBarrier":1,"WheelchairAccess":2,"ObstaclesType":null,"Gradient":0,"Direction":0,"PositionCertainty":1,"Enabled":1,"DataSource":1,"LevelSource":2,"StreetNameEN":"Tung Choi Street","StreetNameTC":"通菜街","ST_CODE":12513,"FloorID":null,"BuildingID_1":null,"BuildingID_2":null,"SiteID":null,"TerminalID":null,"AccessTimeID":null,"CreationDate":1614441600000,"ModifiedBy":"LANDSD","LastAmendmentDate":1655654400000,"Shape__Length":2.0237027873973457}},{"type":"Feature","id":341687,"geometry":{"type":"LineString","coordinates":[[114.17019330699009,22.321290275916759,6.6999999999970896],[114.17020239680731,22.321248003182912,8.536999999996624]]},"properties":{"OBJECTID":341687,"PedestrianRouteID":240008068,"Location":1,"FeatureType":12,"AliasNameEN":"Tung Choi Street Staircase","AliasNameTC":"通菜街樓梯","CrossingFeature":null,"WeatherProof":1,"WheelchairBarrier":1,"WheelchairAccess":2,"ObstaclesType":null,"Gradient":0.36734087999999998,"Direction":0,"PositionCertainty":1,"Enabled":1,"DataSource":1,"LevelSource":9,"StreetNameEN":"Tung Choi Street","StreetNameTC":"通菜街","ST_CODE":12513,"FloorID":null,"BuildingID_1":null,"BuildingID_2":null,"SiteID":null,"TerminalID":null,"AccessTimeID":null,"CreationDate":1614441600000,"ModifiedBy":"LANDSD","LastAmendmentDate":1655654400000,"Shape__Length":4.773819738687596}},{"type":"Feature","id":341688,"geometry":{"type":"LineString","coordinates":[[114.17018965086862,22.321307276760088,6.6999999999970896],[114.17019330699009,22.321290275916759,6.6999999999970896]]},"properties":{"OBJECTID":341688,"PedestrianRouteID":240008069,"Location":1,"FeatureType":1,"AliasNameEN":"Tung Choi Street","AliasNameTC":"通菜街","CrossingFeature":null,"WeatherProof":1,"WheelchairBarrier":1,"WheelchairAccess":2,"ObstaclesType":null,"Gradient":0,"Direction":0,"PositionCertainty":1,"Enabled":1,"DataSource":1,"LevelSource":2,"StreetNameEN":"Tung Choi Street","StreetNameTC":"通菜街","ST_CODE":12513,"FloorID":null,"BuildingID_1":null,"BuildingID_2":null,"SiteID":null,"TerminalID":null,"AccessTimeID":null,"CreationDate":1614441600000,"ModifiedBy":"LANDSD","LastAmendmentDate":1655654400000,"Shape__Length":1.9198985182919828}},{"type":"Feature","id":341689,"geometry":{"type":"LineString","coordinates":[[114.17077895943055,22.320975516761692,10.304000000003725],[114.17078708122477,22.320936275527192,8.5460000000020955]]},"properties":{"OBJECTID":341689,"PedestrianRouteID":240008070,"Location":1,"FeatureType":12,"AliasNameEN":"Fa Yuen Street Staircase","AliasNameTC":"花園街樓梯","CrossingFeature":null,"WeatherProof":1,"WheelchairBarrier":1,"WheelchairAccess":2,"ObstaclesType":null,"Gradient":0.37815082,"Direction":0,"PositionCertainty":1,"Enabled":1,"DataSource":1,"LevelSource":9,"StreetNameEN":"Fa Yuen Street","StreetNameTC":"花園街","ST_CODE":10419,"FloorID":null,"BuildingID_1":null,"BuildingID_2":null,"SiteID":null,"TerminalID":null,"AccessTimeID":null,"CreationDate":1614441600000,"ModifiedBy":"LANDSD","LastAmendmentDate":1655654400000,"Shape__Length":4.4252006417774012}},{"type":"Feature","id":341690,"geometry":{"type":"LineString","coordinates":[[114.17078708122477,22.320936275527192,8.5460000000020955],[114.17078965289876,22.320923851333582,8.5460000000020955]]},"properties":{"OBJECTID":341690,"PedestrianRouteID":240008071,"Location":1,"FeatureType":1,"AliasNameEN":"Fa Yuen Street","AliasNameTC":"花園街","CrossingFeature":null,"WeatherProof":1,"WheelchairBarrier":1,"WheelchairAccess":2,"ObstaclesType":null,"Gradient":0,"Direction":0,"PositionCertainty":1,"Enabled":1,"DataSource":1,"LevelSource":2,"StreetNameEN":"Fa Yuen Street","StreetNameTC":"花園街","ST_CODE":10419,"FloorID":null,"BuildingID_1":null,"BuildingID_2":null,"SiteID":null,"TerminalID":null,"AccessTimeID":null,"CreationDate":1614441600000,"ModifiedBy":"LANDSD","LastAmendmentDate":1655654400000,"Shape__Length":1.4010701807183816}},{"type":"Feature","id":341691,"geometry":{"type":"LineString","coordinates":[[114.17078965289876,22.320923851333582,8.5460000000020955],[114.17079736597657,22.320886584170701,6.7470000000030268]]},"properties":{"OBJECTID":341691,"PedestrianRouteID":240008072,"Location":1,"FeatureType":12,"AliasNameEN":"Fa Yuen Street Staircase","AliasNameTC":"花園街樓梯","CrossingFeature":null,"WeatherProof":1,"WheelchairBarrier":1,"WheelchairAccess":2,"ObstaclesType":null,"Gradient":0.4044681,"Direction":0,"PositionCertainty":1,"Enabled":1,"DataSource":1,"LevelSource":9,"StreetNameEN":"Fa Yuen Street","StreetNameTC":"花園街","ST_CODE":10419,"FloorID":null,"BuildingID_1":null,"BuildingID_2":null,"SiteID":null,"TerminalID":null,"AccessTimeID":null,"CreationDate":1614441600000,"ModifiedBy":"LANDSD","LastAmendmentDate":1655654400000,"Shape__Length":4.2025835482340774}},{"type":"Feature","id":341692,"geometry":{"type":"LineString","coordinates":[[114.17079736597657,22.320886584170701,6.7470000000030268],[114.17080050654269,22.32087140837638,6.7470000000030268]]},"properties":{"OBJECTID":341692,"PedestrianRouteID":240008073,"Location":1,"FeatureType":1,"AliasNameEN":"Fa Yuen Street","AliasNameTC":"花園街","CrossingFeature":null,"WeatherProof":1,"WheelchairBarrier":1,"WheelchairAccess":2,"ObstaclesType":null,"Gradient":0,"Direction":0,"PositionCertainty":1,"Enabled":1,"DataSource":1,"LevelSource":2,"StreetNameEN":"Fa Yuen Street","StreetNameTC":"花園街","ST_CODE":10419,"FloorID":null,"BuildingID_1":null,"BuildingID_2":null,"SiteID":null,"TerminalID":null,"AccessTimeID":null,"CreationDate":1614441600000,"ModifiedBy":"LANDSD","LastAmendmentDate":1655654400000,"Shape__Length":1.7113539968006064}},{"type":"Feature","id":341693,"geometry":{"type":"LineString","coordinates":[[114.17102130578472,22.321276743747223,10.304000000003725],[114.17097681821265,22.321268807868776,6.2476000000024214]]},"properties":{"OBJECTID":341693,"PedestrianRouteID":240008074,"Location":1,"FeatureType":12,"AliasNameEN":"Mong Kok Road Staircase","AliasNameTC":"旺角道樓梯","CrossingFeature":null,"WeatherProof":1,"WheelchairBarrier":1,"WheelchairAccess":2,"ObstaclesType":null,"Gradient":0.71552194000000002,"Direction":0,"PositionCertainty":1,"Enabled":1,"DataSource":1,"LevelSource":9,"StreetNameEN":"Mong Kok Road","StreetNameTC":"旺角道","ST_CODE":11454,"FloorID":null,"BuildingID_1":null,"BuildingID_2":null,"SiteID":null,"TerminalID":null,"AccessTimeID":null,"CreationDate":1614441600000,"ModifiedBy":"LANDSD","LastAmendmentDate":1658160000000,"Shape__Length":4.6669487040761108}},{"type":"Feature","id":341694,"geometry":{"type":"LineString","coordinates":[[114.17097681821265,22.321268807868776,6.2476000000024214],[114.17095831852775,22.321265508324476,6.2234000000025844]]},"properties":{"OBJECTID":341694,"PedestrianRouteID":240008075,"Location":1,"FeatureType":1,"AliasNameEN":"Mong Kok Road","AliasNameTC":"旺角道","CrossingFeature":null,"WeatherProof":1,"WheelchairBarrier":1,"WheelchairAccess":2,"ObstaclesType":null,"Gradient":0.01246914,"Direction":0,"PositionCertainty":1,"Enabled":1,"DataSource":1,"LevelSource":12,"StreetNameEN":"Mong Kok Road","StreetNameTC":"旺角道","ST_CODE":11454,"FloorID":null,"BuildingID_1":null,"BuildingID_2":null,"SiteID":null,"TerminalID":null,"AccessTimeID":null,"CreationDate":1614441600000,"ModifiedBy":"LANDSD","LastAmendmentDate":1658160000000,"Shape__Length":1.940690622281116}},{"type":"Feature","id":341695,"geometry":{"type":"LineString","coordinates":[[114.17095831852775,22.321265508324476,6.2234000000025844],[114.17090810634971,22.321256550859729,6.1824999999953434]]},"properties":{"OBJECTID":341695,"PedestrianRouteID":240008076,"Location":1,"FeatureType":12,"AliasNameEN":"Mong Kok Road Staircase","AliasNameTC":"旺角道樓梯","CrossingFeature":null,"WeatherProof":1,"WheelchairBarrier":1,"WheelchairAccess":2,"ObstaclesType":null,"Gradient":0.00776445,"Direction":0,"PositionCertainty":1,"Enabled":1,"DataSource":1,"LevelSource":12,"StreetNameEN":"Mong Kok Road","StreetNameTC":"旺角道","ST_CODE":11454,"FloorID":null,"BuildingID_1":null,"BuildingID_2":null,"SiteID":null,"TerminalID":null,"AccessTimeID":null,"CreationDate":1614441600000,"ModifiedBy":"LANDSD","LastAmendmentDate":1658160000000,"Shape__Length":5.2674948297220396}},{"type":"Feature","id":341696,"geometry":{"type":"LineString","coordinates":[[114.17090810634971,22.321256550859729,6.1824999999953434],[114.1708917313167,22.32125362976722,6.2320000000036089]]},"properties":{"OBJECTID":341696,"PedestrianRouteID":240008077,"Location":1,"FeatureType":1,"AliasNameEN":"Mong Kok Road","AliasNameTC":"旺角道","CrossingFeature":null,"WeatherProof":1,"WheelchairBarrier":1,"WheelchairAccess":2,"ObstaclesType":null,"Gradient":0.028807679999999999,"Direction":0,"PositionCertainty":1,"Enabled":1,"DataSource":1,"LevelSource":12,"StreetNameEN":"Mong Kok Road","StreetNameTC":"旺角道","ST_CODE":11454,"FloorID":null,"BuildingID_1":null,"BuildingID_2":null,"SiteID":null,"TerminalID":null,"AccessTimeID":null,"CreationDate":1614441600000,"ModifiedBy":"LANDSD","LastAmendmentDate":1658160000000,"Shape__Length":1.7178166285205176}},{"type":"Feature","id":341711,"geometry":{"type":"LineString","coordinates":[[114.16859344183426,22.321968951752339,2.7339999999967404],[114.16863085183709,22.321975754587086,0.93399999999382999]]},"properties":{"OBJECTID":341711,"PedestrianRouteID":240008092,"Location":1,"FeatureType":12,"AliasNameEN":"Nathan Road Staircase","AliasNameTC":"彌敦道樓梯","CrossingFeature":null,"WeatherProof":1,"WheelchairBarrier":1,"WheelchairAccess":2,"ObstaclesType":null,"Gradient":0.42977067000000002,"Direction":0,"PositionCertainty":1,"Enabled":1,"DataSource":1,"LevelSource":9,"StreetNameEN":"Nathan Road","StreetNameTC":"彌敦道","ST_CODE":11504,"FloorID":null,"BuildingID_1":null,"BuildingID_2":null,"SiteID":null,"TerminalID":null,"AccessTimeID":null,"CreationDate":1614441600000,"ModifiedBy":"LANDSD","LastAmendmentDate":1655654400000,"Shape__Length":3.9271857733928011}},{"type":"Feature","id":341712,"geometry":{"type":"LineString","coordinates":[[114.16859913407609,22.321942895172629,2.7339999999967404],[114.16859344183426,22.321968951752339,2.7339999999967404]]},"properties":{"OBJECTID":341712,"PedestrianRouteID":240008093,"Location":1,"FeatureType":1,"AliasNameEN":"Nathan Road","AliasNameTC":"彌敦道","CrossingFeature":null,"WeatherProof":1,"WheelchairBarrier":1,"WheelchairAccess":2,"ObstaclesType":null,"Gradient":0,"Direction":0,"PositionCertainty":1,"Enabled":1,"DataSource":1,"LevelSource":9,"StreetNameEN":"Nathan Road","StreetNameTC":"彌敦道","ST_CODE":11504,"FloorID":null,"BuildingID_1":null,"BuildingID_2":null,"SiteID":null,"TerminalID":null,"AccessTimeID":null,"CreationDate":1614441600000,"ModifiedBy":"LANDSD","LastAmendmentDate":1655654400000,"Shape__Length":2.9443642531264373}},{"type":"Feature","id":341715,"geometry":{"type":"LineString","coordinates":[[114.16812434023761,22.317284350801469,3.9550000000017462],[114.16811191013193,22.317282077132475,3.9228000000002794]]},"properties":{"OBJECTID":341715,"PedestrianRouteID":240008096,"Location":1,"FeatureType":1,"AliasNameEN":"Reclamation Street","AliasNameTC":"新填地街","CrossingFeature":null,"WeatherProof":2,"WheelchairBarrier":2,"WheelchairAccess":2,"ObstaclesType":null,"Gradient":0.02466556,"Direction":0,"PositionCertainty":1,"Enabled":1,"DataSource":1,"LevelSource":2,"StreetNameEN":"Reclamation Street","StreetNameTC":"新填地街","ST_CODE":11810,"FloorID":null,"BuildingID_1":null,"BuildingID_2":null,"SiteID":null,"TerminalID":null,"AccessTimeID":null,"CreationDate":1614441600000,"ModifiedBy":"LANDSD","LastAmendmentDate":1655654400000,"Shape__Length":1.3051993638871986}},{"type":"Feature","id":341716,"geometry":{"type":"LineString","coordinates":[[114.16858006729092,22.317369253205669,4.1208999999944353],[114.16856223690168,22.31736605998163,4.0920999999943888]]},"properties":{"OBJECTID":341716,"PedestrianRouteID":240008097,"Location":1,"FeatureType":1,"AliasNameEN":"Shanghai Street","AliasNameTC":"上海街","CrossingFeature":null,"WeatherProof":2,"WheelchairBarrier":2,"WheelchairAccess":2,"ObstaclesType":null,"Gradient":0.015393250000000001,"Direction":0,"PositionCertainty":1,"Enabled":1,"DataSource":1,"LevelSource":12,"StreetNameEN":"Shanghai Street","StreetNameTC":"上海街","ST_CODE":11984,"FloorID":null,"BuildingID_1":null,"BuildingID_2":null,"SiteID":null,"TerminalID":null,"AccessTimeID":null,"CreationDate":1614441600000,"ModifiedBy":"LANDSD","LastAmendmentDate":1689264000000,"Shape__Length":1.8708016089172184}},{"type":"Feature","id":341717,"geometry":{"type":"LineString","coordinates":[[114.17176832277505,22.318700523711303,5.3343000000022585],[114.17174619924371,22.318696553169524,5.3037999999942258]]},"properties":{"OBJECTID":341717,"PedestrianRouteID":240008098,"Location":1,"FeatureType":1,"AliasNameEN":"Sai Yee Street","AliasNameTC":"洗衣街","CrossingFeature":null,"WeatherProof":2,"WheelchairBarrier":2,"WheelchairAccess":2,"ObstaclesType":null,"Gradient":0.01313785,"Direction":0,"PositionCertainty":1,"Enabled":1,"DataSource":1,"LevelSource":2,"StreetNameEN":"Sai Yee Street","StreetNameTC":"洗衣街","ST_CODE":11861,"FloorID":null,"BuildingID_1":null,"BuildingID_2":null,"SiteID":null,"TerminalID":null,"AccessTimeID":null,"CreationDate":1614441600000,"ModifiedBy":"LANDSD","LastAmendmentDate":1655654400000,"Shape__Length":2.3214031354942968}},{"type":"Feature","id":341719,"geometry":{"type":"LineString","coordinates":[[114.16791084584831,22.32052681944954,4.8693999999959487],[114.1679369956218,22.320530883749797,4.9487999999983003]]},"properties":{"OBJECTID":341719,"PedestrianRouteID":240008100,"Location":1,"FeatureType":1,"AliasNameEN":"Mong Kok Road","AliasNameTC":"旺角道","CrossingFeature":null,"WeatherProof":2,"WheelchairBarrier":2,"WheelchairAccess":2,"ObstaclesType":null,"Gradient":0.029060030000000001,"Direction":0,"PositionCertainty":1,"Enabled":1,"DataSource":1,"LevelSource":2,"StreetNameEN":"Mong Kok Road","StreetNameTC":"旺角道","ST_CODE":11454,"FloorID":null,"BuildingID_1":null,"BuildingID_2":null,"SiteID":null,"TerminalID":null,"AccessTimeID":null,"CreationDate":1614441600000,"ModifiedBy":"LANDSD","LastAmendmentDate":1655654400000,"Shape__Length":2.7315057474540301}},{"type":"Feature","id":341720,"geometry":{"type":"LineString","coordinates":[[114.16775836603512,22.320463049583879,4.903600000005099],[114.16774643550868,22.320460875252152,4.9872999999934109]]},"properties":{"OBJECTID":341720,"PedestrianRouteID":240008101,"Location":1,"FeatureType":1,"AliasNameEN":"Mong Kok Road","AliasNameTC":"旺角道","CrossingFeature":null,"WeatherProof":2,"WheelchairBarrier":2,"WheelchairAccess":2,"ObstaclesType":null,"Gradient":0.066724740000000005,"Direction":0,"PositionCertainty":1,"Enabled":1,"DataSource":1,"LevelSource":2,"StreetNameEN":"Mong Kok Road","StreetNameTC":"旺角道","ST_CODE":11454,"FloorID":null,"BuildingID_1":null,"BuildingID_2":null,"SiteID":null,"TerminalID":null,"AccessTimeID":null,"CreationDate":1614441600000,"ModifiedBy":"LANDSD","LastAmendmentDate":1655654400000,"Shape__Length":1.2525450608245425}},{"type":"Feature","id":341721,"geometry":{"type":"LineString","coordinates":[[114.16789325217918,22.320747908167096,4.9323000000003958],[114.16788158174442,22.320745803395269,4.8479999999981374]]},"properties":{"OBJECTID":341721,"PedestrianRouteID":240008102,"Location":1,"FeatureType":1,"AliasNameEN":"Mong Kok Road","AliasNameTC":"旺角道","CrossingFeature":null,"WeatherProof":3,"WheelchairBarrier":2,"WheelchairAccess":2,"ObstaclesType":null,"Gradient":0.068721019999999994,"Direction":0,"PositionCertainty":1,"Enabled":1,"DataSource":1,"LevelSource":2,"StreetNameEN":"Mong Kok Road","StreetNameTC":"旺角道","ST_CODE":11454,"FloorID":null,"BuildingID_1":null,"BuildingID_2":null,"SiteID":null,"TerminalID":null,"AccessTimeID":null,"CreationDate":1614441600000,"ModifiedBy":"LANDSD","LastAmendmentDate":1655654400000,"Shape__Length":1.2247672265258058}},{"type":"Feature","id":341722,"geometry":{"type":"LineString","coordinates":[[114.16788158174442,22.320745803395269,4.8479999999981374],[114.16787229217958,22.320744127707314,4.7808999999979278]]},"properties":{"OBJECTID":341722,"PedestrianRouteID":240008103,"Location":1,"FeatureType":1,"AliasNameEN":"Mong Kok Road","AliasNameTC":"旺角道","CrossingFeature":null,"WeatherProof":2,"WheelchairBarrier":2,"WheelchairAccess":2,"ObstaclesType":null,"Gradient":0.06871845,"Direction":0,"PositionCertainty":1,"Enabled":1,"DataSource":1,"LevelSource":2,"StreetNameEN":"Mong Kok Road","StreetNameTC":"旺角道","ST_CODE":11454,"FloorID":null,"BuildingID_1":null,"BuildingID_2":null,"SiteID":null,"TerminalID":null,"AccessTimeID":null,"CreationDate":1614441600000,"ModifiedBy":"LANDSD","LastAmendmentDate":1655654400000,"Shape__Length":0.97491059093813726}},{"type":"Feature","id":341724,"geometry":{"type":"LineString","coordinates":[[114.16899882672988,22.320196000130064,4.9135999999998603],[114.1689131874747,22.320180475993073,4.9100000000034925]]},"properties":{"OBJECTID":341724,"PedestrianRouteID":240008105,"Location":1,"FeatureType":1,"AliasNameEN":"Fife Street","AliasNameTC":"快富街","CrossingFeature":null,"WeatherProof":2,"WheelchairBarrier":2,"WheelchairAccess":2,"ObstaclesType":null,"Gradient":0.00040047999999999999,"Direction":0,"PositionCertainty":1,"Enabled":1,"DataSource":1,"LevelSource":12,"StreetNameEN":"Fife Street","StreetNameTC":"快富街","ST_CODE":10485,"FloorID":null,"BuildingID_1":null,"BuildingID_2":null,"SiteID":null,"TerminalID":1511000291,"AccessTimeID":null,"CreationDate":1614441600000,"ModifiedBy":"LANDSD","LastAmendmentDate":1660665600000,"Shape__Length":8.9892142882245594}},{"type":"Feature","id":341725,"geometry":{"type":"LineString","coordinates":[[114.1689131874747,22.320180475993073,4.9100000000034925],[114.16891123305193,22.320191117549012,4.9364999999961583],[114.16890762227209,22.320210777877673,4.9854000000050291],[114.16890702031348,22.320214055953684,4.9936000000016065]]},"properties":{"OBJECTID":341725,"PedestrianRouteID":240008106,"Location":1,"FeatureType":1,"AliasNameEN":"Fife Street","AliasNameTC":"快富街","CrossingFeature":null,"WeatherProof":2,"WheelchairBarrier":2,"WheelchairAccess":2,"ObstaclesType":null,"Gradient":0.022157550000000002,"Direction":0,"PositionCertainty":1,"Enabled":1,"DataSource":1,"LevelSource":12,"StreetNameEN":"Fife Street","StreetNameTC":"快富街","ST_CODE":10485,"FloorID":null,"BuildingID_1":null,"BuildingID_2":null,"SiteID":null,"TerminalID":1511000291,"AccessTimeID":null,"CreationDate":1614441600000,"ModifiedBy":"LANDSD","LastAmendmentDate":1690819200000,"Shape__Length":3.7723628253745671}},{"type":"Feature","id":353728,"geometry":{"type":"LineString","coordinates":[[114.16896324286702,22.320224180180496,5.3000000000029104],[114.16890702031348,22.320214055953684,4.9936000000016065]]},"properties":{"OBJECTID":353728,"PedestrianRouteID":240020753,"Location":2,"FeatureType":11,"AliasNameEN":"Mong Kok Station G/F Ramp","AliasNameTC":"旺角鐵路站地下斜道","CrossingFeature":null,"WeatherProof":1,"WheelchairBarrier":2,"WheelchairAccess":1,"ObstaclesType":null,"Gradient":0.051885290000000001,"Direction":0,"PositionCertainty":1,"Enabled":1,"DataSource":8,"LevelSource":7,"StreetNameEN":"","StreetNameTC":"","ST_CODE":null,"FloorID":240000025,"BuildingID_1":null,"BuildingID_2":null,"SiteID":null,"TerminalID":null,"AccessTimeID":null,"CreationDate":1614441600000,"ModifiedBy":"LANDSD","LastAmendmentDate":1748793600000,"Shape__Length":5.9000345249742896}},{"type":"Feature","id":353729,"geometry":{"type":"LineString","coordinates":[[114.16897600810356,22.320226478182335,5.3000000000029104],[114.16898785516007,22.320228603654414,5.3000000000029104]]},"properties":{"OBJECTID":353729,"PedestrianRouteID":240020774,"Location":2,"FeatureType":1,"AliasNameEN":"Mong Kok Station Exit A2 Footway","AliasNameTC":"旺角鐵路站A1出口行人通道","CrossingFeature":null,"WeatherProof":1,"WheelchairBarrier":2,"WheelchairAccess":2,"ObstaclesType":null,"Gradient":0,"Direction":0,"PositionCertainty":1,"Enabled":1,"DataSource":8,"LevelSource":7,"StreetNameEN":null,"StreetNameTC":null,"ST_CODE":null,"FloorID":240000025,"BuildingID_1":null,"BuildingID_2":null,"SiteID":null,"TerminalID":1511000291,"AccessTimeID":null,"CreationDate":1614441600000,"ModifiedBy":"LANDSD","LastAmendmentDate":1748793600000,"Shape__Length":1.2430729869569217}},{"type":"Feature","id":353730,"geometry":{"type":"LineString","coordinates":[[114.16897600810356,22.320226478182335,5.3000000000029104],[114.16896324286702,22.320224180180496,5.3000000000029104]]},"properties":{"OBJECTID":353730,"PedestrianRouteID":240020775,"Location":2,"FeatureType":1,"AliasNameEN":"Mong Kok Station Exit A2 Footway","AliasNameTC":"旺角鐵路站A1出口行人通道","CrossingFeature":null,"WeatherProof":1,"WheelchairBarrier":2,"WheelchairAccess":2,"ObstaclesType":null,"Gradient":0,"Direction":0,"PositionCertainty":1,"Enabled":1,"DataSource":8,"LevelSource":7,"StreetNameEN":null,"StreetNameTC":null,"ST_CODE":null,"FloorID":240000025,"BuildingID_1":null,"BuildingID_2":null,"SiteID":null,"TerminalID":1511000291,"AccessTimeID":null,"CreationDate":1614441600000,"ModifiedBy":"LANDSD","LastAmendmentDate":1748793600000,"Shape__Length":1.3395784412165235}},{"type":"Feature","id":353731,"geometry":{"type":"LineString","coordinates":[[114.16899116779274,22.320229213379683,5.1111999999993714],[114.16898785516007,22.320228603654414,5.3000000000029104]]},"properties":{"OBJECTID":353731,"PedestrianRouteID":240020776,"Location":2,"FeatureType":12,"AliasNameEN":"Mong Kok Station Exit A Staircase","AliasNameTC":"旺角鐵路站A1出口樓梯","CrossingFeature":null,"WeatherProof":1,"WheelchairBarrier":1,"WheelchairAccess":2,"ObstaclesType":null,"Gradient":0.49719646000000001,"Direction":0,"PositionCertainty":1,"Enabled":1,"DataSource":8,"LevelSource":7,"StreetNameEN":null,"StreetNameTC":null,"ST_CODE":null,"FloorID":null,"BuildingID_1":null,"BuildingID_2":null,"SiteID":null,"TerminalID":1511000291,"AccessTimeID":null,"CreationDate":1614441600000,"ModifiedBy":"LANDSD","LastAmendmentDate":1748793600000,"Shape__Length":0.34791082158068359}},{"type":"Feature","id":353819,"geometry":{"type":"LineString","coordinates":[[114.17094058882689,22.317808591686607,5.5755999999964843],[114.17095664413566,22.317811528115755,5.5852000000013504]]},"properties":{"OBJECTID":353819,"PedestrianRouteID":240021464,"Location":1,"FeatureType":1,"AliasNameEN":"Tung Choi Street","AliasNameTC":"通菜街","CrossingFeature":null,"WeatherProof":2,"WheelchairBarrier":2,"WheelchairAccess":2,"ObstaclesType":null,"Gradient":0.0056944200000000004,"Direction":0,"PositionCertainty":1,"Enabled":1,"DataSource":1,"LevelSource":12,"StreetNameEN":"Tung Choi Street","StreetNameTC":"通菜街","ST_CODE":12513,"FloorID":null,"BuildingID_1":null,"BuildingID_2":null,"SiteID":null,"TerminalID":null,"AccessTimeID":null,"CreationDate":1614441600000,"ModifiedBy":"LANDSD","LastAmendmentDate":1689264000000,"Shape__Length":1.6858433048778696}},{"type":"Feature","id":353820,"geometry":{"type":"LineString","coordinates":[[114.17096070685395,22.31779200501699,5.6186000000016065],[114.17095664413566,22.317811528115755,5.5852000000013504]]},"properties":{"OBJECTID":353820,"PedestrianRouteID":240021465,"Location":1,"FeatureType":1,"AliasNameEN":"Tung Choi Street","AliasNameTC":"通菜街","CrossingFeature":null,"WeatherProof":3,"WheelchairBarrier":2,"WheelchairAccess":2,"ObstaclesType":null,"Gradient":0.01516663,"Direction":0,"PositionCertainty":1,"Enabled":1,"DataSource":1,"LevelSource":12,"StreetNameEN":"Tung Choi Street","StreetNameTC":"通菜街","ST_CODE":12513,"FloorID":null,"BuildingID_1":null,"BuildingID_2":null,"SiteID":null,"TerminalID":null,"AccessTimeID":null,"CreationDate":1614441600000,"ModifiedBy":"LANDSD","LastAmendmentDate":1689264000000,"Shape__Length":2.2020340268156402}},{"type":"Feature","id":353821,"geometry":{"type":"LineString","coordinates":[[114.1708096160833,22.317784648572381,5.449399999997695],[114.17081385746233,22.317763881067719,5.4510000000009313],[114.17081424383642,22.317761990075201,5.451600000000326]]},"properties":{"OBJECTID":353821,"PedestrianRouteID":240021466,"Location":1,"FeatureType":1,"AliasNameEN":"Tung Choi Street","AliasNameTC":"通菜街","CrossingFeature":null,"WeatherProof":3,"WheelchairBarrier":2,"WheelchairAccess":2,"ObstaclesType":null,"Gradient":0.00086140000000000001,"Direction":0,"PositionCertainty":1,"Enabled":1,"DataSource":1,"LevelSource":2,"StreetNameEN":"Tung Choi Street","StreetNameTC":"通菜街","ST_CODE":12513,"FloorID":null,"BuildingID_1":null,"BuildingID_2":null,"SiteID":null,"TerminalID":null,"AccessTimeID":null,"CreationDate":1614441600000,"ModifiedBy":"LANDSD","LastAmendmentDate":1656086400000,"Shape__Length":2.5539823219922209}},{"type":"Feature","id":353822,"geometry":{"type":"LineString","coordinates":[[114.17083903172882,22.317645750963685,5.4452000000019325],[114.17083556698506,22.317662770800556,5.4073999999964144]]},"properties":{"OBJECTID":353822,"PedestrianRouteID":240021467,"Location":1,"FeatureType":1,"AliasNameEN":"Tung Choi Street","AliasNameTC":"通菜街","CrossingFeature":null,"WeatherProof":2,"WheelchairBarrier":2,"WheelchairAccess":2,"ObstaclesType":null,"Gradient":0.019703479999999999,"Direction":0,"PositionCertainty":1,"Enabled":1,"DataSource":1,"LevelSource":2,"StreetNameEN":"Tung Choi Street","StreetNameTC":"通菜街","ST_CODE":12513,"FloorID":null,"BuildingID_1":null,"BuildingID_2":null,"SiteID":null,"TerminalID":null,"AccessTimeID":null,"CreationDate":1614441600000,"ModifiedBy":"LANDSD","LastAmendmentDate":1656086400000,"Shape__Length":1.9181949069601887}},{"type":"Feature","id":353823,"geometry":{"type":"LineString","coordinates":[[114.17098406222657,22.317671453722092,5.467000000004191],[114.17098131685576,22.317684813487272,5.4649999999965075]]},"properties":{"OBJECTID":353823,"PedestrianRouteID":240021468,"Location":1,"FeatureType":1,"AliasNameEN":"Tung Choi Street","AliasNameTC":"通菜街","CrossingFeature":null,"WeatherProof":2,"WheelchairBarrier":2,"WheelchairAccess":2,"ObstaclesType":null,"Gradient":0.0013278599999999999,"Direction":0,"PositionCertainty":1,"Enabled":1,"DataSource":1,"LevelSource":2,"StreetNameEN":"Tung Choi Street","StreetNameTC":"通菜街","ST_CODE":12513,"FloorID":null,"BuildingID_1":null,"BuildingID_2":null,"SiteID":null,"TerminalID":null,"AccessTimeID":null,"CreationDate":1614441600000,"ModifiedBy":"LANDSD","LastAmendmentDate":1656086400000,"Shape__Length":1.5061873053900836}},{"type":"Feature","id":353824,"geometry":{"type":"LineString","coordinates":[[114.1704215412577,22.31758707947192,5.3218000000051688],[114.17042777475751,22.317556870566996,5.3540000000066357]]},"properties":{"OBJECTID":353824,"PedestrianRouteID":240021469,"Location":1,"FeatureType":1,"AliasNameEN":"Sai Yeung Choi Street South","AliasNameTC":"西洋菜南街","CrossingFeature":null,"WeatherProof":3,"WheelchairBarrier":2,"WheelchairAccess":2,"ObstaclesType":null,"Gradient":0.01944688,"Direction":0,"PositionCertainty":1,"Enabled":1,"DataSource":1,"LevelSource":2,"StreetNameEN":"Sai Yeung Choi Street South","StreetNameTC":"西洋菜南街","ST_CODE":11864,"FloorID":null,"BuildingID_1":null,"BuildingID_2":null,"SiteID":null,"TerminalID":null,"AccessTimeID":null,"CreationDate":1614441600000,"ModifiedBy":"LANDSD","LastAmendmentDate":1766073600000,"Shape__Length":3.4062670846522742}},{"type":"Feature","id":353825,"geometry":{"type":"LineString","coordinates":[[114.17025813567527,22.317689518725807,5.16019999999844],[114.17026232858932,22.317669060079769,5.1490999999950873]]},"properties":{"OBJECTID":353825,"PedestrianRouteID":240021470,"Location":1,"FeatureType":1,"AliasNameEN":"Sai Yeung Choi Street South","AliasNameTC":"西洋菜南街","CrossingFeature":null,"WeatherProof":2,"WheelchairBarrier":2,"WheelchairAccess":2,"ObstaclesType":null,"Gradient":0.00302089,"Direction":0,"PositionCertainty":1,"Enabled":1,"DataSource":1,"LevelSource":2,"StreetNameEN":"Sai Yeung Choi Street South","StreetNameTC":"西洋菜南街","ST_CODE":11864,"FloorID":null,"BuildingID_1":null,"BuildingID_2":null,"SiteID":null,"TerminalID":null,"AccessTimeID":null,"CreationDate":1614441600000,"ModifiedBy":"LANDSD","LastAmendmentDate":1766073600000,"Shape__Length":2.306301771023187}},{"type":"Feature","id":353826,"geometry":{"type":"LineString","coordinates":[[114.16960123147237,22.317550200144314,4.6586999999999534],[114.16959445394511,22.317549007803319,4.6217999999935273]]},"properties":{"OBJECTID":353826,"PedestrianRouteID":240021471,"Location":1,"FeatureType":1,"AliasNameEN":"Nathan Road","AliasNameTC":"彌敦道","CrossingFeature":null,"WeatherProof":2,"WheelchairBarrier":2,"WheelchairAccess":2,"ObstaclesType":null,"Gradient":0.051876499999999999,"Direction":0,"PositionCertainty":1,"Enabled":1,"DataSource":1,"LevelSource":2,"StreetNameEN":"Nathan Road","StreetNameTC":"彌敦道","ST_CODE":11504,"FloorID":null,"BuildingID_1":null,"BuildingID_2":null,"SiteID":null,"TerminalID":null,"AccessTimeID":null,"CreationDate":1614441600000,"ModifiedBy":"LANDSD","LastAmendmentDate":1656086400000,"Shape__Length":0.71066651032796913}},{"type":"Feature","id":353827,"geometry":{"type":"LineString","coordinates":[[114.16987031865908,22.317598604173831,4.8224000000045635],[114.16984934451708,22.317594834804389,4.7332000000023982]]},"properties":{"OBJECTID":353827,"PedestrianRouteID":240021472,"Location":1,"FeatureType":1,"AliasNameEN":"Nathan Road","AliasNameTC":"彌敦道","CrossingFeature":null,"WeatherProof":2,"WheelchairBarrier":2,"WheelchairAccess":2,"ObstaclesType":null,"Gradient":0.04050629,"Direction":0,"PositionCertainty":1,"Enabled":1,"DataSource":1,"LevelSource":2,"StreetNameEN":"Nathan Road","StreetNameTC":"彌敦道","ST_CODE":11504,"FloorID":null,"BuildingID_1":null,"BuildingID_2":null,"SiteID":null,"TerminalID":null,"AccessTimeID":null,"CreationDate":1614441600000,"ModifiedBy":"LANDSD","LastAmendmentDate":1656086400000,"Shape__Length":2.2009225998327482}},{"type":"Feature","id":353828,"geometry":{"type":"LineString","coordinates":[[114.16989451031596,22.317483969915962,4.7424999999930151],[114.1698731489271,22.317480209563605,4.8977000000013504]]},"properties":{"OBJECTID":353828,"PedestrianRouteID":240021473,"Location":1,"FeatureType":1,"AliasNameEN":"Nathan Road","AliasNameTC":"彌敦道","CrossingFeature":null,"WeatherProof":3,"WheelchairBarrier":2,"WheelchairAccess":2,"ObstaclesType":null,"Gradient":0.012098029999999999,"Direction":0,"PositionCertainty":1,"Enabled":1,"DataSource":1,"LevelSource":2,"StreetNameEN":"Nathan Road","StreetNameTC":"彌敦道","ST_CODE":11504,"FloorID":null,"BuildingID_1":null,"BuildingID_2":null,"SiteID":null,"TerminalID":null,"AccessTimeID":null,"CreationDate":1614441600000,"ModifiedBy":"LANDSD","LastAmendmentDate":1689264000000,"Shape__Length":2.2399255570792795}},{"type":"Feature","id":353829,"geometry":{"type":"LineString","coordinates":[[114.16900576027258,22.31747012078273,4.361799999998766],[114.1690106057783,22.317446364226189,4.338000000003376]]},"properties":{"OBJECTID":353829,"PedestrianRouteID":240021474,"Location":1,"FeatureType":1,"AliasNameEN":"Portland Street","AliasNameTC":"砵蘭街","CrossingFeature":null,"WeatherProof":2,"WheelchairBarrier":2,"WheelchairAccess":2,"ObstaclesType":null,"Gradient":0.0088882400000000004,"Direction":0,"PositionCertainty":1,"Enabled":1,"DataSource":1,"LevelSource":2,"StreetNameEN":"Portland Street","StreetNameTC":"砵蘭街","ST_CODE":11777,"FloorID":null,"BuildingID_1":null,"BuildingID_2":null,"SiteID":null,"TerminalID":null,"AccessTimeID":null,"CreationDate":1614441600000,"ModifiedBy":"LANDSD","LastAmendmentDate":1656086400000,"Shape__Length":2.6776264298296861}},{"type":"Feature","id":353830,"geometry":{"type":"LineString","coordinates":[[114.16914228355891,22.317469472594485,4.4235999999946216],[114.16912135215665,22.317465790729649,4.3824000000022352]]},"properties":{"OBJECTID":353830,"PedestrianRouteID":240021475,"Location":1,"FeatureType":1,"AliasNameEN":"Portland Street","AliasNameTC":"砵蘭街","CrossingFeature":null,"WeatherProof":2,"WheelchairBarrier":2,"WheelchairAccess":2,"ObstaclesType":null,"Gradient":0.018769600000000001,"Direction":0,"PositionCertainty":1,"Enabled":1,"DataSource":1,"LevelSource":2,"StreetNameEN":"Portland Street","StreetNameTC":"砵蘭街","ST_CODE":11777,"FloorID":null,"BuildingID_1":null,"BuildingID_2":null,"SiteID":null,"TerminalID":null,"AccessTimeID":null,"CreationDate":1614441600000,"ModifiedBy":"LANDSD","LastAmendmentDate":1656086400000,"Shape__Length":2.1947804714466805}},{"type":"Feature","id":353831,"geometry":{"type":"LineString","coordinates":[[114.16903970268186,22.317310326010098,4.229300000006333],[114.16903514459256,22.31733202360569,4.2154000000009546]]},"properties":{"OBJECTID":353831,"PedestrianRouteID":240021476,"Location":1,"FeatureType":1,"AliasNameEN":"Portland Street","AliasNameTC":"砵蘭街","CrossingFeature":null,"WeatherProof":2,"WheelchairBarrier":2,"WheelchairAccess":2,"ObstaclesType":null,"Gradient":0.0056777199999999998,"Direction":0,"PositionCertainty":1,"Enabled":1,"DataSource":1,"LevelSource":2,"StreetNameEN":"Portland Street","StreetNameTC":"砵蘭街","ST_CODE":11777,"FloorID":null,"BuildingID_1":null,"BuildingID_2":null,"SiteID":null,"TerminalID":null,"AccessTimeID":null,"CreationDate":1614441600000,"ModifiedBy":"LANDSD","LastAmendmentDate":1656086400000,"Shape__Length":2.4481416499467539}},{"type":"Feature","id":353832,"geometry":{"type":"LineString","coordinates":[[114.16916665724199,22.317355662042594,4.5454999999928987],[114.16915218697065,22.317352977464765,4.5029000000067754]]},"properties":{"OBJECTID":353832,"PedestrianRouteID":240021477,"Location":1,"FeatureType":1,"AliasNameEN":"Portland Street","AliasNameTC":"砵蘭街","CrossingFeature":null,"WeatherProof":2,"WheelchairBarrier":2,"WheelchairAccess":2,"ObstaclesType":null,"Gradient":0.02801468,"Direction":0,"PositionCertainty":1,"Enabled":1,"DataSource":1,"LevelSource":2,"StreetNameEN":"Portland Street","StreetNameTC":"砵蘭街","ST_CODE":11777,"FloorID":null,"BuildingID_1":null,"BuildingID_2":null,"SiteID":null,"TerminalID":null,"AccessTimeID":null,"CreationDate":1614441600000,"ModifiedBy":"LANDSD","LastAmendmentDate":1656086400000,"Shape__Length":1.5202337490038811}},{"type":"Feature","id":353833,"geometry":{"type":"LineString","coordinates":[[114.16858574827681,22.31725076393861,3.9817000000039116],[114.16860540720734,22.317254318476731,3.9882000000070548]]},"properties":{"OBJECTID":353833,"PedestrianRouteID":240021478,"Location":1,"FeatureType":1,"AliasNameEN":"Shanghai Street","AliasNameTC":"上海街","CrossingFeature":null,"WeatherProof":2,"WheelchairBarrier":2,"WheelchairAccess":2,"ObstaclesType":null,"Gradient":0.0031501799999999998,"Direction":0,"PositionCertainty":1,"Enabled":1,"DataSource":1,"LevelSource":2,"StreetNameEN":"Shanghai Street","StreetNameTC":"上海街","ST_CODE":11984,"FloorID":null,"BuildingID_1":null,"BuildingID_2":null,"SiteID":null,"TerminalID":null,"AccessTimeID":null,"CreationDate":1614441600000,"ModifiedBy":"LANDSD","LastAmendmentDate":1656086400000,"Shape__Length":2.0633692112728532}},{"type":"Feature","id":353834,"geometry":{"type":"LineString","coordinates":[[114.16797089290209,22.317257124272277,3.9842000000062399],[114.1679424085843,22.317251997849933,3.993400000006659]]},"properties":{"OBJECTID":353834,"PedestrianRouteID":240021479,"Location":1,"FeatureType":1,"AliasNameEN":"Reclamation Street","AliasNameTC":"新填地街","CrossingFeature":null,"WeatherProof":3,"WheelchairBarrier":2,"WheelchairAccess":2,"ObstaclesType":null,"Gradient":0.0030777700000000001,"Direction":0,"PositionCertainty":1,"Enabled":1,"DataSource":1,"LevelSource":2,"StreetNameEN":"Reclamation Street","StreetNameTC":"新填地街","ST_CODE":11810,"FloorID":null,"BuildingID_1":null,"BuildingID_2":null,"SiteID":null,"TerminalID":null,"AccessTimeID":null,"CreationDate":1614441600000,"ModifiedBy":"LANDSD","LastAmendmentDate":1656086400000,"Shape__Length":2.9891649821512236}},{"type":"Feature","id":353841,"geometry":{"type":"LineString","coordinates":[[114.16774679441274,22.319129403603743,4.4760999999998603],[114.16773489699811,22.319127259073657,4.47620000000461]]},"properties":{"OBJECTID":353841,"PedestrianRouteID":240021486,"Location":1,"FeatureType":1,"AliasNameEN":"Argyle Street","AliasNameTC":"亞皆老街","CrossingFeature":null,"WeatherProof":2,"WheelchairBarrier":2,"WheelchairAccess":2,"ObstaclesType":null,"Gradient":8.0090000000000001e-05,"Direction":0,"PositionCertainty":1,"Enabled":1,"DataSource":1,"LevelSource":2,"StreetNameEN":"Argyle Street","StreetNameTC":"亞皆老街","ST_CODE":10027,"FloorID":null,"BuildingID_1":null,"BuildingID_2":null,"SiteID":null,"TerminalID":null,"AccessTimeID":null,"CreationDate":1614441600000,"ModifiedBy":"LANDSD","LastAmendmentDate":1656086400000,"Shape__Length":1.2485769499199897}},{"type":"Feature","id":353844,"geometry":{"type":"LineString","coordinates":[[114.16778895924607,22.31892970248483,4.58629999999539],[114.16777244090417,22.318926742237018,4.5792999999976018]]},"properties":{"OBJECTID":353844,"PedestrianRouteID":240021489,"Location":1,"FeatureType":1,"AliasNameEN":"Argyle Street","AliasNameTC":"亞皆老街","CrossingFeature":null,"WeatherProof":2,"WheelchairBarrier":2,"WheelchairAccess":2,"ObstaclesType":null,"Gradient":0.0040388400000000001,"Direction":0,"PositionCertainty":1,"Enabled":1,"DataSource":1,"LevelSource":2,"StreetNameEN":"Argyle Street","StreetNameTC":"亞皆老街","ST_CODE":10027,"FloorID":null,"BuildingID_1":null,"BuildingID_2":null,"SiteID":null,"TerminalID":null,"AccessTimeID":null,"CreationDate":1614441600000,"ModifiedBy":"LANDSD","LastAmendmentDate":1656086400000,"Shape__Length":1.7331621095861864}},{"type":"Feature","id":353845,"geometry":{"type":"LineString","coordinates":[[114.16802194518827,22.319195914664508,4.6649000000033993],[114.16802533844267,22.319179601982736,4.6934999999939464]]},"properties":{"OBJECTID":353845,"PedestrianRouteID":240021490,"Location":1,"FeatureType":1,"AliasNameEN":"Argyle Street","AliasNameTC":"亞皆老街","CrossingFeature":null,"WeatherProof":2,"WheelchairBarrier":2,"WheelchairAccess":2,"ObstaclesType":null,"Gradient":0.015543070000000001,"Direction":0,"PositionCertainty":1,"Enabled":1,"DataSource":1,"LevelSource":2,"StreetNameEN":"Argyle Street","StreetNameTC":"亞皆老街","ST_CODE":10027,"FloorID":null,"BuildingID_1":null,"BuildingID_2":null,"SiteID":null,"TerminalID":null,"AccessTimeID":null,"CreationDate":1614441600000,"ModifiedBy":"LANDSD","LastAmendmentDate":1656086400000,"Shape__Length":1.8398997837173869}},{"type":"Feature","id":353846,"geometry":{"type":"LineString","coordinates":[[114.1681814541047,22.319207013724224,4.7985000000044238],[114.16817797250562,22.319223942291046,4.8062000000063563]]},"properties":{"OBJECTID":353846,"PedestrianRouteID":240021491,"Location":1,"FeatureType":1,"AliasNameEN":"Argyle Street","AliasNameTC":"亞皆老街","CrossingFeature":null,"WeatherProof":2,"WheelchairBarrier":2,"WheelchairAccess":2,"ObstaclesType":null,"Gradient":0.0040343699999999998,"Direction":0,"PositionCertainty":1,"Enabled":1,"DataSource":1,"LevelSource":2,"StreetNameEN":"Argyle Street","StreetNameTC":"亞皆老街","ST_CODE":10027,"FloorID":null,"BuildingID_1":null,"BuildingID_2":null,"SiteID":null,"TerminalID":null,"AccessTimeID":null,"CreationDate":1614441600000,"ModifiedBy":"LANDSD","LastAmendmentDate":1656086400000,"Shape__Length":1.908590873521574}},{"type":"Feature","id":353847,"geometry":{"type":"LineString","coordinates":[[114.16825052228596,22.319006604114993,4.3513999999995576],[114.16823454454008,22.319003743279392,4.4360000000015134]]},"properties":{"OBJECTID":353847,"PedestrianRouteID":240021492,"Location":1,"FeatureType":1,"AliasNameEN":"Argyle Street","AliasNameTC":"亞皆老街","CrossingFeature":null,"WeatherProof":2,"WheelchairBarrier":2,"WheelchairAccess":2,"ObstaclesType":null,"Gradient":0.0504229,"Direction":0,"PositionCertainty":1,"Enabled":1,"DataSource":1,"LevelSource":2,"StreetNameEN":"Argyle Street","StreetNameTC":"亞皆老街","ST_CODE":10027,"FloorID":null,"BuildingID_1":null,"BuildingID_2":null,"SiteID":null,"TerminalID":null,"AccessTimeID":null,"CreationDate":1614441600000,"ModifiedBy":"LANDSD","LastAmendmentDate":1656086400000,"Shape__Length":1.6763869873080166}},{"type":"Feature","id":353848,"geometry":{"type":"LineString","coordinates":[[114.16806994781072,22.318980066184466,4.8451999999961117],[114.16805664402817,22.318977681388127,4.8326999999990221]]},"properties":{"OBJECTID":353848,"PedestrianRouteID":240021493,"Location":1,"FeatureType":1,"AliasNameEN":"Argyle Street","AliasNameTC":"亞皆老街","CrossingFeature":null,"WeatherProof":2,"WheelchairBarrier":2,"WheelchairAccess":2,"ObstaclesType":null,"Gradient":0.00895461,"Direction":0,"PositionCertainty":1,"Enabled":1,"DataSource":1,"LevelSource":2,"StreetNameEN":"Argyle Street","StreetNameTC":"亞皆老街","ST_CODE":10027,"FloorID":null,"BuildingID_1":null,"BuildingID_2":null,"SiteID":null,"TerminalID":null,"AccessTimeID":null,"CreationDate":1614441600000,"ModifiedBy":"LANDSD","LastAmendmentDate":1656086400000,"Shape__Length":1.3958920050733996}},{"type":"Feature","id":353849,"geometry":{"type":"LineString","coordinates":[[114.16864232300547,22.319289393964539,4.7087000000028638],[114.16863674247587,22.31931583074795,4.6698000000033062]]},"properties":{"OBJECTID":353849,"PedestrianRouteID":240021494,"Location":1,"FeatureType":1,"AliasNameEN":"Argyle Street","AliasNameTC":"亞皆老街","CrossingFeature":null,"WeatherProof":3,"WheelchairBarrier":2,"WheelchairAccess":2,"ObstaclesType":null,"Gradient":0.01303809,"Direction":0,"PositionCertainty":1,"Enabled":1,"DataSource":1,"LevelSource":2,"StreetNameEN":"Argyle Street","StreetNameTC":"亞皆老街","ST_CODE":10027,"FloorID":null,"BuildingID_1":null,"BuildingID_2":null,"SiteID":null,"TerminalID":null,"AccessTimeID":null,"CreationDate":1614441600000,"ModifiedBy":"LANDSD","LastAmendmentDate":1656086400000,"Shape__Length":2.9833959326315957}},{"type":"Feature","id":353850,"geometry":{"type":"LineString","coordinates":[[114.16921534002918,22.319407788598031,4.7256000000052154],[114.16920324942052,22.319405628814661,4.868400000006659]]},"properties":{"OBJECTID":353850,"PedestrianRouteID":240021495,"Location":1,"FeatureType":1,"AliasNameEN":"Argyle Street","AliasNameTC":"亞皆老街","CrossingFeature":null,"WeatherProof":3,"WheelchairBarrier":2,"WheelchairAccess":2,"ObstaclesType":null,"Gradient":0.11210729999999999,"Direction":0,"PositionCertainty":1,"Enabled":1,"DataSource":1,"LevelSource":2,"StreetNameEN":"Argyle Street","StreetNameTC":"亞皆老街","ST_CODE":10027,"FloorID":null,"BuildingID_1":null,"BuildingID_2":null,"SiteID":null,"TerminalID":null,"AccessTimeID":null,"CreationDate":1614441600000,"ModifiedBy":"LANDSD","LastAmendmentDate":1656086400000,"Shape__Length":1.2684389222912733}},{"type":"Feature","id":353851,"geometry":{"type":"LineString","coordinates":[[114.1692627823596,22.319182046727214,4.6826000000000931],[114.16924936982896,22.319179698146097,4.6453000000037719]]},"properties":{"OBJECTID":353851,"PedestrianRouteID":240021496,"Location":1,"FeatureType":1,"AliasNameEN":"Argyle Street","AliasNameTC":"亞皆老街","CrossingFeature":null,"WeatherProof":2,"WheelchairBarrier":2,"WheelchairAccess":2,"ObstaclesType":null,"Gradient":0.026520180000000001,"Direction":0,"PositionCertainty":1,"Enabled":1,"DataSource":1,"LevelSource":2,"StreetNameEN":"Argyle Street","StreetNameTC":"亞皆老街","ST_CODE":10027,"FloorID":null,"BuildingID_1":null,"BuildingID_2":null,"SiteID":null,"TerminalID":null,"AccessTimeID":null,"CreationDate":1614441600000,"ModifiedBy":"LANDSD","LastAmendmentDate":1656086400000,"Shape__Length":1.4061463689639255}},{"type":"Feature","id":353852,"geometry":{"type":"LineString","coordinates":[[114.16949282127641,22.319459643324947,4.7847000000037951],[114.16946551474824,22.319454761953818,4.7529999999969732]]},"properties":{"OBJECTID":353852,"PedestrianRouteID":240021497,"Location":1,"FeatureType":1,"AliasNameEN":"Argyle Street","AliasNameTC":"亞皆老街","CrossingFeature":null,"WeatherProof":2,"WheelchairBarrier":2,"WheelchairAccess":2,"ObstaclesType":null,"Gradient":0.01106478,"Direction":0,"PositionCertainty":1,"Enabled":1,"DataSource":1,"LevelSource":2,"StreetNameEN":"Argyle Street","StreetNameTC":"亞皆老街","ST_CODE":10027,"FloorID":null,"BuildingID_1":null,"BuildingID_2":null,"SiteID":null,"TerminalID":null,"AccessTimeID":null,"CreationDate":1614441600000,"ModifiedBy":"LANDSD","LastAmendmentDate":1656086400000,"Shape__Length":2.8648301381019854}},{"type":"Feature","id":353853,"geometry":{"type":"LineString","coordinates":[[114.16953859443214,22.31923952103821,4.8660999999992782],[114.16951372993665,22.319235166268527,4.8490000000019791]]},"properties":{"OBJECTID":353853,"PedestrianRouteID":240021498,"Location":1,"FeatureType":1,"AliasNameEN":"Argyle Street","AliasNameTC":"亞皆老街","CrossingFeature":null,"WeatherProof":2,"WheelchairBarrier":2,"WheelchairAccess":2,"ObstaclesType":null,"Gradient":0.0065597499999999996,"Direction":0,"PositionCertainty":1,"Enabled":1,"DataSource":1,"LevelSource":2,"StreetNameEN":"Argyle Street","StreetNameTC":"亞皆老街","ST_CODE":10027,"FloorID":null,"BuildingID_1":null,"BuildingID_2":null,"SiteID":null,"TerminalID":null,"AccessTimeID":null,"CreationDate":1614441600000,"ModifiedBy":"LANDSD","LastAmendmentDate":1656086400000,"Shape__Length":2.6067680462849809}},{"type":"Feature","id":353854,"geometry":{"type":"LineString","coordinates":[[114.16988666967573,22.319530045120892,4.9829999999928987],[114.16988181360266,22.319553134336182,4.8206999999965774]]},"properties":{"OBJECTID":353854,"PedestrianRouteID":240021499,"Location":1,"FeatureType":1,"AliasNameEN":"Argyle Street","AliasNameTC":"亞皆老街","CrossingFeature":null,"WeatherProof":2,"WheelchairBarrier":2,"WheelchairAccess":2,"ObstaclesType":null,"Gradient":0.00122828,"Direction":0,"PositionCertainty":1,"Enabled":1,"DataSource":1,"LevelSource":2,"StreetNameEN":"Argyle Street","StreetNameTC":"亞皆老街","ST_CODE":10027,"FloorID":null,"BuildingID_1":null,"BuildingID_2":null,"SiteID":null,"TerminalID":null,"AccessTimeID":null,"CreationDate":1614441600000,"ModifiedBy":"LANDSD","LastAmendmentDate":1689264000000,"Shape__Length":2.6052689442790777}},{"type":"Feature","id":353855,"geometry":{"type":"LineString","coordinates":[[114.16992869734455,22.319296933861253,4.960399999996298],[114.16992653919144,22.319307462539513,4.9603000000061002]]},"properties":{"OBJECTID":353855,"PedestrianRouteID":240021500,"Location":1,"FeatureType":1,"AliasNameEN":"Argyle Street","AliasNameTC":"亞皆老街","CrossingFeature":null,"WeatherProof":2,"WheelchairBarrier":2,"WheelchairAccess":2,"ObstaclesType":null,"Gradient":8.4250000000000001e-05,"Direction":0,"PositionCertainty":1,"Enabled":1,"DataSource":1,"LevelSource":2,"StreetNameEN":"Argyle Street","StreetNameTC":"亞皆老街","ST_CODE":10027,"FloorID":null,"BuildingID_1":null,"BuildingID_2":null,"SiteID":null,"TerminalID":null,"AccessTimeID":null,"CreationDate":1614441600000,"ModifiedBy":"LANDSD","LastAmendmentDate":1656086400000,"Shape__Length":1.1869035777349743}},{"type":"Feature","id":353856,"geometry":{"type":"LineString","coordinates":[[114.17007042107322,22.319333344867125,5.140400000003865],[114.1700727190179,22.319322066653466,5.1708000000071479]]},"properties":{"OBJECTID":353856,"PedestrianRouteID":240021501,"Location":1,"FeatureType":1,"AliasNameEN":"Argyle Street","AliasNameTC":"亞皆老街","CrossingFeature":null,"WeatherProof":2,"WheelchairBarrier":2,"WheelchairAccess":2,"ObstaclesType":null,"Gradient":0.023911120000000001,"Direction":0,"PositionCertainty":1,"Enabled":1,"DataSource":1,"LevelSource":2,"StreetNameEN":"Argyle Street","StreetNameTC":"亞皆老街","ST_CODE":10027,"FloorID":null,"BuildingID_1":null,"BuildingID_2":null,"SiteID":null,"TerminalID":null,"AccessTimeID":null,"CreationDate":1614441600000,"ModifiedBy":"LANDSD","LastAmendmentDate":1656086400000,"Shape__Length":1.2711326052498089}},{"type":"Feature","id":353857,"geometry":{"type":"LineString","coordinates":[[114.17042344912419,22.319656516307873,5.3616999999940163],[114.17043087971011,22.319620899034984,5.3439000000071246]]},"properties":{"OBJECTID":353857,"PedestrianRouteID":240021502,"Location":1,"FeatureType":1,"AliasNameEN":"Argyle Street","AliasNameTC":"亞皆老街","CrossingFeature":null,"WeatherProof":3,"WheelchairBarrier":2,"WheelchairAccess":2,"ObstaclesType":null,"Gradient":0.0044303900000000002,"Direction":0,"PositionCertainty":1,"Enabled":1,"DataSource":1,"LevelSource":2,"StreetNameEN":"Argyle Street","StreetNameTC":"亞皆老街","ST_CODE":10027,"FloorID":null,"BuildingID_1":null,"BuildingID_2":null,"SiteID":null,"TerminalID":null,"AccessTimeID":null,"CreationDate":1614441600000,"ModifiedBy":"LANDSD","LastAmendmentDate":1656086400000,"Shape__Length":4.0176811682350007}},{"type":"Feature","id":353858,"geometry":{"type":"LineString","coordinates":[[114.17047864632835,22.319394054191033,5.2072000000043772],[114.17047616784315,22.319406236365783,5.2128999999986263]]},"properties":{"OBJECTID":353858,"PedestrianRouteID":240021503,"Location":1,"FeatureType":1,"AliasNameEN":"Argyle Street","AliasNameTC":"亞皆老街","CrossingFeature":null,"WeatherProof":2,"WheelchairBarrier":2,"WheelchairAccess":2,"ObstaclesType":null,"Gradient":0.0041516299999999999,"Direction":0,"PositionCertainty":1,"Enabled":1,"DataSource":1,"LevelSource":2,"StreetNameEN":"Argyle Street","StreetNameTC":"亞皆老街","ST_CODE":10027,"FloorID":null,"BuildingID_1":null,"BuildingID_2":null,"SiteID":null,"TerminalID":null,"AccessTimeID":null,"CreationDate":1614441600000,"ModifiedBy":"LANDSD","LastAmendmentDate":1656086400000,"Shape__Length":1.3729454081413268}},{"type":"Feature","id":353859,"geometry":{"type":"LineString","coordinates":[[114.17062377615041,22.319429847153604,5.2473999999929219],[114.17062561388805,22.319420857267232,5.2418000000034226]]},"properties":{"OBJECTID":353859,"PedestrianRouteID":240021504,"Location":1,"FeatureType":1,"AliasNameEN":"Argyle Street","AliasNameTC":"亞皆老街","CrossingFeature":null,"WeatherProof":3,"WheelchairBarrier":2,"WheelchairAccess":2,"ObstaclesType":null,"Gradient":0.00552623,"Direction":0,"PositionCertainty":1,"Enabled":1,"DataSource":1,"LevelSource":2,"StreetNameEN":"Argyle Street","StreetNameTC":"亞皆老街","ST_CODE":10027,"FloorID":null,"BuildingID_1":null,"BuildingID_2":null,"SiteID":null,"TerminalID":null,"AccessTimeID":null,"CreationDate":1614441600000,"ModifiedBy":"LANDSD","LastAmendmentDate":1656086400000,"Shape__Length":1.0133384135054937}},{"type":"Feature","id":353860,"geometry":{"type":"LineString","coordinates":[[114.17058653300897,22.319677976652173,5.3589999999967404],[114.17057090843315,22.319675201851247,5.3839000000007218]]},"properties":{"OBJECTID":353860,"PedestrianRouteID":240021505,"Location":1,"FeatureType":1,"AliasNameEN":"Argyle Street","AliasNameTC":"亞皆老街","CrossingFeature":null,"WeatherProof":2,"WheelchairBarrier":2,"WheelchairAccess":2,"ObstaclesType":null,"Gradient":0.01519242,"Direction":0,"PositionCertainty":1,"Enabled":1,"DataSource":1,"LevelSource":2,"StreetNameEN":"Argyle Street","StreetNameTC":"亞皆老街","ST_CODE":10027,"FloorID":null,"BuildingID_1":null,"BuildingID_2":null,"SiteID":null,"TerminalID":null,"AccessTimeID":null,"CreationDate":1614441600000,"ModifiedBy":"LANDSD","LastAmendmentDate":1656086400000,"Shape__Length":1.6388495595948969}},{"type":"Feature","id":353861,"geometry":{"type":"LineString","coordinates":[[114.17097794057929,22.319747495218856,5.4474999999947613],[114.17096310507932,22.319744860458449,5.4370999999955529]]},"properties":{"OBJECTID":353861,"PedestrianRouteID":240021506,"Location":1,"FeatureType":1,"AliasNameEN":"Argyle Street","AliasNameTC":"亞皆老街","CrossingFeature":null,"WeatherProof":2,"WheelchairBarrier":2,"WheelchairAccess":2,"ObstaclesType":null,"Gradient":0.0066833400000000003,"Direction":0,"PositionCertainty":1,"Enabled":1,"DataSource":1,"LevelSource":2,"StreetNameEN":"Argyle Street","StreetNameTC":"亞皆老街","ST_CODE":10027,"FloorID":null,"BuildingID_1":null,"BuildingID_2":null,"SiteID":null,"TerminalID":null,"AccessTimeID":null,"CreationDate":1614441600000,"ModifiedBy":"LANDSD","LastAmendmentDate":1656086400000,"Shape__Length":1.5560851969003875}},{"type":"Feature","id":353862,"geometry":{"type":"LineString","coordinates":[[114.17112341975179,22.319773146388329,5.5083000000013271],[114.1711164902098,22.319807613212316,5.5253999999986263]]},"properties":{"OBJECTID":353862,"PedestrianRouteID":240021507,"Location":1,"FeatureType":1,"AliasNameEN":"Fa Yuen Street","AliasNameTC":"花園街","CrossingFeature":null,"WeatherProof":3,"WheelchairBarrier":2,"WheelchairAccess":2,"ObstaclesType":null,"Gradient":0.0044039300000000003,"Direction":0,"PositionCertainty":1,"Enabled":1,"DataSource":1,"LevelSource":2,"StreetNameEN":"Fa Yuen Street","StreetNameTC":"花園街","ST_CODE":10419,"FloorID":null,"BuildingID_1":null,"BuildingID_2":null,"SiteID":null,"TerminalID":null,"AccessTimeID":null,"CreationDate":1614441600000,"ModifiedBy":"LANDSD","LastAmendmentDate":1656086400000,"Shape__Length":3.8828738496698185}},{"type":"Feature","id":353863,"geometry":{"type":"LineString","coordinates":[[114.17103260506538,22.319504409843109,5.4021000000066124],[114.17101339320153,22.319500906187503,5.3819999999977881]]},"properties":{"OBJECTID":353863,"PedestrianRouteID":240021508,"Location":1,"FeatureType":1,"AliasNameEN":"Argyle Street","AliasNameTC":"亞皆老街","CrossingFeature":null,"WeatherProof":2,"WheelchairBarrier":2,"WheelchairAccess":2,"ObstaclesType":null,"Gradient":0.0099647199999999998,"Direction":0,"PositionCertainty":1,"Enabled":1,"DataSource":1,"LevelSource":2,"StreetNameEN":"Argyle Street","StreetNameTC":"亞皆老街","ST_CODE":10027,"FloorID":null,"BuildingID_1":null,"BuildingID_2":null,"SiteID":null,"TerminalID":null,"AccessTimeID":null,"CreationDate":1614441600000,"ModifiedBy":"LANDSD","LastAmendmentDate":1656086400000,"Shape__Length":2.0170500173415733}},{"type":"Feature","id":353864,"geometry":{"type":"LineString","coordinates":[[114.17153059224053,22.319845248730353,5.7547000000049593],[114.17146065031029,22.319832863678823,5.696299999995972]]},"properties":{"OBJECTID":353864,"PedestrianRouteID":240021509,"Location":1,"FeatureType":1,"AliasNameEN":"Argyle Street","AliasNameTC":"亞皆老街","CrossingFeature":null,"WeatherProof":3,"WheelchairBarrier":2,"WheelchairAccess":2,"ObstaclesType":null,"Gradient":0.0079612299999999997,"Direction":0,"PositionCertainty":1,"Enabled":1,"DataSource":1,"LevelSource":2,"StreetNameEN":"Argyle Street","StreetNameTC":"亞皆老街","ST_CODE":10027,"FloorID":null,"BuildingID_1":null,"BuildingID_2":null,"SiteID":null,"TerminalID":null,"AccessTimeID":null,"CreationDate":1614441600000,"ModifiedBy":"LANDSD","LastAmendmentDate":1656086400000,"Shape__Length":7.3353981932384711}},{"type":"Feature","id":353865,"geometry":{"type":"LineString","coordinates":[[114.17170683885041,22.319945713430499,5.7424000000028173],[114.17172097035277,22.319877895922744,5.7315999999991618]]},"properties":{"OBJECTID":353865,"PedestrianRouteID":240021510,"Location":1,"FeatureType":1,"AliasNameEN":"Sai Yee Street","AliasNameTC":"洗衣街","CrossingFeature":null,"WeatherProof":2,"WheelchairBarrier":2,"WheelchairAccess":2,"ObstaclesType":null,"Gradient":0.0014118399999999999,"Direction":0,"PositionCertainty":1,"Enabled":1,"DataSource":1,"LevelSource":2,"StreetNameEN":"Sai Yee Street","StreetNameTC":"洗衣街","ST_CODE":11861,"FloorID":null,"BuildingID_1":null,"BuildingID_2":null,"SiteID":null,"TerminalID":null,"AccessTimeID":null,"CreationDate":1614441600000,"ModifiedBy":"LANDSD","LastAmendmentDate":1656086400000,"Shape__Length":7.6495855138643654}},{"type":"Feature","id":353866,"geometry":{"type":"LineString","coordinates":[[114.1715656577706,22.319594604831536,5.9772999999986496],[114.17158595964004,22.319598185216979,5.9729999999981374]]},"properties":{"OBJECTID":353866,"PedestrianRouteID":240021511,"Location":1,"FeatureType":1,"AliasNameEN":"Argyle Street","AliasNameTC":"亞皆老街","CrossingFeature":null,"WeatherProof":2,"WheelchairBarrier":2,"WheelchairAccess":2,"ObstaclesType":null,"Gradient":0.00201979,"Direction":0,"PositionCertainty":1,"Enabled":1,"DataSource":1,"LevelSource":2,"StreetNameEN":"Argyle Street","StreetNameTC":"亞皆老街","ST_CODE":10027,"FloorID":null,"BuildingID_1":null,"BuildingID_2":null,"SiteID":null,"TerminalID":null,"AccessTimeID":null,"CreationDate":1614441600000,"ModifiedBy":"LANDSD","LastAmendmentDate":1656086400000,"Shape__Length":2.1289297436960051}},{"type":"Feature","id":353867,"geometry":{"type":"LineString","coordinates":[[114.17177098060078,22.319633503427969,6.1526000000012573],[114.17177557815474,22.319611302758656,6.1674999999959255]]},"properties":{"OBJECTID":353867,"PedestrianRouteID":240021512,"Location":1,"FeatureType":1,"AliasNameEN":"Argyle Street","AliasNameTC":"亞皆老街","CrossingFeature":null,"WeatherProof":3,"WheelchairBarrier":2,"WheelchairAccess":2,"ObstaclesType":null,"Gradient":0.0059513500000000002,"Direction":0,"PositionCertainty":1,"Enabled":1,"DataSource":1,"LevelSource":2,"StreetNameEN":"Argyle Street","StreetNameTC":"亞皆老街","ST_CODE":10027,"FloorID":null,"BuildingID_1":null,"BuildingID_2":null,"SiteID":null,"TerminalID":null,"AccessTimeID":null,"CreationDate":1614441600000,"ModifiedBy":"LANDSD","LastAmendmentDate":1656086400000,"Shape__Length":2.5036029077269175}},{"type":"Feature","id":353872,"geometry":{"type":"LineString","coordinates":[[114.17115213898927,22.32132848193606,6.1947999999974854],[114.17121503116678,22.321339803070789,6.1652000000030966]]},"properties":{"OBJECTID":353872,"PedestrianRouteID":240021517,"Location":1,"FeatureType":1,"AliasNameEN":"Mong Kok Road","AliasNameTC":"旺角道","CrossingFeature":null,"WeatherProof":3,"WheelchairBarrier":2,"WheelchairAccess":2,"ObstaclesType":null,"Gradient":0.0044849499999999997,"Direction":0,"PositionCertainty":1,"Enabled":1,"DataSource":1,"LevelSource":2,"StreetNameEN":"Mong Kok Road","StreetNameTC":"旺角道","ST_CODE":11454,"FloorID":null,"BuildingID_1":null,"BuildingID_2":null,"SiteID":null,"TerminalID":null,"AccessTimeID":null,"CreationDate":1614441600000,"ModifiedBy":"LANDSD","LastAmendmentDate":1656086400000,"Shape__Length":6.5998123950501526}},{"type":"Feature","id":353873,"geometry":{"type":"LineString","coordinates":[[114.17129587061125,22.320989497429441,5.9961000000039348],[114.17127319097152,22.321098066050006,6.0317999999970198]]},"properties":{"OBJECTID":353873,"PedestrianRouteID":240021518,"Location":1,"FeatureType":1,"AliasNameEN":"Sai Yee Street","AliasNameTC":"洗衣街","CrossingFeature":null,"WeatherProof":2,"WheelchairBarrier":2,"WheelchairAccess":2,"ObstaclesType":null,"Gradient":0.0029149200000000001,"Direction":0,"PositionCertainty":1,"Enabled":1,"DataSource":1,"LevelSource":2,"StreetNameEN":"Sai Yee Street","StreetNameTC":"洗衣街","ST_CODE":11861,"FloorID":null,"BuildingID_1":null,"BuildingID_2":null,"SiteID":null,"TerminalID":null,"AccessTimeID":null,"CreationDate":1614441600000,"ModifiedBy":"LANDSD","LastAmendmentDate":1656086400000,"Shape__Length":12.24728264655416}},{"type":"Feature","id":353878,"geometry":{"type":"LineString","coordinates":[[114.16823306558045,22.321836547279773,5.2136999999929685],[114.16823076941709,22.321847349551724,5.1916999999957625]]},"properties":{"OBJECTID":353878,"PedestrianRouteID":240021523,"Location":1,"FeatureType":1,"AliasNameEN":"Bute Street","AliasNameTC":"弼街","CrossingFeature":null,"WeatherProof":2,"WheelchairBarrier":2,"WheelchairAccess":2,"ObstaclesType":null,"Gradient":0.01804037,"Direction":0,"PositionCertainty":1,"Enabled":1,"DataSource":1,"LevelSource":2,"StreetNameEN":"Bute Street","StreetNameTC":"弼街","ST_CODE":10100,"FloorID":null,"BuildingID_1":null,"BuildingID_2":null,"SiteID":null,"TerminalID":null,"AccessTimeID":null,"CreationDate":1614441600000,"ModifiedBy":"LANDSD","LastAmendmentDate":1656086400000,"Shape__Length":1.2193550305662448}},{"type":"Feature","id":353879,"geometry":{"type":"LineString","coordinates":[[114.16811362359707,22.321824126547806,5.0391999999992549],[114.1681152906415,22.321816061415987,5.1171999999933178]]},"properties":{"OBJECTID":353879,"PedestrianRouteID":240021524,"Location":1,"FeatureType":1,"AliasNameEN":"Bute Street","AliasNameTC":"弼街","CrossingFeature":null,"WeatherProof":2,"WheelchairBarrier":2,"WheelchairAccess":2,"ObstaclesType":null,"Gradient":0.01187469,"Direction":0,"PositionCertainty":1,"Enabled":1,"DataSource":1,"LevelSource":2,"StreetNameEN":"Bute Street","StreetNameTC":"弼街","ST_CODE":10100,"FloorID":null,"BuildingID_1":null,"BuildingID_2":null,"SiteID":null,"TerminalID":null,"AccessTimeID":null,"CreationDate":1614441600000,"ModifiedBy":"LANDSD","LastAmendmentDate":1689264000000,"Shape__Length":0.90945505748318911}},{"type":"Feature","id":353881,"geometry":{"type":"LineString","coordinates":[[114.16763289310798,22.321885073640875,4.9720999999990454],[114.16765117635597,22.321888270603388,5.0004999999946449]]},"properties":{"OBJECTID":353881,"PedestrianRouteID":240021526,"Location":1,"FeatureType":1,"AliasNameEN":"Shanghai Street","AliasNameTC":"上海街","CrossingFeature":null,"WeatherProof":2,"WheelchairBarrier":2,"WheelchairAccess":2,"ObstaclesType":null,"Gradient":0.01481639,"Direction":0,"PositionCertainty":1,"Enabled":1,"DataSource":1,"LevelSource":2,"StreetNameEN":"Shanghai Street","StreetNameTC":"上海街","ST_CODE":11984,"FloorID":null,"BuildingID_1":null,"BuildingID_2":null,"SiteID":null,"TerminalID":null,"AccessTimeID":null,"CreationDate":1614441600000,"ModifiedBy":"LANDSD","LastAmendmentDate":1656086400000,"Shape__Length":1.9166561760713117}},{"type":"Feature","id":353882,"geometry":{"type":"LineString","coordinates":[[114.16766953497826,22.321733016806739,4.9355999999970663],[114.16766678144283,22.321746447850224,4.9211000000068452]]},"properties":{"OBJECTID":353882,"PedestrianRouteID":240021527,"Location":1,"FeatureType":1,"AliasNameEN":"Shanghai Street","AliasNameTC":"上海街","CrossingFeature":null,"WeatherProof":2,"WheelchairBarrier":2,"WheelchairAccess":2,"ObstaclesType":null,"Gradient":0.0095763700000000007,"Direction":0,"PositionCertainty":1,"Enabled":1,"DataSource":1,"LevelSource":2,"StreetNameEN":"Shanghai Street","StreetNameTC":"上海街","ST_CODE":11984,"FloorID":null,"BuildingID_1":null,"BuildingID_2":null,"SiteID":null,"TerminalID":null,"AccessTimeID":null,"CreationDate":1614441600000,"ModifiedBy":"LANDSD","LastAmendmentDate":1656086400000,"Shape__Length":1.5140971724215542}},{"type":"Feature","id":353886,"geometry":{"type":"LineString","coordinates":[[114.16813844935469,22.320564255491309,4.8788999999960652],[114.16813566387796,22.320577350604935,4.8518000000040047]]},"properties":{"OBJECTID":353886,"PedestrianRouteID":240021531,"Location":1,"FeatureType":1,"AliasNameEN":"Mong Kok Road","AliasNameTC":"旺角道","CrossingFeature":null,"WeatherProof":2,"WheelchairBarrier":2,"WheelchairAccess":2,"ObstaclesType":null,"Gradient":0.01833094,"Direction":0,"PositionCertainty":1,"Enabled":1,"DataSource":1,"LevelSource":2,"StreetNameEN":"Mong Kok Road","StreetNameTC":"旺角道","ST_CODE":11454,"FloorID":null,"BuildingID_1":null,"BuildingID_2":null,"SiteID":null,"TerminalID":null,"AccessTimeID":null,"CreationDate":1614441600000,"ModifiedBy":"LANDSD","LastAmendmentDate":1656086400000,"Shape__Length":1.4782089220347732}},{"type":"Feature","id":353887,"geometry":{"type":"LineString","coordinates":[[114.16986963729251,22.320339247002476,5.3638000000064494],[114.16986106888339,22.320337686147866,5.3295000000071013],[114.16985919660642,22.320337345614018,5.3199000000022352],[114.16985966940591,22.320335016644325,5.3358000000007451]]},"properties":{"OBJECTID":353887,"PedestrianRouteID":240021532,"Location":1,"FeatureType":1,"AliasNameEN":"Fife Street","AliasNameTC":"快富街","CrossingFeature":null,"WeatherProof":3,"WheelchairBarrier":2,"WheelchairAccess":2,"ObstaclesType":null,"Gradient":0.020607139999999999,"Direction":0,"PositionCertainty":1,"Enabled":1,"DataSource":1,"LevelSource":2,"StreetNameEN":"Fife Street","StreetNameTC":"快富街","ST_CODE":10485,"FloorID":null,"BuildingID_1":null,"BuildingID_2":null,"SiteID":null,"TerminalID":null,"AccessTimeID":null,"CreationDate":1614441600000,"ModifiedBy":"LANDSD","LastAmendmentDate":1656086400000,"Shape__Length":1.3585603351619842}},{"type":"Feature","id":353888,"geometry":{"type":"LineString","coordinates":[[114.16985082469472,22.320424627744195,5.3625999999931082],[114.16984627454426,22.320423804861235,5.3460999999952037]]},"properties":{"OBJECTID":353888,"PedestrianRouteID":240021533,"Location":1,"FeatureType":1,"AliasNameEN":"Fife Street","AliasNameTC":"快富街","CrossingFeature":null,"WeatherProof":2,"WheelchairBarrier":2,"WheelchairAccess":2,"ObstaclesType":null,"Gradient":0.034536209999999998,"Direction":0,"PositionCertainty":1,"Enabled":1,"DataSource":1,"LevelSource":2,"StreetNameEN":"Fife Street","StreetNameTC":"快富街","ST_CODE":10485,"FloorID":null,"BuildingID_1":null,"BuildingID_2":null,"SiteID":null,"TerminalID":null,"AccessTimeID":null,"CreationDate":1614441600000,"ModifiedBy":"LANDSD","LastAmendmentDate":1656086400000,"Shape__Length":0.47756952362156396}},{"type":"Feature","id":353889,"geometry":{"type":"LineString","coordinates":[[114.17024703449079,22.320496298460263,5.654500000004191],[114.1702413089437,22.320495262418643,5.6581000000005588]]},"properties":{"OBJECTID":353889,"PedestrianRouteID":240021534,"Location":1,"FeatureType":1,"AliasNameEN":"Fife Street","AliasNameTC":"快富街","CrossingFeature":null,"WeatherProof":2,"WheelchairBarrier":2,"WheelchairAccess":2,"ObstaclesType":null,"Gradient":0.0059904700000000003,"Direction":0,"PositionCertainty":1,"Enabled":1,"DataSource":1,"LevelSource":2,"StreetNameEN":"Fife Street","StreetNameTC":"快富街","ST_CODE":10485,"FloorID":null,"BuildingID_1":null,"BuildingID_2":null,"SiteID":null,"TerminalID":null,"AccessTimeID":null,"CreationDate":1614441600000,"ModifiedBy":"LANDSD","LastAmendmentDate":1656086400000,"Shape__Length":0.60094766843111569}},{"type":"Feature","id":353890,"geometry":{"type":"LineString","coordinates":[[114.17039643938922,22.320522855304588,5.625899999999092],[114.17039396962254,22.320534816227163,5.6319999999977881]]},"properties":{"OBJECTID":353890,"PedestrianRouteID":240021535,"Location":1,"FeatureType":1,"AliasNameEN":"Fife Street","AliasNameTC":"快富街","CrossingFeature":null,"WeatherProof":2,"WheelchairBarrier":2,"WheelchairAccess":2,"ObstaclesType":null,"Gradient":0.0045228100000000004,"Direction":0,"PositionCertainty":1,"Enabled":1,"DataSource":1,"LevelSource":2,"StreetNameEN":"Fife Street","StreetNameTC":"快富街","ST_CODE":10485,"FloorID":null,"BuildingID_1":null,"BuildingID_2":null,"SiteID":null,"TerminalID":null,"AccessTimeID":null,"CreationDate":1614441600000,"ModifiedBy":"LANDSD","LastAmendmentDate":1656086400000,"Shape__Length":1.3487103507663094}},{"type":"Feature","id":353891,"geometry":{"type":"LineString","coordinates":[[114.17026597398223,22.320411432422194,5.6563000000023749],[114.17025906528274,22.320410174180715,5.6916999999957625]]},"properties":{"OBJECTID":353891,"PedestrianRouteID":240021536,"Location":1,"FeatureType":1,"AliasNameEN":"Fife Street","AliasNameTC":"快富街","CrossingFeature":null,"WeatherProof":2,"WheelchairBarrier":2,"WheelchairAccess":2,"ObstaclesType":null,"Gradient":0.048768520000000003,"Direction":0,"PositionCertainty":1,"Enabled":1,"DataSource":1,"LevelSource":2,"StreetNameEN":"Fife Street","StreetNameTC":"快富街","ST_CODE":10485,"FloorID":null,"BuildingID_1":null,"BuildingID_2":null,"SiteID":null,"TerminalID":null,"AccessTimeID":null,"CreationDate":1614441600000,"ModifiedBy":"LANDSD","LastAmendmentDate":1656086400000,"Shape__Length":0.72530250899187154}},{"type":"Feature","id":353892,"geometry":{"type":"LineString","coordinates":[[114.17041759501248,22.32043077750523,5.6763999999966472],[114.17041614848667,22.320437908004433,5.6453000000037719]]},"properties":{"OBJECTID":353892,"PedestrianRouteID":240021537,"Location":1,"FeatureType":1,"AliasNameEN":"Fife Street","AliasNameTC":"快富街","CrossingFeature":null,"WeatherProof":2,"WheelchairBarrier":2,"WheelchairAccess":2,"ObstaclesType":null,"Gradient":0.038684650000000001,"Direction":0,"PositionCertainty":1,"Enabled":1,"DataSource":1,"LevelSource":2,"StreetNameEN":"Fife Street","StreetNameTC":"快富街","ST_CODE":10485,"FloorID":null,"BuildingID_1":null,"BuildingID_2":null,"SiteID":null,"TerminalID":null,"AccessTimeID":null,"CreationDate":1614441600000,"ModifiedBy":"LANDSD","LastAmendmentDate":1656086400000,"Shape__Length":0.80353541286200203}},{"type":"Feature","id":353893,"geometry":{"type":"LineString","coordinates":[[114.17079710000246,22.320616262392871,5.8120999999955529],[114.17080116287717,22.320595506628901,5.8959999999933643]]},"properties":{"OBJECTID":353893,"PedestrianRouteID":240021538,"Location":1,"FeatureType":1,"AliasNameEN":"Fife Street","AliasNameTC":"快富街","CrossingFeature":null,"WeatherProof":2,"WheelchairBarrier":2,"WheelchairAccess":2,"ObstaclesType":null,"Gradient":0.01652112,"Direction":0,"PositionCertainty":1,"Enabled":1,"DataSource":1,"LevelSource":2,"StreetNameEN":"Fife Street","StreetNameTC":"快富街","ST_CODE":10485,"FloorID":null,"BuildingID_1":null,"BuildingID_2":null,"SiteID":null,"TerminalID":null,"AccessTimeID":null,"CreationDate":1614441600000,"ModifiedBy":"LANDSD","LastAmendmentDate":1689264000000,"Shape__Length":2.3361902339719265}},{"type":"Feature","id":353894,"geometry":{"type":"LineString","coordinates":[[114.17095155969831,22.320627950041914,5.9685999999928754],[114.17094933461028,22.320638941096018,6.0749999999970896]]},"properties":{"OBJECTID":353894,"PedestrianRouteID":240021539,"Location":1,"FeatureType":1,"AliasNameEN":"Fife Street","AliasNameTC":"快富街","CrossingFeature":null,"WeatherProof":2,"WheelchairBarrier":2,"WheelchairAccess":2,"ObstaclesType":null,"Gradient":0.085700429999999994,"Direction":0,"PositionCertainty":1,"Enabled":1,"DataSource":1,"LevelSource":2,"StreetNameEN":"Fife Street","StreetNameTC":"快富街","ST_CODE":10485,"FloorID":null,"BuildingID_1":null,"BuildingID_2":null,"SiteID":null,"TerminalID":null,"AccessTimeID":null,"CreationDate":1614441600000,"ModifiedBy":"LANDSD","LastAmendmentDate":1656086400000,"Shape__Length":1.2384930560951106}},{"type":"Feature","id":353895,"geometry":{"type":"LineString","coordinates":[[114.17097007493051,22.320535821504507,5.8726000000024214],[114.17097245728904,22.320523972549317,5.8747000000003027]]},"properties":{"OBJECTID":353895,"PedestrianRouteID":240021540,"Location":1,"FeatureType":1,"AliasNameEN":"Fife Street","AliasNameTC":"快富街","CrossingFeature":null,"WeatherProof":2,"WheelchairBarrier":2,"WheelchairAccess":2,"ObstaclesType":null,"Gradient":0.00157321,"Direction":0,"PositionCertainty":1,"Enabled":1,"DataSource":1,"LevelSource":2,"StreetNameEN":"Fife Street","StreetNameTC":"快富街","ST_CODE":10485,"FloorID":null,"BuildingID_1":null,"BuildingID_2":null,"SiteID":null,"TerminalID":null,"AccessTimeID":null,"CreationDate":1614441600000,"ModifiedBy":"LANDSD","LastAmendmentDate":1656086400000,"Shape__Length":1.3348511420770788}},{"type":"Feature","id":353896,"geometry":{"type":"LineString","coordinates":[[114.17082227081693,22.320500376435238,5.9089999999996508],[114.17082048647634,22.320509006906999,5.950700000001234]]},"properties":{"OBJECTID":353896,"PedestrianRouteID":240021541,"Location":1,"FeatureType":1,"AliasNameEN":"Fife Street","AliasNameTC":"快富街","CrossingFeature":null,"WeatherProof":2,"WheelchairBarrier":2,"WheelchairAccess":2,"ObstaclesType":null,"Gradient":0.042821539999999998,"Direction":0,"PositionCertainty":1,"Enabled":1,"DataSource":1,"LevelSource":12,"StreetNameEN":"Fife Street","StreetNameTC":"快富街","ST_CODE":10485,"FloorID":null,"BuildingID_1":null,"BuildingID_2":null,"SiteID":null,"TerminalID":null,"AccessTimeID":null,"CreationDate":1614441600000,"ModifiedBy":"LANDSD","LastAmendmentDate":1689264000000,"Shape__Length":0.97321371143541502}},{"type":"Feature","id":353897,"geometry":{"type":"LineString","coordinates":[[114.17135666919144,22.320698449808599,5.7897999999986496],[114.17135126198292,22.320697508638176,5.7930000000051223]]},"properties":{"OBJECTID":353897,"PedestrianRouteID":240021542,"Location":1,"FeatureType":1,"AliasNameEN":"Sai Yee Street","AliasNameTC":"洗衣街","CrossingFeature":null,"WeatherProof":2,"WheelchairBarrier":2,"WheelchairAccess":2,"ObstaclesType":null,"Gradient":0.0056460599999999996,"Direction":0,"PositionCertainty":1,"Enabled":1,"DataSource":1,"LevelSource":2,"StreetNameEN":"Sai Yee Street","StreetNameTC":"洗衣街","ST_CODE":11861,"FloorID":null,"BuildingID_1":null,"BuildingID_2":null,"SiteID":null,"TerminalID":null,"AccessTimeID":null,"CreationDate":1614441600000,"ModifiedBy":"LANDSD","LastAmendmentDate":1656086400000,"Shape__Length":0.56676101650707456}},{"type":"Feature","id":353898,"geometry":{"type":"LineString","coordinates":[[114.17137038842677,22.320605803611262,5.9159999999974389],[114.17137608292894,22.320606798974264,5.8919000000023516]]},"properties":{"OBJECTID":353898,"PedestrianRouteID":240021543,"Location":1,"FeatureType":1,"AliasNameEN":"Sai Yee Street","AliasNameTC":"洗衣街","CrossingFeature":null,"WeatherProof":2,"WheelchairBarrier":2,"WheelchairAccess":2,"ObstaclesType":null,"Gradient":0.040349320000000001,"Direction":0,"PositionCertainty":1,"Enabled":1,"DataSource":1,"LevelSource":2,"StreetNameEN":"Sai Yee Street","StreetNameTC":"洗衣街","ST_CODE":11861,"FloorID":null,"BuildingID_1":null,"BuildingID_2":null,"SiteID":null,"TerminalID":null,"AccessTimeID":null,"CreationDate":1614441600000,"ModifiedBy":"LANDSD","LastAmendmentDate":1656086400000,"Shape__Length":0.59695973870930608}},{"type":"Feature","id":353899,"geometry":{"type":"LineString","coordinates":[[114.17081910114928,22.321240633874407,5.4250000000029104],[114.17083780368169,22.321244011105225,4.8310000000055879]]},"properties":{"OBJECTID":353899,"PedestrianRouteID":240021544,"Location":1,"FeatureType":1,"AliasNameEN":"Mong Kok Road","AliasNameTC":"旺角道","CrossingFeature":null,"WeatherProof":1,"WheelchairBarrier":2,"WheelchairAccess":2,"ObstaclesType":null,"Gradient":0.29386108999999999,"Direction":0,"PositionCertainty":1,"Enabled":1,"DataSource":1,"LevelSource":2,"StreetNameEN":"Mong Kok Road","StreetNameTC":"旺角道","ST_CODE":11454,"FloorID":null,"BuildingID_1":null,"BuildingID_2":null,"SiteID":null,"TerminalID":null,"AccessTimeID":null,"CreationDate":1614441600000,"ModifiedBy":"LANDSD","LastAmendmentDate":1656086400000,"Shape__Length":1.9628410067082691}},{"type":"Feature","id":353900,"geometry":{"type":"LineString","coordinates":[[114.17016366374325,22.320898821091728,5.4634999999980209],[114.17017143911768,22.320861281237203,5.4538999999931548]]},"properties":{"OBJECTID":353900,"PedestrianRouteID":240021545,"Location":1,"FeatureType":1,"AliasNameEN":"Tung Choi Street","AliasNameTC":"通菜街","CrossingFeature":null,"WeatherProof":3,"WheelchairBarrier":2,"WheelchairAccess":2,"ObstaclesType":null,"Gradient":0.00226765,"Direction":0,"PositionCertainty":1,"Enabled":1,"DataSource":1,"LevelSource":2,"StreetNameEN":"Tung Choi Street","StreetNameTC":"通菜街","ST_CODE":12513,"FloorID":null,"BuildingID_1":null,"BuildingID_2":null,"SiteID":null,"TerminalID":null,"AccessTimeID":null,"CreationDate":1614441600000,"ModifiedBy":"LANDSD","LastAmendmentDate":1656086400000,"Shape__Length":4.2334489258035077}},{"type":"Feature","id":353901,"geometry":{"type":"LineString","coordinates":[[114.17027912913174,22.320919420968,5.3469000000040978],[114.17026216305723,22.320916372456562,5.455100000006496]]},"properties":{"OBJECTID":353901,"PedestrianRouteID":240021546,"Location":1,"FeatureType":1,"AliasNameEN":"Mong Kok Road","AliasNameTC":"旺角道","CrossingFeature":null,"WeatherProof":2,"WheelchairBarrier":2,"WheelchairAccess":2,"ObstaclesType":null,"Gradient":0.060702159999999998,"Direction":0,"PositionCertainty":1,"Enabled":1,"DataSource":1,"LevelSource":2,"StreetNameEN":"Mong Kok Road","StreetNameTC":"旺角道","ST_CODE":11454,"FloorID":null,"BuildingID_1":null,"BuildingID_2":null,"SiteID":null,"TerminalID":null,"AccessTimeID":null,"CreationDate":1614441600000,"ModifiedBy":"LANDSD","LastAmendmentDate":1764259200000,"Shape__Length":1.7802837561358815}},{"type":"Feature","id":353902,"geometry":{"type":"LineString","coordinates":[[114.17011599520102,22.321143950948372,5.5240999999950873],[114.17011313804535,22.321157606891926,5.5613000000012107]]},"properties":{"OBJECTID":353902,"PedestrianRouteID":240021547,"Location":1,"FeatureType":1,"AliasNameEN":"Mong Kok Road","AliasNameTC":"旺角道","CrossingFeature":null,"WeatherProof":3,"WheelchairBarrier":2,"WheelchairAccess":2,"ObstaclesType":null,"Gradient":0.024142190000000001,"Direction":0,"PositionCertainty":1,"Enabled":1,"DataSource":1,"LevelSource":2,"StreetNameEN":"Mong Kok Road","StreetNameTC":"旺角道","ST_CODE":11454,"FloorID":null,"BuildingID_1":null,"BuildingID_2":null,"SiteID":null,"TerminalID":null,"AccessTimeID":null,"CreationDate":1614441600000,"ModifiedBy":"LANDSD","LastAmendmentDate":1656086400000,"Shape__Length":1.5405717540562081}},{"type":"Feature","id":353903,"geometry":{"type":"LineString","coordinates":[[114.17027433548722,22.321164809066186,5.5711000000010245],[114.17026261451332,22.321162641249629,5.5681000000040513]]},"properties":{"OBJECTID":353903,"PedestrianRouteID":240021548,"Location":1,"FeatureType":1,"AliasNameEN":"Mong Kok Road","AliasNameTC":"旺角道","CrossingFeature":null,"WeatherProof":2,"WheelchairBarrier":2,"WheelchairAccess":2,"ObstaclesType":null,"Gradient":0.0024366100000000001,"Direction":0,"PositionCertainty":1,"Enabled":1,"DataSource":1,"LevelSource":2,"StreetNameEN":"Mong Kok Road","StreetNameTC":"旺角道","ST_CODE":11454,"FloorID":null,"BuildingID_1":null,"BuildingID_2":null,"SiteID":null,"TerminalID":null,"AccessTimeID":null,"CreationDate":1614441600000,"ModifiedBy":"LANDSD","LastAmendmentDate":1656086400000,"Shape__Length":1.23121799892085}},{"type":"Feature","id":353904,"geometry":{"type":"LineString","coordinates":[[114.16956121193844,22.321044292497543,5.2188000000023749],[114.16955070540538,22.321094625839727,5.2670000000071013]]},"properties":{"OBJECTID":353904,"PedestrianRouteID":240021549,"Location":1,"FeatureType":1,"AliasNameEN":"Sai Yeung Choi Street South","AliasNameTC":"西洋菜南街","CrossingFeature":null,"WeatherProof":1,"WheelchairBarrier":2,"WheelchairAccess":2,"ObstaclesType":null,"Gradient":0.0084890199999999999,"Direction":0,"PositionCertainty":1,"Enabled":1,"DataSource":1,"LevelSource":2,"StreetNameEN":"Sai Yeung Choi Street South","StreetNameTC":"西洋菜南街","ST_CODE":11864,"FloorID":null,"BuildingID_1":null,"BuildingID_2":null,"SiteID":null,"TerminalID":null,"AccessTimeID":null,"CreationDate":1614441600000,"ModifiedBy":"LANDSD","LastAmendmentDate":1656086400000,"Shape__Length":5.6777890525876122}},{"type":"Feature","id":353905,"geometry":{"type":"LineString","coordinates":[[114.16969860833318,22.321120654968169,5.3932999999960884],[114.16969915006682,22.321118018962046,5.3935000000055879],[114.16970909834909,22.321069646127498,5.3983000000007451]]},"properties":{"OBJECTID":353905,"PedestrianRouteID":240021550,"Location":1,"FeatureType":1,"AliasNameEN":"Sai Yeung Choi Street South","AliasNameTC":"西洋菜南街","CrossingFeature":null,"WeatherProof":3,"WheelchairBarrier":2,"WheelchairAccess":2,"ObstaclesType":null,"Gradient":0.00086943000000000003,"Direction":0,"PositionCertainty":1,"Enabled":1,"DataSource":1,"LevelSource":2,"StreetNameEN":"Sai Yeung Choi Street South","StreetNameTC":"西洋菜南街","ST_CODE":11864,"FloorID":null,"BuildingID_1":null,"BuildingID_2":null,"SiteID":null,"TerminalID":null,"AccessTimeID":null,"CreationDate":1614441600000,"ModifiedBy":"LANDSD","LastAmendmentDate":1656086400000,"Shape__Length":5.7509157982782186}},{"type":"Feature","id":353906,"geometry":{"type":"LineString","coordinates":[[114.16961006141533,22.320804176638994,4.9692999999970198],[114.16965382608099,22.320595077911655,5.2559000000037486]]},"properties":{"OBJECTID":353906,"PedestrianRouteID":240021551,"Location":1,"FeatureType":1,"AliasNameEN":"Sai Yeung Choi Street South","AliasNameTC":"西洋菜南街","CrossingFeature":null,"WeatherProof":2,"WheelchairBarrier":2,"WheelchairAccess":2,"ObstaclesType":null,"Gradient":0.012148910000000001,"Direction":0,"PositionCertainty":1,"Enabled":1,"DataSource":1,"LevelSource":2,"StreetNameEN":"Sai Yeung Choi Street South","StreetNameTC":"西洋菜南街","ST_CODE":11864,"FloorID":null,"BuildingID_1":null,"BuildingID_2":null,"SiteID":null,"TerminalID":null,"AccessTimeID":null,"CreationDate":1614441600000,"ModifiedBy":"LANDSD","LastAmendmentDate":1656086400000,"Shape__Length":23.589431839048348}},{"type":"Feature","id":353907,"geometry":{"type":"LineString","coordinates":[[114.16976269597212,22.32082591548582,5.2955999999976484],[114.16996437752394,22.320862586552344,5.3953000000037719]]},"properties":{"OBJECTID":353907,"PedestrianRouteID":240021552,"Location":1,"FeatureType":1,"AliasNameEN":"Mong Kok Road","AliasNameTC":"旺角道","CrossingFeature":null,"WeatherProof":2,"WheelchairBarrier":2,"WheelchairAccess":2,"ObstaclesType":null,"Gradient":0.0047090200000000004,"Direction":0,"PositionCertainty":1,"Enabled":1,"DataSource":1,"LevelSource":2,"StreetNameEN":"Mong Kok Road","StreetNameTC":"旺角道","ST_CODE":11454,"FloorID":null,"BuildingID_1":null,"BuildingID_2":null,"SiteID":null,"TerminalID":null,"AccessTimeID":null,"CreationDate":1614441600000,"ModifiedBy":"LANDSD","LastAmendmentDate":1656086400000,"Shape__Length":21.171985567111058}},{"type":"Feature","id":353908,"geometry":{"type":"LineString","coordinates":[[114.16832015894114,22.320824911521683,4.9826999999932013],[114.16830338121702,22.320821885391609,5.0874000000039814]]},"properties":{"OBJECTID":353908,"PedestrianRouteID":240021553,"Location":1,"FeatureType":1,"AliasNameEN":"Mong Kok Road","AliasNameTC":"旺角道","CrossingFeature":null,"WeatherProof":1,"WheelchairBarrier":2,"WheelchairAccess":2,"ObstaclesType":null,"Gradient":0.05939295,"Direction":0,"PositionCertainty":1,"Enabled":1,"DataSource":1,"LevelSource":2,"StreetNameEN":"Mong Kok Road","StreetNameTC":"旺角道","ST_CODE":11454,"FloorID":null,"BuildingID_1":null,"BuildingID_2":null,"SiteID":null,"TerminalID":null,"AccessTimeID":null,"CreationDate":1614441600000,"ModifiedBy":"LANDSD","LastAmendmentDate":1656086400000,"Shape__Length":1.7607620397734642}},{"type":"Feature","id":353909,"geometry":{"type":"LineString","coordinates":[[114.16844394411376,22.320844275950247,4.8090999999985797],[114.16843920427759,22.320866580366022,4.8801999999996042]]},"properties":{"OBJECTID":353909,"PedestrianRouteID":240021554,"Location":1,"FeatureType":1,"AliasNameEN":"Mong Kok Road","AliasNameTC":"旺角道","CrossingFeature":null,"WeatherProof":3,"WheelchairBarrier":2,"WheelchairAccess":2,"ObstaclesType":null,"Gradient":0.028232710000000001,"Direction":0,"PositionCertainty":1,"Enabled":1,"DataSource":1,"LevelSource":12,"StreetNameEN":"Mong Kok Road","StreetNameTC":"旺角道","ST_CODE":11454,"FloorID":null,"BuildingID_1":null,"BuildingID_2":null,"SiteID":null,"TerminalID":null,"AccessTimeID":null,"CreationDate":1614441600000,"ModifiedBy":"LANDSD","LastAmendmentDate":1764518400000,"Shape__Length":2.5176864865421318}},{"type":"Feature","id":353964,"geometry":{"type":"LineString","coordinates":[[114.1679732911785,22.317949896668015,4.3027000000001863],[114.16796750470411,22.317978039301046,4.4501000000018394]]},"properties":{"OBJECTID":353964,"PedestrianRouteID":240021616,"Location":1,"FeatureType":7,"AliasNameEN":"Reclamation Street RunIn","AliasNameTC":"新填地街車輛出入口","CrossingFeature":null,"WeatherProof":2,"WheelchairBarrier":2,"WheelchairAccess":2,"ObstaclesType":null,"Gradient":0.0016073699999999999,"Direction":0,"PositionCertainty":1,"Enabled":1,"DataSource":1,"LevelSource":2,"StreetNameEN":"Reclamation Street","StreetNameTC":"新填地街","ST_CODE":11810,"FloorID":null,"BuildingID_1":null,"BuildingID_2":null,"SiteID":null,"TerminalID":null,"AccessTimeID":null,"CreationDate":1614441600000,"ModifiedBy":"LANDSD","LastAmendmentDate":1689609600000,"Shape__Length":3.1728796003101309}},{"type":"Feature","id":354096,"geometry":{"type":"LineString","coordinates":[[114.1717529280325,22.318786061930265,5.3739999999961583],[114.17172957378625,22.318781827654334,5.3634000000020023]]},"properties":{"OBJECTID":354096,"PedestrianRouteID":240021837,"Location":1,"FeatureType":1,"AliasNameEN":"Sai Yee Street","AliasNameTC":"洗衣街","CrossingFeature":null,"WeatherProof":2,"WheelchairBarrier":2,"WheelchairAccess":2,"ObstaclesType":null,"Gradient":0.00432396,"Direction":0,"PositionCertainty":1,"Enabled":1,"DataSource":1,"LevelSource":2,"StreetNameEN":"Sai Yee Street","StreetNameTC":"洗衣街","ST_CODE":11861,"FloorID":null,"BuildingID_1":null,"BuildingID_2":null,"SiteID":null,"TerminalID":null,"AccessTimeID":null,"CreationDate":1614441600000,"ModifiedBy":"LANDSD","LastAmendmentDate":1656086400000,"Shape__Length":2.4514428162211575}},{"type":"Feature","id":354097,"geometry":{"type":"LineString","coordinates":[[114.17079027733249,22.318615363324085,5.7451000000000931],[114.1707880658596,22.318626179185632,5.7385999999969499]]},"properties":{"OBJECTID":354097,"PedestrianRouteID":240021838,"Location":1,"FeatureType":1,"AliasNameEN":"Tung Choi Street","AliasNameTC":"通菜街","CrossingFeature":null,"WeatherProof":2,"WheelchairBarrier":2,"WheelchairAccess":2,"ObstaclesType":null,"Gradient":0.0053314399999999998,"Direction":0,"PositionCertainty":1,"Enabled":1,"DataSource":1,"LevelSource":2,"StreetNameEN":"Tung Choi Street","StreetNameTC":"通菜街","ST_CODE":12513,"FloorID":null,"BuildingID_1":null,"BuildingID_2":null,"SiteID":null,"TerminalID":null,"AccessTimeID":null,"CreationDate":1614441600000,"ModifiedBy":"LANDSD","LastAmendmentDate":1656086400000,"Shape__Length":1.2191710826868631}},{"type":"Feature","id":354098,"geometry":{"type":"LineString","coordinates":[[114.17080583930991,22.318536224280951,5.7311999999947147],[114.17080899826382,22.318521044870522,5.7485000000015134]]},"properties":{"OBJECTID":354098,"PedestrianRouteID":240021839,"Location":1,"FeatureType":1,"AliasNameEN":"Tung Choi Street","AliasNameTC":"通菜街","CrossingFeature":null,"WeatherProof":2,"WheelchairBarrier":2,"WheelchairAccess":2,"ObstaclesType":null,"Gradient":0.010104170000000001,"Direction":0,"PositionCertainty":1,"Enabled":1,"DataSource":1,"LevelSource":2,"StreetNameEN":"Tung Choi Street","StreetNameTC":"通菜街","ST_CODE":12513,"FloorID":null,"BuildingID_1":null,"BuildingID_2":null,"SiteID":null,"TerminalID":null,"AccessTimeID":null,"CreationDate":1614441600000,"ModifiedBy":"LANDSD","LastAmendmentDate":1656086400000,"Shape__Length":1.7121068803667703}},{"type":"Feature","id":354099,"geometry":{"type":"LineString","coordinates":[[114.17066244168456,22.318505311677288,5.6631999999954132],[114.17064799067479,22.318502697672653,5.603000000002794]]},"properties":{"OBJECTID":354099,"PedestrianRouteID":240021840,"Location":1,"FeatureType":1,"AliasNameEN":"Tung Choi Street","AliasNameTC":"通菜街","CrossingFeature":null,"WeatherProof":3,"WheelchairBarrier":2,"WheelchairAccess":2,"ObstaclesType":null,"Gradient":0.039668920000000003,"Direction":0,"PositionCertainty":1,"Enabled":1,"DataSource":1,"LevelSource":2,"StreetNameEN":"Tung Choi Street","StreetNameTC":"通菜街","ST_CODE":12513,"FloorID":null,"BuildingID_1":null,"BuildingID_2":null,"SiteID":null,"TerminalID":null,"AccessTimeID":null,"CreationDate":1614441600000,"ModifiedBy":"LANDSD","LastAmendmentDate":1656086400000,"Shape__Length":1.5167648360845181}},{"type":"Feature","id":354100,"geometry":{"type":"LineString","coordinates":[[114.17064266419824,22.318587938162029,5.7645999999949709],[114.17063127051935,22.318585854368543,5.7388000000064494]]},"properties":{"OBJECTID":354100,"PedestrianRouteID":240021841,"Location":1,"FeatureType":1,"AliasNameEN":"Tung Choi Street","AliasNameTC":"通菜街","CrossingFeature":null,"WeatherProof":2,"WheelchairBarrier":2,"WheelchairAccess":2,"ObstaclesType":null,"Gradient":0.021562169999999999,"Direction":0,"PositionCertainty":1,"Enabled":1,"DataSource":1,"LevelSource":2,"StreetNameEN":"Tung Choi Street","StreetNameTC":"通菜街","ST_CODE":12513,"FloorID":null,"BuildingID_1":null,"BuildingID_2":null,"SiteID":null,"TerminalID":null,"AccessTimeID":null,"CreationDate":1614441600000,"ModifiedBy":"LANDSD","LastAmendmentDate":1656086400000,"Shape__Length":1.1963543368226186}},{"type":"Feature","id":354101,"geometry":{"type":"LineString","coordinates":[[114.17023738176648,22.318513804482233,5.3972999999969034],[114.17023356937709,22.31853252023609,5.4649000000063097]]},"properties":{"OBJECTID":354101,"PedestrianRouteID":240021842,"Location":1,"FeatureType":1,"AliasNameEN":"Sai Yeung Choi Street South","AliasNameTC":"西洋菜南街","CrossingFeature":null,"WeatherProof":2,"WheelchairBarrier":2,"WheelchairAccess":2,"ObstaclesType":null,"Gradient":0.032036420000000003,"Direction":0,"PositionCertainty":1,"Enabled":1,"DataSource":1,"LevelSource":2,"StreetNameEN":"Sai Yeung Choi Street South","StreetNameTC":"西洋菜南街","ST_CODE":11864,"FloorID":null,"BuildingID_1":null,"BuildingID_2":null,"SiteID":null,"TerminalID":null,"AccessTimeID":null,"CreationDate":1614441600000,"ModifiedBy":"LANDSD","LastAmendmentDate":1656086400000,"Shape__Length":2.1093765758785699}},{"type":"Feature","id":354102,"geometry":{"type":"LineString","coordinates":[[114.17025229197422,22.318431111925499,5.3747000000003027],[114.17028111340643,22.318436326454872,5.3975999999966007]]},"properties":{"OBJECTID":354102,"PedestrianRouteID":240021843,"Location":1,"FeatureType":1,"AliasNameEN":"Sai Yeung Choi Street South","AliasNameTC":"西洋菜南街","CrossingFeature":null,"WeatherProof":2,"WheelchairBarrier":2,"WheelchairAccess":2,"ObstaclesType":null,"Gradient":0.0075698600000000003,"Direction":0,"PositionCertainty":1,"Enabled":1,"DataSource":1,"LevelSource":2,"StreetNameEN":"Sai Yeung Choi Street South","StreetNameTC":"西洋菜南街","ST_CODE":11864,"FloorID":null,"BuildingID_1":null,"BuildingID_2":null,"SiteID":null,"TerminalID":null,"AccessTimeID":null,"CreationDate":1614441600000,"ModifiedBy":"LANDSD","LastAmendmentDate":1656086400000,"Shape__Length":3.0250959549895935}},{"type":"Feature","id":354103,"geometry":{"type":"LineString","coordinates":[[114.16779446338872,22.318086759931337,4.3652000000001863],[114.16779314589326,22.318093094820853,4.402700000006007]]},"properties":{"OBJECTID":354103,"PedestrianRouteID":240021844,"Location":1,"FeatureType":1,"AliasNameEN":"Reclamation Street","AliasNameTC":"新填地街","CrossingFeature":null,"WeatherProof":2,"WheelchairBarrier":2,"WheelchairAccess":2,"ObstaclesType":null,"Gradient":0.052435809999999999,"Direction":0,"PositionCertainty":1,"Enabled":1,"DataSource":1,"LevelSource":2,"StreetNameEN":"Reclamation Street","StreetNameTC":"新填地街","ST_CODE":11810,"FloorID":null,"BuildingID_1":null,"BuildingID_2":null,"SiteID":null,"TerminalID":null,"AccessTimeID":null,"CreationDate":1614441600000,"ModifiedBy":"LANDSD","LastAmendmentDate":1656086400000,"Shape__Length":0.71450454012718878}},{"type":"Feature","id":354104,"geometry":{"type":"LineString","coordinates":[[114.16780536953941,22.317986436940121,4.302800000004936],[114.1678162361081,22.317988376413489,4.2635000000009313]]},"properties":{"OBJECTID":354104,"PedestrianRouteID":240021845,"Location":1,"FeatureType":1,"AliasNameEN":"Reclamation Street","AliasNameTC":"新填地街","CrossingFeature":null,"WeatherProof":2,"WheelchairBarrier":2,"WheelchairAccess":2,"ObstaclesType":null,"Gradient":0.034460030000000003,"Direction":0,"PositionCertainty":1,"Enabled":1,"DataSource":1,"LevelSource":2,"StreetNameEN":"Reclamation Street","StreetNameTC":"新填地街","ST_CODE":11810,"FloorID":null,"BuildingID_1":null,"BuildingID_2":null,"SiteID":null,"TerminalID":null,"AccessTimeID":null,"CreationDate":1614441600000,"ModifiedBy":"LANDSD","LastAmendmentDate":1656086400000,"Shape__Length":1.1400001095794676}},{"type":"Feature","id":354155,"geometry":{"type":"LineString","coordinates":[[114.16888346174626,22.320970174616633,5.0016000000032363],[114.16889289377615,22.320924628381551,4.9919999999983702]]},"properties":{"OBJECTID":354155,"PedestrianRouteID":240021896,"Location":1,"FeatureType":1,"AliasNameEN":"Nathan Road","AliasNameTC":"彌敦道","CrossingFeature":null,"WeatherProof":2,"WheelchairBarrier":2,"WheelchairAccess":2,"ObstaclesType":null,"Gradient":0.00186904,"Direction":0,"PositionCertainty":1,"Enabled":1,"DataSource":1,"LevelSource":12,"StreetNameEN":"Nathan Road","StreetNameTC":"彌敦道","ST_CODE":11504,"FloorID":null,"BuildingID_1":null,"BuildingID_2":null,"SiteID":null,"TerminalID":null,"AccessTimeID":null,"CreationDate":1614441600000,"ModifiedBy":"LANDSD","LastAmendmentDate":1764518400000,"Shape__Length":5.1363131927891867}},{"type":"Feature","id":354156,"geometry":{"type":"LineString","coordinates":[[114.1689498353919,22.320683306627455,4.9321000000054482],[114.16889632642936,22.320673882400275,4.9241000000038184]]},"properties":{"OBJECTID":354156,"PedestrianRouteID":240021897,"Location":1,"FeatureType":1,"AliasNameEN":"Mong Kok Road","AliasNameTC":"旺角道","CrossingFeature":null,"WeatherProof":2,"WheelchairBarrier":2,"WheelchairAccess":2,"ObstaclesType":null,"Gradient":0.00142581,"Direction":0,"PositionCertainty":1,"Enabled":1,"DataSource":1,"LevelSource":12,"StreetNameEN":"Mong Kok Road","StreetNameTC":"旺角道","ST_CODE":11454,"FloorID":null,"BuildingID_1":null,"BuildingID_2":null,"SiteID":null,"TerminalID":null,"AccessTimeID":null,"CreationDate":1614441600000,"ModifiedBy":"LANDSD","LastAmendmentDate":1764518400000,"Shape__Length":5.6108505500450754}},{"type":"Feature","id":354157,"geometry":{"type":"LineString","coordinates":[[114.16919686865552,22.320977314812446,5.1454999999987194],[114.16915147766822,22.320968970207595,5.0213999999978114]]},"properties":{"OBJECTID":354157,"PedestrianRouteID":240021898,"Location":1,"FeatureType":1,"AliasNameEN":"Mong Kok Road","AliasNameTC":"旺角道","CrossingFeature":null,"WeatherProof":1,"WheelchairBarrier":2,"WheelchairAccess":2,"ObstaclesType":null,"Gradient":0.026027430000000001,"Direction":0,"PositionCertainty":1,"Enabled":1,"DataSource":1,"LevelSource":2,"StreetNameEN":"Mong Kok Road","StreetNameTC":"旺角道","ST_CODE":11454,"FloorID":null,"BuildingID_1":null,"BuildingID_2":null,"SiteID":null,"TerminalID":null,"AccessTimeID":null,"CreationDate":1614441600000,"ModifiedBy":"LANDSD","LastAmendmentDate":1656086400000,"Shape__Length":4.766969058077688}},{"type":"Feature","id":354158,"geometry":{"type":"LineString","coordinates":[[114.16920401126339,22.320728972041508,4.9946999999956461],[114.16924796764927,22.320736781050634,5.0017999999981839]]},"properties":{"OBJECTID":354158,"PedestrianRouteID":240021899,"Location":1,"FeatureType":1,"AliasNameEN":"Mong Kok Road","AliasNameTC":"旺角道","CrossingFeature":null,"WeatherProof":2,"WheelchairBarrier":2,"WheelchairAccess":2,"ObstaclesType":null,"Gradient":0.00438121,"Direction":0,"PositionCertainty":1,"Enabled":1,"DataSource":1,"LevelSource":2,"StreetNameEN":"Mong Kok Road","StreetNameTC":"旺角道","ST_CODE":11454,"FloorID":null,"BuildingID_1":null,"BuildingID_2":null,"SiteID":null,"TerminalID":null,"AccessTimeID":null,"CreationDate":1614441600000,"ModifiedBy":"LANDSD","LastAmendmentDate":1766073600000,"Shape__Length":4.6105736831086492}},{"type":"Feature","id":354159,"geometry":{"type":"LineString","coordinates":[[114.16801410063904,22.320095339734848,5.2673999999969965],[114.1680033620149,22.320093543868591,5.2384000000020023]]},"properties":{"OBJECTID":354159,"PedestrianRouteID":240021900,"Location":1,"FeatureType":1,"AliasNameEN":"Shanghai Street","AliasNameTC":"上海街","CrossingFeature":null,"WeatherProof":2,"WheelchairBarrier":2,"WheelchairAccess":2,"ObstaclesType":null,"Gradient":0.025792269999999999,"Direction":0,"PositionCertainty":1,"Enabled":1,"DataSource":1,"LevelSource":2,"StreetNameEN":"Shanghai Street","StreetNameTC":"上海街","ST_CODE":11984,"FloorID":null,"BuildingID_1":null,"BuildingID_2":null,"SiteID":null,"TerminalID":null,"AccessTimeID":null,"CreationDate":1614441600000,"ModifiedBy":"LANDSD","LastAmendmentDate":1656086400000,"Shape__Length":1.1241184989234896}},{"type":"Feature","id":354160,"geometry":{"type":"LineString","coordinates":[[114.16801714617768,22.320005925283734,5.1864000000059605],[114.16803192826582,22.320008575662708,5.194099999993341]]},"properties":{"OBJECTID":354160,"PedestrianRouteID":240021901,"Location":1,"FeatureType":1,"AliasNameEN":"Shanghai Street","AliasNameTC":"上海街","CrossingFeature":null,"WeatherProof":2,"WheelchairBarrier":2,"WheelchairAccess":2,"ObstaclesType":null,"Gradient":0.0049644900000000002,"Direction":0,"PositionCertainty":1,"Enabled":1,"DataSource":1,"LevelSource":2,"StreetNameEN":"Shanghai Street","StreetNameTC":"上海街","ST_CODE":11984,"FloorID":null,"BuildingID_1":null,"BuildingID_2":null,"SiteID":null,"TerminalID":null,"AccessTimeID":null,"CreationDate":1614441600000,"ModifiedBy":"LANDSD","LastAmendmentDate":1656086400000,"Shape__Length":1.551003726462755}},{"type":"Feature","id":354165,"geometry":{"type":"LineString","coordinates":[[114.16865337163394,22.319067074828691,4.4608000000007451],[114.16864145411806,22.319076599698594,4.4924000000028173]]},"properties":{"OBJECTID":354165,"PedestrianRouteID":240021906,"Location":1,"FeatureType":1,"AliasNameEN":"Argyle Street","AliasNameTC":"亞皆老街","CrossingFeature":null,"WeatherProof":2,"WheelchairBarrier":2,"WheelchairAccess":2,"ObstaclesType":null,"Gradient":0.019519709999999999,"Direction":0,"PositionCertainty":1,"Enabled":1,"DataSource":1,"LevelSource":2,"StreetNameEN":"Argyle Street","StreetNameTC":"亞皆老街","ST_CODE":10027,"FloorID":null,"BuildingID_1":null,"BuildingID_2":null,"SiteID":null,"TerminalID":null,"AccessTimeID":null,"CreationDate":1614441600000,"ModifiedBy":"LANDSD","LastAmendmentDate":1656086400000,"Shape__Length":1.6186710224527019}},{"type":"Feature","id":354166,"geometry":{"type":"LineString","coordinates":[[114.1687578519233,22.319326055843248,4.6830000000045402],[114.16875554418026,22.319337102854522,4.6821999999956461]]},"properties":{"OBJECTID":354166,"PedestrianRouteID":240021907,"Location":1,"FeatureType":1,"AliasNameEN":"Argyle Street","AliasNameTC":"亞皆老街","CrossingFeature":null,"WeatherProof":3,"WheelchairBarrier":2,"WheelchairAccess":2,"ObstaclesType":null,"Gradient":0.00064196000000000001,"Direction":0,"PositionCertainty":1,"Enabled":1,"DataSource":1,"LevelSource":2,"StreetNameEN":"Argyle Street","StreetNameTC":"亞皆老街","ST_CODE":10027,"FloorID":null,"BuildingID_1":null,"BuildingID_2":null,"SiteID":null,"TerminalID":null,"AccessTimeID":null,"CreationDate":1614441600000,"ModifiedBy":"LANDSD","LastAmendmentDate":1656086400000,"Shape__Length":1.2461798352523241}},{"type":"Feature","id":354167,"geometry":{"type":"LineString","coordinates":[[114.1687660564878,22.319087555539468,4.6138000000064494],[114.16876458853167,22.319094811549316,4.6282000000064727]]},"properties":{"OBJECTID":354167,"PedestrianRouteID":240021908,"Location":1,"FeatureType":1,"AliasNameEN":"Argyle Street","AliasNameTC":"亞皆老街","CrossingFeature":null,"WeatherProof":2,"WheelchairBarrier":2,"WheelchairAccess":2,"ObstaclesType":null,"Gradient":0.017610649999999999,"Direction":0,"PositionCertainty":1,"Enabled":1,"DataSource":1,"LevelSource":2,"StreetNameEN":"Argyle Street","StreetNameTC":"亞皆老街","ST_CODE":10027,"FloorID":null,"BuildingID_1":null,"BuildingID_2":null,"SiteID":null,"TerminalID":null,"AccessTimeID":null,"CreationDate":1614441600000,"ModifiedBy":"LANDSD","LastAmendmentDate":1656086400000,"Shape__Length":0.81760240378932414}},{"type":"Feature","id":354172,"geometry":{"type":"LineString","coordinates":[[114.1713463700377,22.31871234910048,5.4210000000020955],[114.17134099784835,22.318711375420541,5.3540000000066357]]},"properties":{"OBJECTID":354172,"PedestrianRouteID":240021913,"Location":1,"FeatureType":1,"AliasNameEN":"Fa Yuen Street","AliasNameTC":"花園街","CrossingFeature":null,"WeatherProof":2,"WheelchairBarrier":2,"WheelchairAccess":2,"ObstaclesType":null,"Gradient":0.0079799699999999994,"Direction":0,"PositionCertainty":1,"Enabled":1,"DataSource":1,"LevelSource":2,"StreetNameEN":"Fa Yuen Street","StreetNameTC":"花園街","ST_CODE":10419,"FloorID":null,"BuildingID_1":null,"BuildingID_2":null,"SiteID":null,"TerminalID":null,"AccessTimeID":null,"CreationDate":1614441600000,"ModifiedBy":"LANDSD","LastAmendmentDate":1689264000000,"Shape__Length":0.56389989330869705}},{"type":"Feature","id":354173,"geometry":{"type":"LineString","coordinates":[[114.17120132839841,22.318693974093684,5.4844000000011874],[114.17120212929112,22.318690125281812,5.4815999999991618]]},"properties":{"OBJECTID":354173,"PedestrianRouteID":240021914,"Location":1,"FeatureType":1,"AliasNameEN":"Fa Yuen Street","AliasNameTC":"花園街","CrossingFeature":null,"WeatherProof":2,"WheelchairBarrier":2,"WheelchairAccess":2,"ObstaclesType":null,"Gradient":0.0064498699999999999,"Direction":0,"PositionCertainty":1,"Enabled":1,"DataSource":1,"LevelSource":2,"StreetNameEN":"Fa Yuen Street","StreetNameTC":"花園街","ST_CODE":10419,"FloorID":null,"BuildingID_1":null,"BuildingID_2":null,"SiteID":null,"TerminalID":null,"AccessTimeID":null,"CreationDate":1614441600000,"ModifiedBy":"LANDSD","LastAmendmentDate":1656086400000,"Shape__Length":0.43411138019112799}},{"type":"Feature","id":354175,"geometry":{"type":"LineString","coordinates":[[114.17029558034899,22.31753340290113,5.0083000000013271],[114.17029134571075,22.317553819102901,5.0344999999942956]]},"properties":{"OBJECTID":354175,"PedestrianRouteID":240021916,"Location":1,"FeatureType":1,"AliasNameEN":"Sai Yeung Choi Street South","AliasNameTC":"西洋菜南街","CrossingFeature":null,"WeatherProof":2,"WheelchairBarrier":2,"WheelchairAccess":2,"ObstaclesType":null,"Gradient":0.045332499999999998,"Direction":0,"PositionCertainty":1,"Enabled":1,"DataSource":1,"LevelSource":2,"StreetNameEN":"Sai Yeung Choi Street South","StreetNameTC":"西洋菜南街","ST_CODE":11864,"FloorID":null,"BuildingID_1":null,"BuildingID_2":null,"SiteID":null,"TerminalID":null,"AccessTimeID":null,"CreationDate":1614441600000,"ModifiedBy":"LANDSD","LastAmendmentDate":1766073600000,"Shape__Length":2.302495837470349}},{"type":"Feature","id":354240,"geometry":{"type":"LineString","coordinates":[[114.16801819868827,22.318036338172583,4.3274999999994179],[114.16802819696126,22.318032324615761,4.3252999999967869],[114.1680650626022,22.318035224530892,4.3215999999956694],[114.16808512927298,22.318038829725143,4.3276000000041677],[114.1681669983887,22.318053537735885,4.3518999999942025],[114.16818335940229,22.318056477165051,4.3567999999941094],[114.16823905013524,22.318066482413137,4.3733999999967637]]},"properties":{"OBJECTID":354240,"PedestrianRouteID":240021985,"Location":2,"FeatureType":1,"AliasNameEN":"Minibus Terminus Under","AliasNameTC":"下層小巴總站","CrossingFeature":null,"WeatherProof":1,"WheelchairBarrier":2,"WheelchairAccess":2,"ObstaclesType":null,"Gradient":0.0019792299999999998,"Direction":0,"PositionCertainty":1,"Enabled":1,"DataSource":1,"LevelSource":2,"StreetNameEN":null,"StreetNameTC":null,"ST_CODE":null,"FloorID":290000078,"BuildingID_1":1108246362,"BuildingID_2":null,"SiteID":1503005285,"TerminalID":null,"AccessTimeID":290000475,"CreationDate":1614441600000,"ModifiedBy":"LANDSD","LastAmendmentDate":1690819200000,"Shape__Length":23.190860455682174}},{"type":"Feature","id":354241,"geometry":{"type":"LineString","coordinates":[[114.16801081233149,22.318039303418704,4.3298999999969965],[114.16801819868827,22.318036338172583,4.3274999999994179]]},"properties":{"OBJECTID":354241,"PedestrianRouteID":240021986,"Location":2,"FeatureType":1,"AliasNameEN":"Minibus Terminus Under","AliasNameTC":"下層小巴總站","CrossingFeature":null,"WeatherProof":1,"WheelchairBarrier":2,"WheelchairAccess":2,"ObstaclesType":null,"Gradient":0.0028956199999999998,"Direction":0,"PositionCertainty":1,"Enabled":1,"DataSource":1,"LevelSource":2,"StreetNameEN":null,"StreetNameTC":null,"ST_CODE":null,"FloorID":290000078,"BuildingID_1":1108246362,"BuildingID_2":null,"SiteID":1503005285,"TerminalID":null,"AccessTimeID":290000475,"CreationDate":1614441600000,"ModifiedBy":"LANDSD","LastAmendmentDate":1689609600000,"Shape__Length":0.82883506231336257}},{"type":"Feature","id":354242,"geometry":{"type":"LineString","coordinates":[[114.16809915535396,22.318442606473141,4.3390000000072177],[114.16814232381115,22.318450454573089,4.3340000000025611]]},"properties":{"OBJECTID":354242,"PedestrianRouteID":240021987,"Location":2,"FeatureType":32,"AliasNameEN":"Crossing","AliasNameTC":"過路處","CrossingFeature":5,"WeatherProof":1,"WheelchairBarrier":2,"WheelchairAccess":2,"ObstaclesType":null,"Gradient":0.0011033200000000001,"Direction":0,"PositionCertainty":1,"Enabled":1,"DataSource":1,"LevelSource":2,"StreetNameEN":null,"StreetNameTC":null,"ST_CODE":null,"FloorID":null,"BuildingID_1":1108246362,"BuildingID_2":null,"SiteID":null,"TerminalID":null,"AccessTimeID":290000475,"CreationDate":1614441600000,"ModifiedBy":"LANDSD","LastAmendmentDate":1659974400000,"Shape__Length":4.5317600038125896}},{"type":"Feature","id":354243,"geometry":{"type":"LineString","coordinates":[[114.1695377967427,22.317424514880262,4.7241000000067288],[114.16951807841275,22.317535574074324,4.5880999999935739]]},"properties":{"OBJECTID":354243,"PedestrianRouteID":240021988,"Location":1,"FeatureType":32,"AliasNameEN":"Shantung Street Crossing","AliasNameTC":"山東街過路處","CrossingFeature":1,"WeatherProof":2,"WheelchairBarrier":2,"WheelchairAccess":2,"ObstaclesType":null,"Gradient":0.010910309999999999,"Direction":0,"PositionCertainty":1,"Enabled":1,"DataSource":1,"LevelSource":2,"StreetNameEN":"Shantung Street","StreetNameTC":"山東街","ST_CODE":11986,"FloorID":null,"BuildingID_1":null,"BuildingID_2":null,"SiteID":null,"TerminalID":null,"AccessTimeID":null,"CreationDate":1614441600000,"ModifiedBy":"LANDSD","LastAmendmentDate":1689609600000,"Shape__Length":12.464777745456633}},{"type":"Feature","id":354277,"geometry":{"type":"LineString","coordinates":[[114.168641963288,22.319016768421822,1.2649999999994179],[114.1686336743916,22.319017140063536,1.2649999999994179],[114.16858878331944,22.319019155222964,1.2649999999994179],[114.16840501385197,22.318745326400339,1.2649999999994179],[114.16840942586794,22.318734095278405,1.2649999999994179],[114.16843546985277,22.318667799417721,1.2649999999994179]]},"properties":{"OBJECTID":354277,"PedestrianRouteID":240022022,"Location":2,"FeatureType":1,"AliasNameEN":"B2","AliasNameTC":"地庫二層","CrossingFeature":null,"WeatherProof":1,"WheelchairBarrier":2,"WheelchairAccess":2,"ObstaclesType":null,"Gradient":0,"Direction":0,"PositionCertainty":1,"Enabled":1,"DataSource":1,"LevelSource":2,"StreetNameEN":null,"StreetNameTC":null,"ST_CODE":null,"FloorID":240000040,"BuildingID_1":1108235214,"BuildingID_2":null,"SiteID":1503005306,"TerminalID":null,"AccessTimeID":null,"CreationDate":1614441600000,"ModifiedBy":"LANDSD","LastAmendmentDate":1690819200000,"Shape__Length":50.374057566825009}},{"type":"Feature","id":354278,"geometry":{"type":"LineString","coordinates":[[114.16844489670341,22.318643802001844,1.2649999999994179],[114.16845195279974,22.318645560623469,1.2649999999994179],[114.16845965793523,22.318619576386737,1.2649999999994179]]},"properties":{"OBJECTID":354278,"PedestrianRouteID":240022023,"Location":2,"FeatureType":1,"AliasNameEN":"B2","AliasNameTC":"地庫二層","CrossingFeature":null,"WeatherProof":1,"WheelchairBarrier":2,"WheelchairAccess":2,"ObstaclesType":null,"Gradient":0,"Direction":0,"PositionCertainty":1,"Enabled":1,"DataSource":1,"LevelSource":2,"StreetNameEN":null,"StreetNameTC":null,"ST_CODE":null,"FloorID":240000040,"BuildingID_1":1108235214,"BuildingID_2":null,"SiteID":1503005306,"TerminalID":null,"AccessTimeID":null,"CreationDate":1614441600000,"ModifiedBy":"LANDSD","LastAmendmentDate":1655049600000,"Shape__Length":3.737480355152583}},{"type":"Feature","id":354279,"geometry":{"type":"LineString","coordinates":[[114.16844489670341,22.318643802001844,1.2649999999994179],[114.1684391363296,22.318642336038256,1.2649999999994179],[114.16844730346666,22.318616387948403,1.2649999999994179]]},"properties":{"OBJECTID":354279,"PedestrianRouteID":240022024,"Location":2,"FeatureType":1,"AliasNameEN":"B2","AliasNameTC":"地庫二層","CrossingFeature":null,"WeatherProof":1,"WheelchairBarrier":2,"WheelchairAccess":2,"ObstaclesType":null,"Gradient":0,"Direction":0,"PositionCertainty":1,"Enabled":1,"DataSource":1,"LevelSource":2,"StreetNameEN":null,"StreetNameTC":null,"ST_CODE":null,"FloorID":240000040,"BuildingID_1":1108235214,"BuildingID_2":null,"SiteID":1503005306,"TerminalID":null,"AccessTimeID":null,"CreationDate":1614441600000,"ModifiedBy":"LANDSD","LastAmendmentDate":1655049600000,"Shape__Length":3.6093210289530999}},{"type":"Feature","id":354280,"geometry":{"type":"LineString","coordinates":[[114.16844730346666,22.318616387948403,1.2649999999994179],[114.16845739178736,22.318583959602094,2.1383999999961816],[114.1684699070456,22.318543728945844,3.2219999999942956]]},"properties":{"OBJECTID":354280,"PedestrianRouteID":240022025,"Location":2,"FeatureType":8,"AliasNameEN":"Escalator","AliasNameTC":"扶手電梯","CrossingFeature":null,"WeatherProof":1,"WheelchairBarrier":1,"WheelchairAccess":2,"ObstaclesType":null,"Gradient":0.22952284000000001,"Direction":-1,"PositionCertainty":1,"Enabled":1,"DataSource":1,"LevelSource":2,"StreetNameEN":null,"StreetNameTC":null,"ST_CODE":null,"FloorID":null,"BuildingID_1":1108235214,"BuildingID_2":null,"SiteID":1503005306,"TerminalID":null,"AccessTimeID":null,"CreationDate":1614441600000,"ModifiedBy":"LANDSD","LastAmendmentDate":1690819200000,"Shape__Length":8.3761305244274809}},{"type":"Feature","id":354281,"geometry":{"type":"LineString","coordinates":[[114.16845965793523,22.318619576386737,1.2649999999994179],[114.16846497970903,22.318602941401899,1.709499999997206],[114.16848308848617,22.318546339466977,3.2219999999942956]]},"properties":{"OBJECTID":354281,"PedestrianRouteID":240022026,"Location":2,"FeatureType":8,"AliasNameEN":"Escalator","AliasNameTC":"扶手電梯","CrossingFeature":null,"WeatherProof":1,"WheelchairBarrier":1,"WheelchairAccess":2,"ObstaclesType":null,"Gradient":0.22728556999999999,"Direction":1,"PositionCertainty":1,"Enabled":1,"DataSource":1,"LevelSource":2,"StreetNameEN":null,"StreetNameTC":null,"ST_CODE":null,"FloorID":null,"BuildingID_1":1108235214,"BuildingID_2":null,"SiteID":1503005306,"TerminalID":null,"AccessTimeID":null,"CreationDate":1614441600000,"ModifiedBy":"LANDSD","LastAmendmentDate":1690819200000,"Shape__Length":8.4615344327072233}},{"type":"Feature","id":354282,"geometry":{"type":"LineString","coordinates":[[114.1684699070456,22.318543728945844,3.2219999999942956],[114.16847122633415,22.318539439481086,3.2219999999942956],[114.16847791653777,22.318540778160045,3.2219999999942956]]},"properties":{"OBJECTID":354282,"PedestrianRouteID":240022027,"Location":2,"FeatureType":1,"AliasNameEN":"B1","AliasNameTC":"地庫一層","CrossingFeature":null,"WeatherProof":1,"WheelchairBarrier":2,"WheelchairAccess":2,"ObstaclesType":null,"Gradient":0,"Direction":0,"PositionCertainty":1,"Enabled":1,"DataSource":1,"LevelSource":2,"StreetNameEN":null,"StreetNameTC":null,"ST_CODE":null,"FloorID":240000041,"BuildingID_1":1108235214,"BuildingID_2":null,"SiteID":1503005306,"TerminalID":null,"AccessTimeID":null,"CreationDate":1614441600000,"ModifiedBy":"LANDSD","LastAmendmentDate":1655049600000,"Shape__Length":1.1991100877066332}},{"type":"Feature","id":354283,"geometry":{"type":"LineString","coordinates":[[114.16847791653777,22.318540778160045,3.2219999999942956],[114.16848429809664,22.31854206534846,3.2219999999942956],[114.16848308848617,22.318546339466977,3.2219999999942956]]},"properties":{"OBJECTID":354283,"PedestrianRouteID":240022028,"Location":2,"FeatureType":1,"AliasNameEN":"B1","AliasNameTC":"地庫一層","CrossingFeature":null,"WeatherProof":1,"WheelchairBarrier":2,"WheelchairAccess":2,"ObstaclesType":null,"Gradient":0,"Direction":0,"PositionCertainty":1,"Enabled":1,"DataSource":1,"LevelSource":2,"StreetNameEN":null,"StreetNameTC":null,"ST_CODE":null,"FloorID":240000041,"BuildingID_1":1108235214,"BuildingID_2":null,"SiteID":1503005306,"TerminalID":null,"AccessTimeID":null,"CreationDate":1614441600000,"ModifiedBy":"LANDSD","LastAmendmentDate":1655049600000,"Shape__Length":1.1621910637967892}},{"type":"Feature","id":354284,"geometry":{"type":"LineString","coordinates":[[114.16847791653777,22.318540778160045,3.2219999999942956],[114.16848210458842,22.318525285486409,3.2219999999942956],[114.1684575547511,22.318520470913313,3.2219999999942956],[114.16842591580371,22.318514267063684,3.2219999999942956],[114.16841070718716,22.318586165165318,3.2219999999942956]]},"properties":{"OBJECTID":354284,"PedestrianRouteID":240022029,"Location":2,"FeatureType":1,"AliasNameEN":"B1","AliasNameTC":"地庫一層","CrossingFeature":null,"WeatherProof":1,"WheelchairBarrier":2,"WheelchairAccess":2,"ObstaclesType":null,"Gradient":0,"Direction":0,"PositionCertainty":1,"Enabled":1,"DataSource":1,"LevelSource":2,"StreetNameEN":null,"StreetNameTC":null,"ST_CODE":null,"FloorID":240000041,"BuildingID_1":1108235214,"BuildingID_2":null,"SiteID":1503005306,"TerminalID":null,"AccessTimeID":null,"CreationDate":1614441600000,"ModifiedBy":"LANDSD","LastAmendmentDate":1690819200000,"Shape__Length":15.799664741584824}},{"type":"Feature","id":354285,"geometry":{"type":"LineString","coordinates":[[114.16841070718716,22.318586165165318,3.2219999999942956],[114.16841886199651,22.318587806447706,3.2219999999942956],[114.16841657665223,22.318597357086656,3.2219999999942956]]},"properties":{"OBJECTID":354285,"PedestrianRouteID":240022030,"Location":2,"FeatureType":1,"AliasNameEN":"B1","AliasNameTC":"地庫一層","CrossingFeature":null,"WeatherProof":1,"WheelchairBarrier":2,"WheelchairAccess":2,"ObstaclesType":null,"Gradient":0,"Direction":0,"PositionCertainty":1,"Enabled":1,"DataSource":1,"LevelSource":2,"StreetNameEN":null,"StreetNameTC":null,"ST_CODE":null,"FloorID":240000041,"BuildingID_1":1108235214,"BuildingID_2":null,"SiteID":1503005306,"TerminalID":null,"AccessTimeID":null,"CreationDate":1614441600000,"ModifiedBy":"LANDSD","LastAmendmentDate":1655049600000,"Shape__Length":1.943103476868254}},{"type":"Feature","id":354286,"geometry":{"type":"LineString","coordinates":[[114.16841070718716,22.318586165165318,3.2219999999942956],[114.1684019942976,22.318584364915029,3.2219999999942956],[114.16839966425702,22.318594714759143,3.2219999999942956]]},"properties":{"OBJECTID":354286,"PedestrianRouteID":240022031,"Location":2,"FeatureType":1,"AliasNameEN":"B1","AliasNameTC":"地庫一層","CrossingFeature":null,"WeatherProof":1,"WheelchairBarrier":2,"WheelchairAccess":2,"ObstaclesType":null,"Gradient":0,"Direction":0,"PositionCertainty":1,"Enabled":1,"DataSource":1,"LevelSource":2,"StreetNameEN":null,"StreetNameTC":null,"ST_CODE":null,"FloorID":240000041,"BuildingID_1":1108235214,"BuildingID_2":null,"SiteID":1503005306,"TerminalID":null,"AccessTimeID":null,"CreationDate":1614441600000,"ModifiedBy":"LANDSD","LastAmendmentDate":1655049600000,"Shape__Length":2.0905164821575957}},{"type":"Feature","id":354287,"geometry":{"type":"LineString","coordinates":[[114.16839966425702,22.318594714759143,3.2219999999942956],[114.16838432125938,22.318673547444618,4.9109999999927823]]},"properties":{"OBJECTID":354287,"PedestrianRouteID":240022032,"Location":2,"FeatureType":8,"AliasNameEN":"Escalator","AliasNameTC":"扶手電梯","CrossingFeature":null,"WeatherProof":1,"WheelchairBarrier":1,"WheelchairAccess":2,"ObstaclesType":null,"Gradient":0.18813373999999999,"Direction":1,"PositionCertainty":1,"Enabled":1,"DataSource":1,"LevelSource":2,"StreetNameEN":null,"StreetNameTC":null,"ST_CODE":null,"FloorID":null,"BuildingID_1":1108235214,"BuildingID_2":null,"SiteID":1503005306,"TerminalID":null,"AccessTimeID":null,"CreationDate":1614441600000,"ModifiedBy":"LANDSD","LastAmendmentDate":1614441600000,"Shape__Length":8.8714860220098579}},{"type":"Feature","id":354288,"geometry":{"type":"LineString","coordinates":[[114.16841657665223,22.318597357086656,3.2219999999942956],[114.16839941959948,22.318676658367313,4.9109999999927823]]},"properties":{"OBJECTID":354288,"PedestrianRouteID":240022033,"Location":2,"FeatureType":8,"AliasNameEN":"Escalator","AliasNameTC":"扶手電梯","CrossingFeature":null,"WeatherProof":1,"WheelchairBarrier":1,"WheelchairAccess":2,"ObstaclesType":null,"Gradient":0.18636786999999999,"Direction":1,"PositionCertainty":1,"Enabled":1,"DataSource":1,"LevelSource":2,"StreetNameEN":null,"StreetNameTC":null,"ST_CODE":null,"FloorID":null,"BuildingID_1":1108235214,"BuildingID_2":null,"SiteID":1503005306,"TerminalID":null,"AccessTimeID":null,"CreationDate":1614441600000,"ModifiedBy":"LANDSD","LastAmendmentDate":1614441600000,"Shape__Length":8.957552014790144}},{"type":"Feature","id":354289,"geometry":{"type":"LineString","coordinates":[[114.16838432125938,22.318673547444618,4.9109999999927823],[114.16838269799277,22.318680809764686,4.9109999999927823],[114.16839065870134,22.318682244237724,4.9109999999927823]]},"properties":{"OBJECTID":354289,"PedestrianRouteID":240022034,"Location":2,"FeatureType":1,"AliasNameEN":"L1","AliasNameTC":"一樓","CrossingFeature":null,"WeatherProof":1,"WheelchairBarrier":2,"WheelchairAccess":2,"ObstaclesType":null,"Gradient":0,"Direction":0,"PositionCertainty":1,"Enabled":1,"DataSource":1,"LevelSource":2,"StreetNameEN":null,"StreetNameTC":null,"ST_CODE":null,"FloorID":240000042,"BuildingID_1":1108235214,"BuildingID_2":null,"SiteID":1503005306,"TerminalID":null,"AccessTimeID":null,"CreationDate":1614441600000,"ModifiedBy":"LANDSD","LastAmendmentDate":1655049600000,"Shape__Length":1.6568285859387009}},{"type":"Feature","id":354290,"geometry":{"type":"LineString","coordinates":[[114.16860841789592,22.318978748823266,4.9109999999927823],[114.16844627981055,22.318741071516708,4.9109999999927823]]},"properties":{"OBJECTID":354290,"PedestrianRouteID":240022035,"Location":2,"FeatureType":1,"AliasNameEN":"L1","AliasNameTC":"一樓","CrossingFeature":null,"WeatherProof":1,"WheelchairBarrier":2,"WheelchairAccess":2,"ObstaclesType":null,"Gradient":0,"Direction":0,"PositionCertainty":1,"Enabled":1,"DataSource":1,"LevelSource":2,"StreetNameEN":null,"StreetNameTC":null,"ST_CODE":null,"FloorID":240000042,"BuildingID_1":1108235214,"BuildingID_2":null,"SiteID":1503005306,"TerminalID":null,"AccessTimeID":null,"CreationDate":1614441600000,"ModifiedBy":"LANDSD","LastAmendmentDate":1655049600000,"Shape__Length":31.172981786318335}},{"type":"Feature","id":354291,"geometry":{"type":"LineString","coordinates":[[114.16839065870134,22.318682244237724,4.9109999999927823],[114.16838146633482,22.318728802798312,4.9109999999927823]]},"properties":{"OBJECTID":354291,"PedestrianRouteID":240022036,"Location":2,"FeatureType":1,"AliasNameEN":"L1","AliasNameTC":"一樓","CrossingFeature":null,"WeatherProof":1,"WheelchairBarrier":2,"WheelchairAccess":2,"ObstaclesType":null,"Gradient":0,"Direction":0,"PositionCertainty":1,"Enabled":1,"DataSource":1,"LevelSource":2,"StreetNameEN":null,"StreetNameTC":null,"ST_CODE":null,"FloorID":240000042,"BuildingID_1":1108235214,"BuildingID_2":null,"SiteID":1503005306,"TerminalID":null,"AccessTimeID":null,"CreationDate":1614441600000,"ModifiedBy":"LANDSD","LastAmendmentDate":1655049600000,"Shape__Length":5.2419149869199169}},{"type":"Feature","id":354292,"geometry":{"type":"LineString","coordinates":[[114.16844627981055,22.318741071516708,4.9109999999927823],[114.16847677199198,22.318723870709825,4.9109999999927823]]},"properties":{"OBJECTID":354292,"PedestrianRouteID":240022037,"Location":2,"FeatureType":1,"AliasNameEN":"L1","AliasNameTC":"一樓","CrossingFeature":null,"WeatherProof":1,"WheelchairBarrier":2,"WheelchairAccess":2,"ObstaclesType":null,"Gradient":0,"Direction":0,"PositionCertainty":1,"Enabled":1,"DataSource":1,"LevelSource":2,"StreetNameEN":null,"StreetNameTC":null,"ST_CODE":null,"FloorID":240000042,"BuildingID_1":1108235214,"BuildingID_2":null,"SiteID":1503005306,"TerminalID":null,"AccessTimeID":null,"CreationDate":1614441600000,"ModifiedBy":"LANDSD","LastAmendmentDate":1655049600000,"Shape__Length":3.673917018324008}},{"type":"Feature","id":354293,"geometry":{"type":"LineString","coordinates":[[114.16847677199198,22.318723870709825,4.9109999999927823],[114.16848111115995,22.318729751656857,4.9109999999927823],[114.16849112704195,22.318724017744344,4.9109999999927823]]},"properties":{"OBJECTID":354293,"PedestrianRouteID":240022038,"Location":2,"FeatureType":1,"AliasNameEN":"L1","AliasNameTC":"一樓","CrossingFeature":null,"WeatherProof":1,"WheelchairBarrier":2,"WheelchairAccess":2,"ObstaclesType":null,"Gradient":0,"Direction":0,"PositionCertainty":1,"Enabled":1,"DataSource":1,"LevelSource":2,"StreetNameEN":null,"StreetNameTC":null,"ST_CODE":null,"FloorID":240000042,"BuildingID_1":1108235214,"BuildingID_2":null,"SiteID":1503005306,"TerminalID":null,"AccessTimeID":null,"CreationDate":1614441600000,"ModifiedBy":"LANDSD","LastAmendmentDate":1655049600000,"Shape__Length":2.0015393762611868}},{"type":"Feature","id":354294,"geometry":{"type":"LineString","coordinates":[[114.16847677199198,22.318723870709825,4.9109999999927823],[114.1684724833375,22.318717279057463,4.9109999999927823],[114.16848280695631,22.318710541862227,4.9109999999927823]]},"properties":{"OBJECTID":354294,"PedestrianRouteID":240022039,"Location":2,"FeatureType":1,"AliasNameEN":"L1","AliasNameTC":"一樓","CrossingFeature":null,"WeatherProof":1,"WheelchairBarrier":2,"WheelchairAccess":2,"ObstaclesType":null,"Gradient":0,"Direction":0,"PositionCertainty":1,"Enabled":1,"DataSource":1,"LevelSource":2,"StreetNameEN":null,"StreetNameTC":null,"ST_CODE":null,"FloorID":240000042,"BuildingID_1":1108235214,"BuildingID_2":null,"SiteID":1503005306,"TerminalID":null,"AccessTimeID":null,"CreationDate":1614441600000,"ModifiedBy":"LANDSD","LastAmendmentDate":1655049600000,"Shape__Length":2.1524424883466957}},{"type":"Feature","id":354295,"geometry":{"type":"LineString","coordinates":[[114.16849112704195,22.318724017744344,4.9109999999927823],[114.16859802220594,22.318658463794961,8.1450000000040745]]},"properties":{"OBJECTID":354295,"PedestrianRouteID":240022040,"Location":2,"FeatureType":8,"AliasNameEN":"Escalator","AliasNameTC":"扶手電梯","CrossingFeature":null,"WeatherProof":1,"WheelchairBarrier":1,"WheelchairAccess":2,"ObstaclesType":null,"Gradient":0.24043365,"Direction":1,"PositionCertainty":1,"Enabled":1,"DataSource":1,"LevelSource":2,"StreetNameEN":null,"StreetNameTC":null,"ST_CODE":null,"FloorID":null,"BuildingID_1":1108235214,"BuildingID_2":null,"SiteID":1503005306,"TerminalID":null,"AccessTimeID":null,"CreationDate":1614441600000,"ModifiedBy":"LANDSD","LastAmendmentDate":1614441600000,"Shape__Length":13.190504654959343}},{"type":"Feature","id":354296,"geometry":{"type":"LineString","coordinates":[[114.16848280695631,22.318710541862227,4.9109999999927823],[114.16858839268902,22.318646635935252,8.1450000000040745]]},"properties":{"OBJECTID":354296,"PedestrianRouteID":240022041,"Location":2,"FeatureType":8,"AliasNameEN":"Escalator","AliasNameTC":"扶手電梯","CrossingFeature":null,"WeatherProof":1,"WheelchairBarrier":1,"WheelchairAccess":2,"ObstaclesType":null,"Gradient":0.24422308000000001,"Direction":1,"PositionCertainty":1,"Enabled":1,"DataSource":1,"LevelSource":2,"StreetNameEN":null,"StreetNameTC":null,"ST_CODE":null,"FloorID":null,"BuildingID_1":1108235214,"BuildingID_2":null,"SiteID":1503005306,"TerminalID":null,"AccessTimeID":null,"CreationDate":1614441600000,"ModifiedBy":"LANDSD","LastAmendmentDate":1614441600000,"Shape__Length":12.977666178954927}},{"type":"Feature","id":354297,"geometry":{"type":"LineString","coordinates":[[114.16859927675635,22.318649154218047,8.1450000000040745],[114.16859533460189,22.318642523754907,8.1450000000040745],[114.16858839268902,22.318646635935252,8.1450000000040745]]},"properties":{"OBJECTID":354297,"PedestrianRouteID":240022042,"Location":2,"FeatureType":1,"AliasNameEN":"L2","AliasNameTC":"二樓","CrossingFeature":null,"WeatherProof":1,"WheelchairBarrier":2,"WheelchairAccess":2,"ObstaclesType":null,"Gradient":0,"Direction":0,"PositionCertainty":1,"Enabled":1,"DataSource":1,"LevelSource":2,"StreetNameEN":null,"StreetNameTC":null,"ST_CODE":null,"FloorID":240000043,"BuildingID_1":1108235214,"BuildingID_2":null,"SiteID":1503005306,"TerminalID":null,"AccessTimeID":null,"CreationDate":1614441600000,"ModifiedBy":"LANDSD","LastAmendmentDate":1655049600000,"Shape__Length":1.6869555551154944}},{"type":"Feature","id":354298,"geometry":{"type":"LineString","coordinates":[[114.16859927675635,22.318649154218047,8.1450000000040745],[114.16863131902896,22.318630324341221,8.1450000000040745],[114.16864900032994,22.318546463514409,8.1450000000040745]]},"properties":{"OBJECTID":354298,"PedestrianRouteID":240022043,"Location":2,"FeatureType":1,"AliasNameEN":"L2","AliasNameTC":"二樓","CrossingFeature":null,"WeatherProof":1,"WheelchairBarrier":2,"WheelchairAccess":2,"ObstaclesType":null,"Gradient":0,"Direction":0,"PositionCertainty":1,"Enabled":1,"DataSource":1,"LevelSource":2,"StreetNameEN":null,"StreetNameTC":null,"ST_CODE":null,"FloorID":240000043,"BuildingID_1":1108235214,"BuildingID_2":null,"SiteID":1503005306,"TerminalID":null,"AccessTimeID":null,"CreationDate":1614441600000,"ModifiedBy":"LANDSD","LastAmendmentDate":1655049600000,"Shape__Length":13.367960788741525}},{"type":"Feature","id":354299,"geometry":{"type":"LineString","coordinates":[[114.16861531601437,22.318562291541902,8.1450000000040745],[114.16861741519018,22.318565927365899,8.1450000000040745],[114.16861868750613,22.31856813270171,8.1450000000040745],[114.16861550871427,22.318569942271999,8.1450000000040745],[114.16861056921131,22.318572754149056,8.1450000000040745]]},"properties":{"OBJECTID":354299,"PedestrianRouteID":240022044,"Location":2,"FeatureType":1,"AliasNameEN":"L2","AliasNameTC":"二樓","CrossingFeature":null,"WeatherProof":1,"WheelchairBarrier":2,"WheelchairAccess":2,"ObstaclesType":null,"Gradient":0,"Direction":0,"PositionCertainty":1,"Enabled":1,"DataSource":1,"LevelSource":2,"StreetNameEN":null,"StreetNameTC":null,"ST_CODE":null,"FloorID":240000043,"BuildingID_1":1108235214,"BuildingID_2":null,"SiteID":1503005306,"TerminalID":null,"AccessTimeID":null,"CreationDate":1614441600000,"ModifiedBy":"LANDSD","LastAmendmentDate":1690819200000,"Shape__Length":1.7147546067815704}},{"type":"Feature","id":354300,"geometry":{"type":"LineString","coordinates":[[114.16861531601437,22.318562291541902,8.1450000000040745],[114.16861020246417,22.318553851288403,8.1450000000040745],[114.16860138917394,22.318559373050402,8.1450000000040745]]},"properties":{"OBJECTID":354300,"PedestrianRouteID":240022045,"Location":2,"FeatureType":1,"AliasNameEN":"L2","AliasNameTC":"二樓","CrossingFeature":null,"WeatherProof":1,"WheelchairBarrier":2,"WheelchairAccess":2,"ObstaclesType":null,"Gradient":0,"Direction":0,"PositionCertainty":1,"Enabled":1,"DataSource":1,"LevelSource":2,"StreetNameEN":null,"StreetNameTC":null,"ST_CODE":null,"FloorID":240000043,"BuildingID_1":1108235214,"BuildingID_2":null,"SiteID":1503005306,"TerminalID":null,"AccessTimeID":null,"CreationDate":1614441600000,"ModifiedBy":"LANDSD","LastAmendmentDate":1655049600000,"Shape__Length":2.1676065038028405}},{"type":"Feature","id":354301,"geometry":{"type":"LineString","coordinates":[[114.16861056921131,22.318572754149056,8.1450000000040745],[114.16852522296175,22.318625818996317,11.049400000003516],[114.16851544874511,22.318631896085996,11.381999999997788]]},"properties":{"OBJECTID":354301,"PedestrianRouteID":240022046,"Location":2,"FeatureType":8,"AliasNameEN":"Escalator","AliasNameTC":"扶手電梯","CrossingFeature":null,"WeatherProof":1,"WheelchairBarrier":1,"WheelchairAccess":2,"ObstaclesType":null,"Gradient":0.26801538000000003,"Direction":-1,"PositionCertainty":1,"Enabled":1,"DataSource":1,"LevelSource":2,"StreetNameEN":null,"StreetNameTC":null,"ST_CODE":null,"FloorID":null,"BuildingID_1":1108235214,"BuildingID_2":null,"SiteID":1503005306,"TerminalID":null,"AccessTimeID":null,"CreationDate":1614441600000,"ModifiedBy":"LANDSD","LastAmendmentDate":1690819200000,"Shape__Length":11.787081918989259}},{"type":"Feature","id":354302,"geometry":{"type":"LineString","coordinates":[[114.16860138917394,22.318559373050402,8.1450000000040745],[114.168506965592,22.318618609839078,11.381999999997788]]},"properties":{"OBJECTID":354302,"PedestrianRouteID":240022047,"Location":2,"FeatureType":8,"AliasNameEN":"Escalator","AliasNameTC":"扶手電梯","CrossingFeature":null,"WeatherProof":1,"WheelchairBarrier":1,"WheelchairAccess":2,"ObstaclesType":null,"Gradient":0.26918503999999999,"Direction":1,"PositionCertainty":1,"Enabled":1,"DataSource":1,"LevelSource":2,"StreetNameEN":null,"StreetNameTC":null,"ST_CODE":null,"FloorID":null,"BuildingID_1":1108235214,"BuildingID_2":null,"SiteID":1503005306,"TerminalID":null,"AccessTimeID":null,"CreationDate":1614441600000,"ModifiedBy":"LANDSD","LastAmendmentDate":1614441600000,"Shape__Length":11.733321849486112}},{"type":"Feature","id":354303,"geometry":{"type":"LineString","coordinates":[[114.16864900032994,22.318546463514409,8.1450000000040745],[114.16867196233845,22.318466967437363,8.1450000000040745]]},"properties":{"OBJECTID":354303,"PedestrianRouteID":240022048,"Location":2,"FeatureType":1,"AliasNameEN":"L2","AliasNameTC":"二樓","CrossingFeature":null,"WeatherProof":1,"WheelchairBarrier":2,"WheelchairAccess":2,"ObstaclesType":null,"Gradient":0,"Direction":0,"PositionCertainty":1,"Enabled":1,"DataSource":1,"LevelSource":2,"StreetNameEN":null,"StreetNameTC":null,"ST_CODE":null,"FloorID":240000043,"BuildingID_1":1108235214,"BuildingID_2":null,"SiteID":1503005306,"TerminalID":null,"AccessTimeID":null,"CreationDate":1614441600000,"ModifiedBy":"LANDSD","LastAmendmentDate":1655049600000,"Shape__Length":9.1153285011916552}},{"type":"Feature","id":354304,"geometry":{"type":"LineString","coordinates":[[114.168506965592,22.318618609839078,11.381999999997788],[114.16850035271477,22.318622611859301,11.381999999997788],[114.16850529457817,22.318629163809941,11.381999999997788]]},"properties":{"OBJECTID":354304,"PedestrianRouteID":240022049,"Location":2,"FeatureType":1,"AliasNameEN":"L3","AliasNameTC":"三樓","CrossingFeature":null,"WeatherProof":1,"WheelchairBarrier":2,"WheelchairAccess":2,"ObstaclesType":null,"Gradient":0,"Direction":0,"PositionCertainty":1,"Enabled":1,"DataSource":1,"LevelSource":2,"StreetNameEN":null,"StreetNameTC":null,"ST_CODE":null,"FloorID":240000044,"BuildingID_1":1108235214,"BuildingID_2":null,"SiteID":1503005306,"TerminalID":null,"AccessTimeID":null,"CreationDate":1614441600000,"ModifiedBy":"LANDSD","LastAmendmentDate":1655049600000,"Shape__Length":1.6991310020256813}},{"type":"Feature","id":354305,"geometry":{"type":"LineString","coordinates":[[114.16851544874511,22.318631896085996,11.381999999997788],[114.16850973759004,22.318635173899082,11.381999999997788],[114.16850660865371,22.318630942001601,11.381999999997788],[114.16850529457817,22.318629163809941,11.381999999997788]]},"properties":{"OBJECTID":354305,"PedestrianRouteID":240022050,"Location":2,"FeatureType":1,"AliasNameEN":"L3","AliasNameTC":"三樓","CrossingFeature":null,"WeatherProof":1,"WheelchairBarrier":2,"WheelchairAccess":2,"ObstaclesType":null,"Gradient":0,"Direction":0,"PositionCertainty":1,"Enabled":1,"DataSource":1,"LevelSource":2,"StreetNameEN":null,"StreetNameTC":null,"ST_CODE":null,"FloorID":240000044,"BuildingID_1":1108235214,"BuildingID_2":null,"SiteID":1503005306,"TerminalID":null,"AccessTimeID":null,"CreationDate":1614441600000,"ModifiedBy":"LANDSD","LastAmendmentDate":1690819200000,"Shape__Length":1.4991203818195169}},{"type":"Feature","id":354306,"geometry":{"type":"LineString","coordinates":[[114.16850529457817,22.318629163809941,11.381999999997788],[114.16849043422702,22.318639170751947,11.381999999997788],[114.16847962756903,22.318624383499149,11.381999999997788],[114.16847870849371,22.318623125489907,11.381999999997788],[114.168480112018,22.318622301971903,11.381999999997788],[114.16861741175498,22.318541694666298,11.381999999997788],[114.16862514643086,22.318557672890158,11.381999999997788],[114.16862671277573,22.318560908631682,11.381999999997788]]},"properties":{"OBJECTID":354306,"PedestrianRouteID":240022051,"Location":2,"FeatureType":1,"AliasNameEN":"L3","AliasNameTC":"三樓","CrossingFeature":null,"WeatherProof":1,"WheelchairBarrier":2,"WheelchairAccess":2,"ObstaclesType":null,"Gradient":0,"Direction":0,"PositionCertainty":1,"Enabled":1,"DataSource":1,"LevelSource":2,"StreetNameEN":null,"StreetNameTC":null,"ST_CODE":null,"FloorID":240000044,"BuildingID_1":1108235214,"BuildingID_2":null,"SiteID":1503005306,"TerminalID":null,"AccessTimeID":null,"CreationDate":1614441600000,"ModifiedBy":"LANDSD","LastAmendmentDate":1690819200000,"Shape__Length":23.26974366695919}},{"type":"Feature","id":354307,"geometry":{"type":"LineString","coordinates":[[114.16862671277573,22.318560908631682,11.381999999997788],[114.16861741519018,22.318565927365899,11.381999999997788],[114.16861411992922,22.31856770622624,11.381999999997788]]},"properties":{"OBJECTID":354307,"PedestrianRouteID":240022052,"Location":2,"FeatureType":1,"AliasNameEN":"L3","AliasNameTC":"三樓","CrossingFeature":null,"WeatherProof":1,"WheelchairBarrier":2,"WheelchairAccess":2,"ObstaclesType":null,"Gradient":0,"Direction":0,"PositionCertainty":1,"Enabled":1,"DataSource":1,"LevelSource":2,"StreetNameEN":null,"StreetNameTC":null,"ST_CODE":null,"FloorID":240000044,"BuildingID_1":1108235214,"BuildingID_2":null,"SiteID":1503005306,"TerminalID":null,"AccessTimeID":null,"CreationDate":1614441600000,"ModifiedBy":"LANDSD","LastAmendmentDate":1690819200000,"Shape__Length":1.4999848675586858}},{"type":"Feature","id":354308,"geometry":{"type":"LineString","coordinates":[[114.16861362303339,22.318566906090325,11.381999999997788],[114.16861411992922,22.31856770622624,11.381999999997788],[114.16861550871427,22.318569942271999,11.381999999997788],[114.16861760402325,22.318573314402414,11.381999999997788],[114.16861175504023,22.318576742120023,11.381999999997788]]},"properties":{"OBJECTID":354308,"PedestrianRouteID":240022053,"Location":2,"FeatureType":1,"AliasNameEN":"L3","AliasNameTC":"三樓","CrossingFeature":null,"WeatherProof":1,"WheelchairBarrier":2,"WheelchairAccess":2,"ObstaclesType":null,"Gradient":0,"Direction":0,"PositionCertainty":1,"Enabled":1,"DataSource":1,"LevelSource":2,"StreetNameEN":null,"StreetNameTC":null,"ST_CODE":null,"FloorID":240000044,"BuildingID_1":1108235214,"BuildingID_2":null,"SiteID":1503005306,"TerminalID":null,"AccessTimeID":null,"CreationDate":1614441600000,"ModifiedBy":"LANDSD","LastAmendmentDate":1690819200000,"Shape__Length":1.5318275940841963}},{"type":"Feature","id":354309,"geometry":{"type":"LineString","coordinates":[[114.16861362303339,22.318566906090325,11.381999999997788],[114.16860936742616,22.318559481822227,11.381999999997788],[114.1686041473974,22.318562723541209,11.381999999997788]]},"properties":{"OBJECTID":354309,"PedestrianRouteID":240022054,"Location":2,"FeatureType":1,"AliasNameEN":"L3","AliasNameTC":"三樓","CrossingFeature":null,"WeatherProof":1,"WheelchairBarrier":2,"WheelchairAccess":2,"ObstaclesType":null,"Gradient":0,"Direction":0,"PositionCertainty":1,"Enabled":1,"DataSource":1,"LevelSource":2,"StreetNameEN":null,"StreetNameTC":null,"ST_CODE":null,"FloorID":240000044,"BuildingID_1":1108235214,"BuildingID_2":null,"SiteID":1503005306,"TerminalID":null,"AccessTimeID":null,"CreationDate":1614441600000,"ModifiedBy":"LANDSD","LastAmendmentDate":1655049600000,"Shape__Length":1.578349431483461}},{"type":"Feature","id":354310,"geometry":{"type":"LineString","coordinates":[[114.1686041473974,22.318562723541209,11.381999999997788],[114.16852671476086,22.318609412287312,14.501000000003842]]},"properties":{"OBJECTID":354310,"PedestrianRouteID":240022055,"Location":2,"FeatureType":8,"AliasNameEN":"Escalator","AliasNameTC":"扶手電梯","CrossingFeature":null,"WeatherProof":1,"WheelchairBarrier":1,"WheelchairAccess":2,"ObstaclesType":null,"Gradient":0.31702101999999999,"Direction":1,"PositionCertainty":1,"Enabled":1,"DataSource":1,"LevelSource":2,"StreetNameEN":null,"StreetNameTC":null,"ST_CODE":null,"FloorID":null,"BuildingID_1":1108235214,"BuildingID_2":null,"SiteID":1503005306,"TerminalID":null,"AccessTimeID":null,"CreationDate":1614441600000,"ModifiedBy":"LANDSD","LastAmendmentDate":1614441600000,"Shape__Length":9.5066383121653608}},{"type":"Feature","id":354311,"geometry":{"type":"LineString","coordinates":[[114.16861175504023,22.318576742120023,11.381999999997788],[114.16853524933357,22.318623088657535,14.501000000003842]]},"properties":{"OBJECTID":354311,"PedestrianRouteID":240022056,"Location":2,"FeatureType":8,"AliasNameEN":"Escalator","AliasNameTC":"扶手電梯","CrossingFeature":null,"WeatherProof":1,"WheelchairBarrier":1,"WheelchairAccess":2,"ObstaclesType":null,"Gradient":0.32018986999999999,"Direction":-1,"PositionCertainty":1,"Enabled":1,"DataSource":1,"LevelSource":2,"StreetNameEN":null,"StreetNameTC":null,"ST_CODE":null,"FloorID":null,"BuildingID_1":1108235214,"BuildingID_2":null,"SiteID":1503005306,"TerminalID":null,"AccessTimeID":null,"CreationDate":1614441600000,"ModifiedBy":"LANDSD","LastAmendmentDate":1614441600000,"Shape__Length":9.4059068234829812}},{"type":"Feature","id":354312,"geometry":{"type":"LineString","coordinates":[[114.16852671476086,22.318609412287312,14.501000000003842],[114.16851798882192,22.318614851870798,14.501000000003842],[114.16852194362853,22.318620825812229,14.501000000003842]]},"properties":{"OBJECTID":354312,"PedestrianRouteID":240022057,"Location":2,"FeatureType":1,"AliasNameEN":"L4","AliasNameTC":"四樓","CrossingFeature":null,"WeatherProof":1,"WheelchairBarrier":2,"WheelchairAccess":2,"ObstaclesType":null,"Gradient":0,"Direction":0,"PositionCertainty":1,"Enabled":1,"DataSource":1,"LevelSource":2,"StreetNameEN":null,"StreetNameTC":null,"ST_CODE":null,"FloorID":240000045,"BuildingID_1":1108235214,"BuildingID_2":null,"SiteID":1503005306,"TerminalID":null,"AccessTimeID":null,"CreationDate":1614441600000,"ModifiedBy":"LANDSD","LastAmendmentDate":1655049600000,"Shape__Length":1.8591093827385032}},{"type":"Feature","id":354313,"geometry":{"type":"LineString","coordinates":[[114.16852194362853,22.318620825812229,14.501000000003842],[114.16852522296175,22.318625818996317,14.501000000003842],[114.16852671268551,22.318628088461193,14.501000000003842],[114.16853524933357,22.318623088657535,14.501000000003842]]},"properties":{"OBJECTID":354313,"PedestrianRouteID":240022058,"Location":2,"FeatureType":1,"AliasNameEN":"L4","AliasNameTC":"四樓","CrossingFeature":null,"WeatherProof":1,"WheelchairBarrier":2,"WheelchairAccess":2,"ObstaclesType":null,"Gradient":0,"Direction":0,"PositionCertainty":1,"Enabled":1,"DataSource":1,"LevelSource":2,"StreetNameEN":null,"StreetNameTC":null,"ST_CODE":null,"FloorID":240000045,"BuildingID_1":1108235214,"BuildingID_2":null,"SiteID":1503005306,"TerminalID":null,"AccessTimeID":null,"CreationDate":1614441600000,"ModifiedBy":"LANDSD","LastAmendmentDate":1690819200000,"Shape__Length":1.9817302823921215}},{"type":"Feature","id":354314,"geometry":{"type":"LineString","coordinates":[[114.16852194362853,22.318620825812229,14.501000000003842],[114.16850660865371,22.318630942001601,14.501000000003842],[114.16848252442045,22.318646830095762,14.501000000003842]]},"properties":{"OBJECTID":354314,"PedestrianRouteID":240022059,"Location":2,"FeatureType":1,"AliasNameEN":"L4","AliasNameTC":"四樓","CrossingFeature":null,"WeatherProof":1,"WheelchairBarrier":2,"WheelchairAccess":2,"ObstaclesType":null,"Gradient":0,"Direction":0,"PositionCertainty":1,"Enabled":1,"DataSource":1,"LevelSource":2,"StreetNameEN":null,"StreetNameTC":null,"ST_CODE":null,"FloorID":240000045,"BuildingID_1":1108235214,"BuildingID_2":null,"SiteID":1503005306,"TerminalID":null,"AccessTimeID":null,"CreationDate":1614441600000,"ModifiedBy":"LANDSD","LastAmendmentDate":1690819200000,"Shape__Length":4.9786136101277556}},{"type":"Feature","id":354315,"geometry":{"type":"LineString","coordinates":[[114.16848252442045,22.318646830095762,14.501000000003842],[114.16847739172511,22.318633990131186,14.501000000003842],[114.16846497970903,22.318602941401899,14.501000000003842],[114.16845739178736,22.318583959602094,14.501000000003842],[114.16844815313883,22.318560848025349,14.501000000003842],[114.1684575547511,22.318520470913313,14.501000000003842],[114.1684772715186,22.318435788425056,14.501000000003842],[114.16852472505605,22.318231981157894,14.501000000003842]]},"properties":{"OBJECTID":354315,"PedestrianRouteID":240022060,"Location":2,"FeatureType":1,"AliasNameEN":"L4","AliasNameTC":"四樓","CrossingFeature":null,"WeatherProof":1,"WheelchairBarrier":2,"WheelchairAccess":2,"ObstaclesType":null,"Gradient":0,"Direction":0,"PositionCertainty":1,"Enabled":1,"DataSource":1,"LevelSource":2,"StreetNameEN":null,"StreetNameTC":null,"ST_CODE":null,"FloorID":240000045,"BuildingID_1":1108235214,"BuildingID_2":null,"SiteID":1503005306,"TerminalID":null,"AccessTimeID":null,"CreationDate":1614441600000,"ModifiedBy":"LANDSD","LastAmendmentDate":1690819200000,"Shape__Length":47.420143191178795}},{"type":"Feature","id":354316,"geometry":{"type":"LineString","coordinates":[[114.16852472505605,22.318231981157894,14.501000000003842],[114.16841503801932,22.318212879405024,14.501000000003842]]},"properties":{"OBJECTID":354316,"PedestrianRouteID":240022061,"Location":2,"FeatureType":1,"AliasNameEN":"Langham Place L4","AliasNameTC":"朗豪坊四樓","CrossingFeature":null,"WeatherProof":1,"WheelchairBarrier":2,"WheelchairAccess":2,"ObstaclesType":null,"Gradient":0,"Direction":0,"PositionCertainty":1,"Enabled":1,"DataSource":1,"LevelSource":2,"StreetNameEN":null,"StreetNameTC":null,"ST_CODE":null,"FloorID":240000045,"BuildingID_1":1108246349,"BuildingID_2":null,"SiteID":1503005306,"TerminalID":null,"AccessTimeID":null,"CreationDate":1614441600000,"ModifiedBy":"LANDSD","LastAmendmentDate":1764259200000,"Shape__Length":11.497332499133645}},{"type":"Feature","id":354355,"geometry":{"type":"LineString","coordinates":[[114.16952885058924,22.32026639576355,5.0120000000024447],[114.16955001287728,22.320168327179193,5.0120000000024447],[114.16959592973048,22.320175998917478,5.0120000000024447],[114.16959947423379,22.320159799996915,5.0120000000024447]]},"properties":{"OBJECTID":354355,"PedestrianRouteID":240022100,"Location":2,"FeatureType":1,"AliasNameEN":"  Footway","AliasNameTC":" 行人道","CrossingFeature":null,"WeatherProof":1,"WheelchairBarrier":2,"WheelchairAccess":2,"ObstaclesType":null,"Gradient":0,"Direction":0,"PositionCertainty":1,"Enabled":1,"DataSource":1,"LevelSource":2,"StreetNameEN":null,"StreetNameTC":null,"ST_CODE":null,"FloorID":240000050,"BuildingID_1":1108246239,"BuildingID_2":null,"SiteID":null,"TerminalID":null,"AccessTimeID":null,"CreationDate":1614441600000,"ModifiedBy":"LANDSD","LastAmendmentDate":1659974400000,"Shape__Length":17.713317788537282}},{"type":"Feature","id":354356,"geometry":{"type":"LineString","coordinates":[[114.16959531427001,22.320159082782194,5.0120000000024447],[114.16959674430458,22.320152531150402,5.0120000000024447],[114.16958242027748,22.320150236739977,5.0120000000024447]]},"properties":{"OBJECTID":354356,"PedestrianRouteID":240022101,"Location":2,"FeatureType":1,"AliasNameEN":"  Footway","AliasNameTC":" 行人道","CrossingFeature":null,"WeatherProof":1,"WheelchairBarrier":2,"WheelchairAccess":2,"ObstaclesType":null,"Gradient":0,"Direction":0,"PositionCertainty":1,"Enabled":1,"DataSource":1,"LevelSource":2,"StreetNameEN":null,"StreetNameTC":null,"ST_CODE":null,"FloorID":240000050,"BuildingID_1":1108246239,"BuildingID_2":null,"SiteID":null,"TerminalID":null,"AccessTimeID":null,"CreationDate":1614441600000,"ModifiedBy":"LANDSD","LastAmendmentDate":1659974400000,"Shape__Length":2.2378007900030834}},{"type":"Feature","id":354357,"geometry":{"type":"LineString","coordinates":[[114.16959531427001,22.320159082782194,5.0120000000024447],[114.1695944045879,22.320163504120213,5.0120000000024447],[114.16958005728839,22.320160761791112,5.0120000000024447]]},"properties":{"OBJECTID":354357,"PedestrianRouteID":240022102,"Location":2,"FeatureType":1,"AliasNameEN":"  Footway","AliasNameTC":" 行人道","CrossingFeature":null,"WeatherProof":1,"WheelchairBarrier":2,"WheelchairAccess":2,"ObstaclesType":null,"Gradient":0,"Direction":0,"PositionCertainty":1,"Enabled":1,"DataSource":1,"LevelSource":2,"StreetNameEN":null,"StreetNameTC":null,"ST_CODE":null,"FloorID":240000050,"BuildingID_1":1108246239,"BuildingID_2":null,"SiteID":null,"TerminalID":null,"AccessTimeID":null,"CreationDate":1614441600000,"ModifiedBy":"LANDSD","LastAmendmentDate":1659974400000,"Shape__Length":2.0075409578394261}},{"type":"Feature","id":354358,"geometry":{"type":"LineString","coordinates":[[114.16948492521284,22.320132223542885,8.3230000000039581],[114.1694821629039,22.320131761051343,8.3230000000039581],[114.1694810988691,22.320136633008349,8.3230000000039581]]},"properties":{"OBJECTID":354358,"PedestrianRouteID":240022103,"Location":2,"FeatureType":1,"AliasNameEN":"  Footway","AliasNameTC":" 行人道","CrossingFeature":null,"WeatherProof":1,"WheelchairBarrier":2,"WheelchairAccess":2,"ObstaclesType":null,"Gradient":0,"Direction":0,"PositionCertainty":1,"Enabled":1,"DataSource":1,"LevelSource":2,"StreetNameEN":null,"StreetNameTC":null,"ST_CODE":null,"FloorID":240000051,"BuildingID_1":1108246239,"BuildingID_2":null,"SiteID":null,"TerminalID":null,"AccessTimeID":null,"CreationDate":1614441600000,"ModifiedBy":"LANDSD","LastAmendmentDate":1659974400000,"Shape__Length":0.83968893526152311}},{"type":"Feature","id":354359,"geometry":{"type":"LineString","coordinates":[[114.16948396187553,22.320141780576421,8.3230000000039581],[114.16948008921104,22.320141064274825,8.3230000000039581],[114.1694810988691,22.320136633008349,8.3230000000039581]]},"properties":{"OBJECTID":354359,"PedestrianRouteID":240022104,"Location":2,"FeatureType":1,"AliasNameEN":"  Footway","AliasNameTC":" 行人道","CrossingFeature":null,"WeatherProof":1,"WheelchairBarrier":2,"WheelchairAccess":2,"ObstaclesType":null,"Gradient":0,"Direction":0,"PositionCertainty":1,"Enabled":1,"DataSource":1,"LevelSource":2,"StreetNameEN":null,"StreetNameTC":null,"ST_CODE":null,"FloorID":240000051,"BuildingID_1":1108246239,"BuildingID_2":null,"SiteID":null,"TerminalID":null,"AccessTimeID":null,"CreationDate":1614441600000,"ModifiedBy":"LANDSD","LastAmendmentDate":1659974400000,"Shape__Length":0.90840392325407748}},{"type":"Feature","id":354360,"geometry":{"type":"LineString","coordinates":[[114.16947291870568,22.320135297012573,8.3230000000039581],[114.16946999053323,22.320151257550737,8.3230000000039581],[114.16948736923584,22.320168426400055,8.3230000000039581],[114.16947165929685,22.320256643749399,8.3230000000039581]]},"properties":{"OBJECTID":354360,"PedestrianRouteID":240022105,"Location":2,"FeatureType":1,"AliasNameEN":"Argyle Centre Phase 1 First Floor","AliasNameTC":"旺角中心第一座","CrossingFeature":null,"WeatherProof":1,"WheelchairBarrier":2,"WheelchairAccess":2,"ObstaclesType":null,"Gradient":0,"Direction":0,"PositionCertainty":1,"Enabled":1,"DataSource":1,"LevelSource":2,"StreetNameEN":null,"StreetNameTC":null,"ST_CODE":null,"FloorID":240000051,"BuildingID_1":1108246239,"BuildingID_2":null,"SiteID":null,"TerminalID":null,"AccessTimeID":null,"CreationDate":1614441600000,"ModifiedBy":"LANDSD","LastAmendmentDate":1764259200000,"Shape__Length":14.306447904389401}},{"type":"Feature","id":354361,"geometry":{"type":"LineString","coordinates":[[114.16958005728839,22.320160761791112,5.0120000000024447],[114.16948396187553,22.320141780576421,8.3230000000039581]]},"properties":{"OBJECTID":354361,"PedestrianRouteID":240022106,"Location":2,"FeatureType":8,"AliasNameEN":"Escalator","AliasNameTC":"扶手電梯","CrossingFeature":null,"WeatherProof":1,"WheelchairBarrier":1,"WheelchairAccess":2,"ObstaclesType":null,"Gradient":0.31616031,"Direction":1,"PositionCertainty":1,"Enabled":1,"DataSource":1,"LevelSource":2,"StreetNameEN":null,"StreetNameTC":null,"ST_CODE":null,"FloorID":null,"BuildingID_1":1108246239,"BuildingID_2":null,"SiteID":null,"TerminalID":null,"AccessTimeID":null,"CreationDate":1614441600000,"ModifiedBy":"LANDSD","LastAmendmentDate":1659974400000,"Shape__Length":10.121252019811553}},{"type":"Feature","id":354362,"geometry":{"type":"LineString","coordinates":[[114.16958242027748,22.320150236739977,5.0120000000024447],[114.16948492521284,22.320132223542885,8.3230000000039581]]},"properties":{"OBJECTID":354362,"PedestrianRouteID":240022107,"Location":2,"FeatureType":8,"AliasNameEN":"Escalator","AliasNameTC":"扶手電梯","CrossingFeature":null,"WeatherProof":1,"WheelchairBarrier":1,"WheelchairAccess":2,"ObstaclesType":null,"Gradient":0.31270274999999997,"Direction":1,"PositionCertainty":1,"Enabled":1,"DataSource":1,"LevelSource":2,"StreetNameEN":null,"StreetNameTC":null,"ST_CODE":null,"FloorID":null,"BuildingID_1":1108246239,"BuildingID_2":null,"SiteID":null,"TerminalID":null,"AccessTimeID":null,"CreationDate":1614441600000,"ModifiedBy":"LANDSD","LastAmendmentDate":1659974400000,"Shape__Length":10.240939881381363}},{"type":"Feature","id":354363,"geometry":{"type":"LineString","coordinates":[[114.16959947423379,22.320159799996915,5.0120000000024447],[114.16960560121125,22.32013051405513,5.0120000000024447],[114.16968228101317,22.320143526023717,5.0120000000024447],[114.16973190119352,22.319911371507231,5.0120000000024447]]},"properties":{"OBJECTID":354363,"PedestrianRouteID":240022108,"Location":2,"FeatureType":1,"AliasNameEN":"  Footway","AliasNameTC":" 行人道","CrossingFeature":null,"WeatherProof":1,"WheelchairBarrier":2,"WheelchairAccess":2,"ObstaclesType":null,"Gradient":0,"Direction":0,"PositionCertainty":1,"Enabled":1,"DataSource":1,"LevelSource":2,"StreetNameEN":null,"StreetNameTC":null,"ST_CODE":null,"FloorID":240000050,"BuildingID_1":1108246239,"BuildingID_2":null,"SiteID":null,"TerminalID":null,"AccessTimeID":null,"CreationDate":1614441600000,"ModifiedBy":"LANDSD","LastAmendmentDate":1659974400000,"Shape__Length":37.545347611496879}},{"type":"Feature","id":354364,"geometry":{"type":"LineString","coordinates":[[114.16973190119352,22.319911371507231,5.0120000000024447],[114.16972537785101,22.319910128611809,8.3230000000039581]]},"properties":{"OBJECTID":354364,"PedestrianRouteID":240022109,"Location":2,"FeatureType":10,"AliasNameEN":"Lift","AliasNameTC":"升降機","CrossingFeature":null,"WeatherProof":1,"WheelchairBarrier":2,"WheelchairAccess":2,"ObstaclesType":null,"Gradient":1.3664868699999999,"Direction":0,"PositionCertainty":1,"Enabled":1,"DataSource":1,"LevelSource":2,"StreetNameEN":null,"StreetNameTC":null,"ST_CODE":null,"FloorID":null,"BuildingID_1":1108246239,"BuildingID_2":null,"SiteID":null,"TerminalID":null,"AccessTimeID":240000132,"CreationDate":1614441600000,"ModifiedBy":"LANDSD","LastAmendmentDate":1659974400000,"Shape__Length":0.68604093890990192}},{"type":"Feature","id":354365,"geometry":{"type":"LineString","coordinates":[[114.16972537785101,22.319910128611809,8.3230000000039581],[114.16967678608658,22.320131320031113,8.3230000000039581],[114.1694806397914,22.32009923459033,8.3230000000039581],[114.16947291870568,22.320135297012573,8.3230000000039581]]},"properties":{"OBJECTID":354365,"PedestrianRouteID":240022110,"Location":2,"FeatureType":1,"AliasNameEN":"  Footway","AliasNameTC":" 行人道","CrossingFeature":null,"WeatherProof":1,"WheelchairBarrier":2,"WheelchairAccess":2,"ObstaclesType":null,"Gradient":0,"Direction":0,"PositionCertainty":1,"Enabled":1,"DataSource":1,"LevelSource":2,"StreetNameEN":null,"StreetNameTC":null,"ST_CODE":null,"FloorID":240000051,"BuildingID_1":1108246239,"BuildingID_2":null,"SiteID":null,"TerminalID":null,"AccessTimeID":null,"CreationDate":1614441600000,"ModifiedBy":"LANDSD","LastAmendmentDate":1659974400000,"Shape__Length":49.590471474751389}},{"type":"Feature","id":354379,"geometry":{"type":"LineString","coordinates":[[114.16820400425313,22.317764799044202,4.3000000000029104],[114.16819755792088,22.317791533781072,4.3000000000029104],[114.16813304056816,22.317832168016068,4.3000000000029104]]},"properties":{"OBJECTID":354379,"PedestrianRouteID":240022124,"Location":2,"FeatureType":1,"AliasNameEN":"L1","AliasNameTC":"行人道","CrossingFeature":null,"WeatherProof":1,"WheelchairBarrier":2,"WheelchairAccess":2,"ObstaclesType":null,"Gradient":0,"Direction":0,"PositionCertainty":1,"Enabled":1,"DataSource":1,"LevelSource":2,"StreetNameEN":null,"StreetNameTC":null,"ST_CODE":null,"FloorID":240000055,"BuildingID_1":1108235544,"BuildingID_2":null,"SiteID":null,"TerminalID":null,"AccessTimeID":290000238,"CreationDate":1614441600000,"ModifiedBy":"LANDSD","LastAmendmentDate":1689609600000,"Shape__Length":11.061042005620905}},{"type":"Feature","id":354380,"geometry":{"type":"LineString","coordinates":[[114.1681338014355,22.317833332100722,8.1450000000040745],[114.16809567631444,22.317856985698008,8.1450000000040745],[114.16810265183972,22.317951906668267,8.1450000000040745]]},"properties":{"OBJECTID":354380,"PedestrianRouteID":240022125,"Location":2,"FeatureType":1,"AliasNameEN":"L2","AliasNameTC":"行人道","CrossingFeature":null,"WeatherProof":1,"WheelchairBarrier":2,"WheelchairAccess":2,"ObstaclesType":null,"Gradient":0,"Direction":0,"PositionCertainty":1,"Enabled":1,"DataSource":1,"LevelSource":2,"StreetNameEN":null,"StreetNameTC":null,"ST_CODE":null,"FloorID":240000056,"BuildingID_1":1108235544,"BuildingID_2":null,"SiteID":null,"TerminalID":null,"AccessTimeID":290000238,"CreationDate":1614441600000,"ModifiedBy":"LANDSD","LastAmendmentDate":1654099200000,"Shape__Length":15.256830780080872}},{"type":"Feature","id":354381,"geometry":{"type":"LineString","coordinates":[[114.16857723942807,22.318451797565071,8.1450000000040745],[114.1684772715186,22.318435788425056,8.1450000000040745],[114.16836916531251,22.318418475683977,8.1450000000040745]]},"properties":{"OBJECTID":354381,"PedestrianRouteID":240022126,"Location":2,"FeatureType":1,"AliasNameEN":"Langham Place L2","AliasNameTC":"朗豪坊二樓","CrossingFeature":null,"WeatherProof":1,"WheelchairBarrier":2,"WheelchairAccess":2,"ObstaclesType":null,"Gradient":0,"Direction":0,"PositionCertainty":1,"Enabled":1,"DataSource":1,"LevelSource":2,"StreetNameEN":null,"StreetNameTC":null,"ST_CODE":null,"FloorID":240000043,"BuildingID_1":1108246349,"BuildingID_2":null,"SiteID":1503005306,"TerminalID":null,"AccessTimeID":null,"CreationDate":1614441600000,"ModifiedBy":"LANDSD","LastAmendmentDate":1764259200000,"Shape__Length":21.753129413846576}},{"type":"Feature","id":354382,"geometry":{"type":"LineString","coordinates":[[114.16808230690272,22.318052830608718,8.1450000000040745],[114.16804634420589,22.318231228083594,8.1450000000040745],[114.16808474706708,22.318238061804937,8.1450000000040745],[114.16812312566752,22.318244891903632,8.1450000000040745]]},"properties":{"OBJECTID":354382,"PedestrianRouteID":240022127,"Location":2,"FeatureType":1,"AliasNameEN":"L2","AliasNameTC":"行人道","CrossingFeature":null,"WeatherProof":1,"WheelchairBarrier":2,"WheelchairAccess":2,"ObstaclesType":null,"Gradient":0,"Direction":0,"PositionCertainty":1,"Enabled":1,"DataSource":1,"LevelSource":2,"StreetNameEN":null,"StreetNameTC":null,"ST_CODE":null,"FloorID":240000056,"BuildingID_1":1108235544,"BuildingID_2":null,"SiteID":null,"TerminalID":1511000412,"AccessTimeID":290000238,"CreationDate":1614441600000,"ModifiedBy":"LANDSD","LastAmendmentDate":1690819200000,"Shape__Length":28.153473145551175}},{"type":"Feature","id":354383,"geometry":{"type":"LineString","coordinates":[[114.16819759910499,22.318258206080422,8.1450000000040745],[114.16817339458868,22.318383600930634,8.1450000000040745]]},"properties":{"OBJECTID":354383,"PedestrianRouteID":240022128,"Location":2,"FeatureType":1,"AliasNameEN":"Mong Kok Complex L2","AliasNameTC":"旺角綜合大樓","CrossingFeature":null,"WeatherProof":1,"WheelchairBarrier":2,"WheelchairAccess":2,"ObstaclesType":null,"Gradient":0,"Direction":0,"PositionCertainty":1,"Enabled":1,"DataSource":1,"LevelSource":2,"StreetNameEN":null,"StreetNameTC":null,"ST_CODE":null,"FloorID":240000056,"BuildingID_1":1108246362,"BuildingID_2":null,"SiteID":null,"TerminalID":null,"AccessTimeID":290000238,"CreationDate":1614441600000,"ModifiedBy":"LANDSD","LastAmendmentDate":1764259200000,"Shape__Length":14.107718222650039}},{"type":"Feature","id":354384,"geometry":{"type":"LineString","coordinates":[[114.1681338014355,22.317833332100722,8.1450000000040745],[114.16813696234949,22.317837930649727,11.456000000005588]]},"properties":{"OBJECTID":354384,"PedestrianRouteID":240022129,"Location":2,"FeatureType":10,"AliasNameEN":"Lift","AliasNameTC":"升降機","CrossingFeature":null,"WeatherProof":1,"WheelchairBarrier":2,"WheelchairAccess":2,"ObstaclesType":null,"Gradient":1.3902253499999999,"Direction":0,"PositionCertainty":1,"Enabled":1,"DataSource":1,"LevelSource":2,"StreetNameEN":null,"StreetNameTC":null,"ST_CODE":null,"FloorID":null,"BuildingID_1":1108235544,"BuildingID_2":null,"SiteID":null,"TerminalID":null,"AccessTimeID":290000238,"CreationDate":1614441600000,"ModifiedBy":"LANDSD","LastAmendmentDate":1646236800000,"Shape__Length":0.60445440623164581}},{"type":"Feature","id":354385,"geometry":{"type":"LineString","coordinates":[[114.16815337179648,22.318250273953826,8.1450000000040745],[114.1681481184005,22.318275161994134,8.1450000000040745]]},"properties":{"OBJECTID":354385,"PedestrianRouteID":240022130,"Location":2,"FeatureType":1,"AliasNameEN":"L2","AliasNameTC":"行人道","CrossingFeature":null,"WeatherProof":1,"WheelchairBarrier":2,"WheelchairAccess":2,"ObstaclesType":null,"Gradient":0,"Direction":0,"PositionCertainty":1,"Enabled":1,"DataSource":1,"LevelSource":2,"StreetNameEN":null,"StreetNameTC":null,"ST_CODE":null,"FloorID":240000056,"BuildingID_1":1108235544,"BuildingID_2":null,"SiteID":null,"TerminalID":null,"AccessTimeID":290000238,"CreationDate":1614441600000,"ModifiedBy":"LANDSD","LastAmendmentDate":1654099200000,"Shape__Length":2.8086162438446247}},{"type":"Feature","id":354386,"geometry":{"type":"LineString","coordinates":[[114.1681481184005,22.318275161994134,8.1450000000040745],[114.16815136885877,22.318275883712715,8.1450000000040745],[114.16815513372221,22.318276720147345,8.1450000000040745],[114.16815458028171,22.318280032540191,8.1450000000040745]]},"properties":{"OBJECTID":354386,"PedestrianRouteID":240022131,"Location":2,"FeatureType":1,"AliasNameEN":"L2","AliasNameTC":"行人道","CrossingFeature":null,"WeatherProof":1,"WheelchairBarrier":2,"WheelchairAccess":2,"ObstaclesType":null,"Gradient":0,"Direction":0,"PositionCertainty":1,"Enabled":1,"DataSource":1,"LevelSource":2,"StreetNameEN":null,"StreetNameTC":null,"ST_CODE":null,"FloorID":240000056,"BuildingID_1":1108235544,"BuildingID_2":null,"SiteID":null,"TerminalID":null,"AccessTimeID":290000238,"CreationDate":1614441600000,"ModifiedBy":"LANDSD","LastAmendmentDate":1690819200000,"Shape__Length":1.1143014024882507}},{"type":"Feature","id":354387,"geometry":{"type":"LineString","coordinates":[[114.1681481184005,22.318275161994134,8.1450000000040745],[114.16814420210898,22.31827458834157,8.1450000000040745],[114.16814369237254,22.318277451013081,8.1450000000040745]]},"properties":{"OBJECTID":354387,"PedestrianRouteID":240022132,"Location":2,"FeatureType":1,"AliasNameEN":"L2","AliasNameTC":"行人道","CrossingFeature":null,"WeatherProof":1,"WheelchairBarrier":2,"WheelchairAccess":2,"ObstaclesType":null,"Gradient":0,"Direction":0,"PositionCertainty":1,"Enabled":1,"DataSource":1,"LevelSource":2,"StreetNameEN":null,"StreetNameTC":null,"ST_CODE":null,"FloorID":240000056,"BuildingID_1":1108235544,"BuildingID_2":null,"SiteID":null,"TerminalID":null,"AccessTimeID":290000238,"CreationDate":1614441600000,"ModifiedBy":"LANDSD","LastAmendmentDate":1646236800000,"Shape__Length":0.72978402349715998}},{"type":"Feature","id":354388,"geometry":{"type":"LineString","coordinates":[[114.16815458028171,22.318280032540191,8.1450000000040745],[114.16813319116292,22.318377999810135,5.0895000000018626],[114.16813131545109,22.318386589611936,4.8215999999956694],[114.16812766499652,22.318403311369686,4.3000000000029104]]},"properties":{"OBJECTID":354388,"PedestrianRouteID":240022133,"Location":2,"FeatureType":8,"AliasNameEN":"Escalator","AliasNameTC":"扶手電梯","CrossingFeature":null,"WeatherProof":1,"WheelchairBarrier":1,"WheelchairAccess":2,"ObstaclesType":null,"Gradient":0.26931603999999998,"Direction":-1,"PositionCertainty":1,"Enabled":1,"DataSource":1,"LevelSource":2,"StreetNameEN":null,"StreetNameTC":null,"ST_CODE":null,"FloorID":null,"BuildingID_1":1108235544,"BuildingID_2":null,"SiteID":null,"TerminalID":null,"AccessTimeID":290000238,"CreationDate":1614441600000,"ModifiedBy":"LANDSD","LastAmendmentDate":1690819200000,"Shape__Length":13.930052737446962}},{"type":"Feature","id":354389,"geometry":{"type":"LineString","coordinates":[[114.16814369237254,22.318277451013081,8.1450000000040745],[114.1681162199305,22.31840119940183,4.3000000000029104]]},"properties":{"OBJECTID":354389,"PedestrianRouteID":240022134,"Location":2,"FeatureType":8,"AliasNameEN":"Escalator","AliasNameTC":"扶手電梯","CrossingFeature":null,"WeatherProof":1,"WheelchairBarrier":1,"WheelchairAccess":2,"ObstaclesType":null,"Gradient":0.26817081999999998,"Direction":1,"PositionCertainty":1,"Enabled":1,"DataSource":1,"LevelSource":2,"StreetNameEN":null,"StreetNameTC":null,"ST_CODE":null,"FloorID":null,"BuildingID_1":1108235544,"BuildingID_2":null,"SiteID":null,"TerminalID":null,"AccessTimeID":290000238,"CreationDate":1614441600000,"ModifiedBy":"LANDSD","LastAmendmentDate":1646236800000,"Shape__Length":13.992511340801896}},{"type":"Feature","id":354390,"geometry":{"type":"LineString","coordinates":[[114.1681162199305,22.31840119940183,4.3000000000029104],[114.1681143654524,22.318411688338767,4.3000000000029104],[114.16811982107589,22.318412706380034,4.3000000000029104]]},"properties":{"OBJECTID":354390,"PedestrianRouteID":240022135,"Location":2,"FeatureType":1,"AliasNameEN":"L1","AliasNameTC":"行人道","CrossingFeature":null,"WeatherProof":1,"WheelchairBarrier":2,"WheelchairAccess":2,"ObstaclesType":null,"Gradient":0,"Direction":0,"PositionCertainty":1,"Enabled":1,"DataSource":1,"LevelSource":2,"StreetNameEN":null,"StreetNameTC":null,"ST_CODE":null,"FloorID":240000055,"BuildingID_1":1108246362,"BuildingID_2":null,"SiteID":null,"TerminalID":null,"AccessTimeID":290000238,"CreationDate":1614441600000,"ModifiedBy":"LANDSD","LastAmendmentDate":1659974400000,"Shape__Length":1.7503862595568624}},{"type":"Feature","id":354391,"geometry":{"type":"LineString","coordinates":[[114.16811982107589,22.318412706380034,4.3000000000029104],[114.16812538346416,22.318413727136029,4.3000000000029104],[114.16812766499652,22.318403311369686,4.3000000000029104]]},"properties":{"OBJECTID":354391,"PedestrianRouteID":240022136,"Location":2,"FeatureType":1,"AliasNameEN":"L1","AliasNameTC":"行人道","CrossingFeature":null,"WeatherProof":1,"WheelchairBarrier":2,"WheelchairAccess":2,"ObstaclesType":null,"Gradient":0,"Direction":0,"PositionCertainty":1,"Enabled":1,"DataSource":1,"LevelSource":2,"StreetNameEN":null,"StreetNameTC":null,"ST_CODE":null,"FloorID":240000055,"BuildingID_1":1108246362,"BuildingID_2":null,"SiteID":null,"TerminalID":null,"AccessTimeID":290000238,"CreationDate":1614441600000,"ModifiedBy":"LANDSD","LastAmendmentDate":1659974400000,"Shape__Length":1.761230733966574}},{"type":"Feature","id":354392,"geometry":{"type":"LineString","coordinates":[[114.16811982107589,22.318412706380034,4.3000000000029104],[114.16811675313286,22.318426858061322,4.3000000000029104],[114.1681786886729,22.318438689651575,4.3761999999987893]]},"properties":{"OBJECTID":354392,"PedestrianRouteID":240022137,"Location":2,"FeatureType":1,"AliasNameEN":"L1","AliasNameTC":"行人道","CrossingFeature":null,"WeatherProof":1,"WheelchairBarrier":2,"WheelchairAccess":2,"ObstaclesType":null,"Gradient":0.0093674299999999995,"Direction":0,"PositionCertainty":1,"Enabled":1,"DataSource":1,"LevelSource":2,"StreetNameEN":null,"StreetNameTC":null,"ST_CODE":null,"FloorID":240000055,"BuildingID_1":1108246362,"BuildingID_2":null,"SiteID":null,"TerminalID":null,"AccessTimeID":290000238,"CreationDate":1614441600000,"ModifiedBy":"LANDSD","LastAmendmentDate":1690819200000,"Shape__Length":8.1129780798120379}},{"type":"Feature","id":354393,"geometry":{"type":"LineString","coordinates":[[114.16886757796919,22.317818086411918,1.2649999999994179],[114.16877922222454,22.317791119398279,1.2649999999994179],[114.16877565547738,22.317805326154996,1.2649999999994179],[114.16877239259234,22.317818321923806,1.2649999999994179],[114.1686119600302,22.318457357659998,1.2649999999994179],[114.16858964967625,22.318546224810536,1.2649999999994179],[114.16850179764889,22.318529119986785,1.2649999999994179],[114.168480112018,22.318622301971903,1.2649999999994179],[114.16847962756903,22.318624383499149,1.2649999999994179],[114.16847739172511,22.318633990131186,1.2649999999994179],[114.16846790564662,22.31867475013669,1.2649999999994179],[114.16843546985277,22.318667799417721,1.2649999999994179]]},"properties":{"OBJECTID":354393,"PedestrianRouteID":240022138,"Location":2,"FeatureType":1,"AliasNameEN":"B2","AliasNameTC":"地庫二層","CrossingFeature":null,"WeatherProof":1,"WheelchairBarrier":2,"WheelchairAccess":2,"ObstaclesType":null,"Gradient":0,"Direction":0,"PositionCertainty":1,"Enabled":1,"DataSource":1,"LevelSource":2,"StreetNameEN":null,"StreetNameTC":null,"ST_CODE":null,"FloorID":240000040,"BuildingID_1":1108235214,"BuildingID_2":null,"SiteID":1503005306,"TerminalID":null,"AccessTimeID":null,"CreationDate":1614441600000,"ModifiedBy":"LANDSD","LastAmendmentDate":1690819200000,"Shape__Length":124.6246739333717}},{"type":"Feature","id":354394,"geometry":{"type":"LineString","coordinates":[[114.16886688964657,22.317821210061311,8.1450000000040745],[114.16886596342353,22.3178262165783,14.501000000003842]]},"properties":{"OBJECTID":354394,"PedestrianRouteID":240022139,"Location":2,"FeatureType":10,"AliasNameEN":"Lift","AliasNameTC":"升降機","CrossingFeature":null,"WeatherProof":1,"WheelchairBarrier":2,"WheelchairAccess":2,"ObstaclesType":null,"Gradient":1.4825197000000001,"Direction":0,"PositionCertainty":1,"Enabled":1,"DataSource":1,"LevelSource":2,"StreetNameEN":null,"StreetNameTC":null,"ST_CODE":null,"FloorID":null,"BuildingID_1":1108235214,"BuildingID_2":null,"SiteID":1503005306,"TerminalID":null,"AccessTimeID":240000135,"CreationDate":1614441600000,"ModifiedBy":"LANDSD","LastAmendmentDate":1642953600000,"Shape__Length":0.56254823864089976}},{"type":"Feature","id":354395,"geometry":{"type":"LineString","coordinates":[[114.16886688964657,22.317821210061311,8.1450000000040745],[114.16877565547738,22.317805326154996,8.1450000000040745],[114.16872987922599,22.31779735708286,8.1450000000040745],[114.1687259046638,22.317814400328349,8.1450000000040745],[114.16857723942807,22.318451797565071,8.1450000000040745]]},"properties":{"OBJECTID":354395,"PedestrianRouteID":240022140,"Location":2,"FeatureType":1,"AliasNameEN":"L2","AliasNameTC":"二樓","CrossingFeature":null,"WeatherProof":1,"WheelchairBarrier":2,"WheelchairAccess":2,"ObstaclesType":null,"Gradient":0,"Direction":0,"PositionCertainty":1,"Enabled":1,"DataSource":1,"LevelSource":2,"StreetNameEN":null,"StreetNameTC":null,"ST_CODE":null,"FloorID":240000043,"BuildingID_1":1108235214,"BuildingID_2":null,"SiteID":1503005306,"TerminalID":null,"AccessTimeID":null,"CreationDate":1614441600000,"ModifiedBy":"LANDSD","LastAmendmentDate":1690819200000,"Shape__Length":88.517272184176221}},{"type":"Feature","id":354396,"geometry":{"type":"LineString","coordinates":[[114.16886596342353,22.3178262165783,14.501000000003842],[114.16877239259234,22.317818321923806,14.501000000003842],[114.1687259046638,22.317814400328349,14.501000000003842],[114.16860803535145,22.317804455320502,14.501000000003842],[114.16852472505605,22.318231981157894,14.501000000003842]]},"properties":{"OBJECTID":354396,"PedestrianRouteID":240022141,"Location":2,"FeatureType":1,"AliasNameEN":"L4","AliasNameTC":"四樓","CrossingFeature":null,"WeatherProof":1,"WheelchairBarrier":2,"WheelchairAccess":2,"ObstaclesType":null,"Gradient":0,"Direction":0,"PositionCertainty":1,"Enabled":1,"DataSource":1,"LevelSource":2,"StreetNameEN":null,"StreetNameTC":null,"ST_CODE":null,"FloorID":240000045,"BuildingID_1":1108235214,"BuildingID_2":null,"SiteID":1503005306,"TerminalID":null,"AccessTimeID":null,"CreationDate":1614441600000,"ModifiedBy":"LANDSD","LastAmendmentDate":1690819200000,"Shape__Length":74.797270028090253}},{"type":"Feature","id":354397,"geometry":{"type":"LineString","coordinates":[[114.16817339458868,22.318383600930634,8.1450000000040745],[114.16817108882476,22.318393538977865,8.1450000000040745],[114.16813131545109,22.318386589611936,8.1450000000040745],[114.16812783398292,22.318385981666065,8.1450000000040745]]},"properties":{"OBJECTID":354397,"PedestrianRouteID":240022142,"Location":2,"FeatureType":1,"AliasNameEN":"Mong Kok Complex L2","AliasNameTC":"旺角綜合大樓","CrossingFeature":null,"WeatherProof":1,"WheelchairBarrier":2,"WheelchairAccess":2,"ObstaclesType":null,"Gradient":0,"Direction":0,"PositionCertainty":1,"Enabled":1,"DataSource":1,"LevelSource":2,"StreetNameEN":null,"StreetNameTC":null,"ST_CODE":null,"FloorID":240000056,"BuildingID_1":1108246362,"BuildingID_2":null,"SiteID":null,"TerminalID":null,"AccessTimeID":290000238,"CreationDate":1614441600000,"ModifiedBy":"LANDSD","LastAmendmentDate":1764259200000,"Shape__Length":5.6602799948373272}},{"type":"Feature","id":354398,"geometry":{"type":"LineString","coordinates":[[114.16812783398292,22.318385981666065,8.1450000000040745],[114.16812977667067,22.318377310592513,8.1450000000040745]]},"properties":{"OBJECTID":354398,"PedestrianRouteID":240022143,"Location":2,"FeatureType":1,"AliasNameEN":"L2","AliasNameTC":"行人道","CrossingFeature":null,"WeatherProof":1,"WheelchairBarrier":2,"WheelchairAccess":2,"ObstaclesType":null,"Gradient":0,"Direction":0,"PositionCertainty":1,"Enabled":1,"DataSource":1,"LevelSource":2,"StreetNameEN":null,"StreetNameTC":null,"ST_CODE":null,"FloorID":240000056,"BuildingID_1":1108235544,"BuildingID_2":null,"SiteID":null,"TerminalID":null,"AccessTimeID":290000238,"CreationDate":1614441600000,"ModifiedBy":"LANDSD","LastAmendmentDate":1646236800000,"Shape__Length":0.98082824748835717}},{"type":"Feature","id":354399,"geometry":{"type":"LineString","coordinates":[[114.16812977667067,22.318377310592513,8.1450000000040745],[114.16813319116292,22.318377999810135,8.1450000000040745],[114.1681390088055,22.318379175002534,8.1450000000040745],[114.16814018356962,22.318373513785179,8.1450000000040745]]},"properties":{"OBJECTID":354399,"PedestrianRouteID":240022144,"Location":2,"FeatureType":1,"AliasNameEN":"L2","AliasNameTC":"行人道","CrossingFeature":null,"WeatherProof":1,"WheelchairBarrier":2,"WheelchairAccess":2,"ObstaclesType":null,"Gradient":0,"Direction":0,"PositionCertainty":1,"Enabled":1,"DataSource":1,"LevelSource":2,"StreetNameEN":null,"StreetNameTC":null,"ST_CODE":null,"FloorID":240000056,"BuildingID_1":1108235544,"BuildingID_2":null,"SiteID":null,"TerminalID":null,"AccessTimeID":290000238,"CreationDate":1614441600000,"ModifiedBy":"LANDSD","LastAmendmentDate":1690819200000,"Shape__Length":1.6118062354425597}},{"type":"Feature","id":354400,"geometry":{"type":"LineString","coordinates":[[114.16812977667067,22.318377310592513,8.1450000000040745],[114.16812823636251,22.318377022433868,8.1450000000040745],[114.16812975858696,22.318371542750221,8.1450000000040745]]},"properties":{"OBJECTID":354400,"PedestrianRouteID":240022145,"Location":2,"FeatureType":1,"AliasNameEN":"L2","AliasNameTC":"行人道","CrossingFeature":null,"WeatherProof":1,"WheelchairBarrier":2,"WheelchairAccess":2,"ObstaclesType":null,"Gradient":0,"Direction":0,"PositionCertainty":1,"Enabled":1,"DataSource":1,"LevelSource":2,"StreetNameEN":null,"StreetNameTC":null,"ST_CODE":null,"FloorID":240000056,"BuildingID_1":1108235544,"BuildingID_2":null,"SiteID":null,"TerminalID":null,"AccessTimeID":290000238,"CreationDate":1614441600000,"ModifiedBy":"LANDSD","LastAmendmentDate":1646236800000,"Shape__Length":0.78860591807827041}},{"type":"Feature","id":354401,"geometry":{"type":"LineString","coordinates":[[114.16814018356962,22.318373513785179,8.1450000000040745],[114.16816498587926,22.318265743985172,11.456000000005588]]},"properties":{"OBJECTID":354401,"PedestrianRouteID":240022146,"Location":2,"FeatureType":8,"AliasNameEN":"Escalator","AliasNameTC":"扶手電梯","CrossingFeature":null,"WeatherProof":1,"WheelchairBarrier":1,"WheelchairAccess":2,"ObstaclesType":null,"Gradient":0.26491946,"Direction":-1,"PositionCertainty":1,"Enabled":1,"DataSource":1,"LevelSource":2,"StreetNameEN":null,"StreetNameTC":null,"ST_CODE":null,"FloorID":null,"BuildingID_1":1108235544,"BuildingID_2":null,"SiteID":null,"TerminalID":null,"AccessTimeID":290000238,"CreationDate":1614441600000,"ModifiedBy":"LANDSD","LastAmendmentDate":1646236800000,"Shape__Length":12.204378234863791}},{"type":"Feature","id":354402,"geometry":{"type":"LineString","coordinates":[[114.16812975858696,22.318371542750221,8.1450000000040745],[114.16815136885877,22.318275883712715,11.072499999994761],[114.16815419987101,22.31826335391283,11.456000000005588]]},"properties":{"OBJECTID":354402,"PedestrianRouteID":240022147,"Location":2,"FeatureType":8,"AliasNameEN":"Escalator","AliasNameTC":"扶手電梯","CrossingFeature":null,"WeatherProof":1,"WheelchairBarrier":1,"WheelchairAccess":2,"ObstaclesType":null,"Gradient":0.26414167999999999,"Direction":1,"PositionCertainty":1,"Enabled":1,"DataSource":1,"LevelSource":2,"StreetNameEN":null,"StreetNameTC":null,"ST_CODE":null,"FloorID":null,"BuildingID_1":1108235544,"BuildingID_2":null,"SiteID":null,"TerminalID":null,"AccessTimeID":290000238,"CreationDate":1614441600000,"ModifiedBy":"LANDSD","LastAmendmentDate":1690819200000,"Shape__Length":12.242050090495464}},{"type":"Feature","id":354403,"geometry":{"type":"LineString","coordinates":[[114.16815419987101,22.31826335391283,11.456000000005588],[114.16815902171642,22.318264015210342,11.456000000005588]]},"properties":{"OBJECTID":354403,"PedestrianRouteID":240022148,"Location":2,"FeatureType":1,"AliasNameEN":"L3","AliasNameTC":"行人道","CrossingFeature":null,"WeatherProof":1,"WheelchairBarrier":2,"WheelchairAccess":2,"ObstaclesType":null,"Gradient":0,"Direction":0,"PositionCertainty":1,"Enabled":1,"DataSource":1,"LevelSource":2,"StreetNameEN":null,"StreetNameTC":null,"ST_CODE":null,"FloorID":240000057,"BuildingID_1":1108235544,"BuildingID_2":null,"SiteID":null,"TerminalID":null,"AccessTimeID":290000238,"CreationDate":1614441600000,"ModifiedBy":"LANDSD","LastAmendmentDate":1646236800000,"Shape__Length":0.50216379789353904}},{"type":"Feature","id":354404,"geometry":{"type":"LineString","coordinates":[[114.16816498587926,22.318265743985172,11.456000000005588],[114.16815902171642,22.318264015210342,11.456000000005588]]},"properties":{"OBJECTID":354404,"PedestrianRouteID":240022149,"Location":2,"FeatureType":1,"AliasNameEN":"L3","AliasNameTC":"行人道","CrossingFeature":null,"WeatherProof":1,"WheelchairBarrier":2,"WheelchairAccess":2,"ObstaclesType":null,"Gradient":0,"Direction":0,"PositionCertainty":1,"Enabled":1,"DataSource":1,"LevelSource":2,"StreetNameEN":null,"StreetNameTC":null,"ST_CODE":null,"FloorID":240000057,"BuildingID_1":1108235544,"BuildingID_2":null,"SiteID":null,"TerminalID":null,"AccessTimeID":290000238,"CreationDate":1614441600000,"ModifiedBy":"LANDSD","LastAmendmentDate":1646236800000,"Shape__Length":0.64361806203444039}},{"type":"Feature","id":354405,"geometry":{"type":"LineString","coordinates":[[114.16816489138043,22.318067036557988,11.456000000005588],[114.1681669983887,22.318053537735885,11.456000000005588],[114.16817790724785,22.317983646021489,11.456000000005588],[114.16818012008952,22.317969467200864,11.456000000005588],[114.16810255866562,22.31785820248988,11.456000000005588],[114.16813696234949,22.317837930649727,11.456000000005588]]},"properties":{"OBJECTID":354405,"PedestrianRouteID":240022150,"Location":2,"FeatureType":1,"AliasNameEN":"L3","AliasNameTC":"行人道","CrossingFeature":null,"WeatherProof":1,"WheelchairBarrier":2,"WheelchairAccess":2,"ObstaclesType":null,"Gradient":0,"Direction":0,"PositionCertainty":1,"Enabled":1,"DataSource":1,"LevelSource":2,"StreetNameEN":null,"StreetNameTC":null,"ST_CODE":null,"FloorID":240000057,"BuildingID_1":1108235544,"BuildingID_2":null,"SiteID":null,"TerminalID":null,"AccessTimeID":290000238,"CreationDate":1614441600000,"ModifiedBy":"LANDSD","LastAmendmentDate":1690819200000,"Shape__Length":29.798756097166205}},{"type":"Feature","id":354406,"geometry":{"type":"LineString","coordinates":[[114.1681380502788,22.317839508353199,14.501000000003842],[114.1681175601193,22.317857024803828,14.501000000003842],[114.16819745311516,22.317964861617572,14.501000000003842],[114.16819415568324,22.317986295561433,14.501000000003842],[114.16818335940229,22.318056477165051,14.501000000003842],[114.16818122810886,22.318070332694578,14.501000000003842]]},"properties":{"OBJECTID":354406,"PedestrianRouteID":240022151,"Location":2,"FeatureType":1,"AliasNameEN":"L4","AliasNameTC":"行人道","CrossingFeature":null,"WeatherProof":1,"WheelchairBarrier":2,"WheelchairAccess":2,"ObstaclesType":null,"Gradient":0,"Direction":0,"PositionCertainty":1,"Enabled":1,"DataSource":1,"LevelSource":2,"StreetNameEN":null,"StreetNameTC":null,"ST_CODE":null,"FloorID":240000058,"BuildingID_1":1108235544,"BuildingID_2":null,"SiteID":null,"TerminalID":null,"AccessTimeID":290000238,"CreationDate":1614441600000,"ModifiedBy":"LANDSD","LastAmendmentDate":1690819200000,"Shape__Length":29.168690498111435}},{"type":"Feature","id":354589,"geometry":{"type":"LineString","coordinates":[[114.16802554322868,22.318065610344899,4.3300000000017462],[114.16801503244213,22.318132099341508,4.3300000000017462]]},"properties":{"OBJECTID":354589,"PedestrianRouteID":240022336,"Location":2,"FeatureType":1,"AliasNameEN":"Minibus Terminus Under","AliasNameTC":"下層小巴總站","CrossingFeature":null,"WeatherProof":1,"WheelchairBarrier":2,"WheelchairAccess":2,"ObstaclesType":null,"Gradient":0,"Direction":0,"PositionCertainty":1,"Enabled":1,"DataSource":1,"LevelSource":2,"StreetNameEN":null,"StreetNameTC":null,"ST_CODE":null,"FloorID":290000078,"BuildingID_1":1108246362,"BuildingID_2":null,"SiteID":1503005285,"TerminalID":1511000412,"AccessTimeID":290000475,"CreationDate":1614441600000,"ModifiedBy":"LANDSD","LastAmendmentDate":1689609600000,"Shape__Length":7.4418517551077663}},{"type":"Feature","id":354590,"geometry":{"type":"LineString","coordinates":[[114.16801081233149,22.318039303418704,4.3298999999969965],[114.16797278317357,22.318032959158401,4.3159000000014203]]},"properties":{"OBJECTID":354590,"PedestrianRouteID":240022338,"Location":1,"FeatureType":1,"AliasNameEN":"Cordis Hong Kong Podium","AliasNameTC":"香港康得思酒店平台","CrossingFeature":null,"WeatherProof":1,"WheelchairBarrier":2,"WheelchairAccess":2,"ObstaclesType":null,"Gradient":0.0035421300000000001,"Direction":0,"PositionCertainty":1,"Enabled":1,"DataSource":1,"LevelSource":2,"StreetNameEN":"","StreetNameTC":"","ST_CODE":50678,"FloorID":null,"BuildingID_1":1108246362,"BuildingID_2":null,"SiteID":null,"TerminalID":null,"AccessTimeID":null,"CreationDate":1614441600000,"ModifiedBy":"LANDSD","LastAmendmentDate":1689609600000,"Shape__Length":3.9806427286051953}},{"type":"Feature","id":354598,"geometry":{"type":"LineString","coordinates":[[114.16959445394511,22.317549007803319,4.6217999999935273],[114.16951807841275,22.317535574074324,4.5880999999935739]]},"properties":{"OBJECTID":354598,"PedestrianRouteID":240022346,"Location":1,"FeatureType":1,"AliasNameEN":"Shantung Street","AliasNameTC":"山東街","CrossingFeature":null,"WeatherProof":2,"WheelchairBarrier":2,"WheelchairAccess":2,"ObstaclesType":null,"Gradient":0.0042080599999999996,"Direction":0,"PositionCertainty":1,"Enabled":1,"DataSource":1,"LevelSource":2,"StreetNameEN":"Shantung Street","StreetNameTC":"山東街","ST_CODE":11986,"FloorID":null,"BuildingID_1":null,"BuildingID_2":null,"SiteID":null,"TerminalID":null,"AccessTimeID":null,"CreationDate":1614441600000,"ModifiedBy":"LANDSD","LastAmendmentDate":1689609600000,"Shape__Length":8.0084017543673909}},{"type":"Feature","id":354599,"geometry":{"type":"LineString","coordinates":[[114.169617890448,22.317439373793711,4.7736000000004424],[114.1695377967427,22.317424514880262,4.7241000000067288]]},"properties":{"OBJECTID":354599,"PedestrianRouteID":240022347,"Location":1,"FeatureType":1,"AliasNameEN":"Shantung Street","AliasNameTC":"山東街","CrossingFeature":null,"WeatherProof":2,"WheelchairBarrier":2,"WheelchairAccess":2,"ObstaclesType":null,"Gradient":0.00588259,"Direction":0,"PositionCertainty":1,"Enabled":1,"DataSource":1,"LevelSource":2,"StreetNameEN":"Shantung Street","StreetNameTC":"山東街","ST_CODE":11986,"FloorID":null,"BuildingID_1":null,"BuildingID_2":null,"SiteID":null,"TerminalID":null,"AccessTimeID":null,"CreationDate":1614441600000,"ModifiedBy":"LANDSD","LastAmendmentDate":1689609600000,"Shape__Length":8.4145605849819933}},{"type":"Feature","id":354600,"geometry":{"type":"LineString","coordinates":[[114.17116695202179,22.31782660043752,5.525500000003376],[114.17113930895725,22.317821778937514,5.5243999999947846]]},"properties":{"OBJECTID":354600,"PedestrianRouteID":240022348,"Location":1,"FeatureType":1,"AliasNameEN":"Shantung Street","AliasNameTC":"山東街","CrossingFeature":null,"WeatherProof":3,"WheelchairBarrier":2,"WheelchairAccess":2,"ObstaclesType":null,"Gradient":0.00037961000000000001,"Direction":0,"PositionCertainty":1,"Enabled":1,"DataSource":1,"LevelSource":2,"StreetNameEN":"Shantung Street","StreetNameTC":"山東街","ST_CODE":11986,"FloorID":null,"BuildingID_1":null,"BuildingID_2":null,"SiteID":null,"TerminalID":null,"AccessTimeID":null,"CreationDate":1614441600000,"ModifiedBy":"LANDSD","LastAmendmentDate":1656086400000,"Shape__Length":2.8976915037137432}},{"type":"Feature","id":354601,"geometry":{"type":"LineString","coordinates":[[114.17120509481467,22.317833252799197,5.5271000000066124],[114.17116695202179,22.31782660043752,5.525500000003376]]},"properties":{"OBJECTID":354601,"PedestrianRouteID":240022349,"Location":1,"FeatureType":7,"AliasNameEN":"Shantung Street RunIn","AliasNameTC":"山東街車輛出入口","CrossingFeature":null,"WeatherProof":3,"WheelchairBarrier":2,"WheelchairAccess":2,"ObstaclesType":null,"Gradient":0.00040016999999999999,"Direction":0,"PositionCertainty":1,"Enabled":1,"DataSource":1,"LevelSource":2,"StreetNameEN":"Shantung Street","StreetNameTC":"山東街","ST_CODE":11986,"FloorID":null,"BuildingID_1":null,"BuildingID_2":null,"SiteID":null,"TerminalID":null,"AccessTimeID":null,"CreationDate":1614441600000,"ModifiedBy":"LANDSD","LastAmendmentDate":1656086400000,"Shape__Length":3.9983179284675594}},{"type":"Feature","id":354617,"geometry":{"type":"LineString","coordinates":[[114.16814232381115,22.318450454573089,4.3340000000025611],[114.16816012909048,22.318453692091477,4.3319000000046799]]},"properties":{"OBJECTID":354617,"PedestrianRouteID":240022365,"Location":2,"FeatureType":1,"AliasNameEN":"Minibus Terminus Under","AliasNameTC":"下層小巴總站","CrossingFeature":null,"WeatherProof":1,"WheelchairBarrier":2,"WheelchairAccess":2,"ObstaclesType":null,"Gradient":0.00112349,"Direction":0,"PositionCertainty":1,"Enabled":1,"DataSource":1,"LevelSource":2,"StreetNameEN":null,"StreetNameTC":null,"ST_CODE":null,"FloorID":290000078,"BuildingID_1":1108246362,"BuildingID_2":null,"SiteID":null,"TerminalID":null,"AccessTimeID":290000475,"CreationDate":1614441600000,"ModifiedBy":"LANDSD","LastAmendmentDate":1689609600000,"Shape__Length":1.8691818557188256}},{"type":"Feature","id":354618,"geometry":{"type":"LineString","coordinates":[[114.16816012909048,22.318453692091477,4.3319000000046799],[114.16817500613239,22.318456396646521,4.3763999999937369]]},"properties":{"OBJECTID":354618,"PedestrianRouteID":240022366,"Location":1,"FeatureType":1,"AliasNameEN":"Shanghai Street","AliasNameTC":"上海街","CrossingFeature":null,"WeatherProof":2,"WheelchairBarrier":2,"WheelchairAccess":2,"ObstaclesType":null,"Gradient":0.028485659999999999,"Direction":0,"PositionCertainty":1,"Enabled":1,"DataSource":1,"LevelSource":2,"StreetNameEN":"Shanghai Street","StreetNameTC":"上海街","ST_CODE":11984,"FloorID":null,"BuildingID_1":null,"BuildingID_2":null,"SiteID":null,"TerminalID":null,"AccessTimeID":null,"CreationDate":1614441600000,"ModifiedBy":"LANDSD","LastAmendmentDate":1689609600000,"Shape__Length":1.5617670122122775}},{"type":"Feature","id":354619,"geometry":{"type":"LineString","coordinates":[[114.1681766109939,22.318448680991473,4.3763999999937369],[114.1681786886729,22.318438689651575,4.3761999999987893],[114.16817871391584,22.318438566836811,4.3763999999937369],[114.16818080809932,22.318428498737703,4.3763999999937369]]},"properties":{"OBJECTID":354619,"PedestrianRouteID":240022367,"Location":1,"FeatureType":1,"AliasNameEN":"Shanghai Street","AliasNameTC":"上海街","CrossingFeature":null,"WeatherProof":2,"WheelchairBarrier":2,"WheelchairAccess":2,"ObstaclesType":null,"Gradient":0,"Direction":0,"PositionCertainty":1,"Enabled":1,"DataSource":1,"LevelSource":2,"StreetNameEN":"Shanghai Street","StreetNameTC":"上海街","ST_CODE":11984,"FloorID":null,"BuildingID_1":null,"BuildingID_2":null,"SiteID":null,"TerminalID":null,"AccessTimeID":null,"CreationDate":1614441600000,"ModifiedBy":"LANDSD","LastAmendmentDate":1764259200000,"Shape__Length":2.2763263060145684}},{"type":"Feature","id":354622,"geometry":{"type":"LineString","coordinates":[[114.16980749082798,22.319906484732272,4.9921000000031199],[114.16980040569949,22.319940166733993,5.0084000000060769]]},"properties":{"OBJECTID":354622,"PedestrianRouteID":240022370,"Location":1,"FeatureType":1,"AliasNameEN":"Sai Yeung Choi Street South","AliasNameTC":"西洋菜南街","CrossingFeature":null,"WeatherProof":2,"WheelchairBarrier":2,"WheelchairAccess":2,"ObstaclesType":null,"Gradient":0.0042888500000000003,"Direction":0,"PositionCertainty":1,"Enabled":1,"DataSource":1,"LevelSource":2,"StreetNameEN":"Sai Yeung Choi Street South","StreetNameTC":"西洋菜南街","ST_CODE":11864,"FloorID":null,"BuildingID_1":null,"BuildingID_2":null,"SiteID":null,"TerminalID":null,"AccessTimeID":null,"CreationDate":1614441600000,"ModifiedBy":"LANDSD","LastAmendmentDate":1656086400000,"Shape__Length":3.8005283937583618}},{"type":"Feature","id":354623,"geometry":{"type":"LineString","coordinates":[[114.16980040569949,22.319940166733993,5.0084000000060769],[114.16979504864872,22.319965636388314,5.0207999999984168]]},"properties":{"OBJECTID":354623,"PedestrianRouteID":240022371,"Location":1,"FeatureType":7,"AliasNameEN":"Sai Yeung Choi Street South RunIn","AliasNameTC":"西洋菜南街車輛出入口","CrossingFeature":null,"WeatherProof":2,"WheelchairBarrier":2,"WheelchairAccess":2,"ObstaclesType":null,"Gradient":0.0043147100000000002,"Direction":0,"PositionCertainty":1,"Enabled":1,"DataSource":1,"LevelSource":2,"StreetNameEN":"Sai Yeung Choi Street South","StreetNameTC":"西洋菜南街","ST_CODE":11864,"FloorID":null,"BuildingID_1":null,"BuildingID_2":null,"SiteID":null,"TerminalID":null,"AccessTimeID":null,"CreationDate":1614441600000,"ModifiedBy":"LANDSD","LastAmendmentDate":1656086400000,"Shape__Length":2.8738718477607121}},{"type":"Feature","id":354624,"geometry":{"type":"LineString","coordinates":[[114.16827532028998,22.320068777593914,5.2014999999955762],[114.16826087293211,22.320115725983992,5.3184999999939464]]},"properties":{"OBJECTID":354624,"PedestrianRouteID":240022372,"Location":1,"FeatureType":32,"AliasNameEN":"Fife Street Crossing","AliasNameTC":"快富街過路處","CrossingFeature":1,"WeatherProof":2,"WheelchairBarrier":2,"WheelchairAccess":2,"ObstaclesType":null,"Gradient":0.00702689,"Direction":0,"PositionCertainty":1,"Enabled":1,"DataSource":1,"LevelSource":2,"StreetNameEN":"Fife Street","StreetNameTC":"快富街","ST_CODE":10485,"FloorID":null,"BuildingID_1":null,"BuildingID_2":null,"SiteID":null,"TerminalID":null,"AccessTimeID":null,"CreationDate":1614441600000,"ModifiedBy":"LANDSD","LastAmendmentDate":1689264000000,"Shape__Length":5.4077075032765345}},{"type":"Feature","id":354625,"geometry":{"type":"LineString","coordinates":[[114.16825611118499,22.320131198751238,5.2932000000000698],[114.16823152999591,22.320126701116987,5.1304999999993015],[114.16823039697715,22.320132027300978,5.0684000000037486]]},"properties":{"OBJECTID":354625,"PedestrianRouteID":240022373,"Location":1,"FeatureType":1,"AliasNameEN":"Fife Street","AliasNameTC":"快富街","CrossingFeature":null,"WeatherProof":2,"WheelchairBarrier":2,"WheelchairAccess":2,"ObstaclesType":null,"Gradient":0.013605620000000001,"Direction":0,"PositionCertainty":1,"Enabled":1,"DataSource":1,"LevelSource":2,"StreetNameEN":"Fife Street","StreetNameTC":"快富街","ST_CODE":10485,"FloorID":null,"BuildingID_1":null,"BuildingID_2":null,"SiteID":null,"TerminalID":null,"AccessTimeID":null,"CreationDate":1614441600000,"ModifiedBy":"LANDSD","LastAmendmentDate":1689264000000,"Shape__Length":3.1823131881760962}},{"type":"Feature","id":354626,"geometry":{"type":"LineString","coordinates":[[114.16828008300365,22.32005330211684,5.3488999999972293],[114.16823900855789,22.320046199189893,5.2468999999982771]]},"properties":{"OBJECTID":354626,"PedestrianRouteID":240022374,"Location":1,"FeatureType":1,"AliasNameEN":"Fife Street","AliasNameTC":"快富街","CrossingFeature":null,"WeatherProof":2,"WheelchairBarrier":2,"WheelchairAccess":2,"ObstaclesType":null,"Gradient":0.023692640000000001,"Direction":0,"PositionCertainty":1,"Enabled":1,"DataSource":1,"LevelSource":12,"StreetNameEN":"Fife Street","StreetNameTC":"快富街","ST_CODE":10485,"FloorID":null,"BuildingID_1":null,"BuildingID_2":null,"SiteID":null,"TerminalID":null,"AccessTimeID":null,"CreationDate":1614441600000,"ModifiedBy":"LANDSD","LastAmendmentDate":1689264000000,"Shape__Length":4.3043286700488137}},{"type":"Feature","id":354627,"geometry":{"type":"LineString","coordinates":[[114.16826087293211,22.320115725983992,5.3184999999939464],[114.16825611118499,22.320131198751238,5.2932000000000698]]},"properties":{"OBJECTID":354627,"PedestrianRouteID":240022375,"Location":1,"FeatureType":1,"AliasNameEN":"Fife Street","AliasNameTC":"快富街","CrossingFeature":null,"WeatherProof":2,"WheelchairBarrier":2,"WheelchairAccess":2,"ObstaclesType":null,"Gradient":0.014194780000000001,"Direction":0,"PositionCertainty":1,"Enabled":1,"DataSource":1,"LevelSource":12,"StreetNameEN":"Fife Street","StreetNameTC":"快富街","ST_CODE":10485,"FloorID":null,"BuildingID_1":null,"BuildingID_2":null,"SiteID":null,"TerminalID":null,"AccessTimeID":null,"CreationDate":1614441600000,"ModifiedBy":"LANDSD","LastAmendmentDate":1689264000000,"Shape__Length":1.7822260835034567}},{"type":"Feature","id":354628,"geometry":{"type":"LineString","coordinates":[[114.16828008300365,22.32005330211684,5.3488999999972293],[114.16827532028998,22.320068777593914,5.2014999999955762]]},"properties":{"OBJECTID":354628,"PedestrianRouteID":240022376,"Location":1,"FeatureType":1,"AliasNameEN":"Fife Street","AliasNameTC":"快富街","CrossingFeature":null,"WeatherProof":2,"WheelchairBarrier":2,"WheelchairAccess":2,"ObstaclesType":null,"Gradient":0.082503190000000004,"Direction":0,"PositionCertainty":1,"Enabled":1,"DataSource":1,"LevelSource":12,"StreetNameEN":"Fife Street","StreetNameTC":"快富街","ST_CODE":10485,"FloorID":null,"BuildingID_1":null,"BuildingID_2":null,"SiteID":null,"TerminalID":null,"AccessTimeID":null,"CreationDate":1614441600000,"ModifiedBy":"LANDSD","LastAmendmentDate":1689264000000,"Shape__Length":1.7825420193665016}},{"type":"Feature","id":354718,"geometry":{"type":"LineString","coordinates":[[114.16844627981055,22.318741071516708,4.9109999999927823],[114.16840942586794,22.318734095278405,4.9109999999927823],[114.16838146633482,22.318728802798312,4.9109999999927823]]},"properties":{"OBJECTID":354718,"PedestrianRouteID":240022473,"Location":2,"FeatureType":1,"AliasNameEN":"L1","AliasNameTC":"一樓","CrossingFeature":null,"WeatherProof":1,"WheelchairBarrier":2,"WheelchairAccess":2,"ObstaclesType":null,"Gradient":0,"Direction":0,"PositionCertainty":1,"Enabled":1,"DataSource":1,"LevelSource":2,"StreetNameEN":null,"StreetNameTC":null,"ST_CODE":null,"FloorID":240000042,"BuildingID_1":1108235214,"BuildingID_2":null,"SiteID":1503005306,"TerminalID":null,"AccessTimeID":null,"CreationDate":1614441600000,"ModifiedBy":"LANDSD","LastAmendmentDate":1690819200000,"Shape__Length":6.8145227338686212}},{"type":"Feature","id":354719,"geometry":{"type":"LineString","coordinates":[[114.16825230755082,22.318079768024511,4.4421000000002095],[114.16825448813999,22.318069142740796,4.3696999999956461]]},"properties":{"OBJECTID":354719,"PedestrianRouteID":240022474,"Location":1,"FeatureType":1,"AliasNameEN":"Shanghai Street","AliasNameTC":"上海街","CrossingFeature":null,"WeatherProof":2,"WheelchairBarrier":2,"WheelchairAccess":2,"ObstaclesType":null,"Gradient":0.060368430000000001,"Direction":0,"PositionCertainty":1,"Enabled":1,"DataSource":1,"LevelSource":2,"StreetNameEN":"Shanghai Street","StreetNameTC":"上海街","ST_CODE":11984,"FloorID":null,"BuildingID_1":null,"BuildingID_2":null,"SiteID":null,"TerminalID":null,"AccessTimeID":null,"CreationDate":1614441600000,"ModifiedBy":"LANDSD","LastAmendmentDate":1689609600000,"Shape__Length":1.1978450314878191}},{"type":"Feature","id":354720,"geometry":{"type":"LineString","coordinates":[[114.16825849494762,22.31804961699833,4.5302999999985332],[114.16826904739996,22.317998190118363,4.5861000000004424]]},"properties":{"OBJECTID":354720,"PedestrianRouteID":240022475,"Location":1,"FeatureType":1,"AliasNameEN":"Shanghai Street","AliasNameTC":"上海街","CrossingFeature":null,"WeatherProof":2,"WheelchairBarrier":2,"WheelchairAccess":2,"ObstaclesType":null,"Gradient":0.0096243800000000001,"Direction":0,"PositionCertainty":1,"Enabled":1,"DataSource":1,"LevelSource":12,"StreetNameEN":"Shanghai Street","StreetNameTC":"上海街","ST_CODE":11984,"FloorID":null,"BuildingID_1":null,"BuildingID_2":null,"SiteID":null,"TerminalID":null,"AccessTimeID":null,"CreationDate":1614441600000,"ModifiedBy":"LANDSD","LastAmendmentDate":1689264000000,"Shape__Length":5.7975942129701403}},{"type":"Feature","id":354721,"geometry":{"type":"LineString","coordinates":[[114.16825343272957,22.317995959639084,4.3237999999983003],[114.16826904739996,22.317998190118363,4.5861000000004424]]},"properties":{"OBJECTID":354721,"PedestrianRouteID":240022476,"Location":1,"FeatureType":1,"AliasNameEN":"Shanghai Street","AliasNameTC":"上海街","CrossingFeature":null,"WeatherProof":2,"WheelchairBarrier":2,"WheelchairAccess":2,"ObstaclesType":null,"Gradient":0.00073727000000000005,"Direction":0,"PositionCertainty":1,"Enabled":1,"DataSource":1,"LevelSource":2,"StreetNameEN":"Shanghai Street","StreetNameTC":"上海街","ST_CODE":11984,"FloorID":null,"BuildingID_1":null,"BuildingID_2":null,"SiteID":null,"TerminalID":null,"AccessTimeID":null,"CreationDate":1614441600000,"ModifiedBy":"LANDSD","LastAmendmentDate":1689264000000,"Shape__Length":1.6276354172497016}},{"type":"Feature","id":354722,"geometry":{"type":"LineString","coordinates":[[114.1679732911785,22.317949896668015,4.3027000000001863],[114.16798919987974,22.317952879438955,4.3041999999986729]]},"properties":{"OBJECTID":354722,"PedestrianRouteID":240022477,"Location":1,"FeatureType":1,"AliasNameEN":"Reclamation Street","AliasNameTC":"新填地街","CrossingFeature":null,"WeatherProof":2,"WheelchairBarrier":2,"WheelchairAccess":2,"ObstaclesType":null,"Gradient":0.00089711000000000001,"Direction":0,"PositionCertainty":1,"Enabled":1,"DataSource":1,"LevelSource":2,"StreetNameEN":"Reclamation Street","StreetNameTC":"新填地街","ST_CODE":11810,"FloorID":null,"BuildingID_1":null,"BuildingID_2":null,"SiteID":null,"TerminalID":null,"AccessTimeID":null,"CreationDate":1614441600000,"ModifiedBy":"LANDSD","LastAmendmentDate":1689609600000,"Shape__Length":1.6720289622744509}},{"type":"Feature","id":354759,"geometry":{"type":"LineString","coordinates":[[114.17054179597231,22.320548947681726,5.6668999999965308],[114.17050973133037,22.320543192141006,5.6484000000054948]]},"properties":{"OBJECTID":354759,"PedestrianRouteID":290048180,"Location":1,"FeatureType":1,"AliasNameEN":"Fife Street","AliasNameTC":"快富街","CrossingFeature":null,"WeatherProof":2,"WheelchairBarrier":2,"WheelchairAccess":2,"ObstaclesType":null,"Gradient":0.0055044200000000003,"Direction":0,"PositionCertainty":1,"Enabled":1,"DataSource":1,"LevelSource":2,"StreetNameEN":"Fife Street","StreetNameTC":"快富街","ST_CODE":10485,"FloorID":null,"BuildingID_1":null,"BuildingID_2":null,"SiteID":null,"TerminalID":null,"AccessTimeID":null,"CreationDate":1614441600000,"ModifiedBy":"LANDSD","LastAmendmentDate":1730995200000,"Shape__Length":3.3644905708201054}},{"type":"Feature","id":354760,"geometry":{"type":"LineString","coordinates":[[114.17053351566763,22.320593888106906,5.6799000000028173],[114.17054179597231,22.320548947681726,5.6668999999965308]]},"properties":{"OBJECTID":354760,"PedestrianRouteID":240022519,"Location":1,"FeatureType":1,"AliasNameEN":"Fife Street Podium","AliasNameTC":"快富街平台","CrossingFeature":null,"WeatherProof":2,"WheelchairBarrier":2,"WheelchairAccess":1,"ObstaclesType":null,"Gradient":0.0025747299999999999,"Direction":0,"PositionCertainty":1,"Enabled":1,"DataSource":1,"LevelSource":2,"StreetNameEN":"Fife Street","StreetNameTC":"快富街","ST_CODE":10485,"FloorID":null,"BuildingID_1":1108246199,"BuildingID_2":null,"SiteID":null,"TerminalID":null,"AccessTimeID":null,"CreationDate":1614441600000,"ModifiedBy":"LANDSD","LastAmendmentDate":1689609600000,"Shape__Length":5.0490583924097194}},{"type":"Feature","id":354763,"geometry":{"type":"LineString","coordinates":[[114.16794620288944,22.321939851715989,5.0393999999942025],[114.16810012610685,22.321966762209488,5.1726000000053318]]},"properties":{"OBJECTID":354763,"PedestrianRouteID":240022522,"Location":1,"FeatureType":1,"AliasNameEN":"Bute Street","AliasNameTC":"弼街","CrossingFeature":null,"WeatherProof":2,"WheelchairBarrier":2,"WheelchairAccess":2,"ObstaclesType":null,"Gradient":0.0082547100000000002,"Direction":0,"PositionCertainty":1,"Enabled":1,"DataSource":1,"LevelSource":12,"StreetNameEN":"Bute Street","StreetNameTC":"弼街","ST_CODE":10100,"FloorID":null,"BuildingID_1":null,"BuildingID_2":null,"SiteID":null,"TerminalID":null,"AccessTimeID":null,"CreationDate":1614441600000,"ModifiedBy":"LANDSD","LastAmendmentDate":1689264000000,"Shape__Length":16.135875038045658}},{"type":"Feature","id":354764,"geometry":{"type":"LineString","coordinates":[[114.16810012610685,22.321966762209488,5.1726000000053318],[114.16809854615842,22.321978952519871,5.0443999999988591]]},"properties":{"OBJECTID":354764,"PedestrianRouteID":240022523,"Location":1,"FeatureType":1,"AliasNameEN":"Bute Street","AliasNameTC":"弼街","CrossingFeature":null,"WeatherProof":2,"WheelchairBarrier":2,"WheelchairAccess":1,"ObstaclesType":null,"Gradient":0.00095611000000000003,"Direction":0,"PositionCertainty":1,"Enabled":1,"DataSource":1,"LevelSource":2,"StreetNameEN":"Bute Street","StreetNameTC":"弼街","ST_CODE":10100,"FloorID":null,"BuildingID_1":null,"BuildingID_2":null,"SiteID":null,"TerminalID":null,"AccessTimeID":null,"CreationDate":1614441600000,"ModifiedBy":"LANDSD","LastAmendmentDate":1689264000000,"Shape__Length":1.359669557117801}},{"type":"Feature","id":354790,"geometry":{"type":"LineString","coordinates":[[114.16785230918065,22.317817814838744,4.3537000000069384],[114.16785920533619,22.317785209350074,4.3270999999949709]]},"properties":{"OBJECTID":354790,"PedestrianRouteID":240022549,"Location":1,"FeatureType":1,"AliasNameEN":"Reclamation Street","AliasNameTC":"新填地街","CrossingFeature":null,"WeatherProof":2,"WheelchairBarrier":2,"WheelchairAccess":2,"ObstaclesType":null,"Gradient":0.0072285200000000004,"Direction":0,"PositionCertainty":1,"Enabled":1,"DataSource":1,"LevelSource":12,"StreetNameEN":"Reclamation Street","StreetNameTC":"新填地街","ST_CODE":11810,"FloorID":null,"BuildingID_1":null,"BuildingID_2":null,"SiteID":null,"TerminalID":null,"AccessTimeID":null,"CreationDate":1614441600000,"ModifiedBy":"LANDSD","LastAmendmentDate":1689264000000,"Shape__Length":3.6798041303252558}},{"type":"Feature","id":354791,"geometry":{"type":"LineString","coordinates":[[114.16783680522425,22.317814952183721,4.3313000000052853],[114.16785230918065,22.317817814838744,4.3537000000069384]]},"properties":{"OBJECTID":354791,"PedestrianRouteID":240022550,"Location":1,"FeatureType":1,"AliasNameEN":"Reclamation Street","AliasNameTC":"新填地街","CrossingFeature":null,"WeatherProof":2,"WheelchairBarrier":2,"WheelchairAccess":1,"ObstaclesType":null,"Gradient":0.00128951,"Direction":0,"PositionCertainty":1,"Enabled":1,"DataSource":1,"LevelSource":2,"StreetNameEN":"Reclamation Street","StreetNameTC":"新填地街","ST_CODE":11810,"FloorID":null,"BuildingID_1":null,"BuildingID_2":null,"SiteID":null,"TerminalID":null,"AccessTimeID":null,"CreationDate":1614441600000,"ModifiedBy":"LANDSD","LastAmendmentDate":1689264000000,"Shape__Length":1.6285307399627624}},{"type":"Feature","id":354840,"geometry":{"type":"LineString","coordinates":[[114.16815982927193,22.318153603578569,4.308099999994738],[114.16816384866571,22.318134840021592,4.308099999994738],[114.16817111247026,22.318136088437974,4.3071000000054482],[114.16819989883976,22.318141035126875,4.3031999999948312],[114.16822280253812,22.318144971877881,4.3007999999972526]]},"properties":{"OBJECTID":354840,"PedestrianRouteID":240022601,"Location":2,"FeatureType":1,"AliasNameEN":"Minibus Terminus Under","AliasNameTC":"下層小巴總站","CrossingFeature":null,"WeatherProof":1,"WheelchairBarrier":2,"WheelchairAccess":2,"ObstaclesType":null,"Gradient":0.00088000000000000003,"Direction":0,"PositionCertainty":1,"Enabled":1,"DataSource":1,"LevelSource":2,"StreetNameEN":null,"StreetNameTC":null,"ST_CODE":null,"FloorID":290000078,"BuildingID_1":1108246362,"BuildingID_2":null,"SiteID":null,"TerminalID":null,"AccessTimeID":290000475,"CreationDate":1614441600000,"ModifiedBy":"LANDSD","LastAmendmentDate":1690819200000,"Shape__Length":8.2954285211812433}},{"type":"Feature","id":354922,"geometry":{"type":"LineString","coordinates":[[114.17138029796253,22.318789761408862,5.3509999999951106],[114.17135207241303,22.318733464630835,5.471399999994901]]},"properties":{"OBJECTID":354922,"PedestrianRouteID":240022685,"Location":1,"FeatureType":1,"AliasNameEN":"Nelson Street","AliasNameTC":"奶路臣街","CrossingFeature":null,"WeatherProof":1,"WheelchairBarrier":2,"WheelchairAccess":2,"ObstaclesType":null,"Gradient":0,"Direction":0,"PositionCertainty":1,"Enabled":1,"DataSource":1,"LevelSource":2,"StreetNameEN":"Nelson Street","StreetNameTC":"奶路臣街","ST_CODE":11506,"FloorID":null,"BuildingID_1":null,"BuildingID_2":null,"SiteID":1810037642,"TerminalID":null,"AccessTimeID":null,"CreationDate":1614441600000,"ModifiedBy":"LANDSD","LastAmendmentDate":1689264000000,"Shape__Length":6.8789329199577756}},{"type":"Feature","id":354923,"geometry":{"type":"LineString","coordinates":[[114.17138433270297,22.318815121261505,5.3509999999951106],[114.17137480820568,22.318816916223646,5.3509999999951106],[114.17137842776275,22.318836337543068,5.3509999999951106]]},"properties":{"OBJECTID":354923,"PedestrianRouteID":240022686,"Location":1,"FeatureType":1,"AliasNameEN":"Skypark","AliasNameTC":"行人道","CrossingFeature":null,"WeatherProof":1,"WheelchairBarrier":2,"WheelchairAccess":2,"ObstaclesType":null,"Gradient":0,"Direction":0,"PositionCertainty":1,"Enabled":1,"DataSource":1,"LevelSource":2,"StreetNameEN":null,"StreetNameTC":null,"ST_CODE":null,"FloorID":null,"BuildingID_1":null,"BuildingID_2":null,"SiteID":1810037642,"TerminalID":null,"AccessTimeID":null,"CreationDate":1614441600000,"ModifiedBy":"LANDSD","LastAmendmentDate":1656086400000,"Shape__Length":3.1839416903302453}},{"type":"Feature","id":354924,"geometry":{"type":"LineString","coordinates":[[114.17138433270297,22.318815121261505,5.3509999999951106],[114.17139107351736,22.318813905969666,5.3509999999951106],[114.17139399428362,22.318832450394542,5.3509999999951106]]},"properties":{"OBJECTID":354924,"PedestrianRouteID":240022687,"Location":1,"FeatureType":1,"AliasNameEN":"Skypark","AliasNameTC":"行人道","CrossingFeature":null,"WeatherProof":1,"WheelchairBarrier":2,"WheelchairAccess":2,"ObstaclesType":null,"Gradient":0,"Direction":0,"PositionCertainty":1,"Enabled":1,"DataSource":1,"LevelSource":2,"StreetNameEN":null,"StreetNameTC":null,"ST_CODE":null,"FloorID":null,"BuildingID_1":null,"BuildingID_2":null,"SiteID":1810037642,"TerminalID":null,"AccessTimeID":null,"CreationDate":1614441600000,"ModifiedBy":"LANDSD","LastAmendmentDate":1656086400000,"Shape__Length":2.7828659823080262}},{"type":"Feature","id":354925,"geometry":{"type":"LineString","coordinates":[[114.17137842776275,22.318836337543068,5.3509999999951106],[114.17140139399692,22.318960194729712,8.9510000000009313]]},"properties":{"OBJECTID":354925,"PedestrianRouteID":240022688,"Location":1,"FeatureType":8,"AliasNameEN":"Skypark PodiumEscalator","AliasNameTC":"平台扶手電梯","CrossingFeature":null,"WeatherProof":1,"WheelchairBarrier":1,"WheelchairAccess":2,"ObstaclesType":null,"Gradient":0.25311220000000001,"Direction":1,"PositionCertainty":1,"Enabled":1,"DataSource":1,"LevelSource":2,"StreetNameEN":null,"StreetNameTC":null,"ST_CODE":null,"FloorID":null,"BuildingID_1":1810157588,"BuildingID_2":null,"SiteID":1810037642,"TerminalID":null,"AccessTimeID":null,"CreationDate":1614441600000,"ModifiedBy":"LANDSD","LastAmendmentDate":1660665600000,"Shape__Length":13.917901421130267}},{"type":"Feature","id":354926,"geometry":{"type":"LineString","coordinates":[[114.17139399428362,22.318832450394542,5.3509999999951106],[114.17141432242732,22.318957074188436,8.9510000000009313]]},"properties":{"OBJECTID":354926,"PedestrianRouteID":240022689,"Location":1,"FeatureType":8,"AliasNameEN":"Skypark PodiumEscalator","AliasNameTC":"平台扶手電梯","CrossingFeature":null,"WeatherProof":1,"WheelchairBarrier":1,"WheelchairAccess":2,"ObstaclesType":null,"Gradient":0.25241212000000002,"Direction":-1,"PositionCertainty":1,"Enabled":1,"DataSource":1,"LevelSource":2,"StreetNameEN":null,"StreetNameTC":null,"ST_CODE":null,"FloorID":null,"BuildingID_1":1810157588,"BuildingID_2":null,"SiteID":1810037642,"TerminalID":null,"AccessTimeID":null,"CreationDate":1614441600000,"ModifiedBy":"LANDSD","LastAmendmentDate":1660665600000,"Shape__Length":13.958200671436309}},{"type":"Feature","id":354927,"geometry":{"type":"LineString","coordinates":[[114.17140139399692,22.318960194729712,8.9510000000009313],[114.17140276610309,22.318968303346782,8.9510000000009313],[114.17141017857595,22.318967079949136,8.9510000000009313]]},"properties":{"OBJECTID":354927,"PedestrianRouteID":240022690,"Location":2,"FeatureType":1,"AliasNameEN":"First Floor","AliasNameTC":"一樓","CrossingFeature":null,"WeatherProof":1,"WheelchairBarrier":2,"WheelchairAccess":2,"ObstaclesType":null,"Gradient":0,"Direction":0,"PositionCertainty":1,"Enabled":1,"DataSource":1,"LevelSource":2,"StreetNameEN":null,"StreetNameTC":null,"ST_CODE":null,"FloorID":240000076,"BuildingID_1":1810157588,"BuildingID_2":null,"SiteID":1810037642,"TerminalID":null,"AccessTimeID":290000286,"CreationDate":1614441600000,"ModifiedBy":"LANDSD","LastAmendmentDate":1660665600000,"Shape__Length":1.6845929966952724}},{"type":"Feature","id":354928,"geometry":{"type":"LineString","coordinates":[[114.17141432242732,22.318957074188436,8.9510000000009313],[114.17141547804972,22.318966272790995,8.9510000000009313],[114.17141017857595,22.318967079949136,8.9510000000009313]]},"properties":{"OBJECTID":354928,"PedestrianRouteID":240022691,"Location":2,"FeatureType":1,"AliasNameEN":"First Floor","AliasNameTC":"一樓","CrossingFeature":null,"WeatherProof":1,"WheelchairBarrier":2,"WheelchairAccess":2,"ObstaclesType":null,"Gradient":0,"Direction":0,"PositionCertainty":1,"Enabled":1,"DataSource":1,"LevelSource":2,"StreetNameEN":null,"StreetNameTC":null,"ST_CODE":null,"FloorID":240000076,"BuildingID_1":1810157588,"BuildingID_2":null,"SiteID":1810037642,"TerminalID":null,"AccessTimeID":290000286,"CreationDate":1614441600000,"ModifiedBy":"LANDSD","LastAmendmentDate":1660665600000,"Shape__Length":1.5788098612876826}},{"type":"Feature","id":354929,"geometry":{"type":"LineString","coordinates":[[114.17141017857595,22.318967079949136,8.9510000000009313],[114.17141138484048,22.31897183820989,8.9510000000009313]]},"properties":{"OBJECTID":354929,"PedestrianRouteID":240022692,"Location":1,"FeatureType":1,"AliasNameEN":"Skypark","AliasNameTC":"行人道","CrossingFeature":null,"WeatherProof":1,"WheelchairBarrier":2,"WheelchairAccess":2,"ObstaclesType":null,"Gradient":0,"Direction":0,"PositionCertainty":1,"Enabled":1,"DataSource":1,"LevelSource":2,"StreetNameEN":null,"StreetNameTC":null,"ST_CODE":null,"FloorID":240000077,"BuildingID_1":1810157588,"BuildingID_2":null,"SiteID":1810037642,"TerminalID":null,"AccessTimeID":null,"CreationDate":1614441600000,"ModifiedBy":"LANDSD","LastAmendmentDate":1660665600000,"Shape__Length":0.5413631858727348}},{"type":"Feature","id":354930,"geometry":{"type":"LineString","coordinates":[[114.17141484549008,22.31898449651035,8.9510000000009313],[114.17145901654547,22.318976851774849,8.9510000000009313],[114.17152372813368,22.319049968310516,8.9510000000009313],[114.17153197813602,22.319051309623628,8.9510000000009313],[114.1715766290924,22.319058571674667,8.9510000000009313]]},"properties":{"OBJECTID":354930,"PedestrianRouteID":240022693,"Location":2,"FeatureType":1,"AliasNameEN":"First Floor","AliasNameTC":"一樓","CrossingFeature":null,"WeatherProof":1,"WheelchairBarrier":2,"WheelchairAccess":2,"ObstaclesType":null,"Gradient":0,"Direction":0,"PositionCertainty":1,"Enabled":1,"DataSource":1,"LevelSource":2,"StreetNameEN":null,"StreetNameTC":null,"ST_CODE":null,"FloorID":240000076,"BuildingID_1":1810157588,"BuildingID_2":null,"SiteID":1810037642,"TerminalID":null,"AccessTimeID":290000286,"CreationDate":1614441600000,"ModifiedBy":"LANDSD","LastAmendmentDate":1690819200000,"Shape__Length":20.650354026130966}},{"type":"Feature","id":354931,"geometry":{"type":"LineString","coordinates":[[114.17165328765425,22.318978649763721,8.9510000000009313],[114.17166272759891,22.318927339127629,8.9510000000009313]]},"properties":{"OBJECTID":354931,"PedestrianRouteID":240022694,"Location":2,"FeatureType":2,"AliasNameEN":"Skypark Footbridge","AliasNameTC":"天橋","CrossingFeature":null,"WeatherProof":1,"WheelchairBarrier":2,"WheelchairAccess":2,"ObstaclesType":null,"Gradient":0,"Direction":0,"PositionCertainty":1,"Enabled":1,"DataSource":1,"LevelSource":2,"StreetNameEN":null,"StreetNameTC":null,"ST_CODE":null,"FloorID":null,"BuildingID_1":null,"BuildingID_2":null,"SiteID":1810037642,"TerminalID":null,"AccessTimeID":null,"CreationDate":1614441600000,"ModifiedBy":"LANDSD","LastAmendmentDate":1764432000000,"Shape__Length":5.7645077284814628}},{"type":"Feature","id":354932,"geometry":{"type":"LineString","coordinates":[[114.17166272759891,22.318927339127629,8.9510000000009313],[114.17170463463133,22.318882068279063,8.9510000000009313],[114.17168999751618,22.318871077581605,8.9510000000009313],[114.17165109087215,22.31890861833303,8.9510000000009313],[114.17164313033362,22.318901331291489,8.9510000000009313]]},"properties":{"OBJECTID":354932,"PedestrianRouteID":240022695,"Location":2,"FeatureType":1,"AliasNameEN":"First Floor","AliasNameTC":"行人道","CrossingFeature":null,"WeatherProof":1,"WheelchairBarrier":2,"WheelchairAccess":2,"ObstaclesType":null,"Gradient":0,"Direction":0,"PositionCertainty":1,"Enabled":1,"DataSource":1,"LevelSource":2,"StreetNameEN":null,"StreetNameTC":null,"ST_CODE":null,"FloorID":240000078,"BuildingID_1":1810157586,"BuildingID_2":null,"SiteID":1810037642,"TerminalID":null,"AccessTimeID":null,"CreationDate":1614441600000,"ModifiedBy":"LANDSD","LastAmendmentDate":1764432000000,"Shape__Length":15.479496356941647}},{"type":"Feature","id":354933,"geometry":{"type":"LineString","coordinates":[[114.17164313033362,22.318901331291489,8.9510000000009313],[114.17164163848176,22.31890267770547,5.5669999999954598]]},"properties":{"OBJECTID":354933,"PedestrianRouteID":240022696,"Location":2,"FeatureType":10,"AliasNameEN":"Lift","AliasNameTC":"升降機","CrossingFeature":null,"WeatherProof":1,"WheelchairBarrier":2,"WheelchairAccess":2,"ObstaclesType":null,"Gradient":1.50760144,"Direction":0,"PositionCertainty":1,"Enabled":1,"DataSource":1,"LevelSource":2,"StreetNameEN":null,"StreetNameTC":null,"ST_CODE":null,"FloorID":null,"BuildingID_1":1810157586,"BuildingID_2":null,"SiteID":1810037642,"TerminalID":null,"AccessTimeID":240000149,"CreationDate":1614441600000,"ModifiedBy":"LANDSD","LastAmendmentDate":1642953600000,"Shape__Length":0.21413663908351666}},{"type":"Feature","id":354934,"geometry":{"type":"LineString","coordinates":[[114.17164163848176,22.31890267770547,5.5669999999954598],[114.17164946118513,22.318910259140075,5.5669999999954598],[114.17164536512963,22.31891434535336,5.5669999999954598]]},"properties":{"OBJECTID":354934,"PedestrianRouteID":240022697,"Location":2,"FeatureType":1,"AliasNameEN":"  Footway","AliasNameTC":" 行人道","CrossingFeature":null,"WeatherProof":1,"WheelchairBarrier":2,"WheelchairAccess":2,"ObstaclesType":null,"Gradient":0,"Direction":0,"PositionCertainty":1,"Enabled":1,"DataSource":1,"LevelSource":2,"StreetNameEN":null,"StreetNameTC":null,"ST_CODE":null,"FloorID":240000079,"BuildingID_1":1810157586,"BuildingID_2":null,"SiteID":1810037642,"TerminalID":null,"AccessTimeID":null,"CreationDate":1614441600000,"ModifiedBy":"LANDSD","LastAmendmentDate":1614441600000,"Shape__Length":1.7825261697794428}},{"type":"Feature","id":354935,"geometry":{"type":"LineString","coordinates":[[114.17156339703355,22.318875990677864,5.5463000000017928],[114.17146636393572,22.318799203959752,5.353000000002794]]},"properties":{"OBJECTID":354935,"PedestrianRouteID":240022698,"Location":1,"FeatureType":1,"AliasNameEN":"Skypark","AliasNameTC":"行人道","CrossingFeature":null,"WeatherProof":2,"WheelchairBarrier":2,"WheelchairAccess":2,"ObstaclesType":null,"Gradient":0.0096720199999999999,"Direction":0,"PositionCertainty":1,"Enabled":1,"DataSource":1,"LevelSource":2,"StreetNameEN":null,"StreetNameTC":null,"ST_CODE":null,"FloorID":null,"BuildingID_1":null,"BuildingID_2":null,"SiteID":1810037642,"TerminalID":null,"AccessTimeID":null,"CreationDate":1614441600000,"ModifiedBy":"LANDSD","LastAmendmentDate":1764432000000,"Shape__Length":13.12426045593709}},{"type":"Feature","id":354936,"geometry":{"type":"LineString","coordinates":[[114.17146636393572,22.318799203959752,5.353000000002794],[114.17138029796253,22.318789761408862,5.3509999999951106]]},"properties":{"OBJECTID":354936,"PedestrianRouteID":240022699,"Location":1,"FeatureType":1,"AliasNameEN":"Skypark","AliasNameTC":"行人道","CrossingFeature":null,"WeatherProof":1,"WheelchairBarrier":2,"WheelchairAccess":2,"ObstaclesType":null,"Gradient":0.00022399,"Direction":0,"PositionCertainty":1,"Enabled":1,"DataSource":1,"LevelSource":2,"StreetNameEN":null,"StreetNameTC":null,"ST_CODE":null,"FloorID":null,"BuildingID_1":null,"BuildingID_2":null,"SiteID":1810037642,"TerminalID":null,"AccessTimeID":null,"CreationDate":1614441600000,"ModifiedBy":"LANDSD","LastAmendmentDate":1764432000000,"Shape__Length":8.9287980628137245}},{"type":"Feature","id":354937,"geometry":{"type":"LineString","coordinates":[[114.17164536512963,22.31891434535336,5.5669999999954598],[114.17162994283908,22.318928652031058,5.5375999999960186]]},"properties":{"OBJECTID":354937,"PedestrianRouteID":240022701,"Location":1,"FeatureType":1,"AliasNameEN":"Skypark","AliasNameTC":"行人道","CrossingFeature":null,"WeatherProof":2,"WheelchairBarrier":2,"WheelchairAccess":2,"ObstaclesType":null,"Gradient":0,"Direction":0,"PositionCertainty":1,"Enabled":1,"DataSource":1,"LevelSource":2,"StreetNameEN":null,"StreetNameTC":null,"ST_CODE":null,"FloorID":null,"BuildingID_1":null,"BuildingID_2":null,"SiteID":1810037642,"TerminalID":null,"AccessTimeID":null,"CreationDate":1614441600000,"ModifiedBy":"LANDSD","LastAmendmentDate":1764432000000,"Shape__Length":2.2437935957311685}},{"type":"Feature","id":354938,"geometry":{"type":"LineString","coordinates":[[114.17141484549008,22.31898449651035,8.9510000000009313],[114.17143911947666,22.319075145526977,8.9510000000009313],[114.17145719781377,22.31909942217187,8.9510000000009313]]},"properties":{"OBJECTID":354938,"PedestrianRouteID":240022702,"Location":2,"FeatureType":1,"AliasNameEN":"First Floor","AliasNameTC":"一樓","CrossingFeature":null,"WeatherProof":1,"WheelchairBarrier":2,"WheelchairAccess":2,"ObstaclesType":null,"Gradient":0,"Direction":0,"PositionCertainty":1,"Enabled":1,"DataSource":1,"LevelSource":2,"StreetNameEN":null,"StreetNameTC":null,"ST_CODE":null,"FloorID":240000076,"BuildingID_1":1810157588,"BuildingID_2":null,"SiteID":1810037642,"TerminalID":null,"AccessTimeID":290000286,"CreationDate":1614441600000,"ModifiedBy":"LANDSD","LastAmendmentDate":1660665600000,"Shape__Length":13.615335555513273}},{"type":"Feature","id":354939,"geometry":{"type":"LineString","coordinates":[[114.17145719781377,22.31909942217187,8.9510000000009313],[114.17145186232197,22.319102870779108,8.9510000000009313],[114.17145668396338,22.319110020460823,8.9510000000009313]]},"properties":{"OBJECTID":354939,"PedestrianRouteID":240022703,"Location":2,"FeatureType":1,"AliasNameEN":"First Floor","AliasNameTC":"一樓","CrossingFeature":null,"WeatherProof":1,"WheelchairBarrier":2,"WheelchairAccess":2,"ObstaclesType":null,"Gradient":0,"Direction":0,"PositionCertainty":1,"Enabled":1,"DataSource":1,"LevelSource":2,"StreetNameEN":null,"StreetNameTC":null,"ST_CODE":null,"FloorID":240000076,"BuildingID_1":1810157588,"BuildingID_2":null,"SiteID":1810037642,"TerminalID":null,"AccessTimeID":290000286,"CreationDate":1614441600000,"ModifiedBy":"LANDSD","LastAmendmentDate":1660665600000,"Shape__Length":1.6040064933754694}},{"type":"Feature","id":354940,"geometry":{"type":"LineString","coordinates":[[114.17145719781377,22.31909942217187,8.9510000000009313],[114.17146461139139,22.319094857451713,8.9510000000009313],[114.17146983291879,22.319101992697306,8.9510000000009313]]},"properties":{"OBJECTID":354940,"PedestrianRouteID":240022704,"Location":2,"FeatureType":1,"AliasNameEN":"First Floor","AliasNameTC":"一樓","CrossingFeature":null,"WeatherProof":1,"WheelchairBarrier":2,"WheelchairAccess":2,"ObstaclesType":null,"Gradient":0,"Direction":0,"PositionCertainty":1,"Enabled":1,"DataSource":1,"LevelSource":2,"StreetNameEN":null,"StreetNameTC":null,"ST_CODE":null,"FloorID":240000076,"BuildingID_1":1810157588,"BuildingID_2":null,"SiteID":1810037642,"TerminalID":null,"AccessTimeID":290000286,"CreationDate":1614441600000,"ModifiedBy":"LANDSD","LastAmendmentDate":1660665600000,"Shape__Length":1.8718037491181949}},{"type":"Feature","id":354941,"geometry":{"type":"LineString","coordinates":[[114.17145668396338,22.319110020460823,8.9510000000009313],[114.17146079323635,22.319115922993671,9.1468000000022585],[114.17150497036894,22.319179370699683,11.251000000003842]]},"properties":{"OBJECTID":354941,"PedestrianRouteID":240022705,"Location":2,"FeatureType":8,"AliasNameEN":"Escalator","AliasNameTC":"扶手電梯","CrossingFeature":null,"WeatherProof":1,"WheelchairBarrier":1,"WheelchairAccess":2,"ObstaclesType":null,"Gradient":0.24626152000000001,"Direction":1,"PositionCertainty":1,"Enabled":1,"DataSource":1,"LevelSource":2,"StreetNameEN":null,"StreetNameTC":null,"ST_CODE":null,"FloorID":null,"BuildingID_1":1810157588,"BuildingID_2":null,"SiteID":1810037642,"TerminalID":null,"AccessTimeID":290000286,"CreationDate":1614441600000,"ModifiedBy":"LANDSD","LastAmendmentDate":1690819200000,"Shape__Length":9.1500963692984083}},{"type":"Feature","id":354942,"geometry":{"type":"LineString","coordinates":[[114.17146983291879,22.319101992697306,8.9510000000009313],[114.17147331132675,22.319107335312133,9.1255999999993946],[114.17151564621298,22.319172353374817,11.251000000003842]]},"properties":{"OBJECTID":354942,"PedestrianRouteID":240022706,"Location":2,"FeatureType":8,"AliasNameEN":"Escalator","AliasNameTC":"扶手電梯","CrossingFeature":null,"WeatherProof":1,"WheelchairBarrier":1,"WheelchairAccess":2,"ObstaclesType":null,"Gradient":0.24731202999999999,"Direction":-1,"PositionCertainty":1,"Enabled":1,"DataSource":1,"LevelSource":2,"StreetNameEN":null,"StreetNameTC":null,"ST_CODE":null,"FloorID":null,"BuildingID_1":1810157588,"BuildingID_2":null,"SiteID":1810037642,"TerminalID":null,"AccessTimeID":290000286,"CreationDate":1614441600000,"ModifiedBy":"LANDSD","LastAmendmentDate":1690819200000,"Shape__Length":9.1096088621178204}},{"type":"Feature","id":354943,"geometry":{"type":"LineString","coordinates":[[114.17150497036894,22.319179370699683,11.251000000003842],[114.17150954646721,22.31918619978557,11.251000000003842],[114.17151463153687,22.31918302208609,11.251000000003842]]},"properties":{"OBJECTID":354943,"PedestrianRouteID":240022707,"Location":2,"FeatureType":1,"AliasNameEN":"Second Floor","AliasNameTC":"二樓","CrossingFeature":null,"WeatherProof":1,"WheelchairBarrier":2,"WheelchairAccess":2,"ObstaclesType":null,"Gradient":0,"Direction":0,"PositionCertainty":1,"Enabled":1,"DataSource":1,"LevelSource":2,"StreetNameEN":null,"StreetNameTC":null,"ST_CODE":null,"FloorID":240000080,"BuildingID_1":1810157588,"BuildingID_2":null,"SiteID":1810037642,"TerminalID":null,"AccessTimeID":290000286,"CreationDate":1614441600000,"ModifiedBy":"LANDSD","LastAmendmentDate":1660665600000,"Shape__Length":1.5222652785833817}},{"type":"Feature","id":354944,"geometry":{"type":"LineString","coordinates":[[114.17151564621298,22.319172353374817,11.251000000003842],[114.17152002429499,22.319179581606239,11.251000000003842],[114.17151463153687,22.31918302208609,11.251000000003842]]},"properties":{"OBJECTID":354944,"PedestrianRouteID":240022708,"Location":2,"FeatureType":1,"AliasNameEN":"Second Floor","AliasNameTC":"二樓","CrossingFeature":null,"WeatherProof":1,"WheelchairBarrier":2,"WheelchairAccess":2,"ObstaclesType":null,"Gradient":0,"Direction":0,"PositionCertainty":1,"Enabled":1,"DataSource":1,"LevelSource":2,"StreetNameEN":null,"StreetNameTC":null,"ST_CODE":null,"FloorID":240000080,"BuildingID_1":1810157588,"BuildingID_2":null,"SiteID":1810037642,"TerminalID":null,"AccessTimeID":290000286,"CreationDate":1614441600000,"ModifiedBy":"LANDSD","LastAmendmentDate":1660665600000,"Shape__Length":1.5924518754228347}},{"type":"Feature","id":354945,"geometry":{"type":"LineString","coordinates":[[114.1715298019671,22.31920808157977,11.251000000003842],[114.17151739651912,22.319215114200855,11.251000000003842],[114.17145150342814,22.319122296479531,11.251000000003842],[114.17146079323635,22.319115922993671,11.251000000003842],[114.17147331132675,22.319107335312133,11.251000000003842],[114.17154023169024,22.319061424159276,11.251000000003842],[114.17153197813602,22.319051309623628,11.251000000003842],[114.1714708937188,22.318976457530855,11.251000000003842],[114.17155745879167,22.318905885366494,11.251000000003842]]},"properties":{"OBJECTID":354945,"PedestrianRouteID":240022709,"Location":2,"FeatureType":1,"AliasNameEN":"Skypark Second Floor","AliasNameTC":"二樓","CrossingFeature":null,"WeatherProof":1,"WheelchairBarrier":2,"WheelchairAccess":2,"ObstaclesType":null,"Gradient":0,"Direction":0,"PositionCertainty":1,"Enabled":1,"DataSource":1,"LevelSource":2,"StreetNameEN":null,"StreetNameTC":null,"ST_CODE":null,"FloorID":240000080,"BuildingID_1":1810157588,"BuildingID_2":null,"SiteID":1810037642,"TerminalID":null,"AccessTimeID":290000286,"CreationDate":1614441600000,"ModifiedBy":"LANDSD","LastAmendmentDate":1764432000000,"Shape__Length":48.844311613056227}},{"type":"Feature","id":354946,"geometry":{"type":"LineString","coordinates":[[114.17155745879167,22.318905885366494,11.251000000003842],[114.17159581780476,22.318874797883044,11.251000000003842]]},"properties":{"OBJECTID":354946,"PedestrianRouteID":240022710,"Location":2,"FeatureType":2,"AliasNameEN":"Skypark Footbridge","AliasNameTC":"天橋","CrossingFeature":null,"WeatherProof":1,"WheelchairBarrier":2,"WheelchairAccess":2,"ObstaclesType":null,"Gradient":0,"Direction":0,"PositionCertainty":1,"Enabled":1,"DataSource":1,"LevelSource":2,"StreetNameEN":null,"StreetNameTC":null,"ST_CODE":null,"FloorID":null,"BuildingID_1":null,"BuildingID_2":null,"SiteID":1810037642,"TerminalID":null,"AccessTimeID":null,"CreationDate":1614441600000,"ModifiedBy":"LANDSD","LastAmendmentDate":1764432000000,"Shape__Length":5.2411638734493664}},{"type":"Feature","id":354947,"geometry":{"type":"LineString","coordinates":[[114.17159581780476,22.318874797883044,11.251000000003842],[114.17160655676335,22.318866337464883,11.251000000003842],[114.17164426984911,22.318900281972798,11.251000000003842]]},"properties":{"OBJECTID":354947,"PedestrianRouteID":240022711,"Location":2,"FeatureType":1,"AliasNameEN":"Ground Floor","AliasNameTC":"行人道","CrossingFeature":null,"WeatherProof":1,"WheelchairBarrier":2,"WheelchairAccess":2,"ObstaclesType":null,"Gradient":0,"Direction":0,"PositionCertainty":1,"Enabled":1,"DataSource":1,"LevelSource":2,"StreetNameEN":null,"StreetNameTC":null,"ST_CODE":null,"FloorID":240000081,"BuildingID_1":1810157586,"BuildingID_2":null,"SiteID":1810037642,"TerminalID":null,"AccessTimeID":null,"CreationDate":1614441600000,"ModifiedBy":"LANDSD","LastAmendmentDate":1764432000000,"Shape__Length":6.8559469686889596}},{"type":"Feature","id":354948,"geometry":{"type":"LineString","coordinates":[[114.17135207241303,22.318733464630835,5.471399999994901],[114.17134099784835,22.318711375420541,5.3540000000066357]]},"properties":{"OBJECTID":354948,"PedestrianRouteID":240022712,"Location":1,"FeatureType":1,"AliasNameEN":"Fa Yuen Street","AliasNameTC":"花園街","CrossingFeature":null,"WeatherProof":1,"WheelchairBarrier":2,"WheelchairAccess":2,"ObstaclesType":null,"Gradient":0.043468930000000003,"Direction":0,"PositionCertainty":1,"Enabled":1,"DataSource":1,"LevelSource":12,"StreetNameEN":"Fa Yuen Street","StreetNameTC":"花園街","ST_CODE":10419,"FloorID":null,"BuildingID_1":null,"BuildingID_2":null,"SiteID":null,"TerminalID":null,"AccessTimeID":null,"CreationDate":1614441600000,"ModifiedBy":"LANDSD","LastAmendmentDate":1689264000000,"Shape__Length":2.6990785856438158}},{"type":"Feature","id":354949,"geometry":{"type":"LineString","coordinates":[[114.17147725390222,22.318750499611024,5.4153999999980442],[114.1714803525613,22.318736641362005,5.3693000000057509]]},"properties":{"OBJECTID":354949,"PedestrianRouteID":240022713,"Location":1,"FeatureType":1,"AliasNameEN":"Nelson Street","AliasNameTC":"奶路臣街","CrossingFeature":null,"WeatherProof":1,"WheelchairBarrier":2,"WheelchairAccess":2,"ObstaclesType":null,"Gradient":0.02940243,"Direction":0,"PositionCertainty":1,"Enabled":1,"DataSource":1,"LevelSource":12,"StreetNameEN":"Nelson Street","StreetNameTC":"奶路臣街","ST_CODE":11506,"FloorID":null,"BuildingID_1":null,"BuildingID_2":null,"SiteID":null,"TerminalID":null,"AccessTimeID":null,"CreationDate":1614441600000,"ModifiedBy":"LANDSD","LastAmendmentDate":1689264000000,"Shape__Length":1.5674456279867375}},{"type":"Feature","id":354950,"geometry":{"type":"LineString","coordinates":[[114.17166679126314,22.318959469210736,5.5791000000026543],[114.17170986975655,22.318995495425909,5.612699999997858]]},"properties":{"OBJECTID":354950,"PedestrianRouteID":240022714,"Location":1,"FeatureType":1,"AliasNameEN":"Sai Yee Street","AliasNameTC":"洗衣街","CrossingFeature":null,"WeatherProof":2,"WheelchairBarrier":2,"WheelchairAccess":2,"ObstaclesType":null,"Gradient":0.01278318,"Direction":0,"PositionCertainty":1,"Enabled":1,"DataSource":1,"LevelSource":12,"StreetNameEN":"Sai Yee Street","StreetNameTC":"洗衣街","ST_CODE":11861,"FloorID":null,"BuildingID_1":null,"BuildingID_2":null,"SiteID":1810037642,"TerminalID":null,"AccessTimeID":null,"CreationDate":1614441600000,"ModifiedBy":"LANDSD","LastAmendmentDate":1764432000000,"Shape__Length":5.9677465509029082}},{"type":"Feature","id":354951,"geometry":{"type":"LineString","coordinates":[[114.17167694909146,22.319155619471189,5.6999999999970896],[114.17165874862357,22.319152003944666,5.6999999999970896]]},"properties":{"OBJECTID":354951,"PedestrianRouteID":240022715,"Location":1,"FeatureType":1,"AliasNameEN":"Sai Yee Street","AliasNameTC":"洗衣街","CrossingFeature":null,"WeatherProof":1,"WheelchairBarrier":2,"WheelchairAccess":2,"ObstaclesType":null,"Gradient":0,"Direction":0,"PositionCertainty":1,"Enabled":1,"DataSource":1,"LevelSource":2,"StreetNameEN":"Sai Yee Street","StreetNameTC":"洗衣街","ST_CODE":11861,"FloorID":null,"BuildingID_1":null,"BuildingID_2":null,"SiteID":null,"TerminalID":null,"AccessTimeID":null,"CreationDate":1614441600000,"ModifiedBy":"LANDSD","LastAmendmentDate":1656086400000,"Shape__Length":1.9174501636567491}},{"type":"Feature","id":354952,"geometry":{"type":"LineString","coordinates":[[114.17165874862357,22.319152003944666,5.6999999999970896],[114.17164969302986,22.319150398918921,5.6999999999970896],[114.17160555356493,22.319142577007696,5.6999999999970896]]},"properties":{"OBJECTID":354952,"PedestrianRouteID":240022716,"Location":2,"FeatureType":1,"AliasNameEN":"Ground Floor","AliasNameTC":"地下","CrossingFeature":null,"WeatherProof":1,"WheelchairBarrier":2,"WheelchairAccess":2,"ObstaclesType":null,"Gradient":0,"Direction":0,"PositionCertainty":1,"Enabled":1,"DataSource":1,"LevelSource":2,"StreetNameEN":null,"StreetNameTC":null,"ST_CODE":null,"FloorID":240000077,"BuildingID_1":1810157588,"BuildingID_2":null,"SiteID":1810037642,"TerminalID":null,"AccessTimeID":290000286,"CreationDate":1614441600000,"ModifiedBy":"LANDSD","LastAmendmentDate":1690819200000,"Shape__Length":5.5791918934334657}},{"type":"Feature","id":354953,"geometry":{"type":"LineString","coordinates":[[114.17160555356493,22.319142577007696,5.6999999999970896],[114.17160489149219,22.319145985132796,8.9510000000009313]]},"properties":{"OBJECTID":354953,"PedestrianRouteID":240022717,"Location":2,"FeatureType":10,"AliasNameEN":"Lift","AliasNameTC":"升降機","CrossingFeature":null,"WeatherProof":1,"WheelchairBarrier":2,"WheelchairAccess":2,"ObstaclesType":null,"Gradient":1.4533714200000001,"Direction":0,"PositionCertainty":1,"Enabled":1,"DataSource":1,"LevelSource":2,"StreetNameEN":null,"StreetNameTC":null,"ST_CODE":null,"FloorID":null,"BuildingID_1":1810157588,"BuildingID_2":null,"SiteID":1810037642,"TerminalID":null,"AccessTimeID":240000150,"CreationDate":1614441600000,"ModifiedBy":"LANDSD","LastAmendmentDate":1660665600000,"Shape__Length":0.3835127114075717}},{"type":"Feature","id":354954,"geometry":{"type":"LineString","coordinates":[[114.17160489149219,22.319145985132796,8.9510000000009313],[114.17161363746784,22.319147520615495,8.9510000000009313],[114.17159621514617,22.319229338144623,8.9510000000009313],[114.17163081862213,22.319234794640117,8.9510000000009313],[114.17164969302986,22.319150398918921,8.9510000000009313],[114.17166654921677,22.319075028306834,8.9510000000009313],[114.1715766290924,22.319058571674667,8.9510000000009313]]},"properties":{"OBJECTID":354954,"PedestrianRouteID":240022718,"Location":2,"FeatureType":1,"AliasNameEN":"First Floor","AliasNameTC":"一樓","CrossingFeature":null,"WeatherProof":1,"WheelchairBarrier":2,"WheelchairAccess":2,"ObstaclesType":null,"Gradient":0,"Direction":0,"PositionCertainty":1,"Enabled":1,"DataSource":1,"LevelSource":2,"StreetNameEN":null,"StreetNameTC":null,"ST_CODE":null,"FloorID":240000076,"BuildingID_1":1810157588,"BuildingID_2":null,"SiteID":1810037642,"TerminalID":null,"AccessTimeID":290000286,"CreationDate":1614441600000,"ModifiedBy":"LANDSD","LastAmendmentDate":1690819200000,"Shape__Length":41.281740994310766}},{"type":"Feature","id":354955,"geometry":{"type":"LineString","coordinates":[[114.17160425175399,22.31914910157041,11.251000000003842],[114.17160864463754,22.319149910853216,11.251000000003842],[114.17159345321116,22.319219142514125,11.251000000003842],[114.1715298019671,22.31920808157977,11.251000000003842]]},"properties":{"OBJECTID":354955,"PedestrianRouteID":240022719,"Location":2,"FeatureType":1,"AliasNameEN":"Second Floor","AliasNameTC":"二樓","CrossingFeature":null,"WeatherProof":1,"WheelchairBarrier":2,"WheelchairAccess":2,"ObstaclesType":null,"Gradient":0,"Direction":0,"PositionCertainty":1,"Enabled":1,"DataSource":1,"LevelSource":2,"StreetNameEN":null,"StreetNameTC":null,"ST_CODE":null,"FloorID":240000080,"BuildingID_1":1810157588,"BuildingID_2":null,"SiteID":1810037642,"TerminalID":null,"AccessTimeID":290000286,"CreationDate":1614441600000,"ModifiedBy":"LANDSD","LastAmendmentDate":1660665600000,"Shape__Length":14.957228337300261}},{"type":"Feature","id":355208,"geometry":{"type":"LineString","coordinates":[[114.17141138484048,22.31897183820989,8.9510000000009313],[114.17141484549008,22.31898449651035,8.9510000000009313]]},"properties":{"OBJECTID":355208,"PedestrianRouteID":240022999,"Location":2,"FeatureType":1,"AliasNameEN":"First Floor","AliasNameTC":"一樓","CrossingFeature":null,"WeatherProof":1,"WheelchairBarrier":2,"WheelchairAccess":2,"ObstaclesType":null,"Gradient":0,"Direction":0,"PositionCertainty":1,"Enabled":1,"DataSource":1,"LevelSource":2,"StreetNameEN":null,"StreetNameTC":null,"ST_CODE":null,"FloorID":240000076,"BuildingID_1":1810157588,"BuildingID_2":null,"SiteID":1810037642,"TerminalID":null,"AccessTimeID":290000286,"CreationDate":1614441600000,"ModifiedBy":"LANDSD","LastAmendmentDate":1660665600000,"Shape__Length":1.4463493539823178}},{"type":"Feature","id":355209,"geometry":{"type":"LineString","coordinates":[[114.1715766290924,22.319058571674667,8.9510000000009313],[114.17165328765425,22.318978649763721,8.9510000000009313]]},"properties":{"OBJECTID":355209,"PedestrianRouteID":240023000,"Location":2,"FeatureType":1,"AliasNameEN":"Skypark First Floor","AliasNameTC":"一樓","CrossingFeature":null,"WeatherProof":1,"WheelchairBarrier":2,"WheelchairAccess":2,"ObstaclesType":null,"Gradient":0,"Direction":0,"PositionCertainty":1,"Enabled":1,"DataSource":1,"LevelSource":2,"StreetNameEN":null,"StreetNameTC":null,"ST_CODE":null,"FloorID":240000076,"BuildingID_1":1810157588,"BuildingID_2":null,"SiteID":1810037642,"TerminalID":null,"AccessTimeID":290000286,"CreationDate":1614441600000,"ModifiedBy":"LANDSD","LastAmendmentDate":1764432000000,"Shape__Length":11.86190646651799}},{"type":"Feature","id":355210,"geometry":{"type":"LineString","coordinates":[[114.17151463153687,22.31918302208609,11.251000000003842],[114.1715298019671,22.31920808157977,11.251000000003842]]},"properties":{"OBJECTID":355210,"PedestrianRouteID":240023001,"Location":2,"FeatureType":1,"AliasNameEN":"Second Floor","AliasNameTC":"二樓","CrossingFeature":null,"WeatherProof":1,"WheelchairBarrier":2,"WheelchairAccess":2,"ObstaclesType":null,"Gradient":0,"Direction":0,"PositionCertainty":1,"Enabled":1,"DataSource":1,"LevelSource":2,"StreetNameEN":null,"StreetNameTC":null,"ST_CODE":null,"FloorID":240000080,"BuildingID_1":1810157588,"BuildingID_2":null,"SiteID":1810037642,"TerminalID":null,"AccessTimeID":290000286,"CreationDate":1614441600000,"ModifiedBy":"LANDSD","LastAmendmentDate":1660665600000,"Shape__Length":3.1848628896150113}},{"type":"Feature","id":355428,"geometry":{"type":"LineString","coordinates":[[114.17167539861576,22.317317242089871,6.0133000000059837],[114.17168727575397,22.317313957135905,6.0592000000033295],[114.17169851007125,22.317318736483593,6.0933999999979278],[114.17170107801429,22.317324710304575,6.0956000000005588],[114.17169562100604,22.317335461960322,6.0636999999987893]]},"properties":{"OBJECTID":355428,"PedestrianRouteID":240023231,"Location":1,"FeatureType":23,"AliasNameEN":"Sai Yee Street Garden","AliasNameTC":"洗衣街花園","CrossingFeature":null,"WeatherProof":2,"WheelchairBarrier":2,"WheelchairAccess":2,"ObstaclesType":null,"Gradient":0.01100755,"Direction":0,"PositionCertainty":1,"Enabled":1,"DataSource":1,"LevelSource":2,"StreetNameEN":null,"StreetNameTC":null,"ST_CODE":null,"FloorID":null,"BuildingID_1":null,"BuildingID_2":null,"SiteID":1503005468,"TerminalID":null,"AccessTimeID":240000043,"CreationDate":1614441600000,"ModifiedBy":"LANDSD","LastAmendmentDate":1656086400000,"Shape__Length":4.5784885826103592}},{"type":"Feature","id":355429,"geometry":{"type":"LineString","coordinates":[[114.17171070756784,22.317340241429072,6.1116000000038184],[114.17169562100604,22.317335461960322,6.0636999999987893]]},"properties":{"OBJECTID":355429,"PedestrianRouteID":240023232,"Location":1,"FeatureType":23,"AliasNameEN":"Sai Yee Street Garden","AliasNameTC":"洗衣街花園","CrossingFeature":null,"WeatherProof":2,"WheelchairBarrier":2,"WheelchairAccess":2,"ObstaclesType":null,"Gradient":0.029163209999999998,"Direction":0,"PositionCertainty":1,"Enabled":1,"DataSource":1,"LevelSource":2,"StreetNameEN":null,"StreetNameTC":null,"ST_CODE":null,"FloorID":null,"BuildingID_1":null,"BuildingID_2":null,"SiteID":1503005468,"TerminalID":null,"AccessTimeID":240000043,"CreationDate":1614441600000,"ModifiedBy":"LANDSD","LastAmendmentDate":1656086400000,"Shape__Length":1.6420146165608063}},{"type":"Feature","id":355430,"geometry":{"type":"LineString","coordinates":[[114.17166127218124,22.317385636670341,5.883799999995972],[114.17166929737833,22.317374288175134,5.9253999999928055],[114.17167956906788,22.317373989588955,5.9621000000042841],[114.17168887787352,22.31737548354506,5.9933000000019092],[114.17169144566417,22.317385637629314,5.9906000000046333]]},"properties":{"OBJECTID":355430,"PedestrianRouteID":240023233,"Location":1,"FeatureType":23,"AliasNameEN":"Sai Yee Street Garden","AliasNameTC":"洗衣街花園","CrossingFeature":null,"WeatherProof":2,"WheelchairBarrier":2,"WheelchairAccess":2,"ObstaclesType":null,"Gradient":0.022760740000000002,"Direction":0,"PositionCertainty":1,"Enabled":1,"DataSource":1,"LevelSource":2,"StreetNameEN":null,"StreetNameTC":null,"ST_CODE":null,"FloorID":null,"BuildingID_1":null,"BuildingID_2":null,"SiteID":1503005468,"TerminalID":null,"AccessTimeID":240000043,"CreationDate":1614441600000,"ModifiedBy":"LANDSD","LastAmendmentDate":1656086400000,"Shape__Length":4.6914805440143734}},{"type":"Feature","id":355431,"geometry":{"type":"LineString","coordinates":[[114.17170300146844,22.317384444150221,6.0329000000056112],[114.17169144566417,22.317385637629314,5.9906000000046333]]},"properties":{"OBJECTID":355431,"PedestrianRouteID":240023234,"Location":1,"FeatureType":23,"AliasNameEN":"Sai Yee Street Garden","AliasNameTC":"洗衣街花園","CrossingFeature":null,"WeatherProof":2,"WheelchairBarrier":2,"WheelchairAccess":2,"ObstaclesType":null,"Gradient":0.035296630000000002,"Direction":0,"PositionCertainty":1,"Enabled":1,"DataSource":1,"LevelSource":2,"StreetNameEN":null,"StreetNameTC":null,"ST_CODE":null,"FloorID":null,"BuildingID_1":null,"BuildingID_2":null,"SiteID":1503005468,"TerminalID":null,"AccessTimeID":240000043,"CreationDate":1614441600000,"ModifiedBy":"LANDSD","LastAmendmentDate":1656086400000,"Shape__Length":1.1979170259162217}},{"type":"Feature","id":355432,"geometry":{"type":"LineString","coordinates":[[114.17166094846586,22.317452240019218,5.8099999999976717],[114.17166672682127,22.317439397791905,5.8405999999959022],[114.17167667843142,22.317433424368836,5.8828000000066822],[114.17169080238125,22.317432827894649,5.9334999999991851],[114.17170075251734,22.3174405936197,5.9597000000067055]]},"properties":{"OBJECTID":355432,"PedestrianRouteID":240023235,"Location":1,"FeatureType":23,"AliasNameEN":"Sai Yee Street Garden","AliasNameTC":"洗衣街花園","CrossingFeature":null,"WeatherProof":2,"WheelchairBarrier":2,"WheelchairAccess":2,"ObstaclesType":null,"Gradient":0.02693429,"Direction":0,"PositionCertainty":1,"Enabled":1,"DataSource":1,"LevelSource":2,"StreetNameEN":null,"StreetNameTC":null,"ST_CODE":null,"FloorID":null,"BuildingID_1":null,"BuildingID_2":null,"SiteID":1503005468,"TerminalID":null,"AccessTimeID":240000043,"CreationDate":1614441600000,"ModifiedBy":"LANDSD","LastAmendmentDate":1656086400000,"Shape__Length":5.5566267319628881}},{"type":"Feature","id":355433,"geometry":{"type":"LineString","coordinates":[[114.17172097598305,22.317429841526778,5.9798000000009779],[114.17170075251734,22.3174405936197,5.9597000000067055]]},"properties":{"OBJECTID":355433,"PedestrianRouteID":240023236,"Location":1,"FeatureType":23,"AliasNameEN":"Sai Yee Street Garden","AliasNameTC":"洗衣街花園","CrossingFeature":null,"WeatherProof":2,"WheelchairBarrier":2,"WheelchairAccess":2,"ObstaclesType":null,"Gradient":0.0083754199999999997,"Direction":0,"PositionCertainty":1,"Enabled":1,"DataSource":1,"LevelSource":2,"StreetNameEN":null,"StreetNameTC":null,"ST_CODE":null,"FloorID":null,"BuildingID_1":null,"BuildingID_2":null,"SiteID":1503005468,"TerminalID":null,"AccessTimeID":240000043,"CreationDate":1614441600000,"ModifiedBy":"LANDSD","LastAmendmentDate":1656086400000,"Shape__Length":2.3998240461240568}},{"type":"Feature","id":355441,"geometry":{"type":"LineString","coordinates":[[114.16813696234949,22.317837930649727,11.456000000005588],[114.1681380502788,22.317839508353199,14.501000000003842]]},"properties":{"OBJECTID":355441,"PedestrianRouteID":240023247,"Location":2,"FeatureType":10,"AliasNameEN":"Lift","AliasNameTC":"升降機","CrossingFeature":null,"WeatherProof":1,"WheelchairBarrier":2,"WheelchairAccess":2,"ObstaclesType":null,"Gradient":1.5027331900000001,"Direction":0,"PositionCertainty":1,"Enabled":1,"DataSource":1,"LevelSource":2,"StreetNameEN":null,"StreetNameTC":null,"ST_CODE":null,"FloorID":null,"BuildingID_1":1108235544,"BuildingID_2":null,"SiteID":null,"TerminalID":null,"AccessTimeID":290000238,"CreationDate":1614441600000,"ModifiedBy":"LANDSD","LastAmendmentDate":1646236800000,"Shape__Length":0.20757288009026187}},{"type":"Feature","id":355442,"geometry":{"type":"LineString","coordinates":[[114.16813304056816,22.317832168016068,4.3000000000029104],[114.1681338014355,22.317833332100722,8.1450000000040745]]},"properties":{"OBJECTID":355442,"PedestrianRouteID":240023248,"Location":2,"FeatureType":10,"AliasNameEN":"Lift","AliasNameTC":"升降機","CrossingFeature":null,"WeatherProof":1,"WheelchairBarrier":2,"WheelchairAccess":2,"ObstaclesType":null,"Gradient":1.53157846,"Direction":0,"PositionCertainty":1,"Enabled":1,"DataSource":1,"LevelSource":2,"StreetNameEN":null,"StreetNameTC":null,"ST_CODE":null,"FloorID":null,"BuildingID_1":1108235544,"BuildingID_2":null,"SiteID":null,"TerminalID":null,"AccessTimeID":290000238,"CreationDate":1614441600000,"ModifiedBy":"LANDSD","LastAmendmentDate":1689609600000,"Shape__Length":0.15087004411938945}},{"type":"Feature","id":355443,"geometry":{"type":"LineString","coordinates":[[114.16886757796919,22.317818086411918,1.2649999999994179],[114.16886688964657,22.317821210061311,8.1450000000040745]]},"properties":{"OBJECTID":355443,"PedestrianRouteID":240023249,"Location":2,"FeatureType":10,"AliasNameEN":"Lift","AliasNameTC":"升降機","CrossingFeature":null,"WeatherProof":1,"WheelchairBarrier":2,"WheelchairAccess":2,"ObstaclesType":null,"Gradient":1.5195198700000001,"Direction":0,"PositionCertainty":1,"Enabled":1,"DataSource":1,"LevelSource":2,"StreetNameEN":null,"StreetNameTC":null,"ST_CODE":null,"FloorID":null,"BuildingID_1":1108235214,"BuildingID_2":null,"SiteID":1503005306,"TerminalID":null,"AccessTimeID":240000135,"CreationDate":1614441600000,"ModifiedBy":"LANDSD","LastAmendmentDate":1642953600000,"Shape__Length":0.35309151698072883}},{"type":"Feature","id":355444,"geometry":{"type":"LineString","coordinates":[[114.17164426984911,22.318900281972798,11.251000000003842],[114.17164313033362,22.318901331291489,8.9510000000009313]]},"properties":{"OBJECTID":355444,"PedestrianRouteID":240023250,"Location":2,"FeatureType":10,"AliasNameEN":"Lift","AliasNameTC":"升降機","CrossingFeature":null,"WeatherProof":1,"WheelchairBarrier":2,"WheelchairAccess":2,"ObstaclesType":null,"Gradient":1.4991010199999999,"Direction":0,"PositionCertainty":1,"Enabled":1,"DataSource":1,"LevelSource":2,"StreetNameEN":null,"StreetNameTC":null,"ST_CODE":null,"FloorID":null,"BuildingID_1":1810157586,"BuildingID_2":null,"SiteID":1810037642,"TerminalID":null,"AccessTimeID":240000149,"CreationDate":1614441600000,"ModifiedBy":"LANDSD","LastAmendmentDate":1642953600000,"Shape__Length":0.16518232345197253}},{"type":"Feature","id":355445,"geometry":{"type":"LineString","coordinates":[[114.17160489149219,22.319145985132796,8.9510000000009313],[114.17160425175399,22.31914910157041,11.251000000003842]]},"properties":{"OBJECTID":355445,"PedestrianRouteID":240023251,"Location":2,"FeatureType":10,"AliasNameEN":"Lift","AliasNameTC":"升降機","CrossingFeature":null,"WeatherProof":1,"WheelchairBarrier":2,"WheelchairAccess":2,"ObstaclesType":null,"Gradient":1.41921341,"Direction":0,"PositionCertainty":1,"Enabled":1,"DataSource":1,"LevelSource":2,"StreetNameEN":null,"StreetNameTC":null,"ST_CODE":null,"FloorID":null,"BuildingID_1":1810157588,"BuildingID_2":null,"SiteID":1810037642,"TerminalID":null,"AccessTimeID":240000150,"CreationDate":1614441600000,"ModifiedBy":"LANDSD","LastAmendmentDate":1660665600000,"Shape__Length":0.35133576578655151}},{"type":"Feature","id":355476,"geometry":{"type":"LineString","coordinates":[[114.16964482303916,22.317384937650026,4.7308999999950174],[114.16975131640027,22.317403603158677,4.7890000000043074]]},"properties":{"OBJECTID":355476,"PedestrianRouteID":240023283,"Location":1,"FeatureType":30,"AliasNameEN":"Nathan Road Crossing","AliasNameTC":"彌敦道過路處","CrossingFeature":1,"WeatherProof":2,"WheelchairBarrier":2,"WheelchairAccess":2,"ObstaclesType":null,"Gradient":0.00080608000000000003,"Direction":0,"PositionCertainty":1,"Enabled":1,"DataSource":1,"LevelSource":2,"StreetNameEN":"Nathan Road","StreetNameTC":"彌敦道","ST_CODE":11504,"FloorID":null,"BuildingID_1":null,"BuildingID_2":null,"SiteID":null,"TerminalID":null,"AccessTimeID":null,"CreationDate":1614441600000,"ModifiedBy":"LANDSD","LastAmendmentDate":1689264000000,"Shape__Length":11.165087630530612}},{"type":"Feature","id":355477,"geometry":{"type":"LineString","coordinates":[[114.16975131640027,22.317403603158677,4.7890000000043074],[114.16976377177262,22.31740599319777,4.7890000000043074]]},"properties":{"OBJECTID":355477,"PedestrianRouteID":240023284,"Location":1,"FeatureType":6,"AliasNameEN":"Nathan Road Traffic Island","AliasNameTC":"彌敦道安全島","CrossingFeature":1,"WeatherProof":2,"WheelchairBarrier":2,"WheelchairAccess":2,"ObstaclesType":null,"Gradient":0,"Direction":0,"PositionCertainty":1,"Enabled":1,"DataSource":1,"LevelSource":2,"StreetNameEN":"Nathan Road","StreetNameTC":"彌敦道","ST_CODE":11504,"FloorID":null,"BuildingID_1":null,"BuildingID_2":null,"SiteID":null,"TerminalID":null,"AccessTimeID":null,"CreationDate":1614441600000,"ModifiedBy":"LANDSD","LastAmendmentDate":1656086400000,"Shape__Length":1.3102946425566664}},{"type":"Feature","id":355478,"geometry":{"type":"LineString","coordinates":[[114.16976377177262,22.31740599319777,4.7890000000043074],[114.169873944553,22.317426546180805,4.7933000000048196]]},"properties":{"OBJECTID":355478,"PedestrianRouteID":240023285,"Location":1,"FeatureType":30,"AliasNameEN":"Nathan Road Crossing","AliasNameTC":"彌敦道過路處","CrossingFeature":1,"WeatherProof":2,"WheelchairBarrier":2,"WheelchairAccess":2,"ObstaclesType":null,"Gradient":0.0074283200000000004,"Direction":0,"PositionCertainty":1,"Enabled":1,"DataSource":1,"LevelSource":2,"StreetNameEN":"Nathan Road","StreetNameTC":"彌敦道","ST_CODE":11504,"FloorID":null,"BuildingID_1":null,"BuildingID_2":null,"SiteID":null,"TerminalID":null,"AccessTimeID":null,"CreationDate":1614441600000,"ModifiedBy":"LANDSD","LastAmendmentDate":1689264000000,"Shape__Length":11.577109174241091}},{"type":"Feature","id":355479,"geometry":{"type":"LineString","coordinates":[[114.169873944553,22.317426546180805,4.7933000000048196],[114.16988395507235,22.317428085423586,4.8632999999972526]]},"properties":{"OBJECTID":355479,"PedestrianRouteID":240023286,"Location":1,"FeatureType":1,"AliasNameEN":"Nathan Road","AliasNameTC":"彌敦道","CrossingFeature":null,"WeatherProof":2,"WheelchairBarrier":2,"WheelchairAccess":2,"ObstaclesType":null,"Gradient":0.066861400000000001,"Direction":0,"PositionCertainty":1,"Enabled":1,"DataSource":1,"LevelSource":12,"StreetNameEN":"Nathan Road","StreetNameTC":"彌敦道","ST_CODE":11504,"FloorID":null,"BuildingID_1":null,"BuildingID_2":null,"SiteID":null,"TerminalID":null,"AccessTimeID":null,"CreationDate":1614441600000,"ModifiedBy":"LANDSD","LastAmendmentDate":1689264000000,"Shape__Length":1.0453813284028644}},{"type":"Feature","id":355480,"geometry":{"type":"LineString","coordinates":[[114.16964482303916,22.317384937650026,4.7308999999950174],[114.16962968401417,22.317382445436909,4.794899999993504]]},"properties":{"OBJECTID":355480,"PedestrianRouteID":240023287,"Location":1,"FeatureType":1,"AliasNameEN":"Nathan Road","AliasNameTC":"彌敦道","CrossingFeature":null,"WeatherProof":1,"WheelchairBarrier":2,"WheelchairAccess":2,"ObstaclesType":null,"Gradient":0.040381750000000001,"Direction":0,"PositionCertainty":1,"Enabled":1,"DataSource":1,"LevelSource":12,"StreetNameEN":"Nathan Road","StreetNameTC":"彌敦道","ST_CODE":11504,"FloorID":null,"BuildingID_1":null,"BuildingID_2":null,"SiteID":null,"TerminalID":null,"AccessTimeID":null,"CreationDate":1614441600000,"ModifiedBy":"LANDSD","LastAmendmentDate":1689264000000,"Shape__Length":1.5840128942478513}},{"type":"Feature","id":355481,"geometry":{"type":"LineString","coordinates":[[114.16962968401417,22.317382445436909,4.794899999993504],[114.16962066700457,22.317425971608785,4.8138999999937369]]},"properties":{"OBJECTID":355481,"PedestrianRouteID":240023288,"Location":1,"FeatureType":1,"AliasNameEN":"Nathan Road","AliasNameTC":"彌敦道","CrossingFeature":null,"WeatherProof":3,"WheelchairBarrier":2,"WheelchairAccess":2,"ObstaclesType":null,"Gradient":0.00387076,"Direction":0,"PositionCertainty":1,"Enabled":1,"DataSource":1,"LevelSource":12,"StreetNameEN":"Nathan Road","StreetNameTC":"彌敦道","ST_CODE":11504,"FloorID":null,"BuildingID_1":null,"BuildingID_2":null,"SiteID":null,"TerminalID":null,"AccessTimeID":null,"CreationDate":1614441600000,"ModifiedBy":"LANDSD","LastAmendmentDate":1689264000000,"Shape__Length":4.9085746849832024}},{"type":"Feature","id":355482,"geometry":{"type":"LineString","coordinates":[[114.16959645731239,22.317603929270835,4.9143000000040047],[114.16970446590602,22.317622786326023,4.7890000000043074]]},"properties":{"OBJECTID":355482,"PedestrianRouteID":240023289,"Location":1,"FeatureType":30,"AliasNameEN":"Nathan Road Crossing","AliasNameTC":"彌敦道過路處","CrossingFeature":1,"WeatherProof":2,"WheelchairBarrier":2,"WheelchairAccess":2,"ObstaclesType":null,"Gradient":0.01271745,"Direction":0,"PositionCertainty":1,"Enabled":1,"DataSource":1,"LevelSource":2,"StreetNameEN":"Nathan Road","StreetNameTC":"彌敦道","ST_CODE":11504,"FloorID":null,"BuildingID_1":null,"BuildingID_2":null,"SiteID":null,"TerminalID":null,"AccessTimeID":null,"CreationDate":1614441600000,"ModifiedBy":"LANDSD","LastAmendmentDate":1689264000000,"Shape__Length":11.322417350126614}},{"type":"Feature","id":355483,"geometry":{"type":"LineString","coordinates":[[114.16970446590602,22.317622786326023,4.7890000000043074],[114.16971681065637,22.317625057159944,4.995599999994738]]},"properties":{"OBJECTID":355483,"PedestrianRouteID":240023290,"Location":1,"FeatureType":6,"AliasNameEN":"Nathan Road Traffic Island","AliasNameTC":"彌敦道安全島","CrossingFeature":null,"WeatherProof":2,"WheelchairBarrier":2,"WheelchairAccess":2,"ObstaclesType":null,"Gradient":0,"Direction":0,"PositionCertainty":1,"Enabled":1,"DataSource":1,"LevelSource":2,"StreetNameEN":"Nathan Road","StreetNameTC":"彌敦道","ST_CODE":11504,"FloorID":null,"BuildingID_1":null,"BuildingID_2":null,"SiteID":null,"TerminalID":null,"AccessTimeID":null,"CreationDate":1614441600000,"ModifiedBy":"LANDSD","LastAmendmentDate":1730649600000,"Shape__Length":1.2965074502050056}},{"type":"Feature","id":355484,"geometry":{"type":"LineString","coordinates":[[114.16971681065637,22.317625057159944,4.995599999994738],[114.16981448452663,22.317643304122857,4.6653999999980442]]},"properties":{"OBJECTID":355484,"PedestrianRouteID":240023291,"Location":1,"FeatureType":30,"AliasNameEN":"Nathan Road Crossing","AliasNameTC":"彌敦道過路處","CrossingFeature":1,"WeatherProof":2,"WheelchairBarrier":2,"WheelchairAccess":2,"ObstaclesType":null,"Gradient":0.032158819999999998,"Direction":0,"PositionCertainty":1,"Enabled":1,"DataSource":1,"LevelSource":12,"StreetNameEN":"Nathan Road","StreetNameTC":"彌敦道","ST_CODE":11504,"FloorID":null,"BuildingID_1":null,"BuildingID_2":null,"SiteID":null,"TerminalID":null,"AccessTimeID":null,"CreationDate":1614441600000,"ModifiedBy":"LANDSD","LastAmendmentDate":1730649600000,"Shape__Length":10.264250399362178}},{"type":"Feature","id":355485,"geometry":{"type":"LineString","coordinates":[[114.16981448452663,22.317643304122857,4.6653999999980442],[114.16983847617907,22.317647955013108,4.8157000000064727]]},"properties":{"OBJECTID":355485,"PedestrianRouteID":240023292,"Location":1,"FeatureType":1,"AliasNameEN":"Nathan Road","AliasNameTC":"彌敦道","CrossingFeature":null,"WeatherProof":2,"WheelchairBarrier":2,"WheelchairAccess":2,"ObstaclesType":null,"Gradient":0.059455590000000003,"Direction":0,"PositionCertainty":1,"Enabled":1,"DataSource":1,"LevelSource":12,"StreetNameEN":"Nathan Road","StreetNameTC":"彌敦道","ST_CODE":11504,"FloorID":null,"BuildingID_1":null,"BuildingID_2":null,"SiteID":null,"TerminalID":null,"AccessTimeID":null,"CreationDate":1614441600000,"ModifiedBy":"LANDSD","LastAmendmentDate":1730649600000,"Shape__Length":2.5249577461894126}},{"type":"Feature","id":355486,"geometry":{"type":"LineString","coordinates":[[114.16959645731239,22.317603929270835,4.9143000000040047],[114.1695902980356,22.317602916666118,4.900500000003376]]},"properties":{"OBJECTID":355486,"PedestrianRouteID":240023293,"Location":1,"FeatureType":1,"AliasNameEN":"Nathan Road","AliasNameTC":"彌敦道","CrossingFeature":null,"WeatherProof":1,"WheelchairBarrier":2,"WheelchairAccess":2,"ObstaclesType":null,"Gradient":0.02141117,"Direction":0,"PositionCertainty":1,"Enabled":1,"DataSource":1,"LevelSource":12,"StreetNameEN":"Nathan Road","StreetNameTC":"彌敦道","ST_CODE":11504,"FloorID":null,"BuildingID_1":null,"BuildingID_2":null,"SiteID":null,"TerminalID":null,"AccessTimeID":null,"CreationDate":1614441600000,"ModifiedBy":"LANDSD","LastAmendmentDate":1689264000000,"Shape__Length":0.64442499212903237}},{"type":"Feature","id":355487,"geometry":{"type":"LineString","coordinates":[[114.16984934451708,22.317594834804389,4.7332000000023982],[114.16983847617907,22.317647955013108,4.8157000000064727]]},"properties":{"OBJECTID":355487,"PedestrianRouteID":240023294,"Location":1,"FeatureType":1,"AliasNameEN":"Nathan Road","AliasNameTC":"彌敦道","CrossingFeature":null,"WeatherProof":2,"WheelchairBarrier":2,"WheelchairAccess":2,"ObstaclesType":null,"Gradient":0.0011690299999999999,"Direction":0,"PositionCertainty":1,"Enabled":1,"DataSource":1,"LevelSource":2,"StreetNameEN":"Nathan Road","StreetNameTC":"彌敦道","ST_CODE":11504,"FloorID":null,"BuildingID_1":null,"BuildingID_2":null,"SiteID":null,"TerminalID":null,"AccessTimeID":null,"CreationDate":1614441600000,"ModifiedBy":"LANDSD","LastAmendmentDate":1730649600000,"Shape__Length":5.987882223762969}},{"type":"Feature","id":355488,"geometry":{"type":"LineString","coordinates":[[114.1695902980356,22.317602916666118,4.900500000003376],[114.16959895488718,22.317561177635834,4.6451999999990221]]},"properties":{"OBJECTID":355488,"PedestrianRouteID":240023295,"Location":1,"FeatureType":1,"AliasNameEN":"Nathan Road","AliasNameTC":"彌敦道","CrossingFeature":null,"WeatherProof":3,"WheelchairBarrier":2,"WheelchairAccess":2,"ObstaclesType":null,"Gradient":0,"Direction":0,"PositionCertainty":1,"Enabled":1,"DataSource":1,"LevelSource":2,"StreetNameEN":"Nathan Road","StreetNameTC":"彌敦道","ST_CODE":11504,"FloorID":null,"BuildingID_1":null,"BuildingID_2":null,"SiteID":null,"TerminalID":null,"AccessTimeID":null,"CreationDate":1614441600000,"ModifiedBy":"LANDSD","LastAmendmentDate":1689264000000,"Shape__Length":4.707229852544808}},{"type":"Feature","id":355560,"geometry":{"type":"LineString","coordinates":[[114.16959947423379,22.320159799996915,5.0120000000024447],[114.16959531427001,22.320159082782194,5.0120000000024447]]},"properties":{"OBJECTID":355560,"PedestrianRouteID":240023374,"Location":2,"FeatureType":1,"AliasNameEN":"  Footway","AliasNameTC":" 行人道","CrossingFeature":null,"WeatherProof":1,"WheelchairBarrier":2,"WheelchairAccess":2,"ObstaclesType":null,"Gradient":0,"Direction":0,"PositionCertainty":1,"Enabled":1,"DataSource":1,"LevelSource":2,"StreetNameEN":null,"StreetNameTC":null,"ST_CODE":null,"FloorID":null,"BuildingID_1":1108246239,"BuildingID_2":null,"SiteID":null,"TerminalID":null,"AccessTimeID":null,"CreationDate":1614441600000,"ModifiedBy":"LANDSD","LastAmendmentDate":1659974400000,"Shape__Length":0.43589255598160487}},{"type":"Feature","id":355561,"geometry":{"type":"LineString","coordinates":[[114.1694810988691,22.320136633008349,8.3230000000039581],[114.16947291870568,22.320135297012573,8.3230000000039581]]},"properties":{"OBJECTID":355561,"PedestrianRouteID":240023375,"Location":2,"FeatureType":1,"AliasNameEN":"  Footway","AliasNameTC":" 行人道","CrossingFeature":null,"WeatherProof":1,"WheelchairBarrier":2,"WheelchairAccess":2,"ObstaclesType":null,"Gradient":0,"Direction":0,"PositionCertainty":1,"Enabled":1,"DataSource":1,"LevelSource":2,"StreetNameEN":null,"StreetNameTC":null,"ST_CODE":null,"FloorID":null,"BuildingID_1":1108246239,"BuildingID_2":null,"SiteID":null,"TerminalID":null,"AccessTimeID":null,"CreationDate":1614441600000,"ModifiedBy":"LANDSD","LastAmendmentDate":1659974400000,"Shape__Length":0.8556788238842955}},{"type":"Feature","id":355564,"geometry":{"type":"LineString","coordinates":[[114.1681152906415,22.321816061415987,5.1171999999933178],[114.16811988108074,22.321793854534668,5.1171999999933178]]},"properties":{"OBJECTID":355564,"PedestrianRouteID":240023380,"Location":1,"FeatureType":1,"AliasNameEN":"Portland Street","AliasNameTC":"砵蘭街","CrossingFeature":null,"WeatherProof":2,"WheelchairBarrier":2,"WheelchairAccess":2,"ObstaclesType":null,"Gradient":0,"Direction":0,"PositionCertainty":1,"Enabled":1,"DataSource":1,"LevelSource":12,"StreetNameEN":"Portland Street","StreetNameTC":"砵蘭街","ST_CODE":11777,"FloorID":null,"BuildingID_1":null,"BuildingID_2":null,"SiteID":null,"TerminalID":null,"AccessTimeID":null,"CreationDate":1614441600000,"ModifiedBy":"LANDSD","LastAmendmentDate":1689264000000,"Shape__Length":2.5041391040464576}},{"type":"Feature","id":355565,"geometry":{"type":"LineString","coordinates":[[114.16823845015512,22.321811212240306,5.2375000000029104],[114.16823306558045,22.321836547279773,5.2136999999929685]]},"properties":{"OBJECTID":355565,"PedestrianRouteID":240023381,"Location":1,"FeatureType":1,"AliasNameEN":"Portland Street","AliasNameTC":"砵蘭街","CrossingFeature":null,"WeatherProof":2,"WheelchairBarrier":2,"WheelchairAccess":2,"ObstaclesType":null,"Gradient":0.0083220900000000007,"Direction":0,"PositionCertainty":1,"Enabled":1,"DataSource":1,"LevelSource":12,"StreetNameEN":"Portland Street","StreetNameTC":"砵蘭街","ST_CODE":11777,"FloorID":null,"BuildingID_1":null,"BuildingID_2":null,"SiteID":null,"TerminalID":null,"AccessTimeID":null,"CreationDate":1614441600000,"ModifiedBy":"LANDSD","LastAmendmentDate":1642608000000,"Shape__Length":2.8597921957638985}},{"type":"Feature","id":355587,"geometry":{"type":"LineString","coordinates":[[114.16796750470411,22.317978039301046,4.4501000000018394],[114.16795676185582,22.318030287032215,4.6076999999932013]]},"properties":{"OBJECTID":355587,"PedestrianRouteID":240023409,"Location":1,"FeatureType":1,"AliasNameEN":"Reclamation Street","AliasNameTC":"新填地街","CrossingFeature":null,"WeatherProof":2,"WheelchairBarrier":2,"WheelchairAccess":2,"ObstaclesType":null,"Gradient":0.026748299999999999,"Direction":0,"PositionCertainty":1,"Enabled":1,"DataSource":1,"LevelSource":12,"StreetNameEN":"Reclamation Street","StreetNameTC":"新填地街","ST_CODE":11810,"FloorID":null,"BuildingID_1":null,"BuildingID_2":null,"SiteID":null,"TerminalID":null,"AccessTimeID":null,"CreationDate":1614441600000,"ModifiedBy":"LANDSD","LastAmendmentDate":1689264000000,"Shape__Length":5.8905574207741109}},{"type":"Feature","id":355588,"geometry":{"type":"LineString","coordinates":[[114.16797278317357,22.318032959158401,4.3159000000014203],[114.16795676185582,22.318030287032215,4.6076999999932013]]},"properties":{"OBJECTID":355588,"PedestrianRouteID":240023410,"Location":1,"FeatureType":1,"AliasNameEN":"Reclamation Street","AliasNameTC":"新填地街","CrossingFeature":null,"WeatherProof":1,"WheelchairBarrier":2,"WheelchairAccess":2,"ObstaclesType":null,"Gradient":0.00351819,"Direction":0,"PositionCertainty":1,"Enabled":1,"DataSource":1,"LevelSource":2,"StreetNameEN":"Reclamation Street","StreetNameTC":"新填地街","ST_CODE":11810,"FloorID":null,"BuildingID_1":null,"BuildingID_2":null,"SiteID":null,"TerminalID":null,"AccessTimeID":null,"CreationDate":1614441600000,"ModifiedBy":"LANDSD","LastAmendmentDate":1689264000000,"Shape__Length":1.676993777756103}},{"type":"Feature","id":355589,"geometry":{"type":"LineString","coordinates":[[114.16820400425313,22.317764799044202,4.3000000000029104],[114.16829209947181,22.317780441086988,4.2998999999981606]]},"properties":{"OBJECTID":355589,"PedestrianRouteID":240023411,"Location":2,"FeatureType":1,"AliasNameEN":"L1","AliasNameTC":"行人道","CrossingFeature":null,"WeatherProof":1,"WheelchairBarrier":2,"WheelchairAccess":2,"ObstaclesType":null,"Gradient":0,"Direction":0,"PositionCertainty":1,"Enabled":1,"DataSource":1,"LevelSource":2,"StreetNameEN":null,"StreetNameTC":null,"ST_CODE":null,"FloorID":240000055,"BuildingID_1":1108246362,"BuildingID_2":null,"SiteID":null,"TerminalID":null,"AccessTimeID":290000238,"CreationDate":1614441600000,"ModifiedBy":"LANDSD","LastAmendmentDate":1689609600000,"Shape__Length":9.2402979459429542}},{"type":"Feature","id":355590,"geometry":{"type":"LineString","coordinates":[[114.16815902171642,22.318264015210342,11.456000000005588],[114.16816062740267,22.318258639382634,11.456000000005588]]},"properties":{"OBJECTID":355590,"PedestrianRouteID":240023412,"Location":2,"FeatureType":1,"AliasNameEN":"L3","AliasNameTC":"行人道","CrossingFeature":null,"WeatherProof":1,"WheelchairBarrier":2,"WheelchairAccess":2,"ObstaclesType":null,"Gradient":0,"Direction":0,"PositionCertainty":1,"Enabled":1,"DataSource":1,"LevelSource":2,"StreetNameEN":null,"StreetNameTC":null,"ST_CODE":null,"FloorID":240000057,"BuildingID_1":1108235544,"BuildingID_2":null,"SiteID":null,"TerminalID":null,"AccessTimeID":290000238,"CreationDate":1614441600000,"ModifiedBy":"LANDSD","LastAmendmentDate":1654099200000,"Shape__Length":0.61785050779225981}},{"type":"Feature","id":355591,"geometry":{"type":"LineString","coordinates":[[114.16867196233845,22.318466967437363,8.1450000000040745],[114.1686119600302,22.318457357659998,8.1450000000040745],[114.16857723942807,22.318451797565071,8.1450000000040745]]},"properties":{"OBJECTID":355591,"PedestrianRouteID":240023413,"Location":2,"FeatureType":1,"AliasNameEN":"L2","AliasNameTC":"二樓","CrossingFeature":null,"WeatherProof":1,"WheelchairBarrier":2,"WheelchairAccess":2,"ObstaclesType":null,"Gradient":0,"Direction":0,"PositionCertainty":1,"Enabled":1,"DataSource":1,"LevelSource":2,"StreetNameEN":null,"StreetNameTC":null,"ST_CODE":null,"FloorID":240000043,"BuildingID_1":1108235214,"BuildingID_2":null,"SiteID":1503005306,"TerminalID":null,"AccessTimeID":null,"CreationDate":1614441600000,"ModifiedBy":"LANDSD","LastAmendmentDate":1690819200000,"Shape__Length":9.9028246909256659}},{"type":"Feature","id":355592,"geometry":{"type":"LineString","coordinates":[[114.16864900032994,22.318546463514409,8.1450000000040745],[114.16863771690038,22.318551765710296,8.1450000000040745],[114.16862514643086,22.318557672890158,8.1450000000040745],[114.16861531601437,22.318562291541902,8.1450000000040745]]},"properties":{"OBJECTID":355592,"PedestrianRouteID":240023414,"Location":2,"FeatureType":1,"AliasNameEN":"L2","AliasNameTC":"二樓","CrossingFeature":null,"WeatherProof":1,"WheelchairBarrier":2,"WheelchairAccess":2,"ObstaclesType":null,"Gradient":0,"Direction":0,"PositionCertainty":1,"Enabled":1,"DataSource":1,"LevelSource":2,"StreetNameEN":null,"StreetNameTC":null,"ST_CODE":null,"FloorID":240000043,"BuildingID_1":1108235214,"BuildingID_2":null,"SiteID":1503005306,"TerminalID":null,"AccessTimeID":null,"CreationDate":1614441600000,"ModifiedBy":"LANDSD","LastAmendmentDate":1690819200000,"Shape__Length":3.8879730695166534}},{"type":"Feature","id":355593,"geometry":{"type":"LineString","coordinates":[[114.16859802220594,22.318658463794961,8.1450000000040745],[114.16860329464535,22.318655306966473,8.1450000000040745],[114.16859927675635,22.318649154218047,8.1450000000040745]]},"properties":{"OBJECTID":355593,"PedestrianRouteID":240023415,"Location":2,"FeatureType":1,"AliasNameEN":"L2","AliasNameTC":"二樓","CrossingFeature":null,"WeatherProof":1,"WheelchairBarrier":2,"WheelchairAccess":2,"ObstaclesType":null,"Gradient":0,"Direction":0,"PositionCertainty":1,"Enabled":1,"DataSource":1,"LevelSource":2,"StreetNameEN":null,"StreetNameTC":null,"ST_CODE":null,"FloorID":240000043,"BuildingID_1":1108235214,"BuildingID_2":null,"SiteID":1503005306,"TerminalID":null,"AccessTimeID":null,"CreationDate":1614441600000,"ModifiedBy":"LANDSD","LastAmendmentDate":1655049600000,"Shape__Length":1.4432008296624093}},{"type":"Feature","id":355594,"geometry":{"type":"LineString","coordinates":[[114.16843546985277,22.318667799417721,1.2649999999994179],[114.16844489670341,22.318643802001844,1.2649999999994179]]},"properties":{"OBJECTID":355594,"PedestrianRouteID":240023416,"Location":2,"FeatureType":1,"AliasNameEN":"B2","AliasNameTC":"地庫二層","CrossingFeature":null,"WeatherProof":1,"WheelchairBarrier":2,"WheelchairAccess":2,"ObstaclesType":null,"Gradient":0,"Direction":0,"PositionCertainty":1,"Enabled":1,"DataSource":1,"LevelSource":2,"StreetNameEN":null,"StreetNameTC":null,"ST_CODE":null,"FloorID":240000040,"BuildingID_1":1108235214,"BuildingID_2":null,"SiteID":1503005306,"TerminalID":null,"AccessTimeID":null,"CreationDate":1614441600000,"ModifiedBy":"LANDSD","LastAmendmentDate":1655049600000,"Shape__Length":2.8292772868451541}},{"type":"Feature","id":355595,"geometry":{"type":"LineString","coordinates":[[114.16839065870134,22.318682244237724,4.9109999999927823],[114.16839797687828,22.318683677773908,4.9109999999927823],[114.16839941959948,22.318676658367313,4.9109999999927823]]},"properties":{"OBJECTID":355595,"PedestrianRouteID":240023417,"Location":2,"FeatureType":1,"AliasNameEN":"L1","AliasNameTC":"一樓","CrossingFeature":null,"WeatherProof":1,"WheelchairBarrier":2,"WheelchairAccess":2,"ObstaclesType":null,"Gradient":0,"Direction":0,"PositionCertainty":1,"Enabled":1,"DataSource":1,"LevelSource":2,"StreetNameEN":null,"StreetNameTC":null,"ST_CODE":null,"FloorID":240000042,"BuildingID_1":1108235214,"BuildingID_2":null,"SiteID":1503005306,"TerminalID":null,"AccessTimeID":null,"CreationDate":1614441600000,"ModifiedBy":"LANDSD","LastAmendmentDate":1655049600000,"Shape__Length":1.5618972095733232}},{"type":"Feature","id":355596,"geometry":{"type":"LineString","coordinates":[[114.17170986975655,22.318995495425909,5.612699999997858],[114.17174309225418,22.318833901199373,5.5791999999928521]]},"properties":{"OBJECTID":355596,"PedestrianRouteID":240023421,"Location":1,"FeatureType":1,"AliasNameEN":"Sai Yee Street","AliasNameTC":"洗衣街","CrossingFeature":null,"WeatherProof":2,"WheelchairBarrier":2,"WheelchairAccess":2,"ObstaclesType":null,"Gradient":0.0018387900000000001,"Direction":0,"PositionCertainty":1,"Enabled":1,"DataSource":1,"LevelSource":12,"StreetNameEN":"Sai Yee Street","StreetNameTC":"洗衣街","ST_CODE":11861,"FloorID":null,"BuildingID_1":null,"BuildingID_2":null,"SiteID":null,"TerminalID":null,"AccessTimeID":null,"CreationDate":1614441600000,"ModifiedBy":"LANDSD","LastAmendmentDate":1764432000000,"Shape__Length":18.218521646040809}},{"type":"Feature","id":355597,"geometry":{"type":"LineString","coordinates":[[114.17146636393572,22.318799203959752,5.353000000002794],[114.17147725390222,22.318750499611024,5.4153999999980442]]},"properties":{"OBJECTID":355597,"PedestrianRouteID":240023422,"Location":1,"FeatureType":1,"AliasNameEN":"Nelson Street","AliasNameTC":"奶路臣街","CrossingFeature":null,"WeatherProof":1,"WheelchairBarrier":2,"WheelchairAccess":2,"ObstaclesType":null,"Gradient":0,"Direction":0,"PositionCertainty":1,"Enabled":1,"DataSource":1,"LevelSource":2,"StreetNameEN":"Nelson Street","StreetNameTC":"奶路臣街","ST_CODE":11506,"FloorID":null,"BuildingID_1":null,"BuildingID_2":null,"SiteID":1810037642,"TerminalID":null,"AccessTimeID":null,"CreationDate":1614441600000,"ModifiedBy":"LANDSD","LastAmendmentDate":1764432000000,"Shape__Length":5.5087312637208417}},{"type":"Feature","id":355598,"geometry":{"type":"LineString","coordinates":[[114.17138433270297,22.318815121261505,5.3509999999951106],[114.17138029796253,22.318789761408862,5.3509999999951106]]},"properties":{"OBJECTID":355598,"PedestrianRouteID":240023423,"Location":1,"FeatureType":1,"AliasNameEN":"Skypark","AliasNameTC":"行人道","CrossingFeature":null,"WeatherProof":1,"WheelchairBarrier":2,"WheelchairAccess":2,"ObstaclesType":null,"Gradient":0,"Direction":0,"PositionCertainty":1,"Enabled":1,"DataSource":1,"LevelSource":2,"StreetNameEN":null,"StreetNameTC":null,"ST_CODE":null,"FloorID":null,"BuildingID_1":null,"BuildingID_2":null,"SiteID":1810037642,"TerminalID":null,"AccessTimeID":null,"CreationDate":1614441600000,"ModifiedBy":"LANDSD","LastAmendmentDate":1656172800000,"Shape__Length":2.8388161051493217}},{"type":"Feature","id":355599,"geometry":{"type":"LineString","coordinates":[[114.1714803525613,22.318736641362005,5.3693000000057509],[114.1713463700377,22.31871234910048,5.4210000000020955]]},"properties":{"OBJECTID":355599,"PedestrianRouteID":240023424,"Location":1,"FeatureType":1,"AliasNameEN":"Nelson Street","AliasNameTC":"奶路臣街","CrossingFeature":null,"WeatherProof":2,"WheelchairBarrier":2,"WheelchairAccess":2,"ObstaclesType":null,"Gradient":0.00367607,"Direction":0,"PositionCertainty":1,"Enabled":1,"DataSource":1,"LevelSource":12,"StreetNameEN":"Nelson Street","StreetNameTC":"奶路臣街","ST_CODE":11506,"FloorID":null,"BuildingID_1":null,"BuildingID_2":null,"SiteID":null,"TerminalID":null,"AccessTimeID":null,"CreationDate":1614441600000,"ModifiedBy":"LANDSD","LastAmendmentDate":1689264000000,"Shape__Length":14.063858245184804}},{"type":"Feature","id":355703,"geometry":{"type":"LineString","coordinates":[[114.16817368750208,22.318119352172335,14.501000000003842],[114.16817111247026,22.318136088437974,14.501000000003842],[114.16816597696894,22.318169475179168,14.501000000003842],[114.16821620931981,22.318176812505246,14.501000000003842]]},"properties":{"OBJECTID":355703,"PedestrianRouteID":240023565,"Location":2,"FeatureType":1,"AliasNameEN":"Mong Kok Complex L4","AliasNameTC":"旺角綜合大樓","CrossingFeature":null,"WeatherProof":1,"WheelchairBarrier":2,"WheelchairAccess":2,"ObstaclesType":null,"Gradient":0,"Direction":0,"PositionCertainty":1,"Enabled":1,"DataSource":1,"LevelSource":2,"StreetNameEN":null,"StreetNameTC":null,"ST_CODE":null,"FloorID":240000058,"BuildingID_1":1108246362,"BuildingID_2":null,"SiteID":null,"TerminalID":null,"AccessTimeID":290000238,"CreationDate":1614441600000,"ModifiedBy":"LANDSD","LastAmendmentDate":1764259200000,"Shape__Length":10.845760834860867}},{"type":"Feature","id":355704,"geometry":{"type":"LineString","coordinates":[[114.16818122810886,22.318070332694578,14.501000000003842],[114.16817368750208,22.318119352172335,14.501000000003842]]},"properties":{"OBJECTID":355704,"PedestrianRouteID":240023566,"Location":2,"FeatureType":1,"AliasNameEN":"L4","AliasNameTC":"行人道","CrossingFeature":null,"WeatherProof":1,"WheelchairBarrier":2,"WheelchairAccess":2,"ObstaclesType":null,"Gradient":0,"Direction":0,"PositionCertainty":1,"Enabled":1,"DataSource":1,"LevelSource":2,"StreetNameEN":null,"StreetNameTC":null,"ST_CODE":null,"FloorID":240000058,"BuildingID_1":1108235544,"BuildingID_2":null,"SiteID":null,"TerminalID":1511000412,"AccessTimeID":290000238,"CreationDate":1614441600000,"ModifiedBy":"LANDSD","LastAmendmentDate":1654099200000,"Shape__Length":5.483471784411349}},{"type":"Feature","id":355705,"geometry":{"type":"LineString","coordinates":[[114.16816062740267,22.318258639382634,11.456000000005588],[114.16816220599907,22.31825185839277,11.456000000005588],[114.16816900289393,22.318222657421892,11.456000000005588],[114.16814598460384,22.31821954695668,11.456000000005588],[114.16814118896509,22.318218899206048,11.456000000005588],[114.16815566423254,22.318126157569207,11.456000000005588]]},"properties":{"OBJECTID":355705,"PedestrianRouteID":240023567,"Location":2,"FeatureType":1,"AliasNameEN":"L3","AliasNameTC":"行人道","CrossingFeature":null,"WeatherProof":1,"WheelchairBarrier":2,"WheelchairAccess":2,"ObstaclesType":null,"Gradient":0,"Direction":0,"PositionCertainty":1,"Enabled":1,"DataSource":1,"LevelSource":2,"StreetNameEN":null,"StreetNameTC":null,"ST_CODE":null,"FloorID":240000057,"BuildingID_1":1108235544,"BuildingID_2":null,"SiteID":null,"TerminalID":null,"AccessTimeID":290000238,"CreationDate":1614441600000,"ModifiedBy":"LANDSD","LastAmendmentDate":1690819200000,"Shape__Length":17.350001417508938}},{"type":"Feature","id":355706,"geometry":{"type":"LineString","coordinates":[[114.16815566423254,22.318126157569207,11.456000000005588],[114.16816489138043,22.318067036557988,11.456000000005588]]},"properties":{"OBJECTID":355706,"PedestrianRouteID":240023568,"Location":2,"FeatureType":1,"AliasNameEN":"L3","AliasNameTC":"行人道","CrossingFeature":null,"WeatherProof":1,"WheelchairBarrier":2,"WheelchairAccess":2,"ObstaclesType":null,"Gradient":0,"Direction":0,"PositionCertainty":1,"Enabled":1,"DataSource":1,"LevelSource":2,"StreetNameEN":null,"StreetNameTC":null,"ST_CODE":null,"FloorID":240000057,"BuildingID_1":1108235544,"BuildingID_2":null,"SiteID":null,"TerminalID":1511000412,"AccessTimeID":290000238,"CreationDate":1614441600000,"ModifiedBy":"LANDSD","LastAmendmentDate":1654099200000,"Shape__Length":6.6154108197852795}},{"type":"Feature","id":355707,"geometry":{"type":"LineString","coordinates":[[114.16810265183972,22.317951906668267,8.1450000000040745],[114.16809885179028,22.317970756929686,8.1450000000040745],[114.16808512927298,22.318038829725143,8.1450000000040745],[114.16808230690272,22.318052830608718,8.1450000000040745]]},"properties":{"OBJECTID":355707,"PedestrianRouteID":240023569,"Location":2,"FeatureType":1,"AliasNameEN":"L2","AliasNameTC":"行人道","CrossingFeature":null,"WeatherProof":1,"WheelchairBarrier":2,"WheelchairAccess":2,"ObstaclesType":null,"Gradient":0,"Direction":0,"PositionCertainty":1,"Enabled":1,"DataSource":1,"LevelSource":2,"StreetNameEN":null,"StreetNameTC":null,"ST_CODE":null,"FloorID":240000056,"BuildingID_1":1108235544,"BuildingID_2":null,"SiteID":null,"TerminalID":null,"AccessTimeID":290000238,"CreationDate":1614441600000,"ModifiedBy":"LANDSD","LastAmendmentDate":1690819200000,"Shape__Length":11.370657898391618}},{"type":"Feature","id":355708,"geometry":{"type":"LineString","coordinates":[[114.16812312566752,22.318244891903632,8.1450000000040745],[114.16814003216921,22.318247899998934,8.1450000000040745],[114.16815337179648,22.318250273953826,8.1450000000040745],[114.16816220599907,22.31825185839277,8.1450000000040745],[114.16819759910499,22.318258206080422,8.1450000000040745]]},"properties":{"OBJECTID":355708,"PedestrianRouteID":240023570,"Location":2,"FeatureType":1,"AliasNameEN":"L2","AliasNameTC":"行人道","CrossingFeature":null,"WeatherProof":1,"WheelchairBarrier":2,"WheelchairAccess":2,"ObstaclesType":null,"Gradient":0,"Direction":0,"PositionCertainty":1,"Enabled":1,"DataSource":1,"LevelSource":2,"StreetNameEN":null,"StreetNameTC":null,"ST_CODE":null,"FloorID":240000056,"BuildingID_1":1108235544,"BuildingID_2":null,"SiteID":null,"TerminalID":null,"AccessTimeID":290000238,"CreationDate":1614441600000,"ModifiedBy":"LANDSD","LastAmendmentDate":1690819200000,"Shape__Length":7.8133780252056351}},{"type":"Feature","id":406723,"geometry":{"type":"LineString","coordinates":[[114.16863994447627,22.320879355373528,4.9581000000034692],[114.16857977135093,22.320868586050068,4.9192999999941094]]},"properties":{"OBJECTID":406723,"PedestrianRouteID":240007109,"Location":1,"FeatureType":1,"AliasNameEN":"Mong Kok Road","AliasNameTC":"旺角道","CrossingFeature":null,"WeatherProof":3,"WheelchairBarrier":2,"WheelchairAccess":2,"ObstaclesType":null,"Gradient":0.00614578,"Direction":0,"PositionCertainty":1,"Enabled":1,"DataSource":1,"LevelSource":12,"StreetNameEN":"Mong Kok Road","StreetNameTC":"旺角道","ST_CODE":11454,"FloorID":null,"BuildingID_1":null,"BuildingID_2":null,"SiteID":null,"TerminalID":null,"AccessTimeID":null,"CreationDate":1614441600000,"ModifiedBy":"LANDSD","LastAmendmentDate":1764518400000,"Shape__Length":6.3131910313180812}},{"type":"Feature","id":406724,"geometry":{"type":"LineString","coordinates":[[114.16849118432474,22.320602523996751,4.8571999999985565],[114.16862425292672,22.320625961562765,4.7976000000053318]]},"properties":{"OBJECTID":406724,"PedestrianRouteID":240007369,"Location":1,"FeatureType":1,"AliasNameEN":"Mong Kok Road","AliasNameTC":"旺角道","CrossingFeature":null,"WeatherProof":3,"WheelchairBarrier":2,"WheelchairAccess":2,"ObstaclesType":null,"Gradient":0.0042713500000000001,"Direction":0,"PositionCertainty":1,"Enabled":1,"DataSource":1,"LevelSource":12,"StreetNameEN":"Mong Kok Road","StreetNameTC":"旺角道","ST_CODE":11454,"FloorID":null,"BuildingID_1":null,"BuildingID_2":null,"SiteID":null,"TerminalID":null,"AccessTimeID":null,"CreationDate":1614441600000,"ModifiedBy":"LANDSD","LastAmendmentDate":1764518400000,"Shape__Length":13.953352613487503}},{"type":"Feature","id":406725,"geometry":{"type":"LineString","coordinates":[[114.16857977135093,22.320868586050068,4.9192999999941094],[114.16855175022164,22.320863570836675,4.9045999999943888]]},"properties":{"OBJECTID":406725,"PedestrianRouteID":290004576,"Location":1,"FeatureType":1,"AliasNameEN":"Mong Kok Road","AliasNameTC":"旺角道","CrossingFeature":null,"WeatherProof":3,"WheelchairBarrier":2,"WheelchairAccess":2,"ObstaclesType":null,"Gradient":0.0050001300000000002,"Direction":0,"PositionCertainty":1,"Enabled":1,"DataSource":1,"LevelSource":12,"StreetNameEN":"Mong Kok Road","StreetNameTC":"旺角道","ST_CODE":11454,"FloorID":null,"BuildingID_1":null,"BuildingID_2":null,"SiteID":null,"TerminalID":null,"AccessTimeID":null,"CreationDate":1636473600000,"ModifiedBy":"LANDSD","LastAmendmentDate":1764518400000,"Shape__Length":2.9399006853793712}},{"type":"Feature","id":406726,"geometry":{"type":"LineString","coordinates":[[114.16862425292672,22.320625961562765,4.7976000000053318],[114.1686844444027,22.320636562901907,4.9202999999979511]]},"properties":{"OBJECTID":406726,"PedestrianRouteID":290004577,"Location":1,"FeatureType":1,"AliasNameEN":"Mong Kok Road","AliasNameTC":"旺角道","CrossingFeature":null,"WeatherProof":3,"WheelchairBarrier":2,"WheelchairAccess":2,"ObstaclesType":null,"Gradient":0.019438029999999999,"Direction":0,"PositionCertainty":1,"Enabled":1,"DataSource":1,"LevelSource":12,"StreetNameEN":"Mong Kok Road","StreetNameTC":"旺角道","ST_CODE":11454,"FloorID":null,"BuildingID_1":null,"BuildingID_2":null,"SiteID":null,"TerminalID":null,"AccessTimeID":null,"CreationDate":1636473600000,"ModifiedBy":"LANDSD","LastAmendmentDate":1764518400000,"Shape__Length":6.3115718497016831}},{"type":"Feature","id":410060,"geometry":{"type":"LineString","coordinates":[[114.16884535827933,22.320907536553875,4.8889000000053784],[114.1688496795789,22.320887725452376,4.7350000000005821]]},"properties":{"OBJECTID":410060,"PedestrianRouteID":999001871,"Location":1,"FeatureType":1,"AliasNameEN":"Mong Kok Road","AliasNameTC":"旺角道","CrossingFeature":null,"WeatherProof":1,"WheelchairBarrier":2,"WheelchairAccess":2,"ObstaclesType":null,"Gradient":0.077183230000000005,"Direction":0,"PositionCertainty":1,"Enabled":1,"DataSource":1,"LevelSource":12,"StreetNameEN":"Mong Kok Road","StreetNameTC":"旺角道","ST_CODE":11454,"FloorID":null,"BuildingID_1":null,"BuildingID_2":null,"SiteID":null,"TerminalID":null,"AccessTimeID":null,"CreationDate":1614441600000,"ModifiedBy":"LANDSD","LastAmendmentDate":1764259200000,"Shape__Length":2.2384978096975283}},{"type":"Feature","id":410061,"geometry":{"type":"LineString","coordinates":[[114.1688605590348,22.320837850926839,4.9777999999932945],[114.16888298878641,22.320735025182554,4.8818000000028405]]},"properties":{"OBJECTID":410061,"PedestrianRouteID":999001872,"Location":1,"FeatureType":30,"AliasNameEN":"Mong Kok Road Crossing","AliasNameTC":"旺角道過路處","CrossingFeature":1,"WeatherProof":1,"WheelchairBarrier":2,"WheelchairAccess":2,"ObstaclesType":null,"Gradient":0.0079289600000000005,"Direction":0,"PositionCertainty":1,"Enabled":1,"DataSource":1,"LevelSource":12,"StreetNameEN":"Mong Kok Road","StreetNameTC":"旺角道","ST_CODE":11454,"FloorID":null,"BuildingID_1":null,"BuildingID_2":null,"SiteID":null,"TerminalID":null,"AccessTimeID":null,"CreationDate":1614441600000,"ModifiedBy":"LANDSD","LastAmendmentDate":1764259200000,"Shape__Length":11.618514034151403}},{"type":"Feature","id":410062,"geometry":{"type":"LineString","coordinates":[[114.1688496795789,22.320887725452376,4.7350000000005821],[114.16885603191606,22.320858604812535,4.9210000000020955]]},"properties":{"OBJECTID":410062,"PedestrianRouteID":999001873,"Location":1,"FeatureType":1,"AliasNameEN":"Mong Kok Road","AliasNameTC":"旺角道","CrossingFeature":null,"WeatherProof":1,"WheelchairBarrier":2,"WheelchairAccess":2,"ObstaclesType":null,"Gradient":0.05251082,"Direction":0,"PositionCertainty":1,"Enabled":1,"DataSource":1,"LevelSource":12,"StreetNameEN":"Mong Kok Road","StreetNameTC":"旺角道","ST_CODE":11454,"FloorID":null,"BuildingID_1":null,"BuildingID_2":null,"SiteID":null,"TerminalID":null,"AccessTimeID":null,"CreationDate":1614441600000,"ModifiedBy":"LANDSD","LastAmendmentDate":1764259200000,"Shape__Length":3.2904100932198008}},{"type":"Feature","id":410063,"geometry":{"type":"LineString","coordinates":[[114.16885603191606,22.320858604812535,4.9210000000020955],[114.1688605590348,22.320837850926839,4.9777999999932945]]},"properties":{"OBJECTID":410063,"PedestrianRouteID":999001874,"Location":1,"FeatureType":6,"AliasNameEN":"Mong Kok Road Traffic Island","AliasNameTC":"旺角道安全島","CrossingFeature":null,"WeatherProof":1,"WheelchairBarrier":2,"WheelchairAccess":2,"ObstaclesType":null,"Gradient":0.024216720000000001,"Direction":0,"PositionCertainty":1,"Enabled":1,"DataSource":1,"LevelSource":12,"StreetNameEN":"Mong Kok Road","StreetNameTC":"旺角道","ST_CODE":11454,"FloorID":null,"BuildingID_1":null,"BuildingID_2":null,"SiteID":null,"TerminalID":null,"AccessTimeID":null,"CreationDate":1614441600000,"ModifiedBy":"LANDSD","LastAmendmentDate":1764259200000,"Shape__Length":2.3450285563068913}},{"type":"Feature","id":413698,"geometry":{"type":"LineString","coordinates":[[114.16922589145956,22.320839718841402,10.304000000003725],[114.16884940150365,22.32077670694331,10.304000000003725]]},"properties":{"OBJECTID":413698,"PedestrianRouteID":290002922,"Location":1,"FeatureType":2,"AliasNameEN":"Mong Kok Road Footbridge","AliasNameTC":"旺角道天橋","CrossingFeature":null,"WeatherProof":1,"WheelchairBarrier":2,"WheelchairAccess":2,"ObstaclesType":null,"Gradient":0,"Direction":0,"PositionCertainty":1,"Enabled":1,"DataSource":1,"LevelSource":12,"StreetNameEN":"Mong Kok Road","StreetNameTC":"旺角道","ST_CODE":11454,"FloorID":null,"BuildingID_1":null,"BuildingID_2":null,"SiteID":null,"TerminalID":null,"AccessTimeID":null,"CreationDate":1636473600000,"ModifiedBy":"LANDSD","LastAmendmentDate":1766073600000,"Shape__Length":39.411728021150012}},{"type":"Feature","id":413699,"geometry":{"type":"LineString","coordinates":[[114.16884940150365,22.32077670694331,10.304000000003725],[114.16883062290945,22.320866630854752,10.304000000003725]]},"properties":{"OBJECTID":413699,"PedestrianRouteID":290002923,"Location":1,"FeatureType":2,"AliasNameEN":"Mong Kok Road Footbridge","AliasNameTC":"旺角道天橋","CrossingFeature":null,"WeatherProof":1,"WheelchairBarrier":2,"WheelchairAccess":2,"ObstaclesType":null,"Gradient":0,"Direction":0,"PositionCertainty":1,"Enabled":1,"DataSource":1,"LevelSource":12,"StreetNameEN":"Mong Kok Road","StreetNameTC":"旺角道","ST_CODE":11454,"FloorID":null,"BuildingID_1":null,"BuildingID_2":null,"SiteID":null,"TerminalID":null,"AccessTimeID":null,"CreationDate":1636473600000,"ModifiedBy":"LANDSD","LastAmendmentDate":1764259200000,"Shape__Length":10.143910018381316}},{"type":"Feature","id":413700,"geometry":{"type":"LineString","coordinates":[[114.16884940150365,22.32077670694331,10.304000000003725],[114.16886191902064,22.320715256180584,10.304000000003725]]},"properties":{"OBJECTID":413700,"PedestrianRouteID":290002924,"Location":1,"FeatureType":2,"AliasNameEN":"Mong Kok Road Footbridge","AliasNameTC":"旺角道天橋","CrossingFeature":null,"WeatherProof":1,"WheelchairBarrier":2,"WheelchairAccess":2,"ObstaclesType":null,"Gradient":0,"Direction":0,"PositionCertainty":1,"Enabled":1,"DataSource":1,"LevelSource":12,"StreetNameEN":"Mong Kok Road","StreetNameTC":"旺角道","ST_CODE":11454,"FloorID":null,"BuildingID_1":null,"BuildingID_2":null,"SiteID":null,"TerminalID":null,"AccessTimeID":null,"CreationDate":1636473600000,"ModifiedBy":"LANDSD","LastAmendmentDate":1764259200000,"Shape__Length":6.925864388574694}},{"type":"Feature","id":413701,"geometry":{"type":"LineString","coordinates":[[114.1685821524636,22.320848434403512,4.9861999999993714],[114.16882573748084,22.320890023461043,10.304000000003725]]},"properties":{"OBJECTID":413701,"PedestrianRouteID":290002928,"Location":1,"FeatureType":8,"AliasNameEN":"Mong Kok Road Escalator","AliasNameTC":"旺角道扶手電梯","CrossingFeature":null,"WeatherProof":1,"WheelchairBarrier":1,"WheelchairAccess":2,"ObstaclesType":null,"Gradient":0.20547541999999999,"Direction":0,"PositionCertainty":1,"Enabled":1,"DataSource":1,"LevelSource":12,"StreetNameEN":"MONG KOK ROAD","StreetNameTC":"旺角道","ST_CODE":11454,"FloorID":null,"BuildingID_1":null,"BuildingID_2":null,"SiteID":null,"TerminalID":null,"AccessTimeID":null,"CreationDate":1636473600000,"ModifiedBy":"LANDSD","LastAmendmentDate":1764259200000,"Shape__Length":25.515213284830395}},{"type":"Feature","id":413702,"geometry":{"type":"LineString","coordinates":[[114.16886517728204,22.320699260451441,10.304000000003725],[114.16861721238432,22.320655224842856,4.8932999999960884]]},"properties":{"OBJECTID":413702,"PedestrianRouteID":290002929,"Location":1,"FeatureType":8,"AliasNameEN":"Mong Kok Road Escalator","AliasNameTC":"旺角道扶手電梯","CrossingFeature":null,"WeatherProof":1,"WheelchairBarrier":1,"WheelchairAccess":2,"ObstaclesType":null,"Gradient":0.20510914,"Direction":0,"PositionCertainty":1,"Enabled":1,"DataSource":1,"LevelSource":12,"StreetNameEN":"MONG KOK ROAD","StreetNameTC":"旺角道","ST_CODE":11454,"FloorID":null,"BuildingID_1":null,"BuildingID_2":null,"SiteID":null,"TerminalID":null,"AccessTimeID":null,"CreationDate":1636473600000,"ModifiedBy":"LANDSD","LastAmendmentDate":1658246400000,"Shape__Length":26.008645203113289}},{"type":"Feature","id":413703,"geometry":{"type":"LineString","coordinates":[[114.16858916357474,22.320824792668152,10.304000000003725],[114.16883062290945,22.320866630854752,4.8436999999976251]]},"properties":{"OBJECTID":413703,"PedestrianRouteID":290002930,"Location":1,"FeatureType":12,"AliasNameEN":"Mong Kok Road Staircase","AliasNameTC":"旺角道樓梯","CrossingFeature":null,"WeatherProof":1,"WheelchairBarrier":1,"WheelchairAccess":2,"ObstaclesType":null,"Gradient":0.21252209999999999,"Direction":0,"PositionCertainty":1,"Enabled":1,"DataSource":1,"LevelSource":12,"StreetNameEN":"MONG KOK ROAD","StreetNameTC":"旺角道","ST_CODE":11454,"FloorID":null,"BuildingID_1":null,"BuildingID_2":null,"SiteID":null,"TerminalID":null,"AccessTimeID":null,"CreationDate":1636473600000,"ModifiedBy":"LANDSD","LastAmendmentDate":1658246400000,"Shape__Length":25.304875999469139}},{"type":"Feature","id":413704,"geometry":{"type":"LineString","coordinates":[[114.16883062290945,22.320866630854752,10.304000000003725],[114.16882573748084,22.320890023461043,10.304000000003725]]},"properties":{"OBJECTID":413704,"PedestrianRouteID":290002931,"Location":1,"FeatureType":2,"AliasNameEN":"Mong Kok Road Footbridge","AliasNameTC":"旺角道天橋","CrossingFeature":null,"WeatherProof":1,"WheelchairBarrier":2,"WheelchairAccess":2,"ObstaclesType":null,"Gradient":0,"Direction":0,"PositionCertainty":1,"Enabled":1,"DataSource":1,"LevelSource":12,"StreetNameEN":"MONG KOK ROAD","StreetNameTC":"旺角道","ST_CODE":11454,"FloorID":null,"BuildingID_1":null,"BuildingID_2":null,"SiteID":null,"TerminalID":null,"AccessTimeID":null,"CreationDate":1636473600000,"ModifiedBy":"LANDSD","LastAmendmentDate":1764259200000,"Shape__Length":2.6388221625396886}},{"type":"Feature","id":413705,"geometry":{"type":"LineString","coordinates":[[114.1686128302117,22.32066989933438,10.304000000003725],[114.16886191902064,22.320715256180584,4.8466999999945983]]},"properties":{"OBJECTID":413705,"PedestrianRouteID":290002932,"Location":1,"FeatureType":12,"AliasNameEN":"Mong Kok Road Staircase","AliasNameTC":"旺角道樓梯","CrossingFeature":null,"WeatherProof":1,"WheelchairBarrier":1,"WheelchairAccess":2,"ObstaclesType":null,"Gradient":0.20573851000000001,"Direction":0,"PositionCertainty":1,"Enabled":1,"DataSource":1,"LevelSource":12,"StreetNameEN":"MONG KOK ROAD","StreetNameTC":"旺角道","ST_CODE":11454,"FloorID":null,"BuildingID_1":null,"BuildingID_2":null,"SiteID":null,"TerminalID":null,"AccessTimeID":null,"CreationDate":1636473600000,"ModifiedBy":"LANDSD","LastAmendmentDate":1658246400000,"Shape__Length":26.150099076136264}},{"type":"Feature","id":413706,"geometry":{"type":"LineString","coordinates":[[114.16886191902064,22.320715256180584,10.304000000003725],[114.16886517728204,22.320699260451441,10.304000000003725]]},"properties":{"OBJECTID":413706,"PedestrianRouteID":290002933,"Location":1,"FeatureType":2,"AliasNameEN":"Mong Kok Road Footbridge","AliasNameTC":"旺角道天橋","CrossingFeature":null,"WeatherProof":1,"WheelchairBarrier":2,"WheelchairAccess":2,"ObstaclesType":null,"Gradient":0,"Direction":0,"PositionCertainty":1,"Enabled":1,"DataSource":1,"LevelSource":12,"StreetNameEN":"MONG KOK ROAD","StreetNameTC":"旺角道","ST_CODE":11454,"FloorID":null,"BuildingID_1":null,"BuildingID_2":null,"SiteID":null,"TerminalID":null,"AccessTimeID":null,"CreationDate":1636473600000,"ModifiedBy":"LANDSD","LastAmendmentDate":1658246400000,"Shape__Length":1.8028119852972271}},{"type":"Feature","id":413707,"geometry":{"type":"LineString","coordinates":[[114.16857977135093,22.320868586050068,4.9192999999941094],[114.1685821524636,22.320848434403512,4.9861999999993714]]},"properties":{"OBJECTID":413707,"PedestrianRouteID":290002934,"Location":1,"FeatureType":1,"AliasNameEN":"Mong Kok Road","AliasNameTC":"旺角道","CrossingFeature":null,"WeatherProof":1,"WheelchairBarrier":2,"WheelchairAccess":2,"ObstaclesType":null,"Gradient":0.029791649999999999,"Direction":0,"PositionCertainty":1,"Enabled":1,"DataSource":1,"LevelSource":12,"StreetNameEN":"Mong Kok Road","StreetNameTC":"旺角道","ST_CODE":11454,"FloorID":null,"BuildingID_1":null,"BuildingID_2":null,"SiteID":null,"TerminalID":null,"AccessTimeID":null,"CreationDate":1636473600000,"ModifiedBy":"LANDSD","LastAmendmentDate":1764518400000,"Shape__Length":2.2449310209501165}},{"type":"Feature","id":413708,"geometry":{"type":"LineString","coordinates":[[114.1685821524636,22.320848434403512,4.9861999999993714],[114.16858916357474,22.320824792668152,5.0225999999966007]]},"properties":{"OBJECTID":413708,"PedestrianRouteID":290002935,"Location":1,"FeatureType":1,"AliasNameEN":"Mong Kok Road","AliasNameTC":"旺角道","CrossingFeature":null,"WeatherProof":1,"WheelchairBarrier":2,"WheelchairAccess":2,"ObstaclesType":null,"Gradient":0.013402310000000001,"Direction":0,"PositionCertainty":1,"Enabled":1,"DataSource":1,"LevelSource":12,"StreetNameEN":"Mong Kok Road","StreetNameTC":"旺角道","ST_CODE":11454,"FloorID":null,"BuildingID_1":null,"BuildingID_2":null,"SiteID":null,"TerminalID":null,"AccessTimeID":null,"CreationDate":1636473600000,"ModifiedBy":"LANDSD","LastAmendmentDate":1764518400000,"Shape__Length":2.7157865975350868}},{"type":"Feature","id":413709,"geometry":{"type":"LineString","coordinates":[[114.1686128302117,22.32066989933438,4.9860000000044238],[114.16861721238432,22.320655224842856,4.8932999999960884]]},"properties":{"OBJECTID":413709,"PedestrianRouteID":290002936,"Location":1,"FeatureType":1,"AliasNameEN":"Mong Kok Road","AliasNameTC":"旺角道","CrossingFeature":null,"WeatherProof":1,"WheelchairBarrier":2,"WheelchairAccess":2,"ObstaclesType":null,"Gradient":0.054909640000000003,"Direction":0,"PositionCertainty":1,"Enabled":1,"DataSource":1,"LevelSource":12,"StreetNameEN":"Mong Kok Road","StreetNameTC":"旺角道","ST_CODE":11454,"FloorID":null,"BuildingID_1":null,"BuildingID_2":null,"SiteID":null,"TerminalID":null,"AccessTimeID":null,"CreationDate":1636473600000,"ModifiedBy":"LANDSD","LastAmendmentDate":1764518400000,"Shape__Length":1.6865310434568028}},{"type":"Feature","id":413710,"geometry":{"type":"LineString","coordinates":[[114.16861721238432,22.320655224842856,4.8932999999960884],[114.16862425292672,22.320625961562765,4.7976000000053318]]},"properties":{"OBJECTID":413710,"PedestrianRouteID":290002937,"Location":1,"FeatureType":1,"AliasNameEN":"Mong Kok Road","AliasNameTC":"旺角道","CrossingFeature":null,"WeatherProof":1,"WheelchairBarrier":2,"WheelchairAccess":2,"ObstaclesType":null,"Gradient":0.028811630000000001,"Direction":0,"PositionCertainty":1,"Enabled":1,"DataSource":1,"LevelSource":12,"StreetNameEN":"Mong Kok Road","StreetNameTC":"旺角道","ST_CODE":11454,"FloorID":null,"BuildingID_1":null,"BuildingID_2":null,"SiteID":null,"TerminalID":null,"AccessTimeID":null,"CreationDate":1636473600000,"ModifiedBy":"LANDSD","LastAmendmentDate":1764518400000,"Shape__Length":3.3206558516219036}},{"type":"Feature","id":417836,"geometry":{"type":"LineString","coordinates":[[114.1688744596038,22.320897370440136,10.304000000003725],[114.16887552076366,22.320892321487833,4.8488999999972293]]},"properties":{"OBJECTID":417836,"PedestrianRouteID":290012535,"Location":2,"FeatureType":10,"AliasNameEN":"Lift","AliasNameTC":"升降機","CrossingFeature":null,"WeatherProof":1,"WheelchairBarrier":2,"WheelchairAccess":2,"ObstaclesType":null,"Gradient":1.46674214,"Direction":0,"PositionCertainty":1,"Enabled":1,"DataSource":1,"LevelSource":1,"StreetNameEN":null,"StreetNameTC":null,"ST_CODE":null,"FloorID":null,"BuildingID_1":1910216110,"BuildingID_2":null,"SiteID":null,"TerminalID":null,"AccessTimeID":290001065,"CreationDate":1642608000000,"ModifiedBy":"LANDSD","LastAmendmentDate":1772208000000,"Shape__Length":0.56968350691695002}},{"type":"Feature","id":417837,"geometry":{"type":"LineString","coordinates":[[114.16886729300946,22.320890858127925,4.8193000000028405],[114.1688496795789,22.320887725452376,4.7350000000005821]]},"properties":{"OBJECTID":417837,"PedestrianRouteID":290012537,"Location":1,"FeatureType":1,"AliasNameEN":"Mong Kok Road","AliasNameTC":"旺角道","CrossingFeature":null,"WeatherProof":1,"WheelchairBarrier":2,"WheelchairAccess":2,"ObstaclesType":null,"Gradient":0.054549340000000002,"Direction":0,"PositionCertainty":1,"Enabled":1,"DataSource":1,"LevelSource":12,"StreetNameEN":"Mong Kok Road","StreetNameTC":"旺角道","ST_CODE":11454,"FloorID":null,"BuildingID_1":null,"BuildingID_2":null,"SiteID":null,"TerminalID":null,"AccessTimeID":null,"CreationDate":1642608000000,"ModifiedBy":"LANDSD","LastAmendmentDate":1764259200000,"Shape__Length":1.8475406164934309}},{"type":"Feature","id":417838,"geometry":{"type":"LineString","coordinates":[[114.16891093797764,22.32070739745112,10.304000000003725],[114.16891198459315,22.320702038748401,4.9180999999953201]]},"properties":{"OBJECTID":417838,"PedestrianRouteID":290012539,"Location":2,"FeatureType":10,"AliasNameEN":"Lift","AliasNameTC":"升降機","CrossingFeature":null,"WeatherProof":1,"WheelchairBarrier":2,"WheelchairAccess":2,"ObstaclesType":null,"Gradient":1.45928105,"Direction":0,"PositionCertainty":1,"Enabled":1,"DataSource":1,"LevelSource":2,"StreetNameEN":null,"StreetNameTC":null,"ST_CODE":null,"FloorID":null,"BuildingID_1":1910216111,"BuildingID_2":null,"SiteID":null,"TerminalID":null,"AccessTimeID":290001066,"CreationDate":1642608000000,"ModifiedBy":"LANDSD","LastAmendmentDate":1772208000000,"Shape__Length":0.60311226125422246}},{"type":"Feature","id":417839,"geometry":{"type":"LineString","coordinates":[[114.16890557574851,22.32070086897351,4.8831999999965774],[114.16889101875182,22.32069821326704,4.8037999999942258]]},"properties":{"OBJECTID":417839,"PedestrianRouteID":290012540,"Location":1,"FeatureType":1,"AliasNameEN":"Mong Kok Road","AliasNameTC":"旺角道","CrossingFeature":null,"WeatherProof":1,"WheelchairBarrier":2,"WheelchairAccess":2,"ObstaclesType":null,"Gradient":0.051879080000000001,"Direction":0,"PositionCertainty":1,"Enabled":1,"DataSource":1,"LevelSource":12,"StreetNameEN":"Mong Kok Road","StreetNameTC":"旺角道","ST_CODE":11454,"FloorID":null,"BuildingID_1":null,"BuildingID_2":null,"SiteID":null,"TerminalID":null,"AccessTimeID":null,"CreationDate":1642608000000,"ModifiedBy":"LANDSD","LastAmendmentDate":1764259200000,"Shape__Length":1.5283442145293442}},{"type":"Feature","id":417840,"geometry":{"type":"LineString","coordinates":[[114.16886517728204,22.320699260451441,10.304000000003725],[114.16890434568654,22.320706258371221,10.304000000003725]]},"properties":{"OBJECTID":417840,"PedestrianRouteID":290012541,"Location":1,"FeatureType":2,"AliasNameEN":"Mong Kok Road Footbridge","AliasNameTC":"旺角道天橋","CrossingFeature":null,"WeatherProof":1,"WheelchairBarrier":2,"WheelchairAccess":2,"ObstaclesType":null,"Gradient":0,"Direction":0,"PositionCertainty":1,"Enabled":1,"DataSource":1,"LevelSource":12,"StreetNameEN":"Mong Kok Road","StreetNameTC":"旺角道","ST_CODE":11454,"FloorID":null,"BuildingID_1":null,"BuildingID_2":null,"SiteID":null,"TerminalID":null,"AccessTimeID":null,"CreationDate":1642608000000,"ModifiedBy":"LANDSD","LastAmendmentDate":1764259200000,"Shape__Length":4.1091873084241657}},{"type":"Feature","id":438772,"geometry":{"type":"LineString","coordinates":[[114.17017996027322,22.318070958886324,5.0626000000047497],[114.17025813567527,22.317689518725807,5.16019999999844]]},"properties":{"OBJECTID":438772,"PedestrianRouteID":240006306,"Location":1,"FeatureType":1,"AliasNameEN":"Sai Yeung Choi Street South","AliasNameTC":"西洋菜南街","CrossingFeature":null,"WeatherProof":2,"WheelchairBarrier":2,"WheelchairAccess":2,"ObstaclesType":null,"Gradient":0.0023440599999999998,"Direction":0,"PositionCertainty":1,"Enabled":1,"DataSource":1,"LevelSource":2,"StreetNameEN":"Sai Yeung Choi Street South","StreetNameTC":"西洋菜南街","ST_CODE":11864,"FloorID":null,"BuildingID_1":null,"BuildingID_2":null,"SiteID":null,"TerminalID":null,"AccessTimeID":null,"CreationDate":1707235200000,"ModifiedBy":"LANDSD","LastAmendmentDate":1766073600000,"Shape__Length":42.999738229039245}},{"type":"Feature","id":438773,"geometry":{"type":"LineString","coordinates":[[114.17017728568567,22.31808400889069,5.0592000000033295],[114.17017996027322,22.318070958886324,5.0626000000047497]]},"properties":{"OBJECTID":438773,"PedestrianRouteID":290037994,"Location":1,"FeatureType":1,"AliasNameEN":"Sai Yeung Choi Street South","AliasNameTC":"西洋菜南街","CrossingFeature":null,"WeatherProof":2,"WheelchairBarrier":2,"WheelchairAccess":2,"ObstaclesType":null,"Gradient":0.0023440599999999998,"Direction":0,"PositionCertainty":1,"Enabled":1,"DataSource":1,"LevelSource":2,"StreetNameEN":"Sai Yeung Choi Street South","StreetNameTC":"西洋菜南街","ST_CODE":11864,"FloorID":null,"BuildingID_1":null,"BuildingID_2":null,"SiteID":null,"TerminalID":null,"AccessTimeID":null,"CreationDate":1707235200000,"ModifiedBy":"LANDSD","LastAmendmentDate":1707235200000,"Shape__Length":1.4711268674412965}},{"type":"Feature","id":438774,"geometry":{"type":"LineString","coordinates":[[114.17017705948645,22.318085111517153,5.0592000000033295],[114.17017728568567,22.31808400889069,5.0592000000033295]]},"properties":{"OBJECTID":438774,"PedestrianRouteID":290037995,"Location":1,"FeatureType":1,"AliasNameEN":"Sai Yeung Choi Street South","AliasNameTC":"西洋菜南街","CrossingFeature":null,"WeatherProof":2,"WheelchairBarrier":2,"WheelchairAccess":2,"ObstaclesType":null,"Gradient":0.0023440599999999998,"Direction":0,"PositionCertainty":1,"Enabled":1,"DataSource":1,"LevelSource":2,"StreetNameEN":"Sai Yeung Choi Street South","StreetNameTC":"西洋菜南街","ST_CODE":11864,"FloorID":null,"BuildingID_1":null,"BuildingID_2":null,"SiteID":null,"TerminalID":null,"AccessTimeID":null,"CreationDate":1707235200000,"ModifiedBy":"LANDSD","LastAmendmentDate":1707235200000,"Shape__Length":0.12430325764101677}},{"type":"Feature","id":438775,"geometry":{"type":"LineString","coordinates":[[114.17016821344212,22.318128273789778,5.0478000000002794],[114.17017671290647,22.318086802030489,5.0592000000033295]]},"properties":{"OBJECTID":438775,"PedestrianRouteID":290037996,"Location":1,"FeatureType":1,"AliasNameEN":"Sai Yeung Choi Street South","AliasNameTC":"西洋菜南街","CrossingFeature":null,"WeatherProof":2,"WheelchairBarrier":2,"WheelchairAccess":2,"ObstaclesType":null,"Gradient":0.0023440599999999998,"Direction":0,"PositionCertainty":1,"Enabled":1,"DataSource":1,"LevelSource":2,"StreetNameEN":"Sai Yeung Choi Street South","StreetNameTC":"西洋菜南街","ST_CODE":11864,"FloorID":null,"BuildingID_1":null,"BuildingID_2":null,"SiteID":null,"TerminalID":null,"AccessTimeID":null,"CreationDate":1707235200000,"ModifiedBy":"LANDSD","LastAmendmentDate":1707235200000,"Shape__Length":4.6751083415836332}},{"type":"Feature","id":438776,"geometry":{"type":"LineString","coordinates":[[114.17017671290647,22.318086802030489,5.0592000000033295],[114.17017705948645,22.318085111517153,5.0592000000033295]]},"properties":{"OBJECTID":438776,"PedestrianRouteID":290037997,"Location":1,"FeatureType":1,"AliasNameEN":"Sai Yeung Choi Street South","AliasNameTC":"西洋菜南街","CrossingFeature":null,"WeatherProof":2,"WheelchairBarrier":2,"WheelchairAccess":2,"ObstaclesType":null,"Gradient":0.0023440599999999998,"Direction":0,"PositionCertainty":1,"Enabled":1,"DataSource":1,"LevelSource":2,"StreetNameEN":"Sai Yeung Choi Street South","StreetNameTC":"西洋菜南街","ST_CODE":11864,"FloorID":null,"BuildingID_1":null,"BuildingID_2":null,"SiteID":null,"TerminalID":null,"AccessTimeID":null,"CreationDate":1707235200000,"ModifiedBy":"LANDSD","LastAmendmentDate":1707235200000,"Shape__Length":0.19057368701642635}},{"type":"Feature","id":438777,"geometry":{"type":"LineString","coordinates":[[114.17009579838466,22.318481608203548,4.9541000000026543],[114.17012966920622,22.318316344290697,4.9979000000021188]]},"properties":{"OBJECTID":438777,"PedestrianRouteID":290037998,"Location":1,"FeatureType":1,"AliasNameEN":"Sai Yeung Choi Street South","AliasNameTC":"西洋菜南街","CrossingFeature":null,"WeatherProof":2,"WheelchairBarrier":2,"WheelchairAccess":2,"ObstaclesType":null,"Gradient":0.0023440599999999998,"Direction":0,"PositionCertainty":1,"Enabled":1,"DataSource":1,"LevelSource":2,"StreetNameEN":"Sai Yeung Choi Street South","StreetNameTC":"西洋菜南街","ST_CODE":11864,"FloorID":null,"BuildingID_1":null,"BuildingID_2":null,"SiteID":null,"TerminalID":null,"AccessTimeID":null,"CreationDate":1707235200000,"ModifiedBy":"LANDSD","LastAmendmentDate":1707235200000,"Shape__Length":18.630200845805913}},{"type":"Feature","id":438778,"geometry":{"type":"LineString","coordinates":[[114.1697765129741,22.318364701698037,4.6353999999992084],[114.16975912404284,22.318361639568806,4.6535000000003492]]},"properties":{"OBJECTID":438778,"PedestrianRouteID":290037989,"Location":1,"FeatureType":1,"AliasNameEN":"Nelson Street","AliasNameTC":"奶路臣街","CrossingFeature":null,"WeatherProof":2,"WheelchairBarrier":2,"WheelchairAccess":2,"ObstaclesType":null,"Gradient":0.0083621700000000004,"Direction":0,"PositionCertainty":1,"Enabled":1,"DataSource":1,"LevelSource":2,"StreetNameEN":"Nelson Street","StreetNameTC":"奶路臣街","ST_CODE":11506,"FloorID":null,"BuildingID_1":null,"BuildingID_2":null,"SiteID":null,"TerminalID":null,"AccessTimeID":null,"CreationDate":1707235200000,"ModifiedBy":"LANDSD","LastAmendmentDate":1707235200000,"Shape__Length":1.823390128358062}},{"type":"Feature","id":438779,"geometry":{"type":"LineString","coordinates":[[114.1698071940155,22.318370105132022,4.6034999999974389],[114.1697765129741,22.318364701698037,4.6353999999992084]]},"properties":{"OBJECTID":438779,"PedestrianRouteID":290037990,"Location":1,"FeatureType":1,"AliasNameEN":"Nelson Street","AliasNameTC":"奶路臣街","CrossingFeature":null,"WeatherProof":2,"WheelchairBarrier":2,"WheelchairAccess":2,"ObstaclesType":null,"Gradient":0.0083621700000000004,"Direction":0,"PositionCertainty":1,"Enabled":1,"DataSource":1,"LevelSource":2,"StreetNameEN":"Nelson Street","StreetNameTC":"奶路臣街","ST_CODE":11506,"FloorID":null,"BuildingID_1":null,"BuildingID_2":null,"SiteID":null,"TerminalID":null,"AccessTimeID":null,"CreationDate":1707235200000,"ModifiedBy":"LANDSD","LastAmendmentDate":1707235200000,"Shape__Length":3.217203203387764}},{"type":"Feature","id":438780,"geometry":{"type":"LineString","coordinates":[[114.1698931205472,22.318444212091279,4.8347000000067055],[114.16990387344282,22.318390752328771,4.5228000000061002]]},"properties":{"OBJECTID":438780,"PedestrianRouteID":290037991,"Location":1,"FeatureType":1,"AliasNameEN":"Nelson Street","AliasNameTC":"奶路臣街","CrossingFeature":null,"WeatherProof":2,"WheelchairBarrier":2,"WheelchairAccess":2,"ObstaclesType":null,"Gradient":0.0083621700000000004,"Direction":0,"PositionCertainty":1,"Enabled":1,"DataSource":1,"LevelSource":2,"StreetNameEN":"Nelson Street","StreetNameTC":"奶路臣街","ST_CODE":11506,"FloorID":null,"BuildingID_1":null,"BuildingID_2":null,"SiteID":null,"TerminalID":null,"AccessTimeID":null,"CreationDate":1707235200000,"ModifiedBy":"LANDSD","LastAmendmentDate":1707235200000,"Shape__Length":6.0226234956692899}},{"type":"Feature","id":438781,"geometry":{"type":"LineString","coordinates":[[114.16990387344282,22.318390752328771,4.5228000000061002],[114.16990457632239,22.318387256615274,4.5023999999975786]]},"properties":{"OBJECTID":438781,"PedestrianRouteID":290037992,"Location":1,"FeatureType":1,"AliasNameEN":"Nelson Street","AliasNameTC":"奶路臣街","CrossingFeature":null,"WeatherProof":2,"WheelchairBarrier":2,"WheelchairAccess":2,"ObstaclesType":null,"Gradient":0.0083621700000000004,"Direction":0,"PositionCertainty":1,"Enabled":1,"DataSource":1,"LevelSource":2,"StreetNameEN":"Nelson Street","StreetNameTC":"奶路臣街","ST_CODE":11506,"FloorID":null,"BuildingID_1":null,"BuildingID_2":null,"SiteID":null,"TerminalID":null,"AccessTimeID":null,"CreationDate":1707235200000,"ModifiedBy":"LANDSD","LastAmendmentDate":1707235200000,"Shape__Length":0.39381235371871182}},{"type":"Feature","id":438782,"geometry":{"type":"LineString","coordinates":[[114.17015004563811,22.318216922788615,5.0243000000045868],[114.17016821344212,22.318128273789778,5.0478000000002794]]},"properties":{"OBJECTID":438782,"PedestrianRouteID":290037999,"Location":1,"FeatureType":1,"AliasNameEN":"Sai Yeung Choi Street South","AliasNameTC":"西洋菜南街","CrossingFeature":null,"WeatherProof":2,"WheelchairBarrier":2,"WheelchairAccess":2,"ObstaclesType":null,"Gradient":0.0023440599999999998,"Direction":0,"PositionCertainty":1,"Enabled":1,"DataSource":1,"LevelSource":2,"StreetNameEN":"Sai Yeung Choi Street South","StreetNameTC":"西洋菜南街","ST_CODE":11864,"FloorID":null,"BuildingID_1":null,"BuildingID_2":null,"SiteID":null,"TerminalID":null,"AccessTimeID":null,"CreationDate":1707235200000,"ModifiedBy":"LANDSD","LastAmendmentDate":1707235200000,"Shape__Length":9.993386489475224}},{"type":"Feature","id":438813,"geometry":{"type":"LineString","coordinates":[[114.16803569369142,22.317646397080605,4.2355999999999767],[114.16803137909741,22.317667383049233,4.2388999999966472]]},"properties":{"OBJECTID":438813,"PedestrianRouteID":290038036,"Location":1,"FeatureType":7,"AliasNameEN":"Reclamation Street RunIn","AliasNameTC":"新填地街車輛出入口","CrossingFeature":null,"WeatherProof":2,"WheelchairBarrier":2,"WheelchairAccess":2,"ObstaclesType":null,"Gradient":0.00112404,"Direction":0,"PositionCertainty":1,"Enabled":1,"DataSource":1,"LevelSource":2,"StreetNameEN":"Reclamation Street","StreetNameTC":"新填地街","ST_CODE":11810,"FloorID":null,"BuildingID_1":null,"BuildingID_2":null,"SiteID":null,"TerminalID":null,"AccessTimeID":null,"CreationDate":1707235200000,"ModifiedBy":"LANDSD","LastAmendmentDate":1707235200000,"Shape__Length":2.3660098408307277}},{"type":"Feature","id":438814,"geometry":{"type":"LineString","coordinates":[[114.1682360422037,22.318162917276901,4.3686000000016065],[114.16823918783543,22.31814779390491,4.3686000000016065]]},"properties":{"OBJECTID":438814,"PedestrianRouteID":290038037,"Location":1,"FeatureType":1,"AliasNameEN":"Shanghai Street","AliasNameTC":"上海街","CrossingFeature":null,"WeatherProof":1,"WheelchairBarrier":2,"WheelchairAccess":2,"ObstaclesType":null,"Gradient":0.00025960000000000002,"Direction":0,"PositionCertainty":1,"Enabled":1,"DataSource":1,"LevelSource":2,"StreetNameEN":"Shanghai Street","StreetNameTC":"上海街","ST_CODE":11984,"FloorID":null,"BuildingID_1":null,"BuildingID_2":null,"SiteID":null,"TerminalID":null,"AccessTimeID":null,"CreationDate":1707235200000,"ModifiedBy":"LANDSD","LastAmendmentDate":1764259200000,"Shape__Length":1.7057538181045229}},{"type":"Feature","id":438815,"geometry":{"type":"LineString","coordinates":[[114.16817500613239,22.318456396646521,4.3763999999937369],[114.1681766109939,22.318448680991473,4.3763999999937369]]},"properties":{"OBJECTID":438815,"PedestrianRouteID":290038046,"Location":1,"FeatureType":1,"AliasNameEN":"Shanghai Street","AliasNameTC":"上海街","CrossingFeature":null,"WeatherProof":2,"WheelchairBarrier":2,"WheelchairAccess":2,"ObstaclesType":null,"Gradient":0,"Direction":0,"PositionCertainty":1,"Enabled":1,"DataSource":1,"LevelSource":2,"StreetNameEN":"Shanghai Street","StreetNameTC":"上海街","ST_CODE":11984,"FloorID":null,"BuildingID_1":null,"BuildingID_2":null,"SiteID":null,"TerminalID":null,"AccessTimeID":null,"CreationDate":1707235200000,"ModifiedBy":"LANDSD","LastAmendmentDate":1707235200000,"Shape__Length":0.87024332756219225}},{"type":"Feature","id":438816,"geometry":{"type":"LineString","coordinates":[[114.16810842470163,22.318782883412315,4.5822000000043772],[114.16811272296192,22.318759586514357,4.5893000000069151]]},"properties":{"OBJECTID":438816,"PedestrianRouteID":290038030,"Location":1,"FeatureType":32,"AliasNameEN":"Langham Place Hotel Crossing","AliasNameTC":"朗豪酒店過路處","CrossingFeature":1,"WeatherProof":2,"WheelchairBarrier":2,"WheelchairAccess":2,"ObstaclesType":null,"Gradient":0.0027049700000000001,"Direction":0,"PositionCertainty":1,"Enabled":1,"DataSource":1,"LevelSource":2,"StreetNameEN":"","StreetNameTC":"","ST_CODE":50678,"FloorID":null,"BuildingID_1":null,"BuildingID_2":null,"SiteID":null,"TerminalID":1511000412,"AccessTimeID":null,"CreationDate":1707235200000,"ModifiedBy":"LANDSD","LastAmendmentDate":1707235200000,"Shape__Length":2.617508609909756}},{"type":"Feature","id":438817,"geometry":{"type":"LineString","coordinates":[[114.16812076015469,22.318717222618577,4.3816999999980908],[114.16812883788893,22.318678384268722,4.3816999999980908]]},"properties":{"OBJECTID":438817,"PedestrianRouteID":290038040,"Location":1,"FeatureType":1,"AliasNameEN":"Shanghai Street","AliasNameTC":"上海街","CrossingFeature":null,"WeatherProof":2,"WheelchairBarrier":2,"WheelchairAccess":2,"ObstaclesType":null,"Gradient":0.00018016000000000001,"Direction":0,"PositionCertainty":1,"Enabled":1,"DataSource":1,"LevelSource":2,"StreetNameEN":"Shanghai Street","StreetNameTC":"上海街","ST_CODE":11984,"FloorID":null,"BuildingID_1":null,"BuildingID_2":null,"SiteID":null,"TerminalID":null,"AccessTimeID":null,"CreationDate":1707235200000,"ModifiedBy":"LANDSD","LastAmendmentDate":1707235200000,"Shape__Length":4.3805370257354292}},{"type":"Feature","id":438818,"geometry":{"type":"LineString","coordinates":[[114.16831377945894,22.317780197497896,4.265400000003865],[114.16832097071128,22.317745153743907,4.9109999999927823],[114.16832232022357,22.317738577734573,4.8261000000056811]]},"properties":{"OBJECTID":438818,"PedestrianRouteID":290038034,"Location":1,"FeatureType":7,"AliasNameEN":"Shanghai Street RunIn","AliasNameTC":"上海街車輛出入口","CrossingFeature":null,"WeatherProof":2,"WheelchairBarrier":2,"WheelchairAccess":2,"ObstaclesType":null,"Gradient":0.0022991499999999998,"Direction":0,"PositionCertainty":1,"Enabled":1,"DataSource":1,"LevelSource":2,"StreetNameEN":"Shanghai Street","StreetNameTC":"上海街","ST_CODE":11984,"FloorID":null,"BuildingID_1":null,"BuildingID_2":null,"SiteID":null,"TerminalID":null,"AccessTimeID":null,"CreationDate":1707235200000,"ModifiedBy":"LANDSD","LastAmendmentDate":1707235200000,"Shape__Length":4.692004851558818}},{"type":"Feature","id":438819,"geometry":{"type":"LineString","coordinates":[[114.16801814016006,22.317731769578455,4.2468999999982771],[114.16801017989823,22.317770486923742,4.2574000000022352]]},"properties":{"OBJECTID":438819,"PedestrianRouteID":290038033,"Location":1,"FeatureType":1,"AliasNameEN":"Reclamation Street","AliasNameTC":"新填地街","CrossingFeature":null,"WeatherProof":2,"WheelchairBarrier":2,"WheelchairAccess":2,"ObstaclesType":null,"Gradient":0.00240982,"Direction":0,"PositionCertainty":1,"Enabled":1,"DataSource":1,"LevelSource":2,"StreetNameEN":"Reclamation Street","StreetNameTC":"新填地街","ST_CODE":11810,"FloorID":null,"BuildingID_1":null,"BuildingID_2":null,"SiteID":null,"TerminalID":null,"AccessTimeID":null,"CreationDate":1707235200000,"ModifiedBy":"LANDSD","LastAmendmentDate":1707235200000,"Shape__Length":4.3650927558875932}},{"type":"Feature","id":438820,"geometry":{"type":"LineString","coordinates":[[114.1681648517139,22.318505221824207,4.3776000000070781],[114.16817500613239,22.318456396646521,4.3763999999937369]]},"properties":{"OBJECTID":438820,"PedestrianRouteID":290038043,"Location":1,"FeatureType":1,"AliasNameEN":"Shanghai Street","AliasNameTC":"上海街","CrossingFeature":null,"WeatherProof":2,"WheelchairBarrier":2,"WheelchairAccess":2,"ObstaclesType":null,"Gradient":0.00018016000000000001,"Direction":0,"PositionCertainty":1,"Enabled":1,"DataSource":1,"LevelSource":2,"StreetNameEN":"Shanghai Street","StreetNameTC":"上海街","ST_CODE":11984,"FloorID":null,"BuildingID_1":null,"BuildingID_2":null,"SiteID":null,"TerminalID":null,"AccessTimeID":null,"CreationDate":1707235200000,"ModifiedBy":"LANDSD","LastAmendmentDate":1707235200000,"Shape__Length":5.5069330577325015}},{"type":"Feature","id":438821,"geometry":{"type":"LineString","coordinates":[[114.16824497627401,22.318118498958832,4.4465999999956694],[114.16824190142789,22.318134743934731,4.448499999998603],[114.16824189268985,22.318134789087271,4.448499999998603]]},"properties":{"OBJECTID":438821,"PedestrianRouteID":290038032,"Location":1,"FeatureType":32,"AliasNameEN":"Langham Place Hotel Crossing","AliasNameTC":"朗豪酒店過路處","CrossingFeature":1,"WeatherProof":2,"WheelchairBarrier":2,"WheelchairAccess":2,"ObstaclesType":null,"Gradient":0.00103461,"Direction":0,"PositionCertainty":1,"Enabled":1,"DataSource":1,"LevelSource":2,"StreetNameEN":"","StreetNameTC":"","ST_CODE":50678,"FloorID":null,"BuildingID_1":null,"BuildingID_2":null,"SiteID":null,"TerminalID":1511000412,"AccessTimeID":null,"CreationDate":1707235200000,"ModifiedBy":"LANDSD","LastAmendmentDate":1707235200000,"Shape__Length":1.8316454655243124}},{"type":"Feature","id":438822,"geometry":{"type":"LineString","coordinates":[[114.16805712198084,22.317542174322675,4.1873000000050524],[114.16805685401809,22.317543479229364,4.1873000000050524]]},"properties":{"OBJECTID":438822,"PedestrianRouteID":290038044,"Location":1,"FeatureType":1,"AliasNameEN":"Reclamation Street","AliasNameTC":"新填地街","CrossingFeature":null,"WeatherProof":2,"WheelchairBarrier":2,"WheelchairAccess":2,"ObstaclesType":null,"Gradient":0.0043235799999999996,"Direction":0,"PositionCertainty":1,"Enabled":1,"DataSource":1,"LevelSource":2,"StreetNameEN":"Reclamation Street","StreetNameTC":"新填地街","ST_CODE":11810,"FloorID":null,"BuildingID_1":null,"BuildingID_2":null,"SiteID":null,"TerminalID":null,"AccessTimeID":null,"CreationDate":1707235200000,"ModifiedBy":"LANDSD","LastAmendmentDate":1707235200000,"Shape__Length":0.1471122365749373}},{"type":"Feature","id":438823,"geometry":{"type":"LineString","coordinates":[[114.1679753028516,22.317940113030222,4.3009000000020023],[114.1679732911785,22.317949896668015,4.3027000000001863]]},"properties":{"OBJECTID":438823,"PedestrianRouteID":290038045,"Location":1,"FeatureType":7,"AliasNameEN":"Reclamation Street RunIn","AliasNameTC":"新填地街車輛出入口","CrossingFeature":null,"WeatherProof":2,"WheelchairBarrier":2,"WheelchairAccess":2,"ObstaclesType":null,"Gradient":0.00161908,"Direction":0,"PositionCertainty":1,"Enabled":1,"DataSource":1,"LevelSource":2,"StreetNameEN":"Reclamation Street","StreetNameTC":"新填地街","ST_CODE":11810,"FloorID":null,"BuildingID_1":null,"BuildingID_2":null,"SiteID":null,"TerminalID":null,"AccessTimeID":null,"CreationDate":1707235200000,"ModifiedBy":"LANDSD","LastAmendmentDate":1707235200000,"Shape__Length":1.1030355387658857}},{"type":"Feature","id":438824,"geometry":{"type":"LineString","coordinates":[[114.16803675000936,22.317641260534703,4.2355999999999767],[114.16803569369142,22.317646397080605,4.2355999999999767]]},"properties":{"OBJECTID":438824,"PedestrianRouteID":290038035,"Location":1,"FeatureType":7,"AliasNameEN":"Reclamation Street RunIn","AliasNameTC":"新填地街車輛出入口","CrossingFeature":null,"WeatherProof":2,"WheelchairBarrier":2,"WheelchairAccess":2,"ObstaclesType":null,"Gradient":0.00112404,"Direction":0,"PositionCertainty":1,"Enabled":1,"DataSource":1,"LevelSource":2,"StreetNameEN":"Reclamation Street","StreetNameTC":"新填地街","ST_CODE":11810,"FloorID":null,"BuildingID_1":null,"BuildingID_2":null,"SiteID":null,"TerminalID":null,"AccessTimeID":null,"CreationDate":1707235200000,"ModifiedBy":"LANDSD","LastAmendmentDate":1707235200000,"Shape__Length":0.57911214841999414}},{"type":"Feature","id":438825,"geometry":{"type":"LineString","coordinates":[[114.16827771288064,22.31755083200007,4.2480000000068685],[114.1682713391415,22.317581250324668,4.2835999999952037],[114.16823288113869,22.31757423512909,4.3000000000029104]]},"properties":{"OBJECTID":438825,"PedestrianRouteID":290038031,"Location":1,"FeatureType":1,"AliasNameEN":"Shantung Street Sitting-Out Area","AliasNameTC":"山東街休憩處","CrossingFeature":null,"WeatherProof":2,"WheelchairBarrier":2,"WheelchairAccess":1,"ObstaclesType":null,"Gradient":0.0076685,"Direction":0,"PositionCertainty":1,"Enabled":1,"DataSource":1,"LevelSource":2,"StreetNameEN":null,"StreetNameTC":null,"ST_CODE":null,"FloorID":null,"BuildingID_1":null,"BuildingID_2":null,"SiteID":1503005294,"TerminalID":null,"AccessTimeID":null,"CreationDate":1707235200000,"ModifiedBy":"LANDSD","LastAmendmentDate":1707235200000,"Shape__Length":7.4695662256434234}},{"type":"Feature","id":438826,"geometry":{"type":"LineString","coordinates":[[114.16812883788893,22.318678384268722,4.3816999999980908],[114.16813608163217,22.318643555457786,4.3816999999980908]]},"properties":{"OBJECTID":438826,"PedestrianRouteID":290038041,"Location":1,"FeatureType":1,"AliasNameEN":"Shanghai Street","AliasNameTC":"上海街","CrossingFeature":null,"WeatherProof":2,"WheelchairBarrier":2,"WheelchairAccess":2,"ObstaclesType":null,"Gradient":0.00018016000000000001,"Direction":0,"PositionCertainty":1,"Enabled":1,"DataSource":1,"LevelSource":2,"StreetNameEN":"Shanghai Street","StreetNameTC":"上海街","ST_CODE":11984,"FloorID":null,"BuildingID_1":null,"BuildingID_2":null,"SiteID":null,"TerminalID":null,"AccessTimeID":null,"CreationDate":1707235200000,"ModifiedBy":"LANDSD","LastAmendmentDate":1707235200000,"Shape__Length":3.9283038908357768}},{"type":"Feature","id":438827,"geometry":{"type":"LineString","coordinates":[[114.16815154678403,22.318569192946772,4.3794999999954598],[114.1681648517139,22.318505221824207,4.3776000000070781]]},"properties":{"OBJECTID":438827,"PedestrianRouteID":290038042,"Location":1,"FeatureType":1,"AliasNameEN":"Shanghai Street","AliasNameTC":"上海街","CrossingFeature":null,"WeatherProof":2,"WheelchairBarrier":2,"WheelchairAccess":2,"ObstaclesType":null,"Gradient":0.00018016000000000001,"Direction":0,"PositionCertainty":1,"Enabled":1,"DataSource":1,"LevelSource":2,"StreetNameEN":"Shanghai Street","StreetNameTC":"上海街","ST_CODE":11984,"FloorID":null,"BuildingID_1":null,"BuildingID_2":null,"SiteID":null,"TerminalID":null,"AccessTimeID":null,"CreationDate":1707235200000,"ModifiedBy":"LANDSD","LastAmendmentDate":1707235200000,"Shape__Length":7.2152363357824534}},{"type":"Feature","id":438828,"geometry":{"type":"LineString","coordinates":[[114.16821580043501,22.318260246156864,4.3720999999932246],[114.16822285093092,22.318226346578307,4.3708999999944353]]},"properties":{"OBJECTID":438828,"PedestrianRouteID":290038039,"Location":1,"FeatureType":1,"AliasNameEN":"Shanghai Street","AliasNameTC":"上海街","CrossingFeature":null,"WeatherProof":2,"WheelchairBarrier":2,"WheelchairAccess":2,"ObstaclesType":null,"Gradient":0.00030257999999999999,"Direction":0,"PositionCertainty":1,"Enabled":1,"DataSource":1,"LevelSource":2,"StreetNameEN":"Shanghai Street","StreetNameTC":"上海街","ST_CODE":11984,"FloorID":null,"BuildingID_1":null,"BuildingID_2":null,"SiteID":null,"TerminalID":null,"AccessTimeID":null,"CreationDate":1707235200000,"ModifiedBy":"LANDSD","LastAmendmentDate":1707235200000,"Shape__Length":3.8234973070154088}},{"type":"Feature","id":438829,"geometry":{"type":"LineString","coordinates":[[114.16822285093092,22.318226346578307,4.3708999999944353],[114.16822831501432,22.318200075059341,4.3695000000006985]]},"properties":{"OBJECTID":438829,"PedestrianRouteID":290038038,"Location":1,"FeatureType":1,"AliasNameEN":"Shanghai Street","AliasNameTC":"上海街","CrossingFeature":null,"WeatherProof":1,"WheelchairBarrier":2,"WheelchairAccess":2,"ObstaclesType":null,"Gradient":0.00025960000000000002,"Direction":0,"PositionCertainty":1,"Enabled":1,"DataSource":1,"LevelSource":2,"StreetNameEN":"Shanghai Street","StreetNameTC":"上海街","ST_CODE":11984,"FloorID":null,"BuildingID_1":null,"BuildingID_2":null,"SiteID":null,"TerminalID":null,"AccessTimeID":null,"CreationDate":1707235200000,"ModifiedBy":"LANDSD","LastAmendmentDate":1764259200000,"Shape__Length":2.9631382818496492}},{"type":"Feature","id":439292,"geometry":{"type":"LineString","coordinates":[[114.1698894891218,22.319120671236188,5.0712000000057742],[114.16996217634602,22.319133580857201,5.1199000000051456]]},"properties":{"OBJECTID":439292,"PedestrianRouteID":290038539,"Location":1,"FeatureType":5,"AliasNameEN":"Lane between   and  ","AliasNameTC":" 與 之間的小巷","CrossingFeature":null,"WeatherProof":2,"WheelchairBarrier":1,"WheelchairAccess":2,"ObstaclesType":null,"Gradient":0.0063891699999999996,"Direction":0,"PositionCertainty":1,"Enabled":1,"DataSource":1,"LevelSource":2,"StreetNameEN":"Sai Yeung Choi Street South","StreetNameTC":"西洋菜南街","ST_CODE":11864,"FloorID":null,"BuildingID_1":null,"BuildingID_2":1108246331,"SiteID":null,"TerminalID":null,"AccessTimeID":null,"CreationDate":1709481600000,"ModifiedBy":"LANDSD","LastAmendmentDate":1709481600000,"Shape__Length":7.6241546170478394}},{"type":"Feature","id":439293,"geometry":{"type":"LineString","coordinates":[[114.16993741538693,22.31925439651965,5.0019000000029337],[114.16992869734455,22.319296933861253,4.960399999996298]]},"properties":{"OBJECTID":439293,"PedestrianRouteID":290038537,"Location":1,"FeatureType":1,"AliasNameEN":"Sai Yeung Choi Street South","AliasNameTC":"西洋菜南街","CrossingFeature":null,"WeatherProof":2,"WheelchairBarrier":2,"WheelchairAccess":2,"ObstaclesType":null,"Gradient":0.0086613000000000002,"Direction":0,"PositionCertainty":1,"Enabled":1,"DataSource":1,"LevelSource":2,"StreetNameEN":"Sai Yeung Choi Street South","StreetNameTC":"西洋菜南街","ST_CODE":11864,"FloorID":null,"BuildingID_1":null,"BuildingID_2":null,"SiteID":null,"TerminalID":null,"AccessTimeID":null,"CreationDate":1709481600000,"ModifiedBy":"LANDSD","LastAmendmentDate":1709481600000,"Shape__Length":4.7952343159176456}},{"type":"Feature","id":439294,"geometry":{"type":"LineString","coordinates":[[114.16983722304617,22.319111388248356,5.0362000000022817],[114.16987741114448,22.319118525952508,5.0630999999993946]]},"properties":{"OBJECTID":439294,"PedestrianRouteID":290038540,"Location":1,"FeatureType":5,"AliasNameEN":"Lane between   and  ","AliasNameTC":" 與 之間的小巷","CrossingFeature":null,"WeatherProof":2,"WheelchairBarrier":1,"WheelchairAccess":2,"ObstaclesType":null,"Gradient":0.0063891699999999996,"Direction":0,"PositionCertainty":1,"Enabled":1,"DataSource":1,"LevelSource":2,"StreetNameEN":"Sai Yeung Choi Street South","StreetNameTC":"西洋菜南街","ST_CODE":11864,"FloorID":null,"BuildingID_1":null,"BuildingID_2":1108246331,"SiteID":null,"TerminalID":null,"AccessTimeID":null,"CreationDate":1709481600000,"ModifiedBy":"LANDSD","LastAmendmentDate":1709481600000,"Shape__Length":4.215327318519642}},{"type":"Feature","id":439295,"geometry":{"type":"LineString","coordinates":[[114.16987741114448,22.319118525952508,5.0630999999993946],[114.1698894891218,22.319120671236188,5.0712000000057742]]},"properties":{"OBJECTID":439295,"PedestrianRouteID":290038541,"Location":1,"FeatureType":5,"AliasNameEN":"Lane between   and  ","AliasNameTC":" 與 之間的小巷","CrossingFeature":null,"WeatherProof":2,"WheelchairBarrier":1,"WheelchairAccess":2,"ObstaclesType":null,"Gradient":0.0063891699999999996,"Direction":0,"PositionCertainty":1,"Enabled":1,"DataSource":1,"LevelSource":2,"StreetNameEN":"Sai Yeung Choi Street South","StreetNameTC":"西洋菜南街","ST_CODE":11864,"FloorID":null,"BuildingID_1":null,"BuildingID_2":1108246331,"SiteID":null,"TerminalID":null,"AccessTimeID":null,"CreationDate":1709481600000,"ModifiedBy":"LANDSD","LastAmendmentDate":1709481600000,"Shape__Length":1.2668613226596095}},{"type":"Feature","id":439296,"geometry":{"type":"LineString","coordinates":[[114.16952486161901,22.319180758341084,4.850800000000163],[114.16954144262523,22.319099719433762,4.8807999999989988]]},"properties":{"OBJECTID":439296,"PedestrianRouteID":290038538,"Location":1,"FeatureType":1,"AliasNameEN":"Nathan Road","AliasNameTC":"彌敦道","CrossingFeature":null,"WeatherProof":2,"WheelchairBarrier":2,"WheelchairAccess":2,"ObstaclesType":null,"Gradient":0.0032814599999999999,"Direction":0,"PositionCertainty":1,"Enabled":1,"DataSource":1,"LevelSource":2,"StreetNameEN":"Nathan Road","StreetNameTC":"彌敦道","ST_CODE":11504,"FloorID":null,"BuildingID_1":null,"BuildingID_2":null,"SiteID":null,"TerminalID":null,"AccessTimeID":null,"CreationDate":1709481600000,"ModifiedBy":"LANDSD","LastAmendmentDate":1709481600000,"Shape__Length":9.1349769373646765}},{"type":"Feature","id":439297,"geometry":{"type":"LineString","coordinates":[[114.16976927719777,22.319059942520884,4.9766999999992549],[114.16976162991008,22.319097962797674,4.985499999995227]]},"properties":{"OBJECTID":439297,"PedestrianRouteID":290038534,"Location":1,"FeatureType":5,"AliasNameEN":"Lane between Bank of East Asia Building, Mongkok and Yau Shing Commercial Centre","AliasNameTC":"旺角東亞銀行大廈與友誠商業中心之間的小巷","CrossingFeature":null,"WeatherProof":2,"WheelchairBarrier":1,"WheelchairAccess":2,"ObstaclesType":null,"Gradient":0.0020475300000000001,"Direction":0,"PositionCertainty":1,"Enabled":1,"DataSource":1,"LevelSource":2,"StreetNameEN":null,"StreetNameTC":null,"ST_CODE":800558,"FloorID":null,"BuildingID_1":null,"BuildingID_2":1108235395,"SiteID":null,"TerminalID":null,"AccessTimeID":null,"CreationDate":1709481600000,"ModifiedBy":"LANDSD","LastAmendmentDate":1709481600000,"Shape__Length":4.2832528917882859}},{"type":"Feature","id":439298,"geometry":{"type":"LineString","coordinates":[[114.16994278989232,22.319228174610583,5.0274999999965075],[114.16993741538693,22.31925439651965,5.0019000000029337]]},"properties":{"OBJECTID":439298,"PedestrianRouteID":290038535,"Location":1,"FeatureType":1,"AliasNameEN":"Sai Yeung Choi Street South","AliasNameTC":"西洋菜南街","CrossingFeature":null,"WeatherProof":2,"WheelchairBarrier":2,"WheelchairAccess":2,"ObstaclesType":null,"Gradient":0.0086613000000000002,"Direction":0,"PositionCertainty":1,"Enabled":1,"DataSource":1,"LevelSource":2,"StreetNameEN":"Sai Yeung Choi Street South","StreetNameTC":"西洋菜南街","ST_CODE":11864,"FloorID":null,"BuildingID_1":null,"BuildingID_2":null,"SiteID":null,"TerminalID":null,"AccessTimeID":null,"CreationDate":1709481600000,"ModifiedBy":"LANDSD","LastAmendmentDate":1709481600000,"Shape__Length":2.9560018029716248}},{"type":"Feature","id":439299,"geometry":{"type":"LineString","coordinates":[[114.1699471595891,22.319206851756185,5.0482999999949243],[114.16994278989232,22.319228174610583,5.0274999999965075]]},"properties":{"OBJECTID":439299,"PedestrianRouteID":290038536,"Location":1,"FeatureType":1,"AliasNameEN":"Sai Yeung Choi Street South","AliasNameTC":"西洋菜南街","CrossingFeature":null,"WeatherProof":2,"WheelchairBarrier":2,"WheelchairAccess":2,"ObstaclesType":null,"Gradient":0.0086613000000000002,"Direction":0,"PositionCertainty":1,"Enabled":1,"DataSource":1,"LevelSource":2,"StreetNameEN":"Sai Yeung Choi Street South","StreetNameTC":"西洋菜南街","ST_CODE":11864,"FloorID":null,"BuildingID_1":null,"BuildingID_2":null,"SiteID":null,"TerminalID":null,"AccessTimeID":null,"CreationDate":1709481600000,"ModifiedBy":"LANDSD","LastAmendmentDate":1709481600000,"Shape__Length":2.403717006298709}},{"type":"Feature","id":439458,"geometry":{"type":"LineString","coordinates":[[114.16926197284396,22.317490525836014,4.4759999999951106],[114.16914228355891,22.317469472594485,4.4235999999946216]]},"properties":{"OBJECTID":439458,"PedestrianRouteID":240006177,"Location":1,"FeatureType":1,"AliasNameEN":"Shantung Street","AliasNameTC":"山東街","CrossingFeature":null,"WeatherProof":2,"WheelchairBarrier":2,"WheelchairAccess":2,"ObstaclesType":null,"Gradient":0.0041746500000000002,"Direction":0,"PositionCertainty":1,"Enabled":1,"DataSource":1,"LevelSource":2,"StreetNameEN":"Shantung Street","StreetNameTC":"山東街","ST_CODE":11986,"FloorID":null,"BuildingID_1":null,"BuildingID_2":null,"SiteID":null,"TerminalID":null,"AccessTimeID":null,"CreationDate":1709481600000,"ModifiedBy":"LANDSD","LastAmendmentDate":1709481600000,"Shape__Length":12.55011767754139}},{"type":"Feature","id":439459,"geometry":{"type":"LineString","coordinates":[[114.16934978849095,22.317505972230741,4.5144000000000233],[114.16926197284396,22.317490525836014,4.4759999999951106]]},"properties":{"OBJECTID":439459,"PedestrianRouteID":290038612,"Location":1,"FeatureType":1,"AliasNameEN":"Shantung Street","AliasNameTC":"山東街","CrossingFeature":null,"WeatherProof":2,"WheelchairBarrier":2,"WheelchairAccess":2,"ObstaclesType":null,"Gradient":0.0041746500000000002,"Direction":0,"PositionCertainty":1,"Enabled":1,"DataSource":1,"LevelSource":2,"StreetNameEN":"Shantung Street","StreetNameTC":"山東街","ST_CODE":11986,"FloorID":null,"BuildingID_1":null,"BuildingID_2":null,"SiteID":null,"TerminalID":null,"AccessTimeID":null,"CreationDate":1709481600000,"ModifiedBy":"LANDSD","LastAmendmentDate":1709481600000,"Shape__Length":9.2079739821936784}},{"type":"Feature","id":439460,"geometry":{"type":"LineString","coordinates":[[114.16911461064129,22.317498240954468,4.4369000000006054],[114.16910796620692,22.317530223398634,4.4284000000043306]]},"properties":{"OBJECTID":439460,"PedestrianRouteID":290038621,"Location":1,"FeatureType":1,"AliasNameEN":"Portland Street","AliasNameTC":"砵蘭街","CrossingFeature":null,"WeatherProof":2,"WheelchairBarrier":2,"WheelchairAccess":2,"ObstaclesType":null,"Gradient":0.0023438199999999999,"Direction":0,"PositionCertainty":1,"Enabled":1,"DataSource":1,"LevelSource":2,"StreetNameEN":"Portland Street","StreetNameTC":"砵蘭街","ST_CODE":11777,"FloorID":null,"BuildingID_1":null,"BuildingID_2":null,"SiteID":null,"TerminalID":null,"AccessTimeID":null,"CreationDate":1709481600000,"ModifiedBy":"LANDSD","LastAmendmentDate":1709481600000,"Shape__Length":3.6071226650006785}},{"type":"Feature","id":439461,"geometry":{"type":"LineString","coordinates":[[114.16909845099093,22.317576027033333,4.4162999999971362],[114.16909319873675,22.317601307034327,4.4095999999990454]]},"properties":{"OBJECTID":439461,"PedestrianRouteID":290038622,"Location":1,"FeatureType":1,"AliasNameEN":"Portland Street","AliasNameTC":"砵蘭街","CrossingFeature":null,"WeatherProof":2,"WheelchairBarrier":2,"WheelchairAccess":2,"ObstaclesType":null,"Gradient":0.0023438199999999999,"Direction":0,"PositionCertainty":1,"Enabled":1,"DataSource":1,"LevelSource":2,"StreetNameEN":"Portland Street","StreetNameTC":"砵蘭街","ST_CODE":11777,"FloorID":null,"BuildingID_1":null,"BuildingID_2":null,"SiteID":null,"TerminalID":null,"AccessTimeID":null,"CreationDate":1709481600000,"ModifiedBy":"LANDSD","LastAmendmentDate":1709481600000,"Shape__Length":2.8511964786150799}},{"type":"Feature","id":439462,"geometry":{"type":"LineString","coordinates":[[114.16951807841275,22.317535574074324,4.5880999999935739],[114.16949877367453,22.317532178601478,4.5797000000020489]]},"properties":{"OBJECTID":439462,"PedestrianRouteID":290038613,"Location":1,"FeatureType":1,"AliasNameEN":"Shantung Street","AliasNameTC":"山東街","CrossingFeature":null,"WeatherProof":2,"WheelchairBarrier":2,"WheelchairAccess":2,"ObstaclesType":null,"Gradient":0.0041746500000000002,"Direction":0,"PositionCertainty":1,"Enabled":1,"DataSource":1,"LevelSource":2,"StreetNameEN":"Shantung Street","StreetNameTC":"山東街","ST_CODE":11986,"FloorID":null,"BuildingID_1":null,"BuildingID_2":null,"SiteID":null,"TerminalID":null,"AccessTimeID":null,"CreationDate":1709481600000,"ModifiedBy":"LANDSD","LastAmendmentDate":1709481600000,"Shape__Length":2.0242089344946699}},{"type":"Feature","id":439463,"geometry":{"type":"LineString","coordinates":[[114.16910796620692,22.317530223398634,4.4284000000043306],[114.16910314306799,22.317553439026188,4.4223000000056345]]},"properties":{"OBJECTID":439463,"PedestrianRouteID":290038619,"Location":1,"FeatureType":1,"AliasNameEN":"Portland Street","AliasNameTC":"砵蘭街","CrossingFeature":null,"WeatherProof":2,"WheelchairBarrier":2,"WheelchairAccess":2,"ObstaclesType":null,"Gradient":0.0023438199999999999,"Direction":0,"PositionCertainty":1,"Enabled":1,"DataSource":1,"LevelSource":2,"StreetNameEN":"Portland Street","StreetNameTC":"砵蘭街","ST_CODE":11777,"FloorID":null,"BuildingID_1":null,"BuildingID_2":null,"SiteID":null,"TerminalID":null,"AccessTimeID":null,"CreationDate":1709481600000,"ModifiedBy":"LANDSD","LastAmendmentDate":1709481600000,"Shape__Length":2.618362634337779}},{"type":"Feature","id":439464,"geometry":{"type":"LineString","coordinates":[[114.16910314306799,22.317553439026188,4.4223000000056345],[114.16909845099093,22.317576027033333,4.4162999999971362]]},"properties":{"OBJECTID":439464,"PedestrianRouteID":290038620,"Location":1,"FeatureType":1,"AliasNameEN":"Portland Street","AliasNameTC":"砵蘭街","CrossingFeature":null,"WeatherProof":2,"WheelchairBarrier":2,"WheelchairAccess":2,"ObstaclesType":null,"Gradient":0.0023438199999999999,"Direction":0,"PositionCertainty":1,"Enabled":1,"DataSource":1,"LevelSource":2,"StreetNameEN":"Portland Street","StreetNameTC":"砵蘭街","ST_CODE":11777,"FloorID":null,"BuildingID_1":null,"BuildingID_2":null,"SiteID":null,"TerminalID":null,"AccessTimeID":null,"CreationDate":1709481600000,"ModifiedBy":"LANDSD","LastAmendmentDate":1709481600000,"Shape__Length":2.5475636552960106}},{"type":"Feature","id":439465,"geometry":{"type":"LineString","coordinates":[[114.16936863511067,22.317509287327947,4.5227000000013504],[114.16934978849095,22.317505972230741,4.5144000000000233]]},"properties":{"OBJECTID":439465,"PedestrianRouteID":290038614,"Location":1,"FeatureType":1,"AliasNameEN":"Shantung Street","AliasNameTC":"山東街","CrossingFeature":null,"WeatherProof":2,"WheelchairBarrier":2,"WheelchairAccess":2,"ObstaclesType":null,"Gradient":0.0041746500000000002,"Direction":0,"PositionCertainty":1,"Enabled":1,"DataSource":1,"LevelSource":2,"StreetNameEN":"Shantung Street","StreetNameTC":"山東街","ST_CODE":11986,"FloorID":null,"BuildingID_1":null,"BuildingID_2":null,"SiteID":null,"TerminalID":null,"AccessTimeID":null,"CreationDate":1709481600000,"ModifiedBy":"LANDSD","LastAmendmentDate":1709481600000,"Shape__Length":1.9761771776222214}},{"type":"Feature","id":439466,"geometry":{"type":"LineString","coordinates":[[114.16911618825716,22.317490646297887,4.4388999999937369],[114.16911461064129,22.317498240954468,4.4369000000006054]]},"properties":{"OBJECTID":439466,"PedestrianRouteID":290038618,"Location":1,"FeatureType":1,"AliasNameEN":"Portland Street","AliasNameTC":"砵蘭街","CrossingFeature":null,"WeatherProof":2,"WheelchairBarrier":2,"WheelchairAccess":2,"ObstaclesType":null,"Gradient":0.0023438199999999999,"Direction":0,"PositionCertainty":1,"Enabled":1,"DataSource":1,"LevelSource":2,"StreetNameEN":"Portland Street","StreetNameTC":"砵蘭街","ST_CODE":11777,"FloorID":null,"BuildingID_1":null,"BuildingID_2":null,"SiteID":null,"TerminalID":null,"AccessTimeID":null,"CreationDate":1709481600000,"ModifiedBy":"LANDSD","LastAmendmentDate":1709481600000,"Shape__Length":0.85655545640897757}},{"type":"Feature","id":439467,"geometry":{"type":"LineString","coordinates":[[114.16942225839776,22.317518719535336,4.5461999999970431],[114.16938425748188,22.317512035153491,4.529500000004191]]},"properties":{"OBJECTID":439467,"PedestrianRouteID":290038615,"Location":1,"FeatureType":1,"AliasNameEN":"Shantung Street","AliasNameTC":"山東街","CrossingFeature":null,"WeatherProof":2,"WheelchairBarrier":2,"WheelchairAccess":2,"ObstaclesType":null,"Gradient":0.0041746500000000002,"Direction":0,"PositionCertainty":1,"Enabled":1,"DataSource":1,"LevelSource":2,"StreetNameEN":"Shantung Street","StreetNameTC":"山東街","ST_CODE":11986,"FloorID":null,"BuildingID_1":null,"BuildingID_2":null,"SiteID":null,"TerminalID":null,"AccessTimeID":null,"CreationDate":1709481600000,"ModifiedBy":"LANDSD","LastAmendmentDate":1709481600000,"Shape__Length":3.9846171828576842}},{"type":"Feature","id":439468,"geometry":{"type":"LineString","coordinates":[[114.16944518628843,22.317522752742438,4.5562000000063563],[114.16942225839776,22.317518719535336,4.5461999999970431]]},"properties":{"OBJECTID":439468,"PedestrianRouteID":290038616,"Location":1,"FeatureType":1,"AliasNameEN":"Shantung Street","AliasNameTC":"山東街","CrossingFeature":null,"WeatherProof":2,"WheelchairBarrier":2,"WheelchairAccess":2,"ObstaclesType":null,"Gradient":0.0041746500000000002,"Direction":0,"PositionCertainty":1,"Enabled":1,"DataSource":1,"LevelSource":2,"StreetNameEN":"Shantung Street","StreetNameTC":"山東街","ST_CODE":11986,"FloorID":null,"BuildingID_1":null,"BuildingID_2":null,"SiteID":null,"TerminalID":null,"AccessTimeID":null,"CreationDate":1709481600000,"ModifiedBy":"LANDSD","LastAmendmentDate":1709481600000,"Shape__Length":2.4041263569910725}},{"type":"Feature","id":439469,"geometry":{"type":"LineString","coordinates":[[114.16938425748188,22.317512035153491,4.529500000004191],[114.16936863511067,22.317509287327947,4.5227000000013504]]},"properties":{"OBJECTID":439469,"PedestrianRouteID":290038617,"Location":1,"FeatureType":1,"AliasNameEN":"Shantung Street","AliasNameTC":"山東街","CrossingFeature":null,"WeatherProof":2,"WheelchairBarrier":2,"WheelchairAccess":2,"ObstaclesType":null,"Gradient":0.0041746500000000002,"Direction":0,"PositionCertainty":1,"Enabled":1,"DataSource":1,"LevelSource":2,"StreetNameEN":"Shantung Street","StreetNameTC":"山東街","ST_CODE":11986,"FloorID":null,"BuildingID_1":null,"BuildingID_2":null,"SiteID":null,"TerminalID":null,"AccessTimeID":null,"CreationDate":1709481600000,"ModifiedBy":"LANDSD","LastAmendmentDate":1709481600000,"Shape__Length":1.6380933428168516}},{"type":"Feature","id":439876,"geometry":{"type":"LineString","coordinates":[[114.17166784689763,22.318151399832526,5.6760000000067521],[114.17167107760575,22.318135334505406,5.6793000000034226]]},"properties":{"OBJECTID":439876,"PedestrianRouteID":290039132,"Location":1,"FeatureType":5,"AliasNameEN":"Lane between   and  ","AliasNameTC":" 與 之間的小巷","CrossingFeature":null,"WeatherProof":2,"WheelchairBarrier":1,"WheelchairAccess":2,"ObstaclesType":null,"Gradient":0.00180696,"Direction":0,"PositionCertainty":1,"Enabled":1,"DataSource":1,"LevelSource":2,"StreetNameEN":null,"StreetNameTC":null,"ST_CODE":800563,"FloorID":null,"BuildingID_1":null,"BuildingID_2":1109261303,"SiteID":null,"TerminalID":null,"AccessTimeID":null,"CreationDate":1709654400000,"ModifiedBy":"LANDSD","LastAmendmentDate":1709654400000,"Shape__Length":1.8098609993626893}},{"type":"Feature","id":439877,"geometry":{"type":"LineString","coordinates":[[114.17179847553966,22.318555314483913,5.4361000000062631],[114.17177309212114,22.318677558153464,5.3540999999968335]]},"properties":{"OBJECTID":439877,"PedestrianRouteID":240006075,"Location":1,"FeatureType":1,"AliasNameEN":"Sai Yee Street","AliasNameTC":"洗衣街","CrossingFeature":null,"WeatherProof":2,"WheelchairBarrier":2,"WheelchairAccess":2,"ObstaclesType":null,"Gradient":0.0059494200000000004,"Direction":0,"PositionCertainty":1,"Enabled":1,"DataSource":1,"LevelSource":2,"StreetNameEN":"Sai Yee Street","StreetNameTC":"洗衣街","ST_CODE":11861,"FloorID":null,"BuildingID_1":null,"BuildingID_2":null,"SiteID":null,"TerminalID":null,"AccessTimeID":null,"CreationDate":1709654400000,"ModifiedBy":"LANDSD","LastAmendmentDate":1709654400000,"Shape__Length":13.786929533425939}},{"type":"Feature","id":439878,"geometry":{"type":"LineString","coordinates":[[114.17159392483146,22.318519003208014,5.5513000000064494],[114.17159997855731,22.318488898107486,5.6073000000033062]]},"properties":{"OBJECTID":439878,"PedestrianRouteID":290039113,"Location":1,"FeatureType":5,"AliasNameEN":"Lane between   and The Platinum","AliasNameTC":" 與金國中心之間的小巷","CrossingFeature":null,"WeatherProof":2,"WheelchairBarrier":1,"WheelchairAccess":2,"ObstaclesType":null,"Gradient":0.01649979,"Direction":0,"PositionCertainty":1,"Enabled":1,"DataSource":1,"LevelSource":2,"StreetNameEN":"Nelson Street","StreetNameTC":"奶路臣街","ST_CODE":11506,"FloorID":null,"BuildingID_1":null,"BuildingID_2":1108235466,"SiteID":null,"TerminalID":null,"AccessTimeID":null,"CreationDate":1709654400000,"ModifiedBy":"LANDSD","LastAmendmentDate":1709654400000,"Shape__Length":3.391523646582546}},{"type":"Feature","id":439881,"geometry":{"type":"LineString","coordinates":[[114.17167107760575,22.318135334505406,5.6793000000034226],[114.17167475874827,22.318117028701678,5.6830000000045402]]},"properties":{"OBJECTID":439881,"PedestrianRouteID":290039130,"Location":1,"FeatureType":5,"AliasNameEN":"Lane between   and  ","AliasNameTC":" 與 之間的小巷","CrossingFeature":null,"WeatherProof":2,"WheelchairBarrier":1,"WheelchairAccess":2,"ObstaclesType":null,"Gradient":0.00180696,"Direction":0,"PositionCertainty":1,"Enabled":1,"DataSource":1,"LevelSource":2,"StreetNameEN":null,"StreetNameTC":null,"ST_CODE":800563,"FloorID":null,"BuildingID_1":null,"BuildingID_2":1109261303,"SiteID":null,"TerminalID":null,"AccessTimeID":null,"CreationDate":1709654400000,"ModifiedBy":"LANDSD","LastAmendmentDate":1709654400000,"Shape__Length":2.0622626050991322}},{"type":"Feature","id":439883,"geometry":{"type":"LineString","coordinates":[[114.17166528698806,22.318164129278845,5.673399999999674],[114.17166784689763,22.318151399832526,5.6760000000067521]]},"properties":{"OBJECTID":439883,"PedestrianRouteID":290039129,"Location":1,"FeatureType":5,"AliasNameEN":"Lane between   and  ","AliasNameTC":" 與 之間的小巷","CrossingFeature":null,"WeatherProof":2,"WheelchairBarrier":1,"WheelchairAccess":2,"ObstaclesType":null,"Gradient":0.00180696,"Direction":0,"PositionCertainty":1,"Enabled":1,"DataSource":1,"LevelSource":2,"StreetNameEN":null,"StreetNameTC":null,"ST_CODE":800563,"FloorID":null,"BuildingID_1":null,"BuildingID_2":1109261303,"SiteID":null,"TerminalID":null,"AccessTimeID":null,"CreationDate":1709654400000,"ModifiedBy":"LANDSD","LastAmendmentDate":1709654400000,"Shape__Length":1.434053643467085}},{"type":"Feature","id":439891,"geometry":{"type":"LineString","coordinates":[[114.17159997855731,22.318488898107486,5.6073000000033062],[114.17161324995396,22.318422899331122,5.6206999999994878]]},"properties":{"OBJECTID":439891,"PedestrianRouteID":290039131,"Location":1,"FeatureType":5,"AliasNameEN":"Lane between   and  ","AliasNameTC":" 與 之間的小巷","CrossingFeature":null,"WeatherProof":2,"WheelchairBarrier":1,"WheelchairAccess":2,"ObstaclesType":null,"Gradient":0.00180696,"Direction":0,"PositionCertainty":1,"Enabled":1,"DataSource":1,"LevelSource":2,"StreetNameEN":null,"StreetNameTC":null,"ST_CODE":800563,"FloorID":null,"BuildingID_1":null,"BuildingID_2":1109261303,"SiteID":null,"TerminalID":null,"AccessTimeID":null,"CreationDate":1709654400000,"ModifiedBy":"LANDSD","LastAmendmentDate":1709654400000,"Shape__Length":7.4351646243488387}},{"type":"Feature","id":439895,"geometry":{"type":"LineString","coordinates":[[114.17179404034697,22.318138115279158,5.6959999999962747],[114.17176512865124,22.318133004867541,5.6928999999945518]]},"properties":{"OBJECTID":439895,"PedestrianRouteID":290039124,"Location":1,"FeatureType":5,"AliasNameEN":"Lane between   and  ","AliasNameTC":"四海大樓與 之間的小巷","CrossingFeature":null,"WeatherProof":2,"WheelchairBarrier":1,"WheelchairAccess":2,"ObstaclesType":null,"Gradient":0.00104042,"Direction":0,"PositionCertainty":1,"Enabled":1,"DataSource":1,"LevelSource":2,"StreetNameEN":null,"StreetNameTC":null,"ST_CODE":800563,"FloorID":null,"BuildingID_1":null,"BuildingID_2":1108246375,"SiteID":null,"TerminalID":null,"AccessTimeID":null,"CreationDate":1709654400000,"ModifiedBy":"LANDSD","LastAmendmentDate":1709654400000,"Shape__Length":3.032058555452148}},{"type":"Feature","id":439896,"geometry":{"type":"LineString","coordinates":[[114.17176512865124,22.318133004867541,5.6928999999945518],[114.17174348176297,22.318129177926494,5.6904999999969732]]},"properties":{"OBJECTID":439896,"PedestrianRouteID":290039125,"Location":1,"FeatureType":5,"AliasNameEN":"Lane between   and  ","AliasNameTC":"四海大樓與 之間的小巷","CrossingFeature":null,"WeatherProof":2,"WheelchairBarrier":1,"WheelchairAccess":2,"ObstaclesType":null,"Gradient":0.00104042,"Direction":0,"PositionCertainty":1,"Enabled":1,"DataSource":1,"LevelSource":2,"StreetNameEN":null,"StreetNameTC":null,"ST_CODE":800563,"FloorID":null,"BuildingID_1":null,"BuildingID_2":1108246375,"SiteID":null,"TerminalID":null,"AccessTimeID":null,"CreationDate":1709654400000,"ModifiedBy":"LANDSD","LastAmendmentDate":1709654400000,"Shape__Length":2.2701893707501015}},{"type":"Feature","id":441765,"geometry":{"type":"LineString","coordinates":[[114.16897300314793,22.318179854518029,4.4921999999933178],[114.16895860252266,22.318249170865943,4.512300000002142]]},"properties":{"OBJECTID":441765,"PedestrianRouteID":290041163,"Location":1,"FeatureType":1,"AliasNameEN":"Portland Street","AliasNameTC":"砵蘭街","CrossingFeature":null,"WeatherProof":2,"WheelchairBarrier":2,"WheelchairAccess":2,"ObstaclesType":null,"Gradient":0.0025669,"Direction":0,"PositionCertainty":1,"Enabled":1,"DataSource":1,"LevelSource":2,"StreetNameEN":"Portland Street","StreetNameTC":"砵蘭街","ST_CODE":11777,"FloorID":null,"BuildingID_1":null,"BuildingID_2":null,"SiteID":null,"TerminalID":null,"AccessTimeID":null,"CreationDate":1712851200000,"ModifiedBy":"LANDSD","LastAmendmentDate":1712851200000,"Shape__Length":7.8178056076552256}},{"type":"Feature","id":441766,"geometry":{"type":"LineString","coordinates":[[114.16909319873675,22.317601307034327,4.4095999999990454],[114.16908446698132,22.31764333501286,4.3984999999956926]]},"properties":{"OBJECTID":441766,"PedestrianRouteID":240006613,"Location":1,"FeatureType":1,"AliasNameEN":"Portland Street","AliasNameTC":"砵蘭街","CrossingFeature":null,"WeatherProof":2,"WheelchairBarrier":2,"WheelchairAccess":2,"ObstaclesType":null,"Gradient":0.0023438199999999999,"Direction":0,"PositionCertainty":1,"Enabled":1,"DataSource":1,"LevelSource":2,"StreetNameEN":"Portland Street","StreetNameTC":"砵蘭街","ST_CODE":11777,"FloorID":null,"BuildingID_1":null,"BuildingID_2":null,"SiteID":null,"TerminalID":null,"AccessTimeID":null,"CreationDate":1712851200000,"ModifiedBy":"LANDSD","LastAmendmentDate":1712851200000,"Shape__Length":4.7401093185058283}},{"type":"Feature","id":441767,"geometry":{"type":"LineString","coordinates":[[114.1690705315002,22.317710414518867,4.3807999999989988],[114.16906958395704,22.317714973118498,4.3796000000002095]]},"properties":{"OBJECTID":441767,"PedestrianRouteID":290041170,"Location":1,"FeatureType":1,"AliasNameEN":"Portland Street","AliasNameTC":"砵蘭街","CrossingFeature":null,"WeatherProof":2,"WheelchairBarrier":2,"WheelchairAccess":2,"ObstaclesType":null,"Gradient":0.0023438199999999999,"Direction":0,"PositionCertainty":1,"Enabled":1,"DataSource":1,"LevelSource":2,"StreetNameEN":"Portland Street","StreetNameTC":"砵蘭街","ST_CODE":11777,"FloorID":null,"BuildingID_1":null,"BuildingID_2":null,"SiteID":null,"TerminalID":null,"AccessTimeID":null,"CreationDate":1712851200000,"ModifiedBy":"LANDSD","LastAmendmentDate":1712851200000,"Shape__Length":0.51414861595247052}},{"type":"Feature","id":441768,"geometry":{"type":"LineString","coordinates":[[114.16905668920703,22.317777041594709,4.3804999999993015],[114.16905318348742,22.317793915095542,4.3804999999993015]]},"properties":{"OBJECTID":441768,"PedestrianRouteID":290041168,"Location":1,"FeatureType":7,"AliasNameEN":"Portland Street RunIn","AliasNameTC":"砵蘭街車輛出入口","CrossingFeature":null,"WeatherProof":2,"WheelchairBarrier":2,"WheelchairAccess":2,"ObstaclesType":null,"Gradient":0.00010108,"Direction":0,"PositionCertainty":1,"Enabled":1,"DataSource":1,"LevelSource":2,"StreetNameEN":"Portland Street","StreetNameTC":"砵蘭街","ST_CODE":11777,"FloorID":null,"BuildingID_1":null,"BuildingID_2":null,"SiteID":null,"TerminalID":null,"AccessTimeID":null,"CreationDate":1712851200000,"ModifiedBy":"LANDSD","LastAmendmentDate":1712851200000,"Shape__Length":1.9030726383134633}},{"type":"Feature","id":441769,"geometry":{"type":"LineString","coordinates":[[114.16905318348742,22.317793915095542,4.3804999999993015],[114.16903275593069,22.317892239244856,4.4089999999996508]]},"properties":{"OBJECTID":441769,"PedestrianRouteID":290041164,"Location":1,"FeatureType":1,"AliasNameEN":"Portland Street","AliasNameTC":"砵蘭街","CrossingFeature":null,"WeatherProof":2,"WheelchairBarrier":2,"WheelchairAccess":2,"ObstaclesType":null,"Gradient":0.0025669,"Direction":0,"PositionCertainty":1,"Enabled":1,"DataSource":1,"LevelSource":2,"StreetNameEN":"Portland Street","StreetNameTC":"砵蘭街","ST_CODE":11777,"FloorID":null,"BuildingID_1":null,"BuildingID_2":null,"SiteID":null,"TerminalID":null,"AccessTimeID":null,"CreationDate":1712851200000,"ModifiedBy":"LANDSD","LastAmendmentDate":1712851200000,"Shape__Length":11.089444565701044}},{"type":"Feature","id":441770,"geometry":{"type":"LineString","coordinates":[[114.16903275593069,22.317892239244856,4.4089999999996508],[114.1690179767343,22.31796337615047,4.4296000000031199]]},"properties":{"OBJECTID":441770,"PedestrianRouteID":290041165,"Location":1,"FeatureType":1,"AliasNameEN":"Portland Street","AliasNameTC":"砵蘭街","CrossingFeature":null,"WeatherProof":2,"WheelchairBarrier":2,"WheelchairAccess":2,"ObstaclesType":null,"Gradient":0.0025669,"Direction":0,"PositionCertainty":1,"Enabled":1,"DataSource":1,"LevelSource":2,"StreetNameEN":"Portland Street","StreetNameTC":"砵蘭街","ST_CODE":11777,"FloorID":null,"BuildingID_1":null,"BuildingID_2":null,"SiteID":null,"TerminalID":null,"AccessTimeID":null,"CreationDate":1712851200000,"ModifiedBy":"LANDSD","LastAmendmentDate":1712851200000,"Shape__Length":8.0231432787836106}},{"type":"Feature","id":441771,"geometry":{"type":"LineString","coordinates":[[114.16897852631259,22.318153268711704,4.4845000000059372],[114.16897300314793,22.318179854518029,4.4921999999933178]]},"properties":{"OBJECTID":441771,"PedestrianRouteID":290041166,"Location":1,"FeatureType":1,"AliasNameEN":"Portland Street","AliasNameTC":"砵蘭街","CrossingFeature":null,"WeatherProof":2,"WheelchairBarrier":2,"WheelchairAccess":2,"ObstaclesType":null,"Gradient":0.0025669,"Direction":0,"PositionCertainty":1,"Enabled":1,"DataSource":1,"LevelSource":2,"StreetNameEN":"Portland Street","StreetNameTC":"砵蘭街","ST_CODE":11777,"FloorID":null,"BuildingID_1":null,"BuildingID_2":null,"SiteID":null,"TerminalID":null,"AccessTimeID":null,"CreationDate":1712851200000,"ModifiedBy":"LANDSD","LastAmendmentDate":1712851200000,"Shape__Length":2.9984634750377595}},{"type":"Feature","id":441772,"geometry":{"type":"LineString","coordinates":[[114.1691801796418,22.318313011526762,4.7584000000060769],[114.16919173837157,22.318259848955325,4.6992999999929452]]},"properties":{"OBJECTID":441772,"PedestrianRouteID":290041162,"Location":1,"FeatureType":1,"AliasNameEN":"Nelson Street","AliasNameTC":"奶路臣街","CrossingFeature":null,"WeatherProof":2,"WheelchairBarrier":2,"WheelchairAccess":2,"ObstaclesType":null,"Gradient":0.00098638999999999997,"Direction":0,"PositionCertainty":1,"Enabled":1,"DataSource":1,"LevelSource":2,"StreetNameEN":"Nelson Street","StreetNameTC":"奶路臣街","ST_CODE":11506,"FloorID":null,"BuildingID_1":null,"BuildingID_2":null,"SiteID":null,"TerminalID":null,"AccessTimeID":null,"CreationDate":1712851200000,"ModifiedBy":"LANDSD","LastAmendmentDate":1712851200000,"Shape__Length":6.0061882554392909}},{"type":"Feature","id":441773,"geometry":{"type":"LineString","coordinates":[[114.16907703517934,22.317679110267999,4.389100000000326],[114.1690705315002,22.317710414518867,4.3807999999989988]]},"properties":{"OBJECTID":441773,"PedestrianRouteID":290041171,"Location":1,"FeatureType":1,"AliasNameEN":"Portland Street","AliasNameTC":"砵蘭街","CrossingFeature":null,"WeatherProof":2,"WheelchairBarrier":2,"WheelchairAccess":2,"ObstaclesType":null,"Gradient":0.0023438199999999999,"Direction":0,"PositionCertainty":1,"Enabled":1,"DataSource":1,"LevelSource":2,"StreetNameEN":"Portland Street","StreetNameTC":"砵蘭街","ST_CODE":11777,"FloorID":null,"BuildingID_1":null,"BuildingID_2":null,"SiteID":null,"TerminalID":null,"AccessTimeID":null,"CreationDate":1712851200000,"ModifiedBy":"LANDSD","LastAmendmentDate":1712851200000,"Shape__Length":3.5306356746705183}},{"type":"Feature","id":441774,"geometry":{"type":"LineString","coordinates":[[114.16926452891896,22.318273127343463,4.7255000000004657],[114.16927965443088,22.318275886895432,4.7309999999997672]]},"properties":{"OBJECTID":441774,"PedestrianRouteID":290041159,"Location":1,"FeatureType":1,"AliasNameEN":"Nelson Street","AliasNameTC":"奶路臣街","CrossingFeature":null,"WeatherProof":2,"WheelchairBarrier":2,"WheelchairAccess":2,"ObstaclesType":null,"Gradient":0.00098638999999999997,"Direction":0,"PositionCertainty":1,"Enabled":1,"DataSource":1,"LevelSource":2,"StreetNameEN":"Nelson Street","StreetNameTC":"奶路臣街","ST_CODE":11506,"FloorID":null,"BuildingID_1":null,"BuildingID_2":null,"SiteID":null,"TerminalID":null,"AccessTimeID":null,"CreationDate":1712851200000,"ModifiedBy":"LANDSD","LastAmendmentDate":1712851200000,"Shape__Length":1.5880619663359956}},{"type":"Feature","id":441775,"geometry":{"type":"LineString","coordinates":[[114.16941264812148,22.318300148310392,4.7789999999949941],[114.16944448702652,22.318305956436696,4.790500000002794]]},"properties":{"OBJECTID":441775,"PedestrianRouteID":290041160,"Location":1,"FeatureType":1,"AliasNameEN":"Nelson Street","AliasNameTC":"奶路臣街","CrossingFeature":null,"WeatherProof":2,"WheelchairBarrier":2,"WheelchairAccess":2,"ObstaclesType":null,"Gradient":0.00098638999999999997,"Direction":0,"PositionCertainty":1,"Enabled":1,"DataSource":1,"LevelSource":2,"StreetNameEN":"Nelson Street","StreetNameTC":"奶路臣街","ST_CODE":11506,"FloorID":null,"BuildingID_1":null,"BuildingID_2":null,"SiteID":null,"TerminalID":null,"AccessTimeID":null,"CreationDate":1712851200000,"ModifiedBy":"LANDSD","LastAmendmentDate":1712851200000,"Shape__Length":3.3428241291835463}},{"type":"Feature","id":441776,"geometry":{"type":"LineString","coordinates":[[114.16921591356309,22.31826425882911,4.7079999999987194],[114.16926452891896,22.318273127343463,4.7255000000004657]]},"properties":{"OBJECTID":441776,"PedestrianRouteID":290041161,"Location":1,"FeatureType":1,"AliasNameEN":"Nelson Street","AliasNameTC":"奶路臣街","CrossingFeature":null,"WeatherProof":2,"WheelchairBarrier":2,"WheelchairAccess":2,"ObstaclesType":null,"Gradient":0.00098638999999999997,"Direction":0,"PositionCertainty":1,"Enabled":1,"DataSource":1,"LevelSource":2,"StreetNameEN":"Nelson Street","StreetNameTC":"奶路臣街","ST_CODE":11506,"FloorID":null,"BuildingID_1":null,"BuildingID_2":null,"SiteID":null,"TerminalID":null,"AccessTimeID":null,"CreationDate":1712851200000,"ModifiedBy":"LANDSD","LastAmendmentDate":1712851200000,"Shape__Length":5.1042149695797017}},{"type":"Feature","id":441777,"geometry":{"type":"LineString","coordinates":[[114.1691801796418,22.318313011526762,4.7584000000060769],[114.16913984428852,22.31830571831593,4.7084000000031665]]},"properties":{"OBJECTID":441777,"PedestrianRouteID":290041153,"Location":1,"FeatureType":1,"AliasNameEN":"Nelson Street","AliasNameTC":"奶路臣街","CrossingFeature":null,"WeatherProof":2,"WheelchairBarrier":2,"WheelchairAccess":2,"ObstaclesType":null,"Gradient":0.011807089999999999,"Direction":0,"PositionCertainty":1,"Enabled":1,"DataSource":1,"LevelSource":2,"StreetNameEN":"Nelson Street","StreetNameTC":"奶路臣街","ST_CODE":11506,"FloorID":null,"BuildingID_1":null,"BuildingID_2":null,"SiteID":null,"TerminalID":null,"AccessTimeID":null,"CreationDate":1712851200000,"ModifiedBy":"LANDSD","LastAmendmentDate":1712851200000,"Shape__Length":4.2335054515510322}},{"type":"Feature","id":441778,"geometry":{"type":"LineString","coordinates":[[114.16912132562828,22.318302369794807,4.6855000000068685],[114.16907407101952,22.318293826404105,4.6269000000029337]]},"properties":{"OBJECTID":441778,"PedestrianRouteID":290041154,"Location":1,"FeatureType":1,"AliasNameEN":"Nelson Street","AliasNameTC":"奶路臣街","CrossingFeature":null,"WeatherProof":2,"WheelchairBarrier":2,"WheelchairAccess":2,"ObstaclesType":null,"Gradient":0.011807089999999999,"Direction":0,"PositionCertainty":1,"Enabled":1,"DataSource":1,"LevelSource":2,"StreetNameEN":"Nelson Street","StreetNameTC":"奶路臣街","ST_CODE":11506,"FloorID":null,"BuildingID_1":null,"BuildingID_2":null,"SiteID":null,"TerminalID":null,"AccessTimeID":null,"CreationDate":1712851200000,"ModifiedBy":"LANDSD","LastAmendmentDate":1712851200000,"Shape__Length":4.9597154478234886}},{"type":"Feature","id":441779,"geometry":{"type":"LineString","coordinates":[[114.16919173837157,22.318259848955325,4.6992999999929452],[114.16921591356309,22.31826425882911,4.7079999999987194]]},"properties":{"OBJECTID":441779,"PedestrianRouteID":290041158,"Location":1,"FeatureType":1,"AliasNameEN":"Nelson Street","AliasNameTC":"奶路臣街","CrossingFeature":null,"WeatherProof":2,"WheelchairBarrier":2,"WheelchairAccess":2,"ObstaclesType":null,"Gradient":0.00098638999999999997,"Direction":0,"PositionCertainty":1,"Enabled":1,"DataSource":1,"LevelSource":2,"StreetNameEN":"Nelson Street","StreetNameTC":"奶路臣街","ST_CODE":11506,"FloorID":null,"BuildingID_1":null,"BuildingID_2":null,"SiteID":null,"TerminalID":null,"AccessTimeID":null,"CreationDate":1712851200000,"ModifiedBy":"LANDSD","LastAmendmentDate":1712851200000,"Shape__Length":2.5381930341385486}},{"type":"Feature","id":441780,"geometry":{"type":"LineString","coordinates":[[114.16913984428852,22.31830571831593,4.7084000000031665],[114.16912132562828,22.318302369794807,4.6855000000068685]]},"properties":{"OBJECTID":441780,"PedestrianRouteID":290041155,"Location":1,"FeatureType":1,"AliasNameEN":"Nelson Street","AliasNameTC":"奶路臣街","CrossingFeature":null,"WeatherProof":2,"WheelchairBarrier":2,"WheelchairAccess":2,"ObstaclesType":null,"Gradient":0.011807089999999999,"Direction":0,"PositionCertainty":1,"Enabled":1,"DataSource":1,"LevelSource":2,"StreetNameEN":"Nelson Street","StreetNameTC":"奶路臣街","ST_CODE":11506,"FloorID":null,"BuildingID_1":null,"BuildingID_2":null,"SiteID":null,"TerminalID":null,"AccessTimeID":null,"CreationDate":1712851200000,"ModifiedBy":"LANDSD","LastAmendmentDate":1712851200000,"Shape__Length":1.9436775682219976}},{"type":"Feature","id":441781,"geometry":{"type":"LineString","coordinates":[[114.16927965443088,22.318275886895432,4.7309999999997672],[114.16929686668963,22.31827902673103,4.7372000000032131]]},"properties":{"OBJECTID":441781,"PedestrianRouteID":290041156,"Location":1,"FeatureType":1,"AliasNameEN":"Nelson Street","AliasNameTC":"奶路臣街","CrossingFeature":null,"WeatherProof":2,"WheelchairBarrier":2,"WheelchairAccess":2,"ObstaclesType":null,"Gradient":0.00098638999999999997,"Direction":0,"PositionCertainty":1,"Enabled":1,"DataSource":1,"LevelSource":2,"StreetNameEN":"Nelson Street","StreetNameTC":"奶路臣街","ST_CODE":11506,"FloorID":null,"BuildingID_1":null,"BuildingID_2":null,"SiteID":null,"TerminalID":null,"AccessTimeID":null,"CreationDate":1712851200000,"ModifiedBy":"LANDSD","LastAmendmentDate":1712851200000,"Shape__Length":1.8071450747068538}},{"type":"Feature","id":441782,"geometry":{"type":"LineString","coordinates":[[114.16929686668963,22.31827902673103,4.7372000000032131],[114.16934472694463,22.318287757921187,4.7544999999954598]]},"properties":{"OBJECTID":441782,"PedestrianRouteID":290041157,"Location":1,"FeatureType":1,"AliasNameEN":"Nelson Street","AliasNameTC":"奶路臣街","CrossingFeature":null,"WeatherProof":2,"WheelchairBarrier":2,"WheelchairAccess":2,"ObstaclesType":null,"Gradient":0.00098638999999999997,"Direction":0,"PositionCertainty":1,"Enabled":1,"DataSource":1,"LevelSource":2,"StreetNameEN":"Nelson Street","StreetNameTC":"奶路臣街","ST_CODE":11506,"FloorID":null,"BuildingID_1":null,"BuildingID_2":null,"SiteID":null,"TerminalID":null,"AccessTimeID":null,"CreationDate":1712851200000,"ModifiedBy":"LANDSD","LastAmendmentDate":1712851200000,"Shape__Length":5.0249440559135046}},{"type":"Feature","id":441783,"geometry":{"type":"LineString","coordinates":[[114.16899045999152,22.318095825669314,4.4679000000032829],[114.16897852631259,22.318153268711704,4.4845000000059372]]},"properties":{"OBJECTID":441783,"PedestrianRouteID":290041167,"Location":1,"FeatureType":1,"AliasNameEN":"Portland Street","AliasNameTC":"砵蘭街","CrossingFeature":null,"WeatherProof":2,"WheelchairBarrier":2,"WheelchairAccess":2,"ObstaclesType":null,"Gradient":0.0025669,"Direction":0,"PositionCertainty":1,"Enabled":1,"DataSource":1,"LevelSource":2,"StreetNameEN":"Portland Street","StreetNameTC":"砵蘭街","ST_CODE":11777,"FloorID":null,"BuildingID_1":null,"BuildingID_2":null,"SiteID":null,"TerminalID":null,"AccessTimeID":null,"CreationDate":1712851200000,"ModifiedBy":"LANDSD","LastAmendmentDate":1712851200000,"Shape__Length":6.4786768428717911}},{"type":"Feature","id":447296,"geometry":{"type":"LineString","coordinates":[[114.1700518814004,22.317631236700418,5.0282000000006519],[114.17002637659907,22.317626652604648,4.9992000000056578]]},"properties":{"OBJECTID":447296,"PedestrianRouteID":290046932,"Location":1,"FeatureType":1,"AliasNameEN":"Shantung Street","AliasNameTC":"山東街","CrossingFeature":null,"WeatherProof":2,"WheelchairBarrier":2,"WheelchairAccess":2,"ObstaclesType":null,"Gradient":0.010801389999999999,"Direction":0,"PositionCertainty":1,"Enabled":1,"DataSource":1,"LevelSource":2,"StreetNameEN":"Shantung Street","StreetNameTC":"山東街","ST_CODE":11986,"FloorID":null,"BuildingID_1":null,"BuildingID_2":null,"SiteID":null,"TerminalID":null,"AccessTimeID":null,"CreationDate":1728316800000,"ModifiedBy":"LANDSD","LastAmendmentDate":1730995200000,"Shape__Length":2.676357429376313}},{"type":"Feature","id":447297,"geometry":{"type":"LineString","coordinates":[[114.17000501324766,22.317622812800369,4.9750000000058208],[114.16998336648922,22.317618922409959,4.9505000000062864]]},"properties":{"OBJECTID":447297,"PedestrianRouteID":290046933,"Location":1,"FeatureType":1,"AliasNameEN":"Shantung Street","AliasNameTC":"山東街","CrossingFeature":null,"WeatherProof":2,"WheelchairBarrier":2,"WheelchairAccess":2,"ObstaclesType":null,"Gradient":0.010801389999999999,"Direction":0,"PositionCertainty":1,"Enabled":1,"DataSource":1,"LevelSource":2,"StreetNameEN":"Shantung Street","StreetNameTC":"山東街","ST_CODE":11986,"FloorID":null,"BuildingID_1":null,"BuildingID_2":null,"SiteID":null,"TerminalID":null,"AccessTimeID":null,"CreationDate":1728316800000,"ModifiedBy":"LANDSD","LastAmendmentDate":1759680000000,"Shape__Length":2.2715062359686136}},{"type":"Feature","id":447298,"geometry":{"type":"LineString","coordinates":[[114.16987917710431,22.317600196647952,4.8323999999993248],[114.16987031865908,22.317598604173831,4.8224000000045635]]},"properties":{"OBJECTID":447298,"PedestrianRouteID":290046934,"Location":1,"FeatureType":1,"AliasNameEN":"Shantung Street","AliasNameTC":"山東街","CrossingFeature":null,"WeatherProof":2,"WheelchairBarrier":2,"WheelchairAccess":2,"ObstaclesType":null,"Gradient":0.010801389999999999,"Direction":0,"PositionCertainty":1,"Enabled":1,"DataSource":1,"LevelSource":2,"StreetNameEN":"Shantung Street","StreetNameTC":"山東街","ST_CODE":11986,"FloorID":null,"BuildingID_1":null,"BuildingID_2":null,"SiteID":null,"TerminalID":null,"AccessTimeID":null,"CreationDate":1728316800000,"ModifiedBy":"LANDSD","LastAmendmentDate":1728316800000,"Shape__Length":0.92957139523579546}},{"type":"Feature","id":447299,"geometry":{"type":"LineString","coordinates":[[114.16998336648922,22.317618922409959,4.9505000000062864],[114.16996248842814,22.317615170217351,4.9268000000010943]]},"properties":{"OBJECTID":447299,"PedestrianRouteID":290046935,"Location":1,"FeatureType":1,"AliasNameEN":"Shantung Street","AliasNameTC":"山東街","CrossingFeature":null,"WeatherProof":2,"WheelchairBarrier":2,"WheelchairAccess":2,"ObstaclesType":null,"Gradient":0.010801389999999999,"Direction":0,"PositionCertainty":1,"Enabled":1,"DataSource":1,"LevelSource":2,"StreetNameEN":"Shantung Street","StreetNameTC":"山東街","ST_CODE":11986,"FloorID":null,"BuildingID_1":null,"BuildingID_2":null,"SiteID":null,"TerminalID":null,"AccessTimeID":null,"CreationDate":1728316800000,"ModifiedBy":"LANDSD","LastAmendmentDate":1759680000000,"Shape__Length":2.190841932184342}},{"type":"Feature","id":447300,"geometry":{"type":"LineString","coordinates":[[114.1700263300114,22.317626644475141,4.9992000000056578],[114.17000501324766,22.317622812800369,4.9750000000058208]]},"properties":{"OBJECTID":447300,"PedestrianRouteID":290046936,"Location":1,"FeatureType":1,"AliasNameEN":"Shantung Street","AliasNameTC":"山東街","CrossingFeature":null,"WeatherProof":2,"WheelchairBarrier":2,"WheelchairAccess":2,"ObstaclesType":null,"Gradient":0.010801389999999999,"Direction":0,"PositionCertainty":1,"Enabled":1,"DataSource":1,"LevelSource":2,"StreetNameEN":"Shantung Street","StreetNameTC":"山東街","ST_CODE":11986,"FloorID":null,"BuildingID_1":null,"BuildingID_2":null,"SiteID":null,"TerminalID":null,"AccessTimeID":null,"CreationDate":1728316800000,"ModifiedBy":"LANDSD","LastAmendmentDate":1759680000000,"Shape__Length":2.2368905490468411}},{"type":"Feature","id":447301,"geometry":{"type":"LineString","coordinates":[[114.16996248842814,22.317615170217351,4.9268000000010943],[114.16992557354203,22.317608535676701,4.8849999999947613]]},"properties":{"OBJECTID":447301,"PedestrianRouteID":240007858,"Location":1,"FeatureType":1,"AliasNameEN":"Shantung Street","AliasNameTC":"山東街","CrossingFeature":null,"WeatherProof":2,"WheelchairBarrier":2,"WheelchairAccess":2,"ObstaclesType":null,"Gradient":0.010801389999999999,"Direction":0,"PositionCertainty":1,"Enabled":1,"DataSource":1,"LevelSource":2,"StreetNameEN":"Shantung Street","StreetNameTC":"山東街","ST_CODE":11986,"FloorID":null,"BuildingID_1":null,"BuildingID_2":null,"SiteID":null,"TerminalID":null,"AccessTimeID":null,"CreationDate":1728316800000,"ModifiedBy":"LANDSD","LastAmendmentDate":1728316800000,"Shape__Length":3.8736729092073636}},{"type":"Feature","id":447302,"geometry":{"type":"LineString","coordinates":[[114.16992557354203,22.317608535676701,4.8849999999947613],[114.16991016176738,22.317605765335827,4.8674999999930151]]},"properties":{"OBJECTID":447302,"PedestrianRouteID":290046937,"Location":1,"FeatureType":1,"AliasNameEN":"Shantung Street","AliasNameTC":"山東街","CrossingFeature":null,"WeatherProof":2,"WheelchairBarrier":2,"WheelchairAccess":2,"ObstaclesType":null,"Gradient":0.010801389999999999,"Direction":0,"PositionCertainty":1,"Enabled":1,"DataSource":1,"LevelSource":2,"StreetNameEN":"Shantung Street","StreetNameTC":"山東街","ST_CODE":11986,"FloorID":null,"BuildingID_1":null,"BuildingID_2":null,"SiteID":null,"TerminalID":null,"AccessTimeID":null,"CreationDate":1728316800000,"ModifiedBy":"LANDSD","LastAmendmentDate":1728316800000,"Shape__Length":1.6172480645571103}},{"type":"Feature","id":448022,"geometry":{"type":"LineString","coordinates":[[114.16973672503039,22.318145276355292,5.0136000000056811],[114.16971868218123,22.318233459332262,5.0486999999993714]]},"properties":{"OBJECTID":448022,"PedestrianRouteID":290047898,"Location":1,"FeatureType":1,"AliasNameEN":"Nathan Road","AliasNameTC":"彌敦道","CrossingFeature":null,"WeatherProof":2,"WheelchairBarrier":2,"WheelchairAccess":2,"ObstaclesType":null,"Gradient":0.00353098,"Direction":0,"PositionCertainty":1,"Enabled":1,"DataSource":1,"LevelSource":12,"StreetNameEN":"Nathan Road","StreetNameTC":"彌敦道","ST_CODE":11504,"FloorID":null,"BuildingID_1":null,"BuildingID_2":null,"SiteID":null,"TerminalID":null,"AccessTimeID":null,"CreationDate":1730995200000,"ModifiedBy":"LANDSD","LastAmendmentDate":1730995200000,"Shape__Length":9.9402840634447216}},{"type":"Feature","id":448023,"geometry":{"type":"LineString","coordinates":[[114.16971355717307,22.318258506367574,5.0586999999941327],[114.16970785937322,22.318286357377385,5.0697999999974854]]},"properties":{"OBJECTID":448023,"PedestrianRouteID":290047899,"Location":1,"FeatureType":1,"AliasNameEN":"Nathan Road","AliasNameTC":"彌敦道","CrossingFeature":null,"WeatherProof":2,"WheelchairBarrier":2,"WheelchairAccess":2,"ObstaclesType":null,"Gradient":0.00353098,"Direction":0,"PositionCertainty":1,"Enabled":1,"DataSource":1,"LevelSource":12,"StreetNameEN":"Nathan Road","StreetNameTC":"彌敦道","ST_CODE":11504,"FloorID":null,"BuildingID_1":null,"BuildingID_2":null,"SiteID":null,"TerminalID":null,"AccessTimeID":null,"CreationDate":1730995200000,"ModifiedBy":"LANDSD","LastAmendmentDate":1730995200000,"Shape__Length":3.1394465135456695}},{"type":"Feature","id":448024,"geometry":{"type":"LineString","coordinates":[[114.16971868218123,22.318233459332262,5.0486999999993714],[114.16971355717307,22.318258506367574,5.0586999999941327]]},"properties":{"OBJECTID":448024,"PedestrianRouteID":290047900,"Location":1,"FeatureType":1,"AliasNameEN":"Nathan Road","AliasNameTC":"彌敦道","CrossingFeature":null,"WeatherProof":2,"WheelchairBarrier":2,"WheelchairAccess":2,"ObstaclesType":null,"Gradient":0.00353098,"Direction":0,"PositionCertainty":1,"Enabled":1,"DataSource":1,"LevelSource":12,"StreetNameEN":"Nathan Road","StreetNameTC":"彌敦道","ST_CODE":11504,"FloorID":null,"BuildingID_1":null,"BuildingID_2":null,"SiteID":null,"TerminalID":null,"AccessTimeID":null,"CreationDate":1730995200000,"ModifiedBy":"LANDSD","LastAmendmentDate":1730995200000,"Shape__Length":2.8233907584737672}},{"type":"Feature","id":448025,"geometry":{"type":"LineString","coordinates":[[114.16970785937322,22.318286357377385,5.0697999999974854],[114.169702140213,22.318314309528638,4.9159999999974389]]},"properties":{"OBJECTID":448025,"PedestrianRouteID":290047927,"Location":1,"FeatureType":1,"AliasNameEN":"Nathan Road","AliasNameTC":"彌敦道","CrossingFeature":null,"WeatherProof":3,"WheelchairBarrier":2,"WheelchairAccess":2,"ObstaclesType":null,"Gradient":0.014676059999999999,"Direction":0,"PositionCertainty":1,"Enabled":1,"DataSource":1,"LevelSource":2,"StreetNameEN":"Nathan Road","StreetNameTC":"彌敦道","ST_CODE":11504,"FloorID":null,"BuildingID_1":null,"BuildingID_2":null,"SiteID":null,"TerminalID":null,"AccessTimeID":null,"CreationDate":1730995200000,"ModifiedBy":"LANDSD","LastAmendmentDate":1730995200000,"Shape__Length":3.1508603430689721}},{"type":"Feature","id":448077,"geometry":{"type":"LineString","coordinates":[[114.17073807216896,22.320917852187055,5.8818999999930384],[114.17072217979275,22.320999045647827,5.8721999999979744]]},"properties":{"OBJECTID":448077,"PedestrianRouteID":240006015,"Location":1,"FeatureType":1,"AliasNameEN":"Fa Yuen Street","AliasNameTC":"花園街","CrossingFeature":null,"WeatherProof":2,"WheelchairBarrier":2,"WheelchairAccess":2,"ObstaclesType":null,"Gradient":0.0010658099999999999,"Direction":0,"PositionCertainty":1,"Enabled":1,"DataSource":1,"LevelSource":2,"StreetNameEN":"Fa Yuen Street","StreetNameTC":"花園街","ST_CODE":10419,"FloorID":null,"BuildingID_1":null,"BuildingID_2":null,"SiteID":null,"TerminalID":null,"AccessTimeID":null,"CreationDate":1730995200000,"ModifiedBy":"LANDSD","LastAmendmentDate":1730995200000,"Shape__Length":9.1388100980000821}},{"type":"Feature","id":448078,"geometry":{"type":"LineString","coordinates":[[114.17076574252894,22.320776478391135,5.8989000000001397],[114.17076317567879,22.320789591619011,5.8972999999969034]]},"properties":{"OBJECTID":448078,"PedestrianRouteID":290047888,"Location":1,"FeatureType":1,"AliasNameEN":"Fa Yuen Street","AliasNameTC":"花園街","CrossingFeature":null,"WeatherProof":2,"WheelchairBarrier":2,"WheelchairAccess":2,"ObstaclesType":null,"Gradient":0.0010658099999999999,"Direction":0,"PositionCertainty":1,"Enabled":1,"DataSource":1,"LevelSource":2,"StreetNameEN":"Fa Yuen Street","StreetNameTC":"花園街","ST_CODE":10419,"FloorID":null,"BuildingID_1":null,"BuildingID_2":null,"SiteID":null,"TerminalID":null,"AccessTimeID":null,"CreationDate":1730995200000,"ModifiedBy":"LANDSD","LastAmendmentDate":1730995200000,"Shape__Length":1.4759748554992735}},{"type":"Feature","id":448079,"geometry":{"type":"LineString","coordinates":[[114.1707506064549,22.320853809499859,5.8895999999949709],[114.17073807216896,22.320917852187055,5.8818999999930384]]},"properties":{"OBJECTID":448079,"PedestrianRouteID":290047889,"Location":1,"FeatureType":1,"AliasNameEN":"Fa Yuen Street","AliasNameTC":"花園街","CrossingFeature":null,"WeatherProof":2,"WheelchairBarrier":2,"WheelchairAccess":2,"ObstaclesType":null,"Gradient":0.0010658099999999999,"Direction":0,"PositionCertainty":1,"Enabled":1,"DataSource":1,"LevelSource":2,"StreetNameEN":"Fa Yuen Street","StreetNameTC":"花園街","ST_CODE":10419,"FloorID":null,"BuildingID_1":null,"BuildingID_2":null,"SiteID":null,"TerminalID":null,"AccessTimeID":null,"CreationDate":1730995200000,"ModifiedBy":"LANDSD","LastAmendmentDate":1730995200000,"Shape__Length":7.208367808140471}},{"type":"Feature","id":448080,"geometry":{"type":"LineString","coordinates":[[114.17059647844178,22.32055876424193,5.7410999999992782],[114.17054179597231,22.320548947681726,5.6668999999965308]]},"properties":{"OBJECTID":448080,"PedestrianRouteID":240006085,"Location":1,"FeatureType":1,"AliasNameEN":"Fife Street","AliasNameTC":"快富街","CrossingFeature":null,"WeatherProof":2,"WheelchairBarrier":2,"WheelchairAccess":2,"ObstaclesType":null,"Gradient":0.012937789999999999,"Direction":0,"PositionCertainty":1,"Enabled":1,"DataSource":1,"LevelSource":2,"StreetNameEN":"Fife Street","StreetNameTC":"快富街","ST_CODE":10485,"FloorID":null,"BuildingID_1":null,"BuildingID_2":null,"SiteID":null,"TerminalID":null,"AccessTimeID":null,"CreationDate":1730995200000,"ModifiedBy":"LANDSD","LastAmendmentDate":1730995200000,"Shape__Length":5.7377664162018966}},{"type":"Feature","id":448081,"geometry":{"type":"LineString","coordinates":[[114.17048302244461,22.320538397658794,5.6330000000016298],[114.17044120330984,22.320530890690346,5.6088000000017928]]},"properties":{"OBJECTID":448081,"PedestrianRouteID":240022518,"Location":1,"FeatureType":1,"AliasNameEN":"Fife Street","AliasNameTC":"快富街","CrossingFeature":null,"WeatherProof":2,"WheelchairBarrier":2,"WheelchairAccess":2,"ObstaclesType":null,"Gradient":0.0055044200000000003,"Direction":0,"PositionCertainty":1,"Enabled":1,"DataSource":1,"LevelSource":2,"StreetNameEN":"Fife Street","StreetNameTC":"快富街","ST_CODE":10485,"FloorID":null,"BuildingID_1":null,"BuildingID_2":null,"SiteID":null,"TerminalID":null,"AccessTimeID":null,"CreationDate":1730995200000,"ModifiedBy":"LANDSD","LastAmendmentDate":1730995200000,"Shape__Length":4.3880247459449926}},{"type":"Feature","id":448082,"geometry":{"type":"LineString","coordinates":[[114.17060749957268,22.320560742365188,5.7560999999986961],[114.17059647844178,22.32055876424193,5.7410999999992782]]},"properties":{"OBJECTID":448082,"PedestrianRouteID":290047890,"Location":1,"FeatureType":1,"AliasNameEN":"Fife Street","AliasNameTC":"快富街","CrossingFeature":null,"WeatherProof":2,"WheelchairBarrier":2,"WheelchairAccess":2,"ObstaclesType":null,"Gradient":0.012937789999999999,"Direction":0,"PositionCertainty":1,"Enabled":1,"DataSource":1,"LevelSource":2,"StreetNameEN":"Fife Street","StreetNameTC":"快富街","ST_CODE":10485,"FloorID":null,"BuildingID_1":null,"BuildingID_2":null,"SiteID":null,"TerminalID":null,"AccessTimeID":null,"CreationDate":1730995200000,"ModifiedBy":"LANDSD","LastAmendmentDate":1730995200000,"Shape__Length":1.156426067632697}},{"type":"Feature","id":448083,"geometry":{"type":"LineString","coordinates":[[114.17064131615066,22.320566813121147,5.8019999999960419],[114.17060749957268,22.320560742365188,5.7560999999986961]]},"properties":{"OBJECTID":448083,"PedestrianRouteID":290047891,"Location":1,"FeatureType":1,"AliasNameEN":"Fife Street","AliasNameTC":"快富街","CrossingFeature":null,"WeatherProof":2,"WheelchairBarrier":2,"WheelchairAccess":2,"ObstaclesType":null,"Gradient":0.012937789999999999,"Direction":0,"PositionCertainty":1,"Enabled":1,"DataSource":1,"LevelSource":2,"StreetNameEN":"Fife Street","StreetNameTC":"快富街","ST_CODE":10485,"FloorID":null,"BuildingID_1":null,"BuildingID_2":null,"SiteID":null,"TerminalID":null,"AccessTimeID":null,"CreationDate":1730995200000,"ModifiedBy":"LANDSD","LastAmendmentDate":1730995200000,"Shape__Length":3.5483335835463037}},{"type":"Feature","id":448084,"geometry":{"type":"LineString","coordinates":[[114.17078889949617,22.320658159523859,5.8347999999969034],[114.17079577095194,22.320623051543251,5.8157999999966705]]},"properties":{"OBJECTID":448084,"PedestrianRouteID":290047943,"Location":1,"FeatureType":1,"AliasNameEN":"Fa Yuen Street","AliasNameTC":"花園街","CrossingFeature":null,"WeatherProof":2,"WheelchairBarrier":2,"WheelchairAccess":2,"ObstaclesType":null,"Gradient":0.0048133000000000004,"Direction":0,"PositionCertainty":1,"Enabled":1,"DataSource":1,"LevelSource":2,"StreetNameEN":"Fa Yuen Street","StreetNameTC":"花園街","ST_CODE":10419,"FloorID":null,"BuildingID_1":null,"BuildingID_2":null,"SiteID":null,"TerminalID":null,"AccessTimeID":null,"CreationDate":1730995200000,"ModifiedBy":"LANDSD","LastAmendmentDate":1730995200000,"Shape__Length":3.9516062710661535}},{"type":"Feature","id":448085,"geometry":{"type":"LineString","coordinates":[[114.17076574252894,22.320776478391135,5.8989000000001397],[114.17077566819646,22.320725763855403,5.8714000000036322]]},"properties":{"OBJECTID":448085,"PedestrianRouteID":290047944,"Location":1,"FeatureType":1,"AliasNameEN":"Fa Yuen Street","AliasNameTC":"花園街","CrossingFeature":null,"WeatherProof":2,"WheelchairBarrier":2,"WheelchairAccess":2,"ObstaclesType":null,"Gradient":0.0048133000000000004,"Direction":0,"PositionCertainty":1,"Enabled":1,"DataSource":1,"LevelSource":2,"StreetNameEN":"Fa Yuen Street","StreetNameTC":"花園街","ST_CODE":10419,"FloorID":null,"BuildingID_1":null,"BuildingID_2":null,"SiteID":null,"TerminalID":null,"AccessTimeID":null,"CreationDate":1730995200000,"ModifiedBy":"LANDSD","LastAmendmentDate":1730995200000,"Shape__Length":5.7082076482561357}},{"type":"Feature","id":448086,"geometry":{"type":"LineString","coordinates":[[114.17037501755505,22.320936654281862,5.500899999999092],[114.17036141848588,22.320934210061477,5.4628999999986263]]},"properties":{"OBJECTID":448086,"PedestrianRouteID":290047945,"Location":1,"FeatureType":1,"AliasNameEN":"Mong Kok Road","AliasNameTC":"旺角道","CrossingFeature":null,"WeatherProof":1,"WheelchairBarrier":2,"WheelchairAccess":2,"ObstaclesType":null,"Gradient":0.02664774,"Direction":0,"PositionCertainty":1,"Enabled":1,"DataSource":1,"LevelSource":2,"StreetNameEN":"Mong Kok Road","StreetNameTC":"旺角道","ST_CODE":11454,"FloorID":null,"BuildingID_1":null,"BuildingID_2":null,"SiteID":null,"TerminalID":null,"AccessTimeID":null,"CreationDate":1730995200000,"ModifiedBy":"LANDSD","LastAmendmentDate":1730995200000,"Shape__Length":1.4269917908809828}},{"type":"Feature","id":448087,"geometry":{"type":"LineString","coordinates":[[114.1703381269583,22.320805270327053,5.5552000000025146],[114.17033588241284,22.320816141264817,5.5521000000007916]]},"properties":{"OBJECTID":448087,"PedestrianRouteID":290047946,"Location":1,"FeatureType":1,"AliasNameEN":"Tung Choi Street","AliasNameTC":"通菜街","CrossingFeature":null,"WeatherProof":2,"WheelchairBarrier":2,"WheelchairAccess":2,"ObstaclesType":null,"Gradient":0.0083549999999999996,"Direction":0,"PositionCertainty":1,"Enabled":1,"DataSource":1,"LevelSource":2,"StreetNameEN":"Tung Choi Street","StreetNameTC":"通菜街","ST_CODE":12513,"FloorID":null,"BuildingID_1":null,"BuildingID_2":null,"SiteID":null,"TerminalID":null,"AccessTimeID":null,"CreationDate":1730995200000,"ModifiedBy":"LANDSD","LastAmendmentDate":1730995200000,"Shape__Length":1.2258009139856769}},{"type":"Feature","id":448088,"geometry":{"type":"LineString","coordinates":[[114.17062300871454,22.320981222716043,5.7516000000032363],[114.17057109325968,22.320971892117981,5.6952000000019325]]},"properties":{"OBJECTID":448088,"PedestrianRouteID":290047933,"Location":1,"FeatureType":1,"AliasNameEN":"Mong Kok Road","AliasNameTC":"旺角道","CrossingFeature":null,"WeatherProof":3,"WheelchairBarrier":2,"WheelchairAccess":2,"ObstaclesType":null,"Gradient":0.010347429999999999,"Direction":0,"PositionCertainty":1,"Enabled":1,"DataSource":1,"LevelSource":2,"StreetNameEN":"Mong Kok Road","StreetNameTC":"旺角道","ST_CODE":11454,"FloorID":null,"BuildingID_1":null,"BuildingID_2":null,"SiteID":null,"TerminalID":null,"AccessTimeID":null,"CreationDate":1730995200000,"ModifiedBy":"LANDSD","LastAmendmentDate":1730995200000,"Shape__Length":5.4476371426083805}},{"type":"Feature","id":448089,"geometry":{"type":"LineString","coordinates":[[114.17067864726465,22.320573514338829,5.8527000000030966],[114.17064131615066,22.320566813121147,5.8019999999960419]]},"properties":{"OBJECTID":448089,"PedestrianRouteID":290047892,"Location":1,"FeatureType":1,"AliasNameEN":"Fife Street","AliasNameTC":"快富街","CrossingFeature":null,"WeatherProof":2,"WheelchairBarrier":2,"WheelchairAccess":2,"ObstaclesType":null,"Gradient":0.012937789999999999,"Direction":0,"PositionCertainty":1,"Enabled":1,"DataSource":1,"LevelSource":2,"StreetNameEN":"Fife Street","StreetNameTC":"快富街","ST_CODE":10485,"FloorID":null,"BuildingID_1":null,"BuildingID_2":null,"SiteID":null,"TerminalID":null,"AccessTimeID":null,"CreationDate":1730995200000,"ModifiedBy":"LANDSD","LastAmendmentDate":1730995200000,"Shape__Length":3.917099699026299}},{"type":"Feature","id":448090,"geometry":{"type":"LineString","coordinates":[[114.17069126891296,22.32057577968995,5.8698000000003958],[114.17067864726465,22.320573514338829,5.8527000000030966]]},"properties":{"OBJECTID":448090,"PedestrianRouteID":290047893,"Location":1,"FeatureType":1,"AliasNameEN":"Fife Street","AliasNameTC":"快富街","CrossingFeature":null,"WeatherProof":2,"WheelchairBarrier":2,"WheelchairAccess":2,"ObstaclesType":null,"Gradient":0.012937789999999999,"Direction":0,"PositionCertainty":1,"Enabled":1,"DataSource":1,"LevelSource":2,"StreetNameEN":"Fife Street","StreetNameTC":"快富街","ST_CODE":10485,"FloorID":null,"BuildingID_1":null,"BuildingID_2":null,"SiteID":null,"TerminalID":null,"AccessTimeID":null,"CreationDate":1730995200000,"ModifiedBy":"LANDSD","LastAmendmentDate":1730995200000,"Shape__Length":1.3243643004940737}},{"type":"Feature","id":448091,"geometry":{"type":"LineString","coordinates":[[114.17079577095194,22.320623051543251,5.8157999999966705],[114.17079710000246,22.320616262392871,5.8120999999955529]]},"properties":{"OBJECTID":448091,"PedestrianRouteID":290047942,"Location":1,"FeatureType":1,"AliasNameEN":"Fa Yuen Street","AliasNameTC":"花園街","CrossingFeature":null,"WeatherProof":2,"WheelchairBarrier":2,"WheelchairAccess":2,"ObstaclesType":null,"Gradient":0.0048133000000000004,"Direction":0,"PositionCertainty":1,"Enabled":1,"DataSource":1,"LevelSource":2,"StreetNameEN":"Fa Yuen Street","StreetNameTC":"花園街","ST_CODE":10419,"FloorID":null,"BuildingID_1":null,"BuildingID_2":null,"SiteID":null,"TerminalID":null,"AccessTimeID":null,"CreationDate":1730995200000,"ModifiedBy":"LANDSD","LastAmendmentDate":1730995200000,"Shape__Length":0.76416284313216642}},{"type":"Feature","id":448092,"geometry":{"type":"LineString","coordinates":[[114.1707568653415,22.320821832405304,5.8934000000008382],[114.1707506064549,22.320853809499859,5.8895999999949709]]},"properties":{"OBJECTID":448092,"PedestrianRouteID":290047886,"Location":1,"FeatureType":1,"AliasNameEN":"Fa Yuen Street","AliasNameTC":"花園街","CrossingFeature":null,"WeatherProof":2,"WheelchairBarrier":2,"WheelchairAccess":2,"ObstaclesType":null,"Gradient":0.0010658099999999999,"Direction":0,"PositionCertainty":1,"Enabled":1,"DataSource":1,"LevelSource":2,"StreetNameEN":"Fa Yuen Street","StreetNameTC":"花園街","ST_CODE":10419,"FloorID":null,"BuildingID_1":null,"BuildingID_2":null,"SiteID":null,"TerminalID":null,"AccessTimeID":null,"CreationDate":1730995200000,"ModifiedBy":"LANDSD","LastAmendmentDate":1730995200000,"Shape__Length":3.5992108975315307}},{"type":"Feature","id":448093,"geometry":{"type":"LineString","coordinates":[[114.1707327920423,22.320583233302241,5.9262000000016997],[114.17071726054147,22.320580444973327,5.9051000000035856]]},"properties":{"OBJECTID":448093,"PedestrianRouteID":290047895,"Location":1,"FeatureType":1,"AliasNameEN":"Fife Street","AliasNameTC":"快富街","CrossingFeature":null,"WeatherProof":2,"WheelchairBarrier":2,"WheelchairAccess":2,"ObstaclesType":null,"Gradient":0.012937789999999999,"Direction":0,"PositionCertainty":1,"Enabled":1,"DataSource":1,"LevelSource":2,"StreetNameEN":"Fife Street","StreetNameTC":"快富街","ST_CODE":10485,"FloorID":null,"BuildingID_1":null,"BuildingID_2":null,"SiteID":null,"TerminalID":null,"AccessTimeID":null,"CreationDate":1730995200000,"ModifiedBy":"LANDSD","LastAmendmentDate":1730995200000,"Shape__Length":1.6297041851932752}},{"type":"Feature","id":448094,"geometry":{"type":"LineString","coordinates":[[114.17039396962254,22.320534816227163,5.6319999999977881],[114.17038265082373,22.320589636895974,5.6163999999989755]]},"properties":{"OBJECTID":448094,"PedestrianRouteID":290047921,"Location":1,"FeatureType":1,"AliasNameEN":"Tung Choi Street","AliasNameTC":"通菜街","CrossingFeature":null,"WeatherProof":2,"WheelchairBarrier":2,"WheelchairAccess":2,"ObstaclesType":null,"Gradient":0.0025165600000000002,"Direction":0,"PositionCertainty":1,"Enabled":1,"DataSource":1,"LevelSource":2,"StreetNameEN":"Tung Choi Street","StreetNameTC":"通菜街","ST_CODE":12513,"FloorID":null,"BuildingID_1":null,"BuildingID_2":null,"SiteID":null,"TerminalID":null,"AccessTimeID":null,"CreationDate":1730995200000,"ModifiedBy":"LANDSD","LastAmendmentDate":1730995200000,"Shape__Length":6.1815456954327779}},{"type":"Feature","id":448095,"geometry":{"type":"LineString","coordinates":[[114.17033588241284,22.320816141264817,5.5521000000007916],[114.17033427861104,22.320823910219552,5.5498999999981606]]},"properties":{"OBJECTID":448095,"PedestrianRouteID":290047947,"Location":1,"FeatureType":1,"AliasNameEN":"Tung Choi Street","AliasNameTC":"通菜街","CrossingFeature":null,"WeatherProof":2,"WheelchairBarrier":2,"WheelchairAccess":2,"ObstaclesType":null,"Gradient":0.0083549999999999996,"Direction":0,"PositionCertainty":1,"Enabled":1,"DataSource":1,"LevelSource":2,"StreetNameEN":"Tung Choi Street","StreetNameTC":"通菜街","ST_CODE":12513,"FloorID":null,"BuildingID_1":null,"BuildingID_2":null,"SiteID":null,"TerminalID":null,"AccessTimeID":null,"CreationDate":1730995200000,"ModifiedBy":"LANDSD","LastAmendmentDate":1730995200000,"Shape__Length":0.87601776694177091}},{"type":"Feature","id":448096,"geometry":{"type":"LineString","coordinates":[[114.17050973133037,22.320543192141006,5.6484000000054948],[114.17048302244461,22.320538397658794,5.6330000000016298]]},"properties":{"OBJECTID":448096,"PedestrianRouteID":290048179,"Location":1,"FeatureType":1,"AliasNameEN":"Fife Street","AliasNameTC":"快富街","CrossingFeature":null,"WeatherProof":2,"WheelchairBarrier":2,"WheelchairAccess":2,"ObstaclesType":null,"Gradient":0.0055044200000000003,"Direction":0,"PositionCertainty":1,"Enabled":1,"DataSource":1,"LevelSource":2,"StreetNameEN":"Fife Street","StreetNameTC":"快富街","ST_CODE":10485,"FloorID":null,"BuildingID_1":null,"BuildingID_2":null,"SiteID":null,"TerminalID":null,"AccessTimeID":null,"CreationDate":1730995200000,"ModifiedBy":"LANDSD","LastAmendmentDate":1730995200000,"Shape__Length":2.8025259817477606}},{"type":"Feature","id":448097,"geometry":{"type":"LineString","coordinates":[[114.17074462071416,22.320585356839082,5.9210000000020955],[114.1707327920423,22.320583233302241,5.9262000000016997]]},"properties":{"OBJECTID":448097,"PedestrianRouteID":290047941,"Location":1,"FeatureType":1,"AliasNameEN":"Fife Street","AliasNameTC":"快富街","CrossingFeature":null,"WeatherProof":2,"WheelchairBarrier":2,"WheelchairAccess":2,"ObstaclesType":null,"Gradient":0.00420959,"Direction":0,"PositionCertainty":1,"Enabled":1,"DataSource":1,"LevelSource":12,"StreetNameEN":"Fife Street","StreetNameTC":"快富街","ST_CODE":10485,"FloorID":null,"BuildingID_1":null,"BuildingID_2":null,"SiteID":null,"TerminalID":null,"AccessTimeID":null,"CreationDate":1730995200000,"ModifiedBy":"LANDSD","LastAmendmentDate":1730995200000,"Shape__Length":1.2411694887673035}},{"type":"Feature","id":448098,"geometry":{"type":"LineString","coordinates":[[114.16941870093397,22.31722975924502,4.7078000000037719],[114.16942823739167,22.317183635004337,4.6551000000035856]]},"properties":{"OBJECTID":448098,"PedestrianRouteID":290047915,"Location":1,"FeatureType":5,"AliasNameEN":"Lane between Fee Tat Commercial Centre and  ","AliasNameTC":"飛達商業中心與 之間的小巷","CrossingFeature":null,"WeatherProof":2,"WheelchairBarrier":1,"WheelchairAccess":2,"ObstaclesType":null,"Gradient":0.01014227,"Direction":0,"PositionCertainty":1,"Enabled":1,"DataSource":1,"LevelSource":2,"StreetNameEN":null,"StreetNameTC":null,"ST_CODE":801442,"FloorID":null,"BuildingID_1":null,"BuildingID_2":1108236354,"SiteID":null,"TerminalID":null,"AccessTimeID":null,"CreationDate":1730995200000,"ModifiedBy":"LANDSD","LastAmendmentDate":1730995200000,"Shape__Length":5.2012009236353016}},{"type":"Feature","id":448105,"geometry":{"type":"LineString","coordinates":[[114.16965856889065,22.317243021528387,4.7980999999999767],[114.16965573797528,22.317256686502191,4.8176999999996042]]},"properties":{"OBJECTID":448105,"PedestrianRouteID":290047939,"Location":1,"FeatureType":1,"AliasNameEN":"Nathan Road","AliasNameTC":"彌敦道","CrossingFeature":null,"WeatherProof":2,"WheelchairBarrier":2,"WheelchairAccess":2,"ObstaclesType":null,"Gradient":0.01032164,"Direction":0,"PositionCertainty":1,"Enabled":1,"DataSource":1,"LevelSource":2,"StreetNameEN":"Nathan Road","StreetNameTC":"彌敦道","ST_CODE":11504,"FloorID":null,"BuildingID_1":null,"BuildingID_2":null,"SiteID":null,"TerminalID":null,"AccessTimeID":null,"CreationDate":1730995200000,"ModifiedBy":"LANDSD","LastAmendmentDate":1730995200000,"Shape__Length":1.5410401681492865}},{"type":"Feature","id":448158,"geometry":{"type":"LineString","coordinates":[[114.16893848123043,22.319475163460432,4.7862000000022817],[114.16896233123627,22.319362587424219,4.7547000000049593]]},"properties":{"OBJECTID":448158,"PedestrianRouteID":290047930,"Location":1,"FeatureType":5,"AliasNameEN":null,"AliasNameTC":null,"CrossingFeature":null,"WeatherProof":2,"WheelchairBarrier":1,"WheelchairAccess":2,"ObstaclesType":null,"Gradient":0.0024814799999999999,"Direction":0,"PositionCertainty":1,"Enabled":1,"DataSource":1,"LevelSource":12,"StreetNameEN":null,"StreetNameTC":null,"ST_CODE":null,"FloorID":null,"BuildingID_1":1108234782,"BuildingID_2":1108246297,"SiteID":null,"TerminalID":null,"AccessTimeID":null,"CreationDate":1730995200000,"ModifiedBy":"LANDSD","LastAmendmentDate":1730995200000,"Shape__Length":12.705944513991877}},{"type":"Feature","id":448159,"geometry":{"type":"LineString","coordinates":[[114.16891438750122,22.319588890880439,4.8181000000040513],[114.16892457081272,22.319540825136649,4.8046000000031199]]},"properties":{"OBJECTID":448159,"PedestrianRouteID":290047931,"Location":1,"FeatureType":5,"AliasNameEN":null,"AliasNameTC":null,"CrossingFeature":null,"WeatherProof":2,"WheelchairBarrier":1,"WheelchairAccess":2,"ObstaclesType":null,"Gradient":0.0024814799999999999,"Direction":0,"PositionCertainty":1,"Enabled":1,"DataSource":1,"LevelSource":12,"StreetNameEN":null,"StreetNameTC":null,"ST_CODE":null,"FloorID":null,"BuildingID_1":1108234782,"BuildingID_2":1108246297,"SiteID":null,"TerminalID":null,"AccessTimeID":null,"CreationDate":1730995200000,"ModifiedBy":"LANDSD","LastAmendmentDate":1730995200000,"Shape__Length":5.424966540489816}},{"type":"Feature","id":448160,"geometry":{"type":"LineString","coordinates":[[114.16917048960467,22.31962325646418,4.7204000000056112],[114.16921042461489,22.319431405177472,4.7246000000013737]]},"properties":{"OBJECTID":448160,"PedestrianRouteID":290047934,"Location":1,"FeatureType":1,"AliasNameEN":"Nathan Road","AliasNameTC":"彌敦道","CrossingFeature":null,"WeatherProof":3,"WheelchairBarrier":2,"WheelchairAccess":2,"ObstaclesType":null,"Gradient":0.00138685,"Direction":0,"PositionCertainty":1,"Enabled":1,"DataSource":1,"LevelSource":2,"StreetNameEN":"Nathan Road","StreetNameTC":"彌敦道","ST_CODE":11504,"FloorID":null,"BuildingID_1":null,"BuildingID_2":null,"SiteID":null,"TerminalID":null,"AccessTimeID":null,"CreationDate":1730995200000,"ModifiedBy":"LANDSD","LastAmendmentDate":1730995200000,"Shape__Length":21.639352730172554}},{"type":"Feature","id":448161,"geometry":{"type":"LineString","coordinates":[[114.16920324942052,22.319405628814661,4.868400000006659],[114.16910105530556,22.31938737133812,4.8352000000013504]]},"properties":{"OBJECTID":448161,"PedestrianRouteID":240006096,"Location":1,"FeatureType":1,"AliasNameEN":"Argyle Street","AliasNameTC":"亞皆老街","CrossingFeature":null,"WeatherProof":3,"WheelchairBarrier":2,"WheelchairAccess":2,"ObstaclesType":null,"Gradient":0.00309203,"Direction":0,"PositionCertainty":1,"Enabled":1,"DataSource":1,"LevelSource":12,"StreetNameEN":"Argyle Street","StreetNameTC":"亞皆老街","ST_CODE":10027,"FloorID":null,"BuildingID_1":null,"BuildingID_2":null,"SiteID":null,"TerminalID":null,"AccessTimeID":null,"CreationDate":1730995200000,"ModifiedBy":"LANDSD","LastAmendmentDate":1730995200000,"Shape__Length":10.721343024357747}},{"type":"Feature","id":448162,"geometry":{"type":"LineString","coordinates":[[114.16921042461489,22.319431405177472,4.7246000000013737],[114.16921534002918,22.319407788598031,4.7256000000052154]]},"properties":{"OBJECTID":448162,"PedestrianRouteID":290047935,"Location":1,"FeatureType":1,"AliasNameEN":"Nathan Road","AliasNameTC":"彌敦道","CrossingFeature":null,"WeatherProof":3,"WheelchairBarrier":2,"WheelchairAccess":2,"ObstaclesType":null,"Gradient":0.00138685,"Direction":0,"PositionCertainty":1,"Enabled":1,"DataSource":1,"LevelSource":2,"StreetNameEN":"Nathan Road","StreetNameTC":"彌敦道","ST_CODE":11504,"FloorID":null,"BuildingID_1":null,"BuildingID_2":null,"SiteID":null,"TerminalID":null,"AccessTimeID":null,"CreationDate":1730995200000,"ModifiedBy":"LANDSD","LastAmendmentDate":1730995200000,"Shape__Length":2.6637587595217487}},{"type":"Feature","id":448163,"geometry":{"type":"LineString","coordinates":[[114.16916830227274,22.319633766166298,4.7204000000056112],[114.16917048960467,22.31962325646418,4.7204000000056112]]},"properties":{"OBJECTID":448163,"PedestrianRouteID":290047936,"Location":1,"FeatureType":1,"AliasNameEN":"Nathan Road","AliasNameTC":"彌敦道","CrossingFeature":null,"WeatherProof":3,"WheelchairBarrier":2,"WheelchairAccess":2,"ObstaclesType":null,"Gradient":0.00138685,"Direction":0,"PositionCertainty":1,"Enabled":1,"DataSource":1,"LevelSource":2,"StreetNameEN":"Nathan Road","StreetNameTC":"彌敦道","ST_CODE":11504,"FloorID":null,"BuildingID_1":null,"BuildingID_2":null,"SiteID":null,"TerminalID":null,"AccessTimeID":null,"CreationDate":1730995200000,"ModifiedBy":"LANDSD","LastAmendmentDate":1730995200000,"Shape__Length":1.1854073277510497}},{"type":"Feature","id":448164,"geometry":{"type":"LineString","coordinates":[[114.16892457081272,22.319540825136649,4.8046000000031199],[114.16893469683698,22.31949302669473,4.7912000000069384]]},"properties":{"OBJECTID":448164,"PedestrianRouteID":290047932,"Location":1,"FeatureType":5,"AliasNameEN":null,"AliasNameTC":null,"CrossingFeature":null,"WeatherProof":2,"WheelchairBarrier":1,"WheelchairAccess":2,"ObstaclesType":null,"Gradient":0.0024814799999999999,"Direction":0,"PositionCertainty":1,"Enabled":1,"DataSource":1,"LevelSource":12,"StreetNameEN":null,"StreetNameTC":null,"ST_CODE":null,"FloorID":null,"BuildingID_1":1108234782,"BuildingID_2":1108246297,"SiteID":null,"TerminalID":null,"AccessTimeID":null,"CreationDate":1730995200000,"ModifiedBy":"LANDSD","LastAmendmentDate":1730995200000,"Shape__Length":5.3947843343936945}},{"type":"Feature","id":448165,"geometry":{"type":"LineString","coordinates":[[114.16900217383063,22.319369705461018,4.8031999999948312],[114.16898129456361,22.319365975719226,4.7964000000065425]]},"properties":{"OBJECTID":448165,"PedestrianRouteID":290047897,"Location":1,"FeatureType":1,"AliasNameEN":"Argyle Street","AliasNameTC":"亞皆老街","CrossingFeature":null,"WeatherProof":3,"WheelchairBarrier":2,"WheelchairAccess":2,"ObstaclesType":null,"Gradient":0.00309203,"Direction":0,"PositionCertainty":1,"Enabled":1,"DataSource":1,"LevelSource":12,"StreetNameEN":"Argyle Street","StreetNameTC":"亞皆老街","ST_CODE":10027,"FloorID":null,"BuildingID_1":null,"BuildingID_2":null,"SiteID":null,"TerminalID":null,"AccessTimeID":null,"CreationDate":1730995200000,"ModifiedBy":"LANDSD","LastAmendmentDate":1730995200000,"Shape__Length":2.1904674961102879}},{"type":"Feature","id":448166,"geometry":{"type":"LineString","coordinates":[[114.16891157395858,22.319602169328689,4.8218000000051688],[114.16891438750122,22.319588890880439,4.8181000000040513]]},"properties":{"OBJECTID":448166,"PedestrianRouteID":290047928,"Location":1,"FeatureType":5,"AliasNameEN":null,"AliasNameTC":null,"CrossingFeature":null,"WeatherProof":2,"WheelchairBarrier":1,"WheelchairAccess":2,"ObstaclesType":null,"Gradient":0.0024814799999999999,"Direction":0,"PositionCertainty":1,"Enabled":1,"DataSource":1,"LevelSource":12,"StreetNameEN":null,"StreetNameTC":null,"ST_CODE":null,"FloorID":null,"BuildingID_1":1108234782,"BuildingID_2":1108246297,"SiteID":null,"TerminalID":null,"AccessTimeID":null,"CreationDate":1730995200000,"ModifiedBy":"LANDSD","LastAmendmentDate":1730995200000,"Shape__Length":1.4986861580038084}},{"type":"Feature","id":448167,"geometry":{"type":"LineString","coordinates":[[114.16893469683698,22.31949302669473,4.7912000000069384],[114.16893848123043,22.319475163460432,4.7862000000022817]]},"properties":{"OBJECTID":448167,"PedestrianRouteID":290047929,"Location":1,"FeatureType":5,"AliasNameEN":null,"AliasNameTC":null,"CrossingFeature":null,"WeatherProof":2,"WheelchairBarrier":1,"WheelchairAccess":2,"ObstaclesType":null,"Gradient":0.0024814799999999999,"Direction":0,"PositionCertainty":1,"Enabled":1,"DataSource":1,"LevelSource":12,"StreetNameEN":null,"StreetNameTC":null,"ST_CODE":null,"FloorID":null,"BuildingID_1":1108234782,"BuildingID_2":1108246297,"SiteID":null,"TerminalID":null,"AccessTimeID":null,"CreationDate":1730995200000,"ModifiedBy":"LANDSD","LastAmendmentDate":1730995200000,"Shape__Length":2.0161407812459546}},{"type":"Feature","id":448326,"geometry":{"type":"LineString","coordinates":[[114.16983519286187,22.317664000435066,4.8221000000048662],[114.16982822430471,22.317698061737403,4.8356999999959953]]},"properties":{"OBJECTID":448326,"PedestrianRouteID":290047901,"Location":1,"FeatureType":1,"AliasNameEN":"Nathan Road","AliasNameTC":"彌敦道","CrossingFeature":null,"WeatherProof":2,"WheelchairBarrier":2,"WheelchairAccess":2,"ObstaclesType":null,"Gradient":0.00353098,"Direction":0,"PositionCertainty":1,"Enabled":1,"DataSource":1,"LevelSource":12,"StreetNameEN":"Nathan Road","StreetNameTC":"彌敦道","ST_CODE":11504,"FloorID":null,"BuildingID_1":null,"BuildingID_2":null,"SiteID":null,"TerminalID":null,"AccessTimeID":null,"CreationDate":1730995200000,"ModifiedBy":"LANDSD","LastAmendmentDate":1730995200000,"Shape__Length":3.8394937272127945}},{"type":"Feature","id":448327,"geometry":{"type":"LineString","coordinates":[[114.16982822430471,22.317698061737403,4.8356999999959953],[114.16982425558456,22.317717461995944,4.8433999999979278]]},"properties":{"OBJECTID":448327,"PedestrianRouteID":290047902,"Location":1,"FeatureType":1,"AliasNameEN":"Nathan Road","AliasNameTC":"彌敦道","CrossingFeature":null,"WeatherProof":2,"WheelchairBarrier":2,"WheelchairAccess":2,"ObstaclesType":null,"Gradient":0.00353098,"Direction":0,"PositionCertainty":1,"Enabled":1,"DataSource":1,"LevelSource":12,"StreetNameEN":"Nathan Road","StreetNameTC":"彌敦道","ST_CODE":11504,"FloorID":null,"BuildingID_1":null,"BuildingID_2":null,"SiteID":null,"TerminalID":null,"AccessTimeID":null,"CreationDate":1730995200000,"ModifiedBy":"LANDSD","LastAmendmentDate":1730995200000,"Shape__Length":2.1868494068563646}},{"type":"Feature","id":448328,"geometry":{"type":"LineString","coordinates":[[114.16982425558456,22.317717461995944,4.8433999999979278],[114.16982233335681,22.31772685644215,4.8470999999990454]]},"properties":{"OBJECTID":448328,"PedestrianRouteID":290047903,"Location":1,"FeatureType":1,"AliasNameEN":"Nathan Road","AliasNameTC":"彌敦道","CrossingFeature":null,"WeatherProof":2,"WheelchairBarrier":2,"WheelchairAccess":2,"ObstaclesType":null,"Gradient":0.00353098,"Direction":0,"PositionCertainty":1,"Enabled":1,"DataSource":1,"LevelSource":12,"StreetNameEN":"Nathan Road","StreetNameTC":"彌敦道","ST_CODE":11504,"FloorID":null,"BuildingID_1":null,"BuildingID_2":null,"SiteID":null,"TerminalID":null,"AccessTimeID":null,"CreationDate":1730995200000,"ModifiedBy":"LANDSD","LastAmendmentDate":1730995200000,"Shape__Length":1.0589750190154843}},{"type":"Feature","id":448329,"geometry":{"type":"LineString","coordinates":[[114.16981943059821,22.317741043383371,4.8527000000030966],[114.16981175721601,22.317778548923581,4.8677000000025146]]},"properties":{"OBJECTID":448329,"PedestrianRouteID":290047904,"Location":1,"FeatureType":1,"AliasNameEN":"Nathan Road","AliasNameTC":"彌敦道","CrossingFeature":null,"WeatherProof":2,"WheelchairBarrier":2,"WheelchairAccess":2,"ObstaclesType":null,"Gradient":0.00353098,"Direction":0,"PositionCertainty":1,"Enabled":1,"DataSource":1,"LevelSource":12,"StreetNameEN":"Nathan Road","StreetNameTC":"彌敦道","ST_CODE":11504,"FloorID":null,"BuildingID_1":null,"BuildingID_2":null,"SiteID":null,"TerminalID":null,"AccessTimeID":null,"CreationDate":1730995200000,"ModifiedBy":"LANDSD","LastAmendmentDate":1730995200000,"Shape__Length":4.2277419965440162}},{"type":"Feature","id":448330,"geometry":{"type":"LineString","coordinates":[[114.16980784382829,22.317797677362968,4.8752999999996973],[114.16980568083412,22.317808249388214,4.8794999999954598]]},"properties":{"OBJECTID":448330,"PedestrianRouteID":290047905,"Location":1,"FeatureType":1,"AliasNameEN":"Nathan Road","AliasNameTC":"彌敦道","CrossingFeature":null,"WeatherProof":2,"WheelchairBarrier":2,"WheelchairAccess":2,"ObstaclesType":null,"Gradient":0.00353098,"Direction":0,"PositionCertainty":1,"Enabled":1,"DataSource":1,"LevelSource":12,"StreetNameEN":"Nathan Road","StreetNameTC":"彌敦道","ST_CODE":11504,"FloorID":null,"BuildingID_1":null,"BuildingID_2":null,"SiteID":null,"TerminalID":null,"AccessTimeID":null,"CreationDate":1730995200000,"ModifiedBy":"LANDSD","LastAmendmentDate":1730995200000,"Shape__Length":1.1917123527331885}},{"type":"Feature","id":448331,"geometry":{"type":"LineString","coordinates":[[114.16980142571502,22.317829044860609,4.8877999999967869],[114.16979181455801,22.317876023410765,4.9064999999973224]]},"properties":{"OBJECTID":448331,"PedestrianRouteID":290047906,"Location":1,"FeatureType":1,"AliasNameEN":"Nathan Road","AliasNameTC":"彌敦道","CrossingFeature":null,"WeatherProof":2,"WheelchairBarrier":2,"WheelchairAccess":2,"ObstaclesType":null,"Gradient":0.00353098,"Direction":0,"PositionCertainty":1,"Enabled":1,"DataSource":1,"LevelSource":12,"StreetNameEN":"Nathan Road","StreetNameTC":"彌敦道","ST_CODE":11504,"FloorID":null,"BuildingID_1":null,"BuildingID_2":null,"SiteID":null,"TerminalID":null,"AccessTimeID":null,"CreationDate":1730995200000,"ModifiedBy":"LANDSD","LastAmendmentDate":1730995200000,"Shape__Length":5.295562749374862}},{"type":"Feature","id":448332,"geometry":{"type":"LineString","coordinates":[[114.16978845065167,22.317892463464869,4.9130000000004657],[114.16978405864097,22.317913931710056,4.9214999999967404]]},"properties":{"OBJECTID":448332,"PedestrianRouteID":290047907,"Location":1,"FeatureType":1,"AliasNameEN":"Nathan Road","AliasNameTC":"彌敦道","CrossingFeature":null,"WeatherProof":2,"WheelchairBarrier":2,"WheelchairAccess":2,"ObstaclesType":null,"Gradient":0.00353098,"Direction":0,"PositionCertainty":1,"Enabled":1,"DataSource":1,"LevelSource":12,"StreetNameEN":"Nathan Road","StreetNameTC":"彌敦道","ST_CODE":11504,"FloorID":null,"BuildingID_1":null,"BuildingID_2":null,"SiteID":null,"TerminalID":null,"AccessTimeID":null,"CreationDate":1730995200000,"ModifiedBy":"LANDSD","LastAmendmentDate":1730995200000,"Shape__Length":2.4199630263675487}},{"type":"Feature","id":448333,"geometry":{"type":"LineString","coordinates":[[114.16980568083412,22.317808249388214,4.8794999999954598],[114.16980142571502,22.317829044860609,4.8877999999967869]]},"properties":{"OBJECTID":448333,"PedestrianRouteID":290047908,"Location":1,"FeatureType":1,"AliasNameEN":"Nathan Road","AliasNameTC":"彌敦道","CrossingFeature":null,"WeatherProof":2,"WheelchairBarrier":2,"WheelchairAccess":2,"ObstaclesType":null,"Gradient":0.00353098,"Direction":0,"PositionCertainty":1,"Enabled":1,"DataSource":1,"LevelSource":12,"StreetNameEN":"Nathan Road","StreetNameTC":"彌敦道","ST_CODE":11504,"FloorID":null,"BuildingID_1":null,"BuildingID_2":null,"SiteID":null,"TerminalID":null,"AccessTimeID":null,"CreationDate":1730995200000,"ModifiedBy":"LANDSD","LastAmendmentDate":1730995200000,"Shape__Length":2.344140509506083}},{"type":"Feature","id":448334,"geometry":{"type":"LineString","coordinates":[[114.16982233335681,22.31772685644215,4.8470999999990454],[114.16981943059821,22.317741043383371,4.8527000000030966]]},"properties":{"OBJECTID":448334,"PedestrianRouteID":290047909,"Location":1,"FeatureType":1,"AliasNameEN":"Nathan Road","AliasNameTC":"彌敦道","CrossingFeature":null,"WeatherProof":2,"WheelchairBarrier":2,"WheelchairAccess":2,"ObstaclesType":null,"Gradient":0.00353098,"Direction":0,"PositionCertainty":1,"Enabled":1,"DataSource":1,"LevelSource":12,"StreetNameEN":"Nathan Road","StreetNameTC":"彌敦道","ST_CODE":11504,"FloorID":null,"BuildingID_1":null,"BuildingID_2":null,"SiteID":null,"TerminalID":null,"AccessTimeID":null,"CreationDate":1730995200000,"ModifiedBy":"LANDSD","LastAmendmentDate":1730995200000,"Shape__Length":1.5992004256008678}},{"type":"Feature","id":448335,"geometry":{"type":"LineString","coordinates":[[114.16981175721601,22.317778548923581,4.8677000000025146],[114.16980784382829,22.317797677362968,4.8752999999996973]]},"properties":{"OBJECTID":448335,"PedestrianRouteID":290047910,"Location":1,"FeatureType":1,"AliasNameEN":"Nathan Road","AliasNameTC":"彌敦道","CrossingFeature":null,"WeatherProof":2,"WheelchairBarrier":2,"WheelchairAccess":2,"ObstaclesType":null,"Gradient":0.00353098,"Direction":0,"PositionCertainty":1,"Enabled":1,"DataSource":1,"LevelSource":12,"StreetNameEN":"Nathan Road","StreetNameTC":"彌敦道","ST_CODE":11504,"FloorID":null,"BuildingID_1":null,"BuildingID_2":null,"SiteID":null,"TerminalID":null,"AccessTimeID":null,"CreationDate":1730995200000,"ModifiedBy":"LANDSD","LastAmendmentDate":1730995200000,"Shape__Length":2.1562144724956736}},{"type":"Feature","id":448336,"geometry":{"type":"LineString","coordinates":[[114.16978040639786,22.317931779621301,4.9285999999992782],[114.16977122724433,22.317976644125888,4.9465000000054715]]},"properties":{"OBJECTID":448336,"PedestrianRouteID":290047911,"Location":1,"FeatureType":1,"AliasNameEN":"Nathan Road","AliasNameTC":"彌敦道","CrossingFeature":null,"WeatherProof":2,"WheelchairBarrier":2,"WheelchairAccess":2,"ObstaclesType":null,"Gradient":0.00353098,"Direction":0,"PositionCertainty":1,"Enabled":1,"DataSource":1,"LevelSource":12,"StreetNameEN":"Nathan Road","StreetNameTC":"彌敦道","ST_CODE":11504,"FloorID":null,"BuildingID_1":null,"BuildingID_2":null,"SiteID":null,"TerminalID":null,"AccessTimeID":null,"CreationDate":1730995200000,"ModifiedBy":"LANDSD","LastAmendmentDate":1730995200000,"Shape__Length":5.0572707918833109}},{"type":"Feature","id":448337,"geometry":{"type":"LineString","coordinates":[[114.17002637659907,22.317626652604648,4.9992000000056578],[114.1700263300114,22.317626644475141,4.9992000000056578]]},"properties":{"OBJECTID":448337,"PedestrianRouteID":290048245,"Location":1,"FeatureType":1,"AliasNameEN":"Shantung Street","AliasNameTC":"山東街","CrossingFeature":null,"WeatherProof":2,"WheelchairBarrier":2,"WheelchairAccess":2,"ObstaclesType":null,"Gradient":0.010801389999999999,"Direction":0,"PositionCertainty":1,"Enabled":1,"DataSource":1,"LevelSource":2,"StreetNameEN":"Shantung Street","StreetNameTC":"山東街","ST_CODE":11986,"FloorID":null,"BuildingID_1":null,"BuildingID_2":null,"SiteID":null,"TerminalID":null,"AccessTimeID":null,"CreationDate":1730995200000,"ModifiedBy":"LANDSD","LastAmendmentDate":1730995200000,"Shape__Length":0.0048836464644256899}},{"type":"Feature","id":448338,"geometry":{"type":"LineString","coordinates":[[114.16979181455801,22.317876023410765,4.9064999999973224],[114.16978845065167,22.317892463464869,4.9130000000004657]]},"properties":{"OBJECTID":448338,"PedestrianRouteID":290047912,"Location":1,"FeatureType":1,"AliasNameEN":"Nathan Road","AliasNameTC":"彌敦道","CrossingFeature":null,"WeatherProof":2,"WheelchairBarrier":2,"WheelchairAccess":2,"ObstaclesType":null,"Gradient":0.00353098,"Direction":0,"PositionCertainty":1,"Enabled":1,"DataSource":1,"LevelSource":12,"StreetNameEN":"Nathan Road","StreetNameTC":"彌敦道","ST_CODE":11504,"FloorID":null,"BuildingID_1":null,"BuildingID_2":null,"SiteID":null,"TerminalID":null,"AccessTimeID":null,"CreationDate":1730995200000,"ModifiedBy":"LANDSD","LastAmendmentDate":1730995200000,"Shape__Length":1.8531817247005551}},{"type":"Feature","id":448339,"geometry":{"type":"LineString","coordinates":[[114.16978405864097,22.317913931710056,4.9214999999967404],[114.16978040639786,22.317931779621301,4.9285999999992782]]},"properties":{"OBJECTID":448339,"PedestrianRouteID":290047913,"Location":1,"FeatureType":1,"AliasNameEN":"Nathan Road","AliasNameTC":"彌敦道","CrossingFeature":null,"WeatherProof":2,"WheelchairBarrier":2,"WheelchairAccess":2,"ObstaclesType":null,"Gradient":0.00353098,"Direction":0,"PositionCertainty":1,"Enabled":1,"DataSource":1,"LevelSource":12,"StreetNameEN":"Nathan Road","StreetNameTC":"彌敦道","ST_CODE":11504,"FloorID":null,"BuildingID_1":null,"BuildingID_2":null,"SiteID":null,"TerminalID":null,"AccessTimeID":null,"CreationDate":1730995200000,"ModifiedBy":"LANDSD","LastAmendmentDate":1730995200000,"Shape__Length":2.0118855326178933}},{"type":"Feature","id":448340,"geometry":{"type":"LineString","coordinates":[[114.16983847617907,22.317647955013108,4.8157000000064727],[114.16983519286187,22.317664000435066,4.8221000000048662]]},"properties":{"OBJECTID":448340,"PedestrianRouteID":290047914,"Location":1,"FeatureType":1,"AliasNameEN":"Nathan Road","AliasNameTC":"彌敦道","CrossingFeature":null,"WeatherProof":2,"WheelchairBarrier":2,"WheelchairAccess":2,"ObstaclesType":null,"Gradient":0.00353098,"Direction":0,"PositionCertainty":1,"Enabled":1,"DataSource":1,"LevelSource":12,"StreetNameEN":"Nathan Road","StreetNameTC":"彌敦道","ST_CODE":11504,"FloorID":null,"BuildingID_1":null,"BuildingID_2":null,"SiteID":null,"TerminalID":null,"AccessTimeID":null,"CreationDate":1730995200000,"ModifiedBy":"LANDSD","LastAmendmentDate":1730995200000,"Shape__Length":1.8087004958736845}},{"type":"Feature","id":458577,"geometry":{"type":"LineString","coordinates":[[114.16863589368624,22.321950970383565,4.970499999995809],[114.16862300309305,22.321948606425721,4.970499999995809]]},"properties":{"OBJECTID":458577,"PedestrianRouteID":290059609,"Location":2,"FeatureType":1,"AliasNameEN":"Footway","AliasNameTC":"行人道","CrossingFeature":null,"WeatherProof":1,"WheelchairBarrier":2,"WheelchairAccess":2,"ObstaclesType":null,"Gradient":0,"Direction":0,"PositionCertainty":1,"Enabled":1,"DataSource":1,"LevelSource":12,"StreetNameEN":null,"StreetNameTC":null,"ST_CODE":null,"FloorID":null,"BuildingID_1":1810148976,"BuildingID_2":null,"SiteID":null,"TerminalID":null,"AccessTimeID":null,"CreationDate":1759420800000,"ModifiedBy":"LANDSD","LastAmendmentDate":1759420800000,"Shape__Length":1.3536382453215647}},{"type":"Feature","id":458578,"geometry":{"type":"LineString","coordinates":[[114.17107596419663,22.321289229587151,6.252200000002631],[114.17106910106685,22.321287934356484,6.2630000000062864]]},"properties":{"OBJECTID":458578,"PedestrianRouteID":290059610,"Location":2,"FeatureType":1,"AliasNameEN":"Footway","AliasNameTC":"行人道","CrossingFeature":null,"WeatherProof":1,"WheelchairBarrier":2,"WheelchairAccess":2,"ObstaclesType":null,"Gradient":0.01496782,"Direction":0,"PositionCertainty":1,"Enabled":1,"DataSource":1,"LevelSource":12,"StreetNameEN":null,"StreetNameTC":null,"ST_CODE":null,"FloorID":null,"BuildingID_1":1108233336,"BuildingID_2":null,"SiteID":null,"TerminalID":null,"AccessTimeID":null,"CreationDate":1759420800000,"ModifiedBy":"LANDSD","LastAmendmentDate":1759420800000,"Shape__Length":0.7214942622404148}},{"type":"Feature","id":458579,"geometry":{"type":"LineString","coordinates":[[114.17106987863848,22.321285179150397,10.304000000003725],[114.17107663888514,22.321286433739719,10.304000000003725]]},"properties":{"OBJECTID":458579,"PedestrianRouteID":290059611,"Location":2,"FeatureType":2,"AliasNameEN":"Mong Kok Road Footbridge","AliasNameTC":"旺角道天橋","CrossingFeature":null,"WeatherProof":1,"WheelchairBarrier":2,"WheelchairAccess":2,"ObstaclesType":null,"Gradient":0,"Direction":0,"PositionCertainty":1,"Enabled":1,"DataSource":1,"LevelSource":2,"StreetNameEN":null,"StreetNameTC":null,"ST_CODE":null,"FloorID":null,"BuildingID_1":1108233336,"BuildingID_2":null,"SiteID":null,"TerminalID":null,"AccessTimeID":null,"CreationDate":1759420800000,"ModifiedBy":"LANDSD","LastAmendmentDate":1759420800000,"Shape__Length":0.71021507983676835}},{"type":"Feature","id":458580,"geometry":{"type":"LineString","coordinates":[[114.17030918337876,22.320890786170054,10.304000000003725],[114.17032225443238,22.320893233082817,10.304000000003725]]},"properties":{"OBJECTID":458580,"PedestrianRouteID":290059613,"Location":2,"FeatureType":2,"AliasNameEN":"Footbridge","AliasNameTC":"天橋","CrossingFeature":null,"WeatherProof":1,"WheelchairBarrier":2,"WheelchairAccess":2,"ObstaclesType":null,"Gradient":0,"Direction":0,"PositionCertainty":1,"Enabled":1,"DataSource":1,"LevelSource":9,"StreetNameEN":null,"StreetNameTC":null,"ST_CODE":null,"FloorID":null,"BuildingID_1":1108233655,"BuildingID_2":null,"SiteID":null,"TerminalID":null,"AccessTimeID":null,"CreationDate":1759420800000,"ModifiedBy":"LANDSD","LastAmendmentDate":1766073600000,"Shape__Length":1.3736767092339661}},{"type":"Feature","id":458581,"geometry":{"type":"LineString","coordinates":[[114.17032266514866,22.32089001008076,5.6192000000010012],[114.17031001727463,22.320887679679664,5.6203999999997905]]},"properties":{"OBJECTID":458581,"PedestrianRouteID":290059614,"Location":2,"FeatureType":1,"AliasNameEN":"Footway","AliasNameTC":"行人道","CrossingFeature":null,"WeatherProof":1,"WheelchairBarrier":2,"WheelchairAccess":2,"ObstaclesType":null,"Gradient":0.00083916999999999998,"Direction":0,"PositionCertainty":1,"Enabled":1,"DataSource":1,"LevelSource":12,"StreetNameEN":null,"StreetNameTC":null,"ST_CODE":null,"FloorID":null,"BuildingID_1":1108233655,"BuildingID_2":null,"SiteID":null,"TerminalID":null,"AccessTimeID":null,"CreationDate":1759420800000,"ModifiedBy":"LANDSD","LastAmendmentDate":1766073600000,"Shape__Length":1.328395126093902}},{"type":"Feature","id":460269,"geometry":{"type":"LineString","coordinates":[[114.16888298878641,22.320735025182554,4.8818000000028405],[114.16889101875182,22.32069821326704,4.8037999999942258]]},"properties":{"OBJECTID":460269,"PedestrianRouteID":290061378,"Location":1,"FeatureType":1,"AliasNameEN":"Mong Kok Road","AliasNameTC":"旺角道","CrossingFeature":null,"WeatherProof":1,"WheelchairBarrier":2,"WheelchairAccess":2,"ObstaclesType":null,"Gradient":0.025214259999999999,"Direction":0,"PositionCertainty":1,"Enabled":1,"DataSource":1,"LevelSource":12,"StreetNameEN":"Mong Kok Road","StreetNameTC":"旺角道","ST_CODE":11454,"FloorID":null,"BuildingID_1":null,"BuildingID_2":null,"SiteID":null,"TerminalID":null,"AccessTimeID":null,"CreationDate":1764259200000,"ModifiedBy":"LANDSD","LastAmendmentDate":1764259200000,"Shape__Length":4.1594628692045896}},{"type":"Feature","id":460270,"geometry":{"type":"LineString","coordinates":[[114.16889101875182,22.32069821326704,4.8037999999942258],[114.1688932594909,22.320687942883378,4.8788000000058673]]},"properties":{"OBJECTID":460270,"PedestrianRouteID":290061379,"Location":1,"FeatureType":1,"AliasNameEN":"Mong Kok Road","AliasNameTC":"旺角道","CrossingFeature":null,"WeatherProof":1,"WheelchairBarrier":2,"WheelchairAccess":2,"ObstaclesType":null,"Gradient":0.036089990000000002,"Direction":0,"PositionCertainty":1,"Enabled":1,"DataSource":1,"LevelSource":12,"StreetNameEN":"Mong Kok Road","StreetNameTC":"旺角道","ST_CODE":11454,"FloorID":null,"BuildingID_1":null,"BuildingID_2":null,"SiteID":null,"TerminalID":null,"AccessTimeID":null,"CreationDate":1764259200000,"ModifiedBy":"LANDSD","LastAmendmentDate":1764259200000,"Shape__Length":1.1604826294795596}},{"type":"Feature","id":460271,"geometry":{"type":"LineString","coordinates":[[114.16891198459315,22.320702038748401,4.9180999999953201],[114.16890557574851,22.32070086897351,4.8831999999965774]]},"properties":{"OBJECTID":460271,"PedestrianRouteID":290061380,"Location":2,"FeatureType":1,"AliasNameEN":"Footway","AliasNameTC":"行人道","CrossingFeature":null,"WeatherProof":1,"WheelchairBarrier":2,"WheelchairAccess":2,"ObstaclesType":null,"Gradient":0.055821219999999998,"Direction":0,"PositionCertainty":1,"Enabled":1,"DataSource":1,"LevelSource":12,"StreetNameEN":null,"StreetNameTC":null,"ST_CODE":null,"FloorID":null,"BuildingID_1":1910216111,"BuildingID_2":null,"SiteID":null,"TerminalID":null,"AccessTimeID":null,"CreationDate":1764259200000,"ModifiedBy":"LANDSD","LastAmendmentDate":1764259200000,"Shape__Length":0.6728791427169617}},{"type":"Feature","id":460272,"geometry":{"type":"LineString","coordinates":[[114.16890434568654,22.320706258371221,10.304000000003725],[114.16891093797764,22.32070739745112,10.304000000003725]]},"properties":{"OBJECTID":460272,"PedestrianRouteID":290061381,"Location":2,"FeatureType":2,"AliasNameEN":"Footbridge","AliasNameTC":"天橋","CrossingFeature":null,"WeatherProof":1,"WheelchairBarrier":2,"WheelchairAccess":2,"ObstaclesType":null,"Gradient":0,"Direction":0,"PositionCertainty":1,"Enabled":1,"DataSource":1,"LevelSource":12,"StreetNameEN":null,"StreetNameTC":null,"ST_CODE":null,"FloorID":null,"BuildingID_1":1910216111,"BuildingID_2":null,"SiteID":null,"TerminalID":null,"AccessTimeID":null,"CreationDate":1764259200000,"ModifiedBy":"LANDSD","LastAmendmentDate":1764259200000,"Shape__Length":0.69080666627834442}},{"type":"Feature","id":460273,"geometry":{"type":"LineString","coordinates":[[114.16884355636205,22.320915798554388,4.9611000000004424],[114.16884535827933,22.320907536553875,4.8889000000053784]]},"properties":{"OBJECTID":460273,"PedestrianRouteID":290061382,"Location":1,"FeatureType":1,"AliasNameEN":"Mong Kok Road","AliasNameTC":"旺角道","CrossingFeature":null,"WeatherProof":2,"WheelchairBarrier":2,"WheelchairAccess":2,"ObstaclesType":null,"Gradient":0.00139255,"Direction":0,"PositionCertainty":1,"Enabled":1,"DataSource":1,"LevelSource":12,"StreetNameEN":"Mong Kok Road","StreetNameTC":"旺角道","ST_CODE":11454,"FloorID":null,"BuildingID_1":null,"BuildingID_2":null,"SiteID":null,"TerminalID":null,"AccessTimeID":null,"CreationDate":1764259200000,"ModifiedBy":"LANDSD","LastAmendmentDate":1764259200000,"Shape__Length":0.93353595104762177}},{"type":"Feature","id":460274,"geometry":{"type":"LineString","coordinates":[[114.16887552076366,22.320892321487833,4.8488999999972293],[114.16886729300946,22.320890858127925,4.8193000000028405]]},"properties":{"OBJECTID":460274,"PedestrianRouteID":290061383,"Location":2,"FeatureType":1,"AliasNameEN":"Footway","AliasNameTC":"行人道","CrossingFeature":null,"WeatherProof":1,"WheelchairBarrier":2,"WheelchairAccess":2,"ObstaclesType":null,"Gradient":0.01135471,"Direction":0,"PositionCertainty":1,"Enabled":1,"DataSource":1,"LevelSource":12,"StreetNameEN":null,"StreetNameTC":null,"ST_CODE":null,"FloorID":null,"BuildingID_1":1910216110,"BuildingID_2":null,"SiteID":null,"TerminalID":null,"AccessTimeID":null,"CreationDate":1764259200000,"ModifiedBy":"LANDSD","LastAmendmentDate":1764259200000,"Shape__Length":0.86304072315918168}},{"type":"Feature","id":460275,"geometry":{"type":"LineString","coordinates":[[114.16886600277536,22.320896094905269,10.304000000003725],[114.16882573748084,22.320890023461043,10.304000000003725]]},"properties":{"OBJECTID":460275,"PedestrianRouteID":290061384,"Location":1,"FeatureType":2,"AliasNameEN":"Mong Kok Road Footbridge","AliasNameTC":"旺角道天橋","CrossingFeature":null,"WeatherProof":1,"WheelchairBarrier":2,"WheelchairAccess":2,"ObstaclesType":null,"Gradient":0,"Direction":0,"PositionCertainty":1,"Enabled":1,"DataSource":1,"LevelSource":2,"StreetNameEN":"Mong Kok Road","StreetNameTC":"旺角道","ST_CODE":11454,"FloorID":null,"BuildingID_1":null,"BuildingID_2":null,"SiteID":null,"TerminalID":null,"AccessTimeID":null,"CreationDate":1764259200000,"ModifiedBy":"LANDSD","LastAmendmentDate":1764259200000,"Shape__Length":4.2025909462096198}},{"type":"Feature","id":460276,"geometry":{"type":"LineString","coordinates":[[114.1688744596038,22.320897370440136,10.304000000003725],[114.16886600277536,22.320896094905269,10.304000000003725]]},"properties":{"OBJECTID":460276,"PedestrianRouteID":290061385,"Location":2,"FeatureType":2,"AliasNameEN":"Footbridge","AliasNameTC":"天橋","CrossingFeature":null,"WeatherProof":1,"WheelchairBarrier":2,"WheelchairAccess":2,"ObstaclesType":null,"Gradient":0,"Direction":0,"PositionCertainty":1,"Enabled":1,"DataSource":1,"LevelSource":2,"StreetNameEN":null,"StreetNameTC":null,"ST_CODE":null,"FloorID":null,"BuildingID_1":1910216110,"BuildingID_2":null,"SiteID":null,"TerminalID":null,"AccessTimeID":null,"CreationDate":1764259200000,"ModifiedBy":"LANDSD","LastAmendmentDate":1764259200000,"Shape__Length":0.88266705454830419}},{"type":"Feature","id":460277,"geometry":{"type":"LineString","coordinates":[[114.1691892652605,22.320953123302733,5.072199999995064],[114.1691912554808,22.320944401650138,5.198499999998603]]},"properties":{"OBJECTID":460277,"PedestrianRouteID":290061386,"Location":2,"FeatureType":1,"AliasNameEN":"Footway","AliasNameTC":"行人道","CrossingFeature":null,"WeatherProof":1,"WheelchairBarrier":2,"WheelchairAccess":2,"ObstaclesType":null,"Gradient":0.12169383,"Direction":0,"PositionCertainty":1,"Enabled":1,"DataSource":1,"LevelSource":12,"StreetNameEN":null,"StreetNameTC":null,"ST_CODE":null,"FloorID":null,"BuildingID_1":1108233612,"BuildingID_2":null,"SiteID":null,"TerminalID":null,"AccessTimeID":null,"CreationDate":1764259200000,"ModifiedBy":"LANDSD","LastAmendmentDate":1766073600000,"Shape__Length":0.98731688789248384}},{"type":"Feature","id":460278,"geometry":{"type":"LineString","coordinates":[[114.16919241184492,22.320937592637744,10.304000000003725],[114.16919517303255,22.320923256701921,10.304000000003725]]},"properties":{"OBJECTID":460278,"PedestrianRouteID":290061387,"Location":2,"FeatureType":2,"AliasNameEN":"Footbridge","AliasNameTC":"天橋","CrossingFeature":null,"WeatherProof":1,"WheelchairBarrier":2,"WheelchairAccess":2,"ObstaclesType":null,"Gradient":0,"Direction":0,"PositionCertainty":1,"Enabled":1,"DataSource":1,"LevelSource":12,"StreetNameEN":null,"StreetNameTC":null,"ST_CODE":null,"FloorID":null,"BuildingID_1":1108233612,"BuildingID_2":null,"SiteID":null,"TerminalID":null,"AccessTimeID":null,"CreationDate":1764259200000,"ModifiedBy":"LANDSD","LastAmendmentDate":1766073600000,"Shape__Length":1.6127738872258393}},{"type":"Feature","id":460279,"geometry":{"type":"LineString","coordinates":[[114.1692554745359,22.320768695516751,5.1999999999970896],[114.16925840256521,22.320756079915284,5.0378000000055181]]},"properties":{"OBJECTID":460279,"PedestrianRouteID":290061388,"Location":2,"FeatureType":1,"AliasNameEN":"Footway","AliasNameTC":"行人道","CrossingFeature":null,"WeatherProof":1,"WheelchairBarrier":2,"WheelchairAccess":2,"ObstaclesType":null,"Gradient":0.099914009999999998,"Direction":0,"PositionCertainty":1,"Enabled":1,"DataSource":1,"LevelSource":12,"StreetNameEN":null,"StreetNameTC":null,"ST_CODE":null,"FloorID":null,"BuildingID_1":1108233760,"BuildingID_2":null,"SiteID":null,"TerminalID":null,"AccessTimeID":null,"CreationDate":1764259200000,"ModifiedBy":"LANDSD","LastAmendmentDate":1766073600000,"Shape__Length":1.4291856283080198}},{"type":"Feature","id":460280,"geometry":{"type":"LineString","coordinates":[[114.16924961741218,22.320795647047344,10.304000000003725],[114.16925331630534,22.320779303653318,10.304000000003725]]},"properties":{"OBJECTID":460280,"PedestrianRouteID":290061389,"Location":2,"FeatureType":2,"AliasNameEN":"Footbridge","AliasNameTC":"天橋","CrossingFeature":null,"WeatherProof":1,"WheelchairBarrier":2,"WheelchairAccess":2,"ObstaclesType":null,"Gradient":0,"Direction":0,"PositionCertainty":1,"Enabled":1,"DataSource":1,"LevelSource":12,"StreetNameEN":null,"StreetNameTC":null,"ST_CODE":null,"FloorID":null,"BuildingID_1":null,"BuildingID_2":null,"SiteID":null,"TerminalID":null,"AccessTimeID":null,"CreationDate":1764259200000,"ModifiedBy":"LANDSD","LastAmendmentDate":1766073600000,"Shape__Length":1.8494693950312495}},{"type":"Feature","id":460403,"geometry":{"type":"LineString","coordinates":[[114.17162994283908,22.318928652031058,5.5375999999960186],[114.1716476595081,22.318943469095387,5.5525999999954365]]},"properties":{"OBJECTID":460403,"PedestrianRouteID":290061529,"Location":1,"FeatureType":1,"AliasNameEN":"Skypark","AliasNameTC":"行人道","CrossingFeature":null,"WeatherProof":2,"WheelchairBarrier":2,"WheelchairAccess":2,"ObstaclesType":null,"Gradient":0.00611145,"Direction":0,"PositionCertainty":1,"Enabled":1,"DataSource":1,"LevelSource":12,"StreetNameEN":null,"StreetNameTC":null,"ST_CODE":null,"FloorID":null,"BuildingID_1":null,"BuildingID_2":null,"SiteID":1810037642,"TerminalID":null,"AccessTimeID":null,"CreationDate":1764432000000,"ModifiedBy":"LANDSD","LastAmendmentDate":1764432000000,"Shape__Length":2.4543800953326929}},{"type":"Feature","id":460404,"geometry":{"type":"LineString","coordinates":[[114.1716476595081,22.318943469095387,5.5525999999954365],[114.17166679126314,22.318959469210736,5.5791000000026543]]},"properties":{"OBJECTID":460404,"PedestrianRouteID":290061530,"Location":1,"FeatureType":1,"AliasNameEN":"Skypark","AliasNameTC":"行人道","CrossingFeature":null,"WeatherProof":1,"WheelchairBarrier":2,"WheelchairAccess":2,"ObstaclesType":null,"Gradient":0.0099982100000000004,"Direction":0,"PositionCertainty":1,"Enabled":1,"DataSource":1,"LevelSource":12,"StreetNameEN":null,"StreetNameTC":null,"ST_CODE":null,"FloorID":null,"BuildingID_1":null,"BuildingID_2":null,"SiteID":1810037642,"TerminalID":null,"AccessTimeID":null,"CreationDate":1764432000000,"ModifiedBy":"LANDSD","LastAmendmentDate":1764432000000,"Shape__Length":2.6503868258678134}},{"type":"Feature","id":460405,"geometry":{"type":"LineString","coordinates":[[114.17162994283908,22.318928652031058,5.5375999999960186],[114.17158117001145,22.31889005550282,5.5562000000063563]]},"properties":{"OBJECTID":460405,"PedestrianRouteID":290061531,"Location":1,"FeatureType":1,"AliasNameEN":"Skypark","AliasNameTC":"行人道","CrossingFeature":null,"WeatherProof":2,"WheelchairBarrier":2,"WheelchairAccess":2,"ObstaclesType":null,"Gradient":0.0028195300000000002,"Direction":0,"PositionCertainty":1,"Enabled":1,"DataSource":1,"LevelSource":12,"StreetNameEN":null,"StreetNameTC":null,"ST_CODE":null,"FloorID":null,"BuildingID_1":null,"BuildingID_2":null,"SiteID":1810037642,"TerminalID":null,"AccessTimeID":null,"CreationDate":1764432000000,"ModifiedBy":"LANDSD","LastAmendmentDate":1764432000000,"Shape__Length":6.5968175258298238}},{"type":"Feature","id":460406,"geometry":{"type":"LineString","coordinates":[[114.17158117001145,22.31889005550282,5.5562000000063563],[114.17156339703355,22.318875990677864,5.5463000000017928]]},"properties":{"OBJECTID":460406,"PedestrianRouteID":290061532,"Location":1,"FeatureType":1,"AliasNameEN":"Skypark","AliasNameTC":"行人道","CrossingFeature":null,"WeatherProof":1,"WheelchairBarrier":2,"WheelchairAccess":2,"ObstaclesType":null,"Gradient":0.0041182700000000003,"Direction":0,"PositionCertainty":1,"Enabled":1,"DataSource":1,"LevelSource":12,"StreetNameEN":null,"StreetNameTC":null,"ST_CODE":null,"FloorID":null,"BuildingID_1":null,"BuildingID_2":null,"SiteID":1810037642,"TerminalID":null,"AccessTimeID":null,"CreationDate":1764432000000,"ModifiedBy":"LANDSD","LastAmendmentDate":1764432000000,"Shape__Length":2.4039110223564863}},{"type":"Feature","id":460470,"geometry":{"type":"LineString","coordinates":[[114.16983862676868,22.319476767065524,5.0858000000007451],[114.16983101512442,22.319520096431525,5.0065000000031432]]},"properties":{"OBJECTID":460470,"PedestrianRouteID":290061599,"Location":1,"FeatureType":1,"AliasNameEN":"Argyle Street","AliasNameTC":"亞皆老街","CrossingFeature":null,"WeatherProof":1,"WheelchairBarrier":2,"WheelchairAccess":2,"ObstaclesType":null,"Gradient":0.01630962,"Direction":0,"PositionCertainty":1,"Enabled":1,"DataSource":1,"LevelSource":12,"StreetNameEN":"Argyle Street","StreetNameTC":"亞皆老街","ST_CODE":10027,"FloorID":null,"BuildingID_1":null,"BuildingID_2":null,"SiteID":null,"TerminalID":null,"AccessTimeID":null,"CreationDate":1764432000000,"ModifiedBy":"LANDSD","LastAmendmentDate":1764432000000,"Shape__Length":4.8617301048444004}},{"type":"Feature","id":461283,"geometry":{"type":"LineString","coordinates":[[114.17030346670214,22.320886490990109,5.6055999999953201],[114.17030154252281,22.320895862861793,5.6205000000045402],[114.17030815521707,22.320896998273422,5.6214000000036322]]},"properties":{"OBJECTID":461283,"PedestrianRouteID":290062683,"Location":1,"FeatureType":1,"AliasNameEN":"Footway","AliasNameTC":"行人道","CrossingFeature":null,"WeatherProof":2,"WheelchairBarrier":2,"WheelchairAccess":2,"ObstaclesType":null,"Gradient":0.0090316500000000004,"Direction":0,"PositionCertainty":1,"Enabled":1,"DataSource":1,"LevelSource":12,"StreetNameEN":null,"StreetNameTC":null,"ST_CODE":null,"FloorID":null,"BuildingID_1":null,"BuildingID_2":null,"SiteID":null,"TerminalID":null,"AccessTimeID":null,"CreationDate":1766073600000,"ModifiedBy":"LANDSD","LastAmendmentDate":1766073600000,"Shape__Length":1.7493555113017083}},{"type":"Feature","id":461284,"geometry":{"type":"LineString","coordinates":[[114.17031001727463,22.320887679679664,5.6203999999997905],[114.17030346670214,22.320886490990109,5.6055999999953201]]},"properties":{"OBJECTID":461284,"PedestrianRouteID":290062682,"Location":1,"FeatureType":1,"AliasNameEN":"Mong Kok Road","AliasNameTC":"旺角道","CrossingFeature":null,"WeatherProof":2,"WheelchairBarrier":2,"WheelchairAccess":2,"ObstaclesType":null,"Gradient":0.021520480000000002,"Direction":0,"PositionCertainty":1,"Enabled":1,"DataSource":1,"LevelSource":12,"StreetNameEN":"Mong Kok Road","StreetNameTC":"旺角道","ST_CODE":11454,"FloorID":null,"BuildingID_1":null,"BuildingID_2":null,"SiteID":null,"TerminalID":null,"AccessTimeID":null,"CreationDate":1766073600000,"ModifiedBy":"LANDSD","LastAmendmentDate":1766073600000,"Shape__Length":0.68761076923537368}},{"type":"Feature","id":461285,"geometry":{"type":"LineString","coordinates":[[114.17031984973791,22.320904020932353,10.304000000003725],[114.17030700870455,22.320901847655609,10.304000000003725]]},"properties":{"OBJECTID":461285,"PedestrianRouteID":290062684,"Location":2,"FeatureType":2,"AliasNameEN":"Footbridge","AliasNameTC":"天橋","CrossingFeature":null,"WeatherProof":1,"WheelchairBarrier":2,"WheelchairAccess":2,"ObstaclesType":null,"Gradient":0,"Direction":0,"PositionCertainty":1,"Enabled":1,"DataSource":1,"LevelSource":12,"StreetNameEN":null,"StreetNameTC":null,"ST_CODE":null,"FloorID":null,"BuildingID_1":1108233655,"BuildingID_2":null,"SiteID":null,"TerminalID":null,"AccessTimeID":null,"CreationDate":1766073600000,"ModifiedBy":"LANDSD","LastAmendmentDate":1766073600000,"Shape__Length":1.3446997286155868}},{"type":"Feature","id":461286,"geometry":{"type":"LineString","coordinates":[[114.17030815521707,22.320896998273422,5.6214000000036322],[114.17032077397546,22.320899289841929,5.6214000000036322]]},"properties":{"OBJECTID":461286,"PedestrianRouteID":290062685,"Location":2,"FeatureType":1,"AliasNameEN":"Footway","AliasNameTC":"行人道","CrossingFeature":null,"WeatherProof":1,"WheelchairBarrier":2,"WheelchairAccess":2,"ObstaclesType":null,"Gradient":0,"Direction":0,"PositionCertainty":1,"Enabled":1,"DataSource":1,"LevelSource":12,"StreetNameEN":null,"StreetNameTC":null,"ST_CODE":null,"FloorID":null,"BuildingID_1":1108233655,"BuildingID_2":null,"SiteID":null,"TerminalID":null,"AccessTimeID":null,"CreationDate":1766073600000,"ModifiedBy":"LANDSD","LastAmendmentDate":1766073600000,"Shape__Length":1.3246220978403063}},{"type":"Feature","id":461287,"geometry":{"type":"LineString","coordinates":[[114.17032077397546,22.320899289841929,5.6214000000036322],[114.17031984973791,22.320904020932353,10.304000000003725]]},"properties":{"OBJECTID":461287,"PedestrianRouteID":290062686,"Location":2,"FeatureType":10,"AliasNameEN":"Lift","AliasNameTC":"升降機","CrossingFeature":null,"WeatherProof":1,"WheelchairBarrier":2,"WheelchairAccess":2,"ObstaclesType":null,"Gradient":1.4575682400000001,"Direction":0,"PositionCertainty":1,"Enabled":1,"DataSource":1,"LevelSource":12,"StreetNameEN":null,"StreetNameTC":null,"ST_CODE":null,"FloorID":null,"BuildingID_1":1108233655,"BuildingID_2":null,"SiteID":null,"TerminalID":null,"AccessTimeID":290001213,"CreationDate":1766073600000,"ModifiedBy":"LANDSD","LastAmendmentDate":1772208000000,"Shape__Length":0.53247934275384501}},{"type":"Feature","id":461288,"geometry":{"type":"LineString","coordinates":[[114.17030700870455,22.320901847655609,10.304000000003725],[114.17029597783862,22.320900007679668,10.304000000003725]]},"properties":{"OBJECTID":461288,"PedestrianRouteID":290062687,"Location":1,"FeatureType":2,"AliasNameEN":"Mong Kok Road Footbridge","AliasNameTC":"旺角道天橋","CrossingFeature":null,"WeatherProof":1,"WheelchairBarrier":2,"WheelchairAccess":2,"ObstaclesType":null,"Gradient":0,"Direction":0,"PositionCertainty":1,"Enabled":1,"DataSource":1,"LevelSource":12,"StreetNameEN":"Mong Kok Road","StreetNameTC":"旺角道","ST_CODE":11454,"FloorID":null,"BuildingID_1":null,"BuildingID_2":null,"SiteID":null,"TerminalID":null,"AccessTimeID":null,"CreationDate":1766073600000,"ModifiedBy":"LANDSD","LastAmendmentDate":1766073600000,"Shape__Length":1.1546107310353564}},{"type":"Feature","id":461289,"geometry":{"type":"LineString","coordinates":[[114.17029597783862,22.320900007679668,10.304000000003725],[114.17029826899264,22.320888814352323,10.304000000003725],[114.17030918337876,22.320890786170054,10.304000000003725]]},"properties":{"OBJECTID":461289,"PedestrianRouteID":290062688,"Location":1,"FeatureType":2,"AliasNameEN":"Mong Kok Road Footbridge","AliasNameTC":"旺角道天橋","CrossingFeature":null,"WeatherProof":2,"WheelchairBarrier":2,"WheelchairAccess":2,"ObstaclesType":null,"Gradient":0,"Direction":0,"PositionCertainty":1,"Enabled":1,"DataSource":1,"LevelSource":9,"StreetNameEN":"Mong Kok Road","StreetNameTC":"旺角道","ST_CODE":11454,"FloorID":null,"BuildingID_1":null,"BuildingID_2":null,"SiteID":null,"TerminalID":null,"AccessTimeID":null,"CreationDate":1766073600000,"ModifiedBy":"LANDSD","LastAmendmentDate":1766073600000,"Shape__Length":2.4072605176500432}},{"type":"Feature","id":461290,"geometry":{"type":"LineString","coordinates":[[114.16921422506948,22.320941438890202,10.304000000003725],[114.16921740750139,22.320927050596367,10.304000000003725]]},"properties":{"OBJECTID":461290,"PedestrianRouteID":290062690,"Location":2,"FeatureType":2,"AliasNameEN":"Footbridge","AliasNameTC":"天橋","CrossingFeature":null,"WeatherProof":1,"WheelchairBarrier":2,"WheelchairAccess":2,"ObstaclesType":null,"Gradient":0,"Direction":0,"PositionCertainty":1,"Enabled":1,"DataSource":1,"LevelSource":2,"StreetNameEN":null,"StreetNameTC":null,"ST_CODE":null,"FloorID":null,"BuildingID_1":1108233612,"BuildingID_2":null,"SiteID":null,"TerminalID":null,"AccessTimeID":null,"CreationDate":1766073600000,"ModifiedBy":"LANDSD","LastAmendmentDate":1766073600000,"Shape__Length":1.6266707501903512}},{"type":"Feature","id":461291,"geometry":{"type":"LineString","coordinates":[[114.16919886377238,22.320967790340326,5.040900000007241],[114.16920028025727,22.320961016559458,5.063399999999092]]},"properties":{"OBJECTID":461291,"PedestrianRouteID":290062689,"Location":1,"FeatureType":1,"AliasNameEN":"Mong Kok Road","AliasNameTC":"旺角道","CrossingFeature":null,"WeatherProof":2,"WheelchairBarrier":2,"WheelchairAccess":2,"ObstaclesType":null,"Gradient":0.029435679999999999,"Direction":0,"PositionCertainty":1,"Enabled":1,"DataSource":1,"LevelSource":12,"StreetNameEN":"Mong Kok Road","StreetNameTC":"旺角道","ST_CODE":11454,"FloorID":null,"BuildingID_1":null,"BuildingID_2":null,"SiteID":null,"TerminalID":null,"AccessTimeID":null,"CreationDate":1766073600000,"ModifiedBy":"LANDSD","LastAmendmentDate":1766073600000,"Shape__Length":0.76415758827097324}},{"type":"Feature","id":461292,"geometry":{"type":"LineString","coordinates":[[114.16920028025727,22.320961016559458,5.063399999999092],[114.16920954656342,22.320962588318366,5.0308999999979278],[114.16921074652902,22.320957163697759,5.0427999999956228]]},"properties":{"OBJECTID":461292,"PedestrianRouteID":290062691,"Location":1,"FeatureType":1,"AliasNameEN":"Mong Kok Road","AliasNameTC":"旺角道","CrossingFeature":null,"WeatherProof":2,"WheelchairBarrier":2,"WheelchairAccess":2,"ObstaclesType":null,"Gradient":0.01300669,"Direction":0,"PositionCertainty":1,"Enabled":1,"DataSource":1,"LevelSource":12,"StreetNameEN":"Mong Kok Road","StreetNameTC":"旺角道","ST_CODE":11454,"FloorID":null,"BuildingID_1":null,"BuildingID_2":null,"SiteID":null,"TerminalID":null,"AccessTimeID":null,"CreationDate":1766073600000,"ModifiedBy":"LANDSD","LastAmendmentDate":1766073600000,"Shape__Length":1.5837109075737192}},{"type":"Feature","id":461293,"geometry":{"type":"LineString","coordinates":[[114.16921074652902,22.320957163697759,5.0427999999956228],[114.16921270860841,22.320948294844928,5.0427999999956228]]},"properties":{"OBJECTID":461293,"PedestrianRouteID":290062692,"Location":2,"FeatureType":1,"AliasNameEN":"Footway","AliasNameTC":"行人道","CrossingFeature":null,"WeatherProof":1,"WheelchairBarrier":2,"WheelchairAccess":2,"ObstaclesType":null,"Gradient":0,"Direction":0,"PositionCertainty":1,"Enabled":1,"DataSource":1,"LevelSource":12,"StreetNameEN":null,"StreetNameTC":null,"ST_CODE":null,"FloorID":null,"BuildingID_1":1108233612,"BuildingID_2":null,"SiteID":null,"TerminalID":null,"AccessTimeID":null,"CreationDate":1766073600000,"ModifiedBy":"LANDSD","LastAmendmentDate":1766073600000,"Shape__Length":1.0026788207939972}},{"type":"Feature","id":461294,"geometry":{"type":"LineString","coordinates":[[114.16921270860841,22.320948294844928,5.0427999999956228],[114.16921422506948,22.320941438890202,10.304000000003725]]},"properties":{"OBJECTID":461294,"PedestrianRouteID":290062693,"Location":2,"FeatureType":10,"AliasNameEN":"Lift","AliasNameTC":"升降機","CrossingFeature":null,"WeatherProof":1,"WheelchairBarrier":2,"WheelchairAccess":2,"ObstaclesType":null,"Gradient":1.4245243400000001,"Direction":0,"PositionCertainty":1,"Enabled":1,"DataSource":1,"LevelSource":12,"StreetNameEN":null,"StreetNameTC":null,"ST_CODE":null,"FloorID":null,"BuildingID_1":1108233612,"BuildingID_2":null,"SiteID":null,"TerminalID":null,"AccessTimeID":290001214,"CreationDate":1766073600000,"ModifiedBy":"LANDSD","LastAmendmentDate":1772208000000,"Shape__Length":0.77510198132870511}},{"type":"Feature","id":461295,"geometry":{"type":"LineString","coordinates":[[114.16921740750139,22.320927050596367,10.304000000003725],[114.16922033550328,22.320915065331203,10.304000000003725],[114.16921036747131,22.320913120576428,10.304000000003725]]},"properties":{"OBJECTID":461295,"PedestrianRouteID":290062694,"Location":1,"FeatureType":2,"AliasNameEN":"Mong Kok Road Footbridge","AliasNameTC":"旺角道天橋","CrossingFeature":null,"WeatherProof":1,"WheelchairBarrier":2,"WheelchairAccess":2,"ObstaclesType":null,"Gradient":0,"Direction":0,"PositionCertainty":1,"Enabled":1,"DataSource":1,"LevelSource":12,"StreetNameEN":"Mong Kok Road","StreetNameTC":"旺角道","ST_CODE":11454,"FloorID":null,"BuildingID_1":null,"BuildingID_2":null,"SiteID":null,"TerminalID":null,"AccessTimeID":null,"CreationDate":1766073600000,"ModifiedBy":"LANDSD","LastAmendmentDate":1766073600000,"Shape__Length":2.4103623147984186}},{"type":"Feature","id":461296,"geometry":{"type":"LineString","coordinates":[[114.16919517303255,22.320923256701921,10.304000000003725],[114.16919770409716,22.32091054806801,10.304000000003725],[114.16921036747131,22.320913120576428,10.304000000003725]]},"properties":{"OBJECTID":461296,"PedestrianRouteID":290062695,"Location":1,"FeatureType":2,"AliasNameEN":"Mong Kok Road Footbridge","AliasNameTC":"旺角道天橋","CrossingFeature":null,"WeatherProof":2,"WheelchairBarrier":2,"WheelchairAccess":2,"ObstaclesType":null,"Gradient":0,"Direction":0,"PositionCertainty":1,"Enabled":1,"DataSource":1,"LevelSource":12,"StreetNameEN":"Mong Kok Road","StreetNameTC":"旺角道","ST_CODE":11454,"FloorID":null,"BuildingID_1":null,"BuildingID_2":null,"SiteID":null,"TerminalID":null,"AccessTimeID":null,"CreationDate":1766073600000,"ModifiedBy":"LANDSD","LastAmendmentDate":1766073600000,"Shape__Length":2.7666658911584863}},{"type":"Feature","id":461297,"geometry":{"type":"LineString","coordinates":[[114.169227027593,22.32077630336277,10.304000000003725],[114.16922377912529,22.320791410489175,10.304000000003725]]},"properties":{"OBJECTID":461297,"PedestrianRouteID":290062697,"Location":2,"FeatureType":2,"AliasNameEN":"Footbridge","AliasNameTC":"天橋","CrossingFeature":null,"WeatherProof":1,"WheelchairBarrier":2,"WheelchairAccess":2,"ObstaclesType":null,"Gradient":0,"Direction":0,"PositionCertainty":1,"Enabled":1,"DataSource":1,"LevelSource":2,"StreetNameEN":null,"StreetNameTC":null,"ST_CODE":null,"FloorID":null,"BuildingID_1":null,"BuildingID_2":null,"SiteID":null,"TerminalID":null,"AccessTimeID":null,"CreationDate":1766073600000,"ModifiedBy":"LANDSD","LastAmendmentDate":1766073600000,"Shape__Length":1.7060338719949628}},{"type":"Feature","id":461298,"geometry":{"type":"LineString","coordinates":[[114.16924596674779,22.320745705891998,5.0262999999977183],[114.16924796764927,22.320736781050634,5.0017999999981839]]},"properties":{"OBJECTID":461298,"PedestrianRouteID":290062696,"Location":1,"FeatureType":1,"AliasNameEN":"Mong Kok Road","AliasNameTC":"旺角道","CrossingFeature":null,"WeatherProof":2,"WheelchairBarrier":2,"WheelchairAccess":2,"ObstaclesType":null,"Gradient":0.024263199999999999,"Direction":0,"PositionCertainty":1,"Enabled":1,"DataSource":1,"LevelSource":12,"StreetNameEN":"Mong Kok Road","StreetNameTC":"旺角道","ST_CODE":11454,"FloorID":null,"BuildingID_1":null,"BuildingID_2":null,"SiteID":null,"TerminalID":null,"AccessTimeID":null,"CreationDate":1766073600000,"ModifiedBy":"LANDSD","LastAmendmentDate":1766073600000,"Shape__Length":1.0095613397980159}},{"type":"Feature","id":461299,"geometry":{"type":"LineString","coordinates":[[114.16924596674779,22.320745705891998,5.0262999999977183],[114.16923405849415,22.320743605721695,5.0587999999988824],[114.16923237503917,22.320751436069898,5.0396999999938998]]},"properties":{"OBJECTID":461299,"PedestrianRouteID":290062698,"Location":1,"FeatureType":1,"AliasNameEN":"Mong Kok Road","AliasNameTC":"旺角道","CrossingFeature":null,"WeatherProof":2,"WheelchairBarrier":2,"WheelchairAccess":2,"ObstaclesType":null,"Gradient":0.0062821400000000003,"Direction":0,"PositionCertainty":1,"Enabled":1,"DataSource":1,"LevelSource":12,"StreetNameEN":"Mong Kok Road","StreetNameTC":"旺角道","ST_CODE":11454,"FloorID":null,"BuildingID_1":null,"BuildingID_2":null,"SiteID":null,"TerminalID":null,"AccessTimeID":null,"CreationDate":1766073600000,"ModifiedBy":"LANDSD","LastAmendmentDate":1766073600000,"Shape__Length":2.1330033458592004}},{"type":"Feature","id":461300,"geometry":{"type":"LineString","coordinates":[[114.16923237503917,22.320751436069898,5.0396999999938998],[114.16922971879173,22.320763787087255,5.0396999999938998]]},"properties":{"OBJECTID":461300,"PedestrianRouteID":290062699,"Location":2,"FeatureType":1,"AliasNameEN":"Footway","AliasNameTC":"行人道","CrossingFeature":null,"WeatherProof":1,"WheelchairBarrier":2,"WheelchairAccess":2,"ObstaclesType":null,"Gradient":0,"Direction":0,"PositionCertainty":1,"Enabled":1,"DataSource":1,"LevelSource":12,"StreetNameEN":null,"StreetNameTC":null,"ST_CODE":null,"FloorID":null,"BuildingID_1":1108233760,"BuildingID_2":null,"SiteID":null,"TerminalID":null,"AccessTimeID":null,"CreationDate":1766073600000,"ModifiedBy":"LANDSD","LastAmendmentDate":1766073600000,"Shape__Length":1.3947975653232976}},{"type":"Feature","id":461301,"geometry":{"type":"LineString","coordinates":[[114.16922971879173,22.320763787087255,5.0396999999938998],[114.169227027593,22.32077630336277,10.304000000003725]]},"properties":{"OBJECTID":461301,"PedestrianRouteID":290062700,"Location":2,"FeatureType":10,"AliasNameEN":"Lift","AliasNameTC":"升降機","CrossingFeature":null,"WeatherProof":1,"WheelchairBarrier":2,"WheelchairAccess":2,"ObstaclesType":null,"Gradient":1.3084859900000001,"Direction":0,"PositionCertainty":1,"Enabled":1,"DataSource":1,"LevelSource":12,"StreetNameEN":null,"StreetNameTC":null,"ST_CODE":null,"FloorID":null,"BuildingID_1":1108233760,"BuildingID_2":null,"SiteID":null,"TerminalID":null,"AccessTimeID":290001215,"CreationDate":1766073600000,"ModifiedBy":"LANDSD","LastAmendmentDate":1772208000000,"Shape__Length":1.4134482089975464}},{"type":"Feature","id":461302,"geometry":{"type":"LineString","coordinates":[[114.16922377912529,22.320791410489175,10.304000000003725],[114.16922188208193,22.320800233289365,10.304000000003725],[114.16923387965676,22.320801949664542,10.304000000003725]]},"properties":{"OBJECTID":461302,"PedestrianRouteID":290062701,"Location":1,"FeatureType":2,"AliasNameEN":"Mong Kok Road Footbridge","AliasNameTC":"旺角道天橋","CrossingFeature":null,"WeatherProof":1,"WheelchairBarrier":2,"WheelchairAccess":2,"ObstaclesType":null,"Gradient":0,"Direction":0,"PositionCertainty":1,"Enabled":1,"DataSource":1,"LevelSource":12,"StreetNameEN":"Mong Kok Road","StreetNameTC":"旺角道","ST_CODE":11454,"FloorID":null,"BuildingID_1":null,"BuildingID_2":null,"SiteID":null,"TerminalID":null,"AccessTimeID":null,"CreationDate":1766073600000,"ModifiedBy":"LANDSD","LastAmendmentDate":1766073600000,"Shape__Length":2.2469655447430461}},{"type":"Feature","id":461303,"geometry":{"type":"LineString","coordinates":[[114.16923387965676,22.320801949664542,10.304000000003725],[114.16924776794205,22.320804248600503,10.304000000003725],[114.16924961741218,22.320795647047344,10.304000000003725]]},"properties":{"OBJECTID":461303,"PedestrianRouteID":290062702,"Location":1,"FeatureType":2,"AliasNameEN":"Mong Kok Road Footbridge","AliasNameTC":"旺角道天橋","CrossingFeature":null,"WeatherProof":2,"WheelchairBarrier":2,"WheelchairAccess":2,"ObstaclesType":null,"Gradient":0,"Direction":0,"PositionCertainty":1,"Enabled":1,"DataSource":1,"LevelSource":12,"StreetNameEN":"Mong Kok Road","StreetNameTC":"旺角道","ST_CODE":11454,"FloorID":null,"BuildingID_1":null,"BuildingID_2":null,"SiteID":null,"TerminalID":null,"AccessTimeID":null,"CreationDate":1766073600000,"ModifiedBy":"LANDSD","LastAmendmentDate":1766073600000,"Shape__Length":2.4247196967150169}},{"type":"Feature","id":470093,"geometry":{"type":"LineString","coordinates":[[114.1697554474357,22.318053768339595,4.9771999999938998],[114.16973672503039,22.318145276355292,5.0136000000056811]]},"properties":{"OBJECTID":470093,"PedestrianRouteID":240006106,"Location":1,"FeatureType":1,"AliasNameEN":"Nathan Road","AliasNameTC":"彌敦道","CrossingFeature":null,"WeatherProof":2,"WheelchairBarrier":2,"WheelchairAccess":2,"ObstaclesType":null,"Gradient":0.0035287998254403125,"Direction":0,"PositionCertainty":1,"Enabled":1,"DataSource":1,"LevelSource":12,"StreetNameEN":"Nathan Road","StreetNameTC":"彌敦道","ST_CODE":11504,"FloorID":null,"BuildingID_1":null,"BuildingID_2":null,"SiteID":null,"TerminalID":null,"AccessTimeID":null,"CreationDate":1614441600000,"ModifiedBy":"LANDSD","LastAmendmentDate":1785772800000,"Shape__Length":10.315078985148055}},{"type":"Feature","id":470196,"geometry":{"type":"LineString","coordinates":[[114.16977122724433,22.317976644125888,4.9465000000054715],[114.1697554474357,22.318053768339595,4.9771999999938998]]},"properties":{"OBJECTID":470196,"PedestrianRouteID":290071399,"Location":1,"FeatureType":1,"AliasNameEN":"Nathan Road","AliasNameTC":"彌敦道","CrossingFeature":null,"WeatherProof":2,"WheelchairBarrier":2,"WheelchairAccess":2,"ObstaclesType":null,"Gradient":0.0035312795524500241,"Direction":0,"PositionCertainty":1,"Enabled":1,"DataSource":1,"LevelSource":12,"StreetNameEN":"Nathan Road","StreetNameTC":"彌敦道","ST_CODE":11504,"FloorID":null,"BuildingID_1":null,"BuildingID_2":null,"SiteID":null,"TerminalID":null,"AccessTimeID":null,"CreationDate":1785340800000,"ModifiedBy":"LANDSD","LastAmendmentDate":1785772800000,"Shape__Length":8.693696413250029}},{"type":"Feature","id":476429,"geometry":{"type":"LineString","coordinates":[[114.16788013254154,22.318402980922031,4.590200000006007],[114.16782496349397,22.318671296721337,4.5764999999955762]]},"properties":{"OBJECTID":476429,"PedestrianRouteID":240006472,"Location":1,"FeatureType":1,"AliasNameEN":"Reclamation Street","AliasNameTC":"新填地街","CrossingFeature":null,"WeatherProof":2,"WheelchairBarrier":2,"WheelchairAccess":2,"ObstaclesType":null,"Gradient":0.0060602700000000004,"Direction":0,"PositionCertainty":1,"Enabled":1,"DataSource":1,"LevelSource":2,"StreetNameEN":"Reclamation Street","StreetNameTC":"新填地街","ST_CODE":11810,"FloorID":null,"BuildingID_1":null,"BuildingID_2":null,"SiteID":null,"TerminalID":null,"AccessTimeID":null,"CreationDate":1614441600000,"ModifiedBy":"LANDSD","LastAmendmentDate":1788278400000,"Shape__Length":30.250675400518784}},{"type":"Feature","id":476776,"geometry":{"type":"LineString","coordinates":[[114.16782496349397,22.318671296721337,4.5764999999955762],[114.16780688639308,22.31875921397809,4.5720000000001164]]},"properties":{"OBJECTID":476776,"PedestrianRouteID":290072468,"Location":1,"FeatureType":1,"AliasNameEN":"Reclamation Street","AliasNameTC":"新填地街","CrossingFeature":null,"WeatherProof":2,"WheelchairBarrier":2,"WheelchairAccess":2,"ObstaclesType":null,"Gradient":0.0060602700000000004,"Direction":0,"PositionCertainty":1,"Enabled":1,"DataSource":1,"LevelSource":2,"StreetNameEN":"Reclamation Street","StreetNameTC":"新填地街","ST_CODE":11810,"FloorID":null,"BuildingID_1":null,"BuildingID_2":null,"SiteID":null,"TerminalID":null,"AccessTimeID":null,"CreationDate":1788278400000,"ModifiedBy":"LANDSD","LastAmendmentDate":1788278400000,"Shape__Length":9.9120421192835}}]}