{"type":"FeatureCollection","features":[{"type":"Feature","id":339613,"geometry":{"type":"LineString","coordinates":[[114.17079461591085,22.32078153298831,5.9979000000021188],[114.17076574252894,22.320776478391135,5.8989000000001397]]},"properties":{"OBJECTID":339613,"PedestrianRouteID":240005963,"Location":1,"FeatureType":1,"AliasNameEN":"Fa Yuen Street","AliasNameTC":"花園街","CrossingFeature":null,"WeatherProof":2,"WheelchairBarrier":2,"WheelchairAccess":2,"ObstaclesType":null,"Gradient":0.032694250000000001,"Direction":0,"PositionCertainty":1,"Enabled":1,"DataSource":1,"LevelSource":2,"StreetNameEN":"Fa Yuen Street","StreetNameTC":"花園街","ST_CODE":10419,"FloorID":null,"BuildingID_1":null,"BuildingID_2":null,"SiteID":null,"TerminalID":null,"AccessTimeID":null,"CreationDate":1614441600000,"ModifiedBy":"LANDSD","LastAmendmentDate":1655654400000,"Shape__Length":3.0269765775686395}},{"type":"Feature","id":339617,"geometry":{"type":"LineString","coordinates":[[114.1693227945549,22.320356312099292,4.8999999999941792],[114.16929177923205,22.320350506697913,4.8254000000015367]]},"properties":{"OBJECTID":339617,"PedestrianRouteID":240005967,"Location":1,"FeatureType":1,"AliasNameEN":"Fife Street","AliasNameTC":"快富街","CrossingFeature":null,"WeatherProof":2,"WheelchairBarrier":2,"WheelchairAccess":2,"ObstaclesType":null,"Gradient":0.022883009999999999,"Direction":0,"PositionCertainty":1,"Enabled":1,"DataSource":1,"LevelSource":2,"StreetNameEN":"Fife Street","StreetNameTC":"快富街","ST_CODE":10485,"FloorID":null,"BuildingID_1":null,"BuildingID_2":null,"SiteID":null,"TerminalID":null,"AccessTimeID":null,"CreationDate":1614441600000,"ModifiedBy":"LANDSD","LastAmendmentDate":1655654400000,"Shape__Length":3.2594913002085812}},{"type":"Feature","id":339620,"geometry":{"type":"LineString","coordinates":[[114.16882017522197,22.31933719004472,4.650500000003376],[114.1687578519233,22.319326055843248,4.6830000000045402]]},"properties":{"OBJECTID":339620,"PedestrianRouteID":240005970,"Location":1,"FeatureType":1,"AliasNameEN":"Argyle Street","AliasNameTC":"亞皆老街","CrossingFeature":null,"WeatherProof":3,"WheelchairBarrier":2,"WheelchairAccess":2,"ObstaclesType":null,"Gradient":0.0049705699999999997,"Direction":0,"PositionCertainty":1,"Enabled":1,"DataSource":1,"LevelSource":2,"StreetNameEN":"Argyle Street","StreetNameTC":"亞皆老街","ST_CODE":10027,"FloorID":null,"BuildingID_1":null,"BuildingID_2":null,"SiteID":null,"TerminalID":null,"AccessTimeID":null,"CreationDate":1614441600000,"ModifiedBy":"LANDSD","LastAmendmentDate":1655654400000,"Shape__Length":6.5384334665256478}},{"type":"Feature","id":339621,"geometry":{"type":"LineString","coordinates":[[114.16829209947181,22.317780441086988,4.2998999999981606],[114.16831295712977,22.317784204330216,4.4122000000061234]]},"properties":{"OBJECTID":339621,"PedestrianRouteID":240005971,"Location":1,"FeatureType":1,"AliasNameEN":"Shanghai Street","AliasNameTC":"上海街","CrossingFeature":null,"WeatherProof":2,"WheelchairBarrier":2,"WheelchairAccess":2,"ObstaclesType":null,"Gradient":0.01493716,"Direction":0,"PositionCertainty":1,"Enabled":1,"DataSource":1,"LevelSource":2,"StreetNameEN":"Shanghai Street","StreetNameTC":"上海街","ST_CODE":11984,"FloorID":null,"BuildingID_1":null,"BuildingID_2":null,"SiteID":null,"TerminalID":null,"AccessTimeID":null,"CreationDate":1614441600000,"ModifiedBy":"LANDSD","LastAmendmentDate":1689264000000,"Shape__Length":2.1890081226416207}},{"type":"Feature","id":339622,"geometry":{"type":"LineString","coordinates":[[114.16857958474253,22.320179375689381,5.0601000000024214],[114.16857490415119,22.320201782159689,5.1848000000027241]]},"properties":{"OBJECTID":339622,"PedestrianRouteID":240005972,"Location":1,"FeatureType":1,"AliasNameEN":"Portland Street","AliasNameTC":"砵蘭街","CrossingFeature":null,"WeatherProof":2,"WheelchairBarrier":2,"WheelchairAccess":2,"ObstaclesType":null,"Gradient":0.049295319999999997,"Direction":0,"PositionCertainty":1,"Enabled":1,"DataSource":1,"LevelSource":12,"StreetNameEN":"Portland Street","StreetNameTC":"砵蘭街","ST_CODE":11777,"FloorID":null,"BuildingID_1":null,"BuildingID_2":null,"SiteID":null,"TerminalID":null,"AccessTimeID":null,"CreationDate":1614441600000,"ModifiedBy":"LANDSD","LastAmendmentDate":1642608000000,"Shape__Length":2.5276023917996193}},{"type":"Feature","id":339623,"geometry":{"type":"LineString","coordinates":[[114.16831622585892,22.320843941483336,5.0071000000025379],[114.16832015894114,22.320824911521683,4.9826999999932013]]},"properties":{"OBJECTID":339623,"PedestrianRouteID":240005973,"Location":1,"FeatureType":1,"AliasNameEN":"Mong Kok Road","AliasNameTC":"旺角道","CrossingFeature":null,"WeatherProof":1,"WheelchairBarrier":2,"WheelchairAccess":2,"ObstaclesType":null,"Gradient":0.011370109999999999,"Direction":0,"PositionCertainty":1,"Enabled":1,"DataSource":1,"LevelSource":2,"StreetNameEN":"Mong Kok Road","StreetNameTC":"旺角道","ST_CODE":11454,"FloorID":null,"BuildingID_1":null,"BuildingID_2":null,"SiteID":null,"TerminalID":null,"AccessTimeID":null,"CreationDate":1614441600000,"ModifiedBy":"LANDSD","LastAmendmentDate":1655654400000,"Shape__Length":2.1458842702232399}},{"type":"Feature","id":339624,"geometry":{"type":"LineString","coordinates":[[114.1717457597659,22.31737792179349,6.0607000000018161],[114.17174665818129,22.317387431942986,6.0461000000068452]]},"properties":{"OBJECTID":339624,"PedestrianRouteID":240005974,"Location":1,"FeatureType":23,"AliasNameEN":"Sai Yee Street Garden","AliasNameTC":"洗衣街花園","CrossingFeature":null,"WeatherProof":2,"WheelchairBarrier":2,"WheelchairAccess":2,"ObstaclesType":null,"Gradient":0.01380967,"Direction":0,"PositionCertainty":1,"Enabled":1,"DataSource":1,"LevelSource":2,"StreetNameEN":null,"StreetNameTC":null,"ST_CODE":null,"FloorID":null,"BuildingID_1":null,"BuildingID_2":null,"SiteID":1503005468,"TerminalID":null,"AccessTimeID":240000043,"CreationDate":1614441600000,"ModifiedBy":"LANDSD","LastAmendmentDate":1655654400000,"Shape__Length":1.057163359344659}},{"type":"Feature","id":339625,"geometry":{"type":"LineString","coordinates":[[114.17063393542846,22.317625909357641,5.4192999999941094],[114.1707581065115,22.317012852129889,5.3374999999941792]]},"properties":{"OBJECTID":339625,"PedestrianRouteID":240005975,"Location":1,"FeatureType":5,"AliasNameEN":"Lane between Tung Kok Building and Wing Wah Building","AliasNameTC":"東角樓與榮華大樓之間的小巷","CrossingFeature":null,"WeatherProof":2,"WheelchairBarrier":1,"WheelchairAccess":2,"ObstaclesType":null,"Gradient":0.0011841099999999999,"Direction":0,"PositionCertainty":1,"Enabled":1,"DataSource":1,"LevelSource":2,"StreetNameEN":null,"StreetNameTC":null,"ST_CODE":null,"FloorID":null,"BuildingID_1":null,"BuildingID_2":1108236107,"SiteID":null,"TerminalID":null,"AccessTimeID":null,"CreationDate":1614441600000,"ModifiedBy":"LANDSD","LastAmendmentDate":1676390400000,"Shape__Length":69.081646841200822}},{"type":"Feature","id":339627,"geometry":{"type":"LineString","coordinates":[[114.17023493194598,22.317543889483598,4.8870000000024447],[114.1699401613228,22.317492005480734,4.761899999997695]]},"properties":{"OBJECTID":339627,"PedestrianRouteID":240005977,"Location":1,"FeatureType":1,"AliasNameEN":"Shantung Street","AliasNameTC":"山東街","CrossingFeature":null,"WeatherProof":2,"WheelchairBarrier":2,"WheelchairAccess":2,"ObstaclesType":null,"Gradient":0.00404733,"Direction":0,"PositionCertainty":1,"Enabled":1,"DataSource":1,"LevelSource":2,"StreetNameEN":"Shantung Street","StreetNameTC":"山東街","ST_CODE":11986,"FloorID":null,"BuildingID_1":null,"BuildingID_2":null,"SiteID":null,"TerminalID":null,"AccessTimeID":null,"CreationDate":1614441600000,"ModifiedBy":"LANDSD","LastAmendmentDate":1655654400000,"Shape__Length":30.909107953317445}},{"type":"Feature","id":339628,"geometry":{"type":"LineString","coordinates":[[114.17043995789975,22.318550859706487,5.4737000000022817],[114.17026379616789,22.318518636019522,5.4489999999932479]]},"properties":{"OBJECTID":339628,"PedestrianRouteID":240005978,"Location":1,"FeatureType":1,"AliasNameEN":"Nelson Street","AliasNameTC":"奶路臣街","CrossingFeature":null,"WeatherProof":2,"WheelchairBarrier":2,"WheelchairAccess":2,"ObstaclesType":null,"Gradient":0.0013353200000000001,"Direction":0,"PositionCertainty":1,"Enabled":1,"DataSource":1,"LevelSource":2,"StreetNameEN":"Nelson Street","StreetNameTC":"奶路臣街","ST_CODE":11506,"FloorID":null,"BuildingID_1":null,"BuildingID_2":null,"SiteID":null,"TerminalID":null,"AccessTimeID":null,"CreationDate":1614441600000,"ModifiedBy":"LANDSD","LastAmendmentDate":1655654400000,"Shape__Length":18.497383227362569}},{"type":"Feature","id":339629,"geometry":{"type":"LineString","coordinates":[[114.16826904739996,22.317998190118363,4.5861000000004424],[114.16831295712977,22.317784204330216,4.4122000000061234]]},"properties":{"OBJECTID":339629,"PedestrianRouteID":240005979,"Location":1,"FeatureType":1,"AliasNameEN":"Shanghai Street","AliasNameTC":"上海街","CrossingFeature":null,"WeatherProof":2,"WheelchairBarrier":2,"WheelchairAccess":2,"ObstaclesType":null,"Gradient":0.0072085700000000001,"Direction":0,"PositionCertainty":1,"Enabled":1,"DataSource":1,"LevelSource":12,"StreetNameEN":"Shanghai Street","StreetNameTC":"上海街","ST_CODE":11984,"FloorID":null,"BuildingID_1":null,"BuildingID_2":null,"SiteID":null,"TerminalID":null,"AccessTimeID":null,"CreationDate":1614441600000,"ModifiedBy":"LANDSD","LastAmendmentDate":1689264000000,"Shape__Length":24.123650056288298}},{"type":"Feature","id":339630,"geometry":{"type":"LineString","coordinates":[[114.16945500792222,22.320990044543855,10.304000000003725],[114.16950286135888,22.320998539985919,10.304000000003725],[114.16952454337344,22.32089426742003,10.304000000003725]]},"properties":{"OBJECTID":339630,"PedestrianRouteID":240005980,"Location":1,"FeatureType":2,"AliasNameEN":"Mong Kok Road Footbridge","AliasNameTC":"旺角道天橋","CrossingFeature":null,"WeatherProof":1,"WheelchairBarrier":2,"WheelchairAccess":2,"ObstaclesType":null,"Gradient":0,"Direction":0,"PositionCertainty":1,"Enabled":1,"DataSource":1,"LevelSource":12,"StreetNameEN":"Mong Kok Road","StreetNameTC":"旺角道","ST_CODE":11454,"FloorID":null,"BuildingID_1":null,"BuildingID_2":null,"SiteID":null,"TerminalID":null,"AccessTimeID":null,"CreationDate":1614441600000,"ModifiedBy":"LANDSD","LastAmendmentDate":1658246400000,"Shape__Length":16.779896382088836}},{"type":"Feature","id":339632,"geometry":{"type":"LineString","coordinates":[[114.17169144566417,22.317385637629314,5.9906000000046333],[114.17168887719539,22.317394000783466,5.9717999999993481],[114.17167732128055,22.317398181582909,5.9260000000067521],[114.17166383903241,22.317394895822869,5.8821000000025379],[114.17166127218124,22.317385636670341,5.883799999995972]]},"properties":{"OBJECTID":339632,"PedestrianRouteID":240005982,"Location":1,"FeatureType":23,"AliasNameEN":"Sai Yee Street Garden","AliasNameTC":"洗衣街花園","CrossingFeature":null,"WeatherProof":2,"WheelchairBarrier":2,"WheelchairAccess":2,"ObstaclesType":null,"Gradient":0.02254956,"Direction":0,"PositionCertainty":1,"Enabled":1,"DataSource":1,"LevelSource":2,"StreetNameEN":null,"StreetNameTC":null,"ST_CODE":null,"FloorID":null,"BuildingID_1":null,"BuildingID_2":null,"SiteID":1503005468,"TerminalID":null,"AccessTimeID":240000043,"CreationDate":1614441600000,"ModifiedBy":"LANDSD","LastAmendmentDate":1655654400000,"Shape__Length":4.7354323016269433}},{"type":"Feature","id":339633,"geometry":{"type":"LineString","coordinates":[[114.17006435123837,22.320374711160095,5.4587000000028638],[114.17018641792394,22.31978655996576,5.3656000000046333]]},"properties":{"OBJECTID":339633,"PedestrianRouteID":240005983,"Location":1,"FeatureType":5,"AliasNameEN":"Lane between Wing Wah Building and  ","AliasNameTC":"榮華大樓與 之間的小巷","CrossingFeature":null,"WeatherProof":2,"WheelchairBarrier":1,"WheelchairAccess":2,"ObstaclesType":null,"Gradient":0.0014035499999999999,"Direction":0,"PositionCertainty":1,"Enabled":1,"DataSource":1,"LevelSource":2,"StreetNameEN":null,"StreetNameTC":null,"ST_CODE":800541,"FloorID":null,"BuildingID_1":null,"BuildingID_2":1108234043,"SiteID":null,"TerminalID":null,"AccessTimeID":null,"CreationDate":1614441600000,"ModifiedBy":"LANDSD","LastAmendmentDate":1676390400000,"Shape__Length":66.331882385151133}},{"type":"Feature","id":339635,"geometry":{"type":"LineString","coordinates":[[114.16915218697065,22.317352977464765,4.5029000000067754],[114.1691564188508,22.31733267056239,4.499100000000908]]},"properties":{"OBJECTID":339635,"PedestrianRouteID":240005985,"Location":1,"FeatureType":1,"AliasNameEN":"Portland Street","AliasNameTC":"砵蘭街","CrossingFeature":null,"WeatherProof":2,"WheelchairBarrier":2,"WheelchairAccess":2,"ObstaclesType":null,"Gradient":0.00165898,"Direction":0,"PositionCertainty":1,"Enabled":1,"DataSource":1,"LevelSource":2,"StreetNameEN":"Portland Street","StreetNameTC":"砵蘭街","ST_CODE":11777,"FloorID":null,"BuildingID_1":null,"BuildingID_2":null,"SiteID":null,"TerminalID":null,"AccessTimeID":null,"CreationDate":1614441600000,"ModifiedBy":"LANDSD","LastAmendmentDate":1655654400000,"Shape__Length":2.2905589932347366}},{"type":"Feature","id":339636,"geometry":{"type":"LineString","coordinates":[[114.17017949216608,22.321354521693156,4.9370000000053551],[114.17017377005175,22.321382705033571,5.2630000000062864],[114.17019750321965,22.321386986506894,5.6462000000028638]]},"properties":{"OBJECTID":339636,"PedestrianRouteID":240005986,"Location":1,"FeatureType":1,"AliasNameEN":"Tung Choi Street","AliasNameTC":"通菜街","CrossingFeature":null,"WeatherProof":1,"WheelchairBarrier":2,"WheelchairAccess":2,"ObstaclesType":null,"Gradient":0.12450297,"Direction":0,"PositionCertainty":1,"Enabled":1,"DataSource":1,"LevelSource":2,"StreetNameEN":"Tung Choi Street","StreetNameTC":"通菜街","ST_CODE":12513,"FloorID":null,"BuildingID_1":null,"BuildingID_2":null,"SiteID":null,"TerminalID":null,"AccessTimeID":null,"CreationDate":1614441600000,"ModifiedBy":"LANDSD","LastAmendmentDate":1655654400000,"Shape__Length":5.6667867737809878}},{"type":"Feature","id":339637,"geometry":{"type":"LineString","coordinates":[[114.17024457733419,22.320508162753772,5.658899999994901],[114.17024703449079,22.320496298460263,5.654500000004191]]},"properties":{"OBJECTID":339637,"PedestrianRouteID":240005987,"Location":1,"FeatureType":1,"AliasNameEN":"Fife Street","AliasNameTC":"快富街","CrossingFeature":null,"WeatherProof":2,"WheelchairBarrier":2,"WheelchairAccess":2,"ObstaclesType":null,"Gradient":0.0032885800000000001,"Direction":0,"PositionCertainty":1,"Enabled":1,"DataSource":1,"LevelSource":2,"StreetNameEN":"Fife Street","StreetNameTC":"快富街","ST_CODE":10485,"FloorID":null,"BuildingID_1":null,"BuildingID_2":null,"SiteID":null,"TerminalID":null,"AccessTimeID":null,"CreationDate":1614441600000,"ModifiedBy":"LANDSD","LastAmendmentDate":1655654400000,"Shape__Length":1.337957416831548}},{"type":"Feature","id":339638,"geometry":{"type":"LineString","coordinates":[[114.17136623279998,22.317899880628612,5.5978999999933876],[114.17137434252189,22.317862772376223,5.5341000000044005]]},"properties":{"OBJECTID":339638,"PedestrianRouteID":240005988,"Location":1,"FeatureType":1,"AliasNameEN":"Shantung Street","AliasNameTC":"山東街","CrossingFeature":null,"WeatherProof":3,"WheelchairBarrier":2,"WheelchairAccess":2,"ObstaclesType":null,"Gradient":0.01521372,"Direction":0,"PositionCertainty":1,"Enabled":1,"DataSource":1,"LevelSource":2,"StreetNameEN":"Shantung Street","StreetNameTC":"山東街","ST_CODE":11986,"FloorID":null,"BuildingID_1":null,"BuildingID_2":null,"SiteID":null,"TerminalID":null,"AccessTimeID":null,"CreationDate":1614441600000,"ModifiedBy":"LANDSD","LastAmendmentDate":1655654400000,"Shape__Length":4.193258612501821}},{"type":"Feature","id":339640,"geometry":{"type":"LineString","coordinates":[[114.16766678144283,22.321746447850224,4.9211000000068452],[114.16768204707273,22.321749101900163,4.9259000000020023]]},"properties":{"OBJECTID":339640,"PedestrianRouteID":240005990,"Location":1,"FeatureType":1,"AliasNameEN":"Shanghai Street","AliasNameTC":"上海街","CrossingFeature":null,"WeatherProof":2,"WheelchairBarrier":2,"WheelchairAccess":2,"ObstaclesType":null,"Gradient":0.0029999800000000002,"Direction":0,"PositionCertainty":1,"Enabled":1,"DataSource":1,"LevelSource":2,"StreetNameEN":"Shanghai Street","StreetNameTC":"上海街","ST_CODE":11984,"FloorID":null,"BuildingID_1":null,"BuildingID_2":null,"SiteID":null,"TerminalID":null,"AccessTimeID":null,"CreationDate":1614441600000,"ModifiedBy":"LANDSD","LastAmendmentDate":1655654400000,"Shape__Length":1.6000057127032241}},{"type":"Feature","id":339646,"geometry":{"type":"LineString","coordinates":[[114.16895860252266,22.318249170865943,4.512300000002142],[114.16895384243934,22.318272087577355,4.4778999999980442]]},"properties":{"OBJECTID":339646,"PedestrianRouteID":240005996,"Location":1,"FeatureType":1,"AliasNameEN":"Portland Street","AliasNameTC":"砵蘭街","CrossingFeature":null,"WeatherProof":2,"WheelchairBarrier":2,"WheelchairAccess":2,"ObstaclesType":null,"Gradient":0.01330866,"Direction":0,"PositionCertainty":1,"Enabled":1,"DataSource":1,"LevelSource":2,"StreetNameEN":"Portland Street","StreetNameTC":"砵蘭街","ST_CODE":11777,"FloorID":null,"BuildingID_1":null,"BuildingID_2":null,"SiteID":null,"TerminalID":null,"AccessTimeID":null,"CreationDate":1614441600000,"ModifiedBy":"LANDSD","LastAmendmentDate":1655654400000,"Shape__Length":2.5846306092885478}},{"type":"Feature","id":339647,"geometry":{"type":"LineString","coordinates":[[114.16826561086839,22.321683408227621,5.1540999999997439],[114.16823845015512,22.321811212240306,5.2375000000029104]]},"properties":{"OBJECTID":339647,"PedestrianRouteID":240005997,"Location":1,"FeatureType":1,"AliasNameEN":"Portland Street","AliasNameTC":"砵蘭街","CrossingFeature":null,"WeatherProof":2,"WheelchairBarrier":2,"WheelchairAccess":2,"ObstaclesType":null,"Gradient":0.0057810300000000004,"Direction":0,"PositionCertainty":1,"Enabled":1,"DataSource":1,"LevelSource":12,"StreetNameEN":"Portland Street","StreetNameTC":"砵蘭街","ST_CODE":11777,"FloorID":null,"BuildingID_1":null,"BuildingID_2":null,"SiteID":null,"TerminalID":null,"AccessTimeID":null,"CreationDate":1614441600000,"ModifiedBy":"LANDSD","LastAmendmentDate":1642608000000,"Shape__Length":14.426339192520675}},{"type":"Feature","id":339649,"geometry":{"type":"LineString","coordinates":[[114.17026232858932,22.317669060079769,5.1490999999950873],[114.1702108957894,22.317659816076173,5.1144999999960419]]},"properties":{"OBJECTID":339649,"PedestrianRouteID":240005999,"Location":1,"FeatureType":1,"AliasNameEN":"Shantung Street","AliasNameTC":"山東街","CrossingFeature":null,"WeatherProof":2,"WheelchairBarrier":2,"WheelchairAccess":2,"ObstaclesType":null,"Gradient":0.0064107399999999998,"Direction":0,"PositionCertainty":1,"Enabled":1,"DataSource":1,"LevelSource":2,"StreetNameEN":"Shantung Street","StreetNameTC":"山東街","ST_CODE":11986,"FloorID":null,"BuildingID_1":null,"BuildingID_2":null,"SiteID":null,"TerminalID":null,"AccessTimeID":null,"CreationDate":1614441600000,"ModifiedBy":"LANDSD","LastAmendmentDate":1655654400000,"Shape__Length":5.3971166562581505}},{"type":"Feature","id":339650,"geometry":{"type":"LineString","coordinates":[[114.16864145411806,22.319076599698594,4.4924000000028173],[114.16858127400101,22.319065824051776,4.3031000000046333]]},"properties":{"OBJECTID":339650,"PedestrianRouteID":240006000,"Location":1,"FeatureType":1,"AliasNameEN":"Argyle Street","AliasNameTC":"亞皆老街","CrossingFeature":null,"WeatherProof":2,"WheelchairBarrier":2,"WheelchairAccess":2,"ObstaclesType":null,"Gradient":0.029971500000000002,"Direction":0,"PositionCertainty":1,"Enabled":1,"DataSource":1,"LevelSource":2,"StreetNameEN":"Argyle Street","StreetNameTC":"亞皆老街","ST_CODE":10027,"FloorID":null,"BuildingID_1":null,"BuildingID_2":null,"SiteID":null,"TerminalID":null,"AccessTimeID":null,"CreationDate":1614441600000,"ModifiedBy":"LANDSD","LastAmendmentDate":1655654400000,"Shape__Length":6.3141088504845158}},{"type":"Feature","id":339652,"geometry":{"type":"LineString","coordinates":[[114.1678961286477,22.318405924875204,4.3092000000033295],[114.16788013254154,22.318402980922031,4.590200000006007]]},"properties":{"OBJECTID":339652,"PedestrianRouteID":240006002,"Location":1,"FeatureType":1,"AliasNameEN":"Reclamation Street","AliasNameTC":"新填地街","CrossingFeature":null,"WeatherProof":2,"WheelchairBarrier":2,"WheelchairAccess":2,"ObstaclesType":null,"Gradient":0.01154701,"Direction":0,"PositionCertainty":1,"Enabled":1,"DataSource":1,"LevelSource":2,"StreetNameEN":"Reclamation Street","StreetNameTC":"新填地街","ST_CODE":11810,"FloorID":null,"BuildingID_1":null,"BuildingID_2":null,"SiteID":null,"TerminalID":null,"AccessTimeID":null,"CreationDate":1614441600000,"ModifiedBy":"LANDSD","LastAmendmentDate":1689264000000,"Shape__Length":1.6800132199835061}},{"type":"Feature","id":339655,"geometry":{"type":"LineString","coordinates":[[114.17098131685576,22.317684813487272,5.4649999999965075],[114.17100842994869,22.317689629576886,5.4882999999972526]]},"properties":{"OBJECTID":339655,"PedestrianRouteID":240006005,"Location":1,"FeatureType":1,"AliasNameEN":"Tung Choi Street","AliasNameTC":"通菜街","CrossingFeature":null,"WeatherProof":2,"WheelchairBarrier":2,"WheelchairAccess":2,"ObstaclesType":null,"Gradient":0.0081927000000000007,"Direction":0,"PositionCertainty":1,"Enabled":1,"DataSource":1,"LevelSource":2,"StreetNameEN":"Tung Choi Street","StreetNameTC":"通菜街","ST_CODE":12513,"FloorID":null,"BuildingID_1":null,"BuildingID_2":null,"SiteID":null,"TerminalID":null,"AccessTimeID":null,"CreationDate":1614441600000,"ModifiedBy":"LANDSD","LastAmendmentDate":1655654400000,"Shape__Length":2.8439311678831243}},{"type":"Feature","id":339656,"geometry":{"type":"LineString","coordinates":[[114.16967939542846,22.320714773230041,7.0179999999963911],[114.16968772229757,22.320675830971108,5.2177999999985332]]},"properties":{"OBJECTID":339656,"PedestrianRouteID":240006006,"Location":1,"FeatureType":12,"AliasNameEN":"Sai Yeung Choi Street South Staircase","AliasNameTC":"西洋菜南街樓梯","CrossingFeature":null,"WeatherProof":1,"WheelchairBarrier":1,"WheelchairAccess":2,"ObstaclesType":null,"Gradient":0.38861515000000002,"Direction":0,"PositionCertainty":1,"Enabled":1,"DataSource":1,"LevelSource":9,"StreetNameEN":"Sai Yeung Choi Street South","StreetNameTC":"西洋菜南街","ST_CODE":11864,"FloorID":null,"BuildingID_1":null,"BuildingID_2":null,"SiteID":null,"TerminalID":null,"AccessTimeID":null,"CreationDate":1614441600000,"ModifiedBy":"LANDSD","LastAmendmentDate":1655654400000,"Shape__Length":4.3967693346614816}},{"type":"Feature","id":339658,"geometry":{"type":"LineString","coordinates":[[114.17031212418284,22.319179801242871,5.2213000000047032],[114.17051472750913,22.319216721816147,5.2866000000067288]]},"properties":{"OBJECTID":339658,"PedestrianRouteID":240006008,"Location":1,"FeatureType":5,"AliasNameEN":"Lane between   and Lung Fai House","AliasNameTC":" 與龍飛大樓之間的小巷","CrossingFeature":null,"WeatherProof":2,"WheelchairBarrier":1,"WheelchairAccess":2,"ObstaclesType":null,"Gradient":0.0030699400000000002,"Direction":0,"PositionCertainty":1,"Enabled":1,"DataSource":1,"LevelSource":2,"StreetNameEN":null,"StreetNameTC":null,"ST_CODE":800553,"FloorID":null,"BuildingID_1":null,"BuildingID_2":1108234911,"SiteID":null,"TerminalID":null,"AccessTimeID":null,"CreationDate":1614441600000,"ModifiedBy":"LANDSD","LastAmendmentDate":1676390400000,"Shape__Length":21.270732397794408}},{"type":"Feature","id":339661,"geometry":{"type":"LineString","coordinates":[[114.16825448813999,22.318069142740796,4.3696999999956461],[114.16825849494762,22.31804961699833,4.5302999999985332]]},"properties":{"OBJECTID":339661,"PedestrianRouteID":240006011,"Location":1,"FeatureType":1,"AliasNameEN":"Shanghai Street","AliasNameTC":"上海街","CrossingFeature":null,"WeatherProof":2,"WheelchairBarrier":2,"WheelchairAccess":2,"ObstaclesType":null,"Gradient":0.01380956,"Direction":0,"PositionCertainty":1,"Enabled":1,"DataSource":1,"LevelSource":2,"StreetNameEN":"Shanghai Street","StreetNameTC":"上海街","ST_CODE":11984,"FloorID":null,"BuildingID_1":null,"BuildingID_2":null,"SiteID":null,"TerminalID":null,"AccessTimeID":null,"CreationDate":1614441600000,"ModifiedBy":"LANDSD","LastAmendmentDate":1689609600000,"Shape__Length":2.2012337746758379}},{"type":"Feature","id":339664,"geometry":{"type":"LineString","coordinates":[[114.17101214853557,22.318572889710275,5.675199999997858],[114.17112696397177,22.318015425187131,5.3500000000058208]]},"properties":{"OBJECTID":339664,"PedestrianRouteID":240006014,"Location":1,"FeatureType":5,"AliasNameEN":"Lane between   and  ","AliasNameTC":" 與 之間的小巷","CrossingFeature":null,"WeatherProof":2,"WheelchairBarrier":1,"WheelchairAccess":2,"ObstaclesType":null,"Gradient":0.0051738599999999997,"Direction":0,"PositionCertainty":1,"Enabled":1,"DataSource":1,"LevelSource":2,"StreetNameEN":null,"StreetNameTC":null,"ST_CODE":800560,"FloorID":null,"BuildingID_1":null,"BuildingID_2":1108235512,"SiteID":null,"TerminalID":null,"AccessTimeID":null,"CreationDate":1614441600000,"ModifiedBy":"LANDSD","LastAmendmentDate":1676390400000,"Shape__Length":62.85387022039771}},{"type":"Feature","id":339665,"geometry":{"type":"LineString","coordinates":[[114.17076317567879,22.320789591619011,5.8972999999969034],[114.1707568653415,22.320821832405304,5.8934000000008382]]},"properties":{"OBJECTID":339665,"PedestrianRouteID":290047887,"Location":1,"FeatureType":1,"AliasNameEN":"Fa Yuen Street","AliasNameTC":"花園街","CrossingFeature":null,"WeatherProof":2,"WheelchairBarrier":2,"WheelchairAccess":2,"ObstaclesType":null,"Gradient":0.0010658099999999999,"Direction":0,"PositionCertainty":1,"Enabled":1,"DataSource":1,"LevelSource":2,"StreetNameEN":"Fa Yuen Street","StreetNameTC":"花園街","ST_CODE":10419,"FloorID":null,"BuildingID_1":null,"BuildingID_2":null,"SiteID":null,"TerminalID":null,"AccessTimeID":null,"CreationDate":1614441600000,"ModifiedBy":"LANDSD","LastAmendmentDate":1730995200000,"Shape__Length":3.6288879893123802}},{"type":"Feature","id":339666,"geometry":{"type":"LineString","coordinates":[[114.16968804453904,22.320637674923805,5.2603999999992084],[114.16969596654725,22.32063911926442,5.2746000000042841],[114.16968772229757,22.320675830971108,5.2177999999985332]]},"properties":{"OBJECTID":339666,"PedestrianRouteID":240006016,"Location":1,"FeatureType":1,"AliasNameEN":"Sai Yeung Choi Street South","AliasNameTC":"西洋菜南街","CrossingFeature":null,"WeatherProof":1,"WheelchairBarrier":2,"WheelchairAccess":2,"ObstaclesType":null,"Gradient":0.0085458400000000007,"Direction":0,"PositionCertainty":1,"Enabled":1,"DataSource":1,"LevelSource":2,"StreetNameEN":"Sai Yeung Choi Street South","StreetNameTC":"西洋菜南街","ST_CODE":11864,"FloorID":null,"BuildingID_1":null,"BuildingID_2":null,"SiteID":null,"TerminalID":null,"AccessTimeID":null,"CreationDate":1614441600000,"ModifiedBy":"LANDSD","LastAmendmentDate":1655654400000,"Shape__Length":4.9847630088670494}},{"type":"Feature","id":339668,"geometry":{"type":"LineString","coordinates":[[114.17171070756784,22.317340241429072,6.1116000000038184],[114.17173189520288,22.317291857062383,6.186199999996461],[114.17177555577143,22.317267845169315,6.1818000000057509]]},"properties":{"OBJECTID":339668,"PedestrianRouteID":240006018,"Location":1,"FeatureType":23,"AliasNameEN":"Sai Yee Street Garden","AliasNameTC":"洗衣街花園","CrossingFeature":null,"WeatherProof":2,"WheelchairBarrier":2,"WheelchairAccess":2,"ObstaclesType":null,"Gradient":0.0063753899999999999,"Direction":0,"PositionCertainty":1,"Enabled":1,"DataSource":1,"LevelSource":2,"StreetNameEN":null,"StreetNameTC":null,"ST_CODE":null,"FloorID":null,"BuildingID_1":null,"BuildingID_2":null,"SiteID":1503005468,"TerminalID":null,"AccessTimeID":240000043,"CreationDate":1614441600000,"ModifiedBy":"LANDSD","LastAmendmentDate":1655654400000,"Shape__Length":11.010941887958605}},{"type":"Feature","id":339669,"geometry":{"type":"LineString","coordinates":[[114.17066888276919,22.321241595411859,6.127200000002631],[114.1706696516533,22.32123792089304,6.1209999999991851],[114.17032427580845,22.321174044858591,5.6083000000071479]]},"properties":{"OBJECTID":339669,"PedestrianRouteID":240006019,"Location":1,"FeatureType":1,"AliasNameEN":"Mong Kok Road","AliasNameTC":"旺角道","CrossingFeature":null,"WeatherProof":3,"WheelchairBarrier":2,"WheelchairAccess":2,"ObstaclesType":null,"Gradient":0.01414028,"Direction":0,"PositionCertainty":1,"Enabled":1,"DataSource":1,"LevelSource":2,"StreetNameEN":"Mong Kok Road","StreetNameTC":"旺角道","ST_CODE":11454,"FloorID":null,"BuildingID_1":null,"BuildingID_2":null,"SiteID":null,"TerminalID":null,"AccessTimeID":null,"CreationDate":1614441600000,"ModifiedBy":"LANDSD","LastAmendmentDate":1655654400000,"Shape__Length":36.69414562441208}},{"type":"Feature","id":339672,"geometry":{"type":"LineString","coordinates":[[114.16866199188534,22.319060184016333,4.4392999999981839],[114.16865337163394,22.319067074828691,4.4608000000007451]]},"properties":{"OBJECTID":339672,"PedestrianRouteID":240006022,"Location":1,"FeatureType":1,"AliasNameEN":"Argyle Street","AliasNameTC":"亞皆老街","CrossingFeature":null,"WeatherProof":2,"WheelchairBarrier":2,"WheelchairAccess":2,"ObstaclesType":null,"Gradient":0.01835964,"Direction":0,"PositionCertainty":1,"Enabled":1,"DataSource":1,"LevelSource":2,"StreetNameEN":"Argyle Street","StreetNameTC":"亞皆老街","ST_CODE":10027,"FloorID":null,"BuildingID_1":null,"BuildingID_2":null,"SiteID":null,"TerminalID":null,"AccessTimeID":null,"CreationDate":1614441600000,"ModifiedBy":"LANDSD","LastAmendmentDate":1655654400000,"Shape__Length":1.1709155479046229}},{"type":"Feature","id":339676,"geometry":{"type":"LineString","coordinates":[[114.1698428689288,22.319522215520184,5.103000000002794],[114.16988666967573,22.319530045120892,4.9829999999928987]]},"properties":{"OBJECTID":339676,"PedestrianRouteID":240006026,"Location":1,"FeatureType":1,"AliasNameEN":"Argyle Street","AliasNameTC":"亞皆老街","CrossingFeature":null,"WeatherProof":2,"WheelchairBarrier":2,"WheelchairAccess":2,"ObstaclesType":null,"Gradient":0.03062194,"Direction":0,"PositionCertainty":1,"Enabled":1,"DataSource":1,"LevelSource":12,"StreetNameEN":"Argyle Street","StreetNameTC":"亞皆老街","ST_CODE":10027,"FloorID":null,"BuildingID_1":null,"BuildingID_2":null,"SiteID":null,"TerminalID":null,"AccessTimeID":null,"CreationDate":1614441600000,"ModifiedBy":"LANDSD","LastAmendmentDate":1764432000000,"Shape__Length":4.5952917294363713}},{"type":"Feature","id":339677,"geometry":{"type":"LineString","coordinates":[[114.16949602131922,22.32038873805141,4.9907999999995809],[114.1694925767633,22.320405072432656,4.9486999999935506]]},"properties":{"OBJECTID":339677,"PedestrianRouteID":240006027,"Location":1,"FeatureType":1,"AliasNameEN":"Fife Street","AliasNameTC":"快富街","CrossingFeature":null,"WeatherProof":2,"WheelchairBarrier":2,"WheelchairAccess":2,"ObstaclesType":null,"Gradient":0.022835890000000001,"Direction":0,"PositionCertainty":1,"Enabled":1,"DataSource":1,"LevelSource":2,"StreetNameEN":"Fife Street","StreetNameTC":"快富街","ST_CODE":10485,"FloorID":null,"BuildingID_1":null,"BuildingID_2":null,"SiteID":null,"TerminalID":null,"AccessTimeID":null,"CreationDate":1614441600000,"ModifiedBy":"LANDSD","LastAmendmentDate":1655654400000,"Shape__Length":1.8432689645523654}},{"type":"Feature","id":339678,"geometry":{"type":"LineString","coordinates":[[114.17076323358742,22.320999263923461,10.304000000003725],[114.17077404025254,22.321001204098771,10.304000000003725],[114.17077895943055,22.320975516761692,10.304000000003725]]},"properties":{"OBJECTID":339678,"PedestrianRouteID":240006028,"Location":1,"FeatureType":2,"AliasNameEN":"Mong Kok Road Footbridge","AliasNameTC":"旺角道天橋","CrossingFeature":null,"WeatherProof":1,"WheelchairBarrier":2,"WheelchairAccess":2,"ObstaclesType":null,"Gradient":0,"Direction":0,"PositionCertainty":1,"Enabled":1,"DataSource":1,"LevelSource":9,"StreetNameEN":"Mong Kok Road","StreetNameTC":"旺角道","ST_CODE":11454,"FloorID":null,"BuildingID_1":null,"BuildingID_2":null,"SiteID":null,"TerminalID":null,"AccessTimeID":null,"CreationDate":1614441600000,"ModifiedBy":"LANDSD","LastAmendmentDate":1655654400000,"Shape__Length":4.0232082129297524}},{"type":"Feature","id":339679,"geometry":{"type":"LineString","coordinates":[[114.17066112207884,22.319247158749661,5.3053999999974621],[114.17086296466523,22.319283648099251,5.3135000000038417]]},"properties":{"OBJECTID":339679,"PedestrianRouteID":240006029,"Location":1,"FeatureType":5,"AliasNameEN":"Lane between Lee Kwan Building and  ","AliasNameTC":"利群大樓與 之間的小巷","CrossingFeature":null,"WeatherProof":2,"WheelchairBarrier":1,"WheelchairAccess":2,"ObstaclesType":null,"Gradient":0.00038235,"Direction":0,"PositionCertainty":1,"Enabled":1,"DataSource":1,"LevelSource":2,"StreetNameEN":null,"StreetNameTC":null,"ST_CODE":800551,"FloorID":null,"BuildingID_1":null,"BuildingID_2":1109261404,"SiteID":null,"TerminalID":null,"AccessTimeID":null,"CreationDate":1614441600000,"ModifiedBy":"LANDSD","LastAmendmentDate":1676390400000,"Shape__Length":21.184651067608012}},{"type":"Feature","id":339680,"geometry":{"type":"LineString","coordinates":[[114.17107441098372,22.320016898445385,5.5972000000037951],[114.17128067004057,22.320053633963774,5.7780000000057044]]},"properties":{"OBJECTID":339680,"PedestrianRouteID":240006030,"Location":1,"FeatureType":5,"AliasNameEN":"Lane between   and  ","AliasNameTC":" 與 之間的小巷","CrossingFeature":null,"WeatherProof":2,"WheelchairBarrier":1,"WheelchairAccess":2,"ObstaclesType":null,"Gradient":0.0083560600000000002,"Direction":0,"PositionCertainty":1,"Enabled":1,"DataSource":1,"LevelSource":2,"StreetNameEN":null,"StreetNameTC":null,"ST_CODE":800538,"FloorID":null,"BuildingID_1":null,"BuildingID_2":1108234338,"SiteID":null,"TerminalID":null,"AccessTimeID":null,"CreationDate":1614441600000,"ModifiedBy":"LANDSD","LastAmendmentDate":1676390400000,"Shape__Length":21.636492391995198}},{"type":"Feature","id":339681,"geometry":{"type":"LineString","coordinates":[[114.16770127940843,22.31994901867925,4.6573999999964144],[114.16781439916313,22.319403020844131,4.6163999999989755]]},"properties":{"OBJECTID":339681,"PedestrianRouteID":240006031,"Location":1,"FeatureType":5,"AliasNameEN":"Lane between   and Man Shing Building","AliasNameTC":" 與萬成大廈之間的小巷","CrossingFeature":null,"WeatherProof":2,"WheelchairBarrier":1,"WheelchairAccess":2,"ObstaclesType":null,"Gradient":0.00066587000000000005,"Direction":0,"PositionCertainty":1,"Enabled":1,"DataSource":1,"LevelSource":2,"StreetNameEN":null,"StreetNameTC":null,"ST_CODE":800545,"FloorID":null,"BuildingID_1":null,"BuildingID_2":1108234436,"SiteID":null,"TerminalID":null,"AccessTimeID":null,"CreationDate":1614441600000,"ModifiedBy":"LANDSD","LastAmendmentDate":1676390400000,"Shape__Length":61.573946402493846}},{"type":"Feature","id":339683,"geometry":{"type":"LineString","coordinates":[[114.16811272296192,22.318759586514357,4.5893000000069151],[114.16811880576964,22.318726617944726,4.5993000000016764]]},"properties":{"OBJECTID":339683,"PedestrianRouteID":240006033,"Location":1,"FeatureType":32,"AliasNameEN":"Langham Place Hotel Crossing","AliasNameTC":"朗豪酒店過路處","CrossingFeature":1,"WeatherProof":2,"WheelchairBarrier":2,"WheelchairAccess":2,"ObstaclesType":null,"Gradient":0.0027049700000000001,"Direction":0,"PositionCertainty":1,"Enabled":1,"DataSource":1,"LevelSource":2,"StreetNameEN":"","StreetNameTC":"","ST_CODE":50678,"FloorID":null,"BuildingID_1":null,"BuildingID_2":null,"SiteID":null,"TerminalID":1511000412,"AccessTimeID":null,"CreationDate":1614441600000,"ModifiedBy":"LANDSD","LastAmendmentDate":1707235200000,"Shape__Length":3.7041656141033501}},{"type":"Feature","id":339684,"geometry":{"type":"LineString","coordinates":[[114.17027024901422,22.320878540018732,5.4559000000008382],[114.170269862628,22.320880349733891,5.4496000000071945]]},"properties":{"OBJECTID":339684,"PedestrianRouteID":240006034,"Location":1,"FeatureType":1,"AliasNameEN":"Tung Choi Street","AliasNameTC":"通菜街","CrossingFeature":null,"WeatherProof":2,"WheelchairBarrier":2,"WheelchairAccess":2,"ObstaclesType":null,"Gradient":0.0060318899999999998,"Direction":0,"PositionCertainty":1,"Enabled":1,"DataSource":1,"LevelSource":2,"StreetNameEN":"Tung Choi Street","StreetNameTC":"通菜街","ST_CODE":12513,"FloorID":null,"BuildingID_1":null,"BuildingID_2":null,"SiteID":null,"TerminalID":null,"AccessTimeID":null,"CreationDate":1614441600000,"ModifiedBy":"LANDSD","LastAmendmentDate":1766073600000,"Shape__Length":0.20431397457246353}},{"type":"Feature","id":339685,"geometry":{"type":"LineString","coordinates":[[114.17023191993859,22.321163352517104,10.304000000003725],[114.17026207010004,22.32101535226359,10.304000000003725]]},"properties":{"OBJECTID":339685,"PedestrianRouteID":240006035,"Location":1,"FeatureType":2,"AliasNameEN":"Mong Kok Road Footbridge","AliasNameTC":"旺角道天橋","CrossingFeature":null,"WeatherProof":1,"WheelchairBarrier":2,"WheelchairAccess":2,"ObstaclesType":null,"Gradient":0,"Direction":0,"PositionCertainty":1,"Enabled":1,"DataSource":1,"LevelSource":9,"StreetNameEN":"Mong Kok Road","StreetNameTC":"旺角道","ST_CODE":11454,"FloorID":null,"BuildingID_1":null,"BuildingID_2":null,"SiteID":null,"TerminalID":null,"AccessTimeID":null,"CreationDate":1614441600000,"ModifiedBy":"LANDSD","LastAmendmentDate":1658246400000,"Shape__Length":16.680551387528023}},{"type":"Feature","id":339686,"geometry":{"type":"LineString","coordinates":[[114.16921170071382,22.319364226645867,4.7758999999932712],[114.16920324942052,22.319405628814661,4.868400000006659]]},"properties":{"OBJECTID":339686,"PedestrianRouteID":240006036,"Location":1,"FeatureType":1,"AliasNameEN":"Argyle Street","AliasNameTC":"亞皆老街","CrossingFeature":null,"WeatherProof":2,"WheelchairBarrier":2,"WheelchairAccess":2,"ObstaclesType":null,"Gradient":0.019819079999999999,"Direction":0,"PositionCertainty":1,"Enabled":1,"DataSource":1,"LevelSource":2,"StreetNameEN":"Argyle Street","StreetNameTC":"亞皆老街","ST_CODE":10027,"FloorID":null,"BuildingID_1":null,"BuildingID_2":null,"SiteID":null,"TerminalID":null,"AccessTimeID":null,"CreationDate":1614441600000,"ModifiedBy":"LANDSD","LastAmendmentDate":1655654400000,"Shape__Length":4.6666095118542872}},{"type":"Feature","id":339689,"geometry":{"type":"LineString","coordinates":[[114.17131208475556,22.320911880037947,5.9703000000008615],[114.17129587061125,22.320989497429441,5.9961000000039348]]},"properties":{"OBJECTID":339689,"PedestrianRouteID":240006039,"Location":1,"FeatureType":1,"AliasNameEN":"Sai Yee Street","AliasNameTC":"洗衣街","CrossingFeature":null,"WeatherProof":2,"WheelchairBarrier":2,"WheelchairAccess":2,"ObstaclesType":null,"Gradient":0.0029466200000000001,"Direction":0,"PositionCertainty":1,"Enabled":1,"DataSource":1,"LevelSource":2,"StreetNameEN":"Sai Yee Street","StreetNameTC":"洗衣街","ST_CODE":11861,"FloorID":null,"BuildingID_1":null,"BuildingID_2":null,"SiteID":null,"TerminalID":null,"AccessTimeID":null,"CreationDate":1614441600000,"ModifiedBy":"LANDSD","LastAmendmentDate":1655654400000,"Shape__Length":8.7557748382495628}},{"type":"Feature","id":339690,"geometry":{"type":"LineString","coordinates":[[114.17007279416384,22.31957565026082,5.1178000000072643],[114.17004644519517,22.319578591328181,5.0892000000021653],[114.17004193663089,22.319581404169583,5.0914000000047963]]},"properties":{"OBJECTID":339690,"PedestrianRouteID":240006040,"Location":1,"FeatureType":1,"AliasNameEN":"Argyle Street","AliasNameTC":"亞皆老街","CrossingFeature":null,"WeatherProof":2,"WheelchairBarrier":2,"WheelchairAccess":2,"ObstaclesType":null,"Gradient":0.0080157200000000005,"Direction":0,"PositionCertainty":1,"Enabled":1,"DataSource":1,"LevelSource":2,"StreetNameEN":"Argyle Street","StreetNameTC":"亞皆老街","ST_CODE":10027,"FloorID":null,"BuildingID_1":null,"BuildingID_2":null,"SiteID":null,"TerminalID":null,"AccessTimeID":null,"CreationDate":1614441600000,"ModifiedBy":"LANDSD","LastAmendmentDate":1655654400000,"Shape__Length":3.2934588190328626}},{"type":"Feature","id":339694,"geometry":{"type":"LineString","coordinates":[[114.17104501761237,22.321280899570585,10.304000000003725],[114.1710696004068,22.321158815867395,10.304000000003725]]},"properties":{"OBJECTID":339694,"PedestrianRouteID":240006044,"Location":1,"FeatureType":2,"AliasNameEN":"Mong Kok Road Footbridge","AliasNameTC":"旺角道天橋","CrossingFeature":null,"WeatherProof":1,"WheelchairBarrier":2,"WheelchairAccess":2,"ObstaclesType":null,"Gradient":0,"Direction":0,"PositionCertainty":1,"Enabled":1,"DataSource":1,"LevelSource":9,"StreetNameEN":"Mong Kok Road","StreetNameTC":"旺角道","ST_CODE":11454,"FloorID":null,"BuildingID_1":null,"BuildingID_2":null,"SiteID":null,"TerminalID":null,"AccessTimeID":null,"CreationDate":1614441600000,"ModifiedBy":"LANDSD","LastAmendmentDate":1764259200000,"Shape__Length":13.754104764582232}},{"type":"Feature","id":339695,"geometry":{"type":"LineString","coordinates":[[114.16924796764927,22.320736781050634,5.0017999999981839],[114.16930022844362,22.320746508531663,5.0170000000071013]]},"properties":{"OBJECTID":339695,"PedestrianRouteID":240006045,"Location":1,"FeatureType":1,"AliasNameEN":"Mong Kok Road","AliasNameTC":"旺角道","CrossingFeature":null,"WeatherProof":2,"WheelchairBarrier":2,"WheelchairAccess":2,"ObstaclesType":null,"Gradient":0.00038244,"Direction":0,"PositionCertainty":1,"Enabled":1,"DataSource":1,"LevelSource":2,"StreetNameEN":"Mong Kok Road","StreetNameTC":"旺角道","ST_CODE":11454,"FloorID":null,"BuildingID_1":null,"BuildingID_2":null,"SiteID":null,"TerminalID":null,"AccessTimeID":null,"CreationDate":1614441600000,"ModifiedBy":"LANDSD","LastAmendmentDate":1766073600000,"Shape__Length":5.49103605688728}},{"type":"Feature","id":339696,"geometry":{"type":"LineString","coordinates":[[114.17075573781932,22.320971360014592,10.304000000003725],[114.17075061966472,22.320996998578341,10.304000000003725],[114.17076323358742,22.320999263923461,10.304000000003725]]},"properties":{"OBJECTID":339696,"PedestrianRouteID":240006046,"Location":1,"FeatureType":2,"AliasNameEN":"Mong Kok Road Footbridge","AliasNameTC":"旺角道天橋","CrossingFeature":null,"WeatherProof":1,"WheelchairBarrier":2,"WheelchairAccess":2,"ObstaclesType":null,"Gradient":0,"Direction":0,"PositionCertainty":1,"Enabled":1,"DataSource":1,"LevelSource":9,"StreetNameEN":"Mong Kok Road","StreetNameTC":"旺角道","ST_CODE":11454,"FloorID":null,"BuildingID_1":null,"BuildingID_2":null,"SiteID":null,"TerminalID":null,"AccessTimeID":null,"CreationDate":1614441600000,"ModifiedBy":"LANDSD","LastAmendmentDate":1655654400000,"Shape__Length":4.2112125313465016}},{"type":"Feature","id":339697,"geometry":{"type":"LineString","coordinates":[[114.16789384719057,22.31894850277337,4.6027999999932945],[114.16778895924607,22.31892970248483,4.58629999999539]]},"properties":{"OBJECTID":339697,"PedestrianRouteID":240006047,"Location":1,"FeatureType":1,"AliasNameEN":"Argyle Street","AliasNameTC":"亞皆老街","CrossingFeature":null,"WeatherProof":1,"WheelchairBarrier":2,"WheelchairAccess":2,"ObstaclesType":null,"Gradient":0.00149928,"Direction":0,"PositionCertainty":1,"Enabled":1,"DataSource":1,"LevelSource":2,"StreetNameEN":"Argyle Street","StreetNameTC":"亞皆老街","ST_CODE":10027,"FloorID":null,"BuildingID_1":null,"BuildingID_2":null,"SiteID":null,"TerminalID":null,"AccessTimeID":null,"CreationDate":1614441600000,"ModifiedBy":"LANDSD","LastAmendmentDate":1655654400000,"Shape__Length":11.005278657131219}},{"type":"Feature","id":339700,"geometry":{"type":"LineString","coordinates":[[114.16974445880514,22.321911194102242,5.8693999999959487],[114.16986914373908,22.321308012855162,5.5715999999956694]]},"properties":{"OBJECTID":339700,"PedestrianRouteID":240006050,"Location":1,"FeatureType":5,"AliasNameEN":"Lane between   and  ","AliasNameTC":" 與鴻添大樓之間的小巷","CrossingFeature":null,"WeatherProof":2,"WheelchairBarrier":1,"WheelchairAccess":2,"ObstaclesType":null,"Gradient":0.00437828,"Direction":0,"PositionCertainty":1,"Enabled":1,"DataSource":1,"LevelSource":2,"StreetNameEN":null,"StreetNameTC":null,"ST_CODE":800531,"FloorID":null,"BuildingID_1":null,"BuildingID_2":1108232793,"SiteID":null,"TerminalID":null,"AccessTimeID":null,"CreationDate":1614441600000,"ModifiedBy":"LANDSD","LastAmendmentDate":1676390400000,"Shape__Length":68.017192239355737}},{"type":"Feature","id":339702,"geometry":{"type":"LineString","coordinates":[[114.17100842994869,22.317689629576886,5.4882999999972526],[114.17139615854303,22.317758500426969,5.8171000000002095]]},"properties":{"OBJECTID":339702,"PedestrianRouteID":240006052,"Location":1,"FeatureType":1,"AliasNameEN":"Shantung Street","AliasNameTC":"山東街","CrossingFeature":null,"WeatherProof":2,"WheelchairBarrier":2,"WheelchairAccess":2,"ObstaclesType":null,"Gradient":0.0080845299999999995,"Direction":0,"PositionCertainty":1,"Enabled":1,"DataSource":1,"LevelSource":2,"StreetNameEN":"Shantung Street","StreetNameTC":"山東街","ST_CODE":11986,"FloorID":null,"BuildingID_1":null,"BuildingID_2":null,"SiteID":null,"TerminalID":null,"AccessTimeID":null,"CreationDate":1614441600000,"ModifiedBy":"LANDSD","LastAmendmentDate":1655654400000,"Shape__Length":40.669371562498291}},{"type":"Feature","id":339703,"geometry":{"type":"LineString","coordinates":[[114.17010549211618,22.319161195198273,5.1955000000016298],[114.17010923366958,22.319142828929984,5.150500000003376]]},"properties":{"OBJECTID":339703,"PedestrianRouteID":240006053,"Location":1,"FeatureType":1,"AliasNameEN":"Sai Yeung Choi Street South","AliasNameTC":"西洋菜南街","CrossingFeature":null,"WeatherProof":2,"WheelchairBarrier":2,"WheelchairAccess":2,"ObstaclesType":null,"Gradient":0.021735770000000001,"Direction":0,"PositionCertainty":1,"Enabled":1,"DataSource":1,"LevelSource":2,"StreetNameEN":"Sai Yeung Choi Street South","StreetNameTC":"西洋菜南街","ST_CODE":11864,"FloorID":null,"BuildingID_1":null,"BuildingID_2":null,"SiteID":null,"TerminalID":null,"AccessTimeID":null,"CreationDate":1614441600000,"ModifiedBy":"LANDSD","LastAmendmentDate":1761580800000,"Shape__Length":2.0699941047661627}},{"type":"Feature","id":339704,"geometry":{"type":"LineString","coordinates":[[114.17044120330984,22.320530890690346,5.6088000000017928],[114.17039643938922,22.320522855304588,5.625899999999092]]},"properties":{"OBJECTID":339704,"PedestrianRouteID":240006054,"Location":1,"FeatureType":1,"AliasNameEN":"Fife Street","AliasNameTC":"快富街","CrossingFeature":null,"WeatherProof":2,"WheelchairBarrier":2,"WheelchairAccess":2,"ObstaclesType":null,"Gradient":0.0036405999999999999,"Direction":0,"PositionCertainty":1,"Enabled":1,"DataSource":1,"LevelSource":2,"StreetNameEN":"Fife Street","StreetNameTC":"快富街","ST_CODE":10485,"FloorID":null,"BuildingID_1":null,"BuildingID_2":null,"SiteID":null,"TerminalID":null,"AccessTimeID":null,"CreationDate":1614441600000,"ModifiedBy":"LANDSD","LastAmendmentDate":1655654400000,"Shape__Length":4.6970131104559805}},{"type":"Feature","id":339705,"geometry":{"type":"LineString","coordinates":[[114.1717479698877,22.317348223842533,6.1064999999944121],[114.17171070756784,22.317340241429072,6.1116000000038184]]},"properties":{"OBJECTID":339705,"PedestrianRouteID":240006055,"Location":1,"FeatureType":23,"AliasNameEN":"Sai Yee Street Garden","AliasNameTC":"洗衣街花園","CrossingFeature":null,"WeatherProof":2,"WheelchairBarrier":2,"WheelchairAccess":2,"ObstaclesType":null,"Gradient":0.0012945400000000001,"Direction":0,"PositionCertainty":1,"Enabled":1,"DataSource":1,"LevelSource":2,"StreetNameEN":null,"StreetNameTC":null,"ST_CODE":null,"FloorID":null,"BuildingID_1":null,"BuildingID_2":null,"SiteID":1503005468,"TerminalID":null,"AccessTimeID":240000043,"CreationDate":1614441600000,"ModifiedBy":"LANDSD","LastAmendmentDate":1655654400000,"Shape__Length":3.9396140768994425}},{"type":"Feature","id":339706,"geometry":{"type":"LineString","coordinates":[[114.16969271617977,22.32061629249139,5.2841000000044005],[114.16968804453904,22.320637674923805,5.2603999999992084]]},"properties":{"OBJECTID":339706,"PedestrianRouteID":240006056,"Location":1,"FeatureType":1,"AliasNameEN":"Sai Yeung Choi Street South","AliasNameTC":"西洋菜南街","CrossingFeature":null,"WeatherProof":1,"WheelchairBarrier":2,"WheelchairAccess":2,"ObstaclesType":null,"Gradient":0.0098084699999999997,"Direction":0,"PositionCertainty":1,"Enabled":1,"DataSource":1,"LevelSource":2,"StreetNameEN":"Sai Yeung Choi Street South","StreetNameTC":"西洋菜南街","ST_CODE":11864,"FloorID":null,"BuildingID_1":null,"BuildingID_2":null,"SiteID":null,"TerminalID":null,"AccessTimeID":null,"CreationDate":1614441600000,"ModifiedBy":"LANDSD","LastAmendmentDate":1655654400000,"Shape__Length":2.4162016216442552}},{"type":"Feature","id":339708,"geometry":{"type":"LineString","coordinates":[[114.16856223690168,22.31736605998163,4.0920999999943888],[114.16855752824398,22.317388647069713,3.9238999999943189]]},"properties":{"OBJECTID":339708,"PedestrianRouteID":240006058,"Location":1,"FeatureType":1,"AliasNameEN":"Shanghai Street","AliasNameTC":"上海街","CrossingFeature":null,"WeatherProof":2,"WheelchairBarrier":2,"WheelchairAccess":2,"ObstaclesType":null,"Gradient":0.016247959999999999,"Direction":0,"PositionCertainty":1,"Enabled":1,"DataSource":1,"LevelSource":2,"StreetNameEN":"Shanghai Street","StreetNameTC":"上海街","ST_CODE":11984,"FloorID":null,"BuildingID_1":null,"BuildingID_2":null,"SiteID":null,"TerminalID":null,"AccessTimeID":null,"CreationDate":1614441600000,"ModifiedBy":"LANDSD","LastAmendmentDate":1689264000000,"Shape__Length":2.5477885389972275}},{"type":"Feature","id":339709,"geometry":{"type":"LineString","coordinates":[[114.16785948165091,22.319976948298873,5.0353999999933876],[114.16786243900968,22.31996272798655,5.022899999996298]]},"properties":{"OBJECTID":339709,"PedestrianRouteID":240006059,"Location":1,"FeatureType":1,"AliasNameEN":"Shanghai Street","AliasNameTC":"上海街","CrossingFeature":null,"WeatherProof":2,"WheelchairBarrier":2,"WheelchairAccess":2,"ObstaclesType":null,"Gradient":0.0077933999999999998,"Direction":0,"PositionCertainty":1,"Enabled":1,"DataSource":1,"LevelSource":2,"StreetNameEN":"Shanghai Street","StreetNameTC":"上海街","ST_CODE":11984,"FloorID":null,"BuildingID_1":null,"BuildingID_2":null,"SiteID":null,"TerminalID":null,"AccessTimeID":null,"CreationDate":1614441600000,"ModifiedBy":"LANDSD","LastAmendmentDate":1655654400000,"Shape__Length":1.6038894129345516}},{"type":"Feature","id":339711,"geometry":{"type":"LineString","coordinates":[[114.17136999018744,22.318592221307448,5.3886999999958789],[114.17138117927782,22.318539279818676,5.4070000000065193],[114.17139866197954,22.318453226958489,5.5227000000013504]]},"properties":{"OBJECTID":339711,"PedestrianRouteID":240006061,"Location":1,"FeatureType":1,"AliasNameEN":"Fa Yuen Street","AliasNameTC":"花園街","CrossingFeature":null,"WeatherProof":2,"WheelchairBarrier":2,"WheelchairAccess":2,"ObstaclesType":null,"Gradient":0.0085497899999999998,"Direction":0,"PositionCertainty":1,"Enabled":1,"DataSource":1,"LevelSource":2,"StreetNameEN":"Fa Yuen Street","StreetNameTC":"花園街","ST_CODE":10419,"FloorID":null,"BuildingID_1":null,"BuildingID_2":null,"SiteID":null,"TerminalID":null,"AccessTimeID":null,"CreationDate":1614441600000,"ModifiedBy":"LANDSD","LastAmendmentDate":1655654400000,"Shape__Length":15.672512147747963}},{"type":"Feature","id":339712,"geometry":{"type":"LineString","coordinates":[[114.16877973096595,22.319125427823931,4.6759000000020023],[114.16878522899285,22.319098426618712,4.6376000000018394]]},"properties":{"OBJECTID":339712,"PedestrianRouteID":240006062,"Location":1,"FeatureType":1,"AliasNameEN":"Argyle Street","AliasNameTC":"亞皆老街","CrossingFeature":null,"WeatherProof":2,"WheelchairBarrier":2,"WheelchairAccess":2,"ObstaclesType":null,"Gradient":0.012584959999999999,"Direction":0,"PositionCertainty":1,"Enabled":1,"DataSource":1,"LevelSource":2,"StreetNameEN":"Argyle Street","StreetNameTC":"亞皆老街","ST_CODE":10027,"FloorID":null,"BuildingID_1":null,"BuildingID_2":null,"SiteID":null,"TerminalID":null,"AccessTimeID":null,"CreationDate":1614441600000,"ModifiedBy":"LANDSD","LastAmendmentDate":1655654400000,"Shape__Length":3.0431555465126308}},{"type":"Feature","id":339713,"geometry":{"type":"LineString","coordinates":[[114.17156476769843,22.31866399479296,5.2817999999970198],[114.17159392483146,22.318519003208014,5.5513000000064494]]},"properties":{"OBJECTID":339713,"PedestrianRouteID":240006063,"Location":1,"FeatureType":5,"AliasNameEN":"Lane between   and The Platinum","AliasNameTC":" 與金國中心之間的小巷","CrossingFeature":null,"WeatherProof":2,"WheelchairBarrier":1,"WheelchairAccess":2,"ObstaclesType":null,"Gradient":0.01649979,"Direction":0,"PositionCertainty":1,"Enabled":1,"DataSource":1,"LevelSource":2,"StreetNameEN":"Nelson Street","StreetNameTC":"奶路臣街","ST_CODE":11506,"FloorID":null,"BuildingID_1":null,"BuildingID_2":1108235466,"SiteID":null,"TerminalID":null,"AccessTimeID":null,"CreationDate":1614441600000,"ModifiedBy":"LANDSD","LastAmendmentDate":1709654400000,"Shape__Length":16.334213012873008}},{"type":"Feature","id":339715,"geometry":{"type":"LineString","coordinates":[[114.16858127400101,22.319065824051776,4.3031000000046333],[114.16825052228596,22.319006604114993,4.3513999999995576]]},"properties":{"OBJECTID":339715,"PedestrianRouteID":240006065,"Location":1,"FeatureType":1,"AliasNameEN":"Argyle Street","AliasNameTC":"亞皆老街","CrossingFeature":null,"WeatherProof":2,"WheelchairBarrier":2,"WheelchairAccess":2,"ObstaclesType":null,"Gradient":0.0013918299999999999,"Direction":0,"PositionCertainty":1,"Enabled":1,"DataSource":1,"LevelSource":2,"StreetNameEN":"Argyle Street","StreetNameTC":"亞皆老街","ST_CODE":10027,"FloorID":null,"BuildingID_1":null,"BuildingID_2":null,"SiteID":null,"TerminalID":null,"AccessTimeID":null,"CreationDate":1614441600000,"ModifiedBy":"LANDSD","LastAmendmentDate":1655654400000,"Shape__Length":34.702468721522791}},{"type":"Feature","id":339717,"geometry":{"type":"LineString","coordinates":[[114.16972507592183,22.320314219667026,5.2078000000037719],[114.16952686713491,22.320276248954684,5.0494000000035157]]},"properties":{"OBJECTID":339717,"PedestrianRouteID":240006067,"Location":1,"FeatureType":1,"AliasNameEN":"Fife Street","AliasNameTC":"快富街","CrossingFeature":null,"WeatherProof":2,"WheelchairBarrier":2,"WheelchairAccess":2,"ObstaclesType":null,"Gradient":0.0075971299999999997,"Direction":0,"PositionCertainty":1,"Enabled":1,"DataSource":1,"LevelSource":12,"StreetNameEN":"Fife Street","StreetNameTC":"快富街","ST_CODE":10485,"FloorID":null,"BuildingID_1":null,"BuildingID_2":null,"SiteID":null,"TerminalID":null,"AccessTimeID":null,"CreationDate":1614441600000,"ModifiedBy":"LANDSD","LastAmendmentDate":1689264000000,"Shape__Length":20.849572456753929}},{"type":"Feature","id":339718,"geometry":{"type":"LineString","coordinates":[[114.16762003729079,22.31805448650827,4.1238000000012107],[114.16778429077934,22.318084877387992,4.3880000000062864]]},"properties":{"OBJECTID":339718,"PedestrianRouteID":240006068,"Location":1,"FeatureType":1,"AliasNameEN":"Nelson Street","AliasNameTC":"奶路臣街","CrossingFeature":null,"WeatherProof":2,"WheelchairBarrier":1,"WheelchairAccess":2,"ObstaclesType":null,"Gradient":0.01531078,"Direction":0,"PositionCertainty":1,"Enabled":1,"DataSource":1,"LevelSource":2,"StreetNameEN":"Nelson Street","StreetNameTC":"奶路臣街","ST_CODE":11506,"FloorID":null,"BuildingID_1":null,"BuildingID_2":null,"SiteID":null,"TerminalID":null,"AccessTimeID":null,"CreationDate":1614441600000,"ModifiedBy":"LANDSD","LastAmendmentDate":1655654400000,"Shape__Length":17.254466013336}},{"type":"Feature","id":339724,"geometry":{"type":"LineString","coordinates":[[114.17121494241199,22.318608929838099,5.536999999996624],[114.17101214853557,22.318572889710275,5.675199999997858]]},"properties":{"OBJECTID":339724,"PedestrianRouteID":240006074,"Location":1,"FeatureType":1,"AliasNameEN":"Nelson Street","AliasNameTC":"奶路臣街","CrossingFeature":null,"WeatherProof":2,"WheelchairBarrier":2,"WheelchairAccess":2,"ObstaclesType":null,"Gradient":0.0064968400000000003,"Direction":0,"PositionCertainty":1,"Enabled":1,"DataSource":1,"LevelSource":2,"StreetNameEN":"Nelson Street","StreetNameTC":"奶路臣街","ST_CODE":11506,"FloorID":null,"BuildingID_1":null,"BuildingID_2":null,"SiteID":null,"TerminalID":null,"AccessTimeID":null,"CreationDate":1614441600000,"ModifiedBy":"LANDSD","LastAmendmentDate":1655654400000,"Shape__Length":21.271580430795826}},{"type":"Feature","id":339726,"geometry":{"type":"LineString","coordinates":[[114.16825448813999,22.318069142740796,4.3696999999956461],[114.16823905013524,22.318066482413137,4.3733999999967637]]},"properties":{"OBJECTID":339726,"PedestrianRouteID":240006076,"Location":1,"FeatureType":1,"AliasNameEN":"Shanghai Street","AliasNameTC":"上海街","CrossingFeature":null,"WeatherProof":2,"WheelchairBarrier":2,"WheelchairAccess":2,"ObstaclesType":null,"Gradient":0.00228729,"Direction":0,"PositionCertainty":1,"Enabled":1,"DataSource":1,"LevelSource":2,"StreetNameEN":"Shanghai Street","StreetNameTC":"上海街","ST_CODE":11984,"FloorID":null,"BuildingID_1":null,"BuildingID_2":null,"SiteID":null,"TerminalID":null,"AccessTimeID":null,"CreationDate":1614441600000,"ModifiedBy":"LANDSD","LastAmendmentDate":1689609600000,"Shape__Length":1.617633645082432}},{"type":"Feature","id":339728,"geometry":{"type":"LineString","coordinates":[[114.17081291153984,22.320811225354568,5.5380000000004657],[114.1708181432345,22.320785650909688,5.7259999999951106],[114.17079461591085,22.32078153298831,5.9979000000021188]]},"properties":{"OBJECTID":339728,"PedestrianRouteID":240006078,"Location":1,"FeatureType":1,"AliasNameEN":"Fa Yuen Street","AliasNameTC":"花園街","CrossingFeature":null,"WeatherProof":2,"WheelchairBarrier":2,"WheelchairAccess":2,"ObstaclesType":null,"Gradient":0.085762699999999997,"Direction":0,"PositionCertainty":1,"Enabled":1,"DataSource":1,"LevelSource":2,"StreetNameEN":"Fa Yuen Street","StreetNameTC":"花園街","ST_CODE":10419,"FloorID":null,"BuildingID_1":null,"BuildingID_2":null,"SiteID":null,"TerminalID":null,"AccessTimeID":null,"CreationDate":1614441600000,"ModifiedBy":"LANDSD","LastAmendmentDate":1655654400000,"Shape__Length":5.3493172896899619}},{"type":"Feature","id":339729,"geometry":{"type":"LineString","coordinates":[[114.17174348176297,22.318129177926494,5.6904999999969732],[114.17167475874827,22.318117028701678,5.6830000000045402]]},"properties":{"OBJECTID":339729,"PedestrianRouteID":240006079,"Location":1,"FeatureType":5,"AliasNameEN":"Lane between   and  ","AliasNameTC":"四海大樓與 之間的小巷","CrossingFeature":null,"WeatherProof":2,"WheelchairBarrier":1,"WheelchairAccess":2,"ObstaclesType":null,"Gradient":0.00104042,"Direction":0,"PositionCertainty":1,"Enabled":1,"DataSource":1,"LevelSource":2,"StreetNameEN":null,"StreetNameTC":null,"ST_CODE":800563,"FloorID":null,"BuildingID_1":null,"BuildingID_2":1108246375,"SiteID":null,"TerminalID":null,"AccessTimeID":null,"CreationDate":1614441600000,"ModifiedBy":"LANDSD","LastAmendmentDate":1709654400000,"Shape__Length":7.2072318105606268}},{"type":"Feature","id":339732,"geometry":{"type":"LineString","coordinates":[[114.16830338121702,22.320821885391609,5.0874000000039814],[114.16810689670888,22.320786444311516,5.0503000000026077]]},"properties":{"OBJECTID":339732,"PedestrianRouteID":240006082,"Location":1,"FeatureType":1,"AliasNameEN":"Mong Kok Road","AliasNameTC":"旺角道","CrossingFeature":null,"WeatherProof":1,"WheelchairBarrier":2,"WheelchairAccess":2,"ObstaclesType":null,"Gradient":0.00179919,"Direction":0,"PositionCertainty":1,"Enabled":1,"DataSource":1,"LevelSource":2,"StreetNameEN":"Mong Kok Road","StreetNameTC":"旺角道","ST_CODE":11454,"FloorID":null,"BuildingID_1":null,"BuildingID_2":null,"SiteID":null,"TerminalID":null,"AccessTimeID":null,"CreationDate":1614441600000,"ModifiedBy":"LANDSD","LastAmendmentDate":1655654400000,"Shape__Length":20.620389356866102}},{"type":"Feature","id":339734,"geometry":{"type":"LineString","coordinates":[[114.16760532299359,22.320435156283061,4.7504999999946449],[114.16768537604868,22.320039442923747,4.7505999999993946]]},"properties":{"OBJECTID":339734,"PedestrianRouteID":240006084,"Location":1,"FeatureType":5,"AliasNameEN":"Lane between   and  ","AliasNameTC":"毓成樓與 之間的小巷","CrossingFeature":null,"WeatherProof":2,"WheelchairBarrier":1,"WheelchairAccess":2,"ObstaclesType":null,"Gradient":2.2400000000000002e-06,"Direction":0,"PositionCertainty":1,"Enabled":1,"DataSource":1,"LevelSource":2,"StreetNameEN":null,"StreetNameTC":null,"ST_CODE":800540,"FloorID":null,"BuildingID_1":null,"BuildingID_2":1108233996,"SiteID":null,"TerminalID":null,"AccessTimeID":null,"CreationDate":1614441600000,"ModifiedBy":"LANDSD","LastAmendmentDate":1676390400000,"Shape__Length":44.588650820658188}},{"type":"Feature","id":339735,"geometry":{"type":"LineString","coordinates":[[114.17071726054147,22.320580444973327,5.9051000000035856],[114.17069126891296,22.32057577968995,5.8698000000003958]]},"properties":{"OBJECTID":339735,"PedestrianRouteID":290047894,"Location":1,"FeatureType":1,"AliasNameEN":"Fife Street","AliasNameTC":"快富街","CrossingFeature":null,"WeatherProof":2,"WheelchairBarrier":2,"WheelchairAccess":2,"ObstaclesType":null,"Gradient":0.012937789999999999,"Direction":0,"PositionCertainty":1,"Enabled":1,"DataSource":1,"LevelSource":2,"StreetNameEN":"Fife Street","StreetNameTC":"快富街","ST_CODE":10485,"FloorID":null,"BuildingID_1":null,"BuildingID_2":null,"SiteID":null,"TerminalID":null,"AccessTimeID":null,"CreationDate":1614441600000,"ModifiedBy":"LANDSD","LastAmendmentDate":1730995200000,"Shape__Length":2.7272551507817395}},{"type":"Feature","id":339738,"geometry":{"type":"LineString","coordinates":[[114.16779359581922,22.31722521480912,3.9342999999935273],[114.16763889466139,22.317197372912094,3.7143000000069151]]},"properties":{"OBJECTID":339738,"PedestrianRouteID":240006088,"Location":1,"FeatureType":1,"AliasNameEN":"Shantung Street","AliasNameTC":"山東街","CrossingFeature":null,"WeatherProof":2,"WheelchairBarrier":2,"WheelchairAccess":2,"ObstaclesType":null,"Gradient":0.013550599999999999,"Direction":0,"PositionCertainty":1,"Enabled":1,"DataSource":1,"LevelSource":2,"StreetNameEN":"Shantung Street","StreetNameTC":"山東街","ST_CODE":11986,"FloorID":null,"BuildingID_1":null,"BuildingID_2":null,"SiteID":null,"TerminalID":null,"AccessTimeID":null,"CreationDate":1614441600000,"ModifiedBy":"LANDSD","LastAmendmentDate":1655654400000,"Shape__Length":16.234452163483688}},{"type":"Feature","id":339740,"geometry":{"type":"LineString","coordinates":[[114.1691801796418,22.318313011526762,4.7584000000060769],[114.16929691361584,22.318326988226399,4.6000000000058208]]},"properties":{"OBJECTID":339740,"PedestrianRouteID":240006090,"Location":1,"FeatureType":1,"AliasNameEN":"Nelson Street","AliasNameTC":"奶路臣街","CrossingFeature":null,"WeatherProof":2,"WheelchairBarrier":2,"WheelchairAccess":2,"ObstaclesType":null,"Gradient":0.01306178,"Direction":0,"PositionCertainty":1,"Enabled":1,"DataSource":1,"LevelSource":2,"StreetNameEN":"Nelson Street","StreetNameTC":"奶路臣街","ST_CODE":11506,"FloorID":null,"BuildingID_1":null,"BuildingID_2":null,"SiteID":null,"TerminalID":null,"AccessTimeID":null,"CreationDate":1614441600000,"ModifiedBy":"LANDSD","LastAmendmentDate":1655654400000,"Shape__Length":12.126296146423549}},{"type":"Feature","id":339742,"geometry":{"type":"LineString","coordinates":[[114.17117312401118,22.320571318044113,6.0249999999941792],[114.17137038842677,22.320605803611262,5.9159999999974389]]},"properties":{"OBJECTID":339742,"PedestrianRouteID":240006092,"Location":1,"FeatureType":1,"AliasNameEN":"Fife Street","AliasNameTC":"快富街","CrossingFeature":null,"WeatherProof":2,"WheelchairBarrier":2,"WheelchairAccess":2,"ObstaclesType":null,"Gradient":0.0052708700000000004,"Direction":0,"PositionCertainty":1,"Enabled":1,"DataSource":1,"LevelSource":2,"StreetNameEN":"Fife Street","StreetNameTC":"快富街","ST_CODE":10485,"FloorID":null,"BuildingID_1":null,"BuildingID_2":null,"SiteID":null,"TerminalID":null,"AccessTimeID":null,"CreationDate":1614441600000,"ModifiedBy":"LANDSD","LastAmendmentDate":1655654400000,"Shape__Length":20.679509181812826}},{"type":"Feature","id":339743,"geometry":{"type":"LineString","coordinates":[[114.17063127051935,22.318585854368543,5.7388000000064494],[114.17043995789975,22.318550859706487,5.4737000000022817]]},"properties":{"OBJECTID":339743,"PedestrianRouteID":240006093,"Location":1,"FeatureType":1,"AliasNameEN":"Nelson Street","AliasNameTC":"奶路臣街","CrossingFeature":null,"WeatherProof":2,"WheelchairBarrier":2,"WheelchairAccess":2,"ObstaclesType":null,"Gradient":0.013196009999999999,"Direction":0,"PositionCertainty":1,"Enabled":1,"DataSource":1,"LevelSource":2,"StreetNameEN":"Nelson Street","StreetNameTC":"奶路臣街","ST_CODE":11506,"FloorID":null,"BuildingID_1":null,"BuildingID_2":null,"SiteID":null,"TerminalID":null,"AccessTimeID":null,"CreationDate":1614441600000,"ModifiedBy":"LANDSD","LastAmendmentDate":1655654400000,"Shape__Length":20.088246904782665}},{"type":"Feature","id":339744,"geometry":{"type":"LineString","coordinates":[[114.16838376391456,22.31988703716247,5.0620999999955529],[114.16844884165536,22.319578783922839,4.9685000000026776]]},"properties":{"OBJECTID":339744,"PedestrianRouteID":240006094,"Location":1,"FeatureType":5,"AliasNameEN":"Lane between Chi Fu Building and  ","AliasNameTC":"置富樓與華康樓ＡＢ座之間的小巷","CrossingFeature":null,"WeatherProof":2,"WheelchairBarrier":1,"WheelchairAccess":2,"ObstaclesType":null,"Gradient":0.00269068,"Direction":0,"PositionCertainty":1,"Enabled":1,"DataSource":1,"LevelSource":2,"StreetNameEN":null,"StreetNameTC":null,"ST_CODE":800546,"FloorID":null,"BuildingID_1":null,"BuildingID_2":1108234471,"SiteID":null,"TerminalID":null,"AccessTimeID":null,"CreationDate":1614441600000,"ModifiedBy":"LANDSD","LastAmendmentDate":1676390400000,"Shape__Length":34.786605942394836}},{"type":"Feature","id":339745,"geometry":{"type":"LineString","coordinates":[[114.1679369956218,22.320530883749797,4.9487999999983003],[114.16806834912596,22.320552373779186,4.8334999999933643]]},"properties":{"OBJECTID":339745,"PedestrianRouteID":240006095,"Location":1,"FeatureType":1,"AliasNameEN":"Mong Kok Road","AliasNameTC":"旺角道","CrossingFeature":null,"WeatherProof":2,"WheelchairBarrier":2,"WheelchairAccess":2,"ObstaclesType":null,"Gradient":0.0083908799999999999,"Direction":0,"PositionCertainty":1,"Enabled":1,"DataSource":1,"LevelSource":2,"StreetNameEN":"Mong Kok Road","StreetNameTC":"旺角道","ST_CODE":11454,"FloorID":null,"BuildingID_1":null,"BuildingID_2":null,"SiteID":null,"TerminalID":null,"AccessTimeID":null,"CreationDate":1614441600000,"ModifiedBy":"LANDSD","LastAmendmentDate":1655654400000,"Shape__Length":13.740792338931543}},{"type":"Feature","id":339746,"geometry":{"type":"LineString","coordinates":[[114.16910105530556,22.31938737133812,4.8352000000013504],[114.16900217383063,22.319369705461018,4.8031999999948312]]},"properties":{"OBJECTID":339746,"PedestrianRouteID":290047896,"Location":1,"FeatureType":1,"AliasNameEN":"Argyle Street","AliasNameTC":"亞皆老街","CrossingFeature":null,"WeatherProof":3,"WheelchairBarrier":2,"WheelchairAccess":2,"ObstaclesType":null,"Gradient":0.00309203,"Direction":0,"PositionCertainty":1,"Enabled":1,"DataSource":1,"LevelSource":12,"StreetNameEN":"Argyle Street","StreetNameTC":"亞皆老街","ST_CODE":10027,"FloorID":null,"BuildingID_1":null,"BuildingID_2":null,"SiteID":null,"TerminalID":null,"AccessTimeID":null,"CreationDate":1614441600000,"ModifiedBy":"LANDSD","LastAmendmentDate":1730995200000,"Shape__Length":10.373814694823793}},{"type":"Feature","id":339749,"geometry":{"type":"LineString","coordinates":[[114.16952686713491,22.320276248954684,5.0494000000035157],[114.16952885058924,22.32026639576355,5.0120000000024447]]},"properties":{"OBJECTID":339749,"PedestrianRouteID":240006100,"Location":1,"FeatureType":1,"AliasNameEN":"Fife Street","AliasNameTC":"快富街","CrossingFeature":null,"WeatherProof":2,"WheelchairBarrier":2,"WheelchairAccess":2,"ObstaclesType":null,"Gradient":0.082689269999999995,"Direction":0,"PositionCertainty":1,"Enabled":1,"DataSource":1,"LevelSource":2,"StreetNameEN":"Fife Street","StreetNameTC":"快富街","ST_CODE":10485,"FloorID":null,"BuildingID_1":null,"BuildingID_2":null,"SiteID":null,"TerminalID":null,"AccessTimeID":null,"CreationDate":1614441600000,"ModifiedBy":"LANDSD","LastAmendmentDate":1689264000000,"Shape__Length":1.1100620250315103}},{"type":"Feature","id":339750,"geometry":{"type":"LineString","coordinates":[[114.16963069605048,22.320813163899494,10.304000000003725],[114.16962649134497,22.320832805252074,10.304000000003725],[114.16964254405764,22.320835793284605,10.304000000003725]]},"properties":{"OBJECTID":339750,"PedestrianRouteID":240006101,"Location":1,"FeatureType":2,"AliasNameEN":"Mong Kok Road Footbridge","AliasNameTC":"旺角道天橋","CrossingFeature":null,"WeatherProof":1,"WheelchairBarrier":2,"WheelchairAccess":2,"ObstaclesType":null,"Gradient":0,"Direction":0,"PositionCertainty":1,"Enabled":1,"DataSource":1,"LevelSource":9,"StreetNameEN":"Mong Kok Road","StreetNameTC":"旺角道","ST_CODE":11454,"FloorID":null,"BuildingID_1":null,"BuildingID_2":null,"SiteID":null,"TerminalID":null,"AccessTimeID":null,"CreationDate":1614441600000,"ModifiedBy":"LANDSD","LastAmendmentDate":1658246400000,"Shape__Length":3.9043592467843391}},{"type":"Feature","id":339751,"geometry":{"type":"LineString","coordinates":[[114.16907407101952,22.318293826404105,4.6269000000029337],[114.16895384243934,22.318272087577355,4.4778999999980442]]},"properties":{"OBJECTID":339751,"PedestrianRouteID":240006102,"Location":1,"FeatureType":1,"AliasNameEN":"Nelson Street","AliasNameTC":"奶路臣街","CrossingFeature":null,"WeatherProof":2,"WheelchairBarrier":2,"WheelchairAccess":2,"ObstaclesType":null,"Gradient":0.011807089999999999,"Direction":0,"PositionCertainty":1,"Enabled":1,"DataSource":1,"LevelSource":2,"StreetNameEN":"Nelson Street","StreetNameTC":"奶路臣街","ST_CODE":11506,"FloorID":null,"BuildingID_1":null,"BuildingID_2":null,"SiteID":null,"TerminalID":null,"AccessTimeID":null,"CreationDate":1614441600000,"ModifiedBy":"LANDSD","LastAmendmentDate":1712851200000,"Shape__Length":12.618911397765366}},{"type":"Feature","id":339753,"geometry":{"type":"LineString","coordinates":[[114.1698931205472,22.318444212091279,4.8347000000067055],[114.16976927719777,22.319059942520884,4.9766999999992549]]},"properties":{"OBJECTID":339753,"PedestrianRouteID":240006104,"Location":1,"FeatureType":5,"AliasNameEN":"Lane between Bank of East Asia Building, Mongkok and Yau Shing Commercial Centre","AliasNameTC":"旺角東亞銀行大廈與友誠商業中心之間的小巷","CrossingFeature":null,"WeatherProof":2,"WheelchairBarrier":1,"WheelchairAccess":2,"ObstaclesType":null,"Gradient":0.0020475300000000001,"Direction":0,"PositionCertainty":1,"Enabled":1,"DataSource":1,"LevelSource":2,"StreetNameEN":null,"StreetNameTC":null,"ST_CODE":800558,"FloorID":null,"BuildingID_1":null,"BuildingID_2":1108235395,"SiteID":null,"TerminalID":null,"AccessTimeID":null,"CreationDate":1614441600000,"ModifiedBy":"LANDSD","LastAmendmentDate":1709481600000,"Shape__Length":69.366332898710141}},{"type":"Feature","id":339754,"geometry":{"type":"LineString","coordinates":[[114.16884355636205,22.320915798554388,4.9611000000004424],[114.16866661065836,22.320884128483574,4.999100000000908]]},"properties":{"OBJECTID":339754,"PedestrianRouteID":240006105,"Location":1,"FeatureType":1,"AliasNameEN":"Mong Kok Road","AliasNameTC":"旺角道","CrossingFeature":null,"WeatherProof":2,"WheelchairBarrier":2,"WheelchairAccess":2,"ObstaclesType":null,"Gradient":0.0020468999999999999,"Direction":0,"PositionCertainty":1,"Enabled":1,"DataSource":1,"LevelSource":12,"StreetNameEN":"Mong Kok Road","StreetNameTC":"旺角道","ST_CODE":11454,"FloorID":null,"BuildingID_1":null,"BuildingID_2":null,"SiteID":null,"TerminalID":null,"AccessTimeID":null,"CreationDate":1614441600000,"ModifiedBy":"LANDSD","LastAmendmentDate":1764518400000,"Shape__Length":18.5646656953469}},{"type":"Feature","id":339756,"geometry":{"type":"LineString","coordinates":[[114.17061631072148,22.320473104408748,5.8264000000053784],[114.17069858673841,22.320077035646946,5.672999999995227]]},"properties":{"OBJECTID":339756,"PedestrianRouteID":240006107,"Location":1,"FeatureType":5,"AliasNameEN":"Lane between Lee Hing Building and  ","AliasNameTC":"利興大樓與 之間的小巷","CrossingFeature":null,"WeatherProof":2,"WheelchairBarrier":1,"WheelchairAccess":2,"ObstaclesType":null,"Gradient":0.0034340400000000002,"Direction":0,"PositionCertainty":1,"Enabled":1,"DataSource":1,"LevelSource":2,"StreetNameEN":null,"StreetNameTC":null,"ST_CODE":800539,"FloorID":null,"BuildingID_1":null,"BuildingID_2":1108233969,"SiteID":null,"TerminalID":null,"AccessTimeID":null,"CreationDate":1614441600000,"ModifiedBy":"LANDSD","LastAmendmentDate":1676390400000,"Shape__Length":44.670222007146002}},{"type":"Feature","id":339757,"geometry":{"type":"LineString","coordinates":[[114.16966114153502,22.320671029134775,5.1655999999929918],[114.16966918196837,22.320634236145068,5.2265000000043074],[114.16968804453904,22.320637674923805,5.2603999999992084]]},"properties":{"OBJECTID":339757,"PedestrianRouteID":240006108,"Location":1,"FeatureType":1,"AliasNameEN":"Sai Yeung Choi Street South","AliasNameTC":"西洋菜南街","CrossingFeature":null,"WeatherProof":1,"WheelchairBarrier":2,"WheelchairAccess":2,"ObstaclesType":null,"Gradient":0.01544364,"Direction":0,"PositionCertainty":1,"Enabled":1,"DataSource":1,"LevelSource":2,"StreetNameEN":"Sai Yeung Choi Street South","StreetNameTC":"西洋菜南街","ST_CODE":11864,"FloorID":null,"BuildingID_1":null,"BuildingID_2":null,"SiteID":null,"TerminalID":null,"AccessTimeID":null,"CreationDate":1614441600000,"ModifiedBy":"LANDSD","LastAmendmentDate":1655654400000,"Shape__Length":6.1379611654976145}},{"type":"Feature","id":339758,"geometry":{"type":"LineString","coordinates":[[114.16796942241234,22.318349798327635,4.3187000000034459],[114.16801503244213,22.318132099341508,4.3300000000017462]]},"properties":{"OBJECTID":339758,"PedestrianRouteID":240006109,"Location":2,"FeatureType":1,"AliasNameEN":"Minibus Terminus Under","AliasNameTC":"下層小巴總站","CrossingFeature":null,"WeatherProof":1,"WheelchairBarrier":2,"WheelchairAccess":2,"ObstaclesType":null,"Gradient":0.00046009000000000002,"Direction":0,"PositionCertainty":1,"Enabled":1,"DataSource":1,"LevelSource":2,"StreetNameEN":null,"StreetNameTC":null,"ST_CODE":null,"FloorID":290000078,"BuildingID_1":1108246362,"BuildingID_2":null,"SiteID":null,"TerminalID":1511000412,"AccessTimeID":290000475,"CreationDate":1614441600000,"ModifiedBy":"LANDSD","LastAmendmentDate":1689609600000,"Shape__Length":24.560569929890288}},{"type":"Feature","id":339760,"geometry":{"type":"LineString","coordinates":[[114.17170300146844,22.317384444150221,6.0329000000056112],[114.17171070756784,22.317340241429072,6.1116000000038184]]},"properties":{"OBJECTID":339760,"PedestrianRouteID":240006111,"Location":1,"FeatureType":23,"AliasNameEN":"Sai Yee Street Garden","AliasNameTC":"洗衣街花園","CrossingFeature":null,"WeatherProof":2,"WheelchairBarrier":2,"WheelchairAccess":2,"ObstaclesType":null,"Gradient":0.015869609999999999,"Direction":0,"PositionCertainty":1,"Enabled":1,"DataSource":1,"LevelSource":2,"StreetNameEN":null,"StreetNameTC":null,"ST_CODE":null,"FloorID":null,"BuildingID_1":null,"BuildingID_2":null,"SiteID":1503005468,"TerminalID":null,"AccessTimeID":240000043,"CreationDate":1614441600000,"ModifiedBy":"LANDSD","LastAmendmentDate":1655654400000,"Shape__Length":4.9587483782816157}},{"type":"Feature","id":339764,"geometry":{"type":"LineString","coordinates":[[114.16904936451769,22.320205160488015,4.8745000000053551],[114.16899882672988,22.320196000130064,4.9135999999998603]]},"properties":{"OBJECTID":339764,"PedestrianRouteID":240006115,"Location":1,"FeatureType":1,"AliasNameEN":"Fife Street","AliasNameTC":"快富街","CrossingFeature":null,"WeatherProof":2,"WheelchairBarrier":2,"WheelchairAccess":2,"ObstaclesType":null,"Gradient":0.0073706400000000004,"Direction":0,"PositionCertainty":1,"Enabled":1,"DataSource":1,"LevelSource":12,"StreetNameEN":"Fife Street","StreetNameTC":"快富街","ST_CODE":10485,"FloorID":null,"BuildingID_1":null,"BuildingID_2":null,"SiteID":null,"TerminalID":1511000291,"AccessTimeID":null,"CreationDate":1614441600000,"ModifiedBy":"LANDSD","LastAmendmentDate":1660665600000,"Shape__Length":5.3047343408026331}},{"type":"Feature","id":339765,"geometry":{"type":"LineString","coordinates":[[114.1702413089437,22.320495262418643,5.6581000000005588],[114.17004690924709,22.320460098302839,5.4741999999969266]]},"properties":{"OBJECTID":339765,"PedestrianRouteID":240006116,"Location":1,"FeatureType":1,"AliasNameEN":"Fife Street","AliasNameTC":"快富街","CrossingFeature":null,"WeatherProof":2,"WheelchairBarrier":2,"WheelchairAccess":2,"ObstaclesType":null,"Gradient":0.0090128099999999996,"Direction":0,"PositionCertainty":1,"Enabled":1,"DataSource":1,"LevelSource":2,"StreetNameEN":"Fife Street","StreetNameTC":"快富街","ST_CODE":10485,"FloorID":null,"BuildingID_1":null,"BuildingID_2":null,"SiteID":null,"TerminalID":null,"AccessTimeID":null,"CreationDate":1614441600000,"ModifiedBy":"LANDSD","LastAmendmentDate":1655654400000,"Shape__Length":20.403732114852215}},{"type":"Feature","id":339766,"geometry":{"type":"LineString","coordinates":[[114.16878522899285,22.319098426618712,4.6376000000018394],[114.16884072510898,22.319108143573381,4.6524000000063097]]},"properties":{"OBJECTID":339766,"PedestrianRouteID":240006117,"Location":1,"FeatureType":1,"AliasNameEN":"Argyle Street","AliasNameTC":"亞皆老街","CrossingFeature":null,"WeatherProof":2,"WheelchairBarrier":2,"WheelchairAccess":2,"ObstaclesType":null,"Gradient":0.0025437799999999998,"Direction":0,"PositionCertainty":1,"Enabled":1,"DataSource":1,"LevelSource":2,"StreetNameEN":"Argyle Street","StreetNameTC":"亞皆老街","ST_CODE":10027,"FloorID":null,"BuildingID_1":null,"BuildingID_2":null,"SiteID":null,"TerminalID":null,"AccessTimeID":null,"CreationDate":1614441600000,"ModifiedBy":"LANDSD","LastAmendmentDate":1655654400000,"Shape__Length":5.8181068507720255}},{"type":"Feature","id":339770,"geometry":{"type":"LineString","coordinates":[[114.17010923366958,22.319142828929984,5.150500000003376],[114.17031212418284,22.319179801242871,5.2213000000047032]]},"properties":{"OBJECTID":339770,"PedestrianRouteID":240006121,"Location":1,"FeatureType":5,"AliasNameEN":"Lane between Oriental House and Luen Hing Building","AliasNameTC":"東方大廈與聯興大廈之間的小巷","CrossingFeature":null,"WeatherProof":2,"WheelchairBarrier":1,"WheelchairAccess":2,"ObstaclesType":null,"Gradient":0.0033237900000000001,"Direction":0,"PositionCertainty":1,"Enabled":1,"DataSource":1,"LevelSource":2,"StreetNameEN":null,"StreetNameTC":null,"ST_CODE":800553,"FloorID":null,"BuildingID_1":null,"BuildingID_2":1108235102,"SiteID":null,"TerminalID":null,"AccessTimeID":null,"CreationDate":1614441600000,"ModifiedBy":"LANDSD","LastAmendmentDate":1676390400000,"Shape__Length":21.300876072621421}},{"type":"Feature","id":339772,"geometry":{"type":"LineString","coordinates":[[114.1691564188508,22.31733267056239,4.499100000000908],[114.16918644099044,22.317188612288756,4.5335999999952037]]},"properties":{"OBJECTID":339772,"PedestrianRouteID":240006123,"Location":1,"FeatureType":1,"AliasNameEN":"Portland Street","AliasNameTC":"砵蘭街","CrossingFeature":null,"WeatherProof":2,"WheelchairBarrier":2,"WheelchairAccess":2,"ObstaclesType":null,"Gradient":0.0021231599999999998,"Direction":0,"PositionCertainty":1,"Enabled":1,"DataSource":1,"LevelSource":2,"StreetNameEN":"Portland Street","StreetNameTC":"砵蘭街","ST_CODE":11777,"FloorID":null,"BuildingID_1":null,"BuildingID_2":null,"SiteID":null,"TerminalID":null,"AccessTimeID":null,"CreationDate":1614441600000,"ModifiedBy":"LANDSD","LastAmendmentDate":1655654400000,"Shape__Length":16.24936932767238}},{"type":"Feature","id":339773,"geometry":{"type":"LineString","coordinates":[[114.1688357644209,22.319295214804903,4.7035999999934575],[114.16882937012666,22.319295333693368,4.7100999999966007],[114.16882017522197,22.31933719004472,4.650500000003376]]},"properties":{"OBJECTID":339773,"PedestrianRouteID":240006124,"Location":1,"FeatureType":1,"AliasNameEN":"Argyle Street","AliasNameTC":"亞皆老街","CrossingFeature":null,"WeatherProof":2,"WheelchairBarrier":2,"WheelchairAccess":2,"ObstaclesType":null,"Gradient":0.009851795072665346,"Direction":0,"PositionCertainty":1,"Enabled":1,"DataSource":1,"LevelSource":2,"StreetNameEN":"ARGYLE STREET","StreetNameTC":"亞皆老街","ST_CODE":10027,"FloorID":null,"BuildingID_1":null,"BuildingID_2":null,"SiteID":null,"TerminalID":null,"AccessTimeID":null,"CreationDate":1614441600000,"ModifiedBy":"LANDSD","LastAmendmentDate":1783872000000,"Shape__Length":5.3897063086564394}},{"type":"Feature","id":339774,"geometry":{"type":"LineString","coordinates":[[114.17042701187373,22.321386827764552,5.9285999999992782],[114.17063067442228,22.321424160923662,6.1704000000027008]]},"properties":{"OBJECTID":339774,"PedestrianRouteID":240006125,"Location":1,"FeatureType":5,"AliasNameEN":"Lane between Lung Mong Building and  ","AliasNameTC":"龍旺大廈與 之間的小巷","CrossingFeature":null,"WeatherProof":2,"WheelchairBarrier":1,"WheelchairAccess":2,"ObstaclesType":null,"Gradient":0.011305819999999999,"Direction":0,"PositionCertainty":1,"Enabled":1,"DataSource":1,"LevelSource":2,"StreetNameEN":null,"StreetNameTC":null,"ST_CODE":800530,"FloorID":null,"BuildingID_1":null,"BuildingID_2":1108233182,"SiteID":null,"TerminalID":null,"AccessTimeID":null,"CreationDate":1614441600000,"ModifiedBy":"LANDSD","LastAmendmentDate":1676390400000,"Shape__Length":21.386300004322901}},{"type":"Feature","id":339776,"geometry":{"type":"LineString","coordinates":[[114.16802533844267,22.319179601982736,4.6934999999939464],[114.16799732931956,22.319174554163119,4.6676000000006752]]},"properties":{"OBJECTID":339776,"PedestrianRouteID":240006127,"Location":1,"FeatureType":1,"AliasNameEN":"Argyle Street","AliasNameTC":"亞皆老街","CrossingFeature":null,"WeatherProof":2,"WheelchairBarrier":2,"WheelchairAccess":2,"ObstaclesType":null,"Gradient":0.0088110800000000006,"Direction":0,"PositionCertainty":1,"Enabled":1,"DataSource":1,"LevelSource":2,"StreetNameEN":"Argyle Street","StreetNameTC":"亞皆老街","ST_CODE":10027,"FloorID":null,"BuildingID_1":null,"BuildingID_2":null,"SiteID":null,"TerminalID":null,"AccessTimeID":null,"CreationDate":1614441600000,"ModifiedBy":"LANDSD","LastAmendmentDate":1655654400000,"Shape__Length":2.9394045451952615}},{"type":"Feature","id":339777,"geometry":{"type":"LineString","coordinates":[[114.16788399254251,22.321784207854758,4.9756000000052154],[114.16809142638616,22.320783653928295,5.0473999999958323]]},"properties":{"OBJECTID":339777,"PedestrianRouteID":240006128,"Location":1,"FeatureType":5,"AliasNameEN":"Lane between Kam Kei House and Kwong Wing Building","AliasNameTC":"金基樓與光榮大樓之間的小巷","CrossingFeature":null,"WeatherProof":2,"WheelchairBarrier":1,"WheelchairAccess":2,"ObstaclesType":null,"Gradient":0.00063630999999999996,"Direction":0,"PositionCertainty":1,"Enabled":1,"DataSource":1,"LevelSource":2,"StreetNameEN":null,"StreetNameTC":null,"ST_CODE":800534,"FloorID":null,"BuildingID_1":null,"BuildingID_2":1108233573,"SiteID":null,"TerminalID":null,"AccessTimeID":null,"CreationDate":1614441600000,"ModifiedBy":"LANDSD","LastAmendmentDate":1676390400000,"Shape__Length":112.83840176200194}},{"type":"Feature","id":339778,"geometry":{"type":"LineString","coordinates":[[114.16972951350557,22.320295312508073,5.0718999999953667],[114.16972507592183,22.320314219667026,5.2078000000037719]]},"properties":{"OBJECTID":339778,"PedestrianRouteID":240006129,"Location":1,"FeatureType":1,"AliasNameEN":"Fife Street","AliasNameTC":"快富街","CrossingFeature":null,"WeatherProof":2,"WheelchairBarrier":2,"WheelchairAccess":2,"ObstaclesType":null,"Gradient":0.072805659999999994,"Direction":0,"PositionCertainty":1,"Enabled":1,"DataSource":1,"LevelSource":2,"StreetNameEN":"Fife Street","StreetNameTC":"快富街","ST_CODE":10485,"FloorID":null,"BuildingID_1":null,"BuildingID_2":null,"SiteID":null,"TerminalID":null,"AccessTimeID":null,"CreationDate":1614441600000,"ModifiedBy":"LANDSD","LastAmendmentDate":1689264000000,"Shape__Length":2.1430165880525416}},{"type":"Feature","id":339779,"geometry":{"type":"LineString","coordinates":[[114.16823039697715,22.320132027300978,5.0684000000037486],[114.16813844935469,22.320564255491309,4.8788999999960652]]},"properties":{"OBJECTID":339779,"PedestrianRouteID":240006130,"Location":1,"FeatureType":1,"AliasNameEN":"Hong Lok Street","AliasNameTC":"康樂街","CrossingFeature":null,"WeatherProof":2,"WheelchairBarrier":1,"WheelchairAccess":2,"ObstaclesType":null,"Gradient":0.0038838800000000001,"Direction":0,"PositionCertainty":1,"Enabled":1,"DataSource":1,"LevelSource":2,"StreetNameEN":"Hong Lok Street","StreetNameTC":"康樂街","ST_CODE":10809,"FloorID":null,"BuildingID_1":null,"BuildingID_2":null,"SiteID":null,"TerminalID":null,"AccessTimeID":null,"CreationDate":1614441600000,"ModifiedBy":"LANDSD","LastAmendmentDate":1655654400000,"Shape__Length":48.79114965300311}},{"type":"Feature","id":339783,"geometry":{"type":"LineString","coordinates":[[114.17080474873838,22.318617989959584,5.7620000000024447],[114.17079027733249,22.318615363324085,5.7451000000000931]]},"properties":{"OBJECTID":339783,"PedestrianRouteID":240006134,"Location":1,"FeatureType":1,"AliasNameEN":"Tung Choi Street","AliasNameTC":"通菜街","CrossingFeature":null,"WeatherProof":2,"WheelchairBarrier":2,"WheelchairAccess":2,"ObstaclesType":null,"Gradient":0.0111246,"Direction":0,"PositionCertainty":1,"Enabled":1,"DataSource":1,"LevelSource":2,"StreetNameEN":"Tung Choi Street","StreetNameTC":"通菜街","ST_CODE":12513,"FloorID":null,"BuildingID_1":null,"BuildingID_2":null,"SiteID":null,"TerminalID":null,"AccessTimeID":null,"CreationDate":1614441600000,"ModifiedBy":"LANDSD","LastAmendmentDate":1655654400000,"Shape__Length":1.5190936897212923}},{"type":"Feature","id":339784,"geometry":{"type":"LineString","coordinates":[[114.17028405613146,22.321019258884075,10.304000000003725],[114.17026207010004,22.32101535226359,10.304000000003725]]},"properties":{"OBJECTID":339784,"PedestrianRouteID":240006135,"Location":1,"FeatureType":2,"AliasNameEN":"Mong Kok Road Footbridge","AliasNameTC":"旺角道天橋","CrossingFeature":null,"WeatherProof":1,"WheelchairBarrier":2,"WheelchairAccess":2,"ObstaclesType":null,"Gradient":0,"Direction":0,"PositionCertainty":1,"Enabled":1,"DataSource":1,"LevelSource":9,"StreetNameEN":"Mong Kok Road","StreetNameTC":"旺角道","ST_CODE":11454,"FloorID":null,"BuildingID_1":null,"BuildingID_2":null,"SiteID":null,"TerminalID":null,"AccessTimeID":null,"CreationDate":1614441600000,"ModifiedBy":"LANDSD","LastAmendmentDate":1766073600000,"Shape__Length":2.3061195311742639}},{"type":"Feature","id":339786,"geometry":{"type":"LineString","coordinates":[[114.17080050654269,22.32087140837638,6.7470000000030268],[114.17080860599634,22.320832273700468,4.9489999999932479]]},"properties":{"OBJECTID":339786,"PedestrianRouteID":240006137,"Location":1,"FeatureType":12,"AliasNameEN":"Fa Yuen Street Staircase","AliasNameTC":"花園街樓梯","CrossingFeature":null,"WeatherProof":1,"WheelchairBarrier":1,"WheelchairAccess":2,"ObstaclesType":null,"Gradient":0.38688317,"Direction":0,"PositionCertainty":1,"Enabled":1,"DataSource":1,"LevelSource":9,"StreetNameEN":"Fa Yuen Street","StreetNameTC":"花園街","ST_CODE":10419,"FloorID":null,"BuildingID_1":null,"BuildingID_2":null,"SiteID":null,"TerminalID":null,"AccessTimeID":null,"CreationDate":1614441600000,"ModifiedBy":"LANDSD","LastAmendmentDate":1655654400000,"Shape__Length":4.4131786103036648}},{"type":"Feature","id":339787,"geometry":{"type":"LineString","coordinates":[[114.17169562100604,22.317335461960322,6.0636999999987893],[114.17168791629155,22.317341733465586,6.0292000000044936],[114.17167475535528,22.317337252968688,5.9878000000026077],[114.1716709034751,22.317327396852928,5.9855999999999767],[114.17167539861576,22.317317242089871,6.0133000000059837]]},"properties":{"OBJECTID":339787,"PedestrianRouteID":240006138,"Location":1,"FeatureType":23,"AliasNameEN":"Sai Yee Street Garden","AliasNameTC":"洗衣街花園","CrossingFeature":null,"WeatherProof":2,"WheelchairBarrier":2,"WheelchairAccess":2,"ObstaclesType":null,"Gradient":0.010335799999999999,"Direction":0,"PositionCertainty":1,"Enabled":1,"DataSource":1,"LevelSource":2,"StreetNameEN":null,"StreetNameTC":null,"ST_CODE":null,"FloorID":null,"BuildingID_1":null,"BuildingID_2":null,"SiteID":1503005468,"TerminalID":null,"AccessTimeID":240000043,"CreationDate":1614441600000,"ModifiedBy":"LANDSD","LastAmendmentDate":1655654400000,"Shape__Length":4.8760823391224619}},{"type":"Feature","id":339788,"geometry":{"type":"LineString","coordinates":[[114.17108821106284,22.322458797299323,10.304000000003725],[114.1713400548559,22.32120686348761,10.304000000003725]]},"properties":{"OBJECTID":339788,"PedestrianRouteID":240006139,"Location":1,"FeatureType":2,"AliasNameEN":"Mong Kok Road Footbridge","AliasNameTC":"旺角道天橋","CrossingFeature":null,"WeatherProof":1,"WheelchairBarrier":2,"WheelchairAccess":2,"ObstaclesType":null,"Gradient":0,"Direction":0,"PositionCertainty":1,"Enabled":1,"DataSource":1,"LevelSource":9,"StreetNameEN":"Mong Kok Road","StreetNameTC":"旺角道","ST_CODE":11454,"FloorID":null,"BuildingID_1":null,"BuildingID_2":null,"SiteID":null,"TerminalID":null,"AccessTimeID":null,"CreationDate":1614441600000,"ModifiedBy":"LANDSD","LastAmendmentDate":1764259200000,"Shape__Length":141.03977850693212}},{"type":"Feature","id":339789,"geometry":{"type":"LineString","coordinates":[[114.17090859272194,22.320840160187565,6.0632999999943422],[114.1711076239188,22.320875537457365,6.1848999999929219]]},"properties":{"OBJECTID":339789,"PedestrianRouteID":240006140,"Location":1,"FeatureType":5,"AliasNameEN":"Lane between Yau Woo Building and King Leong Mansion","AliasNameTC":"友和大樓與景亮大廈之間的小巷","CrossingFeature":null,"WeatherProof":2,"WheelchairBarrier":1,"WheelchairAccess":2,"ObstaclesType":null,"Gradient":0.00582461,"Direction":0,"PositionCertainty":1,"Enabled":1,"DataSource":1,"LevelSource":2,"StreetNameEN":"Fa Yuen Street","StreetNameTC":"花園街","ST_CODE":10419,"FloorID":null,"BuildingID_1":null,"BuildingID_2":1108233694,"SiteID":null,"TerminalID":null,"AccessTimeID":null,"CreationDate":1614441600000,"ModifiedBy":"LANDSD","LastAmendmentDate":1676390400000,"Shape__Length":20.876699329436523}},{"type":"Feature","id":339790,"geometry":{"type":"LineString","coordinates":[[114.16981237205015,22.319516764239498,4.877200000002631],[114.1696919258542,22.319495233657197,4.8739000000059605]]},"properties":{"OBJECTID":339790,"PedestrianRouteID":240006141,"Location":1,"FeatureType":1,"AliasNameEN":"Argyle Street","AliasNameTC":"亞皆老街","CrossingFeature":null,"WeatherProof":3,"WheelchairBarrier":2,"WheelchairAccess":2,"ObstaclesType":null,"Gradient":0.00026114999999999998,"Direction":0,"PositionCertainty":1,"Enabled":1,"DataSource":1,"LevelSource":2,"StreetNameEN":"Argyle Street","StreetNameTC":"亞皆老街","ST_CODE":10027,"FloorID":null,"BuildingID_1":null,"BuildingID_2":null,"SiteID":null,"TerminalID":null,"AccessTimeID":null,"CreationDate":1614441600000,"ModifiedBy":"LANDSD","LastAmendmentDate":1655654400000,"Shape__Length":12.636444164354167}},{"type":"Feature","id":339791,"geometry":{"type":"LineString","coordinates":[[114.17081055812072,22.317658198586237,5.4272000000055414],[114.17071471266047,22.317640676546091,5.4229000000050291]]},"properties":{"OBJECTID":339791,"PedestrianRouteID":240006142,"Location":1,"FeatureType":1,"AliasNameEN":"Shantung Street","AliasNameTC":"山東街","CrossingFeature":null,"WeatherProof":2,"WheelchairBarrier":2,"WheelchairAccess":2,"ObstaclesType":null,"Gradient":0.00042726999999999999,"Direction":0,"PositionCertainty":1,"Enabled":1,"DataSource":1,"LevelSource":2,"StreetNameEN":"Shantung Street","StreetNameTC":"山東街","ST_CODE":11986,"FloorID":null,"BuildingID_1":null,"BuildingID_2":null,"SiteID":null,"TerminalID":null,"AccessTimeID":null,"CreationDate":1614441600000,"ModifiedBy":"LANDSD","LastAmendmentDate":1655654400000,"Shape__Length":10.063836844547629}},{"type":"Feature","id":339792,"geometry":{"type":"LineString","coordinates":[[114.16845605317346,22.320181161026053,5.1723999999958323],[114.16845880074568,22.320168288056923,5.1594000000040978],[114.16844552305285,22.320165858141173,5.1567999999970198]]},"properties":{"OBJECTID":339792,"PedestrianRouteID":240006143,"Location":1,"FeatureType":1,"AliasNameEN":"Portland Street","AliasNameTC":"砵蘭街","CrossingFeature":null,"WeatherProof":3,"WheelchairBarrier":2,"WheelchairAccess":2,"ObstaclesType":null,"Gradient":0.0054783999999999996,"Direction":0,"PositionCertainty":1,"Enabled":1,"DataSource":1,"LevelSource":2,"StreetNameEN":"Portland Street","StreetNameTC":"砵蘭街","ST_CODE":11777,"FloorID":null,"BuildingID_1":null,"BuildingID_2":null,"SiteID":null,"TerminalID":null,"AccessTimeID":null,"CreationDate":1614441600000,"ModifiedBy":"LANDSD","LastAmendmentDate":1655654400000,"Shape__Length":2.8475169796412523}},{"type":"Feature","id":339793,"geometry":{"type":"LineString","coordinates":[[114.16968943459216,22.320424943108847,4.9844000000011874],[114.16969201411619,22.320412569503578,5.1281000000017229]]},"properties":{"OBJECTID":339793,"PedestrianRouteID":240006144,"Location":1,"FeatureType":1,"AliasNameEN":"Sai Yeung Choi Street South","AliasNameTC":"西洋菜南街","CrossingFeature":null,"WeatherProof":2,"WheelchairBarrier":2,"WheelchairAccess":2,"ObstaclesType":null,"Gradient":0.10259585,"Direction":0,"PositionCertainty":1,"Enabled":1,"DataSource":1,"LevelSource":2,"StreetNameEN":"Sai Yeung Choi Street South","StreetNameTC":"西洋菜南街","ST_CODE":11864,"FloorID":null,"BuildingID_1":null,"BuildingID_2":null,"SiteID":null,"TerminalID":null,"AccessTimeID":null,"CreationDate":1614441600000,"ModifiedBy":"LANDSD","LastAmendmentDate":1761580800000,"Shape__Length":1.3957236569277855}},{"type":"Feature","id":339794,"geometry":{"type":"LineString","coordinates":[[114.17086296466523,22.319283648099251,5.3135000000038417],[114.17099460276326,22.318652454042542,5.5524000000004889]]},"properties":{"OBJECTID":339794,"PedestrianRouteID":240006145,"Location":1,"FeatureType":5,"AliasNameEN":"Lane between Po Ling Building and  ","AliasNameTC":"寶寧大廈與 之間的小巷","CrossingFeature":null,"WeatherProof":2,"WheelchairBarrier":1,"WheelchairAccess":2,"ObstaclesType":null,"Gradient":0.0033553799999999998,"Direction":0,"PositionCertainty":1,"Enabled":1,"DataSource":1,"LevelSource":2,"StreetNameEN":null,"StreetNameTC":null,"ST_CODE":800551,"FloorID":null,"BuildingID_1":null,"BuildingID_2":1108235367,"SiteID":null,"TerminalID":null,"AccessTimeID":null,"CreationDate":1614441600000,"ModifiedBy":"LANDSD","LastAmendmentDate":1676390400000,"Shape__Length":71.198776586532034}},{"type":"Feature","id":339795,"geometry":{"type":"LineString","coordinates":[[114.1710696004068,22.321158815867395,10.304000000003725],[114.17074225629281,22.321100661339695,10.304000000003725]]},"properties":{"OBJECTID":339795,"PedestrianRouteID":240006146,"Location":1,"FeatureType":2,"AliasNameEN":"Mong Kok Road Footbridge","AliasNameTC":"旺角道天橋","CrossingFeature":null,"WeatherProof":1,"WheelchairBarrier":2,"WheelchairAccess":2,"ObstaclesType":null,"Gradient":0,"Direction":0,"PositionCertainty":1,"Enabled":1,"DataSource":1,"LevelSource":9,"StreetNameEN":"Mong Kok Road","StreetNameTC":"旺角道","ST_CODE":11454,"FloorID":null,"BuildingID_1":null,"BuildingID_2":null,"SiteID":null,"TerminalID":null,"AccessTimeID":null,"CreationDate":1614441600000,"ModifiedBy":"LANDSD","LastAmendmentDate":1764259200000,"Shape__Length":34.334957774077715}},{"type":"Feature","id":339796,"geometry":{"type":"LineString","coordinates":[[114.16799732931956,22.319174554163119,4.6676000000006752],[114.16774679441274,22.319129403603743,4.4760999999998603]]},"properties":{"OBJECTID":339796,"PedestrianRouteID":240006147,"Location":1,"FeatureType":1,"AliasNameEN":"Argyle Street","AliasNameTC":"亞皆老街","CrossingFeature":null,"WeatherProof":2,"WheelchairBarrier":2,"WheelchairAccess":2,"ObstaclesType":null,"Gradient":0.0072833899999999998,"Direction":0,"PositionCertainty":1,"Enabled":1,"DataSource":1,"LevelSource":2,"StreetNameEN":"Argyle Street","StreetNameTC":"亞皆老街","ST_CODE":10027,"FloorID":null,"BuildingID_1":null,"BuildingID_2":null,"SiteID":null,"TerminalID":null,"AccessTimeID":null,"CreationDate":1614441600000,"ModifiedBy":"LANDSD","LastAmendmentDate":1655654400000,"Shape__Length":26.29225450709081}},{"type":"Feature","id":339797,"geometry":{"type":"LineString","coordinates":[[114.1711076239188,22.320875537457365,6.1848999999929219],[114.17115190288465,22.320662815271145,6.0068999999930384]]},"properties":{"OBJECTID":339797,"PedestrianRouteID":240006148,"Location":1,"FeatureType":5,"AliasNameEN":"Lane between King Leong Mansion and Tai Yue Mansion","AliasNameTC":"景亮大廈與泰怡大廈之間的小巷","CrossingFeature":null,"WeatherProof":2,"WheelchairBarrier":1,"WheelchairAccess":2,"ObstaclesType":null,"Gradient":0.0074185700000000002,"Direction":0,"PositionCertainty":1,"Enabled":1,"DataSource":1,"LevelSource":2,"StreetNameEN":null,"StreetNameTC":null,"ST_CODE":800535,"FloorID":null,"BuildingID_1":null,"BuildingID_2":1108233668,"SiteID":null,"TerminalID":null,"AccessTimeID":null,"CreationDate":1614441600000,"ModifiedBy":"LANDSD","LastAmendmentDate":1676390400000,"Shape__Length":23.993416972711248}},{"type":"Feature","id":339798,"geometry":{"type":"LineString","coordinates":[[114.16863085183709,22.321975754587086,0.93399999999382999],[114.16864155080927,22.321977701220277,0.93399999999382999]]},"properties":{"OBJECTID":339798,"PedestrianRouteID":240006149,"Location":2,"FeatureType":4,"AliasNameEN":"Subway","AliasNameTC":"隧道","CrossingFeature":null,"WeatherProof":1,"WheelchairBarrier":2,"WheelchairAccess":2,"ObstaclesType":null,"Gradient":0,"Direction":0,"PositionCertainty":1,"Enabled":1,"DataSource":1,"LevelSource":9,"StreetNameEN":null,"StreetNameTC":null,"ST_CODE":null,"FloorID":null,"BuildingID_1":null,"BuildingID_2":null,"SiteID":null,"TerminalID":null,"AccessTimeID":null,"CreationDate":1614441600000,"ModifiedBy":"LANDSD","LastAmendmentDate":1614441600000,"Shape__Length":1.1231676368204491}},{"type":"Feature","id":339800,"geometry":{"type":"LineString","coordinates":[[114.16777244090417,22.318926742237018,4.5792999999976018],[114.16777945370096,22.318892634071695,4.595499999995809]]},"properties":{"OBJECTID":339800,"PedestrianRouteID":240006151,"Location":1,"FeatureType":1,"AliasNameEN":"Argyle Street","AliasNameTC":"亞皆老街","CrossingFeature":null,"WeatherProof":2,"WheelchairBarrier":2,"WheelchairAccess":2,"ObstaclesType":null,"Gradient":0.0042127500000000003,"Direction":0,"PositionCertainty":1,"Enabled":1,"DataSource":1,"LevelSource":2,"StreetNameEN":"Argyle Street","StreetNameTC":"亞皆老街","ST_CODE":10027,"FloorID":null,"BuildingID_1":null,"BuildingID_2":null,"SiteID":null,"TerminalID":null,"AccessTimeID":null,"CreationDate":1614441600000,"ModifiedBy":"LANDSD","LastAmendmentDate":1655654400000,"Shape__Length":3.8454448760385511}},{"type":"Feature","id":339801,"geometry":{"type":"LineString","coordinates":[[114.16764864834332,22.320739141146323,4.7804999999934807],[114.16762115100229,22.320873332389471,4.7856000000028871],[114.16758879425225,22.320867596122039,4.790900000007241],[114.16755721669368,22.321026617636832,4.661099999997532]]},"properties":{"OBJECTID":339801,"PedestrianRouteID":240006152,"Location":1,"FeatureType":1,"AliasNameEN":"Mong Kok Road Playground","AliasNameTC":"旺角道遊樂場","CrossingFeature":null,"WeatherProof":2,"WheelchairBarrier":2,"WheelchairAccess":2,"ObstaclesType":null,"Gradient":0.0032776799999999998,"Direction":0,"PositionCertainty":1,"Enabled":1,"DataSource":1,"LevelSource":2,"StreetNameEN":null,"StreetNameTC":null,"ST_CODE":null,"FloorID":null,"BuildingID_1":null,"BuildingID_2":null,"SiteID":1503005266,"TerminalID":null,"AccessTimeID":240000034,"CreationDate":1614441600000,"ModifiedBy":"LANDSD","LastAmendmentDate":1655654400000,"Shape__Length":36.42813027006391}},{"type":"Feature","id":339805,"geometry":{"type":"LineString","coordinates":[[114.17078947254176,22.320807002680841,5.985899999999674],[114.17079461591085,22.32078153298831,5.9979000000021188]]},"properties":{"OBJECTID":339805,"PedestrianRouteID":240006156,"Location":1,"FeatureType":1,"AliasNameEN":"Fa Yuen Street","AliasNameTC":"花園街","CrossingFeature":null,"WeatherProof":2,"WheelchairBarrier":2,"WheelchairAccess":2,"ObstaclesType":null,"Gradient":0.00418156,"Direction":0,"PositionCertainty":1,"Enabled":1,"DataSource":1,"LevelSource":2,"StreetNameEN":"Fa Yuen Street","StreetNameTC":"花園街","ST_CODE":10419,"FloorID":null,"BuildingID_1":null,"BuildingID_2":null,"SiteID":null,"TerminalID":null,"AccessTimeID":null,"CreationDate":1614441600000,"ModifiedBy":"LANDSD","LastAmendmentDate":1655654400000,"Shape__Length":2.8697289416397003}},{"type":"Feature","id":339806,"geometry":{"type":"LineString","coordinates":[[114.16996217634602,22.319133580857201,5.1199000000051456],[114.1699471595891,22.319206851756185,5.0482999999949243]]},"properties":{"OBJECTID":339806,"PedestrianRouteID":240006157,"Location":1,"FeatureType":1,"AliasNameEN":"Sai Yeung Choi Street South","AliasNameTC":"西洋菜南街","CrossingFeature":null,"WeatherProof":2,"WheelchairBarrier":2,"WheelchairAccess":2,"ObstaclesType":null,"Gradient":0.0086613000000000002,"Direction":0,"PositionCertainty":1,"Enabled":1,"DataSource":1,"LevelSource":2,"StreetNameEN":"Sai Yeung Choi Street South","StreetNameTC":"西洋菜南街","ST_CODE":11864,"FloorID":null,"BuildingID_1":null,"BuildingID_2":null,"SiteID":null,"TerminalID":null,"AccessTimeID":null,"CreationDate":1614441600000,"ModifiedBy":"LANDSD","LastAmendmentDate":1709481600000,"Shape__Length":8.2598255392102935}},{"type":"Feature","id":339809,"geometry":{"type":"LineString","coordinates":[[114.17022204009152,22.321349254985396,5.6325000000069849],[114.17042701187373,22.321386827764552,5.9285999999992782]]},"properties":{"OBJECTID":339809,"PedestrianRouteID":240006160,"Location":1,"FeatureType":5,"AliasNameEN":"Lane between   and Po On Building","AliasNameTC":" 與寶安大樓之間的小巷","CrossingFeature":null,"WeatherProof":2,"WheelchairBarrier":1,"WheelchairAccess":2,"ObstaclesType":null,"Gradient":0.013756010000000001,"Direction":0,"PositionCertainty":1,"Enabled":1,"DataSource":1,"LevelSource":2,"StreetNameEN":null,"StreetNameTC":null,"ST_CODE":800530,"FloorID":null,"BuildingID_1":null,"BuildingID_2":1108233280,"SiteID":null,"TerminalID":null,"AccessTimeID":null,"CreationDate":1614441600000,"ModifiedBy":"LANDSD","LastAmendmentDate":1676390400000,"Shape__Length":21.52377820194107}},{"type":"Feature","id":339811,"geometry":{"type":"LineString","coordinates":[[114.16949351201247,22.320821481247272,10.304000000003725],[114.16931259370425,22.320787647971223,5.028600000005099]]},"properties":{"OBJECTID":339811,"PedestrianRouteID":240006162,"Location":1,"FeatureType":12,"AliasNameEN":"Mong Kok Road Staircase","AliasNameTC":"旺角道樓梯","CrossingFeature":null,"WeatherProof":1,"WheelchairBarrier":1,"WheelchairAccess":2,"ObstaclesType":null,"Gradient":0.27066108999999999,"Direction":0,"PositionCertainty":1,"Enabled":1,"DataSource":1,"LevelSource":12,"StreetNameEN":"Mong Kok Road","StreetNameTC":"旺角道","ST_CODE":11454,"FloorID":null,"BuildingID_1":null,"BuildingID_2":null,"SiteID":null,"TerminalID":null,"AccessTimeID":null,"CreationDate":1614441600000,"ModifiedBy":"LANDSD","LastAmendmentDate":1658246400000,"Shape__Length":19.012506183141991}},{"type":"Feature","id":339814,"geometry":{"type":"LineString","coordinates":[[114.17086296466523,22.319283648099251,5.3135000000038417],[114.17107074542096,22.319321211146171,5.3381999999983236]]},"properties":{"OBJECTID":339814,"PedestrianRouteID":240006165,"Location":1,"FeatureType":5,"AliasNameEN":"Lane between   and King Hing Building","AliasNameTC":" 與建興大廈之間的小巷","CrossingFeature":null,"WeatherProof":2,"WheelchairBarrier":1,"WheelchairAccess":2,"ObstaclesType":null,"Gradient":0.00113262,"Direction":0,"PositionCertainty":1,"Enabled":1,"DataSource":1,"LevelSource":2,"StreetNameEN":null,"StreetNameTC":null,"ST_CODE":800551,"FloorID":null,"BuildingID_1":null,"BuildingID_2":1108234816,"SiteID":null,"TerminalID":null,"AccessTimeID":null,"CreationDate":1614441600000,"ModifiedBy":"LANDSD","LastAmendmentDate":1676390400000,"Shape__Length":21.807897766595438}},{"type":"Feature","id":339819,"geometry":{"type":"LineString","coordinates":[[114.16990457632239,22.318387256615274,4.5023999999975786],[114.1698071940155,22.318370105132022,4.6034999999974389]]},"properties":{"OBJECTID":339819,"PedestrianRouteID":240006170,"Location":1,"FeatureType":1,"AliasNameEN":"Nelson Street","AliasNameTC":"奶路臣街","CrossingFeature":null,"WeatherProof":2,"WheelchairBarrier":2,"WheelchairAccess":2,"ObstaclesType":null,"Gradient":0.0083621700000000004,"Direction":0,"PositionCertainty":1,"Enabled":1,"DataSource":1,"LevelSource":2,"StreetNameEN":"Nelson Street","StreetNameTC":"奶路臣街","ST_CODE":11506,"FloorID":null,"BuildingID_1":null,"BuildingID_2":null,"SiteID":null,"TerminalID":null,"AccessTimeID":null,"CreationDate":1614441600000,"ModifiedBy":"LANDSD","LastAmendmentDate":1707235200000,"Shape__Length":10.211491418812145}},{"type":"Feature","id":339824,"geometry":{"type":"LineString","coordinates":[[114.1711076239188,22.320875537457365,6.1848999999929219],[114.17131208475556,22.320911880037947,5.9703000000008615]]},"properties":{"OBJECTID":339824,"PedestrianRouteID":240006175,"Location":1,"FeatureType":5,"AliasNameEN":"Lane between Tai Yue Mansion and  ","AliasNameTC":"泰怡大廈與 之間的小巷","CrossingFeature":null,"WeatherProof":2,"WheelchairBarrier":1,"WheelchairAccess":2,"ObstaclesType":null,"Gradient":0.01000609,"Direction":0,"PositionCertainty":1,"Enabled":1,"DataSource":1,"LevelSource":2,"StreetNameEN":null,"StreetNameTC":null,"ST_CODE":800535,"FloorID":null,"BuildingID_1":null,"BuildingID_2":1108246186,"SiteID":null,"TerminalID":null,"AccessTimeID":null,"CreationDate":1614441600000,"ModifiedBy":"LANDSD","LastAmendmentDate":1676390400000,"Shape__Length":21.446221907734323}},{"type":"Feature","id":339825,"geometry":{"type":"LineString","coordinates":[[114.16823900855789,22.320046199189893,5.2468999999982771],[114.16827501420033,22.319867505510921,5.0816000000049826]]},"properties":{"OBJECTID":339825,"PedestrianRouteID":240006176,"Location":1,"FeatureType":1,"AliasNameEN":"Hong Lok Street","AliasNameTC":"康樂街","CrossingFeature":null,"WeatherProof":2,"WheelchairBarrier":2,"WheelchairAccess":2,"ObstaclesType":null,"Gradient":0.0059902999999999996,"Direction":0,"PositionCertainty":1,"Enabled":1,"DataSource":1,"LevelSource":2,"StreetNameEN":"Hong Lok Street","StreetNameTC":"康樂街","ST_CODE":10809,"FloorID":null,"BuildingID_1":null,"BuildingID_2":null,"SiteID":null,"TerminalID":null,"AccessTimeID":null,"CreationDate":1614441600000,"ModifiedBy":"LANDSD","LastAmendmentDate":1689264000000,"Shape__Length":20.132312364125085}},{"type":"Feature","id":339826,"geometry":{"type":"LineString","coordinates":[[114.16949877367453,22.317532178601478,4.5797000000020489],[114.16944518628843,22.317522752742438,4.5562000000063563]]},"properties":{"OBJECTID":339826,"PedestrianRouteID":290038611,"Location":1,"FeatureType":1,"AliasNameEN":"Shantung Street","AliasNameTC":"山東街","CrossingFeature":null,"WeatherProof":2,"WheelchairBarrier":2,"WheelchairAccess":2,"ObstaclesType":null,"Gradient":0.0041746500000000002,"Direction":0,"PositionCertainty":1,"Enabled":1,"DataSource":1,"LevelSource":2,"StreetNameEN":"Shantung Street","StreetNameTC":"山東街","ST_CODE":11986,"FloorID":null,"BuildingID_1":null,"BuildingID_2":null,"SiteID":null,"TerminalID":null,"AccessTimeID":null,"CreationDate":1614441600000,"ModifiedBy":"LANDSD","LastAmendmentDate":1709481600000,"Shape__Length":5.6189448906709423}},{"type":"Feature","id":339827,"geometry":{"type":"LineString","coordinates":[[114.16860540720734,22.317254318476731,3.9882000000070548],[114.16880837225663,22.317291019055553,4.0411000000021886]]},"properties":{"OBJECTID":339827,"PedestrianRouteID":240006178,"Location":1,"FeatureType":1,"AliasNameEN":"Shantung Street","AliasNameTC":"山東街","CrossingFeature":null,"WeatherProof":2,"WheelchairBarrier":2,"WheelchairAccess":2,"ObstaclesType":null,"Gradient":0.00248322,"Direction":0,"PositionCertainty":1,"Enabled":1,"DataSource":1,"LevelSource":2,"StreetNameEN":"Shantung Street","StreetNameTC":"山東街","ST_CODE":11986,"FloorID":null,"BuildingID_1":null,"BuildingID_2":null,"SiteID":null,"TerminalID":null,"AccessTimeID":null,"CreationDate":1614441600000,"ModifiedBy":"LANDSD","LastAmendmentDate":1655654400000,"Shape__Length":21.30292745146955}},{"type":"Feature","id":339828,"geometry":{"type":"LineString","coordinates":[[114.16855752824398,22.317388647069713,3.9238999999943189],[114.16848055069838,22.317757908725927,4.149199999999837],[114.16848448309854,22.317846474693795,4.2459999999991851],[114.16846601439332,22.317934505798473,4.2473999999929219]]},"properties":{"OBJECTID":339828,"PedestrianRouteID":240006179,"Location":1,"FeatureType":1,"AliasNameEN":"Shanghai Street","AliasNameTC":"上海街","CrossingFeature":null,"WeatherProof":2,"WheelchairBarrier":2,"WheelchairAccess":2,"ObstaclesType":null,"Gradient":0.0052686900000000004,"Direction":0,"PositionCertainty":1,"Enabled":1,"DataSource":1,"LevelSource":2,"StreetNameEN":"Shanghai Street","StreetNameTC":"上海街","ST_CODE":11984,"FloorID":null,"BuildingID_1":null,"BuildingID_2":null,"SiteID":null,"TerminalID":null,"AccessTimeID":null,"CreationDate":1614441600000,"ModifiedBy":"LANDSD","LastAmendmentDate":1655654400000,"Shape__Length":61.399881596401954}},{"type":"Feature","id":339829,"geometry":{"type":"LineString","coordinates":[[114.1685340104231,22.321931135829203,5.1745999999984633],[114.16859913407609,22.321942895172629,2.7339999999967404]]},"properties":{"OBJECTID":339829,"PedestrianRouteID":240006180,"Location":1,"FeatureType":12,"AliasNameEN":"Nathan Road Staircase","AliasNameTC":"彌敦道樓梯","CrossingFeature":null,"WeatherProof":1,"WheelchairBarrier":1,"WheelchairAccess":2,"ObstaclesType":null,"Gradient":0.34297568,"Direction":0,"PositionCertainty":1,"Enabled":1,"DataSource":1,"LevelSource":9,"StreetNameEN":"Nathan Road","StreetNameTC":"彌敦道","ST_CODE":11504,"FloorID":null,"BuildingID_1":null,"BuildingID_2":null,"SiteID":null,"TerminalID":null,"AccessTimeID":null,"CreationDate":1614441600000,"ModifiedBy":"LANDSD","LastAmendmentDate":1655654400000,"Shape__Length":6.8347213107009042}},{"type":"Feature","id":339831,"geometry":{"type":"LineString","coordinates":[[114.17133432280704,22.318024354576405,5.52730000000156],[114.17132887580451,22.318050811328575,5.5271999999968102]]},"properties":{"OBJECTID":339831,"PedestrianRouteID":240006182,"Location":1,"FeatureType":1,"AliasNameEN":"Fa Yuen Street","AliasNameTC":"花園街","CrossingFeature":null,"WeatherProof":2,"WheelchairBarrier":2,"WheelchairAccess":2,"ObstaclesType":null,"Gradient":3.3519999999999998e-05,"Direction":0,"PositionCertainty":1,"Enabled":1,"DataSource":1,"LevelSource":2,"StreetNameEN":"Fa Yuen Street","StreetNameTC":"花園街","ST_CODE":10419,"FloorID":null,"BuildingID_1":null,"BuildingID_2":null,"SiteID":null,"TerminalID":null,"AccessTimeID":null,"CreationDate":1614441600000,"ModifiedBy":"LANDSD","LastAmendmentDate":1655654400000,"Shape__Length":2.9829474183721847}},{"type":"Feature","id":339835,"geometry":{"type":"LineString","coordinates":[[114.17026207010004,22.32101535226359,10.304000000003725],[114.16962793493359,22.320902690364342,10.304000000003725]]},"properties":{"OBJECTID":339835,"PedestrianRouteID":240006186,"Location":1,"FeatureType":2,"AliasNameEN":"Mong Kok Road Footbridge","AliasNameTC":"旺角道天橋","CrossingFeature":null,"WeatherProof":1,"WheelchairBarrier":2,"WheelchairAccess":2,"ObstaclesType":null,"Gradient":0,"Direction":0,"PositionCertainty":1,"Enabled":1,"DataSource":1,"LevelSource":12,"StreetNameEN":"Mong Kok Road","StreetNameTC":"旺角道","ST_CODE":11454,"FloorID":null,"BuildingID_1":null,"BuildingID_2":null,"SiteID":null,"TerminalID":null,"AccessTimeID":null,"CreationDate":1614441600000,"ModifiedBy":"LANDSD","LastAmendmentDate":1658246400000,"Shape__Length":66.514280978795071}},{"type":"Feature","id":339837,"geometry":{"type":"LineString","coordinates":[[114.17172957378625,22.318781827654334,5.3634000000020023],[114.1714803525613,22.318736641362005,5.3693000000057509]]},"properties":{"OBJECTID":339837,"PedestrianRouteID":240006188,"Location":1,"FeatureType":1,"AliasNameEN":"Nelson Street","AliasNameTC":"奶路臣街","CrossingFeature":null,"WeatherProof":2,"WheelchairBarrier":2,"WheelchairAccess":2,"ObstaclesType":null,"Gradient":0.00040902000000000001,"Direction":0,"PositionCertainty":1,"Enabled":1,"DataSource":1,"LevelSource":2,"StreetNameEN":"Nelson Street","StreetNameTC":"奶路臣街","ST_CODE":11506,"FloorID":null,"BuildingID_1":null,"BuildingID_2":null,"SiteID":null,"TerminalID":null,"AccessTimeID":null,"CreationDate":1614441600000,"ModifiedBy":"LANDSD","LastAmendmentDate":1689264000000,"Shape__Length":26.160215568872616}},{"type":"Feature","id":339838,"geometry":{"type":"LineString","coordinates":[[114.16820449373199,22.317507119132046,4.1416000000026543],[114.16824643423655,22.317306688169843,3.9836999999970431]]},"properties":{"OBJECTID":339838,"PedestrianRouteID":240006189,"Location":1,"FeatureType":1,"AliasNameEN":"Shantung Street","AliasNameTC":"山東街","CrossingFeature":null,"WeatherProof":2,"WheelchairBarrier":2,"WheelchairAccess":2,"ObstaclesType":null,"Gradient":0.00698309,"Direction":0,"PositionCertainty":1,"Enabled":1,"DataSource":1,"LevelSource":2,"StreetNameEN":"Shantung Street","StreetNameTC":"山東街","ST_CODE":11986,"FloorID":null,"BuildingID_1":null,"BuildingID_2":null,"SiteID":null,"TerminalID":null,"AccessTimeID":null,"CreationDate":1614441600000,"ModifiedBy":"LANDSD","LastAmendmentDate":1655654400000,"Shape__Length":22.611393631577201}},{"type":"Feature","id":339839,"geometry":{"type":"LineString","coordinates":[[114.17127319097152,22.321098066050006,6.0317999999970198],[114.17113148214902,22.321073247771963,6.0391999999992549]]},"properties":{"OBJECTID":339839,"PedestrianRouteID":240006190,"Location":1,"FeatureType":1,"AliasNameEN":"Mong Kok Road","AliasNameTC":"旺角道","CrossingFeature":null,"WeatherProof":2,"WheelchairBarrier":2,"WheelchairAccess":2,"ObstaclesType":null,"Gradient":0.00049810000000000002,"Direction":0,"PositionCertainty":1,"Enabled":1,"DataSource":1,"LevelSource":2,"StreetNameEN":"Mong Kok Road","StreetNameTC":"旺角道","ST_CODE":11454,"FloorID":null,"BuildingID_1":null,"BuildingID_2":null,"SiteID":null,"TerminalID":null,"AccessTimeID":null,"CreationDate":1614441600000,"ModifiedBy":"LANDSD","LastAmendmentDate":1655654400000,"Shape__Length":14.856405194809261}},{"type":"Feature","id":339840,"geometry":{"type":"LineString","coordinates":[[114.17038265082373,22.320589636895974,5.6163999999989755],[114.17035002051924,22.320747667360127,5.5715999999956694]]},"properties":{"OBJECTID":339840,"PedestrianRouteID":240006191,"Location":1,"FeatureType":1,"AliasNameEN":"Tung Choi Street","AliasNameTC":"通菜街","CrossingFeature":null,"WeatherProof":2,"WheelchairBarrier":2,"WheelchairAccess":2,"ObstaclesType":null,"Gradient":0.0025165600000000002,"Direction":0,"PositionCertainty":1,"Enabled":1,"DataSource":1,"LevelSource":2,"StreetNameEN":"Tung Choi Street","StreetNameTC":"通菜街","ST_CODE":12513,"FloorID":null,"BuildingID_1":null,"BuildingID_2":null,"SiteID":null,"TerminalID":null,"AccessTimeID":null,"CreationDate":1614441600000,"ModifiedBy":"LANDSD","LastAmendmentDate":1730995200000,"Shape__Length":17.819455472342703}},{"type":"Feature","id":339841,"geometry":{"type":"LineString","coordinates":[[114.16931259370425,22.320787647971223,5.028600000005099],[114.16929215002189,22.320783889392366,5.0948999999964144],[114.16930022844362,22.320746508531663,5.0170000000071013]]},"properties":{"OBJECTID":339841,"PedestrianRouteID":240006192,"Location":1,"FeatureType":1,"AliasNameEN":"Mong Kok Road","AliasNameTC":"旺角道","CrossingFeature":null,"WeatherProof":1,"WheelchairBarrier":2,"WheelchairAccess":2,"ObstaclesType":null,"Gradient":0.0018212599999999999,"Direction":0,"PositionCertainty":1,"Enabled":1,"DataSource":1,"LevelSource":2,"StreetNameEN":"Mong Kok Road","StreetNameTC":"旺角道","ST_CODE":11454,"FloorID":null,"BuildingID_1":null,"BuildingID_2":null,"SiteID":null,"TerminalID":null,"AccessTimeID":null,"CreationDate":1614441600000,"ModifiedBy":"LANDSD","LastAmendmentDate":1658246400000,"Shape__Length":6.3692128757115984}},{"type":"Feature","id":339842,"geometry":{"type":"LineString","coordinates":[[114.1717457597659,22.31737792179349,6.0607000000018161],[114.17170300146844,22.317384444150221,6.0329000000056112]]},"properties":{"OBJECTID":339842,"PedestrianRouteID":240006193,"Location":1,"FeatureType":23,"AliasNameEN":"Sai Yee Street Garden","AliasNameTC":"洗衣街花園","CrossingFeature":null,"WeatherProof":2,"WheelchairBarrier":2,"WheelchairAccess":2,"ObstaclesType":null,"Gradient":0.0062271899999999996,"Direction":0,"PositionCertainty":1,"Enabled":1,"DataSource":1,"LevelSource":2,"StreetNameEN":null,"StreetNameTC":null,"ST_CODE":null,"FloorID":null,"BuildingID_1":null,"BuildingID_2":null,"SiteID":1503005468,"TerminalID":null,"AccessTimeID":240000043,"CreationDate":1614441600000,"ModifiedBy":"LANDSD","LastAmendmentDate":1655654400000,"Shape__Length":4.4642368792527458}},{"type":"Feature","id":339843,"geometry":{"type":"LineString","coordinates":[[114.16894180074387,22.321978030371774,5.3392000000021653],[114.16893619391939,22.322005134516182,5.3413000000000466],[114.16895008618329,22.322007754966595,5.3705000000045402]]},"properties":{"OBJECTID":339843,"PedestrianRouteID":240006194,"Location":1,"FeatureType":1,"AliasNameEN":"Nathan Road","AliasNameTC":"彌敦道","CrossingFeature":null,"WeatherProof":2,"WheelchairBarrier":2,"WheelchairAccess":2,"ObstaclesType":null,"Gradient":0.00692949,"Direction":0,"PositionCertainty":1,"Enabled":1,"DataSource":1,"LevelSource":2,"StreetNameEN":"Nathan Road","StreetNameTC":"彌敦道","ST_CODE":11504,"FloorID":null,"BuildingID_1":null,"BuildingID_2":null,"SiteID":null,"TerminalID":null,"AccessTimeID":null,"CreationDate":1614441600000,"ModifiedBy":"LANDSD","LastAmendmentDate":1759420800000,"Shape__Length":4.5168568008316239}},{"type":"Feature","id":339844,"geometry":{"type":"LineString","coordinates":[[114.16946551474824,22.319454761953818,4.7529999999969732],[114.16930548351908,22.32023559393674,4.713000000003376],[114.16931563300925,22.320237496250428,4.7112000000051921]]},"properties":{"OBJECTID":339844,"PedestrianRouteID":240006195,"Location":1,"FeatureType":1,"AliasNameEN":"Nathan Road","AliasNameTC":"彌敦道","CrossingFeature":null,"WeatherProof":2,"WheelchairBarrier":2,"WheelchairAccess":2,"ObstaclesType":null,"Gradient":0.00046919000000000003,"Direction":0,"PositionCertainty":1,"Enabled":1,"DataSource":1,"LevelSource":2,"StreetNameEN":"Nathan Road","StreetNameTC":"彌敦道","ST_CODE":11504,"FloorID":null,"BuildingID_1":null,"BuildingID_2":null,"SiteID":null,"TerminalID":null,"AccessTimeID":null,"CreationDate":1614441600000,"ModifiedBy":"LANDSD","LastAmendmentDate":1655654400000,"Shape__Length":89.089864913806437}},{"type":"Feature","id":339847,"geometry":{"type":"LineString","coordinates":[[114.16804027605215,22.317735727084056,4.3000000000029104],[114.16820400425313,22.317764799044202,4.3000000000029104]]},"properties":{"OBJECTID":339847,"PedestrianRouteID":240006198,"Location":2,"FeatureType":1,"AliasNameEN":"L1","AliasNameTC":"行人道","CrossingFeature":null,"WeatherProof":1,"WheelchairBarrier":2,"WheelchairAccess":2,"ObstaclesType":null,"Gradient":0,"Direction":0,"PositionCertainty":1,"Enabled":1,"DataSource":1,"LevelSource":2,"StreetNameEN":null,"StreetNameTC":null,"ST_CODE":null,"FloorID":240000055,"BuildingID_1":1108246362,"BuildingID_2":null,"SiteID":null,"TerminalID":null,"AccessTimeID":290000238,"CreationDate":1614441600000,"ModifiedBy":"LANDSD","LastAmendmentDate":1689609600000,"Shape__Length":17.173449377329636}},{"type":"Feature","id":339848,"geometry":{"type":"LineString","coordinates":[[114.171806140264,22.317471438212483,5.9186999999947147],[114.17175756964566,22.317463293811475,5.9296000000031199],[114.17172097598305,22.317429841526778,5.9798000000009779]]},"properties":{"OBJECTID":339848,"PedestrianRouteID":240006199,"Location":1,"FeatureType":23,"AliasNameEN":"Sai Yee Street Garden","AliasNameTC":"洗衣街花園","CrossingFeature":null,"WeatherProof":2,"WheelchairBarrier":2,"WheelchairAccess":2,"ObstaclesType":null,"Gradient":0.0058916799999999998,"Direction":0,"PositionCertainty":1,"Enabled":1,"DataSource":1,"LevelSource":2,"StreetNameEN":null,"StreetNameTC":null,"ST_CODE":null,"FloorID":null,"BuildingID_1":null,"BuildingID_2":null,"SiteID":1503005468,"TerminalID":null,"AccessTimeID":240000043,"CreationDate":1614441600000,"ModifiedBy":"LANDSD","LastAmendmentDate":1655654400000,"Shape__Length":10.370435183155333}},{"type":"Feature","id":339849,"geometry":{"type":"LineString","coordinates":[[114.1708917313167,22.32125362976722,6.6279999999969732],[114.17083780368169,22.321244011105225,4.8310000000055879]]},"properties":{"OBJECTID":339849,"PedestrianRouteID":240006200,"Location":1,"FeatureType":12,"AliasNameEN":"Mong Kok Road Staircase","AliasNameTC":"旺角道樓梯","CrossingFeature":null,"WeatherProof":1,"WheelchairBarrier":1,"WheelchairAccess":2,"ObstaclesType":null,"Gradient":0.30756667999999998,"Direction":0,"PositionCertainty":1,"Enabled":1,"DataSource":1,"LevelSource":9,"StreetNameEN":"Mong Kok Road","StreetNameTC":"旺角道","ST_CODE":11454,"FloorID":null,"BuildingID_1":null,"BuildingID_2":null,"SiteID":null,"TerminalID":null,"AccessTimeID":null,"CreationDate":1614441600000,"ModifiedBy":"LANDSD","LastAmendmentDate":1655654400000,"Shape__Length":5.6572307029342666}},{"type":"Feature","id":339850,"geometry":{"type":"LineString","coordinates":[[114.16889632642936,22.320673882400275,4.9241000000038184],[114.1687175290932,22.320642390196259,4.8986000000004424]]},"properties":{"OBJECTID":339850,"PedestrianRouteID":240006201,"Location":1,"FeatureType":1,"AliasNameEN":"Mong Kok Road","AliasNameTC":"旺角道","CrossingFeature":null,"WeatherProof":2,"WheelchairBarrier":2,"WheelchairAccess":2,"ObstaclesType":null,"Gradient":0.00136012,"Direction":0,"PositionCertainty":1,"Enabled":1,"DataSource":1,"LevelSource":12,"StreetNameEN":"Mong Kok Road","StreetNameTC":"旺角道","ST_CODE":11454,"FloorID":null,"BuildingID_1":null,"BuildingID_2":null,"SiteID":null,"TerminalID":null,"AccessTimeID":null,"CreationDate":1614441600000,"ModifiedBy":"LANDSD","LastAmendmentDate":1764518400000,"Shape__Length":18.748393682019952}},{"type":"Feature","id":339853,"geometry":{"type":"LineString","coordinates":[[114.17028111340643,22.318436326454872,5.3975999999966007],[114.17045681694019,22.318468112121458,5.4992999999958556]]},"properties":{"OBJECTID":339853,"PedestrianRouteID":240006204,"Location":1,"FeatureType":1,"AliasNameEN":"Nelson Street","AliasNameTC":"奶路臣街","CrossingFeature":null,"WeatherProof":2,"WheelchairBarrier":2,"WheelchairAccess":2,"ObstaclesType":null,"Gradient":0.0055145999999999997,"Direction":0,"PositionCertainty":1,"Enabled":1,"DataSource":1,"LevelSource":2,"StreetNameEN":"Nelson Street","StreetNameTC":"奶路臣街","ST_CODE":11506,"FloorID":null,"BuildingID_1":null,"BuildingID_2":null,"SiteID":null,"TerminalID":null,"AccessTimeID":null,"CreationDate":1614441600000,"ModifiedBy":"LANDSD","LastAmendmentDate":1655654400000,"Shape__Length":18.441755595096577}},{"type":"Feature","id":339854,"geometry":{"type":"LineString","coordinates":[[114.16753298554337,22.320834901282709,4.7980999999999767],[114.16756594019989,22.320840297142098,4.7945000000036089],[114.16757942635795,22.320773097659007,4.7924000000057276],[114.16764864834332,22.320739141146323,4.7804999999934807]]},"properties":{"OBJECTID":339854,"PedestrianRouteID":240006205,"Location":1,"FeatureType":1,"AliasNameEN":"Mong Kok Road Playground","AliasNameTC":"旺角道遊樂場","CrossingFeature":null,"WeatherProof":2,"WheelchairBarrier":2,"WheelchairAccess":2,"ObstaclesType":null,"Gradient":0.00092243999999999996,"Direction":0,"PositionCertainty":1,"Enabled":1,"DataSource":1,"LevelSource":2,"StreetNameEN":null,"StreetNameTC":null,"ST_CODE":null,"FloorID":null,"BuildingID_1":null,"BuildingID_2":null,"SiteID":1503005266,"TerminalID":null,"AccessTimeID":240000034,"CreationDate":1614441600000,"ModifiedBy":"LANDSD","LastAmendmentDate":1655654400000,"Shape__Length":19.079733756241865}},{"type":"Feature","id":339856,"geometry":{"type":"LineString","coordinates":[[114.17117312401118,22.320571318044113,6.0249999999941792],[114.17103901454662,22.320547873501972,5.9902000000001863]]},"properties":{"OBJECTID":339856,"PedestrianRouteID":240006207,"Location":1,"FeatureType":1,"AliasNameEN":"Fife Street","AliasNameTC":"快富街","CrossingFeature":null,"WeatherProof":2,"WheelchairBarrier":2,"WheelchairAccess":2,"ObstaclesType":null,"Gradient":0.0024753000000000002,"Direction":0,"PositionCertainty":1,"Enabled":1,"DataSource":1,"LevelSource":2,"StreetNameEN":"Fife Street","StreetNameTC":"快富街","ST_CODE":10485,"FloorID":null,"BuildingID_1":null,"BuildingID_2":null,"SiteID":null,"TerminalID":null,"AccessTimeID":null,"CreationDate":1614441600000,"ModifiedBy":"LANDSD","LastAmendmentDate":1655654400000,"Shape__Length":14.058881719723818}},{"type":"Feature","id":339858,"geometry":{"type":"LineString","coordinates":[[114.16964254405764,22.320835793284605,10.304000000003725],[114.16965314395375,22.320837766035627,10.304000000003725],[114.16965733216408,22.320817954003445,10.304000000003725]]},"properties":{"OBJECTID":339858,"PedestrianRouteID":240006209,"Location":1,"FeatureType":2,"AliasNameEN":"Mong Kok Road Footbridge","AliasNameTC":"旺角道天橋","CrossingFeature":null,"WeatherProof":1,"WheelchairBarrier":2,"WheelchairAccess":2,"ObstaclesType":null,"Gradient":0,"Direction":0,"PositionCertainty":1,"Enabled":1,"DataSource":1,"LevelSource":9,"StreetNameEN":"Mong Kok Road","StreetNameTC":"旺角道","ST_CODE":11454,"FloorID":null,"BuildingID_1":null,"BuildingID_2":null,"SiteID":null,"TerminalID":null,"AccessTimeID":null,"CreationDate":1614441600000,"ModifiedBy":"LANDSD","LastAmendmentDate":1658246400000,"Shape__Length":3.3496360744109541}},{"type":"Feature","id":339859,"geometry":{"type":"LineString","coordinates":[[114.16979504864872,22.319965636388314,5.0207999999984168],[114.16973871503572,22.320233463279475,5.1506999999983236],[114.16972951350557,22.320295312508073,5.0718999999953667]]},"properties":{"OBJECTID":339859,"PedestrianRouteID":240006210,"Location":1,"FeatureType":1,"AliasNameEN":"Sai Yeung Choi Street South","AliasNameTC":"西洋菜南街","CrossingFeature":null,"WeatherProof":2,"WheelchairBarrier":2,"WheelchairAccess":2,"ObstaclesType":null,"Gradient":0.00137608,"Direction":0,"PositionCertainty":1,"Enabled":1,"DataSource":1,"LevelSource":2,"StreetNameEN":"Sai Yeung Choi Street South","StreetNameTC":"西洋菜南街","ST_CODE":11864,"FloorID":null,"BuildingID_1":null,"BuildingID_2":null,"SiteID":null,"TerminalID":null,"AccessTimeID":null,"CreationDate":1614441600000,"ModifiedBy":"LANDSD","LastAmendmentDate":1655654400000,"Shape__Length":37.134466868811558}},{"type":"Feature","id":339860,"geometry":{"type":"LineString","coordinates":[[114.16904936451769,22.320205160488015,4.8745000000053551],[114.1690451898147,22.32022521723572,4.8558000000048196],[114.16903759282333,22.320261712208033,4.8217000000004191],[114.16903032106677,22.320296645805875,4.7890999999945052]]},"properties":{"OBJECTID":339860,"PedestrianRouteID":240006211,"Location":1,"FeatureType":1,"AliasNameEN":"Nathan Road","AliasNameTC":"彌敦道","CrossingFeature":null,"WeatherProof":2,"WheelchairBarrier":2,"WheelchairAccess":2,"ObstaclesType":null,"Gradient":0.0082759300000000008,"Direction":0,"PositionCertainty":1,"Enabled":1,"DataSource":1,"LevelSource":2,"StreetNameEN":"Nathan Road","StreetNameTC":"彌敦道","ST_CODE":11504,"FloorID":null,"BuildingID_1":null,"BuildingID_2":null,"SiteID":null,"TerminalID":null,"AccessTimeID":null,"CreationDate":1614441600000,"ModifiedBy":"LANDSD","LastAmendmentDate":1690819200000,"Shape__Length":10.318845128033001}},{"type":"Feature","id":339861,"geometry":{"type":"LineString","coordinates":[[114.16898225988675,22.317585331996554,4.1655999999929918],[114.16900576027258,22.31747012078273,4.361799999998766]]},"properties":{"OBJECTID":339861,"PedestrianRouteID":240006212,"Location":1,"FeatureType":1,"AliasNameEN":"Portland Street","AliasNameTC":"砵蘭街","CrossingFeature":null,"WeatherProof":2,"WheelchairBarrier":2,"WheelchairAccess":2,"ObstaclesType":null,"Gradient":0.015107890000000001,"Direction":0,"PositionCertainty":1,"Enabled":1,"DataSource":1,"LevelSource":2,"StreetNameEN":"Portland Street","StreetNameTC":"砵蘭街","ST_CODE":11777,"FloorID":null,"BuildingID_1":null,"BuildingID_2":null,"SiteID":null,"TerminalID":null,"AccessTimeID":null,"CreationDate":1614441600000,"ModifiedBy":"LANDSD","LastAmendmentDate":1655654400000,"Shape__Length":12.985602348356981}},{"type":"Feature","id":339862,"geometry":{"type":"LineString","coordinates":[[114.16788399254251,22.321784207854758,4.9756000000052154],[114.16811362359707,22.321824126547806,5.0391999999992549]]},"properties":{"OBJECTID":339862,"PedestrianRouteID":240006213,"Location":1,"FeatureType":1,"AliasNameEN":"Bute Street","AliasNameTC":"弼街","CrossingFeature":null,"WeatherProof":2,"WheelchairBarrier":2,"WheelchairAccess":2,"ObstaclesType":null,"Gradient":0.0026425300000000001,"Direction":0,"PositionCertainty":1,"Enabled":1,"DataSource":1,"LevelSource":2,"StreetNameEN":"Bute Street","StreetNameTC":"弼街","ST_CODE":10100,"FloorID":null,"BuildingID_1":null,"BuildingID_2":null,"SiteID":null,"TerminalID":null,"AccessTimeID":null,"CreationDate":1614441600000,"ModifiedBy":"LANDSD","LastAmendmentDate":1655654400000,"Shape__Length":24.067756749679308}},{"type":"Feature","id":339863,"geometry":{"type":"LineString","coordinates":[[114.16963069605048,22.320813163899494,10.304000000003725],[114.16966114153502,22.320671029134775,5.1655999999929918]]},"properties":{"OBJECTID":339863,"PedestrianRouteID":240006214,"Location":1,"FeatureType":8,"AliasNameEN":"Mong Kok Road Escalator","AliasNameTC":"旺角道扶手電梯","CrossingFeature":null,"WeatherProof":1,"WheelchairBarrier":1,"WheelchairAccess":2,"ObstaclesType":null,"Gradient":0.30986072999999997,"Direction":-1,"PositionCertainty":1,"Enabled":1,"DataSource":1,"LevelSource":9,"StreetNameEN":"Mong Kok Road","StreetNameTC":"旺角道","ST_CODE":11454,"FloorID":null,"BuildingID_1":null,"BuildingID_2":null,"SiteID":null,"TerminalID":null,"AccessTimeID":null,"CreationDate":1614441600000,"ModifiedBy":"LANDSD","LastAmendmentDate":1658246400000,"Shape__Length":16.048775914072476}},{"type":"Feature","id":339864,"geometry":{"type":"LineString","coordinates":[[114.1698931205472,22.318444212091279,4.8347000000067055],[114.17009579838466,22.318481608203548,4.9541000000026543]]},"properties":{"OBJECTID":339864,"PedestrianRouteID":240006215,"Location":1,"FeatureType":1,"AliasNameEN":"Nelson Street","AliasNameTC":"奶路臣街","CrossingFeature":null,"WeatherProof":2,"WheelchairBarrier":2,"WheelchairAccess":2,"ObstaclesType":null,"Gradient":0.0056085900000000001,"Direction":0,"PositionCertainty":1,"Enabled":1,"DataSource":1,"LevelSource":2,"StreetNameEN":"Nelson Street","StreetNameTC":"奶路臣街","ST_CODE":11506,"FloorID":null,"BuildingID_1":null,"BuildingID_2":null,"SiteID":null,"TerminalID":null,"AccessTimeID":null,"CreationDate":1614441600000,"ModifiedBy":"LANDSD","LastAmendmentDate":1689609600000,"Shape__Length":21.288553929881147}},{"type":"Feature","id":339865,"geometry":{"type":"LineString","coordinates":[[114.16934472694463,22.318287757921187,4.7544999999954598],[114.16941264812148,22.318300148310392,4.7789999999949941]]},"properties":{"OBJECTID":339865,"PedestrianRouteID":240006216,"Location":1,"FeatureType":1,"AliasNameEN":"Nelson Street","AliasNameTC":"奶路臣街","CrossingFeature":null,"WeatherProof":2,"WheelchairBarrier":2,"WheelchairAccess":2,"ObstaclesType":null,"Gradient":0.00098638999999999997,"Direction":0,"PositionCertainty":1,"Enabled":1,"DataSource":1,"LevelSource":2,"StreetNameEN":"Nelson Street","StreetNameTC":"奶路臣街","ST_CODE":11506,"FloorID":null,"BuildingID_1":null,"BuildingID_2":null,"SiteID":null,"TerminalID":null,"AccessTimeID":null,"CreationDate":1614441600000,"ModifiedBy":"LANDSD","LastAmendmentDate":1712851200000,"Shape__Length":7.1311685507002007}},{"type":"Feature","id":339868,"geometry":{"type":"LineString","coordinates":[[114.17179702651964,22.317199737075931,6.1872000000003027],[114.17177196097624,22.317261154288062,6.1873999999952503],[114.17177555577143,22.317267845169315,6.1818000000057509]]},"properties":{"OBJECTID":339868,"PedestrianRouteID":240006219,"Location":1,"FeatureType":23,"AliasNameEN":"Sai Yee Street Garden","AliasNameTC":"洗衣街花園","CrossingFeature":null,"WeatherProof":2,"WheelchairBarrier":2,"WheelchairAccess":2,"ObstaclesType":null,"Gradient":0.00066640999999999998,"Direction":0,"PositionCertainty":1,"Enabled":1,"DataSource":1,"LevelSource":2,"StreetNameEN":null,"StreetNameTC":null,"ST_CODE":null,"FloorID":null,"BuildingID_1":null,"BuildingID_2":null,"SiteID":1503005468,"TerminalID":null,"AccessTimeID":240000043,"CreationDate":1614441600000,"ModifiedBy":"LANDSD","LastAmendmentDate":1655654400000,"Shape__Length":8.1031647249769918}},{"type":"Feature","id":339869,"geometry":{"type":"LineString","coordinates":[[114.17066551911884,22.318490242439772,5.6600000000034925],[114.17066244168456,22.318505311677288,5.6631999999954132]]},"properties":{"OBJECTID":339869,"PedestrianRouteID":240006220,"Location":1,"FeatureType":1,"AliasNameEN":"Tung Choi Street","AliasNameTC":"通菜街","CrossingFeature":null,"WeatherProof":3,"WheelchairBarrier":2,"WheelchairAccess":2,"ObstaclesType":null,"Gradient":0.00188397,"Direction":0,"PositionCertainty":1,"Enabled":1,"DataSource":1,"LevelSource":2,"StreetNameEN":"Tung Choi Street","StreetNameTC":"通菜街","ST_CODE":12513,"FloorID":null,"BuildingID_1":null,"BuildingID_2":null,"SiteID":null,"TerminalID":null,"AccessTimeID":null,"CreationDate":1614441600000,"ModifiedBy":"LANDSD","LastAmendmentDate":1655654400000,"Shape__Length":1.6985431083084972}},{"type":"Feature","id":339875,"geometry":{"type":"LineString","coordinates":[[114.17103901454662,22.320547873501972,5.9902000000001863],[114.17097007493051,22.320535821504507,5.8726000000024214]]},"properties":{"OBJECTID":339875,"PedestrianRouteID":240006227,"Location":1,"FeatureType":1,"AliasNameEN":"Fife Street","AliasNameTC":"快富街","CrossingFeature":null,"WeatherProof":2,"WheelchairBarrier":2,"WheelchairAccess":2,"ObstaclesType":null,"Gradient":0.016270779999999999,"Direction":0,"PositionCertainty":1,"Enabled":1,"DataSource":1,"LevelSource":2,"StreetNameEN":"Fife Street","StreetNameTC":"快富街","ST_CODE":10485,"FloorID":null,"BuildingID_1":null,"BuildingID_2":null,"SiteID":null,"TerminalID":null,"AccessTimeID":null,"CreationDate":1614441600000,"ModifiedBy":"LANDSD","LastAmendmentDate":1655654400000,"Shape__Length":7.2270411873655647}},{"type":"Feature","id":339877,"geometry":{"type":"LineString","coordinates":[[114.17139615854303,22.317758500426969,5.8171000000002095],[114.17140536024901,22.317719018968237,5.8613999999943189]]},"properties":{"OBJECTID":339877,"PedestrianRouteID":240006230,"Location":1,"FeatureType":1,"AliasNameEN":"Fa Yuen Street","AliasNameTC":"花園街","CrossingFeature":null,"WeatherProof":2,"WheelchairBarrier":2,"WheelchairAccess":2,"ObstaclesType":null,"Gradient":0.0099022599999999995,"Direction":0,"PositionCertainty":1,"Enabled":1,"DataSource":1,"LevelSource":2,"StreetNameEN":"Fa Yuen Street","StreetNameTC":"花園街","ST_CODE":10419,"FloorID":null,"BuildingID_1":null,"BuildingID_2":null,"SiteID":null,"TerminalID":null,"AccessTimeID":null,"CreationDate":1614441600000,"ModifiedBy":"LANDSD","LastAmendmentDate":1655654400000,"Shape__Length":4.4735778081703144}},{"type":"Feature","id":339878,"geometry":{"type":"LineString","coordinates":[[114.17134099784835,22.318711375420541,5.3540000000066357],[114.171339285402,22.318719603137808,5.3429999999934807]]},"properties":{"OBJECTID":339878,"PedestrianRouteID":240006231,"Location":1,"FeatureType":1,"AliasNameEN":"Fa Yuen Street","AliasNameTC":"花園街","CrossingFeature":null,"WeatherProof":2,"WheelchairBarrier":2,"WheelchairAccess":2,"ObstaclesType":null,"Gradient":0.011852639999999999,"Direction":0,"PositionCertainty":1,"Enabled":1,"DataSource":1,"LevelSource":12,"StreetNameEN":"Fa Yuen Street","StreetNameTC":"花園街","ST_CODE":10419,"FloorID":null,"BuildingID_1":null,"BuildingID_2":null,"SiteID":null,"TerminalID":null,"AccessTimeID":null,"CreationDate":1614441600000,"ModifiedBy":"LANDSD","LastAmendmentDate":1689264000000,"Shape__Length":0.92801948812599167}},{"type":"Feature","id":339881,"geometry":{"type":"LineString","coordinates":[[114.17077127323594,22.321469039251205,6.1511999999929685],[114.17097164663102,22.321505467896451,6.1757999999972526]]},"properties":{"OBJECTID":339881,"PedestrianRouteID":240006234,"Location":1,"FeatureType":5,"AliasNameEN":"Lane between   and Chung Lee Building","AliasNameTC":" 與忠利大廈之間的小巷","CrossingFeature":null,"WeatherProof":2,"WheelchairBarrier":1,"WheelchairAccess":2,"ObstaclesType":null,"Gradient":0.0011695099999999999,"Direction":0,"PositionCertainty":1,"Enabled":1,"DataSource":1,"LevelSource":2,"StreetNameEN":null,"StreetNameTC":null,"ST_CODE":800529,"FloorID":null,"BuildingID_1":null,"BuildingID_2":1108233189,"SiteID":null,"TerminalID":null,"AccessTimeID":null,"CreationDate":1614441600000,"ModifiedBy":"LANDSD","LastAmendmentDate":1676390400000,"Shape__Length":21.034469074506909}},{"type":"Feature","id":339882,"geometry":{"type":"LineString","coordinates":[[114.17170452012246,22.31696755120845,5.9670999999943888],[114.17156160224008,22.317664967873434,5.7924000000057276],[114.17154550793994,22.317743950751034,5.8377999999938766]]},"properties":{"OBJECTID":339882,"PedestrianRouteID":240006235,"Location":1,"FeatureType":1,"AliasNameEN":"Fa Yuen Street","AliasNameTC":"花園街","CrossingFeature":null,"WeatherProof":2,"WheelchairBarrier":2,"WheelchairAccess":2,"ObstaclesType":null,"Gradient":0.0014773500000000001,"Direction":0,"PositionCertainty":1,"Enabled":1,"DataSource":1,"LevelSource":2,"StreetNameEN":"Fa Yuen Street","StreetNameTC":"花園街","ST_CODE":10419,"FloorID":null,"BuildingID_1":null,"BuildingID_2":null,"SiteID":null,"TerminalID":null,"AccessTimeID":null,"CreationDate":1614441600000,"ModifiedBy":"LANDSD","LastAmendmentDate":1655654400000,"Shape__Length":87.521398165946025}},{"type":"Feature","id":339883,"geometry":{"type":"LineString","coordinates":[[114.1680033620149,22.320093543868591,5.2384000000020023],[114.16799883476541,22.32011474384354,5.2290999999968335]]},"properties":{"OBJECTID":339883,"PedestrianRouteID":240006236,"Location":1,"FeatureType":1,"AliasNameEN":"Shanghai Street","AliasNameTC":"上海街","CrossingFeature":null,"WeatherProof":2,"WheelchairBarrier":2,"WheelchairAccess":2,"ObstaclesType":null,"Gradient":0.0038855700000000001,"Direction":0,"PositionCertainty":1,"Enabled":1,"DataSource":1,"LevelSource":2,"StreetNameEN":"Shanghai Street","StreetNameTC":"上海街","ST_CODE":11984,"FloorID":null,"BuildingID_1":null,"BuildingID_2":null,"SiteID":null,"TerminalID":null,"AccessTimeID":null,"CreationDate":1614441600000,"ModifiedBy":"LANDSD","LastAmendmentDate":1655654400000,"Shape__Length":2.3934622308090066}},{"type":"Feature","id":339884,"geometry":{"type":"LineString","coordinates":[[114.17162260871676,22.320349931855688,5.9331999999994878],[114.17170683885041,22.319945713430499,5.7424000000028173]]},"properties":{"OBJECTID":339884,"PedestrianRouteID":240006237,"Location":1,"FeatureType":1,"AliasNameEN":"Sai Yee Street","AliasNameTC":"洗衣街","CrossingFeature":null,"WeatherProof":2,"WheelchairBarrier":2,"WheelchairAccess":2,"ObstaclesType":null,"Gradient":0.0041846899999999996,"Direction":0,"PositionCertainty":1,"Enabled":1,"DataSource":1,"LevelSource":2,"StreetNameEN":"Sai Yee Street","StreetNameTC":"洗衣街","ST_CODE":11861,"FloorID":null,"BuildingID_1":null,"BuildingID_2":null,"SiteID":null,"TerminalID":null,"AccessTimeID":null,"CreationDate":1614441600000,"ModifiedBy":"LANDSD","LastAmendmentDate":1655654400000,"Shape__Length":45.59448832037846}},{"type":"Feature","id":339886,"geometry":{"type":"LineString","coordinates":[[114.16764112482588,22.317957128850374,4.0464000000065425],[114.16779359581922,22.31722521480912,3.9342999999935273]]},"properties":{"OBJECTID":339886,"PedestrianRouteID":240006239,"Location":1,"FeatureType":5,"AliasNameEN":"Lane between Nelson Street Substation and  ","AliasNameTC":"奶路臣街變電站與 之間的小巷","CrossingFeature":null,"WeatherProof":2,"WheelchairBarrier":1,"WheelchairAccess":2,"ObstaclesType":null,"Gradient":0.0013578500000000001,"Direction":0,"PositionCertainty":1,"Enabled":1,"DataSource":1,"LevelSource":2,"StreetNameEN":null,"StreetNameTC":null,"ST_CODE":800566,"FloorID":null,"BuildingID_1":null,"BuildingID_2":1108235876,"SiteID":null,"TerminalID":null,"AccessTimeID":null,"CreationDate":1614441600000,"ModifiedBy":"LANDSD","LastAmendmentDate":1676390400000,"Shape__Length":82.556634252975499}},{"type":"Feature","id":339889,"geometry":{"type":"LineString","coordinates":[[114.16884072510898,22.319108143573381,4.6524000000063097],[114.16900984087859,22.319137755913474,4.6107000000047265]]},"properties":{"OBJECTID":339889,"PedestrianRouteID":240006242,"Location":1,"FeatureType":1,"AliasNameEN":"Argyle Street","AliasNameTC":"亞皆老街","CrossingFeature":null,"WeatherProof":2,"WheelchairBarrier":2,"WheelchairAccess":2,"ObstaclesType":null,"Gradient":0.0023519700000000001,"Direction":0,"PositionCertainty":1,"Enabled":1,"DataSource":1,"LevelSource":2,"StreetNameEN":"Argyle Street","StreetNameTC":"亞皆老街","ST_CODE":10027,"FloorID":null,"BuildingID_1":null,"BuildingID_2":null,"SiteID":null,"TerminalID":null,"AccessTimeID":null,"CreationDate":1614441600000,"ModifiedBy":"LANDSD","LastAmendmentDate":1655654400000,"Shape__Length":17.729801354091894}},{"type":"Feature","id":339890,"geometry":{"type":"LineString","coordinates":[[114.1687354297472,22.319333501353597,4.6573000000062166],[114.16875554418026,22.319337102854522,4.6821999999956461]]},"properties":{"OBJECTID":339890,"PedestrianRouteID":240006243,"Location":1,"FeatureType":1,"AliasNameEN":"Argyle Street","AliasNameTC":"亞皆老街","CrossingFeature":null,"WeatherProof":2,"WheelchairBarrier":2,"WheelchairAccess":2,"ObstaclesType":null,"Gradient":0.01179814,"Direction":0,"PositionCertainty":1,"Enabled":1,"DataSource":1,"LevelSource":2,"StreetNameEN":"Argyle Street","StreetNameTC":"亞皆老街","ST_CODE":10027,"FloorID":null,"BuildingID_1":null,"BuildingID_2":null,"SiteID":null,"TerminalID":null,"AccessTimeID":null,"CreationDate":1614441600000,"ModifiedBy":"LANDSD","LastAmendmentDate":1655654400000,"Shape__Length":2.1104036226159151}},{"type":"Feature","id":339891,"geometry":{"type":"LineString","coordinates":[[114.17172097598305,22.317429841526778,5.9798000000009779],[114.17170300146844,22.317384444150221,6.0329000000056112]]},"properties":{"OBJECTID":339891,"PedestrianRouteID":240006245,"Location":1,"FeatureType":23,"AliasNameEN":"Sai Yee Street Garden","AliasNameTC":"洗衣街花園","CrossingFeature":null,"WeatherProof":2,"WheelchairBarrier":2,"WheelchairAccess":2,"ObstaclesType":null,"Gradient":0.0099113299999999994,"Direction":0,"PositionCertainty":1,"Enabled":1,"DataSource":1,"LevelSource":2,"StreetNameEN":null,"StreetNameTC":null,"ST_CODE":null,"FloorID":null,"BuildingID_1":null,"BuildingID_2":null,"SiteID":1503005468,"TerminalID":null,"AccessTimeID":240000043,"CreationDate":1614441600000,"ModifiedBy":"LANDSD","LastAmendmentDate":1655654400000,"Shape__Length":5.3573317440911321}},{"type":"Feature","id":339892,"geometry":{"type":"LineString","coordinates":[[114.17159997855731,22.318488898107486,5.6073000000033062],[114.17139866197954,22.318453226958489,5.5227000000013504]]},"properties":{"OBJECTID":339892,"PedestrianRouteID":240006246,"Location":1,"FeatureType":5,"AliasNameEN":"Lane between The Platinum and  ","AliasNameTC":"金國中心與 之間的小巷","CrossingFeature":null,"WeatherProof":2,"WheelchairBarrier":1,"WheelchairAccess":2,"ObstaclesType":null,"Gradient":0.0040067200000000001,"Direction":0,"PositionCertainty":1,"Enabled":1,"DataSource":1,"LevelSource":2,"StreetNameEN":null,"StreetNameTC":null,"ST_CODE":800559,"FloorID":null,"BuildingID_1":null,"BuildingID_2":1109261303,"SiteID":null,"TerminalID":null,"AccessTimeID":null,"CreationDate":1614441600000,"ModifiedBy":"LANDSD","LastAmendmentDate":1676390400000,"Shape__Length":21.114431977484934}},{"type":"Feature","id":339894,"geometry":{"type":"LineString","coordinates":[[114.16974445880514,22.321911194102242,5.8693999999959487],[114.16994779583719,22.321947896864312,5.9769999999989523]]},"properties":{"OBJECTID":339894,"PedestrianRouteID":240006248,"Location":1,"FeatureType":5,"AliasNameEN":"Lane between   and  ","AliasNameTC":"鴻添大樓與 之間的小巷","CrossingFeature":null,"WeatherProof":2,"WheelchairBarrier":1,"WheelchairAccess":2,"ObstaclesType":null,"Gradient":0.0050421499999999996,"Direction":0,"PositionCertainty":1,"Enabled":1,"DataSource":1,"LevelSource":2,"StreetNameEN":null,"StreetNameTC":null,"ST_CODE":800531,"FloorID":null,"BuildingID_1":null,"BuildingID_2":1108232711,"SiteID":null,"TerminalID":null,"AccessTimeID":null,"CreationDate":1614441600000,"ModifiedBy":"LANDSD","LastAmendmentDate":1676390400000,"Shape__Length":21.339914646814464}},{"type":"Feature","id":339895,"geometry":{"type":"LineString","coordinates":[[114.1699783706829,22.319750826277787,5.1107999999949243],[114.17018641792394,22.31978655996576,5.3656000000046333]]},"properties":{"OBJECTID":339895,"PedestrianRouteID":240006249,"Location":1,"FeatureType":5,"AliasNameEN":"Lane between   and  ","AliasNameTC":" 與 之間的小巷","CrossingFeature":null,"WeatherProof":2,"WheelchairBarrier":1,"WheelchairAccess":2,"ObstaclesType":null,"Gradient":0.011689099999999999,"Direction":0,"PositionCertainty":1,"Enabled":1,"DataSource":1,"LevelSource":2,"StreetNameEN":null,"StreetNameTC":null,"ST_CODE":800541,"FloorID":null,"BuildingID_1":null,"BuildingID_2":1108234587,"SiteID":null,"TerminalID":null,"AccessTimeID":null,"CreationDate":1614441600000,"ModifiedBy":"LANDSD","LastAmendmentDate":1676390400000,"Shape__Length":21.797097238553633}},{"type":"Feature","id":339896,"geometry":{"type":"LineString","coordinates":[[114.17174309225418,22.318833901199373,5.5791999999928521],[114.1717529280325,22.318786061930265,5.3739999999961583]]},"properties":{"OBJECTID":339896,"PedestrianRouteID":240006250,"Location":1,"FeatureType":1,"AliasNameEN":"Sai Yee Street","AliasNameTC":"洗衣街","CrossingFeature":null,"WeatherProof":2,"WheelchairBarrier":2,"WheelchairAccess":2,"ObstaclesType":null,"Gradient":0.011142539999999999,"Direction":0,"PositionCertainty":1,"Enabled":1,"DataSource":1,"LevelSource":2,"StreetNameEN":"Sai Yee Street","StreetNameTC":"洗衣街","ST_CODE":11861,"FloorID":null,"BuildingID_1":null,"BuildingID_2":null,"SiteID":null,"TerminalID":null,"AccessTimeID":null,"CreationDate":1614441600000,"ModifiedBy":"LANDSD","LastAmendmentDate":1689264000000,"Shape__Length":5.3935220851999812}},{"type":"Feature","id":339897,"geometry":{"type":"LineString","coordinates":[[114.1697044717011,22.320414852985522,5.063800000003539],[114.16969201411619,22.320412569503578,5.1281000000017229]]},"properties":{"OBJECTID":339897,"PedestrianRouteID":240006251,"Location":1,"FeatureType":1,"AliasNameEN":"Sai Yeung Choi Street South","AliasNameTC":"西洋菜南街","CrossingFeature":null,"WeatherProof":2,"WheelchairBarrier":2,"WheelchairAccess":2,"ObstaclesType":null,"Gradient":0.049113520000000001,"Direction":0,"PositionCertainty":1,"Enabled":1,"DataSource":1,"LevelSource":2,"StreetNameEN":"Sai Yeung Choi Street South","StreetNameTC":"西洋菜南街","ST_CODE":11864,"FloorID":null,"BuildingID_1":null,"BuildingID_2":null,"SiteID":null,"TerminalID":null,"AccessTimeID":null,"CreationDate":1614441600000,"ModifiedBy":"LANDSD","LastAmendmentDate":1761580800000,"Shape__Length":1.3081590458464949}},{"type":"Feature","id":339898,"geometry":{"type":"LineString","coordinates":[[114.16826379026044,22.317194212102205,3.900500000003376],[114.16843302679747,22.317224976457581,4.0053000000043539]]},"properties":{"OBJECTID":339898,"PedestrianRouteID":240006252,"Location":1,"FeatureType":1,"AliasNameEN":"Shantung Street","AliasNameTC":"山東街","CrossingFeature":null,"WeatherProof":2,"WheelchairBarrier":2,"WheelchairAccess":2,"ObstaclesType":null,"Gradient":0.0058987500000000003,"Direction":0,"PositionCertainty":1,"Enabled":1,"DataSource":1,"LevelSource":2,"StreetNameEN":"Shantung Street","StreetNameTC":"山東街","ST_CODE":11986,"FloorID":null,"BuildingID_1":null,"BuildingID_2":null,"SiteID":null,"TerminalID":null,"AccessTimeID":null,"CreationDate":1614441600000,"ModifiedBy":"LANDSD","LastAmendmentDate":1655654400000,"Shape__Length":17.7662822993166}},{"type":"Feature","id":339900,"geometry":{"type":"LineString","coordinates":[[114.17174619924371,22.318696553169524,5.3037999999942258],[114.17156476769843,22.31866399479296,5.2817999999970198]]},"properties":{"OBJECTID":339900,"PedestrianRouteID":240006254,"Location":1,"FeatureType":1,"AliasNameEN":"Nelson Street","AliasNameTC":"奶路臣街","CrossingFeature":null,"WeatherProof":2,"WheelchairBarrier":2,"WheelchairAccess":2,"ObstaclesType":null,"Gradient":0.00115562,"Direction":0,"PositionCertainty":1,"Enabled":1,"DataSource":1,"LevelSource":2,"StreetNameEN":"Nelson Street","StreetNameTC":"奶路臣街","ST_CODE":11506,"FloorID":null,"BuildingID_1":null,"BuildingID_2":null,"SiteID":null,"TerminalID":null,"AccessTimeID":null,"CreationDate":1614441600000,"ModifiedBy":"LANDSD","LastAmendmentDate":1655654400000,"Shape__Length":19.037387191585776}},{"type":"Feature","id":339901,"geometry":{"type":"LineString","coordinates":[[114.1680900616915,22.318788801978592,4.3282999999937601],[114.16810667028186,22.318791876887541,4.6796999999933178]]},"properties":{"OBJECTID":339901,"PedestrianRouteID":240006255,"Location":1,"FeatureType":1,"AliasNameEN":"Shanghai Street","AliasNameTC":"上海街","CrossingFeature":null,"WeatherProof":2,"WheelchairBarrier":2,"WheelchairAccess":2,"ObstaclesType":null,"Gradient":0.19874778000000001,"Direction":0,"PositionCertainty":1,"Enabled":1,"DataSource":1,"LevelSource":2,"StreetNameEN":"Shanghai Street","StreetNameTC":"上海街","ST_CODE":11984,"FloorID":null,"BuildingID_1":null,"BuildingID_2":null,"SiteID":null,"TerminalID":null,"AccessTimeID":null,"CreationDate":1614441600000,"ModifiedBy":"LANDSD","LastAmendmentDate":1655654400000,"Shape__Length":1.7447285184698891}},{"type":"Feature","id":339902,"geometry":{"type":"LineString","coordinates":[[114.17020346215706,22.321358830267133,5.6787999999942258],[114.17023873610235,22.321193043576105,10.304000000003725]]},"properties":{"OBJECTID":339902,"PedestrianRouteID":240006256,"Location":1,"FeatureType":8,"AliasNameEN":"Mong Kok Road Escalator","AliasNameTC":"旺角道扶手電梯","CrossingFeature":null,"WeatherProof":1,"WheelchairBarrier":1,"WheelchairAccess":2,"ObstaclesType":null,"Gradient":0.24228885,"Direction":1,"PositionCertainty":1,"Enabled":1,"DataSource":1,"LevelSource":9,"StreetNameEN":"Mong Kok Road","StreetNameTC":"旺角道","ST_CODE":11454,"FloorID":null,"BuildingID_1":null,"BuildingID_2":null,"SiteID":null,"TerminalID":null,"AccessTimeID":null,"CreationDate":1614441600000,"ModifiedBy":"LANDSD","LastAmendmentDate":1655654400000,"Shape__Length":18.714596383868564}},{"type":"Feature","id":339903,"geometry":{"type":"LineString","coordinates":[[114.17102130578472,22.321276743747223,10.304000000003725],[114.17104501761237,22.321280899570585,10.304000000003725]]},"properties":{"OBJECTID":339903,"PedestrianRouteID":240006257,"Location":1,"FeatureType":2,"AliasNameEN":"Mong Kok Road Footbridge","AliasNameTC":"旺角道天橋","CrossingFeature":null,"WeatherProof":1,"WheelchairBarrier":2,"WheelchairAccess":2,"ObstaclesType":null,"Gradient":0,"Direction":0,"PositionCertainty":1,"Enabled":1,"DataSource":1,"LevelSource":9,"StreetNameEN":"Mong Kok Road","StreetNameTC":"旺角道","ST_CODE":11454,"FloorID":null,"BuildingID_1":null,"BuildingID_2":null,"SiteID":null,"TerminalID":null,"AccessTimeID":null,"CreationDate":1614441600000,"ModifiedBy":"LANDSD","LastAmendmentDate":1759420800000,"Shape__Length":2.4859487143786358}},{"type":"Feature","id":339904,"geometry":{"type":"LineString","coordinates":[[114.16906105918028,22.317208665091833,4.2329000000027008],[114.16903970268186,22.317310326010098,4.229300000006333]]},"properties":{"OBJECTID":339904,"PedestrianRouteID":240006258,"Location":1,"FeatureType":1,"AliasNameEN":"Portland Street","AliasNameTC":"砵蘭街","CrossingFeature":null,"WeatherProof":2,"WheelchairBarrier":2,"WheelchairAccess":2,"ObstaclesType":null,"Gradient":0.00031385000000000001,"Direction":0,"PositionCertainty":1,"Enabled":1,"DataSource":1,"LevelSource":2,"StreetNameEN":"Portland Street","StreetNameTC":"砵蘭街","ST_CODE":11777,"FloorID":null,"BuildingID_1":null,"BuildingID_2":null,"SiteID":null,"TerminalID":null,"AccessTimeID":null,"CreationDate":1614441600000,"ModifiedBy":"LANDSD","LastAmendmentDate":1655654400000,"Shape__Length":11.470415262531988}},{"type":"Feature","id":339905,"geometry":{"type":"LineString","coordinates":[[114.17041614848667,22.320437908004433,5.6453000000037719],[114.17045985055631,22.320445592956101,5.7424999999930151]]},"properties":{"OBJECTID":339905,"PedestrianRouteID":240006259,"Location":1,"FeatureType":1,"AliasNameEN":"Fife Street","AliasNameTC":"快富街","CrossingFeature":null,"WeatherProof":2,"WheelchairBarrier":2,"WheelchairAccess":2,"ObstaclesType":null,"Gradient":0.021208979999999999,"Direction":0,"PositionCertainty":1,"Enabled":1,"DataSource":1,"LevelSource":2,"StreetNameEN":"Fife Street","StreetNameTC":"快富街","ST_CODE":10485,"FloorID":null,"BuildingID_1":null,"BuildingID_2":null,"SiteID":null,"TerminalID":null,"AccessTimeID":null,"CreationDate":1614441600000,"ModifiedBy":"LANDSD","LastAmendmentDate":1655654400000,"Shape__Length":4.5822775344127242}},{"type":"Feature","id":339907,"geometry":{"type":"LineString","coordinates":[[114.16895384243934,22.318272087577355,4.4778999999980442],[114.16881611197137,22.318935030371986,4.5764000000053784],[114.16879068647563,22.318965852339744,4.5598000000027241],[114.1687660564878,22.319087555539468,4.6138000000064494]]},"properties":{"OBJECTID":339907,"PedestrianRouteID":240006261,"Location":1,"FeatureType":1,"AliasNameEN":"Portland Street","AliasNameTC":"砵蘭街","CrossingFeature":null,"WeatherProof":2,"WheelchairBarrier":2,"WheelchairAccess":2,"ObstaclesType":null,"Gradient":0.00146466,"Direction":0,"PositionCertainty":1,"Enabled":1,"DataSource":1,"LevelSource":2,"StreetNameEN":"Portland Street","StreetNameTC":"砵蘭街","ST_CODE":11777,"FloorID":null,"BuildingID_1":null,"BuildingID_2":null,"SiteID":null,"TerminalID":null,"AccessTimeID":null,"CreationDate":1614441600000,"ModifiedBy":"LANDSD","LastAmendmentDate":1655654400000,"Shape__Length":92.785739036577468}},{"type":"Feature","id":339908,"geometry":{"type":"LineString","coordinates":[[114.16820534893144,22.319211326202833,4.7816000000020722],[114.1681814541047,22.319207013724224,4.7985000000044238]]},"properties":{"OBJECTID":339908,"PedestrianRouteID":240006262,"Location":1,"FeatureType":1,"AliasNameEN":"Argyle Street","AliasNameTC":"亞皆老街","CrossingFeature":null,"WeatherProof":2,"WheelchairBarrier":2,"WheelchairAccess":2,"ObstaclesType":null,"Gradient":0.0067389800000000003,"Direction":0,"PositionCertainty":1,"Enabled":1,"DataSource":1,"LevelSource":2,"StreetNameEN":"Argyle Street","StreetNameTC":"亞皆老街","ST_CODE":10027,"FloorID":null,"BuildingID_1":null,"BuildingID_2":null,"SiteID":null,"TerminalID":null,"AccessTimeID":null,"CreationDate":1614441600000,"ModifiedBy":"LANDSD","LastAmendmentDate":1655654400000,"Shape__Length":2.5077604294620492}},{"type":"Feature","id":339909,"geometry":{"type":"LineString","coordinates":[[114.17038113492069,22.31712095730175,4.9521999999997206],[114.17029558034899,22.31753340290113,5.0083000000013271]]},"properties":{"OBJECTID":339909,"PedestrianRouteID":240006263,"Location":1,"FeatureType":1,"AliasNameEN":"Sai Yeung Choi Street South","AliasNameTC":"西洋菜南街","CrossingFeature":null,"WeatherProof":2,"WheelchairBarrier":2,"WheelchairAccess":2,"ObstaclesType":null,"Gradient":0.00116244,"Direction":0,"PositionCertainty":1,"Enabled":1,"DataSource":1,"LevelSource":2,"StreetNameEN":"Sai Yeung Choi Street South","StreetNameTC":"西洋菜南街","ST_CODE":11864,"FloorID":null,"BuildingID_1":null,"BuildingID_2":null,"SiteID":null,"TerminalID":null,"AccessTimeID":null,"CreationDate":1614441600000,"ModifiedBy":"LANDSD","LastAmendmentDate":1766073600000,"Shape__Length":46.514874669852531}},{"type":"Feature","id":339910,"geometry":{"type":"LineString","coordinates":[[114.16951372993665,22.319235166268527,4.8490000000019791],[114.16952486161901,22.319180758341084,4.850800000000163]]},"properties":{"OBJECTID":339910,"PedestrianRouteID":240006264,"Location":1,"FeatureType":1,"AliasNameEN":"Nathan Road","AliasNameTC":"彌敦道","CrossingFeature":null,"WeatherProof":2,"WheelchairBarrier":2,"WheelchairAccess":2,"ObstaclesType":null,"Gradient":0.00029348999999999998,"Direction":0,"PositionCertainty":1,"Enabled":1,"DataSource":1,"LevelSource":2,"StreetNameEN":"Nathan Road","StreetNameTC":"彌敦道","ST_CODE":11504,"FloorID":null,"BuildingID_1":null,"BuildingID_2":null,"SiteID":null,"TerminalID":null,"AccessTimeID":null,"CreationDate":1614441600000,"ModifiedBy":"LANDSD","LastAmendmentDate":1655654400000,"Shape__Length":6.1330344490505242}},{"type":"Feature","id":339911,"geometry":{"type":"LineString","coordinates":[[114.16986914373908,22.321308012855162,5.5715999999956694],[114.17007392515346,22.321345032497341,5.6147000000055414]]},"properties":{"OBJECTID":339911,"PedestrianRouteID":240006265,"Location":1,"FeatureType":5,"AliasNameEN":"Lane between   and Ye Fair Mansion","AliasNameTC":" 與怡輝大樓之間的小巷","CrossingFeature":null,"WeatherProof":2,"WheelchairBarrier":1,"WheelchairAccess":2,"ObstaclesType":null,"Gradient":0.0020053200000000001,"Direction":0,"PositionCertainty":1,"Enabled":1,"DataSource":1,"LevelSource":2,"StreetNameEN":null,"StreetNameTC":null,"ST_CODE":800531,"FloorID":null,"BuildingID_1":null,"BuildingID_2":1108233262,"SiteID":null,"TerminalID":null,"AccessTimeID":null,"CreationDate":1614441600000,"ModifiedBy":"LANDSD","LastAmendmentDate":1676390400000,"Shape__Length":21.492774719171607}},{"type":"Feature","id":339915,"geometry":{"type":"LineString","coordinates":[[114.1678961286477,22.318405924875204,4.3092000000033295],[114.16790850545367,22.318408407164306,4.3071000000054482]]},"properties":{"OBJECTID":339915,"PedestrianRouteID":240006269,"Location":2,"FeatureType":1,"AliasNameEN":"Minibus Terminus Under","AliasNameTC":"下層小巴總站","CrossingFeature":null,"WeatherProof":1,"WheelchairBarrier":2,"WheelchairAccess":2,"ObstaclesType":null,"Gradient":0.00160984,"Direction":0,"PositionCertainty":1,"Enabled":1,"DataSource":1,"LevelSource":2,"StreetNameEN":null,"StreetNameTC":null,"ST_CODE":null,"FloorID":290000078,"BuildingID_1":1108246362,"BuildingID_2":null,"SiteID":null,"TerminalID":null,"AccessTimeID":290000475,"CreationDate":1614441600000,"ModifiedBy":"LANDSD","LastAmendmentDate":1659974400000,"Shape__Length":1.3044731045426254}},{"type":"Feature","id":339917,"geometry":{"type":"LineString","coordinates":[[114.16952655691665,22.320884584909226,10.304000000003725],[114.16953802847694,22.320829417534394,10.304000000003725],[114.16949351201247,22.320821481247272,10.304000000003725]]},"properties":{"OBJECTID":339917,"PedestrianRouteID":240006271,"Location":1,"FeatureType":2,"AliasNameEN":"Mong Kok Road Footbridge","AliasNameTC":"旺角道天橋","CrossingFeature":null,"WeatherProof":1,"WheelchairBarrier":2,"WheelchairAccess":2,"ObstaclesType":null,"Gradient":0,"Direction":0,"PositionCertainty":1,"Enabled":1,"DataSource":1,"LevelSource":12,"StreetNameEN":"Mong Kok Road","StreetNameTC":"旺角道","ST_CODE":11454,"FloorID":null,"BuildingID_1":null,"BuildingID_2":null,"SiteID":null,"TerminalID":null,"AccessTimeID":null,"CreationDate":1614441600000,"ModifiedBy":"LANDSD","LastAmendmentDate":1658246400000,"Shape__Length":10.892118136136443}},{"type":"Feature","id":339918,"geometry":{"type":"LineString","coordinates":[[114.17020346215706,22.321358830267133,5.6787999999942258],[114.17019750321965,22.321386986506894,5.6462000000028638]]},"properties":{"OBJECTID":339918,"PedestrianRouteID":240006272,"Location":1,"FeatureType":1,"AliasNameEN":"Tung Choi Street","AliasNameTC":"通菜街","CrossingFeature":null,"WeatherProof":1,"WheelchairBarrier":2,"WheelchairAccess":2,"ObstaclesType":null,"Gradient":0.01025849,"Direction":0,"PositionCertainty":1,"Enabled":1,"DataSource":1,"LevelSource":2,"StreetNameEN":"Tung Choi Street","StreetNameTC":"通菜街","ST_CODE":12513,"FloorID":null,"BuildingID_1":null,"BuildingID_2":null,"SiteID":null,"TerminalID":null,"AccessTimeID":null,"CreationDate":1614441600000,"ModifiedBy":"LANDSD","LastAmendmentDate":1655654400000,"Shape__Length":3.1777430443649357}},{"type":"Feature","id":339919,"geometry":{"type":"LineString","coordinates":[[114.17004690924709,22.320460098302839,5.4741999999969266],[114.16985082469472,22.320424627744195,5.3625999999931082]]},"properties":{"OBJECTID":339919,"PedestrianRouteID":240006273,"Location":1,"FeatureType":1,"AliasNameEN":"Fife Street","AliasNameTC":"快富街","CrossingFeature":null,"WeatherProof":2,"WheelchairBarrier":2,"WheelchairAccess":2,"ObstaclesType":null,"Gradient":0.0054225300000000001,"Direction":0,"PositionCertainty":1,"Enabled":1,"DataSource":1,"LevelSource":2,"StreetNameEN":"Fife Street","StreetNameTC":"快富街","ST_CODE":10485,"FloorID":null,"BuildingID_1":null,"BuildingID_2":null,"SiteID":null,"TerminalID":null,"AccessTimeID":null,"CreationDate":1614441600000,"ModifiedBy":"LANDSD","LastAmendmentDate":1655654400000,"Shape__Length":20.580611017207062}},{"type":"Feature","id":339922,"geometry":{"type":"LineString","coordinates":[[114.17075573781932,22.320971360014592,10.304000000003725],[114.17078524659007,22.32082792550386,5.9759999999951106]]},"properties":{"OBJECTID":339922,"PedestrianRouteID":240006276,"Location":1,"FeatureType":8,"AliasNameEN":"Fa Yuen Street Escalator","AliasNameTC":"花園街扶手電梯","CrossingFeature":null,"WeatherProof":1,"WheelchairBarrier":1,"WheelchairAccess":2,"ObstaclesType":null,"Gradient":0.26150233000000001,"Direction":-1,"PositionCertainty":1,"Enabled":1,"DataSource":1,"LevelSource":9,"StreetNameEN":"Fa Yuen Street","StreetNameTC":"花園街","ST_CODE":10419,"FloorID":null,"BuildingID_1":null,"BuildingID_2":null,"SiteID":null,"TerminalID":null,"AccessTimeID":null,"CreationDate":1614441600000,"ModifiedBy":"LANDSD","LastAmendmentDate":1655654400000,"Shape__Length":16.171530138332376}},{"type":"Feature","id":339927,"geometry":{"type":"LineString","coordinates":[[114.16929177923205,22.320350506697913,4.8254000000015367],[114.169283428244,22.320348943113725,4.8197999999974854],[114.16922122554524,22.320646598490608,4.853000000002794]]},"properties":{"OBJECTID":339927,"PedestrianRouteID":240006281,"Location":1,"FeatureType":1,"AliasNameEN":"Nathan Road","AliasNameTC":"彌敦道","CrossingFeature":null,"WeatherProof":2,"WheelchairBarrier":2,"WheelchairAccess":2,"ObstaclesType":null,"Gradient":0.00080102999999999999,"Direction":0,"PositionCertainty":1,"Enabled":1,"DataSource":1,"LevelSource":2,"StreetNameEN":"Nathan Road","StreetNameTC":"彌敦道","ST_CODE":11504,"FloorID":null,"BuildingID_1":null,"BuildingID_2":null,"SiteID":null,"TerminalID":null,"AccessTimeID":null,"CreationDate":1614441600000,"ModifiedBy":"LANDSD","LastAmendmentDate":1655654400000,"Shape__Length":34.455664875604391}},{"type":"Feature","id":339928,"geometry":{"type":"LineString","coordinates":[[114.1685147890081,22.319266410932727,4.7915999999968335],[114.16840028710129,22.319245775530117,4.7595000000001164]]},"properties":{"OBJECTID":339928,"PedestrianRouteID":240006282,"Location":1,"FeatureType":1,"AliasNameEN":"Argyle Street","AliasNameTC":"亞皆老街","CrossingFeature":null,"WeatherProof":3,"WheelchairBarrier":2,"WheelchairAccess":2,"ObstaclesType":null,"Gradient":0.0026713599999999998,"Direction":0,"PositionCertainty":1,"Enabled":1,"DataSource":1,"LevelSource":2,"StreetNameEN":"Argyle Street","StreetNameTC":"亞皆老街","ST_CODE":10027,"FloorID":null,"BuildingID_1":null,"BuildingID_2":null,"SiteID":null,"TerminalID":null,"AccessTimeID":null,"CreationDate":1614441600000,"ModifiedBy":"LANDSD","LastAmendmentDate":1655654400000,"Shape__Length":12.016339342882187}},{"type":"Feature","id":339929,"geometry":{"type":"LineString","coordinates":[[114.16845741007661,22.321889534277439,5.2152999999962049],[114.16849159224728,22.321725259642641,5.3120999999955529]]},"properties":{"OBJECTID":339929,"PedestrianRouteID":240006283,"Location":1,"FeatureType":5,"AliasNameEN":null,"AliasNameTC":null,"CrossingFeature":null,"WeatherProof":2,"WheelchairBarrier":1,"WheelchairAccess":2,"ObstaclesType":null,"Gradient":0.0052242900000000004,"Direction":0,"PositionCertainty":1,"Enabled":1,"DataSource":1,"LevelSource":12,"StreetNameEN":null,"StreetNameTC":null,"ST_CODE":null,"FloorID":null,"BuildingID_1":1108232776,"BuildingID_2":1108232814,"SiteID":null,"TerminalID":null,"AccessTimeID":null,"CreationDate":1614441600000,"ModifiedBy":"LANDSD","LastAmendmentDate":1676390400000,"Shape__Length":18.52866556651734}},{"type":"Feature","id":339930,"geometry":{"type":"LineString","coordinates":[[114.16810667028186,22.318791876887541,4.6796999999933178],[114.16810842470163,22.318782883412315,4.5822000000043772]]},"properties":{"OBJECTID":339930,"PedestrianRouteID":240006284,"Location":1,"FeatureType":1,"AliasNameEN":"Shanghai Street","AliasNameTC":"上海街","CrossingFeature":null,"WeatherProof":2,"WheelchairBarrier":2,"WheelchairAccess":2,"ObstaclesType":null,"Gradient":0.096032270000000003,"Direction":0,"PositionCertainty":1,"Enabled":1,"DataSource":1,"LevelSource":2,"StreetNameEN":"Shanghai Street","StreetNameTC":"上海街","ST_CODE":11984,"FloorID":null,"BuildingID_1":null,"BuildingID_2":null,"SiteID":null,"TerminalID":null,"AccessTimeID":null,"CreationDate":1614441600000,"ModifiedBy":"LANDSD","LastAmendmentDate":1655654400000,"Shape__Length":1.0121607098388938}},{"type":"Feature","id":339931,"geometry":{"type":"LineString","coordinates":[[114.16968943459216,22.320424943108847,4.9844000000011874],[114.16949602131922,22.32038873805141,4.9907999999995809]]},"properties":{"OBJECTID":339931,"PedestrianRouteID":240006285,"Location":1,"FeatureType":1,"AliasNameEN":"Fife Street","AliasNameTC":"快富街","CrossingFeature":null,"WeatherProof":2,"WheelchairBarrier":2,"WheelchairAccess":2,"ObstaclesType":null,"Gradient":0.00031485999999999998,"Direction":0,"PositionCertainty":1,"Enabled":1,"DataSource":1,"LevelSource":2,"StreetNameEN":"Fife Street","StreetNameTC":"快富街","ST_CODE":10485,"FloorID":null,"BuildingID_1":null,"BuildingID_2":null,"SiteID":null,"TerminalID":null,"AccessTimeID":null,"CreationDate":1614441600000,"ModifiedBy":"LANDSD","LastAmendmentDate":1655654400000,"Shape__Length":20.326410222794024}},{"type":"Feature","id":339933,"geometry":{"type":"LineString","coordinates":[[114.17029134571075,22.317553819102901,5.0344999999942956],[114.17023493194598,22.317543889483598,4.8870000000024447]]},"properties":{"OBJECTID":339933,"PedestrianRouteID":240006287,"Location":1,"FeatureType":1,"AliasNameEN":"Shantung Street","AliasNameTC":"山東街","CrossingFeature":null,"WeatherProof":2,"WheelchairBarrier":2,"WheelchairAccess":2,"ObstaclesType":null,"Gradient":0.024929570000000002,"Direction":0,"PositionCertainty":1,"Enabled":1,"DataSource":1,"LevelSource":2,"StreetNameEN":"Shantung Street","StreetNameTC":"山東街","ST_CODE":11986,"FloorID":null,"BuildingID_1":null,"BuildingID_2":null,"SiteID":null,"TerminalID":null,"AccessTimeID":null,"CreationDate":1614441600000,"ModifiedBy":"LANDSD","LastAmendmentDate":1655654400000,"Shape__Length":5.9154420167701822}},{"type":"Feature","id":339935,"geometry":{"type":"LineString","coordinates":[[114.1717479698877,22.317348223842533,6.1064999999944121],[114.17174409100345,22.317360252475712,6.0877999999938766],[114.1717457597659,22.31737792179349,6.0607000000018161]]},"properties":{"OBJECTID":339935,"PedestrianRouteID":240006289,"Location":1,"FeatureType":23,"AliasNameEN":"Sai Yee Street Garden","AliasNameTC":"洗衣街花園","CrossingFeature":null,"WeatherProof":2,"WheelchairBarrier":2,"WheelchairAccess":2,"ObstaclesType":null,"Gradient":0.01365126,"Direction":0,"PositionCertainty":1,"Enabled":1,"DataSource":1,"LevelSource":2,"StreetNameEN":null,"StreetNameTC":null,"ST_CODE":null,"FloorID":null,"BuildingID_1":null,"BuildingID_2":null,"SiteID":1503005468,"TerminalID":null,"AccessTimeID":240000043,"CreationDate":1614441600000,"ModifiedBy":"LANDSD","LastAmendmentDate":1655654400000,"Shape__Length":3.3547943322818981}},{"type":"Feature","id":339936,"geometry":{"type":"LineString","coordinates":[[114.16889289377615,22.320924628381551,4.9919999999983702],[114.16884355636205,22.320915798554388,4.9611000000004424]]},"properties":{"OBJECTID":339936,"PedestrianRouteID":240006290,"Location":1,"FeatureType":1,"AliasNameEN":"Mong Kok Road","AliasNameTC":"旺角道","CrossingFeature":null,"WeatherProof":2,"WheelchairBarrier":2,"WheelchairAccess":2,"ObstaclesType":null,"Gradient":0.0059694099999999996,"Direction":0,"PositionCertainty":1,"Enabled":1,"DataSource":1,"LevelSource":12,"StreetNameEN":"Mong Kok Road","StreetNameTC":"旺角道","ST_CODE":11454,"FloorID":null,"BuildingID_1":null,"BuildingID_2":null,"SiteID":null,"TerminalID":null,"AccessTimeID":null,"CreationDate":1614441600000,"ModifiedBy":"LANDSD","LastAmendmentDate":1764518400000,"Shape__Length":5.1763334987764029}},{"type":"Feature","id":339937,"geometry":{"type":"LineString","coordinates":[[114.16915212025134,22.322015010807121,5.4467000000004191],[114.16936190821889,22.321007654453044,5.1312999999936437]]},"properties":{"OBJECTID":339937,"PedestrianRouteID":240006291,"Location":1,"FeatureType":5,"AliasNameEN":"Lane between The Church of Christ in China Mangkok Church Christian Centre and Mascot House","AliasNameTC":"中華基督教會望覺堂基督教大樓與有成大廈之間的小巷","CrossingFeature":null,"WeatherProof":2,"WheelchairBarrier":1,"WheelchairAccess":2,"ObstaclesType":null,"Gradient":0.0027758100000000001,"Direction":0,"PositionCertainty":1,"Enabled":1,"DataSource":1,"LevelSource":2,"StreetNameEN":null,"StreetNameTC":null,"ST_CODE":800532,"FloorID":null,"BuildingID_1":null,"BuildingID_2":1108232710,"SiteID":null,"TerminalID":null,"AccessTimeID":null,"CreationDate":1614441600000,"ModifiedBy":"LANDSD","LastAmendmentDate":1676390400000,"Shape__Length":113.62400578551097}},{"type":"Feature","id":339938,"geometry":{"type":"LineString","coordinates":[[114.16970218593346,22.322115689993314,5.8534999999974389],[114.16974445880514,22.321911194102242,5.8693999999959487]]},"properties":{"OBJECTID":339938,"PedestrianRouteID":240006292,"Location":1,"FeatureType":5,"AliasNameEN":"Lane between   and  ","AliasNameTC":"錦華大廈與 之間的小巷","CrossingFeature":null,"WeatherProof":2,"WheelchairBarrier":1,"WheelchairAccess":2,"ObstaclesType":null,"Gradient":0.00068950999999999995,"Direction":0,"PositionCertainty":1,"Enabled":1,"DataSource":1,"LevelSource":2,"StreetNameEN":null,"StreetNameTC":null,"ST_CODE":800531,"FloorID":null,"BuildingID_1":null,"BuildingID_2":1108232628,"SiteID":null,"TerminalID":null,"AccessTimeID":null,"CreationDate":1614441600000,"ModifiedBy":"LANDSD","LastAmendmentDate":1676390400000,"Shape__Length":23.0598153205801}},{"type":"Feature","id":339939,"geometry":{"type":"LineString","coordinates":[[114.16785948165091,22.319976948298873,5.0353999999933876],[114.16784074813951,22.320067004856561,5.0562000000063563]]},"properties":{"OBJECTID":339939,"PedestrianRouteID":240006293,"Location":1,"FeatureType":1,"AliasNameEN":"Shanghai Street","AliasNameTC":"上海街","CrossingFeature":null,"WeatherProof":2,"WheelchairBarrier":2,"WheelchairAccess":2,"ObstaclesType":null,"Gradient":0.00204776,"Direction":0,"PositionCertainty":1,"Enabled":1,"DataSource":1,"LevelSource":2,"StreetNameEN":"Shanghai Street","StreetNameTC":"上海街","ST_CODE":11984,"FloorID":null,"BuildingID_1":null,"BuildingID_2":null,"SiteID":null,"TerminalID":null,"AccessTimeID":null,"CreationDate":1614441600000,"ModifiedBy":"LANDSD","LastAmendmentDate":1655654400000,"Shape__Length":10.157446849730482}},{"type":"Feature","id":339941,"geometry":{"type":"LineString","coordinates":[[114.16859153621432,22.320122168390157,5.1122000000032131],[114.16857958474253,22.320179375689381,5.0601000000024214]]},"properties":{"OBJECTID":339941,"PedestrianRouteID":240006295,"Location":1,"FeatureType":1,"AliasNameEN":"Portland Street","AliasNameTC":"砵蘭街","CrossingFeature":null,"WeatherProof":2,"WheelchairBarrier":2,"WheelchairAccess":2,"ObstaclesType":null,"Gradient":0.0080730899999999998,"Direction":0,"PositionCertainty":1,"Enabled":1,"DataSource":1,"LevelSource":12,"StreetNameEN":"Portland Street","StreetNameTC":"砵蘭街","ST_CODE":11777,"FloorID":null,"BuildingID_1":null,"BuildingID_2":null,"SiteID":null,"TerminalID":null,"AccessTimeID":null,"CreationDate":1614441600000,"ModifiedBy":"LANDSD","LastAmendmentDate":1642608000000,"Shape__Length":6.4533959294848149}},{"type":"Feature","id":339942,"geometry":{"type":"LineString","coordinates":[[114.17045681694019,22.318468112121458,5.4992999999958556],[114.17057039110244,22.317912261704464,5.5509000000020023]]},"properties":{"OBJECTID":339942,"PedestrianRouteID":240006296,"Location":1,"FeatureType":5,"AliasNameEN":"Lane between   and  ","AliasNameTC":" 與 之間的小巷","CrossingFeature":null,"WeatherProof":2,"WheelchairBarrier":1,"WheelchairAccess":2,"ObstaclesType":null,"Gradient":0.00082357000000000003,"Direction":0,"PositionCertainty":1,"Enabled":1,"DataSource":1,"LevelSource":2,"StreetNameEN":null,"StreetNameTC":null,"ST_CODE":800562,"FloorID":null,"BuildingID_1":null,"BuildingID_2":1109261454,"SiteID":null,"TerminalID":null,"AccessTimeID":null,"CreationDate":1614441600000,"ModifiedBy":"LANDSD","LastAmendmentDate":1676390400000,"Shape__Length":62.654325842745699}},{"type":"Feature","id":339943,"geometry":{"type":"LineString","coordinates":[[114.16938432283965,22.317396043465397,4.629400000005262],[114.16916665724199,22.317355662042594,4.5454999999928987]]},"properties":{"OBJECTID":339943,"PedestrianRouteID":240006297,"Location":1,"FeatureType":1,"AliasNameEN":"Shantung Street","AliasNameTC":"山東街","CrossingFeature":null,"WeatherProof":2,"WheelchairBarrier":2,"WheelchairAccess":2,"ObstaclesType":null,"Gradient":0.0036689100000000001,"Direction":0,"PositionCertainty":1,"Enabled":1,"DataSource":1,"LevelSource":2,"StreetNameEN":"Shantung Street","StreetNameTC":"山東街","ST_CODE":11986,"FloorID":null,"BuildingID_1":null,"BuildingID_2":null,"SiteID":null,"TerminalID":null,"AccessTimeID":null,"CreationDate":1614441600000,"ModifiedBy":"LANDSD","LastAmendmentDate":1655654400000,"Shape__Length":22.867734309705938}},{"type":"Feature","id":339946,"geometry":{"type":"LineString","coordinates":[[114.16912135215665,22.317465790729649,4.3824000000022352],[114.16911618825716,22.317490646297887,4.4388999999937369]]},"properties":{"OBJECTID":339946,"PedestrianRouteID":240006300,"Location":1,"FeatureType":1,"AliasNameEN":"Portland Street","AliasNameTC":"砵蘭街","CrossingFeature":null,"WeatherProof":2,"WheelchairBarrier":2,"WheelchairAccess":2,"ObstaclesType":null,"Gradient":0.02015192,"Direction":0,"PositionCertainty":1,"Enabled":1,"DataSource":1,"LevelSource":2,"StreetNameEN":"Portland Street","StreetNameTC":"砵蘭街","ST_CODE":11777,"FloorID":null,"BuildingID_1":null,"BuildingID_2":null,"SiteID":null,"TerminalID":null,"AccessTimeID":null,"CreationDate":1614441600000,"ModifiedBy":"LANDSD","LastAmendmentDate":1655654400000,"Shape__Length":2.8033236289930925}},{"type":"Feature","id":339947,"geometry":{"type":"LineString","coordinates":[[114.16839102776613,22.319291730840845,4.7884999999951106],[114.16833698233214,22.319559960150038,4.9576999999990221]]},"properties":{"OBJECTID":339947,"PedestrianRouteID":240006301,"Location":1,"FeatureType":1,"AliasNameEN":"Hong Lok Street","AliasNameTC":"康樂街","CrossingFeature":null,"WeatherProof":2,"WheelchairBarrier":2,"WheelchairAccess":2,"ObstaclesType":null,"Gradient":0.0055989300000000002,"Direction":0,"PositionCertainty":1,"Enabled":1,"DataSource":1,"LevelSource":2,"StreetNameEN":"Hong Lok Street","StreetNameTC":"康樂街","ST_CODE":10809,"FloorID":null,"BuildingID_1":null,"BuildingID_2":null,"SiteID":null,"TerminalID":null,"AccessTimeID":null,"CreationDate":1614441600000,"ModifiedBy":"LANDSD","LastAmendmentDate":1655654400000,"Shape__Length":30.219720090542289}},{"type":"Feature","id":339950,"geometry":{"type":"LineString","coordinates":[[114.17031212418284,22.319179801242871,5.2213000000047032],[114.17043995789975,22.318550859706487,5.4737000000022817]]},"properties":{"OBJECTID":339950,"PedestrianRouteID":240006304,"Location":1,"FeatureType":5,"AliasNameEN":"Lane between   and Kwok Wing Building","AliasNameTC":" 與國榮大樓之間的小巷","CrossingFeature":null,"WeatherProof":2,"WheelchairBarrier":1,"WheelchairAccess":2,"ObstaclesType":null,"Gradient":0.0035609299999999999,"Direction":0,"PositionCertainty":1,"Enabled":1,"DataSource":1,"LevelSource":2,"StreetNameEN":null,"StreetNameTC":null,"ST_CODE":800553,"FloorID":null,"BuildingID_1":null,"BuildingID_2":1108235438,"SiteID":null,"TerminalID":null,"AccessTimeID":null,"CreationDate":1614441600000,"ModifiedBy":"LANDSD","LastAmendmentDate":1676390400000,"Shape__Length":70.880050069857575}},{"type":"Feature","id":339951,"geometry":{"type":"LineString","coordinates":[[114.16849159224728,22.321725259642641,5.3120999999955529],[114.16866661065836,22.320884128483574,4.999100000000908]]},"properties":{"OBJECTID":339951,"PedestrianRouteID":240006305,"Location":1,"FeatureType":5,"AliasNameEN":null,"AliasNameTC":null,"CrossingFeature":null,"WeatherProof":2,"WheelchairBarrier":1,"WheelchairAccess":2,"ObstaclesType":null,"Gradient":0.0032991800000000001,"Direction":0,"PositionCertainty":1,"Enabled":1,"DataSource":1,"LevelSource":12,"StreetNameEN":"MONG KOK ROAD","StreetNameTC":"旺角道","ST_CODE":11454,"FloorID":null,"BuildingID_1":1108233640,"BuildingID_2":1108233572,"SiteID":null,"TerminalID":null,"AccessTimeID":null,"CreationDate":1614441600000,"ModifiedBy":"LANDSD","LastAmendmentDate":1676390400000,"Shape__Length":94.871781244667829}},{"type":"Feature","id":339952,"geometry":{"type":"LineString","coordinates":[[114.17012966920622,22.318316344290697,4.9979000000021188],[114.17015004563811,22.318216922788615,5.0243000000045868]]},"properties":{"OBJECTID":339952,"PedestrianRouteID":290037993,"Location":1,"FeatureType":1,"AliasNameEN":"Sai Yeung Choi Street South","AliasNameTC":"西洋菜南街","CrossingFeature":null,"WeatherProof":2,"WheelchairBarrier":2,"WheelchairAccess":2,"ObstaclesType":null,"Gradient":0.0023440599999999998,"Direction":0,"PositionCertainty":1,"Enabled":1,"DataSource":1,"LevelSource":2,"StreetNameEN":"Sai Yeung Choi Street South","StreetNameTC":"西洋菜南街","ST_CODE":11864,"FloorID":null,"BuildingID_1":null,"BuildingID_2":null,"SiteID":null,"TerminalID":null,"AccessTimeID":null,"CreationDate":1614441600000,"ModifiedBy":"LANDSD","LastAmendmentDate":1707235200000,"Shape__Length":11.207786198717001}},{"type":"Feature","id":339953,"geometry":{"type":"LineString","coordinates":[[114.17120212929112,22.318690125281812,5.4815999999991618],[114.17119742777786,22.318689271727319,5.4832000000023982]]},"properties":{"OBJECTID":339953,"PedestrianRouteID":240006307,"Location":1,"FeatureType":1,"AliasNameEN":"Fa Yuen Street","AliasNameTC":"花園街","CrossingFeature":null,"WeatherProof":2,"WheelchairBarrier":2,"WheelchairAccess":2,"ObstaclesType":null,"Gradient":0.0032419300000000001,"Direction":0,"PositionCertainty":1,"Enabled":1,"DataSource":1,"LevelSource":2,"StreetNameEN":"Fa Yuen Street","StreetNameTC":"花園街","ST_CODE":10419,"FloorID":null,"BuildingID_1":null,"BuildingID_2":null,"SiteID":null,"TerminalID":null,"AccessTimeID":null,"CreationDate":1614441600000,"ModifiedBy":"LANDSD","LastAmendmentDate":1655654400000,"Shape__Length":0.49353177146253585}},{"type":"Feature","id":339954,"geometry":{"type":"LineString","coordinates":[[114.16811880576964,22.318726617944726,4.5993000000016764],[114.16812076015469,22.318717222618577,4.3816999999980908]]},"properties":{"OBJECTID":339954,"PedestrianRouteID":240006308,"Location":1,"FeatureType":1,"AliasNameEN":"Shanghai Street","AliasNameTC":"上海街","CrossingFeature":null,"WeatherProof":2,"WheelchairBarrier":2,"WheelchairAccess":2,"ObstaclesType":null,"Gradient":0.20252685000000001,"Direction":0,"PositionCertainty":1,"Enabled":1,"DataSource":1,"LevelSource":2,"StreetNameEN":"Shanghai Street","StreetNameTC":"上海街","ST_CODE":11984,"FloorID":null,"BuildingID_1":null,"BuildingID_2":null,"SiteID":null,"TerminalID":null,"AccessTimeID":null,"CreationDate":1614441600000,"ModifiedBy":"LANDSD","LastAmendmentDate":1655654400000,"Shape__Length":1.059695168686416}},{"type":"Feature","id":339955,"geometry":{"type":"LineString","coordinates":[[114.16827501420033,22.319867505510921,5.0816000000049826],[114.16838376391456,22.31988703716247,5.0620999999955529]]},"properties":{"OBJECTID":339955,"PedestrianRouteID":240006309,"Location":1,"FeatureType":5,"AliasNameEN":"Lane between Fife Street Substation and  ","AliasNameTC":"快富街變電站與華康樓ＡＢ座之間的小巷","CrossingFeature":null,"WeatherProof":2,"WheelchairBarrier":1,"WheelchairAccess":2,"ObstaclesType":null,"Gradient":0.0017088400000000001,"Direction":0,"PositionCertainty":1,"Enabled":1,"DataSource":1,"LevelSource":2,"StreetNameEN":null,"StreetNameTC":null,"ST_CODE":800546,"FloorID":null,"BuildingID_1":null,"BuildingID_2":1108234471,"SiteID":null,"TerminalID":null,"AccessTimeID":null,"CreationDate":1614441600000,"ModifiedBy":"LANDSD","LastAmendmentDate":1676390400000,"Shape__Length":11.411219439237239}},{"type":"Feature","id":339956,"geometry":{"type":"LineString","coordinates":[[114.16992653919144,22.319307462539513,4.9603000000061002],[114.16953859443214,22.31923952103821,4.8660999999992782]]},"properties":{"OBJECTID":339956,"PedestrianRouteID":240006310,"Location":1,"FeatureType":1,"AliasNameEN":"Argyle Street","AliasNameTC":"亞皆老街","CrossingFeature":null,"WeatherProof":2,"WheelchairBarrier":2,"WheelchairAccess":2,"ObstaclesType":null,"Gradient":0.0023161100000000001,"Direction":0,"PositionCertainty":1,"Enabled":1,"DataSource":1,"LevelSource":2,"StreetNameEN":"Argyle Street","StreetNameTC":"亞皆老街","ST_CODE":10027,"FloorID":null,"BuildingID_1":null,"BuildingID_2":null,"SiteID":null,"TerminalID":null,"AccessTimeID":null,"CreationDate":1614441600000,"ModifiedBy":"LANDSD","LastAmendmentDate":1655654400000,"Shape__Length":40.671653035233923}},{"type":"Feature","id":339958,"geometry":{"type":"LineString","coordinates":[[114.17057039110244,22.317912261704464,5.5509000000020023],[114.1706085123658,22.317725688345913,5.3905999999988126]]},"properties":{"OBJECTID":339958,"PedestrianRouteID":240006312,"Location":1,"FeatureType":5,"AliasNameEN":"Lane between Yuen King Building and  ","AliasNameTC":"遠景大廈與 之間的小巷","CrossingFeature":null,"WeatherProof":2,"WheelchairBarrier":1,"WheelchairAccess":2,"ObstaclesType":null,"Gradient":0.0076222399999999997,"Direction":0,"PositionCertainty":1,"Enabled":1,"DataSource":1,"LevelSource":2,"StreetNameEN":null,"StreetNameTC":null,"ST_CODE":800562,"FloorID":null,"BuildingID_1":null,"BuildingID_2":1109261359,"SiteID":null,"TerminalID":null,"AccessTimeID":null,"CreationDate":1614441600000,"ModifiedBy":"LANDSD","LastAmendmentDate":1676390400000,"Shape__Length":21.030162964455727}},{"type":"Feature","id":339960,"geometry":{"type":"LineString","coordinates":[[114.17025906528274,22.320410174180715,5.6916999999957625],[114.17006435123837,22.320374711160095,5.4587000000028638]]},"properties":{"OBJECTID":339960,"PedestrianRouteID":240006314,"Location":1,"FeatureType":1,"AliasNameEN":"Fife Street","AliasNameTC":"快富街","CrossingFeature":null,"WeatherProof":2,"WheelchairBarrier":2,"WheelchairAccess":2,"ObstaclesType":null,"Gradient":0.01139768,"Direction":0,"PositionCertainty":1,"Enabled":1,"DataSource":1,"LevelSource":2,"StreetNameEN":"Fife Street","StreetNameTC":"快富街","ST_CODE":10485,"FloorID":null,"BuildingID_1":null,"BuildingID_2":null,"SiteID":null,"TerminalID":null,"AccessTimeID":null,"CreationDate":1614441600000,"ModifiedBy":"LANDSD","LastAmendmentDate":1655654400000,"Shape__Length":20.441869261352608}},{"type":"Feature","id":339963,"geometry":{"type":"LineString","coordinates":[[114.16996437752394,22.320862586552344,5.3953000000037719],[114.17004690924709,22.320460098302839,5.4741999999969266]]},"properties":{"OBJECTID":339963,"PedestrianRouteID":240006318,"Location":1,"FeatureType":5,"AliasNameEN":"Lane between Yau Shing Mansion and  ","AliasNameTC":"友誠大廈與 之間的小巷","CrossingFeature":null,"WeatherProof":2,"WheelchairBarrier":1,"WheelchairAccess":2,"ObstaclesType":null,"Gradient":0.00173891,"Direction":0,"PositionCertainty":1,"Enabled":1,"DataSource":1,"LevelSource":2,"StreetNameEN":null,"StreetNameTC":null,"ST_CODE":800536,"FloorID":null,"BuildingID_1":null,"BuildingID_2":1108246208,"SiteID":null,"TerminalID":null,"AccessTimeID":null,"CreationDate":1614441600000,"ModifiedBy":"LANDSD","LastAmendmentDate":1676390400000,"Shape__Length":45.373293613167966}},{"type":"Feature","id":339966,"geometry":{"type":"LineString","coordinates":[[114.16838376391456,22.31988703716247,5.0620999999955529],[114.16851132369429,22.319909946246209,5.0479000000050291]]},"properties":{"OBJECTID":339966,"PedestrianRouteID":240006321,"Location":1,"FeatureType":5,"AliasNameEN":"Lane between Chi Fu Building and  ","AliasNameTC":"置富樓與 之間的小巷","CrossingFeature":null,"WeatherProof":2,"WheelchairBarrier":1,"WheelchairAccess":2,"ObstaclesType":null,"Gradient":0.0010608900000000001,"Direction":0,"PositionCertainty":1,"Enabled":1,"DataSource":1,"LevelSource":2,"StreetNameEN":null,"StreetNameTC":null,"ST_CODE":800546,"FloorID":null,"BuildingID_1":null,"BuildingID_2":1108234297,"SiteID":null,"TerminalID":null,"AccessTimeID":null,"CreationDate":1614441600000,"ModifiedBy":"LANDSD","LastAmendmentDate":1676390400000,"Shape__Length":13.384958328761579}},{"type":"Feature","id":339967,"geometry":{"type":"LineString","coordinates":[[114.17115190288465,22.320662815271145,6.0068999999930384],[114.17102045859519,22.320639940637616,5.8770999999978812]]},"properties":{"OBJECTID":339967,"PedestrianRouteID":240006322,"Location":1,"FeatureType":1,"AliasNameEN":"Fife Street","AliasNameTC":"快富街","CrossingFeature":null,"WeatherProof":2,"WheelchairBarrier":2,"WheelchairAccess":2,"ObstaclesType":null,"Gradient":0.0094209800000000007,"Direction":0,"PositionCertainty":1,"Enabled":1,"DataSource":1,"LevelSource":2,"StreetNameEN":"Fife Street","StreetNameTC":"快富街","ST_CODE":10485,"FloorID":null,"BuildingID_1":null,"BuildingID_2":null,"SiteID":null,"TerminalID":null,"AccessTimeID":null,"CreationDate":1614441600000,"ModifiedBy":"LANDSD","LastAmendmentDate":1655654400000,"Shape__Length":13.777357185647157}},{"type":"Feature","id":339968,"geometry":{"type":"LineString","coordinates":[[114.17170075251734,22.3174405936197,5.9597000000067055],[114.17170428327051,22.317446865480676,5.9530999999988126],[114.17170332005915,22.317457617278503,5.9364999999961583],[114.17169433211764,22.31746687606476,5.9064000000071246],[114.17168277529208,22.317469265194177,5.862699999997858],[114.17166801000243,22.317463888810689,5.8166999999957625],[114.17166094846586,22.317452240019218,5.8099999999976717]]},"properties":{"OBJECTID":339968,"PedestrianRouteID":240006323,"Location":1,"FeatureType":23,"AliasNameEN":"Sai Yee Street Garden","AliasNameTC":"洗衣街花園","CrossingFeature":null,"WeatherProof":2,"WheelchairBarrier":2,"WheelchairAccess":2,"ObstaclesType":null,"Gradient":0.01945266,"Direction":0,"PositionCertainty":1,"Enabled":1,"DataSource":1,"LevelSource":2,"StreetNameEN":null,"StreetNameTC":null,"ST_CODE":null,"FloorID":null,"BuildingID_1":null,"BuildingID_2":null,"SiteID":1503005468,"TerminalID":null,"AccessTimeID":240000043,"CreationDate":1614441600000,"ModifiedBy":"LANDSD","LastAmendmentDate":1655654400000,"Shape__Length":7.6946368806641559}},{"type":"Feature","id":339969,"geometry":{"type":"LineString","coordinates":[[114.17177555577143,22.317267845169315,6.1818000000057509],[114.17180791237602,22.317259244531197,6.1589999999996508],[114.17185054122693,22.317261634438694,6.1181999999971595],[114.17189419722006,22.317284095770649,6.0715000000054715],[114.17192141621355,22.317312291022979,6.0388999999995576],[114.17193682302731,22.317346220343538,6.0158999999985099]]},"properties":{"OBJECTID":339969,"PedestrianRouteID":240006324,"Location":1,"FeatureType":23,"AliasNameEN":"Sai Yee Street Garden","AliasNameTC":"洗衣街花園","CrossingFeature":null,"WeatherProof":2,"WheelchairBarrier":2,"WheelchairAccess":2,"ObstaclesType":null,"Gradient":0.0077949999999999998,"Direction":0,"PositionCertainty":1,"Enabled":1,"DataSource":1,"LevelSource":2,"StreetNameEN":null,"StreetNameTC":null,"ST_CODE":null,"FloorID":null,"BuildingID_1":null,"BuildingID_2":null,"SiteID":1503005468,"TerminalID":null,"AccessTimeID":240000043,"CreationDate":1614441600000,"ModifiedBy":"LANDSD","LastAmendmentDate":1655654400000,"Shape__Length":21.282445805455442}},{"type":"Feature","id":339970,"geometry":{"type":"LineString","coordinates":[[114.1683363575206,22.31923497250585,4.740300000004936],[114.16820534893144,22.319211326202833,4.7816000000020722]]},"properties":{"OBJECTID":339970,"PedestrianRouteID":240006325,"Location":1,"FeatureType":1,"AliasNameEN":"Argyle Street","AliasNameTC":"亞皆老街","CrossingFeature":null,"WeatherProof":2,"WheelchairBarrier":2,"WheelchairAccess":2,"ObstaclesType":null,"Gradient":0.0030037599999999999,"Direction":0,"PositionCertainty":1,"Enabled":1,"DataSource":1,"LevelSource":2,"StreetNameEN":"Argyle Street","StreetNameTC":"亞皆老街","ST_CODE":10027,"FloorID":null,"BuildingID_1":null,"BuildingID_2":null,"SiteID":null,"TerminalID":null,"AccessTimeID":null,"CreationDate":1614441600000,"ModifiedBy":"LANDSD","LastAmendmentDate":1655654400000,"Shape__Length":13.749387539165104}},{"type":"Feature","id":339971,"geometry":{"type":"LineString","coordinates":[[114.16965382608099,22.320595077911655,5.2559000000037486],[114.16968943459216,22.320424943108847,4.9844000000011874]]},"properties":{"OBJECTID":339971,"PedestrianRouteID":240006326,"Location":1,"FeatureType":1,"AliasNameEN":"Sai Yeung Choi Street South","AliasNameTC":"西洋菜南街","CrossingFeature":null,"WeatherProof":2,"WheelchairBarrier":2,"WheelchairAccess":2,"ObstaclesType":null,"Gradient":0.01414432,"Direction":0,"PositionCertainty":1,"Enabled":1,"DataSource":1,"LevelSource":2,"StreetNameEN":"Sai Yeung Choi Street South","StreetNameTC":"西洋菜南街","ST_CODE":11864,"FloorID":null,"BuildingID_1":null,"BuildingID_2":null,"SiteID":null,"TerminalID":null,"AccessTimeID":null,"CreationDate":1614441600000,"ModifiedBy":"LANDSD","LastAmendmentDate":1655654400000,"Shape__Length":19.193706177827096}},{"type":"Feature","id":339973,"geometry":{"type":"LineString","coordinates":[[114.16764112482588,22.317957128850374,4.0464000000065425],[114.16780536953941,22.317986436940121,4.302800000004936]]},"properties":{"OBJECTID":339973,"PedestrianRouteID":240006328,"Location":1,"FeatureType":1,"AliasNameEN":"Nelson Street","AliasNameTC":"奶路臣街","CrossingFeature":null,"WeatherProof":2,"WheelchairBarrier":2,"WheelchairAccess":2,"ObstaclesType":null,"Gradient":0.014879399999999999,"Direction":0,"PositionCertainty":1,"Enabled":1,"DataSource":1,"LevelSource":2,"StreetNameEN":"Nelson Street","StreetNameTC":"奶路臣街","ST_CODE":11506,"FloorID":null,"BuildingID_1":null,"BuildingID_2":null,"SiteID":null,"TerminalID":null,"AccessTimeID":null,"CreationDate":1614441600000,"ModifiedBy":"LANDSD","LastAmendmentDate":1655654400000,"Shape__Length":17.230605129779754}},{"type":"Feature","id":339975,"geometry":{"type":"LineString","coordinates":[[114.17167475874827,22.318117028701678,5.6830000000045402],[114.17147416867634,22.318081568983956,5.5497000000032131]]},"properties":{"OBJECTID":339975,"PedestrianRouteID":240006330,"Location":1,"FeatureType":5,"AliasNameEN":"Lane between   and  ","AliasNameTC":" 與忠信大廈之間的小巷","CrossingFeature":null,"WeatherProof":2,"WheelchairBarrier":1,"WheelchairAccess":2,"ObstaclesType":null,"Gradient":0.0063365000000000001,"Direction":0,"PositionCertainty":1,"Enabled":1,"DataSource":1,"LevelSource":2,"StreetNameEN":null,"StreetNameTC":null,"ST_CODE":800563,"FloorID":null,"BuildingID_1":null,"BuildingID_2":1108235778,"SiteID":null,"TerminalID":null,"AccessTimeID":null,"CreationDate":1614441600000,"ModifiedBy":"LANDSD","LastAmendmentDate":1676390400000,"Shape__Length":21.036577188766614}},{"type":"Feature","id":339976,"geometry":{"type":"LineString","coordinates":[[114.16953318804273,22.319466858785347,4.8803000000043539],[114.16949282127641,22.319459643324947,4.7847000000037951]]},"properties":{"OBJECTID":339976,"PedestrianRouteID":240006331,"Location":1,"FeatureType":1,"AliasNameEN":"Argyle Street","AliasNameTC":"亞皆老街","CrossingFeature":null,"WeatherProof":2,"WheelchairBarrier":2,"WheelchairAccess":2,"ObstaclesType":null,"Gradient":0.022569869999999999,"Direction":0,"PositionCertainty":1,"Enabled":1,"DataSource":1,"LevelSource":2,"StreetNameEN":"Argyle Street","StreetNameTC":"亞皆老街","ST_CODE":10027,"FloorID":null,"BuildingID_1":null,"BuildingID_2":null,"SiteID":null,"TerminalID":null,"AccessTimeID":null,"CreationDate":1614441600000,"ModifiedBy":"LANDSD","LastAmendmentDate":1655654400000,"Shape__Length":4.2350162268103846}},{"type":"Feature","id":339977,"geometry":{"type":"LineString","coordinates":[[114.1685910908835,22.317225310570123,3.993400000006659],[114.16858574827681,22.31725076393861,3.9817000000039116]]},"properties":{"OBJECTID":339977,"PedestrianRouteID":240006332,"Location":1,"FeatureType":1,"AliasNameEN":"Shanghai Street","AliasNameTC":"上海街","CrossingFeature":null,"WeatherProof":2,"WheelchairBarrier":2,"WheelchairAccess":2,"ObstaclesType":null,"Gradient":0.0040740500000000001,"Direction":0,"PositionCertainty":1,"Enabled":1,"DataSource":1,"LevelSource":2,"StreetNameEN":"Shanghai Street","StreetNameTC":"上海街","ST_CODE":11984,"FloorID":null,"BuildingID_1":null,"BuildingID_2":null,"SiteID":null,"TerminalID":null,"AccessTimeID":null,"CreationDate":1614441600000,"ModifiedBy":"LANDSD","LastAmendmentDate":1655654400000,"Shape__Length":2.8718175524997349}},{"type":"Feature","id":339978,"geometry":{"type":"LineString","coordinates":[[114.16815596813902,22.32011906443449,5.2890000000043074],[114.16801410063904,22.320095339734848,5.2673999999969965]]},"properties":{"OBJECTID":339978,"PedestrianRouteID":240006333,"Location":1,"FeatureType":1,"AliasNameEN":"Fife Street","AliasNameTC":"快富街","CrossingFeature":null,"WeatherProof":2,"WheelchairBarrier":2,"WheelchairAccess":2,"ObstaclesType":null,"Gradient":0.00145448,"Direction":0,"PositionCertainty":1,"Enabled":1,"DataSource":1,"LevelSource":2,"StreetNameEN":"Fife Street","StreetNameTC":"快富街","ST_CODE":10485,"FloorID":null,"BuildingID_1":null,"BuildingID_2":null,"SiteID":null,"TerminalID":null,"AccessTimeID":null,"CreationDate":1614441600000,"ModifiedBy":"LANDSD","LastAmendmentDate":1655654400000,"Shape__Length":14.850671608708959}},{"type":"Feature","id":339979,"geometry":{"type":"LineString","coordinates":[[114.1689131874747,22.320180475993073,4.9100000000034925],[114.16881687851924,22.320163017833767,4.977100000003702]]},"properties":{"OBJECTID":339979,"PedestrianRouteID":240006334,"Location":1,"FeatureType":1,"AliasNameEN":"Mong Kok Station Footway","AliasNameTC":"旺角站行人道","CrossingFeature":null,"WeatherProof":2,"WheelchairBarrier":2,"WheelchairAccess":2,"ObstaclesType":null,"Gradient":0.0066374399999999997,"Direction":0,"PositionCertainty":1,"Enabled":1,"DataSource":1,"LevelSource":12,"StreetNameEN":null,"StreetNameTC":null,"ST_CODE":null,"FloorID":null,"BuildingID_1":null,"BuildingID_2":null,"SiteID":null,"TerminalID":1511000291,"AccessTimeID":null,"CreationDate":1614441600000,"ModifiedBy":"LANDSD","LastAmendmentDate":1640361600000,"Shape__Length":10.109169331979258}},{"type":"Feature","id":339980,"geometry":{"type":"LineString","coordinates":[[114.17156476769843,22.31866399479296,5.2817999999970198],[114.17136389057114,22.318627947039946,5.3255999999964843]]},"properties":{"OBJECTID":339980,"PedestrianRouteID":240006335,"Location":1,"FeatureType":1,"AliasNameEN":"Nelson Street","AliasNameTC":"奶路臣街","CrossingFeature":null,"WeatherProof":2,"WheelchairBarrier":2,"WheelchairAccess":2,"ObstaclesType":null,"Gradient":0.0020780099999999999,"Direction":0,"PositionCertainty":1,"Enabled":1,"DataSource":1,"LevelSource":2,"StreetNameEN":"Nelson Street","StreetNameTC":"奶路臣街","ST_CODE":11506,"FloorID":null,"BuildingID_1":null,"BuildingID_2":null,"SiteID":null,"TerminalID":null,"AccessTimeID":null,"CreationDate":1614441600000,"ModifiedBy":"LANDSD","LastAmendmentDate":1655654400000,"Shape__Length":21.077789098375707}},{"type":"Feature","id":339981,"geometry":{"type":"LineString","coordinates":[[114.16764224306137,22.321039530806456,4.7465999999985797],[114.16750475694934,22.32170334824011,4.8047999999980675]]},"properties":{"OBJECTID":339981,"PedestrianRouteID":240006336,"Location":1,"FeatureType":1,"AliasNameEN":"Shanghai Street","AliasNameTC":"上海街","CrossingFeature":null,"WeatherProof":2,"WheelchairBarrier":2,"WheelchairAccess":2,"ObstaclesType":null,"Gradient":0.00077744999999999995,"Direction":0,"PositionCertainty":1,"Enabled":1,"DataSource":1,"LevelSource":2,"StreetNameEN":"Shanghai Street","StreetNameTC":"上海街","ST_CODE":11984,"FloorID":null,"BuildingID_1":null,"BuildingID_2":null,"SiteID":null,"TerminalID":null,"AccessTimeID":null,"CreationDate":1614441600000,"ModifiedBy":"LANDSD","LastAmendmentDate":1655654400000,"Shape__Length":74.859979297772242}},{"type":"Feature","id":339982,"geometry":{"type":"LineString","coordinates":[[114.16941870093397,22.31722975924502,4.7078000000037719],[114.16918644099044,22.317188612288756,4.5335999999952037]]},"properties":{"OBJECTID":339982,"PedestrianRouteID":240006337,"Location":1,"FeatureType":5,"AliasNameEN":"Lane between   and  ","AliasNameTC":"商貿大廈與 之間的小巷","CrossingFeature":null,"WeatherProof":2,"WheelchairBarrier":1,"WheelchairAccess":2,"ObstaclesType":null,"Gradient":0.0071509800000000004,"Direction":0,"PositionCertainty":1,"Enabled":1,"DataSource":1,"LevelSource":2,"StreetNameEN":null,"StreetNameTC":null,"ST_CODE":801442,"FloorID":null,"BuildingID_1":null,"BuildingID_2":1108236354,"SiteID":null,"TerminalID":null,"AccessTimeID":null,"CreationDate":1614441600000,"ModifiedBy":"LANDSD","LastAmendmentDate":1676390400000,"Shape__Length":24.359891606093719}},{"type":"Feature","id":339983,"geometry":{"type":"LineString","coordinates":[[114.17101214853557,22.318572889710275,5.675199999997858],[114.17082218976003,22.3185391300301,5.7201999999961117]]},"properties":{"OBJECTID":339983,"PedestrianRouteID":240006338,"Location":1,"FeatureType":1,"AliasNameEN":"Nelson Street","AliasNameTC":"奶路臣街","CrossingFeature":null,"WeatherProof":2,"WheelchairBarrier":2,"WheelchairAccess":2,"ObstaclesType":null,"Gradient":0.0022584300000000001,"Direction":0,"PositionCertainty":1,"Enabled":1,"DataSource":1,"LevelSource":2,"StreetNameEN":"Nelson Street","StreetNameTC":"奶路臣街","ST_CODE":11506,"FloorID":null,"BuildingID_1":null,"BuildingID_2":null,"SiteID":null,"TerminalID":null,"AccessTimeID":null,"CreationDate":1614441600000,"ModifiedBy":"LANDSD","LastAmendmentDate":1655654400000,"Shape__Length":19.925289968754278}},{"type":"Feature","id":339984,"geometry":{"type":"LineString","coordinates":[[114.169702140213,22.318314309528638,4.9159999999974389],[114.16969477549227,22.318350306061738,4.7179000000032829]]},"properties":{"OBJECTID":339984,"PedestrianRouteID":240006339,"Location":1,"FeatureType":1,"AliasNameEN":"Nathan Road","AliasNameTC":"彌敦道","CrossingFeature":null,"WeatherProof":3,"WheelchairBarrier":2,"WheelchairAccess":2,"ObstaclesType":null,"Gradient":0.014676059999999999,"Direction":0,"PositionCertainty":1,"Enabled":1,"DataSource":1,"LevelSource":2,"StreetNameEN":"Nathan Road","StreetNameTC":"彌敦道","ST_CODE":11504,"FloorID":null,"BuildingID_1":null,"BuildingID_2":null,"SiteID":null,"TerminalID":null,"AccessTimeID":null,"CreationDate":1614441600000,"ModifiedBy":"LANDSD","LastAmendmentDate":1730995200000,"Shape__Length":4.057643057304718}},{"type":"Feature","id":339985,"geometry":{"type":"LineString","coordinates":[[114.16833698233214,22.319559960150038,4.9576999999990221],[114.16827501420033,22.319867505510921,5.0816000000049826]]},"properties":{"OBJECTID":339985,"PedestrianRouteID":240006340,"Location":1,"FeatureType":1,"AliasNameEN":"Hong Lok Street","AliasNameTC":"康樂街","CrossingFeature":null,"WeatherProof":2,"WheelchairBarrier":2,"WheelchairAccess":2,"ObstaclesType":null,"Gradient":0.00357582,"Direction":0,"PositionCertainty":1,"Enabled":1,"DataSource":1,"LevelSource":2,"StreetNameEN":"Hong Lok Street","StreetNameTC":"康樂街","ST_CODE":10809,"FloorID":null,"BuildingID_1":null,"BuildingID_2":null,"SiteID":null,"TerminalID":null,"AccessTimeID":null,"CreationDate":1614441600000,"ModifiedBy":"LANDSD","LastAmendmentDate":1655654400000,"Shape__Length":34.649230184923155}},{"type":"Feature","id":339986,"geometry":{"type":"LineString","coordinates":[[114.16922589145956,22.320839718841402,10.304000000003725],[114.16952454337344,22.32089426742003,10.304000000003725]]},"properties":{"OBJECTID":339986,"PedestrianRouteID":240006341,"Location":1,"FeatureType":2,"AliasNameEN":"Mong Kok Road Footbridge","AliasNameTC":"旺角道天橋","CrossingFeature":null,"WeatherProof":1,"WheelchairBarrier":2,"WheelchairAccess":2,"ObstaclesType":null,"Gradient":0,"Direction":0,"PositionCertainty":1,"Enabled":1,"DataSource":1,"LevelSource":12,"StreetNameEN":"Mong Kok Road","StreetNameTC":"旺角道","ST_CODE":11454,"FloorID":null,"BuildingID_1":null,"BuildingID_2":null,"SiteID":null,"TerminalID":null,"AccessTimeID":null,"CreationDate":1614441600000,"ModifiedBy":"LANDSD","LastAmendmentDate":1766073600000,"Shape__Length":31.356898111774658}},{"type":"Feature","id":339987,"geometry":{"type":"LineString","coordinates":[[114.16785948165091,22.319976948298873,5.0353999999933876],[114.16770127940843,22.31994901867925,4.6573999999964144]]},"properties":{"OBJECTID":339987,"PedestrianRouteID":240006342,"Location":1,"FeatureType":1,"AliasNameEN":"Fife Street","AliasNameTC":"快富街","CrossingFeature":null,"WeatherProof":2,"WheelchairBarrier":2,"WheelchairAccess":2,"ObstaclesType":null,"Gradient":0.02278053,"Direction":0,"PositionCertainty":1,"Enabled":1,"DataSource":1,"LevelSource":2,"StreetNameEN":"Fife Street","StreetNameTC":"快富街","ST_CODE":10485,"FloorID":null,"BuildingID_1":null,"BuildingID_2":null,"SiteID":null,"TerminalID":null,"AccessTimeID":null,"CreationDate":1614441600000,"ModifiedBy":"LANDSD","LastAmendmentDate":1655654400000,"Shape__Length":16.590243741662373}},{"type":"Feature","id":339988,"geometry":{"type":"LineString","coordinates":[[114.16838256490396,22.317440856571011,4.0941000000020722],[114.16840180561285,22.317362276933046,4.097299999993993]]},"properties":{"OBJECTID":339988,"PedestrianRouteID":240006343,"Location":1,"FeatureType":1,"AliasNameEN":"Shanghai Street","AliasNameTC":"上海街","CrossingFeature":null,"WeatherProof":2,"WheelchairBarrier":2,"WheelchairAccess":2,"ObstaclesType":null,"Gradient":0.00035857,"Direction":0,"PositionCertainty":1,"Enabled":1,"DataSource":1,"LevelSource":2,"StreetNameEN":"Shanghai Street","StreetNameTC":"上海街","ST_CODE":11984,"FloorID":null,"BuildingID_1":null,"BuildingID_2":null,"SiteID":null,"TerminalID":null,"AccessTimeID":null,"CreationDate":1614441600000,"ModifiedBy":"LANDSD","LastAmendmentDate":1655654400000,"Shape__Length":8.9244478918652064}},{"type":"Feature","id":339990,"geometry":{"type":"LineString","coordinates":[[114.17075034821376,22.320496673920204,5.8999999999941792],[114.17061631072148,22.320473104408748,5.8264000000053784]]},"properties":{"OBJECTID":339990,"PedestrianRouteID":240006345,"Location":1,"FeatureType":1,"AliasNameEN":"Fife Street","AliasNameTC":"快富街","CrossingFeature":null,"WeatherProof":2,"WheelchairBarrier":2,"WheelchairAccess":2,"ObstaclesType":null,"Gradient":0.0019353700000000001,"Direction":0,"PositionCertainty":1,"Enabled":1,"DataSource":1,"LevelSource":2,"StreetNameEN":"Fife Street","StreetNameTC":"快富街","ST_CODE":10485,"FloorID":null,"BuildingID_1":null,"BuildingID_2":null,"SiteID":null,"TerminalID":null,"AccessTimeID":null,"CreationDate":1614441600000,"ModifiedBy":"LANDSD","LastAmendmentDate":1689264000000,"Shape__Length":14.054164663909209}},{"type":"Feature","id":339991,"geometry":{"type":"LineString","coordinates":[[114.16916527267483,22.319355967785302,4.9685999999928754],[114.16921170071382,22.319364226645867,4.7758999999932712]]},"properties":{"OBJECTID":339991,"PedestrianRouteID":240006346,"Location":1,"FeatureType":1,"AliasNameEN":"Argyle Street","AliasNameTC":"亞皆老街","CrossingFeature":null,"WeatherProof":2,"WheelchairBarrier":2,"WheelchairAccess":2,"ObstaclesType":null,"Gradient":0.03954739355579049,"Direction":0,"PositionCertainty":1,"Enabled":1,"DataSource":1,"LevelSource":2,"StreetNameEN":"ARGYLE STREET","StreetNameTC":"亞皆老街","ST_CODE":10027,"FloorID":null,"BuildingID_1":null,"BuildingID_2":null,"SiteID":null,"TerminalID":null,"AccessTimeID":null,"CreationDate":1614441600000,"ModifiedBy":"LANDSD","LastAmendmentDate":1783872000000,"Shape__Length":4.8700941202006431}},{"type":"Feature","id":339992,"geometry":{"type":"LineString","coordinates":[[114.16927259762676,22.319134723256841,4.6851000000024214],[114.1692627823596,22.319182046727214,4.6826000000000931]]},"properties":{"OBJECTID":339992,"PedestrianRouteID":240006347,"Location":1,"FeatureType":1,"AliasNameEN":"Nathan Road","AliasNameTC":"彌敦道","CrossingFeature":null,"WeatherProof":2,"WheelchairBarrier":2,"WheelchairAccess":2,"ObstaclesType":null,"Gradient":0.00046842999999999999,"Direction":0,"PositionCertainty":1,"Enabled":1,"DataSource":1,"LevelSource":2,"StreetNameEN":"Nathan Road","StreetNameTC":"彌敦道","ST_CODE":11504,"FloorID":null,"BuildingID_1":null,"BuildingID_2":null,"SiteID":null,"TerminalID":null,"AccessTimeID":null,"CreationDate":1614441600000,"ModifiedBy":"LANDSD","LastAmendmentDate":1655654400000,"Shape__Length":5.3370322422766465}},{"type":"Feature","id":339993,"geometry":{"type":"LineString","coordinates":[[114.16997117975303,22.318017778040886,5.0479000000050291],[114.1700518814004,22.317631236700418,5.0282000000006519]]},"properties":{"OBJECTID":339993,"PedestrianRouteID":240006348,"Location":1,"FeatureType":1,"AliasNameEN":"Footway","AliasNameTC":"行人道","CrossingFeature":null,"WeatherProof":2,"WheelchairBarrier":2,"WheelchairAccess":2,"ObstaclesType":null,"Gradient":0.00045179999999999998,"Direction":0,"PositionCertainty":1,"Enabled":1,"DataSource":1,"LevelSource":2,"StreetNameEN":null,"StreetNameTC":null,"ST_CODE":null,"FloorID":null,"BuildingID_1":null,"BuildingID_2":null,"SiteID":null,"TerminalID":null,"AccessTimeID":null,"CreationDate":1614441600000,"ModifiedBy":"LANDSD","LastAmendmentDate":1655654400000,"Shape__Length":43.603629424991773}},{"type":"Feature","id":339995,"geometry":{"type":"LineString","coordinates":[[114.16790910183884,22.318951237174431,4.605200000005425],[114.16794315697241,22.318784025839463,4.4317000000010012]]},"properties":{"OBJECTID":339995,"PedestrianRouteID":240006350,"Location":1,"FeatureType":5,"AliasNameEN":"Lane between On May Mansion and New Asia Building","AliasNameTC":"安美大廈與新亞大樓之間的小巷","CrossingFeature":null,"WeatherProof":2,"WheelchairBarrier":1,"WheelchairAccess":2,"ObstaclesType":null,"Gradient":0.0092061299999999999,"Direction":0,"PositionCertainty":1,"Enabled":1,"DataSource":1,"LevelSource":2,"StreetNameEN":null,"StreetNameTC":null,"ST_CODE":800556,"FloorID":null,"BuildingID_1":null,"BuildingID_2":1109261283,"SiteID":null,"TerminalID":null,"AccessTimeID":null,"CreationDate":1614441600000,"ModifiedBy":"LANDSD","LastAmendmentDate":1676390400000,"Shape__Length":18.845599576325267}},{"type":"Feature","id":339997,"geometry":{"type":"LineString","coordinates":[[114.16810531819783,22.318714578533228,4.3049999999930151],[114.16812076015469,22.318717222618577,4.3816999999980908]]},"properties":{"OBJECTID":339997,"PedestrianRouteID":240006352,"Location":1,"FeatureType":1,"AliasNameEN":"Shanghai Street","AliasNameTC":"上海街","CrossingFeature":null,"WeatherProof":2,"WheelchairBarrier":2,"WheelchairAccess":2,"ObstaclesType":null,"Gradient":0.047377500000000003,"Direction":0,"PositionCertainty":1,"Enabled":1,"DataSource":1,"LevelSource":2,"StreetNameEN":"Shanghai Street","StreetNameTC":"上海街","ST_CODE":11984,"FloorID":null,"BuildingID_1":null,"BuildingID_2":null,"SiteID":null,"TerminalID":null,"AccessTimeID":null,"CreationDate":1614441600000,"ModifiedBy":"LANDSD","LastAmendmentDate":1655654400000,"Shape__Length":1.6177003091148316}},{"type":"Feature","id":340000,"geometry":{"type":"LineString","coordinates":[[114.16938432283965,22.317396043465397,4.629400000005262],[114.16941870093397,22.31722975924502,4.7078000000037719]]},"properties":{"OBJECTID":340000,"PedestrianRouteID":240006355,"Location":1,"FeatureType":5,"AliasNameEN":"Lane between   and  ","AliasNameTC":" 與商貿大廈之間的小巷","CrossingFeature":null,"WeatherProof":2,"WheelchairBarrier":1,"WheelchairAccess":2,"ObstaclesType":null,"Gradient":0.0041810900000000002,"Direction":0,"PositionCertainty":1,"Enabled":1,"DataSource":1,"LevelSource":2,"StreetNameEN":null,"StreetNameTC":null,"ST_CODE":801442,"FloorID":null,"BuildingID_1":null,"BuildingID_2":1108236264,"SiteID":null,"TerminalID":null,"AccessTimeID":null,"CreationDate":1614441600000,"ModifiedBy":"LANDSD","LastAmendmentDate":1676390400000,"Shape__Length":18.751001417425229}},{"type":"Feature","id":340002,"geometry":{"type":"LineString","coordinates":[[114.16965382608099,22.320595077911655,5.2559000000037486],[114.16969563449814,22.32060293727578,5.2988999999943189]]},"properties":{"OBJECTID":340002,"PedestrianRouteID":240006357,"Location":1,"FeatureType":1,"AliasNameEN":"Sai Yeung Choi Street South","AliasNameTC":"西洋菜南街","CrossingFeature":null,"WeatherProof":2,"WheelchairBarrier":2,"WheelchairAccess":2,"ObstaclesType":null,"Gradient":0.0097846500000000006,"Direction":0,"PositionCertainty":1,"Enabled":1,"DataSource":1,"LevelSource":2,"StreetNameEN":"Sai Yeung Choi Street South","StreetNameTC":"西洋菜南街","ST_CODE":11864,"FloorID":null,"BuildingID_1":null,"BuildingID_2":null,"SiteID":null,"TerminalID":null,"AccessTimeID":null,"CreationDate":1614441600000,"ModifiedBy":"LANDSD","LastAmendmentDate":1655654400000,"Shape__Length":4.3945000014202247}},{"type":"Feature","id":340003,"geometry":{"type":"LineString","coordinates":[[114.17122399874303,22.318566769914199,5.5553000000072643],[114.17121494241199,22.318608929838099,5.536999999996624]]},"properties":{"OBJECTID":340003,"PedestrianRouteID":240006358,"Location":1,"FeatureType":1,"AliasNameEN":"Fa Yuen Street","AliasNameTC":"花園街","CrossingFeature":null,"WeatherProof":2,"WheelchairBarrier":2,"WheelchairAccess":2,"ObstaclesType":null,"Gradient":0.0038438000000000001,"Direction":0,"PositionCertainty":1,"Enabled":1,"DataSource":1,"LevelSource":2,"StreetNameEN":"Fa Yuen Street","StreetNameTC":"花園街","ST_CODE":10419,"FloorID":null,"BuildingID_1":null,"BuildingID_2":null,"SiteID":null,"TerminalID":null,"AccessTimeID":null,"CreationDate":1614441600000,"ModifiedBy":"LANDSD","LastAmendmentDate":1655654400000,"Shape__Length":4.7608957532232443}},{"type":"Feature","id":340004,"geometry":{"type":"LineString","coordinates":[[114.16876458853167,22.319094811549316,4.6282000000064727],[114.16878522899285,22.319098426618712,4.6376000000018394]]},"properties":{"OBJECTID":340004,"PedestrianRouteID":240006359,"Location":1,"FeatureType":1,"AliasNameEN":"Argyle Street","AliasNameTC":"亞皆老街","CrossingFeature":null,"WeatherProof":2,"WheelchairBarrier":2,"WheelchairAccess":2,"ObstaclesType":null,"Gradient":0.0043439200000000002,"Direction":0,"PositionCertainty":1,"Enabled":1,"DataSource":1,"LevelSource":2,"StreetNameEN":"Argyle Street","StreetNameTC":"亞皆老街","ST_CODE":10027,"FloorID":null,"BuildingID_1":null,"BuildingID_2":null,"SiteID":null,"TerminalID":null,"AccessTimeID":null,"CreationDate":1614441600000,"ModifiedBy":"LANDSD","LastAmendmentDate":1655654400000,"Shape__Length":2.1639287419759148}},{"type":"Feature","id":340005,"geometry":{"type":"LineString","coordinates":[[114.17136389057114,22.318627947039946,5.3255999999964843],[114.17136999018744,22.318592221307448,5.3886999999958789]]},"properties":{"OBJECTID":340005,"PedestrianRouteID":240006360,"Location":1,"FeatureType":1,"AliasNameEN":"Fa Yuen Street","AliasNameTC":"花園街","CrossingFeature":null,"WeatherProof":2,"WheelchairBarrier":2,"WheelchairAccess":2,"ObstaclesType":null,"Gradient":0.015751319999999999,"Direction":0,"PositionCertainty":1,"Enabled":1,"DataSource":1,"LevelSource":2,"StreetNameEN":"Fa Yuen Street","StreetNameTC":"花園街","ST_CODE":10419,"FloorID":null,"BuildingID_1":null,"BuildingID_2":null,"SiteID":null,"TerminalID":null,"AccessTimeID":null,"CreationDate":1614441600000,"ModifiedBy":"LANDSD","LastAmendmentDate":1655654400000,"Shape__Length":4.0056819769572165}},{"type":"Feature","id":340006,"geometry":{"type":"LineString","coordinates":[[114.17161324995396,22.318422899331122,5.6206999999994878],[114.17166528698806,22.318164129278845,5.673399999999674]]},"properties":{"OBJECTID":340006,"PedestrianRouteID":240006361,"Location":1,"FeatureType":5,"AliasNameEN":"Lane between   and  ","AliasNameTC":" 與 之間的小巷","CrossingFeature":null,"WeatherProof":2,"WheelchairBarrier":1,"WheelchairAccess":2,"ObstaclesType":null,"Gradient":0.00180696,"Direction":0,"PositionCertainty":1,"Enabled":1,"DataSource":1,"LevelSource":2,"StreetNameEN":null,"StreetNameTC":null,"ST_CODE":800563,"FloorID":null,"BuildingID_1":null,"BuildingID_2":1109261303,"SiteID":null,"TerminalID":null,"AccessTimeID":null,"CreationDate":1614441600000,"ModifiedBy":"LANDSD","LastAmendmentDate":1709654400000,"Shape__Length":29.152065331943128}},{"type":"Feature","id":340007,"geometry":{"type":"LineString","coordinates":[[114.16984627454426,22.320423804861235,5.3460999999952037],[114.169842862054,22.320440223235767,5.3730000000068685]]},"properties":{"OBJECTID":340007,"PedestrianRouteID":240006362,"Location":1,"FeatureType":1,"AliasNameEN":"Fife Street","AliasNameTC":"快富街","CrossingFeature":null,"WeatherProof":2,"WheelchairBarrier":2,"WheelchairAccess":2,"ObstaclesType":null,"Gradient":0.014525649999999999,"Direction":0,"PositionCertainty":1,"Enabled":1,"DataSource":1,"LevelSource":2,"StreetNameEN":"Fife Street","StreetNameTC":"快富街","ST_CODE":10485,"FloorID":null,"BuildingID_1":null,"BuildingID_2":null,"SiteID":null,"TerminalID":null,"AccessTimeID":null,"CreationDate":1614441600000,"ModifiedBy":"LANDSD","LastAmendmentDate":1655654400000,"Shape__Length":1.8517666861242583}},{"type":"Feature","id":340008,"geometry":{"type":"LineString","coordinates":[[114.16866199188534,22.319060184016333,4.4392999999981839],[114.1686336743916,22.319017140063536,4.6885999999940395],[114.16860841789592,22.318978748823266,4.9109999999927823]]},"properties":{"OBJECTID":340008,"PedestrianRouteID":240006363,"Location":1,"FeatureType":1,"AliasNameEN":"Portland Street","AliasNameTC":"砵蘭街","CrossingFeature":null,"WeatherProof":2,"WheelchairBarrier":2,"WheelchairAccess":2,"ObstaclesType":null,"Gradient":0.044584520000000002,"Direction":0,"PositionCertainty":1,"Enabled":1,"DataSource":1,"LevelSource":2,"StreetNameEN":"Portland Street","StreetNameTC":"砵蘭街","ST_CODE":11777,"FloorID":null,"BuildingID_1":null,"BuildingID_2":null,"SiteID":null,"TerminalID":null,"AccessTimeID":null,"CreationDate":1614441600000,"ModifiedBy":"LANDSD","LastAmendmentDate":1690819200000,"Shape__Length":10.572895100494559}},{"type":"Feature","id":340009,"geometry":{"type":"LineString","coordinates":[[114.17042777475751,22.317556870566996,5.3540000000066357],[114.17050800231233,22.317168036089974,5.279500000004191]]},"properties":{"OBJECTID":340009,"PedestrianRouteID":240006364,"Location":1,"FeatureType":1,"AliasNameEN":"Sai Yeung Choi Street South","AliasNameTC":"西洋菜南街","CrossingFeature":null,"WeatherProof":3,"WheelchairBarrier":2,"WheelchairAccess":2,"ObstaclesType":null,"Gradient":0.00163397,"Direction":0,"PositionCertainty":1,"Enabled":1,"DataSource":1,"LevelSource":2,"StreetNameEN":"Sai Yeung Choi Street South","StreetNameTC":"西洋菜南街","ST_CODE":11864,"FloorID":null,"BuildingID_1":null,"BuildingID_2":null,"SiteID":null,"TerminalID":null,"AccessTimeID":null,"CreationDate":1614441600000,"ModifiedBy":"LANDSD","LastAmendmentDate":1766073600000,"Shape__Length":43.84369384004809}},{"type":"Feature","id":340010,"geometry":{"type":"LineString","coordinates":[[114.1690106057783,22.317446364226189,4.338000000003376],[114.16897907281096,22.317440716773575,4.3390999999974156]]},"properties":{"OBJECTID":340010,"PedestrianRouteID":240006365,"Location":1,"FeatureType":1,"AliasNameEN":"Shantung Street","AliasNameTC":"山東街","CrossingFeature":null,"WeatherProof":2,"WheelchairBarrier":2,"WheelchairAccess":2,"ObstaclesType":null,"Gradient":0.00033248000000000002,"Direction":0,"PositionCertainty":1,"Enabled":1,"DataSource":1,"LevelSource":2,"StreetNameEN":"Shantung Street","StreetNameTC":"山東街","ST_CODE":11986,"FloorID":null,"BuildingID_1":null,"BuildingID_2":null,"SiteID":null,"TerminalID":null,"AccessTimeID":null,"CreationDate":1614441600000,"ModifiedBy":"LANDSD","LastAmendmentDate":1655654400000,"Shape__Length":3.308508161081511}},{"type":"Feature","id":340012,"geometry":{"type":"LineString","coordinates":[[114.16822280253812,22.318144971877881,4.3007999999972526],[114.16823918783543,22.31814779390491,4.3686000000016065]]},"properties":{"OBJECTID":340012,"PedestrianRouteID":240006367,"Location":1,"FeatureType":1,"AliasNameEN":"Shanghai Street","AliasNameTC":"上海街","CrossingFeature":null,"WeatherProof":1,"WheelchairBarrier":2,"WheelchairAccess":2,"ObstaclesType":null,"Gradient":0.039470159999999997,"Direction":0,"PositionCertainty":1,"Enabled":1,"DataSource":1,"LevelSource":2,"StreetNameEN":"Shanghai Street","StreetNameTC":"上海街","ST_CODE":11984,"FloorID":null,"BuildingID_1":null,"BuildingID_2":null,"SiteID":null,"TerminalID":null,"AccessTimeID":null,"CreationDate":1614441600000,"ModifiedBy":"LANDSD","LastAmendmentDate":1655654400000,"Shape__Length":1.7168613803204191}},{"type":"Feature","id":340015,"geometry":{"type":"LineString","coordinates":[[114.16810531819783,22.318714578533228,4.3049999999930151],[114.16805681046574,22.318706228936819,4.3080000000045402],[114.16805418827465,22.318700651499377,4.3095000000030268]]},"properties":{"OBJECTID":340015,"PedestrianRouteID":240006370,"Location":2,"FeatureType":1,"AliasNameEN":"Minibus Terminus Under","AliasNameTC":"下層小巴總站","CrossingFeature":null,"WeatherProof":1,"WheelchairBarrier":2,"WheelchairAccess":2,"ObstaclesType":null,"Gradient":0.00078169999999999997,"Direction":0,"PositionCertainty":1,"Enabled":1,"DataSource":1,"LevelSource":2,"StreetNameEN":null,"StreetNameTC":null,"ST_CODE":null,"FloorID":290000078,"BuildingID_1":1108246362,"BuildingID_2":null,"SiteID":1503005285,"TerminalID":null,"AccessTimeID":290000475,"CreationDate":1614441600000,"ModifiedBy":"LANDSD","LastAmendmentDate":1659974400000,"Shape__Length":5.7566720675635956}},{"type":"Feature","id":340016,"geometry":{"type":"LineString","coordinates":[[114.17064021971964,22.318599952372715,5.759699999995064],[114.17064266419824,22.318587938162029,5.7645999999949709]]},"properties":{"OBJECTID":340016,"PedestrianRouteID":240006371,"Location":1,"FeatureType":1,"AliasNameEN":"Tung Choi Street","AliasNameTC":"通菜街","CrossingFeature":null,"WeatherProof":2,"WheelchairBarrier":2,"WheelchairAccess":2,"ObstaclesType":null,"Gradient":0.0036188399999999999,"Direction":0,"PositionCertainty":1,"Enabled":1,"DataSource":1,"LevelSource":2,"StreetNameEN":"Tung Choi Street","StreetNameTC":"通菜街","ST_CODE":12513,"FloorID":null,"BuildingID_1":null,"BuildingID_2":null,"SiteID":null,"TerminalID":null,"AccessTimeID":null,"CreationDate":1614441600000,"ModifiedBy":"LANDSD","LastAmendmentDate":1655654400000,"Shape__Length":1.3540189800211166}},{"type":"Feature","id":340018,"geometry":{"type":"LineString","coordinates":[[114.1702673341032,22.320404910582809,5.6894999999931315],[114.17026597398223,22.320411432422194,5.6563000000023749]]},"properties":{"OBJECTID":340018,"PedestrianRouteID":240006373,"Location":1,"FeatureType":1,"AliasNameEN":"Fife Street","AliasNameTC":"快富街","CrossingFeature":null,"WeatherProof":2,"WheelchairBarrier":2,"WheelchairAccess":2,"ObstaclesType":null,"Gradient":0.045098729999999997,"Direction":0,"PositionCertainty":1,"Enabled":1,"DataSource":1,"LevelSource":2,"StreetNameEN":"Fife Street","StreetNameTC":"快富街","ST_CODE":10485,"FloorID":null,"BuildingID_1":null,"BuildingID_2":null,"SiteID":null,"TerminalID":null,"AccessTimeID":null,"CreationDate":1614441600000,"ModifiedBy":"LANDSD","LastAmendmentDate":1655654400000,"Shape__Length":0.73566354291913649}},{"type":"Feature","id":340019,"geometry":{"type":"LineString","coordinates":[[114.16834829499214,22.320614408972641,4.9244999999937136],[114.16836144673141,22.320613782936977,4.9853000000002794]]},"properties":{"OBJECTID":340019,"PedestrianRouteID":240006374,"Location":1,"FeatureType":1,"AliasNameEN":"Mong Kok Road","AliasNameTC":"旺角道","CrossingFeature":null,"WeatherProof":2,"WheelchairBarrier":2,"WheelchairAccess":2,"ObstaclesType":null,"Gradient":0.04478215,"Direction":0,"PositionCertainty":1,"Enabled":1,"DataSource":1,"LevelSource":12,"StreetNameEN":"Mong Kok Road","StreetNameTC":"旺角道","ST_CODE":11454,"FloorID":null,"BuildingID_1":null,"BuildingID_2":null,"SiteID":null,"TerminalID":null,"AccessTimeID":null,"CreationDate":1614441600000,"ModifiedBy":"LANDSD","LastAmendmentDate":1642608000000,"Shape__Length":1.356776091009775}},{"type":"Feature","id":340023,"geometry":{"type":"LineString","coordinates":[[114.16768537604868,22.320039442923747,4.7505999999993946],[114.16784074813951,22.320067004856561,5.0562000000063563]]},"properties":{"OBJECTID":340023,"PedestrianRouteID":240006378,"Location":1,"FeatureType":1,"AliasNameEN":"Fife Street","AliasNameTC":"快富街","CrossingFeature":null,"WeatherProof":2,"WheelchairBarrier":2,"WheelchairAccess":2,"ObstaclesType":null,"Gradient":0.018750670000000001,"Direction":0,"PositionCertainty":1,"Enabled":1,"DataSource":1,"LevelSource":2,"StreetNameEN":"Fife Street","StreetNameTC":"快富街","ST_CODE":10485,"FloorID":null,"BuildingID_1":null,"BuildingID_2":null,"SiteID":null,"TerminalID":null,"AccessTimeID":null,"CreationDate":1614441600000,"ModifiedBy":"LANDSD","LastAmendmentDate":1655654400000,"Shape__Length":16.296173636332306}},{"type":"Feature","id":340024,"geometry":{"type":"LineString","coordinates":[[114.16983101512442,22.319520096431525,5.0065000000031432],[114.16982421251252,22.319552828429615,4.7014999999955762]]},"properties":{"OBJECTID":340024,"PedestrianRouteID":240006379,"Location":1,"FeatureType":1,"AliasNameEN":"Argyle Street","AliasNameTC":"亞皆老街","CrossingFeature":null,"WeatherProof":1,"WheelchairBarrier":2,"WheelchairAccess":2,"ObstaclesType":null,"Gradient":0.047557259999999997,"Direction":0,"PositionCertainty":1,"Enabled":1,"DataSource":1,"LevelSource":2,"StreetNameEN":"Argyle Street","StreetNameTC":"亞皆老街","ST_CODE":10027,"FloorID":null,"BuildingID_1":null,"BuildingID_2":null,"SiteID":null,"TerminalID":null,"AccessTimeID":null,"CreationDate":1614441600000,"ModifiedBy":"LANDSD","LastAmendmentDate":1764432000000,"Shape__Length":3.6917076881607982}},{"type":"Feature","id":340027,"geometry":{"type":"LineString","coordinates":[[114.16986914373908,22.321308012855162,5.5715999999956694],[114.16991080255306,22.321106479811306,5.4465000000054715]]},"properties":{"OBJECTID":340027,"PedestrianRouteID":240006382,"Location":1,"FeatureType":5,"AliasNameEN":"Lane between Chip Lee Building and  ","AliasNameTC":"捷利大廈與 之間的小巷","CrossingFeature":null,"WeatherProof":2,"WheelchairBarrier":1,"WheelchairAccess":2,"ObstaclesType":null,"Gradient":0.0055047300000000002,"Direction":0,"PositionCertainty":1,"Enabled":1,"DataSource":1,"LevelSource":2,"StreetNameEN":null,"StreetNameTC":null,"ST_CODE":800531,"FloorID":null,"BuildingID_1":null,"BuildingID_2":1108233332,"SiteID":null,"TerminalID":null,"AccessTimeID":null,"CreationDate":1614441600000,"ModifiedBy":"LANDSD","LastAmendmentDate":1676390400000,"Shape__Length":22.725683853531496}},{"type":"Feature","id":340029,"geometry":{"type":"LineString","coordinates":[[114.16813566387796,22.320577350604935,4.8518000000040047],[114.16834829499214,22.320614408972641,4.9244999999937136]]},"properties":{"OBJECTID":340029,"PedestrianRouteID":240006384,"Location":1,"FeatureType":1,"AliasNameEN":"Mong Kok Road","AliasNameTC":"旺角道","CrossingFeature":null,"WeatherProof":2,"WheelchairBarrier":2,"WheelchairAccess":2,"ObstaclesType":null,"Gradient":0.0032618199999999999,"Direction":0,"PositionCertainty":1,"Enabled":1,"DataSource":1,"LevelSource":2,"StreetNameEN":"Mong Kok Road","StreetNameTC":"旺角道","ST_CODE":11454,"FloorID":null,"BuildingID_1":null,"BuildingID_2":null,"SiteID":null,"TerminalID":null,"AccessTimeID":null,"CreationDate":1614441600000,"ModifiedBy":"LANDSD","LastAmendmentDate":1655654400000,"Shape__Length":22.288101737537026}},{"type":"Feature","id":340030,"geometry":{"type":"LineString","coordinates":[[114.1680407779068,22.318974837697628,4.8178000000043539],[114.16792348684561,22.318953815297011,4.6284000000014203]]},"properties":{"OBJECTID":340030,"PedestrianRouteID":240006385,"Location":1,"FeatureType":1,"AliasNameEN":"Argyle Street","AliasNameTC":"亞皆老街","CrossingFeature":null,"WeatherProof":3,"WheelchairBarrier":2,"WheelchairAccess":2,"ObstaclesType":null,"Gradient":0.015388850000000001,"Direction":0,"PositionCertainty":1,"Enabled":1,"DataSource":1,"LevelSource":2,"StreetNameEN":"Argyle Street","StreetNameTC":"亞皆老街","ST_CODE":10027,"FloorID":null,"BuildingID_1":null,"BuildingID_2":null,"SiteID":null,"TerminalID":null,"AccessTimeID":null,"CreationDate":1614441600000,"ModifiedBy":"LANDSD","LastAmendmentDate":1655654400000,"Shape__Length":12.306641174158358}},{"type":"Feature","id":340033,"geometry":{"type":"LineString","coordinates":[[114.1702579293448,22.321184191665527,5.5771999999997206],[114.17022204009152,22.321349254985396,5.6325000000069849]]},"properties":{"OBJECTID":340033,"PedestrianRouteID":240006388,"Location":1,"FeatureType":1,"AliasNameEN":"Tung Choi Street","AliasNameTC":"通菜街","CrossingFeature":null,"WeatherProof":2,"WheelchairBarrier":2,"WheelchairAccess":2,"ObstaclesType":null,"Gradient":0.0029653800000000001,"Direction":0,"PositionCertainty":1,"Enabled":1,"DataSource":1,"LevelSource":2,"StreetNameEN":"Tung Choi Street","StreetNameTC":"通菜街","ST_CODE":12513,"FloorID":null,"BuildingID_1":null,"BuildingID_2":null,"SiteID":null,"TerminalID":null,"AccessTimeID":null,"CreationDate":1614441600000,"ModifiedBy":"LANDSD","LastAmendmentDate":1655654400000,"Shape__Length":18.648491542401175}},{"type":"Feature","id":340036,"geometry":{"type":"LineString","coordinates":[[114.17151708188013,22.319911841693589,5.7372999999934109],[114.17153059224053,22.319845248730353,5.7547000000049593]]},"properties":{"OBJECTID":340036,"PedestrianRouteID":240006391,"Location":1,"FeatureType":1,"AliasNameEN":"Sai Yee Street","AliasNameTC":"洗衣街","CrossingFeature":null,"WeatherProof":3,"WheelchairBarrier":2,"WheelchairAccess":2,"ObstaclesType":null,"Gradient":0.0023186399999999999,"Direction":0,"PositionCertainty":1,"Enabled":1,"DataSource":1,"LevelSource":2,"StreetNameEN":"Sai Yee Street","StreetNameTC":"洗衣街","ST_CODE":11861,"FloorID":null,"BuildingID_1":null,"BuildingID_2":null,"SiteID":null,"TerminalID":null,"AccessTimeID":null,"CreationDate":1614441600000,"ModifiedBy":"LANDSD","LastAmendmentDate":1655654400000,"Shape__Length":7.5043756918193782}},{"type":"Feature","id":340037,"geometry":{"type":"LineString","coordinates":[[114.16898129456361,22.319365975719226,4.7964000000065425],[114.16896233123627,22.319362587424219,4.7547000000049593]]},"properties":{"OBJECTID":340037,"PedestrianRouteID":240006392,"Location":1,"FeatureType":1,"AliasNameEN":"Argyle Street","AliasNameTC":"亞皆老街","CrossingFeature":null,"WeatherProof":2,"WheelchairBarrier":2,"WheelchairAccess":2,"ObstaclesType":null,"Gradient":0.020957170000000001,"Direction":0,"PositionCertainty":1,"Enabled":1,"DataSource":1,"LevelSource":12,"StreetNameEN":"Argyle Street","StreetNameTC":"亞皆老街","ST_CODE":10027,"FloorID":null,"BuildingID_1":null,"BuildingID_2":null,"SiteID":null,"TerminalID":null,"AccessTimeID":null,"CreationDate":1614441600000,"ModifiedBy":"LANDSD","LastAmendmentDate":1642608000000,"Shape__Length":1.9894809501100501}},{"type":"Feature","id":340038,"geometry":{"type":"LineString","coordinates":[[114.17177309212114,22.318677558153464,5.3540999999968335],[114.17176832277505,22.318700523711303,5.3343000000022585]]},"properties":{"OBJECTID":340038,"PedestrianRouteID":240006393,"Location":1,"FeatureType":1,"AliasNameEN":"Sai Yee Street","AliasNameTC":"洗衣街","CrossingFeature":null,"WeatherProof":2,"WheelchairBarrier":2,"WheelchairAccess":2,"ObstaclesType":null,"Gradient":0.0076442799999999998,"Direction":0,"PositionCertainty":1,"Enabled":1,"DataSource":1,"LevelSource":2,"StreetNameEN":"Sai Yee Street","StreetNameTC":"洗衣街","ST_CODE":11861,"FloorID":null,"BuildingID_1":null,"BuildingID_2":null,"SiteID":null,"TerminalID":null,"AccessTimeID":null,"CreationDate":1614441600000,"ModifiedBy":"LANDSD","LastAmendmentDate":1655654400000,"Shape__Length":2.5901222552168441}},{"type":"Feature","id":340039,"geometry":{"type":"LineString","coordinates":[[114.17128067004057,22.320053633963774,5.7780000000057044],[114.17117312401118,22.320571318044113,6.0249999999941792]]},"properties":{"OBJECTID":340039,"PedestrianRouteID":240006394,"Location":1,"FeatureType":5,"AliasNameEN":"Lane between Kin Wong Mansion Stage 1 and Tai On Building","AliasNameTC":"建煌華廈第一期與大安大廈之間的小巷","CrossingFeature":null,"WeatherProof":2,"WheelchairBarrier":1,"WheelchairAccess":2,"ObstaclesType":null,"Gradient":0.0042303999999999996,"Direction":0,"PositionCertainty":1,"Enabled":1,"DataSource":1,"LevelSource":2,"StreetNameEN":null,"StreetNameTC":null,"ST_CODE":800538,"FloorID":null,"BuildingID_1":null,"BuildingID_2":1108233908,"SiteID":null,"TerminalID":null,"AccessTimeID":null,"CreationDate":1614441600000,"ModifiedBy":"LANDSD","LastAmendmentDate":1676390400000,"Shape__Length":58.386614830573848}},{"type":"Feature","id":340042,"geometry":{"type":"LineString","coordinates":[[114.16762372890561,22.321036543339261,4.7102000000013504],[114.16762378520032,22.321036552373062,4.7103000000061002],[114.16764224306137,22.321039530806456,4.7465999999985797]]},"properties":{"OBJECTID":340042,"PedestrianRouteID":240006397,"Location":1,"FeatureType":1,"AliasNameEN":"Shanghai Street","AliasNameTC":"上海街","CrossingFeature":null,"WeatherProof":2,"WheelchairBarrier":2,"WheelchairAccess":1,"ObstaclesType":null,"Gradient":0.018812659999999998,"Direction":0,"PositionCertainty":1,"Enabled":1,"DataSource":1,"LevelSource":2,"StreetNameEN":"Shanghai Street","StreetNameTC":"上海街","ST_CODE":11984,"FloorID":null,"BuildingID_1":null,"BuildingID_2":null,"SiteID":null,"TerminalID":null,"AccessTimeID":null,"CreationDate":1614441600000,"ModifiedBy":"LANDSD","LastAmendmentDate":1690819200000,"Shape__Length":1.9359542219061632}},{"type":"Feature","id":340043,"geometry":{"type":"LineString","coordinates":[[114.1678162361081,22.317988376413489,4.2635000000009313],[114.16782994980842,22.317923533884084,4.33980000000156]]},"properties":{"OBJECTID":340043,"PedestrianRouteID":240006398,"Location":1,"FeatureType":1,"AliasNameEN":"Reclamation Street","AliasNameTC":"新填地街","CrossingFeature":null,"WeatherProof":2,"WheelchairBarrier":2,"WheelchairAccess":2,"ObstaclesType":null,"Gradient":0.013185880000000001,"Direction":0,"PositionCertainty":1,"Enabled":1,"DataSource":1,"LevelSource":2,"StreetNameEN":"Reclamation Street","StreetNameTC":"新填地街","ST_CODE":11810,"FloorID":null,"BuildingID_1":null,"BuildingID_2":null,"SiteID":null,"TerminalID":null,"AccessTimeID":null,"CreationDate":1614441600000,"ModifiedBy":"LANDSD","LastAmendmentDate":1689264000000,"Shape__Length":7.3180120539432547}},{"type":"Feature","id":340047,"geometry":{"type":"LineString","coordinates":[[114.16840180561285,22.317362276933046,4.097299999993993],[114.16840809363819,22.317336263723089,4.0521000000007916]]},"properties":{"OBJECTID":340047,"PedestrianRouteID":240006402,"Location":1,"FeatureType":1,"AliasNameEN":"Shanghai Street","AliasNameTC":"上海街","CrossingFeature":null,"WeatherProof":2,"WheelchairBarrier":2,"WheelchairAccess":2,"ObstaclesType":null,"Gradient":0.01530776,"Direction":0,"PositionCertainty":1,"Enabled":1,"DataSource":1,"LevelSource":2,"StreetNameEN":"Shanghai Street","StreetNameTC":"上海街","ST_CODE":11984,"FloorID":null,"BuildingID_1":null,"BuildingID_2":null,"SiteID":null,"TerminalID":null,"AccessTimeID":null,"CreationDate":1614441600000,"ModifiedBy":"LANDSD","LastAmendmentDate":1655654400000,"Shape__Length":2.9525195426224871}},{"type":"Feature","id":340048,"geometry":{"type":"LineString","coordinates":[[114.16880837225663,22.317291019055553,4.0411000000021886],[114.16883444335956,22.317166608520576,4.0960999999952037]]},"properties":{"OBJECTID":340048,"PedestrianRouteID":240006403,"Location":1,"FeatureType":5,"AliasNameEN":"Lane between Wah May Building Block B and Wah May Building Block A","AliasNameTC":"華美大廈Ｂ座與華美大廈Ａ座之間的小巷","CrossingFeature":null,"WeatherProof":2,"WheelchairBarrier":1,"WheelchairAccess":2,"ObstaclesType":null,"Gradient":0.0039184800000000002,"Direction":0,"PositionCertainty":1,"Enabled":1,"DataSource":1,"LevelSource":2,"StreetNameEN":null,"StreetNameTC":null,"ST_CODE":801440,"FloorID":null,"BuildingID_1":null,"BuildingID_2":1108236326,"SiteID":null,"TerminalID":null,"AccessTimeID":null,"CreationDate":1614441600000,"ModifiedBy":"LANDSD","LastAmendmentDate":1676390400000,"Shape__Length":14.035983614665854}},{"type":"Feature","id":340050,"geometry":{"type":"LineString","coordinates":[[114.16962793493359,22.320902690364342,10.304000000003725],[114.16952655691665,22.320884584909226,10.304000000003725]]},"properties":{"OBJECTID":340050,"PedestrianRouteID":240006405,"Location":1,"FeatureType":2,"AliasNameEN":"Mong Kok Road Footbridge","AliasNameTC":"旺角道天橋","CrossingFeature":null,"WeatherProof":1,"WheelchairBarrier":2,"WheelchairAccess":2,"ObstaclesType":null,"Gradient":0,"Direction":0,"PositionCertainty":1,"Enabled":1,"DataSource":1,"LevelSource":12,"StreetNameEN":"Mong Kok Road","StreetNameTC":"旺角道","ST_CODE":11454,"FloorID":null,"BuildingID_1":null,"BuildingID_2":null,"SiteID":null,"TerminalID":null,"AccessTimeID":null,"CreationDate":1614441600000,"ModifiedBy":"LANDSD","LastAmendmentDate":1658246400000,"Shape__Length":10.635485667315747}},{"type":"Feature","id":340051,"geometry":{"type":"LineString","coordinates":[[114.16952454337344,22.32089426742003,10.304000000003725],[114.16952655691665,22.320884584909226,10.304000000003725]]},"properties":{"OBJECTID":340051,"PedestrianRouteID":240006406,"Location":1,"FeatureType":2,"AliasNameEN":"Mong Kok Road Footbridge","AliasNameTC":"旺角道天橋","CrossingFeature":null,"WeatherProof":1,"WheelchairBarrier":2,"WheelchairAccess":2,"ObstaclesType":null,"Gradient":0,"Direction":0,"PositionCertainty":1,"Enabled":1,"DataSource":1,"LevelSource":12,"StreetNameEN":"Mong Kok Road","StreetNameTC":"旺角道","ST_CODE":11454,"FloorID":null,"BuildingID_1":null,"BuildingID_2":null,"SiteID":null,"TerminalID":null,"AccessTimeID":null,"CreationDate":1614441600000,"ModifiedBy":"LANDSD","LastAmendmentDate":1658246400000,"Shape__Length":1.0920749060840795}},{"type":"Feature","id":340052,"geometry":{"type":"LineString","coordinates":[[114.17119742777786,22.318689271727319,5.4832000000023982],[114.17099460276326,22.318652454042542,5.5524000000004889]]},"properties":{"OBJECTID":340052,"PedestrianRouteID":240006407,"Location":1,"FeatureType":1,"AliasNameEN":"Nelson Street","AliasNameTC":"奶路臣街","CrossingFeature":null,"WeatherProof":2,"WheelchairBarrier":2,"WheelchairAccess":2,"ObstaclesType":null,"Gradient":0.0032501800000000001,"Direction":0,"PositionCertainty":1,"Enabled":1,"DataSource":1,"LevelSource":2,"StreetNameEN":"Nelson Street","StreetNameTC":"奶路臣街","ST_CODE":11506,"FloorID":null,"BuildingID_1":null,"BuildingID_2":null,"SiteID":null,"TerminalID":null,"AccessTimeID":null,"CreationDate":1614441600000,"ModifiedBy":"LANDSD","LastAmendmentDate":1655654400000,"Shape__Length":21.291039765765781}},{"type":"Feature","id":340056,"geometry":{"type":"LineString","coordinates":[[114.17097164663102,22.321505467896451,6.1757999999972526],[114.1708022837723,22.322316626452363,6.4138999999995576]]},"properties":{"OBJECTID":340056,"PedestrianRouteID":240006411,"Location":1,"FeatureType":5,"AliasNameEN":"Lane between Pak Po Mansion and  ","AliasNameTC":"百寶大廈與 之間的小巷","CrossingFeature":null,"WeatherProof":2,"WheelchairBarrier":1,"WheelchairAccess":2,"ObstaclesType":null,"Gradient":0.0026021099999999999,"Direction":0,"PositionCertainty":1,"Enabled":1,"DataSource":1,"LevelSource":2,"StreetNameEN":null,"StreetNameTC":null,"ST_CODE":800529,"FloorID":null,"BuildingID_1":null,"BuildingID_2":1108232495,"SiteID":null,"TerminalID":null,"AccessTimeID":null,"CreationDate":1614441600000,"ModifiedBy":"LANDSD","LastAmendmentDate":1676390400000,"Shape__Length":91.502537731005404}},{"type":"Feature","id":340058,"geometry":{"type":"LineString","coordinates":[[114.16924936982896,22.319179698146097,4.6453000000037719],[114.16900984087859,22.319137755913474,4.6107000000047265]]},"properties":{"OBJECTID":340058,"PedestrianRouteID":240006413,"Location":1,"FeatureType":1,"AliasNameEN":"Argyle Street","AliasNameTC":"亞皆老街","CrossingFeature":null,"WeatherProof":2,"WheelchairBarrier":2,"WheelchairAccess":2,"ObstaclesType":null,"Gradient":0.00137784,"Direction":0,"PositionCertainty":1,"Enabled":1,"DataSource":1,"LevelSource":2,"StreetNameEN":"Argyle Street","StreetNameTC":"亞皆老街","ST_CODE":10027,"FloorID":null,"BuildingID_1":null,"BuildingID_2":null,"SiteID":null,"TerminalID":null,"AccessTimeID":null,"CreationDate":1614441600000,"ModifiedBy":"LANDSD","LastAmendmentDate":1655654400000,"Shape__Length":25.111799530916052}},{"type":"Feature","id":340059,"geometry":{"type":"LineString","coordinates":[[114.16886513229889,22.317592070335035,3.8004999999975553],[114.16887252801006,22.317560327248753,4.1554999999934807],[114.16898225988675,22.317585331996554,4.1655999999929918]]},"properties":{"OBJECTID":340059,"PedestrianRouteID":240006414,"Location":1,"FeatureType":1,"AliasNameEN":"Portland Street","AliasNameTC":"砵蘭街","CrossingFeature":null,"WeatherProof":2,"WheelchairBarrier":2,"WheelchairAccess":2,"ObstaclesType":null,"Gradient":0.02395748,"Direction":0,"PositionCertainty":1,"Enabled":1,"DataSource":1,"LevelSource":2,"StreetNameEN":"Portland Street","StreetNameTC":"砵蘭街","ST_CODE":11777,"FloorID":null,"BuildingID_1":null,"BuildingID_2":null,"SiteID":null,"TerminalID":null,"AccessTimeID":null,"CreationDate":1614441600000,"ModifiedBy":"LANDSD","LastAmendmentDate":1655654400000,"Shape__Length":15.236584563715539}},{"type":"Feature","id":340061,"geometry":{"type":"LineString","coordinates":[[114.16881687851924,22.320163017833767,4.977100000003702],[114.16879364545659,22.320158805718123,4.9777000000030966]]},"properties":{"OBJECTID":340061,"PedestrianRouteID":240006416,"Location":1,"FeatureType":1,"AliasNameEN":"Mong Kok Station","AliasNameTC":"旺角站","CrossingFeature":null,"WeatherProof":2,"WheelchairBarrier":2,"WheelchairAccess":2,"ObstaclesType":null,"Gradient":0.00024603,"Direction":0,"PositionCertainty":1,"Enabled":1,"DataSource":1,"LevelSource":12,"StreetNameEN":"Fife Street","StreetNameTC":"快富街","ST_CODE":10485,"FloorID":null,"BuildingID_1":null,"BuildingID_2":null,"SiteID":null,"TerminalID":1511000291,"AccessTimeID":null,"CreationDate":1614441600000,"ModifiedBy":"LANDSD","LastAmendmentDate":1764518400000,"Shape__Length":2.4386954256432944}},{"type":"Feature","id":340066,"geometry":{"type":"LineString","coordinates":[[114.16956723554723,22.320012379533519,4.7332000000023982],[114.16967658278803,22.319492491292579,4.8739000000059605]]},"properties":{"OBJECTID":340066,"PedestrianRouteID":240006422,"Location":1,"FeatureType":1,"AliasNameEN":"Footway","AliasNameTC":"行人道","CrossingFeature":null,"WeatherProof":2,"WheelchairBarrier":2,"WheelchairAccess":2,"ObstaclesType":null,"Gradient":0.0023985,"Direction":0,"PositionCertainty":1,"Enabled":1,"DataSource":1,"LevelSource":2,"StreetNameEN":null,"StreetNameTC":null,"ST_CODE":null,"FloorID":null,"BuildingID_1":null,"BuildingID_2":null,"SiteID":null,"TerminalID":null,"AccessTimeID":null,"CreationDate":1614441600000,"ModifiedBy":"LANDSD","LastAmendmentDate":1655654400000,"Shape__Length":58.661636546158384}},{"type":"Feature","id":340068,"geometry":{"type":"LineString","coordinates":[[114.16844884165536,22.319578783922839,4.9685000000026776],[114.16833698233214,22.319559960150038,4.9576999999990221]]},"properties":{"OBJECTID":340068,"PedestrianRouteID":240006424,"Location":1,"FeatureType":5,"AliasNameEN":"Lane between   and  ","AliasNameTC":"華康樓ＡＢ座與 之間的小巷","CrossingFeature":null,"WeatherProof":2,"WheelchairBarrier":1,"WheelchairAccess":2,"ObstaclesType":null,"Gradient":0.00092215000000000005,"Direction":0,"PositionCertainty":1,"Enabled":1,"DataSource":1,"LevelSource":2,"StreetNameEN":"Hong Lok Street","StreetNameTC":"康樂街","ST_CODE":10809,"FloorID":null,"BuildingID_1":null,"BuildingID_2":1108234791,"SiteID":null,"TerminalID":null,"AccessTimeID":null,"CreationDate":1614441600000,"ModifiedBy":"LANDSD","LastAmendmentDate":1676390400000,"Shape__Length":11.711769399495585}},{"type":"Feature","id":340072,"geometry":{"type":"LineString","coordinates":[[114.1695377967427,22.317424514880262,4.7241000000067288],[114.16938432283965,22.317396043465397,4.629400000005262]]},"properties":{"OBJECTID":340072,"PedestrianRouteID":240006428,"Location":1,"FeatureType":1,"AliasNameEN":"Shantung Street","AliasNameTC":"山東街","CrossingFeature":null,"WeatherProof":2,"WheelchairBarrier":2,"WheelchairAccess":2,"ObstaclesType":null,"Gradient":0.0058732400000000001,"Direction":0,"PositionCertainty":1,"Enabled":1,"DataSource":1,"LevelSource":2,"StreetNameEN":"Shantung Street","StreetNameTC":"山東街","ST_CODE":11986,"FloorID":null,"BuildingID_1":null,"BuildingID_2":null,"SiteID":null,"TerminalID":null,"AccessTimeID":null,"CreationDate":1614441600000,"ModifiedBy":"LANDSD","LastAmendmentDate":1689609600000,"Shape__Length":16.123789421631749}},{"type":"Feature","id":340073,"geometry":{"type":"LineString","coordinates":[[114.16826561086839,22.321683408227621,5.1540999999997439],[114.16849159224728,22.321725259642641,5.3120999999955529]]},"properties":{"OBJECTID":340073,"PedestrianRouteID":240006429,"Location":1,"FeatureType":5,"AliasNameEN":null,"AliasNameTC":null,"CrossingFeature":null,"WeatherProof":2,"WheelchairBarrier":1,"WheelchairAccess":2,"ObstaclesType":null,"Gradient":0.0066555900000000003,"Direction":0,"PositionCertainty":1,"Enabled":1,"DataSource":1,"LevelSource":12,"StreetNameEN":null,"StreetNameTC":null,"ST_CODE":null,"FloorID":null,"BuildingID_1":1108232814,"BuildingID_2":1109261322,"SiteID":null,"TerminalID":null,"AccessTimeID":null,"CreationDate":1614441600000,"ModifiedBy":"LANDSD","LastAmendmentDate":1676390400000,"Shape__Length":23.739104413251649}},{"type":"Feature","id":340075,"geometry":{"type":"LineString","coordinates":[[114.17009579838466,22.318481608203548,4.9541000000026543],[114.17008968708539,22.318511427878672,5.1000000000058208]]},"properties":{"OBJECTID":340075,"PedestrianRouteID":240006431,"Location":1,"FeatureType":1,"AliasNameEN":"Sai Yeung Choi Street South","AliasNameTC":"西洋菜南街","CrossingFeature":null,"WeatherProof":2,"WheelchairBarrier":2,"WheelchairAccess":2,"ObstaclesType":null,"Gradient":0.043375150000000001,"Direction":0,"PositionCertainty":1,"Enabled":1,"DataSource":1,"LevelSource":2,"StreetNameEN":"Sai Yeung Choi Street South","StreetNameTC":"西洋菜南街","ST_CODE":11864,"FloorID":null,"BuildingID_1":null,"BuildingID_2":null,"SiteID":null,"TerminalID":null,"AccessTimeID":null,"CreationDate":1614441600000,"ModifiedBy":"LANDSD","LastAmendmentDate":1655654400000,"Shape__Length":3.3615672913971286}},{"type":"Feature","id":340076,"geometry":{"type":"LineString","coordinates":[[114.17045985055631,22.320445592956101,5.7424999999930151],[114.17061631072148,22.320473104408748,5.8264000000053784]]},"properties":{"OBJECTID":340076,"PedestrianRouteID":240006432,"Location":1,"FeatureType":1,"AliasNameEN":"Fife Street","AliasNameTC":"快富街","CrossingFeature":null,"WeatherProof":2,"WheelchairBarrier":2,"WheelchairAccess":2,"ObstaclesType":null,"Gradient":0.0051141800000000003,"Direction":0,"PositionCertainty":1,"Enabled":1,"DataSource":1,"LevelSource":2,"StreetNameEN":"Fife Street","StreetNameTC":"快富街","ST_CODE":10485,"FloorID":null,"BuildingID_1":null,"BuildingID_2":null,"SiteID":null,"TerminalID":null,"AccessTimeID":null,"CreationDate":1614441600000,"ModifiedBy":"LANDSD","LastAmendmentDate":1655654400000,"Shape__Length":16.405221657027116}},{"type":"Feature","id":340077,"geometry":{"type":"LineString","coordinates":[[114.16900984087859,22.319137755913474,4.6107000000047265],[114.1691801796418,22.318313011526762,4.7584000000060769]]},"properties":{"OBJECTID":340077,"PedestrianRouteID":240006433,"Location":1,"FeatureType":5,"AliasNameEN":"Lane between HSBC Building Mongkok and Mongkok Commercial Centre","AliasNameTC":"旺角滙豐大廈與旺角商業大廈之間的小巷","CrossingFeature":null,"WeatherProof":2,"WheelchairBarrier":1,"WheelchairAccess":2,"ObstaclesType":null,"Gradient":0.00158819,"Direction":0,"PositionCertainty":1,"Enabled":1,"DataSource":1,"LevelSource":2,"StreetNameEN":null,"StreetNameTC":null,"ST_CODE":800555,"FloorID":null,"BuildingID_1":null,"BuildingID_2":1108235140,"SiteID":null,"TerminalID":null,"AccessTimeID":null,"CreationDate":1614441600000,"ModifiedBy":"LANDSD","LastAmendmentDate":1676390400000,"Shape__Length":92.998758032184014}},{"type":"Feature","id":340080,"geometry":{"type":"LineString","coordinates":[[114.16930022844362,22.320746508531663,5.0170000000071013],[114.16961006141533,22.320804176638994,4.9692999999970198]]},"properties":{"OBJECTID":340080,"PedestrianRouteID":240006436,"Location":1,"FeatureType":1,"AliasNameEN":"Mong Kok Road","AliasNameTC":"旺角道","CrossingFeature":null,"WeatherProof":2,"WheelchairBarrier":2,"WheelchairAccess":2,"ObstaclesType":null,"Gradient":0.00146525,"Direction":0,"PositionCertainty":1,"Enabled":1,"DataSource":1,"LevelSource":2,"StreetNameEN":"Mong Kok Road","StreetNameTC":"旺角道","ST_CODE":11454,"FloorID":null,"BuildingID_1":null,"BuildingID_2":null,"SiteID":null,"TerminalID":null,"AccessTimeID":null,"CreationDate":1614441600000,"ModifiedBy":"LANDSD","LastAmendmentDate":1655654400000,"Shape__Length":32.554062512321025}},{"type":"Feature","id":340081,"geometry":{"type":"LineString","coordinates":[[114.16847672373821,22.317936342270695,4.2357999999949243],[114.16846601439332,22.317934505798473,4.2473999999929219]]},"properties":{"OBJECTID":340081,"PedestrianRouteID":240006437,"Location":1,"FeatureType":1,"AliasNameEN":"Shanghai Street","AliasNameTC":"上海街","CrossingFeature":null,"WeatherProof":2,"WheelchairBarrier":2,"WheelchairAccess":2,"ObstaclesType":null,"Gradient":0.01033857,"Direction":0,"PositionCertainty":1,"Enabled":1,"DataSource":1,"LevelSource":2,"StreetNameEN":"Shanghai Street","StreetNameTC":"上海街","ST_CODE":11984,"FloorID":null,"BuildingID_1":null,"BuildingID_2":null,"SiteID":null,"TerminalID":null,"AccessTimeID":null,"CreationDate":1614441600000,"ModifiedBy":"LANDSD","LastAmendmentDate":1655654400000,"Shape__Length":1.1219725711926283}},{"type":"Feature","id":340082,"geometry":{"type":"LineString","coordinates":[[114.16975912404284,22.318361639568806,4.6535000000003492],[114.16969477549227,22.318350306061738,4.7179000000032829]]},"properties":{"OBJECTID":340082,"PedestrianRouteID":240006438,"Location":1,"FeatureType":1,"AliasNameEN":"Nelson Street","AliasNameTC":"奶路臣街","CrossingFeature":null,"WeatherProof":3,"WheelchairBarrier":2,"WheelchairAccess":2,"ObstaclesType":null,"Gradient":0.0095438699999999994,"Direction":0,"PositionCertainty":1,"Enabled":1,"DataSource":1,"LevelSource":2,"StreetNameEN":"Nelson Street","StreetNameTC":"奶路臣街","ST_CODE":11506,"FloorID":null,"BuildingID_1":null,"BuildingID_2":null,"SiteID":null,"TerminalID":null,"AccessTimeID":null,"CreationDate":1614441600000,"ModifiedBy":"LANDSD","LastAmendmentDate":1655654400000,"Shape__Length":6.7475807590151833}},{"type":"Feature","id":340083,"geometry":{"type":"LineString","coordinates":[[114.16922122554524,22.320646598490608,4.853000000002794],[114.16920401126339,22.320728972041508,4.9946999999956461]]},"properties":{"OBJECTID":340083,"PedestrianRouteID":240006439,"Location":1,"FeatureType":1,"AliasNameEN":"Nathan Road","AliasNameTC":"彌敦道","CrossingFeature":null,"WeatherProof":2,"WheelchairBarrier":2,"WheelchairAccess":2,"ObstaclesType":null,"Gradient":0.015247790000000001,"Direction":0,"PositionCertainty":1,"Enabled":1,"DataSource":1,"LevelSource":2,"StreetNameEN":"Nathan Road","StreetNameTC":"彌敦道","ST_CODE":11504,"FloorID":null,"BuildingID_1":null,"BuildingID_2":null,"SiteID":null,"TerminalID":null,"AccessTimeID":null,"CreationDate":1614441600000,"ModifiedBy":"LANDSD","LastAmendmentDate":1655654400000,"Shape__Length":9.2924321089735358}},{"type":"Feature","id":340084,"geometry":{"type":"LineString","coordinates":[[114.1693227945549,22.320356312099292,4.8999999999941792],[114.1693281225546,22.320331470989771,4.8283999999985099],[114.16934948435161,22.320335440019477,4.8000000000029104]]},"properties":{"OBJECTID":340084,"PedestrianRouteID":240006440,"Location":1,"FeatureType":1,"AliasNameEN":"Fife Street","AliasNameTC":"快富街","CrossingFeature":null,"WeatherProof":2,"WheelchairBarrier":2,"WheelchairAccess":2,"ObstaclesType":null,"Gradient":0.019801969999999999,"Direction":0,"PositionCertainty":1,"Enabled":1,"DataSource":1,"LevelSource":2,"StreetNameEN":"Fife Street","StreetNameTC":"快富街","ST_CODE":10485,"FloorID":null,"BuildingID_1":null,"BuildingID_2":null,"SiteID":null,"TerminalID":null,"AccessTimeID":null,"CreationDate":1614441600000,"ModifiedBy":"LANDSD","LastAmendmentDate":1655654400000,"Shape__Length":5.0493437450050038}},{"type":"Feature","id":340085,"geometry":{"type":"LineString","coordinates":[[114.17190156716804,22.317966213965352,5.8911999999982072],[114.1715144190898,22.317898484005607,5.5209000000031665]]},"properties":{"OBJECTID":340085,"PedestrianRouteID":240006441,"Location":1,"FeatureType":1,"AliasNameEN":"Shantung Street","AliasNameTC":"山東街","CrossingFeature":null,"WeatherProof":2,"WheelchairBarrier":2,"WheelchairAccess":2,"ObstaclesType":null,"Gradient":0.0091233500000000006,"Direction":0,"PositionCertainty":1,"Enabled":1,"DataSource":1,"LevelSource":2,"StreetNameEN":"Shantung Street","StreetNameTC":"山東街","ST_CODE":11986,"FloorID":null,"BuildingID_1":null,"BuildingID_2":null,"SiteID":null,"TerminalID":null,"AccessTimeID":null,"CreationDate":1614441600000,"ModifiedBy":"LANDSD","LastAmendmentDate":1655654400000,"Shape__Length":40.58702968486638}},{"type":"Feature","id":340086,"geometry":{"type":"LineString","coordinates":[[114.17042701187373,22.321386827764552,5.9285999999992782],[114.17025076823953,22.322218362109663,6.2578000000066822]]},"properties":{"OBJECTID":340086,"PedestrianRouteID":240006442,"Location":1,"FeatureType":5,"AliasNameEN":"Lane between Kiu Ming Mansion and  ","AliasNameTC":"僑明大廈與 之間的小巷","CrossingFeature":null,"WeatherProof":2,"WheelchairBarrier":1,"WheelchairAccess":2,"ObstaclesType":null,"Gradient":0.0035076,"Direction":0,"PositionCertainty":1,"Enabled":1,"DataSource":1,"LevelSource":2,"StreetNameEN":null,"StreetNameTC":null,"ST_CODE":800530,"FloorID":null,"BuildingID_1":null,"BuildingID_2":1109261368,"SiteID":null,"TerminalID":null,"AccessTimeID":null,"CreationDate":1614441600000,"ModifiedBy":"LANDSD","LastAmendmentDate":1676390400000,"Shape__Length":93.85300312764106}},{"type":"Feature","id":340091,"geometry":{"type":"LineString","coordinates":[[114.17099460276326,22.318652454042542,5.5524000000004889],[114.17080474873838,22.318617989959584,5.7620000000024447]]},"properties":{"OBJECTID":340091,"PedestrianRouteID":240006447,"Location":1,"FeatureType":1,"AliasNameEN":"Nelson Street","AliasNameTC":"奶路臣街","CrossingFeature":null,"WeatherProof":2,"WheelchairBarrier":2,"WheelchairAccess":2,"ObstaclesType":null,"Gradient":0.0105167,"Direction":0,"PositionCertainty":1,"Enabled":1,"DataSource":1,"LevelSource":2,"StreetNameEN":"Nelson Street","StreetNameTC":"奶路臣街","ST_CODE":11506,"FloorID":null,"BuildingID_1":null,"BuildingID_2":null,"SiteID":null,"TerminalID":null,"AccessTimeID":null,"CreationDate":1614441600000,"ModifiedBy":"LANDSD","LastAmendmentDate":1655654400000,"Shape__Length":19.929468131541515}},{"type":"Feature","id":340092,"geometry":{"type":"LineString","coordinates":[[114.16895094625207,22.319360553181525,4.8105000000068685],[114.16882017522197,22.31933719004472,4.650500000003376]]},"properties":{"OBJECTID":340092,"PedestrianRouteID":240006448,"Location":1,"FeatureType":1,"AliasNameEN":"Argyle Street","AliasNameTC":"亞皆老街","CrossingFeature":null,"WeatherProof":3,"WheelchairBarrier":2,"WheelchairAccess":2,"ObstaclesType":null,"Gradient":0.01166179,"Direction":0,"PositionCertainty":1,"Enabled":1,"DataSource":1,"LevelSource":12,"StreetNameEN":"Argyle Street","StreetNameTC":"亞皆老街","ST_CODE":10027,"FloorID":null,"BuildingID_1":null,"BuildingID_2":null,"SiteID":null,"TerminalID":null,"AccessTimeID":null,"CreationDate":1614441600000,"ModifiedBy":"LANDSD","LastAmendmentDate":1642608000000,"Shape__Length":13.719401317472695}},{"type":"Feature","id":340094,"geometry":{"type":"LineString","coordinates":[[114.17062300592939,22.31849817780822,5.5893999999971129],[114.17045681694019,22.318468112121458,5.4992999999958556]]},"properties":{"OBJECTID":340094,"PedestrianRouteID":240006450,"Location":1,"FeatureType":1,"AliasNameEN":"Nelson Street","AliasNameTC":"奶路臣街","CrossingFeature":null,"WeatherProof":2,"WheelchairBarrier":2,"WheelchairAccess":2,"ObstaclesType":null,"Gradient":0.0051653100000000002,"Direction":0,"PositionCertainty":1,"Enabled":1,"DataSource":1,"LevelSource":2,"StreetNameEN":"Nelson Street","StreetNameTC":"奶路臣街","ST_CODE":11506,"FloorID":null,"BuildingID_1":null,"BuildingID_2":null,"SiteID":null,"TerminalID":null,"AccessTimeID":null,"CreationDate":1614441600000,"ModifiedBy":"LANDSD","LastAmendmentDate":1655654400000,"Shape__Length":17.443136435047396}},{"type":"Feature","id":340095,"geometry":{"type":"LineString","coordinates":[[114.16823918783543,22.31814779390491,4.3686000000016065],[114.16824188395184,22.318134833336718,4.4481999999989057],[114.16824189268985,22.318134789087271,4.448499999998603]]},"properties":{"OBJECTID":340095,"PedestrianRouteID":240006451,"Location":1,"FeatureType":1,"AliasNameEN":"Shanghai Street","AliasNameTC":"上海街","CrossingFeature":null,"WeatherProof":1,"WheelchairBarrier":2,"WheelchairAccess":2,"ObstaclesType":null,"Gradient":0.054369380000000002,"Direction":0,"PositionCertainty":1,"Enabled":1,"DataSource":1,"LevelSource":2,"StreetNameEN":"Shanghai Street","StreetNameTC":"上海街","ST_CODE":11984,"FloorID":null,"BuildingID_1":null,"BuildingID_2":null,"SiteID":null,"TerminalID":null,"AccessTimeID":null,"CreationDate":1614441600000,"ModifiedBy":"LANDSD","LastAmendmentDate":1690819200000,"Shape__Length":1.4668014939346157}},{"type":"Feature","id":340096,"geometry":{"type":"LineString","coordinates":[[114.16768204707273,22.321749101900163,4.9259000000020023],[114.16788399254251,22.321784207854758,4.9756000000052154]]},"properties":{"OBJECTID":340096,"PedestrianRouteID":240006452,"Location":1,"FeatureType":1,"AliasNameEN":"Bute Street","AliasNameTC":"弼街","CrossingFeature":null,"WeatherProof":2,"WheelchairBarrier":2,"WheelchairAccess":2,"ObstaclesType":null,"Gradient":0.0023481000000000001,"Direction":0,"PositionCertainty":1,"Enabled":1,"DataSource":1,"LevelSource":2,"StreetNameEN":"Bute Street","StreetNameTC":"弼街","ST_CODE":10100,"FloorID":null,"BuildingID_1":null,"BuildingID_2":null,"SiteID":null,"TerminalID":null,"AccessTimeID":null,"CreationDate":1614441600000,"ModifiedBy":"LANDSD","LastAmendmentDate":1655654400000,"Shape__Length":21.166022510049743}},{"type":"Feature","id":340097,"geometry":{"type":"LineString","coordinates":[[114.17128067004057,22.320053633963774,5.7780000000057044],[114.17148107166419,22.320089326896007,5.74649999999383]]},"properties":{"OBJECTID":340097,"PedestrianRouteID":240006453,"Location":1,"FeatureType":5,"AliasNameEN":"Lane between   and  ","AliasNameTC":" 與 之間的小巷","CrossingFeature":null,"WeatherProof":2,"WheelchairBarrier":1,"WheelchairAccess":2,"ObstaclesType":null,"Gradient":0.0014984200000000001,"Direction":0,"PositionCertainty":1,"Enabled":1,"DataSource":1,"LevelSource":2,"StreetNameEN":null,"StreetNameTC":null,"ST_CODE":800538,"FloorID":null,"BuildingID_1":null,"BuildingID_2":1108234237,"SiteID":null,"TerminalID":null,"AccessTimeID":null,"CreationDate":1614441600000,"ModifiedBy":"LANDSD","LastAmendmentDate":1676390400000,"Shape__Length":21.022058181662935}},{"type":"Feature","id":340099,"geometry":{"type":"LineString","coordinates":[[114.17174665818129,22.317387431942986,6.0461000000068452],[114.17176270673863,22.317415208754422,6.0038000000058673],[114.17178902838558,22.317431038404571,5.9802999999956228],[114.17181265115271,22.317438287997113,5.9700000000011642]]},"properties":{"OBJECTID":340099,"PedestrianRouteID":240006455,"Location":1,"FeatureType":23,"AliasNameEN":"Sai Yee Street Garden","AliasNameTC":"洗衣街花園","CrossingFeature":null,"WeatherProof":2,"WheelchairBarrier":2,"WheelchairAccess":2,"ObstaclesType":null,"Gradient":0.0081966299999999999,"Direction":0,"PositionCertainty":1,"Enabled":1,"DataSource":1,"LevelSource":2,"StreetNameEN":null,"StreetNameTC":null,"ST_CODE":null,"FloorID":null,"BuildingID_1":null,"BuildingID_2":null,"SiteID":1503005468,"TerminalID":null,"AccessTimeID":240000043,"CreationDate":1614441600000,"ModifiedBy":"LANDSD","LastAmendmentDate":1655654400000,"Shape__Length":9.2841000735650283}},{"type":"Feature","id":340100,"geometry":{"type":"LineString","coordinates":[[114.16840809363819,22.317336263723089,4.0521000000007916],[114.16824643423655,22.317306688169843,3.9836999999970431]]},"properties":{"OBJECTID":340100,"PedestrianRouteID":240006456,"Location":1,"FeatureType":1,"AliasNameEN":"Shantung Street","AliasNameTC":"山東街","CrossingFeature":null,"WeatherProof":2,"WheelchairBarrier":2,"WheelchairAccess":2,"ObstaclesType":null,"Gradient":0.0040294700000000003,"Direction":0,"PositionCertainty":1,"Enabled":1,"DataSource":1,"LevelSource":2,"StreetNameEN":"Shantung Street","StreetNameTC":"山東街","ST_CODE":11986,"FloorID":null,"BuildingID_1":null,"BuildingID_2":null,"SiteID":null,"TerminalID":null,"AccessTimeID":null,"CreationDate":1614441600000,"ModifiedBy":"LANDSD","LastAmendmentDate":1655654400000,"Shape__Length":16.974846038439996}},{"type":"Feature","id":340101,"geometry":{"type":"LineString","coordinates":[[114.16823454454008,22.319003743279392,4.4360000000015134],[114.16823998341323,22.318977520526417,4.2982000000047265]]},"properties":{"OBJECTID":340101,"PedestrianRouteID":240006457,"Location":1,"FeatureType":1,"AliasNameEN":"Argyle Street","AliasNameTC":"亞皆老街","CrossingFeature":null,"WeatherProof":2,"WheelchairBarrier":2,"WheelchairAccess":2,"ObstaclesType":null,"Gradient":0.046562199999999998,"Direction":0,"PositionCertainty":1,"Enabled":1,"DataSource":1,"LevelSource":2,"StreetNameEN":"Argyle Street","StreetNameTC":"亞皆老街","ST_CODE":10027,"FloorID":null,"BuildingID_1":null,"BuildingID_2":null,"SiteID":null,"TerminalID":null,"AccessTimeID":null,"CreationDate":1614441600000,"ModifiedBy":"LANDSD","LastAmendmentDate":1655654400000,"Shape__Length":2.9573431450088026}},{"type":"Feature","id":340103,"geometry":{"type":"LineString","coordinates":[[114.16879980993872,22.318391087919622,4.2388999999966472],[114.1687304057229,22.318731727552752,3.9624999999941792],[114.16874216555135,22.318746271010106,4.1230000000068685],[114.16868558169585,22.319018437666422,4.448499999998603],[114.16867987397821,22.319045892193859,4.4812999999994645],[114.16866199188534,22.319060184016333,4.4392999999981839]]},"properties":{"OBJECTID":340103,"PedestrianRouteID":240006460,"Location":1,"FeatureType":1,"AliasNameEN":"Portland Street","AliasNameTC":"砵蘭街","CrossingFeature":null,"WeatherProof":2,"WheelchairBarrier":2,"WheelchairAccess":2,"ObstaclesType":null,"Gradient":0.0026151600000000001,"Direction":0,"PositionCertainty":1,"Enabled":1,"DataSource":1,"LevelSource":2,"StreetNameEN":"Portland Street","StreetNameTC":"砵蘭街","ST_CODE":11777,"FloorID":null,"BuildingID_1":null,"BuildingID_2":null,"SiteID":null,"TerminalID":null,"AccessTimeID":null,"CreationDate":1614441600000,"ModifiedBy":"LANDSD","LastAmendmentDate":1690819200000,"Shape__Length":76.630025103493068}},{"type":"Feature","id":340104,"geometry":{"type":"LineString","coordinates":[[114.17018641792394,22.31978655996576,5.3656000000046333],[114.17038906198449,22.319821365730114,5.3913000000029569]]},"properties":{"OBJECTID":340104,"PedestrianRouteID":240006461,"Location":1,"FeatureType":5,"AliasNameEN":"Lane between Wang On Building and  ","AliasNameTC":"宏安大廈與 之間的小巷","CrossingFeature":null,"WeatherProof":2,"WheelchairBarrier":1,"WheelchairAccess":2,"ObstaclesType":null,"Gradient":0.00121049,"Direction":0,"PositionCertainty":1,"Enabled":1,"DataSource":1,"LevelSource":2,"StreetNameEN":null,"StreetNameTC":null,"ST_CODE":800541,"FloorID":null,"BuildingID_1":null,"BuildingID_2":1108234482,"SiteID":null,"TerminalID":null,"AccessTimeID":null,"CreationDate":1614441600000,"ModifiedBy":"LANDSD","LastAmendmentDate":1676390400000,"Shape__Length":21.231003448710361}},{"type":"Feature","id":340109,"geometry":{"type":"LineString","coordinates":[[114.17017949216608,22.321354521693156,4.9370000000053551],[114.17018965086862,22.321307276760088,6.6999999999970896]]},"properties":{"OBJECTID":340109,"PedestrianRouteID":240006466,"Location":1,"FeatureType":12,"AliasNameEN":"Mong Kok Road Staircase","AliasNameTC":"旺角道樓梯","CrossingFeature":null,"WeatherProof":1,"WheelchairBarrier":1,"WheelchairAccess":2,"ObstaclesType":null,"Gradient":0.31914377999999999,"Direction":0,"PositionCertainty":1,"Enabled":1,"DataSource":1,"LevelSource":9,"StreetNameEN":"Mong Kok Road","StreetNameTC":"旺角道","ST_CODE":11454,"FloorID":null,"BuildingID_1":null,"BuildingID_2":null,"SiteID":null,"TerminalID":null,"AccessTimeID":null,"CreationDate":1614441600000,"ModifiedBy":"LANDSD","LastAmendmentDate":1655654400000,"Shape__Length":5.3353198446451708}},{"type":"Feature","id":340111,"geometry":{"type":"LineString","coordinates":[[114.16798919987974,22.317952879438955,4.3041999999986729],[114.16809885179028,22.317970756929686,4.3123000000050524],[114.16817790724785,22.317983646021489,4.3181999999942491],[114.16819415568324,22.317986295561433,4.3193999999930384],[114.16825343272957,22.317995959639084,4.3237999999983003]]},"properties":{"OBJECTID":340111,"PedestrianRouteID":240006468,"Location":1,"FeatureType":1,"AliasNameEN":"Cordis Hong Kong Podium","AliasNameTC":"香港康得思酒店平台","CrossingFeature":null,"WeatherProof":2,"WheelchairBarrier":2,"WheelchairAccess":2,"ObstaclesType":null,"Gradient":0.00070914999999999997,"Direction":0,"PositionCertainty":1,"Enabled":1,"DataSource":1,"LevelSource":2,"StreetNameEN":null,"StreetNameTC":null,"ST_CODE":null,"FloorID":null,"BuildingID_1":1108246362,"BuildingID_2":null,"SiteID":null,"TerminalID":null,"AccessTimeID":null,"CreationDate":1614441600000,"ModifiedBy":"LANDSD","LastAmendmentDate":1690819200000,"Shape__Length":27.638829890758075}},{"type":"Feature","id":340112,"geometry":{"type":"LineString","coordinates":[[114.16967658278803,22.319492491292579,4.8739000000059605],[114.16953318804273,22.319466858785347,4.8803000000043539]]},"properties":{"OBJECTID":340112,"PedestrianRouteID":240006469,"Location":1,"FeatureType":1,"AliasNameEN":"Argyle Street","AliasNameTC":"亞皆老街","CrossingFeature":null,"WeatherProof":2,"WheelchairBarrier":2,"WheelchairAccess":2,"ObstaclesType":null,"Gradient":0.00042541999999999998,"Direction":0,"PositionCertainty":1,"Enabled":1,"DataSource":1,"LevelSource":2,"StreetNameEN":"Argyle Street","StreetNameTC":"亞皆老街","ST_CODE":10027,"FloorID":null,"BuildingID_1":null,"BuildingID_2":null,"SiteID":null,"TerminalID":null,"AccessTimeID":null,"CreationDate":1614441600000,"ModifiedBy":"LANDSD","LastAmendmentDate":1655654400000,"Shape__Length":15.044055878280682}},{"type":"Feature","id":340113,"geometry":{"type":"LineString","coordinates":[[114.1715144190898,22.317898484005607,5.5209000000031665],[114.17150778120956,22.317925116821787,5.6074999999982538]]},"properties":{"OBJECTID":340113,"PedestrianRouteID":240006470,"Location":1,"FeatureType":1,"AliasNameEN":"Fa Yuen Street","AliasNameTC":"花園街","CrossingFeature":null,"WeatherProof":2,"WheelchairBarrier":2,"WheelchairAccess":2,"ObstaclesType":null,"Gradient":0.028597270000000001,"Direction":0,"PositionCertainty":1,"Enabled":1,"DataSource":1,"LevelSource":2,"StreetNameEN":"Fa Yuen Street","StreetNameTC":"花園街","ST_CODE":10419,"FloorID":null,"BuildingID_1":null,"BuildingID_2":null,"SiteID":null,"TerminalID":null,"AccessTimeID":null,"CreationDate":1614441600000,"ModifiedBy":"LANDSD","LastAmendmentDate":1655654400000,"Shape__Length":3.0274350667357415}},{"type":"Feature","id":340114,"geometry":{"type":"LineString","coordinates":[[114.17135126198292,22.320697508638176,5.7930000000051223],[114.17115190288465,22.320662815271145,6.0068999999930384]]},"properties":{"OBJECTID":340114,"PedestrianRouteID":240006471,"Location":1,"FeatureType":1,"AliasNameEN":"Fife Street","AliasNameTC":"快富街","CrossingFeature":null,"WeatherProof":2,"WheelchairBarrier":2,"WheelchairAccess":2,"ObstaclesType":null,"Gradient":0.01023612,"Direction":0,"PositionCertainty":1,"Enabled":1,"DataSource":1,"LevelSource":2,"StreetNameEN":"Fife Street","StreetNameTC":"快富街","ST_CODE":10485,"FloorID":null,"BuildingID_1":null,"BuildingID_2":null,"SiteID":null,"TerminalID":null,"AccessTimeID":null,"CreationDate":1614441600000,"ModifiedBy":"LANDSD","LastAmendmentDate":1655654400000,"Shape__Length":20.895852818617936}},{"type":"Feature","id":340117,"geometry":{"type":"LineString","coordinates":[[114.17189399751837,22.317387735407678,6.0439000000042142],[114.17189592416273,22.317359063321913,6.0513000000064494],[114.17188757909939,22.317331286758431,6.06600000000617],[114.1718689620493,22.317312470038598,6.0881999999983236],[114.17184488722887,22.317299029063147,6.1143000000010943],[114.17181567671025,22.317295443918649,6.1408999999985099],[114.17179192245317,22.317301714931798,6.1551000000035856],[114.17176816801086,22.317313063846015,6.1407000000035623],[114.17175275927984,22.317333373176307,6.1272999999928288],[114.1717479698877,22.317348223842533,6.1064999999944121]]},"properties":{"OBJECTID":340117,"PedestrianRouteID":240006474,"Location":1,"FeatureType":23,"AliasNameEN":"Sai Yee Street Garden","AliasNameTC":"洗衣街花園","CrossingFeature":null,"WeatherProof":2,"WheelchairBarrier":2,"WheelchairAccess":2,"ObstaclesType":null,"Gradient":0.0025140000000000002,"Direction":0,"PositionCertainty":1,"Enabled":1,"DataSource":1,"LevelSource":2,"StreetNameEN":null,"StreetNameTC":null,"ST_CODE":null,"FloorID":null,"BuildingID_1":null,"BuildingID_2":null,"SiteID":1503005468,"TerminalID":null,"AccessTimeID":240000043,"CreationDate":1614441600000,"ModifiedBy":"LANDSD","LastAmendmentDate":1655654400000,"Shape__Length":24.900480176756336}},{"type":"Feature","id":340118,"geometry":{"type":"LineString","coordinates":[[114.16843302679747,22.317224976457581,4.0053000000043539],[114.16843760467044,22.317198554071407,4.0509000000020023]]},"properties":{"OBJECTID":340118,"PedestrianRouteID":240006475,"Location":1,"FeatureType":1,"AliasNameEN":"Shanghai Street","AliasNameTC":"上海街","CrossingFeature":null,"WeatherProof":2,"WheelchairBarrier":2,"WheelchairAccess":2,"ObstaclesType":null,"Gradient":0.01538523,"Direction":0,"PositionCertainty":1,"Enabled":1,"DataSource":1,"LevelSource":2,"StreetNameEN":"Shanghai Street","StreetNameTC":"上海街","ST_CODE":11984,"FloorID":null,"BuildingID_1":null,"BuildingID_2":null,"SiteID":null,"TerminalID":null,"AccessTimeID":null,"CreationDate":1614441600000,"ModifiedBy":"LANDSD","LastAmendmentDate":1655654400000,"Shape__Length":2.9636469199786819}},{"type":"Feature","id":340119,"geometry":{"type":"LineString","coordinates":[[114.16964254405764,22.320835793284605,10.304000000003725],[114.16962793493359,22.320902690364342,10.304000000003725]]},"properties":{"OBJECTID":340119,"PedestrianRouteID":240006476,"Location":1,"FeatureType":2,"AliasNameEN":"Mong Kok Road Footbridge","AliasNameTC":"旺角道天橋","CrossingFeature":null,"WeatherProof":1,"WheelchairBarrier":2,"WheelchairAccess":2,"ObstaclesType":null,"Gradient":0,"Direction":0,"PositionCertainty":1,"Enabled":1,"DataSource":1,"LevelSource":12,"StreetNameEN":"Mong Kok Road","StreetNameTC":"旺角道","ST_CODE":11454,"FloorID":null,"BuildingID_1":null,"BuildingID_2":null,"SiteID":null,"TerminalID":null,"AccessTimeID":null,"CreationDate":1614441600000,"ModifiedBy":"LANDSD","LastAmendmentDate":1658246400000,"Shape__Length":7.5591934391543187}},{"type":"Feature","id":340122,"geometry":{"type":"LineString","coordinates":[[114.1685147890081,22.319266410932727,4.7915999999968335],[114.16852703585734,22.319268617734551,4.7835999999952037],[114.16864232300547,22.319289393964539,4.7087000000028638]]},"properties":{"OBJECTID":340122,"PedestrianRouteID":240006479,"Location":1,"FeatureType":1,"AliasNameEN":"Argyle Street","AliasNameTC":"亞皆老街","CrossingFeature":null,"WeatherProof":3,"WheelchairBarrier":2,"WheelchairAccess":2,"ObstaclesType":null,"Gradient":0.0061938999999999996,"Direction":0,"PositionCertainty":1,"Enabled":1,"DataSource":1,"LevelSource":2,"StreetNameEN":"Argyle Street","StreetNameTC":"亞皆老街","ST_CODE":10027,"FloorID":null,"BuildingID_1":null,"BuildingID_2":null,"SiteID":null,"TerminalID":null,"AccessTimeID":null,"CreationDate":1614441600000,"ModifiedBy":"LANDSD","LastAmendmentDate":1655654400000,"Shape__Length":13.383961838650016}},{"type":"Feature","id":340123,"geometry":{"type":"LineString","coordinates":[[114.16796443660363,22.317287649142408,4.0525000000052387],[114.16797089290209,22.317257124272277,3.9842000000062399]]},"properties":{"OBJECTID":340123,"PedestrianRouteID":240006480,"Location":1,"FeatureType":1,"AliasNameEN":"Reclamation Street","AliasNameTC":"新填地街","CrossingFeature":null,"WeatherProof":3,"WheelchairBarrier":2,"WheelchairAccess":2,"ObstaclesType":null,"Gradient":0.019823279999999999,"Direction":0,"PositionCertainty":1,"Enabled":1,"DataSource":1,"LevelSource":2,"StreetNameEN":"Reclamation Street","StreetNameTC":"新填地街","ST_CODE":11810,"FloorID":null,"BuildingID_1":null,"BuildingID_2":null,"SiteID":null,"TerminalID":null,"AccessTimeID":null,"CreationDate":1614441600000,"ModifiedBy":"LANDSD","LastAmendmentDate":1655654400000,"Shape__Length":3.4449930378305669}},{"type":"Feature","id":340126,"geometry":{"type":"LineString","coordinates":[[114.16844884165536,22.319578783922839,4.9685000000026776],[114.16850521138839,22.319311777438774,4.8172999999951571]]},"properties":{"OBJECTID":340126,"PedestrianRouteID":240006483,"Location":1,"FeatureType":5,"AliasNameEN":"Lane between   and Golden Hill Commercial Building","AliasNameTC":" 與金山商業大廈之間的小巷","CrossingFeature":null,"WeatherProof":2,"WheelchairBarrier":1,"WheelchairAccess":2,"ObstaclesType":null,"Gradient":0.0050178999999999996,"Direction":0,"PositionCertainty":1,"Enabled":1,"DataSource":1,"LevelSource":2,"StreetNameEN":null,"StreetNameTC":null,"ST_CODE":800546,"FloorID":null,"BuildingID_1":null,"BuildingID_2":1108234874,"SiteID":null,"TerminalID":null,"AccessTimeID":null,"CreationDate":1614441600000,"ModifiedBy":"LANDSD","LastAmendmentDate":1676390400000,"Shape__Length":30.131878685622485}},{"type":"Feature","id":340129,"geometry":{"type":"LineString","coordinates":[[114.16954349403794,22.321874919241669,5.6365999999979977],[114.16974445880514,22.321911194102242,5.8693999999959487]]},"properties":{"OBJECTID":340129,"PedestrianRouteID":240006486,"Location":1,"FeatureType":5,"AliasNameEN":"Lane between   and  ","AliasNameTC":" 與鴻添大樓之間的小巷","CrossingFeature":null,"WeatherProof":2,"WheelchairBarrier":1,"WheelchairAccess":2,"ObstaclesType":null,"Gradient":0.011037460000000001,"Direction":0,"PositionCertainty":1,"Enabled":1,"DataSource":1,"LevelSource":2,"StreetNameEN":null,"StreetNameTC":null,"ST_CODE":800531,"FloorID":null,"BuildingID_1":null,"BuildingID_2":1108232793,"SiteID":null,"TerminalID":null,"AccessTimeID":null,"CreationDate":1614441600000,"ModifiedBy":"LANDSD","LastAmendmentDate":1676390400000,"Shape__Length":21.090960595087154}},{"type":"Feature","id":340130,"geometry":{"type":"LineString","coordinates":[[114.17097164663102,22.321505467896451,6.1757999999972526],[114.17117298588177,22.321542071521133,6.2005000000062864]]},"properties":{"OBJECTID":340130,"PedestrianRouteID":240006487,"Location":1,"FeatureType":5,"AliasNameEN":"Lane between Kwok Chai Building and Cheng Wah Mansion","AliasNameTC":"國際大廈與正華大廈之間的小巷","CrossingFeature":null,"WeatherProof":2,"WheelchairBarrier":1,"WheelchairAccess":2,"ObstaclesType":null,"Gradient":0.0011686299999999999,"Direction":0,"PositionCertainty":1,"Enabled":1,"DataSource":1,"LevelSource":2,"StreetNameEN":null,"StreetNameTC":null,"ST_CODE":800529,"FloorID":null,"BuildingID_1":null,"BuildingID_2":1109261400,"SiteID":null,"TerminalID":null,"AccessTimeID":null,"CreationDate":1614441600000,"ModifiedBy":"LANDSD","LastAmendmentDate":1676390400000,"Shape__Length":21.135842683038511}},{"type":"Feature","id":340131,"geometry":{"type":"LineString","coordinates":[[114.16919686865552,22.320977314812446,5.1454999999987194],[114.16924709322733,22.320986547337984,5.1704000000027008]]},"properties":{"OBJECTID":340131,"PedestrianRouteID":240006488,"Location":1,"FeatureType":1,"AliasNameEN":"Mong Kok Road","AliasNameTC":"旺角道","CrossingFeature":null,"WeatherProof":1,"WheelchairBarrier":2,"WheelchairAccess":2,"ObstaclesType":null,"Gradient":0.0047207200000000003,"Direction":0,"PositionCertainty":1,"Enabled":1,"DataSource":1,"LevelSource":2,"StreetNameEN":"Mong Kok Road","StreetNameTC":"旺角道","ST_CODE":11454,"FloorID":null,"BuildingID_1":null,"BuildingID_2":null,"SiteID":null,"TerminalID":null,"AccessTimeID":null,"CreationDate":1614441600000,"ModifiedBy":"LANDSD","LastAmendmentDate":1655654400000,"Shape__Length":5.2745780470587009}},{"type":"Feature","id":340133,"geometry":{"type":"LineString","coordinates":[[114.17172097035277,22.319877895922744,5.7315999999991618],[114.17226176429276,22.319974154712536,6.1364999999932479],[114.17236191726191,22.320017882735414,6.1702999999979511],[114.17249828012677,22.320042974328402,6.2309999999997672],[114.17252598980657,22.320075202546072,6.3159000000014203]]},"properties":{"OBJECTID":340133,"PedestrianRouteID":240006490,"Location":1,"FeatureType":1,"AliasNameEN":"Argyle Street","AliasNameTC":"亞皆老街","CrossingFeature":null,"WeatherProof":2,"WheelchairBarrier":2,"WheelchairAccess":2,"ObstaclesType":null,"Gradient":0.0067146100000000002,"Direction":0,"PositionCertainty":1,"Enabled":1,"DataSource":1,"LevelSource":2,"StreetNameEN":"Argyle Street","StreetNameTC":"亞皆老街","ST_CODE":10027,"FloorID":null,"BuildingID_1":null,"BuildingID_2":null,"SiteID":null,"TerminalID":null,"AccessTimeID":null,"CreationDate":1614441600000,"ModifiedBy":"LANDSD","LastAmendmentDate":1717603200000,"Shape__Length":87.017831291721023}},{"type":"Feature","id":340134,"geometry":{"type":"LineString","coordinates":[[114.17057039110244,22.317912261704464,5.5509000000020023],[114.17077613059902,22.31794861676217,5.6000000000058208]]},"properties":{"OBJECTID":340134,"PedestrianRouteID":240006491,"Location":1,"FeatureType":5,"AliasNameEN":"Lane between   and  ","AliasNameTC":" 與 之間的小巷","CrossingFeature":null,"WeatherProof":2,"WheelchairBarrier":1,"WheelchairAccess":2,"ObstaclesType":null,"Gradient":0.0022756400000000002,"Direction":0,"PositionCertainty":1,"Enabled":1,"DataSource":1,"LevelSource":2,"StreetNameEN":null,"StreetNameTC":null,"ST_CODE":800562,"FloorID":null,"BuildingID_1":null,"BuildingID_2":1108235846,"SiteID":null,"TerminalID":null,"AccessTimeID":null,"CreationDate":1614441600000,"ModifiedBy":"LANDSD","LastAmendmentDate":1676390400000,"Shape__Length":21.576331146483049}},{"type":"Feature","id":340140,"geometry":{"type":"LineString","coordinates":[[114.16804027605215,22.317735727084056,4.3000000000029104],[114.16801814016006,22.317731769578455,4.2468999999982771]]},"properties":{"OBJECTID":340140,"PedestrianRouteID":240006497,"Location":1,"FeatureType":1,"AliasNameEN":"Reclamation Street","AliasNameTC":"新填地街","CrossingFeature":null,"WeatherProof":2,"WheelchairBarrier":2,"WheelchairAccess":2,"ObstaclesType":null,"Gradient":0.022860330000000002,"Direction":0,"PositionCertainty":1,"Enabled":1,"DataSource":1,"LevelSource":2,"StreetNameEN":"Reclamation Street","StreetNameTC":"新填地街","ST_CODE":11810,"FloorID":null,"BuildingID_1":null,"BuildingID_2":null,"SiteID":null,"TerminalID":null,"AccessTimeID":null,"CreationDate":1614441600000,"ModifiedBy":"LANDSD","LastAmendmentDate":1689609600000,"Shape__Length":2.322396197706269}},{"type":"Feature","id":340141,"geometry":{"type":"LineString","coordinates":[[114.16799501252306,22.318680866767167,4.3187999999936437],[114.16803970905697,22.318466975032234,4.3656000000046333]]},"properties":{"OBJECTID":340141,"PedestrianRouteID":240006498,"Location":2,"FeatureType":1,"AliasNameEN":"Minibus Terminus Under","AliasNameTC":"下層小巴總站","CrossingFeature":null,"WeatherProof":1,"WheelchairBarrier":2,"WheelchairAccess":2,"ObstaclesType":null,"Gradient":0.0019395899999999999,"Direction":0,"PositionCertainty":1,"Enabled":1,"DataSource":1,"LevelSource":2,"StreetNameEN":null,"StreetNameTC":null,"ST_CODE":null,"FloorID":290000078,"BuildingID_1":1108246362,"BuildingID_2":null,"SiteID":1503005285,"TerminalID":1511000412,"AccessTimeID":290000475,"CreationDate":1614441600000,"ModifiedBy":"LANDSD","LastAmendmentDate":1659974400000,"Shape__Length":24.128758026951878}},{"type":"Feature","id":340142,"geometry":{"type":"LineString","coordinates":[[114.16807964703898,22.317546282655012,4.2828000000008615],[114.16805712198084,22.317542174322675,4.1873000000050524]]},"properties":{"OBJECTID":340142,"PedestrianRouteID":240006499,"Location":1,"FeatureType":1,"AliasNameEN":"Reclamation Street","AliasNameTC":"新填地街","CrossingFeature":null,"WeatherProof":2,"WheelchairBarrier":2,"WheelchairAccess":1,"ObstaclesType":null,"Gradient":0.040361269999999998,"Direction":0,"PositionCertainty":1,"Enabled":1,"DataSource":1,"LevelSource":2,"StreetNameEN":"Reclamation Street","StreetNameTC":"新填地街","ST_CODE":11810,"FloorID":null,"BuildingID_1":null,"BuildingID_2":null,"SiteID":null,"TerminalID":null,"AccessTimeID":null,"CreationDate":1614441600000,"ModifiedBy":"LANDSD","LastAmendmentDate":1690819200000,"Shape__Length":2.3649430605777946}},{"type":"Feature","id":340143,"geometry":{"type":"LineString","coordinates":[[114.16823288113869,22.31757423512909,4.3000000000029104],[114.16807964703898,22.317546282655012,4.2828000000008615]]},"properties":{"OBJECTID":340143,"PedestrianRouteID":240006500,"Location":1,"FeatureType":1,"AliasNameEN":"Shantung Street Sitting-Out Area","AliasNameTC":"山東街休憩處","CrossingFeature":null,"WeatherProof":1,"WheelchairBarrier":2,"WheelchairAccess":1,"ObstaclesType":null,"Gradient":0.00106909,"Direction":0,"PositionCertainty":1,"Enabled":1,"DataSource":1,"LevelSource":2,"StreetNameEN":null,"StreetNameTC":null,"ST_CODE":null,"FloorID":null,"BuildingID_1":1108246362,"BuildingID_2":null,"SiteID":1503005294,"TerminalID":null,"AccessTimeID":null,"CreationDate":1614441600000,"ModifiedBy":"LANDSD","LastAmendmentDate":1659974400000,"Shape__Length":16.08838883635509}},{"type":"Feature","id":340144,"geometry":{"type":"LineString","coordinates":[[114.17104501761237,22.321280899570585,10.304000000003725],[114.17106987863848,22.321285179150397,10.304000000003725]]},"properties":{"OBJECTID":340144,"PedestrianRouteID":240006502,"Location":1,"FeatureType":2,"AliasNameEN":"Mong Kok Road Footbridge","AliasNameTC":"旺角道天橋","CrossingFeature":null,"WeatherProof":1,"WheelchairBarrier":2,"WheelchairAccess":2,"ObstaclesType":null,"Gradient":0,"Direction":0,"PositionCertainty":1,"Enabled":1,"DataSource":1,"LevelSource":9,"StreetNameEN":"Mong Kok Road","StreetNameTC":"旺角道","ST_CODE":11454,"FloorID":null,"BuildingID_1":null,"BuildingID_2":null,"SiteID":null,"TerminalID":null,"AccessTimeID":null,"CreationDate":1614441600000,"ModifiedBy":"LANDSD","LastAmendmentDate":1759420800000,"Shape__Length":2.6048524718003025}},{"type":"Feature","id":340147,"geometry":{"type":"LineString","coordinates":[[114.16862273318955,22.321949849021454,2.4039999999949941],[114.16862300309305,22.321948606425721,4.970499999995809]]},"properties":{"OBJECTID":340147,"PedestrianRouteID":240006505,"Location":2,"FeatureType":10,"AliasNameEN":"Lift","AliasNameTC":"升降機","CrossingFeature":null,"WeatherProof":1,"WheelchairBarrier":2,"WheelchairAccess":2,"ObstaclesType":null,"Gradient":1.56993224,"Direction":0,"PositionCertainty":1,"Enabled":1,"DataSource":1,"LevelSource":9,"StreetNameEN":null,"StreetNameTC":null,"ST_CODE":null,"FloorID":null,"BuildingID_1":1810148976,"BuildingID_2":null,"SiteID":null,"TerminalID":null,"AccessTimeID":290000951,"CreationDate":1614441600000,"ModifiedBy":"LANDSD","LastAmendmentDate":1772208000000,"Shape__Length":0.14038019901671492}},{"type":"Feature","id":340148,"geometry":{"type":"LineString","coordinates":[[114.16866752955849,22.321956772328381,4.970499999995809],[114.16863589368624,22.321950970383565,4.970499999995809]]},"properties":{"OBJECTID":340148,"PedestrianRouteID":240006506,"Location":1,"FeatureType":1,"AliasNameEN":"Nathan Road","AliasNameTC":"彌敦道","CrossingFeature":null,"WeatherProof":2,"WheelchairBarrier":2,"WheelchairAccess":2,"ObstaclesType":null,"Gradient":0,"Direction":0,"PositionCertainty":1,"Enabled":1,"DataSource":1,"LevelSource":2,"StreetNameEN":"Nathan Road","StreetNameTC":"彌敦道","ST_CODE":11504,"FloorID":null,"BuildingID_1":null,"BuildingID_2":null,"SiteID":null,"TerminalID":null,"AccessTimeID":null,"CreationDate":1614441600000,"ModifiedBy":"LANDSD","LastAmendmentDate":1759420800000,"Shape__Length":3.3220833306404733}},{"type":"Feature","id":340149,"geometry":{"type":"LineString","coordinates":[[114.16925331630534,22.320779303653318,10.304000000003725],[114.1692554745359,22.320768695516751,5.1999999999970896]]},"properties":{"OBJECTID":340149,"PedestrianRouteID":240006507,"Location":2,"FeatureType":10,"AliasNameEN":"Lift","AliasNameTC":"升降機","CrossingFeature":null,"WeatherProof":1,"WheelchairBarrier":2,"WheelchairAccess":2,"ObstaclesType":null,"Gradient":1.3910009299999999,"Direction":0,"PositionCertainty":1,"Enabled":1,"DataSource":1,"LevelSource":1,"StreetNameEN":null,"StreetNameTC":null,"ST_CODE":null,"FloorID":null,"BuildingID_1":1108233760,"BuildingID_2":null,"SiteID":null,"TerminalID":null,"AccessTimeID":290000952,"CreationDate":1614441600000,"ModifiedBy":"LANDSD","LastAmendmentDate":1772208000000,"Shape__Length":1.1955489861878841}},{"type":"Feature","id":340150,"geometry":{"type":"LineString","coordinates":[[114.16922589145956,22.320839718841402,10.304000000003725],[114.16923387965676,22.320801949664542,10.304000000003725]]},"properties":{"OBJECTID":340150,"PedestrianRouteID":240006508,"Location":1,"FeatureType":2,"AliasNameEN":"Mong Kok Road Footbridge","AliasNameTC":"旺角道天橋","CrossingFeature":null,"WeatherProof":1,"WheelchairBarrier":2,"WheelchairAccess":2,"ObstaclesType":null,"Gradient":0,"Direction":0,"PositionCertainty":1,"Enabled":1,"DataSource":1,"LevelSource":12,"StreetNameEN":"Mong Kok Road","StreetNameTC":"旺角道","ST_CODE":11454,"FloorID":null,"BuildingID_1":null,"BuildingID_2":null,"SiteID":null,"TerminalID":null,"AccessTimeID":null,"CreationDate":1614441600000,"ModifiedBy":"LANDSD","LastAmendmentDate":1766073600000,"Shape__Length":4.2625660828276031}},{"type":"Feature","id":340152,"geometry":{"type":"LineString","coordinates":[[114.17030346670214,22.320886490990109,5.6055999999953201],[114.17028401589928,22.320882960147259,5.649199999999837]]},"properties":{"OBJECTID":340152,"PedestrianRouteID":240006510,"Location":1,"FeatureType":1,"AliasNameEN":"Mong Kok Road","AliasNameTC":"旺角道","CrossingFeature":null,"WeatherProof":1,"WheelchairBarrier":2,"WheelchairAccess":2,"ObstaclesType":null,"Gradient":0.01140353,"Direction":0,"PositionCertainty":1,"Enabled":1,"DataSource":1,"LevelSource":12,"StreetNameEN":"Mong Kok Road","StreetNameTC":"旺角道","ST_CODE":11454,"FloorID":null,"BuildingID_1":null,"BuildingID_2":null,"SiteID":null,"TerminalID":null,"AccessTimeID":null,"CreationDate":1614441600000,"ModifiedBy":"LANDSD","LastAmendmentDate":1766073600000,"Shape__Length":2.0417685491176112}},{"type":"Feature","id":340153,"geometry":{"type":"LineString","coordinates":[[114.16862273318955,22.321949849021454,2.4039999999949941],[114.16863596450989,22.321951504998161,2.4039999999949941]]},"properties":{"OBJECTID":340153,"PedestrianRouteID":240006511,"Location":2,"FeatureType":11,"AliasNameEN":"Ramp","AliasNameTC":"斜道","CrossingFeature":null,"WeatherProof":1,"WheelchairBarrier":2,"WheelchairAccess":2,"ObstaclesType":null,"Gradient":0,"Direction":0,"PositionCertainty":1,"Enabled":1,"DataSource":1,"LevelSource":9,"StreetNameEN":null,"StreetNameTC":null,"ST_CODE":null,"FloorID":null,"BuildingID_1":1810148976,"BuildingID_2":null,"SiteID":null,"TerminalID":null,"AccessTimeID":null,"CreationDate":1614441600000,"ModifiedBy":"LANDSD","LastAmendmentDate":1759420800000,"Shape__Length":1.3754683315920715}},{"type":"Feature","id":340154,"geometry":{"type":"LineString","coordinates":[[114.16863596450989,22.321951504998161,2.4039999999949941],[114.16864652271738,22.321953859806662,1.7339999999967404],[114.16864155080927,22.321977701220277,0.93399999999382999]]},"properties":{"OBJECTID":340154,"PedestrianRouteID":240006512,"Location":1,"FeatureType":11,"AliasNameEN":"Nathan Road Ramp","AliasNameTC":"彌敦道斜道","CrossingFeature":null,"WeatherProof":1,"WheelchairBarrier":2,"WheelchairAccess":2,"ObstaclesType":null,"Gradient":0.36841293000000003,"Direction":0,"PositionCertainty":1,"Enabled":1,"DataSource":1,"LevelSource":9,"StreetNameEN":"Nathan Road","StreetNameTC":"彌敦道","ST_CODE":11504,"FloorID":null,"BuildingID_1":null,"BuildingID_2":null,"SiteID":null,"TerminalID":null,"AccessTimeID":null,"CreationDate":1614441600000,"ModifiedBy":"LANDSD","LastAmendmentDate":1759420800000,"Shape__Length":3.8079107166951816}},{"type":"Feature","id":340157,"geometry":{"type":"LineString","coordinates":[[114.16925840256521,22.320756079915284,5.0378000000055181],[114.1692602519722,22.320748625247216,5.0332000000053085],[114.16924596674779,22.320745705891998,5.0262999999977183]]},"properties":{"OBJECTID":340157,"PedestrianRouteID":240006516,"Location":1,"FeatureType":1,"AliasNameEN":"Mong Kok Road","AliasNameTC":"旺角道","CrossingFeature":null,"WeatherProof":2,"WheelchairBarrier":2,"WheelchairAccess":2,"ObstaclesType":null,"Gradient":0.06705904,"Direction":0,"PositionCertainty":1,"Enabled":1,"DataSource":1,"LevelSource":2,"StreetNameEN":"Mong Kok Road","StreetNameTC":"旺角道","ST_CODE":11454,"FloorID":null,"BuildingID_1":null,"BuildingID_2":null,"SiteID":null,"TerminalID":null,"AccessTimeID":null,"CreationDate":1614441600000,"ModifiedBy":"LANDSD","LastAmendmentDate":1766073600000,"Shape__Length":2.3540644354098106}},{"type":"Feature","id":340158,"geometry":{"type":"LineString","coordinates":[[114.16809915535396,22.318442606473141,4.3390000000072177],[114.16812215349169,22.318333058459189,4.3077999999950407],[114.16814003216921,22.318247899998934,4.3096999999979744],[114.16814598460384,22.31821954695668,4.310299999997369],[114.16814686324555,22.318215361322636,4.3104000000021188],[114.16815982927193,22.318153603578569,4.308099999994738]]},"properties":{"OBJECTID":340158,"PedestrianRouteID":240006517,"Location":2,"FeatureType":1,"AliasNameEN":"Minibus Terminus Under","AliasNameTC":"下層小巴總站","CrossingFeature":null,"WeatherProof":1,"WheelchairBarrier":2,"WheelchairAccess":2,"ObstaclesType":null,"Gradient":0.00094764000000000003,"Direction":0,"PositionCertainty":1,"Enabled":1,"DataSource":1,"LevelSource":2,"StreetNameEN":null,"StreetNameTC":null,"ST_CODE":null,"FloorID":290000078,"BuildingID_1":1108246362,"BuildingID_2":null,"SiteID":null,"TerminalID":null,"AccessTimeID":290000475,"CreationDate":1614441600000,"ModifiedBy":"LANDSD","LastAmendmentDate":1690819200000,"Shape__Length":32.607468614202162}},{"type":"Feature","id":340164,"geometry":{"type":"LineString","coordinates":[[114.17107596419663,22.321289229587151,6.252200000002631],[114.17107663888514,22.321286433739719,10.304000000003725]]},"properties":{"OBJECTID":340164,"PedestrianRouteID":240006523,"Location":2,"FeatureType":10,"AliasNameEN":"Lift","AliasNameTC":"升降機","CrossingFeature":null,"WeatherProof":1,"WheelchairBarrier":2,"WheelchairAccess":2,"ObstaclesType":null,"Gradient":1.5704021100000001,"Direction":0,"PositionCertainty":1,"Enabled":1,"DataSource":1,"LevelSource":9,"StreetNameEN":null,"StreetNameTC":null,"ST_CODE":null,"FloorID":null,"BuildingID_1":1108233336,"BuildingID_2":null,"SiteID":null,"TerminalID":null,"AccessTimeID":290000953,"CreationDate":1614441600000,"ModifiedBy":"LANDSD","LastAmendmentDate":1772208000000,"Shape__Length":0.3173049156425245}},{"type":"Feature","id":340165,"geometry":{"type":"LineString","coordinates":[[114.17106910106685,22.321287934356484,6.2630000000062864],[114.17105301527323,22.321284899505088,6.1214000000036322],[114.17105107267972,22.321294688597924,6.118400000006659]]},"properties":{"OBJECTID":340165,"PedestrianRouteID":240006524,"Location":1,"FeatureType":1,"AliasNameEN":"Mong Kok Road","AliasNameTC":"旺角道","CrossingFeature":null,"WeatherProof":1,"WheelchairBarrier":2,"WheelchairAccess":2,"ObstaclesType":null,"Gradient":0.00375516,"Direction":0,"PositionCertainty":1,"Enabled":1,"DataSource":1,"LevelSource":2,"StreetNameEN":"Mong Kok Road","StreetNameTC":"旺角道","ST_CODE":11454,"FloorID":null,"BuildingID_1":null,"BuildingID_2":null,"SiteID":null,"TerminalID":null,"AccessTimeID":null,"CreationDate":1614441600000,"ModifiedBy":"LANDSD","LastAmendmentDate":1759420800000,"Shape__Length":2.7933311684951914}},{"type":"Feature","id":340166,"geometry":{"type":"LineString","coordinates":[[114.17032266514866,22.32089001008076,5.6192000000010012],[114.17032225443238,22.320893233082817,10.304000000003725]]},"properties":{"OBJECTID":340166,"PedestrianRouteID":240006525,"Location":2,"FeatureType":10,"AliasNameEN":"Lift","AliasNameTC":"升降機","CrossingFeature":null,"WeatherProof":1,"WheelchairBarrier":2,"WheelchairAccess":2,"ObstaclesType":null,"Gradient":1.5704495300000001,"Direction":0,"PositionCertainty":1,"Enabled":1,"DataSource":1,"LevelSource":9,"StreetNameEN":null,"StreetNameTC":null,"ST_CODE":null,"FloorID":null,"BuildingID_1":1108233655,"BuildingID_2":null,"SiteID":null,"TerminalID":null,"AccessTimeID":290000954,"CreationDate":1614441600000,"ModifiedBy":"LANDSD","LastAmendmentDate":1772208000000,"Shape__Length":0.35939796790266715}},{"type":"Feature","id":340169,"geometry":{"type":"LineString","coordinates":[[114.1691912554808,22.320944401650138,5.198499999998603],[114.16919241184492,22.320937592637744,10.304000000003725]]},"properties":{"OBJECTID":340169,"PedestrianRouteID":240006528,"Location":2,"FeatureType":10,"AliasNameEN":"Lift","AliasNameTC":"升降機","CrossingFeature":null,"WeatherProof":1,"WheelchairBarrier":2,"WheelchairAccess":2,"ObstaclesType":null,"Gradient":1.24999138,"Direction":0,"PositionCertainty":1,"Enabled":1,"DataSource":1,"LevelSource":1,"StreetNameEN":null,"StreetNameTC":null,"ST_CODE":null,"FloorID":null,"BuildingID_1":1108233612,"BuildingID_2":null,"SiteID":null,"TerminalID":null,"AccessTimeID":290000956,"CreationDate":1614441600000,"ModifiedBy":"LANDSD","LastAmendmentDate":1772208000000,"Shape__Length":0.76334842040567219}},{"type":"Feature","id":340170,"geometry":{"type":"LineString","coordinates":[[114.16921036747131,22.320913120576428,10.304000000003725],[114.16922589145956,22.320839718841402,10.304000000003725]]},"properties":{"OBJECTID":340170,"PedestrianRouteID":240006529,"Location":1,"FeatureType":2,"AliasNameEN":"Mong Kok Road Footbridge","AliasNameTC":"旺角道天橋","CrossingFeature":null,"WeatherProof":1,"WheelchairBarrier":2,"WheelchairAccess":2,"ObstaclesType":null,"Gradient":0,"Direction":0,"PositionCertainty":1,"Enabled":1,"DataSource":1,"LevelSource":12,"StreetNameEN":"Mong Kok Road","StreetNameTC":"旺角道","ST_CODE":11454,"FloorID":null,"BuildingID_1":null,"BuildingID_2":null,"SiteID":null,"TerminalID":null,"AccessTimeID":null,"CreationDate":1614441600000,"ModifiedBy":"LANDSD","LastAmendmentDate":1766073600000,"Shape__Length":8.2839867342635074}},{"type":"Feature","id":340171,"geometry":{"type":"LineString","coordinates":[[114.16898225988675,22.317585331996554,4.1655999999929918],[114.16895981283687,22.317695375949299,4.2176000000035856],[114.16893799274052,22.317719272555617,4.1958000000013271],[114.16890745724339,22.317872531119932,4.9109999999927823],[114.16890276798253,22.317896064624055,3.8197999999974854],[114.16890276021553,22.317896105261344,3.8203999999968801],[114.16890051072886,22.317907396105575,3.8557000000000698],[114.16890030296437,22.317908440032323,3.8601000000053318],[114.16887624790014,22.318029174309856,4.1244000000006054],[114.16883963824648,22.318200872130824,4.0175000000017462]]},"properties":{"OBJECTID":340171,"PedestrianRouteID":240006530,"Location":2,"FeatureType":1,"AliasNameEN":"LANGHAM PLACE Footway","AliasNameTC":"朗豪坊行人道","CrossingFeature":null,"WeatherProof":1,"WheelchairBarrier":2,"WheelchairAccess":2,"ObstaclesType":null,"Gradient":0.0021108699999999999,"Direction":0,"PositionCertainty":1,"Enabled":1,"DataSource":1,"LevelSource":2,"StreetNameEN":"PORTLAND STREET","StreetNameTC":"砵蘭街","ST_CODE":11777,"FloorID":null,"BuildingID_1":null,"BuildingID_2":null,"SiteID":1503005306,"TerminalID":null,"AccessTimeID":null,"CreationDate":1614441600000,"ModifiedBy":"LANDSD","LastAmendmentDate":1614441600000,"Shape__Length":70.160414852030101}},{"type":"Feature","id":340175,"geometry":{"type":"LineString","coordinates":[[114.17133432280704,22.318024354576405,5.52730000000156],[114.17131848875444,22.318021558166485,5.3034000000043306]]},"properties":{"OBJECTID":340175,"PedestrianRouteID":240006535,"Location":1,"FeatureType":1,"AliasNameEN":"Fa Yuen Street","AliasNameTC":"花園街","CrossingFeature":null,"WeatherProof":2,"WheelchairBarrier":2,"WheelchairAccess":2,"ObstaclesType":null,"Gradient":0.13402912,"Direction":0,"PositionCertainty":1,"Enabled":1,"DataSource":1,"LevelSource":2,"StreetNameEN":"Fa Yuen Street","StreetNameTC":"花園街","ST_CODE":10419,"FloorID":null,"BuildingID_1":null,"BuildingID_2":null,"SiteID":null,"TerminalID":null,"AccessTimeID":null,"CreationDate":1614441600000,"ModifiedBy":"LANDSD","LastAmendmentDate":1655654400000,"Shape__Length":1.6605174246431289}},{"type":"Feature","id":340176,"geometry":{"type":"LineString","coordinates":[[114.17094117571661,22.317954915359408,5.5381000000052154],[114.1709273158387,22.317952467563941,5.5717000000004191]]},"properties":{"OBJECTID":340176,"PedestrianRouteID":240006536,"Location":1,"FeatureType":1,"AliasNameEN":"Tung Choi Street","AliasNameTC":"通菜街","CrossingFeature":null,"WeatherProof":2,"WheelchairBarrier":2,"WheelchairAccess":2,"ObstaclesType":null,"Gradient":0.0231127,"Direction":0,"PositionCertainty":1,"Enabled":1,"DataSource":1,"LevelSource":2,"StreetNameEN":"Tung Choi Street","StreetNameTC":"通菜街","ST_CODE":12513,"FloorID":null,"BuildingID_1":null,"BuildingID_2":null,"SiteID":null,"TerminalID":null,"AccessTimeID":null,"CreationDate":1614441600000,"ModifiedBy":"LANDSD","LastAmendmentDate":1655654400000,"Shape__Length":1.4534871862933574}},{"type":"Feature","id":340177,"geometry":{"type":"LineString","coordinates":[[114.17131848875444,22.318021558166485,5.3034000000043306],[114.17094117571661,22.317954915359408,5.5381000000052154]]},"properties":{"OBJECTID":340177,"PedestrianRouteID":240006537,"Location":1,"FeatureType":1,"AliasNameEN":"Pak Cheung Building","AliasNameTC":"百祥大廈","CrossingFeature":null,"WeatherProof":2,"WheelchairBarrier":2,"WheelchairAccess":2,"ObstaclesType":null,"Gradient":0.0059313500000000002,"Direction":0,"PositionCertainty":1,"Enabled":1,"DataSource":1,"LevelSource":2,"StreetNameEN":null,"StreetNameTC":null,"ST_CODE":null,"FloorID":null,"BuildingID_1":null,"BuildingID_2":null,"SiteID":1503005449,"TerminalID":null,"AccessTimeID":null,"CreationDate":1614441600000,"ModifiedBy":"LANDSD","LastAmendmentDate":1655654400000,"Shape__Length":39.568970927258682}},{"type":"Feature","id":340182,"geometry":{"type":"LineString","coordinates":[[114.16764864834332,22.320739141146323,4.7804999999934807],[114.16765377913188,22.320736624610571,4.7796999999991385]]},"properties":{"OBJECTID":340182,"PedestrianRouteID":240006542,"Location":1,"FeatureType":1,"AliasNameEN":"Mong Kok Road Playground","AliasNameTC":"旺角道遊樂場","CrossingFeature":null,"WeatherProof":2,"WheelchairBarrier":2,"WheelchairAccess":2,"ObstaclesType":null,"Gradient":0.0013387500000000001,"Direction":0,"PositionCertainty":1,"Enabled":1,"DataSource":1,"LevelSource":2,"StreetNameEN":null,"StreetNameTC":null,"ST_CODE":null,"FloorID":null,"BuildingID_1":null,"BuildingID_2":null,"SiteID":1503005266,"TerminalID":null,"AccessTimeID":240000034,"CreationDate":1614441600000,"ModifiedBy":"LANDSD","LastAmendmentDate":1655654400000,"Shape__Length":0.59757145987328975}},{"type":"Feature","id":340183,"geometry":{"type":"LineString","coordinates":[[114.16765377913188,22.320736624610571,4.7796999999991385],[114.16771076814543,22.320708669110438,4.7635000000009313]]},"properties":{"OBJECTID":340183,"PedestrianRouteID":240006543,"Location":1,"FeatureType":1,"AliasNameEN":"Shanghai Street","AliasNameTC":"上海街","CrossingFeature":null,"WeatherProof":2,"WheelchairBarrier":2,"WheelchairAccess":1,"ObstaclesType":null,"Gradient":0.0024406499999999999,"Direction":0,"PositionCertainty":1,"Enabled":1,"DataSource":1,"LevelSource":2,"StreetNameEN":"Shanghai Street","StreetNameTC":"上海街","ST_CODE":11984,"FloorID":null,"BuildingID_1":null,"BuildingID_2":null,"SiteID":null,"TerminalID":null,"AccessTimeID":null,"CreationDate":1614441600000,"ModifiedBy":"LANDSD","LastAmendmentDate":1655654400000,"Shape__Length":6.6375733285457947}},{"type":"Feature","id":340184,"geometry":{"type":"LineString","coordinates":[[114.1680900616915,22.318788801978592,4.3282999999937601],[114.16791430726468,22.318750515329715,4.3151000000070781],[114.16787809999096,22.31872470750627,4.3401000000012573],[114.16785653128275,22.318682415134049,4.3561999999947147],[114.16785499264098,22.318640840897935,4.3592999999964377],[114.16789633864055,22.31844624920457,4.3016000000061467],[114.16790850545367,22.318408407164306,4.3071000000054482]]},"properties":{"OBJECTID":340184,"PedestrianRouteID":240006544,"Location":2,"FeatureType":1,"AliasNameEN":"Minibus Terminus Under","AliasNameTC":"下層小巴總站","CrossingFeature":null,"WeatherProof":1,"WheelchairBarrier":2,"WheelchairAccess":2,"ObstaclesType":null,"Gradient":0.00035675000000000002,"Direction":0,"PositionCertainty":1,"Enabled":1,"DataSource":1,"LevelSource":2,"StreetNameEN":null,"StreetNameTC":null,"ST_CODE":null,"FloorID":290000078,"BuildingID_1":1108246362,"BuildingID_2":null,"SiteID":1503005285,"TerminalID":null,"AccessTimeID":290000475,"CreationDate":1614441600000,"ModifiedBy":"LANDSD","LastAmendmentDate":1659974400000,"Shape__Length":59.426079172939417}},{"type":"Feature","id":340199,"geometry":{"type":"LineString","coordinates":[[114.1679484167459,22.318459801570803,4.3217000000004191],[114.16794802256598,22.318461701586493,4.3208000000013271],[114.16790590252768,22.318664853351258,4.3292999999976018],[114.16791139504392,22.318665840697502,4.3285999999934575]]},"properties":{"OBJECTID":340199,"PedestrianRouteID":240006560,"Location":2,"FeatureType":1,"AliasNameEN":"Minibus Terminus Under","AliasNameTC":"下層小巴總站","CrossingFeature":null,"WeatherProof":1,"WheelchairBarrier":2,"WheelchairAccess":2,"ObstaclesType":null,"Gradient":0.00029112000000000002,"Direction":0,"PositionCertainty":1,"Enabled":1,"DataSource":1,"LevelSource":2,"StreetNameEN":null,"StreetNameTC":null,"ST_CODE":null,"FloorID":290000078,"BuildingID_1":1108246362,"BuildingID_2":null,"SiteID":1503005285,"TerminalID":1511000412,"AccessTimeID":290000475,"CreationDate":1614441600000,"ModifiedBy":"LANDSD","LastAmendmentDate":1659974400000,"Shape__Length":23.701333225720742}},{"type":"Feature","id":340200,"geometry":{"type":"LineString","coordinates":[[114.16794792867456,22.318672405236367,4.3242999999929452],[114.16799117387022,22.318464463694397,4.3417999999946915]]},"properties":{"OBJECTID":340200,"PedestrianRouteID":240006561,"Location":2,"FeatureType":1,"AliasNameEN":"Minibus Terminus Under","AliasNameTC":"下層小巴總站","CrossingFeature":null,"WeatherProof":1,"WheelchairBarrier":2,"WheelchairAccess":2,"ObstaclesType":null,"Gradient":0.00074616000000000005,"Direction":0,"PositionCertainty":1,"Enabled":1,"DataSource":1,"LevelSource":2,"StreetNameEN":null,"StreetNameTC":null,"ST_CODE":null,"FloorID":290000078,"BuildingID_1":1108246362,"BuildingID_2":null,"SiteID":1503005285,"TerminalID":1511000412,"AccessTimeID":290000475,"CreationDate":1614441600000,"ModifiedBy":"LANDSD","LastAmendmentDate":1659974400000,"Shape__Length":23.453447618078297}},{"type":"Feature","id":340204,"geometry":{"type":"LineString","coordinates":[[114.16838256490396,22.317440856571011,4.0941000000020722],[114.1683703191858,22.31743867052824,4.0817999999999302]]},"properties":{"OBJECTID":340204,"PedestrianRouteID":240006565,"Location":1,"FeatureType":1,"AliasNameEN":"Shanghai Street","AliasNameTC":"上海街","CrossingFeature":null,"WeatherProof":2,"WheelchairBarrier":2,"WheelchairAccess":1,"ObstaclesType":null,"Gradient":0.0095739399999999995,"Direction":0,"PositionCertainty":1,"Enabled":1,"DataSource":1,"LevelSource":2,"StreetNameEN":"Shanghai Street","StreetNameTC":"上海街","ST_CODE":11984,"FloorID":null,"BuildingID_1":null,"BuildingID_2":null,"SiteID":null,"TerminalID":null,"AccessTimeID":null,"CreationDate":1614441600000,"ModifiedBy":"LANDSD","LastAmendmentDate":1655654400000,"Shape__Length":1.2846987543645927}},{"type":"Feature","id":340205,"geometry":{"type":"LineString","coordinates":[[114.1683703191858,22.31743867052824,4.0817999999999302],[114.16830370489258,22.317426780065034,4.1028999999980442],[114.16827771288064,22.31755083200007,4.2480000000068685]]},"properties":{"OBJECTID":340205,"PedestrianRouteID":240006566,"Location":1,"FeatureType":1,"AliasNameEN":"Shantung Street Sitting-Out Area","AliasNameTC":"山東街休憩處","CrossingFeature":null,"WeatherProof":2,"WheelchairBarrier":2,"WheelchairAccess":1,"ObstaclesType":null,"Gradient":0.0076685,"Direction":0,"PositionCertainty":1,"Enabled":1,"DataSource":1,"LevelSource":2,"StreetNameEN":null,"StreetNameTC":null,"ST_CODE":null,"FloorID":null,"BuildingID_1":null,"BuildingID_2":null,"SiteID":1503005294,"TerminalID":null,"AccessTimeID":null,"CreationDate":1614441600000,"ModifiedBy":"LANDSD","LastAmendmentDate":1707235200000,"Shape__Length":20.983931908038826}},{"type":"Feature","id":340206,"geometry":{"type":"LineString","coordinates":[[114.16805418827465,22.318700651499377,4.3095000000030268],[114.16804782300838,22.318687114292636,4.3132999999943422],[114.16808975919479,22.318487360694622,4.3834999999962747],[114.16809473688797,22.318463652940807,4.3950000000040745],[114.16809915535396,22.318442606473141,4.3390000000072177]]},"properties":{"OBJECTID":340206,"PedestrianRouteID":240006567,"Location":2,"FeatureType":1,"AliasNameEN":"Minibus Terminus Under","AliasNameTC":"下層小巴總站","CrossingFeature":null,"WeatherProof":1,"WheelchairBarrier":2,"WheelchairAccess":2,"ObstaclesType":null,"Gradient":0.00100946,"Direction":0,"PositionCertainty":1,"Enabled":1,"DataSource":1,"LevelSource":2,"StreetNameEN":null,"StreetNameTC":null,"ST_CODE":null,"FloorID":290000078,"BuildingID_1":1108246362,"BuildingID_2":null,"SiteID":1503005285,"TerminalID":1511000412,"AccessTimeID":290000475,"CreationDate":1614441600000,"ModifiedBy":"LANDSD","LastAmendmentDate":1659974400000,"Shape__Length":29.223413759823387}},{"type":"Feature","id":340208,"geometry":{"type":"LineString","coordinates":[[114.16869276310231,22.32014051824984,4.9857000000047265],[114.16859153621432,22.320122168390157,5.1122000000032131]]},"properties":{"OBJECTID":340208,"PedestrianRouteID":240006569,"Location":1,"FeatureType":1,"AliasNameEN":"Fife Street","AliasNameTC":"快富街","CrossingFeature":null,"WeatherProof":3,"WheelchairBarrier":2,"WheelchairAccess":2,"ObstaclesType":null,"Gradient":0.01190488,"Direction":0,"PositionCertainty":1,"Enabled":1,"DataSource":1,"LevelSource":12,"StreetNameEN":"Fife Street","StreetNameTC":"快富街","ST_CODE":10485,"FloorID":null,"BuildingID_1":null,"BuildingID_2":null,"SiteID":null,"TerminalID":null,"AccessTimeID":null,"CreationDate":1614441600000,"ModifiedBy":"LANDSD","LastAmendmentDate":1642608000000,"Shape__Length":10.625392714520826}},{"type":"Feature","id":340209,"geometry":{"type":"LineString","coordinates":[[114.16965966244041,22.318521922851815,4.7201000000059139],[114.16968523998885,22.318396911642267,4.7185000000026776],[114.16969477549227,22.318350306061738,4.7179000000032829]]},"properties":{"OBJECTID":340209,"PedestrianRouteID":240006570,"Location":1,"FeatureType":1,"AliasNameEN":"Nathan Road","AliasNameTC":"彌敦道","CrossingFeature":null,"WeatherProof":2,"WheelchairBarrier":2,"WheelchairAccess":2,"ObstaclesType":null,"Gradient":0.00011372,"Direction":0,"PositionCertainty":1,"Enabled":1,"DataSource":1,"LevelSource":2,"StreetNameEN":"Nathan Road","StreetNameTC":"彌敦道","ST_CODE":11504,"FloorID":null,"BuildingID_1":null,"BuildingID_2":null,"SiteID":null,"TerminalID":null,"AccessTimeID":null,"CreationDate":1614441600000,"ModifiedBy":"LANDSD","LastAmendmentDate":1690819200000,"Shape__Length":19.345207649378146}},{"type":"Feature","id":340211,"geometry":{"type":"LineString","coordinates":[[114.16792286865166,22.318340811237544,4.3264000000053784],[114.16793432438003,22.318343022556217,4.3245000000024447]]},"properties":{"OBJECTID":340211,"PedestrianRouteID":240006572,"Location":2,"FeatureType":1,"AliasNameEN":"Minibus Terminus Under","AliasNameTC":"下層小巴總站","CrossingFeature":null,"WeatherProof":1,"WheelchairBarrier":2,"WheelchairAccess":2,"ObstaclesType":null,"Gradient":0.00157621,"Direction":0,"PositionCertainty":1,"Enabled":1,"DataSource":1,"LevelSource":2,"StreetNameEN":null,"StreetNameTC":null,"ST_CODE":null,"FloorID":290000078,"BuildingID_1":1108246362,"BuildingID_2":null,"SiteID":null,"TerminalID":null,"AccessTimeID":290000475,"CreationDate":1614441600000,"ModifiedBy":"LANDSD","LastAmendmentDate":1689609600000,"Shape__Length":1.205419068610162}},{"type":"Feature","id":340212,"geometry":{"type":"LineString","coordinates":[[114.16923904578282,22.319230273508097,4.74649999999383],[114.16924015352591,22.319224847978756,4.7355999999999767],[114.16924413887632,22.319205323116702,4.6965999999956694],[114.16924936982896,22.319179698146097,4.6453000000037719]]},"properties":{"OBJECTID":340212,"PedestrianRouteID":240006573,"Location":1,"FeatureType":1,"AliasNameEN":"Mong Kok Station","AliasNameTC":"旺角站","CrossingFeature":null,"WeatherProof":2,"WheelchairBarrier":2,"WheelchairAccess":2,"ObstaclesType":null,"Gradient":0.017750769999999999,"Direction":0,"PositionCertainty":1,"Enabled":1,"DataSource":1,"LevelSource":2,"StreetNameEN":"Argyle Street","StreetNameTC":"亞皆老街","ST_CODE":10027,"FloorID":null,"BuildingID_1":null,"BuildingID_2":null,"SiteID":null,"TerminalID":1511000291,"AccessTimeID":null,"CreationDate":1614441600000,"ModifiedBy":"LANDSD","LastAmendmentDate":1690819200000,"Shape__Length":5.7005631147235398}},{"type":"Feature","id":340213,"geometry":{"type":"LineString","coordinates":[[114.16803840774902,22.318695375873901,4.3120000000053551],[114.16805418827465,22.318700651499377,4.3095000000030268]]},"properties":{"OBJECTID":340213,"PedestrianRouteID":240006574,"Location":2,"FeatureType":1,"AliasNameEN":"Minibus Terminus Under","AliasNameTC":"下層小巴總站","CrossingFeature":null,"WeatherProof":1,"WheelchairBarrier":2,"WheelchairAccess":2,"ObstaclesType":null,"Gradient":0.00144706,"Direction":0,"PositionCertainty":1,"Enabled":1,"DataSource":1,"LevelSource":2,"StreetNameEN":null,"StreetNameTC":null,"ST_CODE":null,"FloorID":290000078,"BuildingID_1":1108246362,"BuildingID_2":null,"SiteID":1503005285,"TerminalID":null,"AccessTimeID":290000475,"CreationDate":1614441600000,"ModifiedBy":"LANDSD","LastAmendmentDate":1659974400000,"Shape__Length":1.7276352687242549}},{"type":"Feature","id":340214,"geometry":{"type":"LineString","coordinates":[[114.1687175290932,22.320642390196259,4.8986000000004424],[114.16880509992454,22.32021984948523,4.9677999999985332],[114.16881687851924,22.320163017833767,4.977100000003702]]},"properties":{"OBJECTID":340214,"PedestrianRouteID":240006575,"Location":1,"FeatureType":5,"AliasNameEN":null,"AliasNameTC":null,"CrossingFeature":null,"WeatherProof":2,"WheelchairBarrier":1,"WheelchairAccess":2,"ObstaclesType":null,"Gradient":0.00145206,"Direction":0,"PositionCertainty":1,"Enabled":1,"DataSource":1,"LevelSource":12,"StreetNameEN":"FIFE STREET","StreetNameTC":"快富街","ST_CODE":10485,"FloorID":null,"BuildingID_1":1108234046,"BuildingID_2":1810106404,"SiteID":null,"TerminalID":1511000291,"AccessTimeID":null,"CreationDate":1614441600000,"ModifiedBy":"LANDSD","LastAmendmentDate":1690819200000,"Shape__Length":54.061016405839574}},{"type":"Feature","id":340215,"geometry":{"type":"LineString","coordinates":[[114.16877595045024,22.319143184494475,4.6775999999954365],[114.16876135749553,22.319211721466747,4.633799999995972],[114.16874783926679,22.319275214903691,4.5932999999931781]]},"properties":{"OBJECTID":340215,"PedestrianRouteID":240006576,"Location":1,"FeatureType":30,"AliasNameEN":"Argyle Street Crossing","AliasNameTC":"亞皆老街過路處","CrossingFeature":1,"WeatherProof":2,"WheelchairBarrier":2,"WheelchairAccess":2,"ObstaclesType":null,"Gradient":0.0056559599999999998,"Direction":0,"PositionCertainty":1,"Enabled":1,"DataSource":1,"LevelSource":2,"StreetNameEN":"Argyle Street","StreetNameTC":"亞皆老街","ST_CODE":10027,"FloorID":null,"BuildingID_1":null,"BuildingID_2":null,"SiteID":null,"TerminalID":null,"AccessTimeID":null,"CreationDate":1614441600000,"ModifiedBy":"LANDSD","LastAmendmentDate":1690819200000,"Shape__Length":14.904460423369857}},{"type":"Feature","id":340216,"geometry":{"type":"LineString","coordinates":[[114.1693128952149,22.320250469474058,4.730200000005425],[114.16931563300925,22.320237496250428,4.7112000000051921]]},"properties":{"OBJECTID":340216,"PedestrianRouteID":240006577,"Location":1,"FeatureType":1,"AliasNameEN":"Nathan Road","AliasNameTC":"彌敦道","CrossingFeature":null,"WeatherProof":2,"WheelchairBarrier":2,"WheelchairAccess":2,"ObstaclesType":null,"Gradient":0.012977270000000001,"Direction":0,"PositionCertainty":1,"Enabled":1,"DataSource":1,"LevelSource":2,"StreetNameEN":"Nathan Road","StreetNameTC":"彌敦道","ST_CODE":11504,"FloorID":null,"BuildingID_1":null,"BuildingID_2":null,"SiteID":null,"TerminalID":null,"AccessTimeID":null,"CreationDate":1614441600000,"ModifiedBy":"LANDSD","LastAmendmentDate":1655654400000,"Shape__Length":1.4640162426857388}},{"type":"Feature","id":340217,"geometry":{"type":"LineString","coordinates":[[114.16899882672988,22.320196000130064,4.9135999999998603],[114.16899641614062,22.320206455634736,4.975800000000163],[114.16899191922107,22.32022595608094,5.0917999999946915],[114.16899116779274,22.320229213379683,5.1111999999993714]]},"properties":{"OBJECTID":340217,"PedestrianRouteID":240006578,"Location":1,"FeatureType":1,"AliasNameEN":"Fife Street","AliasNameTC":"快富街","CrossingFeature":null,"WeatherProof":2,"WheelchairBarrier":2,"WheelchairAccess":2,"ObstaclesType":null,"Gradient":0.052483200000000001,"Direction":0,"PositionCertainty":1,"Enabled":1,"DataSource":1,"LevelSource":12,"StreetNameEN":"Fife Street","StreetNameTC":"快富街","ST_CODE":10485,"FloorID":null,"BuildingID_1":null,"BuildingID_2":null,"SiteID":null,"TerminalID":1511000291,"AccessTimeID":null,"CreationDate":1614441600000,"ModifiedBy":"LANDSD","LastAmendmentDate":1690819200000,"Shape__Length":3.7615570773501665}},{"type":"Feature","id":340218,"geometry":{"type":"LineString","coordinates":[[114.16944448702652,22.318305956436696,4.790500000002794],[114.16943496895126,22.31835184768342,4.7847000000037951],[114.16927259762676,22.319134723256841,4.6851000000024214]]},"properties":{"OBJECTID":340218,"PedestrianRouteID":240006580,"Location":1,"FeatureType":1,"AliasNameEN":"Nathan Road","AliasNameTC":"彌敦道","CrossingFeature":null,"WeatherProof":2,"WheelchairBarrier":2,"WheelchairAccess":2,"ObstaclesType":null,"Gradient":0.00112768,"Direction":0,"PositionCertainty":1,"Enabled":1,"DataSource":1,"LevelSource":2,"StreetNameEN":"Nathan Road","StreetNameTC":"彌敦道","ST_CODE":11504,"FloorID":null,"BuildingID_1":null,"BuildingID_2":null,"SiteID":null,"TerminalID":null,"AccessTimeID":null,"CreationDate":1614441600000,"ModifiedBy":"LANDSD","LastAmendmentDate":1690819200000,"Shape__Length":93.466355111612728}},{"type":"Feature","id":340221,"geometry":{"type":"LineString","coordinates":[[114.16825230755082,22.318079768024511,4.4421000000002095],[114.16824497627401,22.318118498958832,4.4465999999956694]]},"properties":{"OBJECTID":340221,"PedestrianRouteID":240006584,"Location":1,"FeatureType":32,"AliasNameEN":"Langham Place Hotel Crossing","AliasNameTC":"朗豪酒店過路處","CrossingFeature":1,"WeatherProof":2,"WheelchairBarrier":2,"WheelchairAccess":2,"ObstaclesType":null,"Gradient":0.00103461,"Direction":0,"PositionCertainty":1,"Enabled":1,"DataSource":1,"LevelSource":2,"StreetNameEN":"","StreetNameTC":"","ST_CODE":50678,"FloorID":null,"BuildingID_1":null,"BuildingID_2":null,"SiteID":null,"TerminalID":1511000412,"AccessTimeID":null,"CreationDate":1614441600000,"ModifiedBy":"LANDSD","LastAmendmentDate":1707235200000,"Shape__Length":4.3548638570411295}},{"type":"Feature","id":340222,"geometry":{"type":"LineString","coordinates":[[114.16975039345878,22.320423271510116,5.3061000000016065],[114.16973818046232,22.320421032292309,5.2416999999986729],[114.16971680213852,22.320417112981385,5.1288999999960652],[114.1697044717011,22.320414852985522,5.063800000003539]]},"properties":{"OBJECTID":340222,"PedestrianRouteID":240006585,"Location":1,"FeatureType":1,"AliasNameEN":"Mong Kok Station","AliasNameTC":"旺角站","CrossingFeature":null,"WeatherProof":2,"WheelchairBarrier":2,"WheelchairAccess":2,"ObstaclesType":null,"Gradient":0.050204329999999998,"Direction":0,"PositionCertainty":1,"Enabled":1,"DataSource":1,"LevelSource":2,"StreetNameEN":"Sai Yeung Choi Street South","StreetNameTC":"西洋菜南街","ST_CODE":11864,"FloorID":null,"BuildingID_1":null,"BuildingID_2":null,"SiteID":null,"TerminalID":1511000291,"AccessTimeID":null,"CreationDate":1614441600000,"ModifiedBy":"LANDSD","LastAmendmentDate":1690819200000,"Shape__Length":4.8222218639222696}},{"type":"Feature","id":340223,"geometry":{"type":"LineString","coordinates":[[114.16879364545659,22.320158805718123,4.9777000000030966],[114.16891157395858,22.319602169328689,4.8218000000051688]]},"properties":{"OBJECTID":340223,"PedestrianRouteID":240006586,"Location":1,"FeatureType":5,"AliasNameEN":null,"AliasNameTC":null,"CrossingFeature":null,"WeatherProof":2,"WheelchairBarrier":1,"WheelchairAccess":2,"ObstaclesType":null,"Gradient":0.0024814799999999999,"Direction":0,"PositionCertainty":1,"Enabled":1,"DataSource":1,"LevelSource":12,"StreetNameEN":null,"StreetNameTC":null,"ST_CODE":null,"FloorID":null,"BuildingID_1":1108234782,"BuildingID_2":1108246297,"SiteID":null,"TerminalID":null,"AccessTimeID":null,"CreationDate":1614441600000,"ModifiedBy":"LANDSD","LastAmendmentDate":1730995200000,"Shape__Length":62.825035124009119}},{"type":"Feature","id":340229,"geometry":{"type":"LineString","coordinates":[[114.16953095684515,22.319276252637867,4.801500000001397],[114.16953105587083,22.319275774020802,4.8022999999957392],[114.16953512659741,22.319256196778127,4.8368000000045868],[114.16953859443214,22.31923952103821,4.8660999999992782]]},"properties":{"OBJECTID":340229,"PedestrianRouteID":240006592,"Location":1,"FeatureType":1,"AliasNameEN":"Mong Kok Station","AliasNameTC":"旺角站","CrossingFeature":null,"WeatherProof":2,"WheelchairBarrier":2,"WheelchairAccess":2,"ObstaclesType":null,"Gradient":0.01559175,"Direction":0,"PositionCertainty":1,"Enabled":1,"DataSource":1,"LevelSource":2,"StreetNameEN":"Argyle Street","StreetNameTC":"亞皆老街","ST_CODE":10027,"FloorID":null,"BuildingID_1":null,"BuildingID_2":null,"SiteID":null,"TerminalID":1511000291,"AccessTimeID":null,"CreationDate":1614441600000,"ModifiedBy":"LANDSD","LastAmendmentDate":1690819200000,"Shape__Length":4.1428798368214972}},{"type":"Feature","id":340235,"geometry":{"type":"LineString","coordinates":[[114.16944386845245,22.320396106454158,8.3230000000039581],[114.16947165929685,22.320256643749399,8.3230000000039581]]},"properties":{"OBJECTID":340235,"PedestrianRouteID":240006599,"Location":1,"FeatureType":2,"AliasNameEN":"Fife Street Footbridge","AliasNameTC":"快富街天橋","CrossingFeature":null,"WeatherProof":1,"WheelchairBarrier":2,"WheelchairAccess":2,"ObstaclesType":null,"Gradient":0,"Direction":0,"PositionCertainty":1,"Enabled":1,"DataSource":1,"LevelSource":9,"StreetNameEN":"Fife Street","StreetNameTC":"快富街","ST_CODE":10485,"FloorID":null,"BuildingID_1":null,"BuildingID_2":null,"SiteID":null,"TerminalID":null,"AccessTimeID":null,"CreationDate":1614441600000,"ModifiedBy":"LANDSD","LastAmendmentDate":1764259200000,"Shape__Length":15.70654635739858}},{"type":"Feature","id":340236,"geometry":{"type":"LineString","coordinates":[[114.16790850545367,22.318408407164306,4.3071000000054482],[114.1679202601356,22.318410515551605,4.3053000000072643]]},"properties":{"OBJECTID":340236,"PedestrianRouteID":240006600,"Location":2,"FeatureType":1,"AliasNameEN":"Minibus Terminus Under","AliasNameTC":"下層小巴總站","CrossingFeature":null,"WeatherProof":1,"WheelchairBarrier":2,"WheelchairAccess":2,"ObstaclesType":null,"Gradient":0.0014594,"Direction":0,"PositionCertainty":1,"Enabled":1,"DataSource":1,"LevelSource":2,"StreetNameEN":null,"StreetNameTC":null,"ST_CODE":null,"FloorID":290000078,"BuildingID_1":1108246362,"BuildingID_2":null,"SiteID":null,"TerminalID":null,"AccessTimeID":290000475,"CreationDate":1614441600000,"ModifiedBy":"LANDSD","LastAmendmentDate":1659974400000,"Shape__Length":1.2333850858577626}},{"type":"Feature","id":340237,"geometry":{"type":"LineString","coordinates":[[114.1679202601356,22.318410515551605,4.3053000000072643],[114.16808554491885,22.318440164769775,4.3301999999966938]]},"properties":{"OBJECTID":340237,"PedestrianRouteID":240006601,"Location":2,"FeatureType":32,"AliasNameEN":"Langham Place Hotel Crossing","AliasNameTC":"朗豪酒店過路處","CrossingFeature":5,"WeatherProof":1,"WheelchairBarrier":2,"WheelchairAccess":2,"ObstaclesType":null,"Gradient":0.00143574,"Direction":0,"PositionCertainty":1,"Enabled":1,"DataSource":1,"LevelSource":2,"StreetNameEN":null,"StreetNameTC":null,"ST_CODE":null,"FloorID":null,"BuildingID_1":1108246362,"BuildingID_2":null,"SiteID":null,"TerminalID":1511000412,"AccessTimeID":290000475,"CreationDate":1614441600000,"ModifiedBy":"LANDSD","LastAmendmentDate":1659974400000,"Shape__Length":17.342915184351511}},{"type":"Feature","id":340238,"geometry":{"type":"LineString","coordinates":[[114.16808554491885,22.318440164769775,4.3301999999966938],[114.16809915535396,22.318442606473141,4.3390000000072177]]},"properties":{"OBJECTID":340238,"PedestrianRouteID":240006602,"Location":2,"FeatureType":6,"AliasNameEN":"Traffic Island","AliasNameTC":"安全島","CrossingFeature":null,"WeatherProof":1,"WheelchairBarrier":2,"WheelchairAccess":2,"ObstaclesType":null,"Gradient":0.0061618999999999997,"Direction":0,"PositionCertainty":1,"Enabled":1,"DataSource":1,"LevelSource":2,"StreetNameEN":null,"StreetNameTC":null,"ST_CODE":null,"FloorID":null,"BuildingID_1":1108246362,"BuildingID_2":null,"SiteID":null,"TerminalID":null,"AccessTimeID":290000475,"CreationDate":1614441600000,"ModifiedBy":"LANDSD","LastAmendmentDate":1659974400000,"Shape__Length":1.4281132232469267}},{"type":"Feature","id":340239,"geometry":{"type":"LineString","coordinates":[[114.16801017989823,22.317770486923742,4.2574000000022352],[114.16798173884452,22.317908809723608,4.2949999999982538]]},"properties":{"OBJECTID":340239,"PedestrianRouteID":240006603,"Location":1,"FeatureType":1,"AliasNameEN":"Reclamation Street","AliasNameTC":"新填地街","CrossingFeature":null,"WeatherProof":2,"WheelchairBarrier":2,"WheelchairAccess":2,"ObstaclesType":null,"Gradient":0.00240982,"Direction":0,"PositionCertainty":1,"Enabled":1,"DataSource":1,"LevelSource":2,"StreetNameEN":"Reclamation Street","StreetNameTC":"新填地街","ST_CODE":11810,"FloorID":null,"BuildingID_1":null,"BuildingID_2":null,"SiteID":null,"TerminalID":null,"AccessTimeID":null,"CreationDate":1614441600000,"ModifiedBy":"LANDSD","LastAmendmentDate":1707235200000,"Shape__Length":15.594905053660284}},{"type":"Feature","id":340240,"geometry":{"type":"LineString","coordinates":[[114.1686983679738,22.317398913854383,4.1328999999968801],[114.16870030475756,22.317390788220685,4.1159999999945285]]},"properties":{"OBJECTID":340240,"PedestrianRouteID":240006604,"Location":1,"FeatureType":1,"AliasNameEN":"Shantung Street","AliasNameTC":"山東街","CrossingFeature":null,"WeatherProof":2,"WheelchairBarrier":2,"WheelchairAccess":2,"ObstaclesType":null,"Gradient":0.018334610000000001,"Direction":0,"PositionCertainty":1,"Enabled":1,"DataSource":1,"LevelSource":2,"StreetNameEN":"Shantung Street","StreetNameTC":"山東街","ST_CODE":11986,"FloorID":null,"BuildingID_1":null,"BuildingID_2":null,"SiteID":null,"TerminalID":null,"AccessTimeID":null,"CreationDate":1614441600000,"ModifiedBy":"LANDSD","LastAmendmentDate":1655654400000,"Shape__Length":0.92165084927613106}},{"type":"Feature","id":340241,"geometry":{"type":"LineString","coordinates":[[114.16869339640903,22.317419773380021,4.1267999999981839],[114.1686983679738,22.317398913854383,4.1328999999968801]]},"properties":{"OBJECTID":340241,"PedestrianRouteID":240006605,"Location":1,"FeatureType":1,"AliasNameEN":"Shantung Street","AliasNameTC":"山東街","CrossingFeature":null,"WeatherProof":2,"WheelchairBarrier":2,"WheelchairAccess":2,"ObstaclesType":null,"Gradient":0.0025782000000000001,"Direction":0,"PositionCertainty":1,"Enabled":1,"DataSource":1,"LevelSource":2,"StreetNameEN":"Shantung Street","StreetNameTC":"山東街","ST_CODE":11986,"FloorID":null,"BuildingID_1":null,"BuildingID_2":null,"SiteID":null,"TerminalID":null,"AccessTimeID":null,"CreationDate":1614441600000,"ModifiedBy":"LANDSD","LastAmendmentDate":1655654400000,"Shape__Length":2.3659848738161959}},{"type":"Feature","id":340242,"geometry":{"type":"LineString","coordinates":[[114.16875943109379,22.317401377742602,4.2899999999935972],[114.16870030475756,22.317390788220685,4.2093000000022585],[114.16866303184749,22.31738411183375,4.22620000000461]]},"properties":{"OBJECTID":340242,"PedestrianRouteID":240006606,"Location":1,"FeatureType":7,"AliasNameEN":"Shantung Street RunIn","AliasNameTC":"山東街車輛出入口","CrossingFeature":null,"WeatherProof":2,"WheelchairBarrier":2,"WheelchairAccess":2,"ObstaclesType":null,"Gradient":0.0063077300000000001,"Direction":0,"PositionCertainty":1,"Enabled":1,"DataSource":1,"LevelSource":12,"StreetNameEN":"Shantung Street","StreetNameTC":"山東街","ST_CODE":11986,"FloorID":null,"BuildingID_1":null,"BuildingID_2":null,"SiteID":null,"TerminalID":null,"AccessTimeID":null,"CreationDate":1614441600000,"ModifiedBy":"LANDSD","LastAmendmentDate":1658160000000,"Shape__Length":10.114447430782585}},{"type":"Feature","id":340243,"geometry":{"type":"LineString","coordinates":[[114.16866303184749,22.31738411183375,4.22620000000461],[114.16858006729092,22.317369253205669,4.1208999999944353]]},"properties":{"OBJECTID":340243,"PedestrianRouteID":240006607,"Location":1,"FeatureType":1,"AliasNameEN":"Shantung Street","AliasNameTC":"山東街","CrossingFeature":null,"WeatherProof":2,"WheelchairBarrier":2,"WheelchairAccess":2,"ObstaclesType":null,"Gradient":0.01209615,"Direction":0,"PositionCertainty":1,"Enabled":1,"DataSource":1,"LevelSource":12,"StreetNameEN":"Shantung Street","StreetNameTC":"山東街","ST_CODE":11986,"FloorID":null,"BuildingID_1":null,"BuildingID_2":null,"SiteID":null,"TerminalID":null,"AccessTimeID":null,"CreationDate":1614441600000,"ModifiedBy":"LANDSD","LastAmendmentDate":1689264000000,"Shape__Length":8.7048262475651583}},{"type":"Feature","id":340244,"geometry":{"type":"LineString","coordinates":[[114.16831295712977,22.317784204330216,4.4122000000061234],[114.16831377945894,22.317780197497896,4.265400000003865]]},"properties":{"OBJECTID":340244,"PedestrianRouteID":240006608,"Location":1,"FeatureType":1,"AliasNameEN":"Shanghai Street","AliasNameTC":"上海街","CrossingFeature":null,"WeatherProof":2,"WheelchairBarrier":2,"WheelchairAccess":2,"ObstaclesType":null,"Gradient":0.00398482,"Direction":0,"PositionCertainty":1,"Enabled":1,"DataSource":1,"LevelSource":2,"StreetNameEN":"Shanghai Street","StreetNameTC":"上海街","ST_CODE":11984,"FloorID":null,"BuildingID_1":null,"BuildingID_2":null,"SiteID":null,"TerminalID":null,"AccessTimeID":null,"CreationDate":1614441600000,"ModifiedBy":"LANDSD","LastAmendmentDate":1689264000000,"Shape__Length":0.45171205484633575}},{"type":"Feature","id":340245,"geometry":{"type":"LineString","coordinates":[[114.16832232022357,22.317738577734573,4.8261000000056811],[114.1683315920497,22.317693390020313,4.2428999999974621]]},"properties":{"OBJECTID":340245,"PedestrianRouteID":240006609,"Location":1,"FeatureType":7,"AliasNameEN":"Shanghai Street RunIn","AliasNameTC":"上海街車輛出入口","CrossingFeature":null,"WeatherProof":2,"WheelchairBarrier":2,"WheelchairAccess":2,"ObstaclesType":null,"Gradient":0.0022991499999999998,"Direction":0,"PositionCertainty":1,"Enabled":1,"DataSource":1,"LevelSource":2,"StreetNameEN":"Shanghai Street","StreetNameTC":"上海街","ST_CODE":11984,"FloorID":null,"BuildingID_1":null,"BuildingID_2":null,"SiteID":null,"TerminalID":null,"AccessTimeID":null,"CreationDate":1614441600000,"ModifiedBy":"LANDSD","LastAmendmentDate":1707235200000,"Shape__Length":5.0942163497837418}},{"type":"Feature","id":340246,"geometry":{"type":"LineString","coordinates":[[114.1683315920497,22.317693390020313,4.2428999999974621],[114.16837814817603,22.31746650775025,4.09769999999844],[114.16838256490396,22.317440856571011,4.0941000000020722]]},"properties":{"OBJECTID":340246,"PedestrianRouteID":240006610,"Location":1,"FeatureType":1,"AliasNameEN":"Shanghai Street","AliasNameTC":"上海街","CrossingFeature":null,"WeatherProof":2,"WheelchairBarrier":2,"WheelchairAccess":2,"ObstaclesType":null,"Gradient":0.0052294000000000004,"Direction":0,"PositionCertainty":1,"Enabled":1,"DataSource":1,"LevelSource":2,"StreetNameEN":"Shanghai Street","StreetNameTC":"上海街","ST_CODE":11984,"FloorID":null,"BuildingID_1":null,"BuildingID_2":null,"SiteID":null,"TerminalID":null,"AccessTimeID":null,"CreationDate":1614441600000,"ModifiedBy":"LANDSD","LastAmendmentDate":1655654400000,"Shape__Length":28.454229659286298}},{"type":"Feature","id":340247,"geometry":{"type":"LineString","coordinates":[[114.1690179767343,22.31796337615047,4.4296000000031199],[114.16899045999152,22.318095825669314,4.4679000000032829]]},"properties":{"OBJECTID":340247,"PedestrianRouteID":240006611,"Location":1,"FeatureType":1,"AliasNameEN":"Portland Street","AliasNameTC":"砵蘭街","CrossingFeature":null,"WeatherProof":2,"WheelchairBarrier":2,"WheelchairAccess":2,"ObstaclesType":null,"Gradient":0.0025669,"Direction":0,"PositionCertainty":1,"Enabled":1,"DataSource":1,"LevelSource":2,"StreetNameEN":"Portland Street","StreetNameTC":"砵蘭街","ST_CODE":11777,"FloorID":null,"BuildingID_1":null,"BuildingID_2":null,"SiteID":null,"TerminalID":null,"AccessTimeID":null,"CreationDate":1614441600000,"ModifiedBy":"LANDSD","LastAmendmentDate":1712851200000,"Shape__Length":14.938246620324056}},{"type":"Feature","id":340248,"geometry":{"type":"LineString","coordinates":[[114.16906958395704,22.317714973118498,4.3796000000002095],[114.16905668920703,22.317777041594709,4.3804999999993015]]},"properties":{"OBJECTID":340248,"PedestrianRouteID":240006612,"Location":1,"FeatureType":7,"AliasNameEN":"Portland Street RunIn","AliasNameTC":"砵蘭街車輛出入口","CrossingFeature":null,"WeatherProof":2,"WheelchairBarrier":2,"WheelchairAccess":2,"ObstaclesType":null,"Gradient":0.00010108,"Direction":0,"PositionCertainty":1,"Enabled":1,"DataSource":1,"LevelSource":2,"StreetNameEN":"Portland Street","StreetNameTC":"砵蘭街","ST_CODE":11777,"FloorID":null,"BuildingID_1":null,"BuildingID_2":null,"SiteID":null,"TerminalID":null,"AccessTimeID":null,"CreationDate":1614441600000,"ModifiedBy":"LANDSD","LastAmendmentDate":1712851200000,"Shape__Length":7.0003566672883082}},{"type":"Feature","id":340249,"geometry":{"type":"LineString","coordinates":[[114.16908446698132,22.31764333501286,4.3984999999956926],[114.16907703517934,22.317679110267999,4.389100000000326]]},"properties":{"OBJECTID":340249,"PedestrianRouteID":290041169,"Location":1,"FeatureType":1,"AliasNameEN":"Portland Street","AliasNameTC":"砵蘭街","CrossingFeature":null,"WeatherProof":2,"WheelchairBarrier":2,"WheelchairAccess":2,"ObstaclesType":null,"Gradient":0.0023438199999999999,"Direction":0,"PositionCertainty":1,"Enabled":1,"DataSource":1,"LevelSource":2,"StreetNameEN":"Portland Street","StreetNameTC":"砵蘭街","ST_CODE":11777,"FloorID":null,"BuildingID_1":null,"BuildingID_2":null,"SiteID":null,"TerminalID":null,"AccessTimeID":null,"CreationDate":1614441600000,"ModifiedBy":"LANDSD","LastAmendmentDate":1712851200000,"Shape__Length":4.034881015760563}},{"type":"Feature","id":340250,"geometry":{"type":"LineString","coordinates":[[114.16897907281096,22.317440716773575,4.3390999999974156],[114.16875943109379,22.317401377742602,4.2899999999935972]]},"properties":{"OBJECTID":340250,"PedestrianRouteID":240006614,"Location":1,"FeatureType":1,"AliasNameEN":"Shantung Street","AliasNameTC":"山東街","CrossingFeature":null,"WeatherProof":2,"WheelchairBarrier":2,"WheelchairAccess":2,"ObstaclesType":null,"Gradient":0.00213058,"Direction":0,"PositionCertainty":1,"Enabled":1,"DataSource":1,"LevelSource":2,"StreetNameEN":"Shantung Street","StreetNameTC":"山東街","ST_CODE":11986,"FloorID":null,"BuildingID_1":null,"BuildingID_2":null,"SiteID":null,"TerminalID":null,"AccessTimeID":null,"CreationDate":1614441600000,"ModifiedBy":"LANDSD","LastAmendmentDate":1658160000000,"Shape__Length":23.045334690234448}},{"type":"Feature","id":340251,"geometry":{"type":"LineString","coordinates":[[114.1680192275474,22.317726483126524,4.2464000000036322],[114.16801814016006,22.317731769578455,4.2468999999982771]]},"properties":{"OBJECTID":340251,"PedestrianRouteID":240006615,"Location":1,"FeatureType":1,"AliasNameEN":"Reclamation Street","AliasNameTC":"新填地街","CrossingFeature":null,"WeatherProof":2,"WheelchairBarrier":2,"WheelchairAccess":2,"ObstaclesType":null,"Gradient":0.00083889999999999995,"Direction":0,"PositionCertainty":1,"Enabled":1,"DataSource":1,"LevelSource":2,"StreetNameEN":"Reclamation Street","StreetNameTC":"新填地街","ST_CODE":11810,"FloorID":null,"BuildingID_1":null,"BuildingID_2":null,"SiteID":null,"TerminalID":null,"AccessTimeID":null,"CreationDate":1614441600000,"ModifiedBy":"LANDSD","LastAmendmentDate":1655654400000,"Shape__Length":0.59601775157384773}},{"type":"Feature","id":340252,"geometry":{"type":"LineString","coordinates":[[114.16803137909741,22.317667383049233,4.2388999999966472],[114.1680192275474,22.317726483126524,4.2464000000036322]]},"properties":{"OBJECTID":340252,"PedestrianRouteID":240006616,"Location":1,"FeatureType":7,"AliasNameEN":"Reclamation Street RunIn","AliasNameTC":"新填地街車輛出入口","CrossingFeature":null,"WeatherProof":2,"WheelchairBarrier":2,"WheelchairAccess":2,"ObstaclesType":null,"Gradient":0.00112404,"Direction":0,"PositionCertainty":1,"Enabled":1,"DataSource":1,"LevelSource":2,"StreetNameEN":"Reclamation Street","StreetNameTC":"新填地街","ST_CODE":11810,"FloorID":null,"BuildingID_1":null,"BuildingID_2":null,"SiteID":null,"TerminalID":null,"AccessTimeID":null,"CreationDate":1614441600000,"ModifiedBy":"LANDSD","LastAmendmentDate":1707235200000,"Shape__Length":6.6631060940324502}},{"type":"Feature","id":340253,"geometry":{"type":"LineString","coordinates":[[114.1679732911785,22.317949896668015,4.3027000000001863],[114.16795180748846,22.317945945510488,4.2906999999977415]]},"properties":{"OBJECTID":340253,"PedestrianRouteID":240006617,"Location":1,"FeatureType":1,"AliasNameEN":"Reclamation Street","AliasNameTC":"新填地街","CrossingFeature":null,"WeatherProof":2,"WheelchairBarrier":2,"WheelchairAccess":2,"ObstaclesType":null,"Gradient":0.0053183900000000001,"Direction":0,"PositionCertainty":1,"Enabled":1,"DataSource":1,"LevelSource":2,"StreetNameEN":"Reclamation Street","StreetNameTC":"新填地街","ST_CODE":11810,"FloorID":null,"BuildingID_1":null,"BuildingID_2":null,"SiteID":null,"TerminalID":null,"AccessTimeID":null,"CreationDate":1614441600000,"ModifiedBy":"LANDSD","LastAmendmentDate":1689609600000,"Shape__Length":2.2563025081758137}},{"type":"Feature","id":340256,"geometry":{"type":"LineString","coordinates":[[114.17126873802673,22.322048113073329,6.4253000000026077],[114.17136933681054,22.321565352798391,6.3451999999961117]]},"properties":{"OBJECTID":340256,"PedestrianRouteID":240006620,"Location":1,"FeatureType":1,"AliasNameEN":"Sai Yee Street","AliasNameTC":"洗衣街","CrossingFeature":null,"WeatherProof":2,"WheelchairBarrier":2,"WheelchairAccess":2,"ObstaclesType":null,"Gradient":0.00147097,"Direction":0,"PositionCertainty":1,"Enabled":1,"DataSource":1,"LevelSource":2,"StreetNameEN":"Sai Yee Street","StreetNameTC":"洗衣街","ST_CODE":11861,"FloorID":null,"BuildingID_1":null,"BuildingID_2":null,"SiteID":null,"TerminalID":null,"AccessTimeID":null,"CreationDate":1614441600000,"ModifiedBy":"LANDSD","LastAmendmentDate":1655654400000,"Shape__Length":54.453778673931751}},{"type":"Feature","id":340257,"geometry":{"type":"LineString","coordinates":[[114.17136933681054,22.321565352798391,6.3451999999961117],[114.17137814966786,22.321523061929447,6.3340000000025611]]},"properties":{"OBJECTID":340257,"PedestrianRouteID":240006621,"Location":1,"FeatureType":7,"AliasNameEN":"Sai Yee Street RunIn","AliasNameTC":"洗衣街車輛出入口","CrossingFeature":null,"WeatherProof":2,"WheelchairBarrier":2,"WheelchairAccess":2,"ObstaclesType":null,"Gradient":0.0023478700000000002,"Direction":0,"PositionCertainty":1,"Enabled":1,"DataSource":1,"LevelSource":2,"StreetNameEN":"Sai Yee Street","StreetNameTC":"洗衣街","ST_CODE":11861,"FloorID":null,"BuildingID_1":null,"BuildingID_2":null,"SiteID":null,"TerminalID":null,"AccessTimeID":null,"CreationDate":1614441600000,"ModifiedBy":"LANDSD","LastAmendmentDate":1655654400000,"Shape__Length":4.7702753013338235}},{"type":"Feature","id":340258,"geometry":{"type":"LineString","coordinates":[[114.16795676185582,22.318030287032215,4.6076999999932013],[114.16788013254154,22.318402980922031,4.590200000006007]]},"properties":{"OBJECTID":340258,"PedestrianRouteID":240006622,"Location":1,"FeatureType":1,"AliasNameEN":"Reclamation Street","AliasNameTC":"新填地街","CrossingFeature":null,"WeatherProof":2,"WheelchairBarrier":2,"WheelchairAccess":2,"ObstaclesType":null,"Gradient":0.00041648,"Direction":0,"PositionCertainty":1,"Enabled":1,"DataSource":1,"LevelSource":12,"StreetNameEN":"Reclamation Street","StreetNameTC":"新填地街","ST_CODE":11810,"FloorID":null,"BuildingID_1":null,"BuildingID_2":null,"SiteID":null,"TerminalID":null,"AccessTimeID":null,"CreationDate":1614441600000,"ModifiedBy":"LANDSD","LastAmendmentDate":1689264000000,"Shape__Length":42.018533264245789}},{"type":"Feature","id":340259,"geometry":{"type":"LineString","coordinates":[[114.16764882234055,22.321729287806811,4.9045999999943888],[114.16766953497826,22.321733016806739,4.9355999999970663]]},"properties":{"OBJECTID":340259,"PedestrianRouteID":240006623,"Location":1,"FeatureType":1,"AliasNameEN":"Shanghai Street","AliasNameTC":"上海街","CrossingFeature":null,"WeatherProof":2,"WheelchairBarrier":2,"WheelchairAccess":2,"ObstaclesType":null,"Gradient":0.014261350000000001,"Direction":0,"PositionCertainty":1,"Enabled":1,"DataSource":1,"LevelSource":2,"StreetNameEN":"Shanghai Street","StreetNameTC":"上海街","ST_CODE":11984,"FloorID":null,"BuildingID_1":null,"BuildingID_2":null,"SiteID":null,"TerminalID":null,"AccessTimeID":null,"CreationDate":1614441600000,"ModifiedBy":"LANDSD","LastAmendmentDate":1655654400000,"Shape__Length":2.1735592559569077}},{"type":"Feature","id":340261,"geometry":{"type":"LineString","coordinates":[[114.16751984203336,22.321706064606026,4.810299999997369],[114.16764882234055,22.321729287806811,4.9045999999943888]]},"properties":{"OBJECTID":340261,"PedestrianRouteID":240006625,"Location":1,"FeatureType":30,"AliasNameEN":"Shanghai Street Crossing","AliasNameTC":"上海街過路處","CrossingFeature":1,"WeatherProof":2,"WheelchairBarrier":2,"WheelchairAccess":2,"ObstaclesType":null,"Gradient":0.0069669700000000003,"Direction":0,"PositionCertainty":1,"Enabled":1,"DataSource":1,"LevelSource":2,"StreetNameEN":"Shanghai Street","StreetNameTC":"上海街","ST_CODE":11984,"FloorID":null,"BuildingID_1":null,"BuildingID_2":null,"SiteID":null,"TerminalID":null,"AccessTimeID":null,"CreationDate":1614441600000,"ModifiedBy":"LANDSD","LastAmendmentDate":1655654400000,"Shape__Length":13.535086269940175}},{"type":"Feature","id":340262,"geometry":{"type":"LineString","coordinates":[[114.17055012477368,22.319701983983514,5.4253999999928055],[114.17056493793734,22.319704624199225,5.4140000000043074]]},"properties":{"OBJECTID":340262,"PedestrianRouteID":240006626,"Location":1,"FeatureType":1,"AliasNameEN":"Tung Choi Street","AliasNameTC":"通菜街","CrossingFeature":null,"WeatherProof":2,"WheelchairBarrier":2,"WheelchairAccess":2,"ObstaclesType":null,"Gradient":0.0073360600000000002,"Direction":0,"PositionCertainty":1,"Enabled":1,"DataSource":1,"LevelSource":2,"StreetNameEN":"Tung Choi Street","StreetNameTC":"通菜街","ST_CODE":12513,"FloorID":null,"BuildingID_1":null,"BuildingID_2":null,"SiteID":null,"TerminalID":null,"AccessTimeID":null,"CreationDate":1614441600000,"ModifiedBy":"LANDSD","LastAmendmentDate":1655654400000,"Shape__Length":1.5539387797015509}},{"type":"Feature","id":340263,"geometry":{"type":"LineString","coordinates":[[114.17041884650807,22.319678582382608,5.372799999997369],[114.1704346962579,22.31968140777839,5.3356999999959953]]},"properties":{"OBJECTID":340263,"PedestrianRouteID":240006627,"Location":1,"FeatureType":1,"AliasNameEN":"Tung Choi Street","AliasNameTC":"通菜街","CrossingFeature":null,"WeatherProof":2,"WheelchairBarrier":2,"WheelchairAccess":2,"ObstaclesType":null,"Gradient":0.022309559999999999,"Direction":0,"PositionCertainty":1,"Enabled":1,"DataSource":1,"LevelSource":2,"StreetNameEN":"Tung Choi Street","StreetNameTC":"通菜街","ST_CODE":12513,"FloorID":null,"BuildingID_1":null,"BuildingID_2":null,"SiteID":null,"TerminalID":null,"AccessTimeID":null,"CreationDate":1614441600000,"ModifiedBy":"LANDSD","LastAmendmentDate":1655654400000,"Shape__Length":1.6626884377183224}},{"type":"Feature","id":340264,"geometry":{"type":"LineString","coordinates":[[114.1704346962579,22.31968140777839,5.3356999999959953],[114.17055012477368,22.319701983983514,5.4253999999928055]]},"properties":{"OBJECTID":340264,"PedestrianRouteID":240006628,"Location":1,"FeatureType":30,"AliasNameEN":"Tung Choi Street Crossing","AliasNameTC":"通菜街過路處","CrossingFeature":1,"WeatherProof":2,"WheelchairBarrier":2,"WheelchairAccess":2,"ObstaclesType":null,"Gradient":0.0074076999999999997,"Direction":0,"PositionCertainty":1,"Enabled":1,"DataSource":1,"LevelSource":2,"StreetNameEN":"Tung Choi Street","StreetNameTC":"通菜街","ST_CODE":12513,"FloorID":null,"BuildingID_1":null,"BuildingID_2":null,"SiteID":null,"TerminalID":null,"AccessTimeID":null,"CreationDate":1614441600000,"ModifiedBy":"LANDSD","LastAmendmentDate":1655654400000,"Shape__Length":12.108807487183421}},{"type":"Feature","id":340265,"geometry":{"type":"LineString","coordinates":[[114.17169454530277,22.319943518607289,5.7480999999970663],[114.17170683885041,22.319945713430499,5.7424000000028173]]},"properties":{"OBJECTID":340265,"PedestrianRouteID":240006629,"Location":1,"FeatureType":1,"AliasNameEN":"Sai Yee Street","AliasNameTC":"洗衣街","CrossingFeature":null,"WeatherProof":2,"WheelchairBarrier":2,"WheelchairAccess":2,"ObstaclesType":null,"Gradient":0.00441961,"Direction":0,"PositionCertainty":1,"Enabled":1,"DataSource":1,"LevelSource":2,"StreetNameEN":"Sai Yee Street","StreetNameTC":"洗衣街","ST_CODE":11861,"FloorID":null,"BuildingID_1":null,"BuildingID_2":null,"SiteID":null,"TerminalID":null,"AccessTimeID":null,"CreationDate":1614441600000,"ModifiedBy":"LANDSD","LastAmendmentDate":1655654400000,"Shape__Length":1.2896994067187926}},{"type":"Feature","id":340266,"geometry":{"type":"LineString","coordinates":[[114.17158971724942,22.319924807474923,5.7731999999959953],[114.17169454530277,22.319943518607289,5.7480999999970663]]},"properties":{"OBJECTID":340266,"PedestrianRouteID":240006630,"Location":1,"FeatureType":30,"AliasNameEN":"Sai Yee Street Crossing","AliasNameTC":"洗衣街過路處","CrossingFeature":1,"WeatherProof":2,"WheelchairBarrier":2,"WheelchairAccess":2,"ObstaclesType":null,"Gradient":0.0022823800000000001,"Direction":0,"PositionCertainty":1,"Enabled":1,"DataSource":1,"LevelSource":2,"StreetNameEN":"Sai Yee Street","StreetNameTC":"洗衣街","ST_CODE":11861,"FloorID":null,"BuildingID_1":null,"BuildingID_2":null,"SiteID":null,"TerminalID":null,"AccessTimeID":null,"CreationDate":1614441600000,"ModifiedBy":"LANDSD","LastAmendmentDate":1655654400000,"Shape__Length":10.99727996911542}},{"type":"Feature","id":340270,"geometry":{"type":"LineString","coordinates":[[114.1715047543094,22.317736536201302,5.8540999999968335],[114.17154550793994,22.317743950751034,5.8377999999938766]]},"properties":{"OBJECTID":340270,"PedestrianRouteID":240006634,"Location":1,"FeatureType":1,"AliasNameEN":"Fa Yuen Street","AliasNameTC":"花園街","CrossingFeature":null,"WeatherProof":2,"WheelchairBarrier":2,"WheelchairAccess":2,"ObstaclesType":null,"Gradient":0.0038098199999999998,"Direction":0,"PositionCertainty":1,"Enabled":1,"DataSource":1,"LevelSource":2,"StreetNameEN":"Fa Yuen Street","StreetNameTC":"花園街","ST_CODE":10419,"FloorID":null,"BuildingID_1":null,"BuildingID_2":null,"SiteID":null,"TerminalID":null,"AccessTimeID":null,"CreationDate":1614441600000,"ModifiedBy":"LANDSD","LastAmendmentDate":1655654400000,"Shape__Length":4.2783919902986414}},{"type":"Feature","id":340271,"geometry":{"type":"LineString","coordinates":[[114.17140536024901,22.317719018968237,5.8613999999943189],[114.17144262466449,22.317725143857931,5.876300000003539]]},"properties":{"OBJECTID":340271,"PedestrianRouteID":240006635,"Location":1,"FeatureType":1,"AliasNameEN":"Fa Yuen Street","AliasNameTC":"花園街","CrossingFeature":null,"WeatherProof":2,"WheelchairBarrier":2,"WheelchairAccess":2,"ObstaclesType":null,"Gradient":0.0038216499999999998,"Direction":0,"PositionCertainty":1,"Enabled":1,"DataSource":1,"LevelSource":2,"StreetNameEN":"Fa Yuen Street","StreetNameTC":"花園街","ST_CODE":10419,"FloorID":null,"BuildingID_1":null,"BuildingID_2":null,"SiteID":null,"TerminalID":null,"AccessTimeID":null,"CreationDate":1614441600000,"ModifiedBy":"LANDSD","LastAmendmentDate":1655654400000,"Shape__Length":3.8988218696136694}},{"type":"Feature","id":340272,"geometry":{"type":"LineString","coordinates":[[114.17144262466449,22.317725143857931,5.876300000003539],[114.1715047543094,22.317736536201302,5.8540999999968335]]},"properties":{"OBJECTID":340272,"PedestrianRouteID":240006636,"Location":1,"FeatureType":32,"AliasNameEN":"Fa Yuen Street Crossing","AliasNameTC":"花園街過路處","CrossingFeature":1,"WeatherProof":2,"WheelchairBarrier":2,"WheelchairAccess":2,"ObstaclesType":null,"Gradient":0.0034026099999999999,"Direction":0,"PositionCertainty":1,"Enabled":1,"DataSource":1,"LevelSource":2,"StreetNameEN":"Fa Yuen Street","StreetNameTC":"花園街","ST_CODE":10419,"FloorID":null,"BuildingID_1":null,"BuildingID_2":null,"SiteID":null,"TerminalID":null,"AccessTimeID":null,"CreationDate":1614441600000,"ModifiedBy":"LANDSD","LastAmendmentDate":1655654400000,"Shape__Length":6.5243788500444602}},{"type":"Feature","id":340276,"geometry":{"type":"LineString","coordinates":[[114.16812434023761,22.317284350801469,3.9550000000017462],[114.16812729554746,22.317270518795141,3.8993999999947846]]},"properties":{"OBJECTID":340276,"PedestrianRouteID":240006640,"Location":1,"FeatureType":1,"AliasNameEN":"Reclamation Street","AliasNameTC":"新填地街","CrossingFeature":null,"WeatherProof":2,"WheelchairBarrier":2,"WheelchairAccess":2,"ObstaclesType":null,"Gradient":0.035590469999999999,"Direction":0,"PositionCertainty":1,"Enabled":1,"DataSource":1,"LevelSource":2,"StreetNameEN":"Reclamation Street","StreetNameTC":"新填地街","ST_CODE":11810,"FloorID":null,"BuildingID_1":null,"BuildingID_2":null,"SiteID":null,"TerminalID":null,"AccessTimeID":null,"CreationDate":1614441600000,"ModifiedBy":"LANDSD","LastAmendmentDate":1690819200000,"Shape__Length":1.5616543294459628}},{"type":"Feature","id":340277,"geometry":{"type":"LineString","coordinates":[[114.16812729554746,22.317270518795141,3.8993999999947846],[114.16814492836632,22.317187991825882,3.8564000000042142]]},"properties":{"OBJECTID":340277,"PedestrianRouteID":240006641,"Location":1,"FeatureType":30,"AliasNameEN":"Shantung Street Crossing","AliasNameTC":"山東街過路處","CrossingFeature":1,"WeatherProof":2,"WheelchairBarrier":2,"WheelchairAccess":2,"ObstaclesType":null,"Gradient":0.0046149800000000003,"Direction":0,"PositionCertainty":1,"Enabled":1,"DataSource":1,"LevelSource":2,"StreetNameEN":"Shantung Street","StreetNameTC":"山東街","ST_CODE":11986,"FloorID":null,"BuildingID_1":null,"BuildingID_2":null,"SiteID":null,"TerminalID":null,"AccessTimeID":null,"CreationDate":1614441600000,"ModifiedBy":"LANDSD","LastAmendmentDate":1655654400000,"Shape__Length":9.3174256180590245}},{"type":"Feature","id":340278,"geometry":{"type":"LineString","coordinates":[[114.17037772474441,22.320531917664169,5.5464000000065425],[114.17039396962254,22.320534816227163,5.6319999999977881]]},"properties":{"OBJECTID":340278,"PedestrianRouteID":240006642,"Location":1,"FeatureType":1,"AliasNameEN":"Fife Street","AliasNameTC":"快富街","CrossingFeature":null,"WeatherProof":2,"WheelchairBarrier":2,"WheelchairAccess":2,"ObstaclesType":null,"Gradient":0.050187089999999997,"Direction":0,"PositionCertainty":1,"Enabled":1,"DataSource":1,"LevelSource":2,"StreetNameEN":"Fife Street","StreetNameTC":"快富街","ST_CODE":10485,"FloorID":null,"BuildingID_1":null,"BuildingID_2":null,"SiteID":null,"TerminalID":null,"AccessTimeID":null,"CreationDate":1614441600000,"ModifiedBy":"LANDSD","LastAmendmentDate":1655654400000,"Shape__Length":1.704185582541927}},{"type":"Feature","id":340279,"geometry":{"type":"LineString","coordinates":[[114.17024457733419,22.320508162753772,5.658899999994901],[114.17026179959745,22.320511235660184,5.603000000002794]]},"properties":{"OBJECTID":340279,"PedestrianRouteID":240006643,"Location":1,"FeatureType":1,"AliasNameEN":"Fife Street","AliasNameTC":"快富街","CrossingFeature":null,"WeatherProof":2,"WheelchairBarrier":2,"WheelchairAccess":2,"ObstaclesType":null,"Gradient":0.03093021,"Direction":0,"PositionCertainty":1,"Enabled":1,"DataSource":1,"LevelSource":2,"StreetNameEN":"Fife Street","StreetNameTC":"快富街","ST_CODE":10485,"FloorID":null,"BuildingID_1":null,"BuildingID_2":null,"SiteID":null,"TerminalID":null,"AccessTimeID":null,"CreationDate":1614441600000,"ModifiedBy":"LANDSD","LastAmendmentDate":1655654400000,"Shape__Length":1.8067184067533821}},{"type":"Feature","id":340280,"geometry":{"type":"LineString","coordinates":[[114.17026179959745,22.320511235660184,5.603000000002794],[114.17037772474441,22.320531917664169,5.5464000000065425]]},"properties":{"OBJECTID":340280,"PedestrianRouteID":240006644,"Location":1,"FeatureType":32,"AliasNameEN":"Tung Choi Street Crossing","AliasNameTC":"通菜街過路處","CrossingFeature":1,"WeatherProof":2,"WheelchairBarrier":2,"WheelchairAccess":2,"ObstaclesType":null,"Gradient":0.0046541100000000004,"Direction":0,"PositionCertainty":1,"Enabled":1,"DataSource":1,"LevelSource":2,"StreetNameEN":"Tung Choi Street","StreetNameTC":"通菜街","ST_CODE":12513,"FloorID":null,"BuildingID_1":null,"BuildingID_2":null,"SiteID":null,"TerminalID":null,"AccessTimeID":null,"CreationDate":1614441600000,"ModifiedBy":"LANDSD","LastAmendmentDate":1655654400000,"Shape__Length":12.161196313681456}},{"type":"Feature","id":340281,"geometry":{"type":"LineString","coordinates":[[114.17146752155919,22.317917645386295,5.7980999999999767],[114.17150778120956,22.317925116821787,5.6074999999982538]]},"properties":{"OBJECTID":340281,"PedestrianRouteID":240006645,"Location":1,"FeatureType":1,"AliasNameEN":"Fa Yuen Street","AliasNameTC":"花園街","CrossingFeature":null,"WeatherProof":2,"WheelchairBarrier":2,"WheelchairAccess":2,"ObstaclesType":null,"Gradient":0.045032080000000002,"Direction":0,"PositionCertainty":1,"Enabled":1,"DataSource":1,"LevelSource":2,"StreetNameEN":"Fa Yuen Street","StreetNameTC":"花園街","ST_CODE":10419,"FloorID":null,"BuildingID_1":null,"BuildingID_2":null,"SiteID":null,"TerminalID":null,"AccessTimeID":null,"CreationDate":1614441600000,"ModifiedBy":"LANDSD","LastAmendmentDate":1655654400000,"Shape__Length":4.2296765647269146}},{"type":"Feature","id":340282,"geometry":{"type":"LineString","coordinates":[[114.17136623279998,22.317899880628612,5.5978999999933876],[114.17140818610645,22.317907531854761,5.8568999999988591]]},"properties":{"OBJECTID":340282,"PedestrianRouteID":240006646,"Location":1,"FeatureType":1,"AliasNameEN":"Fa Yuen Street","AliasNameTC":"花園街","CrossingFeature":null,"WeatherProof":2,"WheelchairBarrier":2,"WheelchairAccess":2,"ObstaclesType":null,"Gradient":0.058732890000000003,"Direction":0,"PositionCertainty":1,"Enabled":1,"DataSource":1,"LevelSource":2,"StreetNameEN":"Fa Yuen Street","StreetNameTC":"花園街","ST_CODE":10419,"FloorID":null,"BuildingID_1":null,"BuildingID_2":null,"SiteID":null,"TerminalID":null,"AccessTimeID":null,"CreationDate":1614441600000,"ModifiedBy":"LANDSD","LastAmendmentDate":1655654400000,"Shape__Length":4.4047229946355699}},{"type":"Feature","id":340283,"geometry":{"type":"LineString","coordinates":[[114.17140818610645,22.317907531854761,5.8568999999988591],[114.17146752155919,22.317917645386295,5.7980999999999767]]},"properties":{"OBJECTID":340283,"PedestrianRouteID":240006647,"Location":1,"FeatureType":30,"AliasNameEN":"Fa Yuen Street Crossing","AliasNameTC":"花園街過路處","CrossingFeature":1,"WeatherProof":2,"WheelchairBarrier":2,"WheelchairAccess":2,"ObstaclesType":null,"Gradient":0.0094605599999999998,"Direction":0,"PositionCertainty":1,"Enabled":1,"DataSource":1,"LevelSource":2,"StreetNameEN":"Fa Yuen Street","StreetNameTC":"花園街","ST_CODE":10419,"FloorID":null,"BuildingID_1":null,"BuildingID_2":null,"SiteID":null,"TerminalID":null,"AccessTimeID":null,"CreationDate":1614441600000,"ModifiedBy":"LANDSD","LastAmendmentDate":1655654400000,"Shape__Length":6.215093535185904}},{"type":"Feature","id":340291,"geometry":{"type":"LineString","coordinates":[[114.16855769651676,22.320198796671509,5.0323000000062166],[114.16857490415119,22.320201782159689,5.1848000000027241]]},"properties":{"OBJECTID":340291,"PedestrianRouteID":240006655,"Location":1,"FeatureType":1,"AliasNameEN":"Portland Street","AliasNameTC":"砵蘭街","CrossingFeature":null,"WeatherProof":2,"WheelchairBarrier":2,"WheelchairAccess":2,"ObstaclesType":null,"Gradient":0.084359809999999993,"Direction":0,"PositionCertainty":1,"Enabled":1,"DataSource":1,"LevelSource":12,"StreetNameEN":"Portland Street","StreetNameTC":"砵蘭街","ST_CODE":11777,"FloorID":null,"BuildingID_1":null,"BuildingID_2":null,"SiteID":null,"TerminalID":null,"AccessTimeID":null,"CreationDate":1614441600000,"ModifiedBy":"LANDSD","LastAmendmentDate":1642608000000,"Shape__Length":1.8034424475097262}},{"type":"Feature","id":340292,"geometry":{"type":"LineString","coordinates":[[114.16848774980529,22.320186660485348,5.1364000000030501],[114.16855769651676,22.320198796671509,5.0323000000062166]]},"properties":{"OBJECTID":340292,"PedestrianRouteID":240006656,"Location":1,"FeatureType":31,"AliasNameEN":"Portland Street Zebra Crossing","AliasNameTC":"砵蘭街斑馬線","CrossingFeature":1,"WeatherProof":2,"WheelchairBarrier":2,"WheelchairAccess":2,"ObstaclesType":null,"Gradient":0.01419948,"Direction":0,"PositionCertainty":1,"Enabled":1,"DataSource":1,"LevelSource":12,"StreetNameEN":"Portland Street","StreetNameTC":"砵蘭街","ST_CODE":11777,"FloorID":null,"BuildingID_1":null,"BuildingID_2":null,"SiteID":null,"TerminalID":null,"AccessTimeID":null,"CreationDate":1614441600000,"ModifiedBy":"LANDSD","LastAmendmentDate":1642521600000,"Shape__Length":7.3307622939778829}},{"type":"Feature","id":340293,"geometry":{"type":"LineString","coordinates":[[114.1702413089437,22.320495262418643,5.6581000000005588],[114.17024380881232,22.320483282535299,5.6046000000060303]]},"properties":{"OBJECTID":340293,"PedestrianRouteID":240006657,"Location":1,"FeatureType":1,"AliasNameEN":"Fife Street","AliasNameTC":"快富街","CrossingFeature":null,"WeatherProof":2,"WheelchairBarrier":2,"WheelchairAccess":2,"ObstaclesType":null,"Gradient":0.03956908,"Direction":0,"PositionCertainty":1,"Enabled":1,"DataSource":1,"LevelSource":2,"StreetNameEN":"Fife Street","StreetNameTC":"快富街","ST_CODE":10485,"FloorID":null,"BuildingID_1":null,"BuildingID_2":null,"SiteID":null,"TerminalID":null,"AccessTimeID":null,"CreationDate":1614441600000,"ModifiedBy":"LANDSD","LastAmendmentDate":1655654400000,"Shape__Length":1.3513599836563572}},{"type":"Feature","id":340294,"geometry":{"type":"LineString","coordinates":[[114.1702563275654,22.320423292812581,5.5703999999968801],[114.17025906528274,22.320410174180715,5.6916999999957625]]},"properties":{"OBJECTID":340294,"PedestrianRouteID":240006658,"Location":1,"FeatureType":1,"AliasNameEN":"Fife Street","AliasNameTC":"快富街","CrossingFeature":null,"WeatherProof":2,"WheelchairBarrier":2,"WheelchairAccess":2,"ObstaclesType":null,"Gradient":0.081786689999999995,"Direction":0,"PositionCertainty":1,"Enabled":1,"DataSource":1,"LevelSource":2,"StreetNameEN":"Fife Street","StreetNameTC":"快富街","ST_CODE":10485,"FloorID":null,"BuildingID_1":null,"BuildingID_2":null,"SiteID":null,"TerminalID":null,"AccessTimeID":null,"CreationDate":1614441600000,"ModifiedBy":"LANDSD","LastAmendmentDate":1655654400000,"Shape__Length":1.4798179925506454}},{"type":"Feature","id":340295,"geometry":{"type":"LineString","coordinates":[[114.17024380881232,22.320483282535299,5.6046000000060303],[114.1702563275654,22.320423292812581,5.5703999999968801]]},"properties":{"OBJECTID":340295,"PedestrianRouteID":240006659,"Location":1,"FeatureType":32,"AliasNameEN":"Fife Street Crossing","AliasNameTC":"快富街過路處","CrossingFeature":1,"WeatherProof":2,"WheelchairBarrier":2,"WheelchairAccess":2,"ObstaclesType":null,"Gradient":0.0050539000000000001,"Direction":0,"PositionCertainty":1,"Enabled":1,"DataSource":1,"LevelSource":2,"StreetNameEN":"Fife Street","StreetNameTC":"快富街","ST_CODE":10485,"FloorID":null,"BuildingID_1":null,"BuildingID_2":null,"SiteID":null,"TerminalID":null,"AccessTimeID":null,"CreationDate":1614441600000,"ModifiedBy":"LANDSD","LastAmendmentDate":1655654400000,"Shape__Length":6.7669978028913986}},{"type":"Feature","id":340300,"geometry":{"type":"LineString","coordinates":[[114.16987031865908,22.317598604173831,4.8224000000045635],[114.16987474362173,22.317577637124991,4.7149999999965075]]},"properties":{"OBJECTID":340300,"PedestrianRouteID":240006664,"Location":1,"FeatureType":1,"AliasNameEN":"Shantung Street","AliasNameTC":"山東街","CrossingFeature":null,"WeatherProof":2,"WheelchairBarrier":2,"WheelchairAccess":2,"ObstaclesType":null,"Gradient":0.045359690000000001,"Direction":0,"PositionCertainty":1,"Enabled":1,"DataSource":1,"LevelSource":2,"StreetNameEN":"Shantung Street","StreetNameTC":"山東街","ST_CODE":11986,"FloorID":null,"BuildingID_1":null,"BuildingID_2":null,"SiteID":null,"TerminalID":null,"AccessTimeID":null,"CreationDate":1614441600000,"ModifiedBy":"LANDSD","LastAmendmentDate":1655654400000,"Shape__Length":2.3661168347130537}},{"type":"Feature","id":340301,"geometry":{"type":"LineString","coordinates":[[114.16988739912421,22.317517669088616,4.769799999994575],[114.16989451031596,22.317483969915962,4.7424999999930151]]},"properties":{"OBJECTID":340301,"PedestrianRouteID":240006665,"Location":1,"FeatureType":1,"AliasNameEN":"Shantung Street","AliasNameTC":"山東街","CrossingFeature":null,"WeatherProof":2,"WheelchairBarrier":2,"WheelchairAccess":2,"ObstaclesType":null,"Gradient":0.0071785900000000003,"Direction":0,"PositionCertainty":1,"Enabled":1,"DataSource":1,"LevelSource":2,"StreetNameEN":"Shantung Street","StreetNameTC":"山東街","ST_CODE":11986,"FloorID":null,"BuildingID_1":null,"BuildingID_2":null,"SiteID":null,"TerminalID":null,"AccessTimeID":null,"CreationDate":1614441600000,"ModifiedBy":"LANDSD","LastAmendmentDate":1655654400000,"Shape__Length":3.8029121932378924}},{"type":"Feature","id":340302,"geometry":{"type":"LineString","coordinates":[[114.16987474362173,22.317577637124991,4.7149999999965075],[114.16988739912421,22.317517669088616,4.769799999994575]]},"properties":{"OBJECTID":340302,"PedestrianRouteID":240006666,"Location":1,"FeatureType":32,"AliasNameEN":"Shantung Street Crossing","AliasNameTC":"山東街過路處","CrossingFeature":1,"WeatherProof":2,"WheelchairBarrier":2,"WheelchairAccess":2,"ObstaclesType":null,"Gradient":0.0080975300000000004,"Direction":0,"PositionCertainty":1,"Enabled":1,"DataSource":1,"LevelSource":2,"StreetNameEN":"Shantung Street","StreetNameTC":"山東街","ST_CODE":11986,"FloorID":null,"BuildingID_1":null,"BuildingID_2":null,"SiteID":null,"TerminalID":null,"AccessTimeID":null,"CreationDate":1614441600000,"ModifiedBy":"LANDSD","LastAmendmentDate":1655654400000,"Shape__Length":6.7673437414503121}},{"type":"Feature","id":340308,"geometry":{"type":"LineString","coordinates":[[114.1687660564878,22.319087555539468,4.6138000000064494],[114.16873742909654,22.319082352490639,4.6149000000004889]]},"properties":{"OBJECTID":340308,"PedestrianRouteID":240006672,"Location":1,"FeatureType":1,"AliasNameEN":"Argyle Street","AliasNameTC":"亞皆老街","CrossingFeature":null,"WeatherProof":2,"WheelchairBarrier":2,"WheelchairAccess":2,"ObstaclesType":null,"Gradient":0.00036602999999999999,"Direction":0,"PositionCertainty":1,"Enabled":1,"DataSource":1,"LevelSource":2,"StreetNameEN":"Argyle Street","StreetNameTC":"亞皆老街","ST_CODE":10027,"FloorID":null,"BuildingID_1":null,"BuildingID_2":null,"SiteID":null,"TerminalID":null,"AccessTimeID":null,"CreationDate":1614441600000,"ModifiedBy":"LANDSD","LastAmendmentDate":1655654400000,"Shape__Length":3.0052165066915895}},{"type":"Feature","id":340309,"geometry":{"type":"LineString","coordinates":[[114.16867847385653,22.319071637446026,4.5630999999993946],[114.16865337163394,22.319067074828691,4.4608000000007451]]},"properties":{"OBJECTID":340309,"PedestrianRouteID":240006673,"Location":1,"FeatureType":1,"AliasNameEN":"Argyle Street","AliasNameTC":"亞皆老街","CrossingFeature":null,"WeatherProof":2,"WheelchairBarrier":2,"WheelchairAccess":2,"ObstaclesType":null,"Gradient":0.038801670000000003,"Direction":0,"PositionCertainty":1,"Enabled":1,"DataSource":1,"LevelSource":2,"StreetNameEN":"Argyle Street","StreetNameTC":"亞皆老街","ST_CODE":10027,"FloorID":null,"BuildingID_1":null,"BuildingID_2":null,"SiteID":null,"TerminalID":null,"AccessTimeID":null,"CreationDate":1614441600000,"ModifiedBy":"LANDSD","LastAmendmentDate":1655654400000,"Shape__Length":2.6351610393850273}},{"type":"Feature","id":340310,"geometry":{"type":"LineString","coordinates":[[114.16873742909654,22.319082352490639,4.6149000000004889],[114.16872862104218,22.319080751829425,4.6071999999985565],[114.16871821540599,22.31907886030265,4.5979999999981374],[114.168692339625,22.319074157678443,4.5752999999967869],[114.16867847385653,22.319071637446026,4.5630999999993946]]},"properties":{"OBJECTID":340310,"PedestrianRouteID":240006674,"Location":1,"FeatureType":30,"AliasNameEN":"Portland Street Crossing","AliasNameTC":"砵蘭街過路處","CrossingFeature":1,"WeatherProof":2,"WheelchairBarrier":2,"WheelchairAccess":2,"ObstaclesType":null,"Gradient":0.0083695699999999998,"Direction":0,"PositionCertainty":1,"Enabled":1,"DataSource":1,"LevelSource":2,"StreetNameEN":"Portland Street","StreetNameTC":"砵蘭街","ST_CODE":11777,"FloorID":null,"BuildingID_1":null,"BuildingID_2":null,"SiteID":null,"TerminalID":null,"AccessTimeID":null,"CreationDate":1614441600000,"ModifiedBy":"LANDSD","LastAmendmentDate":1690819200000,"Shape__Length":6.1889398191509493}},{"type":"Feature","id":340311,"geometry":{"type":"LineString","coordinates":[[114.17040228385493,22.320428141771831,5.5353000000031898],[114.17041759501248,22.32043077750523,5.6763999999966472]]},"properties":{"OBJECTID":340311,"PedestrianRouteID":240006675,"Location":1,"FeatureType":1,"AliasNameEN":"Fife Street","AliasNameTC":"快富街","CrossingFeature":null,"WeatherProof":2,"WheelchairBarrier":2,"WheelchairAccess":2,"ObstaclesType":null,"Gradient":0.087727520000000003,"Direction":0,"PositionCertainty":1,"Enabled":1,"DataSource":1,"LevelSource":2,"StreetNameEN":"Fife Street","StreetNameTC":"快富街","ST_CODE":10485,"FloorID":null,"BuildingID_1":null,"BuildingID_2":null,"SiteID":null,"TerminalID":null,"AccessTimeID":null,"CreationDate":1614441600000,"ModifiedBy":"LANDSD","LastAmendmentDate":1655654400000,"Shape__Length":1.6042610422709711}},{"type":"Feature","id":340312,"geometry":{"type":"LineString","coordinates":[[114.1702673341032,22.320404910582809,5.6894999999931315],[114.17028398856063,22.320407777566373,5.5654999999969732]]},"properties":{"OBJECTID":340312,"PedestrianRouteID":240006676,"Location":1,"FeatureType":1,"AliasNameEN":"Fife Street","AliasNameTC":"快富街","CrossingFeature":null,"WeatherProof":2,"WheelchairBarrier":2,"WheelchairAccess":2,"ObstaclesType":null,"Gradient":0.070940569999999994,"Direction":0,"PositionCertainty":1,"Enabled":1,"DataSource":1,"LevelSource":2,"StreetNameEN":"Fife Street","StreetNameTC":"快富街","ST_CODE":10485,"FloorID":null,"BuildingID_1":null,"BuildingID_2":null,"SiteID":null,"TerminalID":null,"AccessTimeID":null,"CreationDate":1614441600000,"ModifiedBy":"LANDSD","LastAmendmentDate":1655654400000,"Shape__Length":1.7450087583974139}},{"type":"Feature","id":340313,"geometry":{"type":"LineString","coordinates":[[114.17028398856063,22.320407777566373,5.5654999999969732],[114.17040228385493,22.320428141771831,5.5353000000031898]]},"properties":{"OBJECTID":340313,"PedestrianRouteID":240006677,"Location":1,"FeatureType":33,"AliasNameEN":"Tung Choi Street Crossing","AliasNameTC":"通菜街過路處","CrossingFeature":1,"WeatherProof":2,"WheelchairBarrier":2,"WheelchairAccess":2,"ObstaclesType":null,"Gradient":0.0024365300000000001,"Direction":0,"PositionCertainty":1,"Enabled":1,"DataSource":1,"LevelSource":2,"StreetNameEN":"Tung Choi Street","StreetNameTC":"通菜街","ST_CODE":12513,"FloorID":null,"BuildingID_1":null,"BuildingID_2":null,"SiteID":null,"TerminalID":null,"AccessTimeID":null,"CreationDate":1614441600000,"ModifiedBy":"LANDSD","LastAmendmentDate":1655654400000,"Shape__Length":12.394663233233288}},{"type":"Feature","id":340317,"geometry":{"type":"LineString","coordinates":[[114.16972951350557,22.320295312508073,5.0718999999953667],[114.16977031343481,22.320302102586776,5.2234999999927823]]},"properties":{"OBJECTID":340317,"PedestrianRouteID":240006681,"Location":1,"FeatureType":1,"AliasNameEN":"Sai Yeung Choi Street South","AliasNameTC":"西洋菜南街","CrossingFeature":null,"WeatherProof":2,"WheelchairBarrier":2,"WheelchairAccess":2,"ObstaclesType":null,"Gradient":0.03548627,"Direction":0,"PositionCertainty":1,"Enabled":1,"DataSource":1,"LevelSource":2,"StreetNameEN":"Sai Yeung Choi Street South","StreetNameTC":"西洋菜南街","ST_CODE":11864,"FloorID":null,"BuildingID_1":null,"BuildingID_2":null,"SiteID":null,"TerminalID":null,"AccessTimeID":null,"CreationDate":1614441600000,"ModifiedBy":"LANDSD","LastAmendmentDate":1655654400000,"Shape__Length":4.2702817056477516}},{"type":"Feature","id":340318,"geometry":{"type":"LineString","coordinates":[[114.16977031343481,22.320302102586776,5.2234999999927823],[114.16983893251771,22.320314480182187,5.2136999999929685]]},"properties":{"OBJECTID":340318,"PedestrianRouteID":240006682,"Location":1,"FeatureType":30,"AliasNameEN":"Sai Yeung Choi Street South Crossing","AliasNameTC":"西洋菜南街過路處","CrossingFeature":1,"WeatherProof":2,"WheelchairBarrier":2,"WheelchairAccess":2,"ObstaclesType":null,"Gradient":0.00136085,"Direction":0,"PositionCertainty":1,"Enabled":1,"DataSource":1,"LevelSource":2,"StreetNameEN":"Sai Yeung Choi Street South","StreetNameTC":"西洋菜南街","ST_CODE":11864,"FloorID":null,"BuildingID_1":null,"BuildingID_2":null,"SiteID":null,"TerminalID":null,"AccessTimeID":null,"CreationDate":1614441600000,"ModifiedBy":"LANDSD","LastAmendmentDate":1655654400000,"Shape__Length":7.2013744618982152}},{"type":"Feature","id":340321,"geometry":{"type":"LineString","coordinates":[[114.17030024513708,22.317696858689519,5.2970000000059372],[114.17025813567527,22.317689518725807,5.16019999999844]]},"properties":{"OBJECTID":340321,"PedestrianRouteID":240006685,"Location":1,"FeatureType":1,"AliasNameEN":"Sai Yeung Choi Street South","AliasNameTC":"西洋菜南街","CrossingFeature":null,"WeatherProof":2,"WheelchairBarrier":2,"WheelchairAccess":2,"ObstaclesType":null,"Gradient":0.028539269999999999,"Direction":0,"PositionCertainty":1,"Enabled":1,"DataSource":1,"LevelSource":2,"StreetNameEN":"Sai Yeung Choi Street South","StreetNameTC":"西洋菜南街","ST_CODE":11864,"FloorID":null,"BuildingID_1":null,"BuildingID_2":null,"SiteID":null,"TerminalID":null,"AccessTimeID":null,"CreationDate":1614441600000,"ModifiedBy":"LANDSD","LastAmendmentDate":1766073600000,"Shape__Length":4.4140422203355403}},{"type":"Feature","id":340322,"geometry":{"type":"LineString","coordinates":[[114.17037651404266,22.317710839299782,5.2608000000036554],[114.17030024513708,22.317696858689519,5.2970000000059372]]},"properties":{"OBJECTID":340322,"PedestrianRouteID":240006686,"Location":1,"FeatureType":30,"AliasNameEN":"Sai Yeung Choi Street South Crossing","AliasNameTC":"西洋菜南街過路處","CrossingFeature":1,"WeatherProof":2,"WheelchairBarrier":2,"WheelchairAccess":2,"ObstaclesType":null,"Gradient":0.0048036299999999997,"Direction":0,"PositionCertainty":1,"Enabled":1,"DataSource":1,"LevelSource":2,"StreetNameEN":"Sai Yeung Choi Street South","StreetNameTC":"西洋菜南街","ST_CODE":11864,"FloorID":null,"BuildingID_1":null,"BuildingID_2":null,"SiteID":null,"TerminalID":null,"AccessTimeID":null,"CreationDate":1614441600000,"ModifiedBy":"LANDSD","LastAmendmentDate":1766073600000,"Shape__Length":8.009083621101146}},{"type":"Feature","id":340329,"geometry":{"type":"LineString","coordinates":[[114.17145026485036,22.321074745098826,5.9193999999988591],[114.17147083967461,22.32107825506851,6.2768999999971129]]},"properties":{"OBJECTID":340329,"PedestrianRouteID":240006693,"Location":1,"FeatureType":1,"AliasNameEN":"Sai Yee Street","AliasNameTC":"洗衣街","CrossingFeature":null,"WeatherProof":2,"WheelchairBarrier":2,"WheelchairAccess":2,"ObstaclesType":null,"Gradient":0.16438675999999999,"Direction":0,"PositionCertainty":1,"Enabled":1,"DataSource":1,"LevelSource":2,"StreetNameEN":"Sai Yee Street","StreetNameTC":"洗衣街","ST_CODE":11861,"FloorID":null,"BuildingID_1":null,"BuildingID_2":null,"SiteID":null,"TerminalID":null,"AccessTimeID":null,"CreationDate":1614441600000,"ModifiedBy":"LANDSD","LastAmendmentDate":1655654400000,"Shape__Length":2.1551245897585769}},{"type":"Feature","id":340330,"geometry":{"type":"LineString","coordinates":[[114.17129587061125,22.320989497429441,5.9961000000039348],[114.17131396552968,22.320992657850461,5.9719000000040978]]},"properties":{"OBJECTID":340330,"PedestrianRouteID":240006694,"Location":1,"FeatureType":1,"AliasNameEN":"Sai Yee Street","AliasNameTC":"洗衣街","CrossingFeature":null,"WeatherProof":2,"WheelchairBarrier":2,"WheelchairAccess":2,"ObstaclesType":null,"Gradient":0.012757289999999999,"Direction":0,"PositionCertainty":1,"Enabled":1,"DataSource":1,"LevelSource":2,"StreetNameEN":"Sai Yee Street","StreetNameTC":"洗衣街","ST_CODE":11861,"FloorID":null,"BuildingID_1":null,"BuildingID_2":null,"SiteID":null,"TerminalID":null,"AccessTimeID":null,"CreationDate":1614441600000,"ModifiedBy":"LANDSD","LastAmendmentDate":1655654400000,"Shape__Length":1.8968512061256295}},{"type":"Feature","id":340331,"geometry":{"type":"LineString","coordinates":[[114.17137918411437,22.321004049439722,6.0046000000002095],[114.17138604335447,22.321005248029838,6.0080000000016298],[114.17137453556812,22.32106182791787,5.9609999999956926],[114.17138420373416,22.32106347722911,5.9557000000058906]]},"properties":{"OBJECTID":340331,"PedestrianRouteID":240006695,"Location":1,"FeatureType":6,"AliasNameEN":"Sai Yee Street Traffic Island","AliasNameTC":"洗衣街安全島","CrossingFeature":1,"WeatherProof":2,"WheelchairBarrier":2,"WheelchairAccess":2,"ObstaclesType":null,"Gradient":0.0060307800000000003,"Direction":0,"PositionCertainty":1,"Enabled":1,"DataSource":1,"LevelSource":2,"StreetNameEN":"Sai Yee Street","StreetNameTC":"洗衣街","ST_CODE":11861,"FloorID":null,"BuildingID_1":null,"BuildingID_2":null,"SiteID":null,"TerminalID":null,"AccessTimeID":null,"CreationDate":1614441600000,"ModifiedBy":"LANDSD","LastAmendmentDate":1655654400000,"Shape__Length":8.1083008500844009}},{"type":"Feature","id":340337,"geometry":{"type":"LineString","coordinates":[[114.17177999881808,22.318840400769222,5.4915999999939231],[114.17174309225418,22.318833901199373,5.5791999999928521]]},"properties":{"OBJECTID":340337,"PedestrianRouteID":240006701,"Location":1,"FeatureType":1,"AliasNameEN":"Sai Yee Street","AliasNameTC":"洗衣街","CrossingFeature":null,"WeatherProof":2,"WheelchairBarrier":2,"WheelchairAccess":2,"ObstaclesType":null,"Gradient":0.01483136,"Direction":0,"PositionCertainty":1,"Enabled":1,"DataSource":1,"LevelSource":2,"StreetNameEN":"Sai Yee Street","StreetNameTC":"洗衣街","ST_CODE":11861,"FloorID":null,"BuildingID_1":null,"BuildingID_2":null,"SiteID":null,"TerminalID":null,"AccessTimeID":null,"CreationDate":1614441600000,"ModifiedBy":"LANDSD","LastAmendmentDate":1689264000000,"Shape__Length":3.8699910082427076}},{"type":"Feature","id":340338,"geometry":{"type":"LineString","coordinates":[[114.17186758361595,22.318855825923617,5.5663000000058673],[114.17177999881808,22.318840400769222,5.4915999999939231]]},"properties":{"OBJECTID":340338,"PedestrianRouteID":240006702,"Location":1,"FeatureType":30,"AliasNameEN":"Sai Yee Street Crossing","AliasNameTC":"洗衣街過路處","CrossingFeature":1,"WeatherProof":2,"WheelchairBarrier":2,"WheelchairAccess":2,"ObstaclesType":null,"Gradient":0.0081334600000000003,"Direction":0,"PositionCertainty":1,"Enabled":1,"DataSource":1,"LevelSource":2,"StreetNameEN":"Sai Yee Street","StreetNameTC":"洗衣街","ST_CODE":11861,"FloorID":null,"BuildingID_1":null,"BuildingID_2":null,"SiteID":null,"TerminalID":null,"AccessTimeID":null,"CreationDate":1614441600000,"ModifiedBy":"LANDSD","LastAmendmentDate":1655654400000,"Shape__Length":9.1840814488943536}},{"type":"Feature","id":340341,"geometry":{"type":"LineString","coordinates":[[114.16798220562721,22.320111844116397,5.1411999999982072],[114.16799883476541,22.32011474384354,5.2290999999968335]]},"properties":{"OBJECTID":340341,"PedestrianRouteID":240006705,"Location":1,"FeatureType":1,"AliasNameEN":"Shanghai Street","AliasNameTC":"上海街","CrossingFeature":null,"WeatherProof":2,"WheelchairBarrier":2,"WheelchairAccess":2,"ObstaclesType":null,"Gradient":0.050384390000000001,"Direction":0,"PositionCertainty":1,"Enabled":1,"DataSource":1,"LevelSource":2,"StreetNameEN":"Shanghai Street","StreetNameTC":"上海街","ST_CODE":11984,"FloorID":null,"BuildingID_1":null,"BuildingID_2":null,"SiteID":null,"TerminalID":null,"AccessTimeID":null,"CreationDate":1614441600000,"ModifiedBy":"LANDSD","LastAmendmentDate":1655654400000,"Shape__Length":1.7431115541202862}},{"type":"Feature","id":340342,"geometry":{"type":"LineString","coordinates":[[114.16785413905937,22.32008951525604,5.0803000000014435],[114.16798220562721,22.320111844116397,5.1411999999982072]]},"properties":{"OBJECTID":340342,"PedestrianRouteID":240006706,"Location":1,"FeatureType":32,"AliasNameEN":"Shanghai Street Crossing","AliasNameTC":"上海街過路處","CrossingFeature":1,"WeatherProof":2,"WheelchairBarrier":2,"WheelchairAccess":2,"ObstaclesType":null,"Gradient":0.0045365400000000004,"Direction":0,"PositionCertainty":1,"Enabled":1,"DataSource":1,"LevelSource":2,"StreetNameEN":"Shanghai Street","StreetNameTC":"上海街","ST_CODE":11984,"FloorID":null,"BuildingID_1":null,"BuildingID_2":null,"SiteID":null,"TerminalID":null,"AccessTimeID":null,"CreationDate":1614441600000,"ModifiedBy":"LANDSD","LastAmendmentDate":1655654400000,"Shape__Length":13.424228220800746}},{"type":"Feature","id":340343,"geometry":{"type":"LineString","coordinates":[[114.17080658276518,22.317677090446114,5.3874999999970896],[114.17081055812072,22.317658198586237,5.4272000000055414]]},"properties":{"OBJECTID":340343,"PedestrianRouteID":240006707,"Location":1,"FeatureType":1,"AliasNameEN":"Shantung Street","AliasNameTC":"山東街","CrossingFeature":null,"WeatherProof":2,"WheelchairBarrier":2,"WheelchairAccess":2,"ObstaclesType":null,"Gradient":0.018621459999999999,"Direction":0,"PositionCertainty":1,"Enabled":1,"DataSource":1,"LevelSource":2,"StreetNameEN":"Shantung Street","StreetNameTC":"山東街","ST_CODE":11986,"FloorID":null,"BuildingID_1":null,"BuildingID_2":null,"SiteID":null,"TerminalID":null,"AccessTimeID":null,"CreationDate":1614441600000,"ModifiedBy":"LANDSD","LastAmendmentDate":1655654400000,"Shape__Length":2.1317021956181113}},{"type":"Feature","id":340344,"geometry":{"type":"LineString","coordinates":[[114.17079405674815,22.317736608834306,5.4654000000009546],[114.17080658276518,22.317677090446114,5.3874999999970896]]},"properties":{"OBJECTID":340344,"PedestrianRouteID":240006708,"Location":1,"FeatureType":32,"AliasNameEN":"Shantung Street Crossing","AliasNameTC":"山東街過路處","CrossingFeature":1,"WeatherProof":2,"WheelchairBarrier":2,"WheelchairAccess":2,"ObstaclesType":null,"Gradient":0.011598789999999999,"Direction":0,"PositionCertainty":1,"Enabled":1,"DataSource":1,"LevelSource":2,"StreetNameEN":"Shantung Street","StreetNameTC":"山東街","ST_CODE":11986,"FloorID":null,"BuildingID_1":null,"BuildingID_2":null,"SiteID":null,"TerminalID":null,"AccessTimeID":null,"CreationDate":1614441600000,"ModifiedBy":"LANDSD","LastAmendmentDate":1655654400000,"Shape__Length":6.7159153312008932}},{"type":"Feature","id":340345,"geometry":{"type":"LineString","coordinates":[[114.1715144190898,22.317898484005607,5.5209000000031665],[114.17151776326965,22.317885024914798,5.779500000004191]]},"properties":{"OBJECTID":340345,"PedestrianRouteID":240006709,"Location":1,"FeatureType":1,"AliasNameEN":"Shantung Street","AliasNameTC":"山東街","CrossingFeature":null,"WeatherProof":2,"WheelchairBarrier":2,"WheelchairAccess":2,"ObstaclesType":null,"Gradient":0.16746971999999999,"Direction":0,"PositionCertainty":1,"Enabled":1,"DataSource":1,"LevelSource":2,"StreetNameEN":"Shantung Street","StreetNameTC":"山東街","ST_CODE":11986,"FloorID":null,"BuildingID_1":null,"BuildingID_2":null,"SiteID":null,"TerminalID":null,"AccessTimeID":null,"CreationDate":1614441600000,"ModifiedBy":"LANDSD","LastAmendmentDate":1655654400000,"Shape__Length":1.5296968356659337}},{"type":"Feature","id":340346,"geometry":{"type":"LineString","coordinates":[[114.17153355033214,22.317795273948402,5.8056000000069616],[114.17153689355247,22.317781406674037,5.8062999999965541]]},"properties":{"OBJECTID":340346,"PedestrianRouteID":240006710,"Location":1,"FeatureType":1,"AliasNameEN":"Shantung Street","AliasNameTC":"山東街","CrossingFeature":null,"WeatherProof":2,"WheelchairBarrier":2,"WheelchairAccess":2,"ObstaclesType":null,"Gradient":0.00044480000000000002,"Direction":0,"PositionCertainty":1,"Enabled":1,"DataSource":1,"LevelSource":2,"StreetNameEN":"Shantung Street","StreetNameTC":"山東街","ST_CODE":11986,"FloorID":null,"BuildingID_1":null,"BuildingID_2":null,"SiteID":null,"TerminalID":null,"AccessTimeID":null,"CreationDate":1614441600000,"ModifiedBy":"LANDSD","LastAmendmentDate":1655654400000,"Shape__Length":1.5737467149858806}},{"type":"Feature","id":340347,"geometry":{"type":"LineString","coordinates":[[114.17151776326965,22.317885024914798,5.779500000004191],[114.17153355033214,22.317795273948402,5.8056000000069616]]},"properties":{"OBJECTID":340347,"PedestrianRouteID":240006711,"Location":1,"FeatureType":32,"AliasNameEN":"Shantung Street Crossing","AliasNameTC":"山東街過路處","CrossingFeature":1,"WeatherProof":2,"WheelchairBarrier":2,"WheelchairAccess":2,"ObstaclesType":null,"Gradient":0.00259165,"Direction":0,"PositionCertainty":1,"Enabled":1,"DataSource":1,"LevelSource":2,"StreetNameEN":"Shantung Street","StreetNameTC":"山東街","ST_CODE":11986,"FloorID":null,"BuildingID_1":null,"BuildingID_2":null,"SiteID":null,"TerminalID":null,"AccessTimeID":null,"CreationDate":1614441600000,"ModifiedBy":"LANDSD","LastAmendmentDate":1655654400000,"Shape__Length":10.070764439669396}},{"type":"Feature","id":340354,"geometry":{"type":"LineString","coordinates":[[114.1706952414081,22.321246320314259,6.1600000000034925],[114.17077479972465,22.321260582610471,6.1192000000010012]]},"properties":{"OBJECTID":340354,"PedestrianRouteID":240006718,"Location":1,"FeatureType":32,"AliasNameEN":"Fa Yuen Street Crossing","AliasNameTC":"花園街過路處","CrossingFeature":1,"WeatherProof":2,"WheelchairBarrier":2,"WheelchairAccess":2,"ObstaclesType":null,"Gradient":0.0048876500000000003,"Direction":0,"PositionCertainty":1,"Enabled":1,"DataSource":1,"LevelSource":2,"StreetNameEN":"Fa Yuen Street","StreetNameTC":"花園街","ST_CODE":10419,"FloorID":null,"BuildingID_1":null,"BuildingID_2":null,"SiteID":null,"TerminalID":null,"AccessTimeID":null,"CreationDate":1614441600000,"ModifiedBy":"LANDSD","LastAmendmentDate":1655654400000,"Shape__Length":8.347500897890308}},{"type":"Feature","id":340358,"geometry":{"type":"LineString","coordinates":[[114.17135126198292,22.320697508638176,5.7930000000051223],[114.171353180259,22.320688311044041,5.7712999999930616]]},"properties":{"OBJECTID":340358,"PedestrianRouteID":240006722,"Location":1,"FeatureType":1,"AliasNameEN":"Sai Yee Street","AliasNameTC":"洗衣街","CrossingFeature":null,"WeatherProof":2,"WheelchairBarrier":2,"WheelchairAccess":2,"ObstaclesType":null,"Gradient":0.020912790000000001,"Direction":0,"PositionCertainty":1,"Enabled":1,"DataSource":1,"LevelSource":2,"StreetNameEN":"Sai Yee Street","StreetNameTC":"洗衣街","ST_CODE":11861,"FloorID":null,"BuildingID_1":null,"BuildingID_2":null,"SiteID":null,"TerminalID":null,"AccessTimeID":null,"CreationDate":1614441600000,"ModifiedBy":"LANDSD","LastAmendmentDate":1655654400000,"Shape__Length":1.0374912099378237}},{"type":"Feature","id":340359,"geometry":{"type":"LineString","coordinates":[[114.17136742655745,22.320620006828264,5.8081999999994878],[114.17137038842677,22.320605803611262,5.9159999999974389]]},"properties":{"OBJECTID":340359,"PedestrianRouteID":240006723,"Location":1,"FeatureType":1,"AliasNameEN":"Sai Yee Street","AliasNameTC":"洗衣街","CrossingFeature":null,"WeatherProof":2,"WheelchairBarrier":2,"WheelchairAccess":2,"ObstaclesType":null,"Gradient":0.067184610000000006,"Direction":0,"PositionCertainty":1,"Enabled":1,"DataSource":1,"LevelSource":2,"StreetNameEN":"Sai Yee Street","StreetNameTC":"洗衣街","ST_CODE":11861,"FloorID":null,"BuildingID_1":null,"BuildingID_2":null,"SiteID":null,"TerminalID":null,"AccessTimeID":null,"CreationDate":1614441600000,"ModifiedBy":"LANDSD","LastAmendmentDate":1655654400000,"Shape__Length":1.6021191740868177}},{"type":"Feature","id":340360,"geometry":{"type":"LineString","coordinates":[[114.171353180259,22.320688311044041,5.7712999999930616],[114.17136742655745,22.320620006828264,5.8081999999994878]]},"properties":{"OBJECTID":340360,"PedestrianRouteID":240006724,"Location":1,"FeatureType":32,"AliasNameEN":"Fife Street Crossing","AliasNameTC":"快富街過路處","CrossingFeature":1,"WeatherProof":2,"WheelchairBarrier":2,"WheelchairAccess":2,"ObstaclesType":null,"Gradient":0.0047892200000000003,"Direction":0,"PositionCertainty":1,"Enabled":1,"DataSource":1,"LevelSource":2,"StreetNameEN":"Fife Street","StreetNameTC":"快富街","ST_CODE":10485,"FloorID":null,"BuildingID_1":null,"BuildingID_2":null,"SiteID":null,"TerminalID":null,"AccessTimeID":null,"CreationDate":1614441600000,"ModifiedBy":"LANDSD","LastAmendmentDate":1655654400000,"Shape__Length":7.7047461953896983}},{"type":"Feature","id":340361,"geometry":{"type":"LineString","coordinates":[[114.16830338121702,22.320821885391609,5.0874000000039814],[114.16830825017527,22.320799394053207,4.8061000000016065]]},"properties":{"OBJECTID":340361,"PedestrianRouteID":240006725,"Location":1,"FeatureType":1,"AliasNameEN":"Mong Kok Road","AliasNameTC":"旺角道","CrossingFeature":null,"WeatherProof":1,"WheelchairBarrier":2,"WheelchairAccess":2,"ObstaclesType":null,"Gradient":0.11027321,"Direction":0,"PositionCertainty":1,"Enabled":1,"DataSource":1,"LevelSource":2,"StreetNameEN":"Mong Kok Road","StreetNameTC":"旺角道","ST_CODE":11454,"FloorID":null,"BuildingID_1":null,"BuildingID_2":null,"SiteID":null,"TerminalID":null,"AccessTimeID":null,"CreationDate":1614441600000,"ModifiedBy":"LANDSD","LastAmendmentDate":1655654400000,"Shape__Length":2.5405886338175563}},{"type":"Feature","id":340362,"geometry":{"type":"LineString","coordinates":[[114.16834228235393,22.320642184955915,4.9755000000004657],[114.16834829499214,22.320614408972641,4.9244999999937136]]},"properties":{"OBJECTID":340362,"PedestrianRouteID":240006726,"Location":1,"FeatureType":1,"AliasNameEN":"Mong Kok Road","AliasNameTC":"旺角道","CrossingFeature":null,"WeatherProof":2,"WheelchairBarrier":2,"WheelchairAccess":2,"ObstaclesType":null,"Gradient":0.016253409999999999,"Direction":0,"PositionCertainty":1,"Enabled":1,"DataSource":1,"LevelSource":2,"StreetNameEN":"Mong Kok Road","StreetNameTC":"旺角道","ST_CODE":11454,"FloorID":null,"BuildingID_1":null,"BuildingID_2":null,"SiteID":null,"TerminalID":null,"AccessTimeID":null,"CreationDate":1614441600000,"ModifiedBy":"LANDSD","LastAmendmentDate":1655654400000,"Shape__Length":3.1375273909517882}},{"type":"Feature","id":340363,"geometry":{"type":"LineString","coordinates":[[114.16830825017527,22.320799394053207,4.8061000000016065],[114.16834228235393,22.320642184955915,4.9755000000004657]]},"properties":{"OBJECTID":340363,"PedestrianRouteID":240006727,"Location":1,"FeatureType":30,"AliasNameEN":"Mong Kok Road Crossing","AliasNameTC":"旺角道過路處","CrossingFeature":1,"WeatherProof":2,"WheelchairBarrier":2,"WheelchairAccess":2,"ObstaclesType":null,"Gradient":0.0095390200000000005,"Direction":0,"PositionCertainty":1,"Enabled":1,"DataSource":1,"LevelSource":2,"StreetNameEN":"Mong Kok Road","StreetNameTC":"旺角道","ST_CODE":11454,"FloorID":null,"BuildingID_1":null,"BuildingID_2":null,"SiteID":null,"TerminalID":null,"AccessTimeID":null,"CreationDate":1614441600000,"ModifiedBy":"LANDSD","LastAmendmentDate":1655654400000,"Shape__Length":17.758095725411227}},{"type":"Feature","id":340364,"geometry":{"type":"LineString","coordinates":[[114.17097084212428,22.319781824765581,5.4367999999958556],[114.1710087068749,22.319788528636334,5.5206000000034692]]},"properties":{"OBJECTID":340364,"PedestrianRouteID":240006728,"Location":1,"FeatureType":1,"AliasNameEN":"Fa Yuen Street","AliasNameTC":"花園街","CrossingFeature":null,"WeatherProof":2,"WheelchairBarrier":2,"WheelchairAccess":2,"ObstaclesType":null,"Gradient":0.02109946,"Direction":0,"PositionCertainty":1,"Enabled":1,"DataSource":1,"LevelSource":2,"StreetNameEN":"Fa Yuen Street","StreetNameTC":"花園街","ST_CODE":10419,"FloorID":null,"BuildingID_1":null,"BuildingID_2":null,"SiteID":null,"TerminalID":null,"AccessTimeID":null,"CreationDate":1614441600000,"ModifiedBy":"LANDSD","LastAmendmentDate":1690819200000,"Shape__Length":3.9711739173509879}},{"type":"Feature","id":340365,"geometry":{"type":"LineString","coordinates":[[114.1710087068749,22.319788528636334,5.5206000000034692],[114.17110172264205,22.319804998334298,5.4299000000028173]]},"properties":{"OBJECTID":340365,"PedestrianRouteID":240006729,"Location":1,"FeatureType":32,"AliasNameEN":"Fa Yuen Street Crossing","AliasNameTC":"花園街過路處","CrossingFeature":1,"WeatherProof":2,"WheelchairBarrier":2,"WheelchairAccess":2,"ObstaclesType":null,"Gradient":0.0092972200000000001,"Direction":0,"PositionCertainty":1,"Enabled":1,"DataSource":1,"LevelSource":2,"StreetNameEN":"Fa Yuen Street","StreetNameTC":"花園街","ST_CODE":10419,"FloorID":null,"BuildingID_1":null,"BuildingID_2":null,"SiteID":null,"TerminalID":null,"AccessTimeID":null,"CreationDate":1614441600000,"ModifiedBy":"LANDSD","LastAmendmentDate":1655654400000,"Shape__Length":9.755323834616231}},{"type":"Feature","id":340366,"geometry":{"type":"LineString","coordinates":[[114.1688932594909,22.320687942883378,4.8788000000058673],[114.16889632642936,22.320673882400275,4.9241000000038184]]},"properties":{"OBJECTID":340366,"PedestrianRouteID":240006730,"Location":1,"FeatureType":1,"AliasNameEN":"Mong Kok Road","AliasNameTC":"旺角道","CrossingFeature":null,"WeatherProof":2,"WheelchairBarrier":2,"WheelchairAccess":2,"ObstaclesType":null,"Gradient":0.041965780000000001,"Direction":0,"PositionCertainty":1,"Enabled":1,"DataSource":1,"LevelSource":12,"StreetNameEN":"Mong Kok Road","StreetNameTC":"旺角道","ST_CODE":11454,"FloorID":null,"BuildingID_1":null,"BuildingID_2":null,"SiteID":null,"TerminalID":null,"AccessTimeID":null,"CreationDate":1614441600000,"ModifiedBy":"LANDSD","LastAmendmentDate":1764259200000,"Shape__Length":1.5887233270693111}},{"type":"Feature","id":340367,"geometry":{"type":"LineString","coordinates":[[114.17082392919932,22.317787255333219,5.4545999999972992],[114.17094058882689,22.317808591686607,5.5755999999964843]]},"properties":{"OBJECTID":340367,"PedestrianRouteID":240006731,"Location":1,"FeatureType":33,"AliasNameEN":"Tung Choi Street Crossing","AliasNameTC":"通菜街過路處","CrossingFeature":1,"WeatherProof":2,"WheelchairBarrier":2,"WheelchairAccess":2,"ObstaclesType":null,"Gradient":0.0059430200000000002,"Direction":0,"PositionCertainty":1,"Enabled":1,"DataSource":1,"LevelSource":2,"StreetNameEN":"Tung Choi Street","StreetNameTC":"通菜街","ST_CODE":12513,"FloorID":null,"BuildingID_1":null,"BuildingID_2":null,"SiteID":null,"TerminalID":null,"AccessTimeID":null,"CreationDate":1614441600000,"ModifiedBy":"LANDSD","LastAmendmentDate":1689264000000,"Shape__Length":12.249521338057079}},{"type":"Feature","id":340368,"geometry":{"type":"LineString","coordinates":[[114.17045738463811,22.317615058575218,5.267600000006496],[114.17046161052959,22.317594404864238,5.335399999996298]]},"properties":{"OBJECTID":340368,"PedestrianRouteID":240006732,"Location":1,"FeatureType":1,"AliasNameEN":"Shantung Street","AliasNameTC":"山東街","CrossingFeature":null,"WeatherProof":2,"WheelchairBarrier":2,"WheelchairAccess":2,"ObstaclesType":null,"Gradient":0.028611600000000001,"Direction":0,"PositionCertainty":1,"Enabled":1,"DataSource":1,"LevelSource":2,"StreetNameEN":"Shantung Street","StreetNameTC":"山東街","ST_CODE":11986,"FloorID":null,"BuildingID_1":null,"BuildingID_2":null,"SiteID":null,"TerminalID":null,"AccessTimeID":null,"CreationDate":1614441600000,"ModifiedBy":"LANDSD","LastAmendmentDate":1766073600000,"Shape__Length":2.32815645982277}},{"type":"Feature","id":340369,"geometry":{"type":"LineString","coordinates":[[114.17044536321649,22.317673835544745,5.2817000000068219],[114.17045738463811,22.317615058575218,5.267600000006496]]},"properties":{"OBJECTID":340369,"PedestrianRouteID":240006733,"Location":1,"FeatureType":30,"AliasNameEN":"Shantung Street Crossing","AliasNameTC":"山東街過路處","CrossingFeature":1,"WeatherProof":2,"WheelchairBarrier":2,"WheelchairAccess":2,"ObstaclesType":null,"Gradient":0.0020758700000000001,"Direction":0,"PositionCertainty":1,"Enabled":1,"DataSource":1,"LevelSource":2,"StreetNameEN":"Shantung Street","StreetNameTC":"山東街","ST_CODE":11986,"FloorID":null,"BuildingID_1":null,"BuildingID_2":null,"SiteID":null,"TerminalID":null,"AccessTimeID":null,"CreationDate":1614441600000,"ModifiedBy":"LANDSD","LastAmendmentDate":1766073600000,"Shape__Length":6.6254481042701299}},{"type":"Feature","id":340373,"geometry":{"type":"LineString","coordinates":[[114.1678497762417,22.3207564198078,4.7145000000018626],[114.1678690318688,22.320760029498107,4.9180000000051223]]},"properties":{"OBJECTID":340373,"PedestrianRouteID":240006737,"Location":1,"FeatureType":1,"AliasNameEN":"Shanghai Street","AliasNameTC":"上海街","CrossingFeature":null,"WeatherProof":2,"WheelchairBarrier":2,"WheelchairAccess":2,"ObstaclesType":null,"Gradient":0.10021932,"Direction":0,"PositionCertainty":1,"Enabled":1,"DataSource":1,"LevelSource":2,"StreetNameEN":"Shanghai Street","StreetNameTC":"上海街","ST_CODE":11984,"FloorID":null,"BuildingID_1":null,"BuildingID_2":null,"SiteID":null,"TerminalID":null,"AccessTimeID":null,"CreationDate":1614441600000,"ModifiedBy":"LANDSD","LastAmendmentDate":1655654400000,"Shape__Length":2.0237438998536188}},{"type":"Feature","id":340374,"geometry":{"type":"LineString","coordinates":[[114.16770644273852,22.320729552113132,4.7700999999942724],[114.16772130641912,22.320732337983706,4.7676999999966938]]},"properties":{"OBJECTID":340374,"PedestrianRouteID":240006738,"Location":1,"FeatureType":1,"AliasNameEN":"Shanghai Street","AliasNameTC":"上海街","CrossingFeature":null,"WeatherProof":2,"WheelchairBarrier":2,"WheelchairAccess":2,"ObstaclesType":null,"Gradient":0.00153644,"Direction":0,"PositionCertainty":1,"Enabled":1,"DataSource":1,"LevelSource":2,"StreetNameEN":"Shanghai Street","StreetNameTC":"上海街","ST_CODE":11984,"FloorID":null,"BuildingID_1":null,"BuildingID_2":null,"SiteID":null,"TerminalID":null,"AccessTimeID":null,"CreationDate":1614441600000,"ModifiedBy":"LANDSD","LastAmendmentDate":1690819200000,"Shape__Length":1.5621448456913145}},{"type":"Feature","id":340375,"geometry":{"type":"LineString","coordinates":[[114.16772130641912,22.320732337983706,4.7676999999966938],[114.1678497762417,22.3207564198078,4.7145000000018626]]},"properties":{"OBJECTID":340375,"PedestrianRouteID":240006739,"Location":1,"FeatureType":30,"AliasNameEN":"Shanghai Street Crossing","AliasNameTC":"上海街過路處","CrossingFeature":1,"WeatherProof":2,"WheelchairBarrier":2,"WheelchairAccess":2,"ObstaclesType":null,"Gradient":0.00394014,"Direction":0,"PositionCertainty":1,"Enabled":1,"DataSource":1,"LevelSource":2,"StreetNameEN":"Shanghai Street","StreetNameTC":"上海街","ST_CODE":11984,"FloorID":null,"BuildingID_1":null,"BuildingID_2":null,"SiteID":null,"TerminalID":null,"AccessTimeID":null,"CreationDate":1614441600000,"ModifiedBy":"LANDSD","LastAmendmentDate":1655654400000,"Shape__Length":13.50200034258752}},{"type":"Feature","id":340376,"geometry":{"type":"LineString","coordinates":[[114.17137434252189,22.317862772376223,5.5341000000044005],[114.17138304738315,22.317821168712438,5.8340000000025611]]},"properties":{"OBJECTID":340376,"PedestrianRouteID":240006740,"Location":1,"FeatureType":1,"AliasNameEN":"Shantung Street","AliasNameTC":"山東街","CrossingFeature":null,"WeatherProof":2,"WheelchairBarrier":2,"WheelchairAccess":2,"ObstaclesType":null,"Gradient":0.063810740000000005,"Direction":0,"PositionCertainty":1,"Enabled":1,"DataSource":1,"LevelSource":2,"StreetNameEN":"Shantung Street","StreetNameTC":"山東街","ST_CODE":11986,"FloorID":null,"BuildingID_1":null,"BuildingID_2":null,"SiteID":null,"TerminalID":null,"AccessTimeID":null,"CreationDate":1614441600000,"ModifiedBy":"LANDSD","LastAmendmentDate":1655654400000,"Shape__Length":4.6934550063007414}},{"type":"Feature","id":340377,"geometry":{"type":"LineString","coordinates":[[114.17139182698837,22.317779202923585,5.7917000000015832],[114.17139615854303,22.317758500426969,5.8171000000002095]]},"properties":{"OBJECTID":340377,"PedestrianRouteID":240006741,"Location":1,"FeatureType":1,"AliasNameEN":"Shantung Street","AliasNameTC":"山東街","CrossingFeature":null,"WeatherProof":2,"WheelchairBarrier":2,"WheelchairAccess":2,"ObstaclesType":null,"Gradient":0.0108751,"Direction":0,"PositionCertainty":1,"Enabled":1,"DataSource":1,"LevelSource":2,"StreetNameEN":"Shantung Street","StreetNameTC":"山東街","ST_CODE":11986,"FloorID":null,"BuildingID_1":null,"BuildingID_2":null,"SiteID":null,"TerminalID":null,"AccessTimeID":null,"CreationDate":1614441600000,"ModifiedBy":"LANDSD","LastAmendmentDate":1655654400000,"Shape__Length":2.3355193624028674}},{"type":"Feature","id":340378,"geometry":{"type":"LineString","coordinates":[[114.17138304738315,22.317821168712438,5.8340000000025611],[114.17139182698837,22.317779202923585,5.7917000000015832]]},"properties":{"OBJECTID":340378,"PedestrianRouteID":240006742,"Location":1,"FeatureType":30,"AliasNameEN":"Shantung Street Crossing","AliasNameTC":"山東街過路處","CrossingFeature":1,"WeatherProof":2,"WheelchairBarrier":2,"WheelchairAccess":2,"ObstaclesType":null,"Gradient":0.0089345799999999993,"Direction":0,"PositionCertainty":1,"Enabled":1,"DataSource":1,"LevelSource":2,"StreetNameEN":"Shantung Street","StreetNameTC":"山東街","ST_CODE":11986,"FloorID":null,"BuildingID_1":null,"BuildingID_2":null,"SiteID":null,"TerminalID":null,"AccessTimeID":null,"CreationDate":1614441600000,"ModifiedBy":"LANDSD","LastAmendmentDate":1655654400000,"Shape__Length":4.7342874614818138}},{"type":"Feature","id":340379,"geometry":{"type":"LineString","coordinates":[[114.17047864632835,22.319394054191033,5.2072000000043772],[114.17051768147202,22.319401172726852,5.2237000000022817]]},"properties":{"OBJECTID":340379,"PedestrianRouteID":240006743,"Location":1,"FeatureType":1,"AliasNameEN":"Argyle Street","AliasNameTC":"亞皆老街","CrossingFeature":null,"WeatherProof":2,"WheelchairBarrier":2,"WheelchairAccess":2,"ObstaclesType":null,"Gradient":0.0040260499999999998,"Direction":0,"PositionCertainty":1,"Enabled":1,"DataSource":1,"LevelSource":2,"StreetNameEN":"Argyle Street","StreetNameTC":"亞皆老街","ST_CODE":10027,"FloorID":null,"BuildingID_1":null,"BuildingID_2":null,"SiteID":null,"TerminalID":null,"AccessTimeID":null,"CreationDate":1614441600000,"ModifiedBy":"LANDSD","LastAmendmentDate":1655654400000,"Shape__Length":4.0982895032581705}},{"type":"Feature","id":340380,"geometry":{"type":"LineString","coordinates":[[114.17051768147202,22.319401172726852,5.2237000000022817],[114.17060884598938,22.319417798865473,5.1790000000037253]]},"properties":{"OBJECTID":340380,"PedestrianRouteID":240006744,"Location":1,"FeatureType":32,"AliasNameEN":"Tung Choi Street Crossing","AliasNameTC":"通菜街過路處","CrossingFeature":1,"WeatherProof":2,"WheelchairBarrier":2,"WheelchairAccess":2,"ObstaclesType":null,"Gradient":0.0046701499999999996,"Direction":0,"PositionCertainty":1,"Enabled":1,"DataSource":1,"LevelSource":2,"StreetNameEN":"Tung Choi Street","StreetNameTC":"通菜街","ST_CODE":12513,"FloorID":null,"BuildingID_1":null,"BuildingID_2":null,"SiteID":null,"TerminalID":null,"AccessTimeID":null,"CreationDate":1614441600000,"ModifiedBy":"LANDSD","LastAmendmentDate":1655654400000,"Shape__Length":9.5713630051810448}},{"type":"Feature","id":340381,"geometry":{"type":"LineString","coordinates":[[114.16958110556102,22.32109997602171,5.3298000000067987],[114.16964284153767,22.321110840766881,5.310299999997369]]},"properties":{"OBJECTID":340381,"PedestrianRouteID":240006745,"Location":1,"FeatureType":32,"AliasNameEN":"Sai Yeung Choi Street South Crossing","AliasNameTC":"西洋菜南街過路處","CrossingFeature":1,"WeatherProof":2,"WheelchairBarrier":2,"WheelchairAccess":2,"ObstaclesType":null,"Gradient":0.00301235,"Direction":0,"PositionCertainty":1,"Enabled":1,"DataSource":1,"LevelSource":2,"StreetNameEN":"Sai Yeung Choi Street South","StreetNameTC":"西洋菜南街","ST_CODE":11864,"FloorID":null,"BuildingID_1":null,"BuildingID_2":null,"SiteID":null,"TerminalID":null,"AccessTimeID":null,"CreationDate":1614441600000,"ModifiedBy":"LANDSD","LastAmendmentDate":1655654400000,"Shape__Length":6.4733268265517552}},{"type":"Feature","id":340391,"geometry":{"type":"LineString","coordinates":[[114.16801410063904,22.320095339734848,5.2673999999969965],[114.16801843667091,22.320074238182521,5.2054000000061933]]},"properties":{"OBJECTID":340391,"PedestrianRouteID":240006755,"Location":1,"FeatureType":1,"AliasNameEN":"Shanghai Street","AliasNameTC":"上海街","CrossingFeature":null,"WeatherProof":2,"WheelchairBarrier":2,"WheelchairAccess":2,"ObstaclesType":null,"Gradient":0.026055519999999999,"Direction":0,"PositionCertainty":1,"Enabled":1,"DataSource":1,"LevelSource":2,"StreetNameEN":"Shanghai Street","StreetNameTC":"上海街","ST_CODE":11984,"FloorID":null,"BuildingID_1":null,"BuildingID_2":null,"SiteID":null,"TerminalID":null,"AccessTimeID":null,"CreationDate":1614441600000,"ModifiedBy":"LANDSD","LastAmendmentDate":1655654400000,"Shape__Length":2.3789952603755631}},{"type":"Feature","id":340392,"geometry":{"type":"LineString","coordinates":[[114.16802838643214,22.320025813067662,5.1950999999971827],[114.16803192826582,22.320008575662708,5.194099999993341]]},"properties":{"OBJECTID":340392,"PedestrianRouteID":240006756,"Location":1,"FeatureType":1,"AliasNameEN":"Shanghai Street","AliasNameTC":"上海街","CrossingFeature":null,"WeatherProof":2,"WheelchairBarrier":2,"WheelchairAccess":2,"ObstaclesType":null,"Gradient":0.00051460000000000004,"Direction":0,"PositionCertainty":1,"Enabled":1,"DataSource":1,"LevelSource":2,"StreetNameEN":"Shanghai Street","StreetNameTC":"上海街","ST_CODE":11984,"FloorID":null,"BuildingID_1":null,"BuildingID_2":null,"SiteID":null,"TerminalID":null,"AccessTimeID":null,"CreationDate":1614441600000,"ModifiedBy":"LANDSD","LastAmendmentDate":1690819200000,"Shape__Length":1.9433467217590363}},{"type":"Feature","id":340393,"geometry":{"type":"LineString","coordinates":[[114.16801843667091,22.320074238182521,5.2054000000061933],[114.16802838643214,22.320025813067662,5.1950999999971827]]},"properties":{"OBJECTID":340393,"PedestrianRouteID":240006757,"Location":1,"FeatureType":33,"AliasNameEN":"Fife Street Crossing","AliasNameTC":"快富街過路處","CrossingFeature":1,"WeatherProof":2,"WheelchairBarrier":2,"WheelchairAccess":2,"ObstaclesType":null,"Gradient":0.00188664,"Direction":0,"PositionCertainty":1,"Enabled":1,"DataSource":1,"LevelSource":2,"StreetNameEN":"Fife Street","StreetNameTC":"快富街","ST_CODE":10485,"FloorID":null,"BuildingID_1":null,"BuildingID_2":null,"SiteID":null,"TerminalID":null,"AccessTimeID":null,"CreationDate":1614441600000,"ModifiedBy":"LANDSD","LastAmendmentDate":1655654400000,"Shape__Length":5.4594458337153906}},{"type":"Feature","id":340394,"geometry":{"type":"LineString","coordinates":[[114.1701281377059,22.321160360940286,5.5265000000072177],[114.17019135486593,22.321171967852447,5.6042000000015832]]},"properties":{"OBJECTID":340394,"PedestrianRouteID":240006758,"Location":1,"FeatureType":32,"AliasNameEN":"Tung Choi Street Crossing","AliasNameTC":"通菜街過路處","CrossingFeature":1,"WeatherProof":1,"WheelchairBarrier":2,"WheelchairAccess":2,"ObstaclesType":null,"Gradient":0.01170348,"Direction":0,"PositionCertainty":1,"Enabled":1,"DataSource":1,"LevelSource":2,"StreetNameEN":"Tung Choi Street","StreetNameTC":"通菜街","ST_CODE":12513,"FloorID":null,"BuildingID_1":null,"BuildingID_2":null,"SiteID":null,"TerminalID":null,"AccessTimeID":null,"CreationDate":1614441600000,"ModifiedBy":"LANDSD","LastAmendmentDate":1655654400000,"Shape__Length":6.6387498250386896}},{"type":"Feature","id":340398,"geometry":{"type":"LineString","coordinates":[[114.16921170071382,22.319364226645867,4.7758999999932712],[114.16921625013832,22.319341943867801,4.7467000000033295]]},"properties":{"OBJECTID":340398,"PedestrianRouteID":240006762,"Location":1,"FeatureType":1,"AliasNameEN":"Argyle Street","AliasNameTC":"亞皆老街","CrossingFeature":null,"WeatherProof":2,"WheelchairBarrier":2,"WheelchairAccess":2,"ObstaclesType":null,"Gradient":0.01162552,"Direction":0,"PositionCertainty":1,"Enabled":1,"DataSource":1,"LevelSource":2,"StreetNameEN":"Argyle Street","StreetNameTC":"亞皆老街","ST_CODE":10027,"FloorID":null,"BuildingID_1":null,"BuildingID_2":null,"SiteID":null,"TerminalID":null,"AccessTimeID":null,"CreationDate":1614441600000,"ModifiedBy":"LANDSD","LastAmendmentDate":1655654400000,"Shape__Length":2.5116015241518284}},{"type":"Feature","id":340406,"geometry":{"type":"LineString","coordinates":[[114.17038540328794,22.317549211845808,5.2774999999965075],[114.17042777475751,22.317556870566996,5.3540000000066357]]},"properties":{"OBJECTID":340406,"PedestrianRouteID":240006770,"Location":1,"FeatureType":1,"AliasNameEN":"Sai Yeung Choi Street South","AliasNameTC":"西洋菜南街","CrossingFeature":null,"WeatherProof":2,"WheelchairBarrier":2,"WheelchairAccess":2,"ObstaclesType":null,"Gradient":0.017226109999999999,"Direction":0,"PositionCertainty":1,"Enabled":1,"DataSource":1,"LevelSource":2,"StreetNameEN":"Sai Yeung Choi Street South","StreetNameTC":"西洋菜南街","ST_CODE":11864,"FloorID":null,"BuildingID_1":null,"BuildingID_2":null,"SiteID":null,"TerminalID":null,"AccessTimeID":null,"CreationDate":1614441600000,"ModifiedBy":"LANDSD","LastAmendmentDate":1766073600000,"Shape__Length":4.4471786303547969}},{"type":"Feature","id":340407,"geometry":{"type":"LineString","coordinates":[[114.17029558034899,22.31753340290113,5.0083000000013271],[114.1703165807176,22.317536784801348,5.2085999999981141]]},"properties":{"OBJECTID":340407,"PedestrianRouteID":240006771,"Location":1,"FeatureType":1,"AliasNameEN":"Sai Yeung Choi Street South","AliasNameTC":"西洋菜南街","CrossingFeature":null,"WeatherProof":2,"WheelchairBarrier":2,"WheelchairAccess":2,"ObstaclesType":null,"Gradient":0.10351204,"Direction":0,"PositionCertainty":1,"Enabled":1,"DataSource":1,"LevelSource":2,"StreetNameEN":"Sai Yeung Choi Street South","StreetNameTC":"西洋菜南街","ST_CODE":11864,"FloorID":null,"BuildingID_1":null,"BuildingID_2":null,"SiteID":null,"TerminalID":null,"AccessTimeID":null,"CreationDate":1614441600000,"ModifiedBy":"LANDSD","LastAmendmentDate":1766073600000,"Shape__Length":2.195853603270371}},{"type":"Feature","id":340408,"geometry":{"type":"LineString","coordinates":[[114.1703165807176,22.317536784801348,5.2085999999981141],[114.17038540328794,22.317549211845808,5.2774999999965075]]},"properties":{"OBJECTID":340408,"PedestrianRouteID":240006772,"Location":1,"FeatureType":30,"AliasNameEN":"Sai Yeung Choi Street South Crossing","AliasNameTC":"西洋菜南街過路處","CrossingFeature":1,"WeatherProof":2,"WheelchairBarrier":2,"WheelchairAccess":2,"ObstaclesType":null,"Gradient":0.0091878199999999993,"Direction":0,"PositionCertainty":1,"Enabled":1,"DataSource":1,"LevelSource":2,"StreetNameEN":"Sai Yeung Choi Street South","StreetNameTC":"西洋菜南街","ST_CODE":11864,"FloorID":null,"BuildingID_1":null,"BuildingID_2":null,"SiteID":null,"TerminalID":null,"AccessTimeID":null,"CreationDate":1614441600000,"ModifiedBy":"LANDSD","LastAmendmentDate":1766073600000,"Shape__Length":7.2231356386271957}},{"type":"Feature","id":340409,"geometry":{"type":"LineString","coordinates":[[114.16985082469472,22.320424627744195,5.3625999999931082],[114.16985321874429,22.3204137604313,5.2538000000058673]]},"properties":{"OBJECTID":340409,"PedestrianRouteID":240006773,"Location":1,"FeatureType":1,"AliasNameEN":"Fife Street","AliasNameTC":"快富街","CrossingFeature":null,"WeatherProof":2,"WheelchairBarrier":2,"WheelchairAccess":2,"ObstaclesType":null,"Gradient":0.088339500000000001,"Direction":0,"PositionCertainty":1,"Enabled":1,"DataSource":1,"LevelSource":2,"StreetNameEN":"Fife Street","StreetNameTC":"快富街","ST_CODE":10485,"FloorID":null,"BuildingID_1":null,"BuildingID_2":null,"SiteID":null,"TerminalID":null,"AccessTimeID":null,"CreationDate":1614441600000,"ModifiedBy":"LANDSD","LastAmendmentDate":1655654400000,"Shape__Length":1.2284067412185562}},{"type":"Feature","id":340410,"geometry":{"type":"LineString","coordinates":[[114.16985321874429,22.3204137604313,5.2538000000058673],[114.1698669714153,22.320351347883076,5.2250999999960186]]},"properties":{"OBJECTID":340410,"PedestrianRouteID":240006774,"Location":1,"FeatureType":30,"AliasNameEN":"Fife Street Crossing","AliasNameTC":"快富街過路處","CrossingFeature":1,"WeatherProof":2,"WheelchairBarrier":2,"WheelchairAccess":2,"ObstaclesType":null,"Gradient":0.0040680200000000003,"Direction":0,"PositionCertainty":1,"Enabled":1,"DataSource":1,"LevelSource":2,"StreetNameEN":"Fife Street","StreetNameTC":"快富街","ST_CODE":10485,"FloorID":null,"BuildingID_1":null,"BuildingID_2":null,"SiteID":null,"TerminalID":null,"AccessTimeID":null,"CreationDate":1614441600000,"ModifiedBy":"LANDSD","LastAmendmentDate":1655654400000,"Shape__Length":7.0549857014456103}},{"type":"Feature","id":340411,"geometry":{"type":"LineString","coordinates":[[114.17119742777786,22.318689271727319,5.4832000000023982],[114.17120485222995,22.318655216707423,5.461699999999837]]},"properties":{"OBJECTID":340411,"PedestrianRouteID":240006775,"Location":1,"FeatureType":1,"AliasNameEN":"Fa Yuen Street","AliasNameTC":"花園街","CrossingFeature":null,"WeatherProof":2,"WheelchairBarrier":2,"WheelchairAccess":2,"ObstaclesType":null,"Gradient":0.0055874499999999999,"Direction":0,"PositionCertainty":1,"Enabled":1,"DataSource":1,"LevelSource":2,"StreetNameEN":"Fa Yuen Street","StreetNameTC":"花園街","ST_CODE":10419,"FloorID":null,"BuildingID_1":null,"BuildingID_2":null,"SiteID":null,"TerminalID":null,"AccessTimeID":null,"CreationDate":1614441600000,"ModifiedBy":"LANDSD","LastAmendmentDate":1655654400000,"Shape__Length":3.8478713934640147}},{"type":"Feature","id":340412,"geometry":{"type":"LineString","coordinates":[[114.17121125931196,22.318625823245103,5.4529999999940628],[114.17121494241199,22.318608929838099,5.536999999996624]]},"properties":{"OBJECTID":340412,"PedestrianRouteID":240006776,"Location":1,"FeatureType":1,"AliasNameEN":"Fa Yuen Street","AliasNameTC":"花園街","CrossingFeature":null,"WeatherProof":2,"WheelchairBarrier":2,"WheelchairAccess":2,"ObstaclesType":null,"Gradient":0.043978660000000003,"Direction":0,"PositionCertainty":1,"Enabled":1,"DataSource":1,"LevelSource":2,"StreetNameEN":"Fa Yuen Street","StreetNameTC":"花園街","ST_CODE":10419,"FloorID":null,"BuildingID_1":null,"BuildingID_2":null,"SiteID":null,"TerminalID":null,"AccessTimeID":null,"CreationDate":1614441600000,"ModifiedBy":"LANDSD","LastAmendmentDate":1655654400000,"Shape__Length":1.9087857002386484}},{"type":"Feature","id":340413,"geometry":{"type":"LineString","coordinates":[[114.17120485222995,22.318655216707423,5.461699999999837],[114.17121125931196,22.318625823245103,5.4529999999940628]]},"properties":{"OBJECTID":340413,"PedestrianRouteID":240006777,"Location":1,"FeatureType":30,"AliasNameEN":"Nelson Street Crossing","AliasNameTC":"奶路臣街過路處","CrossingFeature":1,"WeatherProof":2,"WheelchairBarrier":2,"WheelchairAccess":2,"ObstaclesType":null,"Gradient":0.0026195799999999998,"Direction":0,"PositionCertainty":1,"Enabled":1,"DataSource":1,"LevelSource":2,"StreetNameEN":"Nelson Street","StreetNameTC":"奶路臣街","ST_CODE":11506,"FloorID":null,"BuildingID_1":null,"BuildingID_2":null,"SiteID":null,"TerminalID":null,"AccessTimeID":null,"CreationDate":1614441600000,"ModifiedBy":"LANDSD","LastAmendmentDate":1655654400000,"Shape__Length":3.32114046744673}},{"type":"Feature","id":340414,"geometry":{"type":"LineString","coordinates":[[114.16776479731449,22.320432130998672,4.9827999999979511],[114.16778250771499,22.320435403771839,4.8273999999946682]]},"properties":{"OBJECTID":340414,"PedestrianRouteID":240006778,"Location":1,"FeatureType":1,"AliasNameEN":"Shanghai Street","AliasNameTC":"上海街","CrossingFeature":null,"WeatherProof":2,"WheelchairBarrier":2,"WheelchairAccess":2,"ObstaclesType":null,"Gradient":0.083340520000000001,"Direction":0,"PositionCertainty":1,"Enabled":1,"DataSource":1,"LevelSource":2,"StreetNameEN":"Shanghai Street","StreetNameTC":"上海街","ST_CODE":11984,"FloorID":null,"BuildingID_1":null,"BuildingID_2":null,"SiteID":null,"TerminalID":null,"AccessTimeID":null,"CreationDate":1614441600000,"ModifiedBy":"LANDSD","LastAmendmentDate":1655654400000,"Shape__Length":1.8603202354909671}},{"type":"Feature","id":340415,"geometry":{"type":"LineString","coordinates":[[114.16778250771499,22.320435403771839,4.8273999999946682],[114.16788316593261,22.320454007864221,4.8877999999967869]]},"properties":{"OBJECTID":340415,"PedestrianRouteID":240006779,"Location":1,"FeatureType":30,"AliasNameEN":"Shanghai Street Crossing","AliasNameTC":"上海街過路處","CrossingFeature":1,"WeatherProof":2,"WheelchairBarrier":2,"WheelchairAccess":2,"ObstaclesType":null,"Gradient":0.0057124300000000001,"Direction":0,"PositionCertainty":1,"Enabled":1,"DataSource":1,"LevelSource":2,"StreetNameEN":"Shanghai Street","StreetNameTC":"上海街","ST_CODE":11984,"FloorID":null,"BuildingID_1":null,"BuildingID_2":null,"SiteID":null,"TerminalID":null,"AccessTimeID":null,"CreationDate":1614441600000,"ModifiedBy":"LANDSD","LastAmendmentDate":1655654400000,"Shape__Length":10.573317023593976}},{"type":"Feature","id":340418,"geometry":{"type":"LineString","coordinates":[[114.16821936135101,22.320130105004974,5.2355999999999767],[114.16823039697715,22.320132027300978,5.0684000000037486]]},"properties":{"OBJECTID":340418,"PedestrianRouteID":240006782,"Location":1,"FeatureType":1,"AliasNameEN":"Fife Street","AliasNameTC":"快富街","CrossingFeature":null,"WeatherProof":2,"WheelchairBarrier":2,"WheelchairAccess":2,"ObstaclesType":null,"Gradient":0.14354964000000001,"Direction":0,"PositionCertainty":1,"Enabled":1,"DataSource":1,"LevelSource":2,"StreetNameEN":"Fife Street","StreetNameTC":"快富街","ST_CODE":10485,"FloorID":null,"BuildingID_1":null,"BuildingID_2":null,"SiteID":null,"TerminalID":null,"AccessTimeID":null,"CreationDate":1614441600000,"ModifiedBy":"LANDSD","LastAmendmentDate":1655654400000,"Shape__Length":1.156742339580795}},{"type":"Feature","id":340419,"geometry":{"type":"LineString","coordinates":[[114.16815596813902,22.32011906443449,5.2890000000043074],[114.16821936135101,22.320130105004974,5.2355999999999767]]},"properties":{"OBJECTID":340419,"PedestrianRouteID":240006783,"Location":1,"FeatureType":32,"AliasNameEN":"Hong Lok Street Crossing","AliasNameTC":"康樂街過路處","CrossingFeature":1,"WeatherProof":2,"WheelchairBarrier":2,"WheelchairAccess":2,"ObstaclesType":null,"Gradient":0.0080362200000000002,"Direction":0,"PositionCertainty":1,"Enabled":1,"DataSource":1,"LevelSource":2,"StreetNameEN":"Hong Lok Street","StreetNameTC":"康樂街","ST_CODE":10809,"FloorID":null,"BuildingID_1":null,"BuildingID_2":null,"SiteID":null,"TerminalID":null,"AccessTimeID":null,"CreationDate":1614441600000,"ModifiedBy":"LANDSD","LastAmendmentDate":1655654400000,"Shape__Length":6.6447692819575845}},{"type":"Feature","id":340420,"geometry":{"type":"LineString","coordinates":[[114.1702108957894,22.317659816076173,5.1144999999960419],[114.17021533722446,22.317638394779827,5.134699999995064]]},"properties":{"OBJECTID":340420,"PedestrianRouteID":240006784,"Location":1,"FeatureType":1,"AliasNameEN":"Shantung Street","AliasNameTC":"山東街","CrossingFeature":null,"WeatherProof":2,"WheelchairBarrier":2,"WheelchairAccess":2,"ObstaclesType":null,"Gradient":0.0083613699999999999,"Direction":0,"PositionCertainty":1,"Enabled":1,"DataSource":1,"LevelSource":2,"StreetNameEN":"Shantung Street","StreetNameTC":"山東街","ST_CODE":11986,"FloorID":null,"BuildingID_1":null,"BuildingID_2":null,"SiteID":null,"TerminalID":null,"AccessTimeID":null,"CreationDate":1614441600000,"ModifiedBy":"LANDSD","LastAmendmentDate":1655654400000,"Shape__Length":2.4158155281687108}},{"type":"Feature","id":340421,"geometry":{"type":"LineString","coordinates":[[114.17022836833856,22.317575545069239,5.1708000000071479],[114.17023493194598,22.317543889483598,4.8870000000024447]]},"properties":{"OBJECTID":340421,"PedestrianRouteID":240006785,"Location":1,"FeatureType":1,"AliasNameEN":"Shantung Street","AliasNameTC":"山東街","CrossingFeature":null,"WeatherProof":2,"WheelchairBarrier":2,"WheelchairAccess":2,"ObstaclesType":null,"Gradient":0.079328850000000006,"Direction":0,"PositionCertainty":1,"Enabled":1,"DataSource":1,"LevelSource":2,"StreetNameEN":"Shantung Street","StreetNameTC":"山東街","ST_CODE":11986,"FloorID":null,"BuildingID_1":null,"BuildingID_2":null,"SiteID":null,"TerminalID":null,"AccessTimeID":null,"CreationDate":1614441600000,"ModifiedBy":"LANDSD","LastAmendmentDate":1655654400000,"Shape__Length":3.5700056541582792}},{"type":"Feature","id":340422,"geometry":{"type":"LineString","coordinates":[[114.17021533722446,22.317638394779827,5.134699999995064],[114.17022836833856,22.317575545069239,5.1708000000071479]]},"properties":{"OBJECTID":340422,"PedestrianRouteID":240006786,"Location":1,"FeatureType":30,"AliasNameEN":"Shantung Street Crossing","AliasNameTC":"山東街過路處","CrossingFeature":1,"WeatherProof":2,"WheelchairBarrier":2,"WheelchairAccess":2,"ObstaclesType":null,"Gradient":0.0050930999999999997,"Direction":0,"PositionCertainty":1,"Enabled":1,"DataSource":1,"LevelSource":2,"StreetNameEN":"Shantung Street","StreetNameTC":"山東街","ST_CODE":11986,"FloorID":null,"BuildingID_1":null,"BuildingID_2":null,"SiteID":null,"TerminalID":null,"AccessTimeID":null,"CreationDate":1614441600000,"ModifiedBy":"LANDSD","LastAmendmentDate":1655654400000,"Shape__Length":7.0879611576759878}},{"type":"Feature","id":340423,"geometry":{"type":"LineString","coordinates":[[114.17044120330984,22.320530890690346,5.6088000000017928],[114.17044375070678,22.320519237713317,5.6059999999997672]]},"properties":{"OBJECTID":340423,"PedestrianRouteID":240006787,"Location":1,"FeatureType":1,"AliasNameEN":"Fife Street","AliasNameTC":"快富街","CrossingFeature":null,"WeatherProof":2,"WheelchairBarrier":2,"WheelchairAccess":2,"ObstaclesType":null,"Gradient":0.0021263499999999999,"Direction":0,"PositionCertainty":1,"Enabled":1,"DataSource":1,"LevelSource":2,"StreetNameEN":"Fife Street","StreetNameTC":"快富街","ST_CODE":10485,"FloorID":null,"BuildingID_1":null,"BuildingID_2":null,"SiteID":null,"TerminalID":null,"AccessTimeID":null,"CreationDate":1614441600000,"ModifiedBy":"LANDSD","LastAmendmentDate":1655654400000,"Shape__Length":1.3168089918180865}},{"type":"Feature","id":340424,"geometry":{"type":"LineString","coordinates":[[114.1704571216214,22.320458074934823,5.6226000000024214],[114.17045985055631,22.320445592956101,5.7424999999930151]]},"properties":{"OBJECTID":340424,"PedestrianRouteID":240006788,"Location":1,"FeatureType":1,"AliasNameEN":"Fife Street","AliasNameTC":"快富街","CrossingFeature":null,"WeatherProof":2,"WheelchairBarrier":2,"WheelchairAccess":2,"ObstaclesType":null,"Gradient":0.084801799999999997,"Direction":0,"PositionCertainty":1,"Enabled":1,"DataSource":1,"LevelSource":2,"StreetNameEN":"Fife Street","StreetNameTC":"快富街","ST_CODE":10485,"FloorID":null,"BuildingID_1":null,"BuildingID_2":null,"SiteID":null,"TerminalID":null,"AccessTimeID":null,"CreationDate":1614441600000,"ModifiedBy":"LANDSD","LastAmendmentDate":1655654400000,"Shape__Length":1.4104942581860807}},{"type":"Feature","id":340425,"geometry":{"type":"LineString","coordinates":[[114.17044375070678,22.320519237713317,5.6059999999997672],[114.1704571216214,22.320458074934823,5.6226000000024214]]},"properties":{"OBJECTID":340425,"PedestrianRouteID":240006789,"Location":1,"FeatureType":32,"AliasNameEN":"Fife Street Crossing","AliasNameTC":"快富街過路處","CrossingFeature":1,"WeatherProof":2,"WheelchairBarrier":2,"WheelchairAccess":2,"ObstaclesType":null,"Gradient":0.0024017800000000001,"Direction":0,"PositionCertainty":1,"Enabled":1,"DataSource":1,"LevelSource":2,"StreetNameEN":"Fife Street","StreetNameTC":"快富街","ST_CODE":10485,"FloorID":null,"BuildingID_1":null,"BuildingID_2":null,"SiteID":null,"TerminalID":null,"AccessTimeID":null,"CreationDate":1614441600000,"ModifiedBy":"LANDSD","LastAmendmentDate":1655654400000,"Shape__Length":6.9115215186242347}},{"type":"Feature","id":340436,"geometry":{"type":"LineString","coordinates":[[114.16799732931956,22.319174554163119,4.6676000000006752],[114.16800260020509,22.319150328073988,4.7096000000019558]]},"properties":{"OBJECTID":340436,"PedestrianRouteID":240006800,"Location":1,"FeatureType":1,"AliasNameEN":"Argyle Street","AliasNameTC":"亞皆老街","CrossingFeature":null,"WeatherProof":2,"WheelchairBarrier":2,"WheelchairAccess":2,"ObstaclesType":null,"Gradient":0.015343600000000001,"Direction":0,"PositionCertainty":1,"Enabled":1,"DataSource":1,"LevelSource":2,"StreetNameEN":"Argyle Street","StreetNameTC":"亞皆老街","ST_CODE":10027,"FloorID":null,"BuildingID_1":null,"BuildingID_2":null,"SiteID":null,"TerminalID":null,"AccessTimeID":null,"CreationDate":1614441600000,"ModifiedBy":"LANDSD","LastAmendmentDate":1655654400000,"Shape__Length":2.7370823340778898}},{"type":"Feature","id":340437,"geometry":{"type":"LineString","coordinates":[[114.16803016722805,22.319023609558485,4.686199999996461],[114.1680407779068,22.318974837697628,4.8178000000043539]]},"properties":{"OBJECTID":340437,"PedestrianRouteID":240006801,"Location":1,"FeatureType":1,"AliasNameEN":"Argyle Street","AliasNameTC":"亞皆老街","CrossingFeature":null,"WeatherProof":2,"WheelchairBarrier":2,"WheelchairAccess":2,"ObstaclesType":null,"Gradient":0.023878139999999999,"Direction":0,"PositionCertainty":1,"Enabled":1,"DataSource":1,"LevelSource":2,"StreetNameEN":"Argyle Street","StreetNameTC":"亞皆老街","ST_CODE":10027,"FloorID":null,"BuildingID_1":null,"BuildingID_2":null,"SiteID":null,"TerminalID":null,"AccessTimeID":null,"CreationDate":1614441600000,"ModifiedBy":"LANDSD","LastAmendmentDate":1655654400000,"Shape__Length":5.510269599628014}},{"type":"Feature","id":340438,"geometry":{"type":"LineString","coordinates":[[114.16800260020509,22.319150328073988,4.7096000000019558],[114.16803016722805,22.319023609558485,4.686199999996461]]},"properties":{"OBJECTID":340438,"PedestrianRouteID":240006802,"Location":1,"FeatureType":30,"AliasNameEN":"Argyle Street Crossing","AliasNameTC":"亞皆老街過路處","CrossingFeature":1,"WeatherProof":2,"WheelchairBarrier":2,"WheelchairAccess":2,"ObstaclesType":null,"Gradient":0.00163445,"Direction":0,"PositionCertainty":1,"Enabled":1,"DataSource":1,"LevelSource":2,"StreetNameEN":"Argyle Street","StreetNameTC":"亞皆老街","ST_CODE":10027,"FloorID":null,"BuildingID_1":null,"BuildingID_2":null,"SiteID":null,"TerminalID":null,"AccessTimeID":null,"CreationDate":1614441600000,"ModifiedBy":"LANDSD","LastAmendmentDate":1655654400000,"Shape__Length":14.316690805690129}},{"type":"Feature","id":340439,"geometry":{"type":"LineString","coordinates":[[114.16819910376086,22.321805716841492,5.0807000000058906],[114.16823845015512,22.321811212240306,5.2375000000029104]]},"properties":{"OBJECTID":340439,"PedestrianRouteID":240006803,"Location":1,"FeatureType":1,"AliasNameEN":"Portland Street","AliasNameTC":"砵蘭街","CrossingFeature":null,"WeatherProof":2,"WheelchairBarrier":2,"WheelchairAccess":2,"ObstaclesType":null,"Gradient":0.03823286,"Direction":0,"PositionCertainty":1,"Enabled":1,"DataSource":1,"LevelSource":12,"StreetNameEN":"Portland Street","StreetNameTC":"砵蘭街","ST_CODE":11777,"FloorID":null,"BuildingID_1":null,"BuildingID_2":null,"SiteID":null,"TerminalID":null,"AccessTimeID":null,"CreationDate":1614441600000,"ModifiedBy":"LANDSD","LastAmendmentDate":1642608000000,"Shape__Length":4.0991856910283344}},{"type":"Feature","id":340440,"geometry":{"type":"LineString","coordinates":[[114.16811988108074,22.321793854534668,5.1171999999933178],[114.16813671619012,22.32179677051327,4.9465999999956694]]},"properties":{"OBJECTID":340440,"PedestrianRouteID":240006804,"Location":1,"FeatureType":1,"AliasNameEN":"Portland Street","AliasNameTC":"砵蘭街","CrossingFeature":null,"WeatherProof":2,"WheelchairBarrier":2,"WheelchairAccess":2,"ObstaclesType":null,"Gradient":0.096396869999999996,"Direction":0,"PositionCertainty":1,"Enabled":1,"DataSource":1,"LevelSource":12,"StreetNameEN":"Portland Street","StreetNameTC":"砵蘭街","ST_CODE":11777,"FloorID":null,"BuildingID_1":null,"BuildingID_2":null,"SiteID":null,"TerminalID":null,"AccessTimeID":null,"CreationDate":1614441600000,"ModifiedBy":"LANDSD","LastAmendmentDate":1689264000000,"Shape__Length":1.7642817494969381}},{"type":"Feature","id":340441,"geometry":{"type":"LineString","coordinates":[[114.16813671619012,22.32179677051327,4.9465999999956694],[114.16819910376086,22.321805716841492,5.0807000000058906]]},"properties":{"OBJECTID":340441,"PedestrianRouteID":240006805,"Location":1,"FeatureType":32,"AliasNameEN":"Portland Street Crossing","AliasNameTC":"砵蘭街過路處","CrossingFeature":1,"WeatherProof":2,"WheelchairBarrier":2,"WheelchairAccess":2,"ObstaclesType":null,"Gradient":0.0049664899999999996,"Direction":0,"PositionCertainty":1,"Enabled":1,"DataSource":1,"LevelSource":2,"StreetNameEN":"Portland Street","StreetNameTC":"砵蘭街","ST_CODE":11777,"FloorID":null,"BuildingID_1":null,"BuildingID_2":null,"SiteID":null,"TerminalID":null,"AccessTimeID":null,"CreationDate":1614441600000,"ModifiedBy":"LANDSD","LastAmendmentDate":1689264000000,"Shape__Length":6.5035391424930449}},{"type":"Feature","id":340442,"geometry":{"type":"LineString","coordinates":[[114.16959789355354,22.317532916336969,4.69100000000617],[114.16959445394511,22.317549007803319,4.6217999999935273]]},"properties":{"OBJECTID":340442,"PedestrianRouteID":240006806,"Location":1,"FeatureType":1,"AliasNameEN":"Nathan Road","AliasNameTC":"彌敦道","CrossingFeature":null,"WeatherProof":2,"WheelchairBarrier":2,"WheelchairAccess":2,"ObstaclesType":null,"Gradient":0.038070930000000003,"Direction":0,"PositionCertainty":1,"Enabled":1,"DataSource":1,"LevelSource":2,"StreetNameEN":"Nathan Road","StreetNameTC":"彌敦道","ST_CODE":11504,"FloorID":null,"BuildingID_1":null,"BuildingID_2":null,"SiteID":null,"TerminalID":null,"AccessTimeID":null,"CreationDate":1614441600000,"ModifiedBy":"LANDSD","LastAmendmentDate":1655654400000,"Shape__Length":1.8167817973613365}},{"type":"Feature","id":340443,"geometry":{"type":"LineString","coordinates":[[114.169617890448,22.317439373793711,4.7736000000004424],[114.16961136947126,22.317469877052513,4.7084999999933643]]},"properties":{"OBJECTID":340443,"PedestrianRouteID":240006807,"Location":1,"FeatureType":1,"AliasNameEN":"Nathan Road","AliasNameTC":"彌敦道","CrossingFeature":null,"WeatherProof":2,"WheelchairBarrier":2,"WheelchairAccess":2,"ObstaclesType":null,"Gradient":0.018900520000000001,"Direction":0,"PositionCertainty":1,"Enabled":1,"DataSource":1,"LevelSource":2,"StreetNameEN":"Nathan Road","StreetNameTC":"彌敦道","ST_CODE":11504,"FloorID":null,"BuildingID_1":null,"BuildingID_2":null,"SiteID":null,"TerminalID":null,"AccessTimeID":null,"CreationDate":1614441600000,"ModifiedBy":"LANDSD","LastAmendmentDate":1655654400000,"Shape__Length":3.4439386932417495}},{"type":"Feature","id":340444,"geometry":{"type":"LineString","coordinates":[[114.16961136947126,22.317469877052513,4.7084999999933643],[114.16959789355354,22.317532916336969,4.69100000000617]]},"properties":{"OBJECTID":340444,"PedestrianRouteID":240006808,"Location":1,"FeatureType":33,"AliasNameEN":"Shantung Street Crossing","AliasNameTC":"山東街過路處","CrossingFeature":1,"WeatherProof":2,"WheelchairBarrier":2,"WheelchairAccess":2,"ObstaclesType":null,"Gradient":0.0024587699999999999,"Direction":0,"PositionCertainty":1,"Enabled":1,"DataSource":1,"LevelSource":2,"StreetNameEN":"Shantung Street","StreetNameTC":"山東街","ST_CODE":11986,"FloorID":null,"BuildingID_1":null,"BuildingID_2":null,"SiteID":null,"TerminalID":null,"AccessTimeID":null,"CreationDate":1614441600000,"ModifiedBy":"LANDSD","LastAmendmentDate":1655654400000,"Shape__Length":7.1173726975561511}},{"type":"Feature","id":340447,"geometry":{"type":"LineString","coordinates":[[114.16851872323974,22.32006273794984,5.0920999999943888],[114.16858331023758,22.32007475193728,4.9844000000011874]]},"properties":{"OBJECTID":340447,"PedestrianRouteID":240006811,"Location":1,"FeatureType":33,"AliasNameEN":"Portland Street Crossing","AliasNameTC":"砵蘭街過路處","CrossingFeature":1,"WeatherProof":2,"WheelchairBarrier":2,"WheelchairAccess":2,"ObstaclesType":null,"Gradient":0.01586955,"Direction":0,"PositionCertainty":1,"Enabled":1,"DataSource":1,"LevelSource":2,"StreetNameEN":"Portland Street","StreetNameTC":"砵蘭街","ST_CODE":11777,"FloorID":null,"BuildingID_1":null,"BuildingID_2":null,"SiteID":null,"TerminalID":null,"AccessTimeID":null,"CreationDate":1614441600000,"ModifiedBy":"LANDSD","LastAmendmentDate":1655654400000,"Shape__Length":6.7860105632719723}},{"type":"Feature","id":340451,"geometry":{"type":"LineString","coordinates":[[114.17013122315251,22.318519046004123,5.374100000000908],[114.17019081788071,22.318529976378642,5.3821999999927357]]},"properties":{"OBJECTID":340451,"PedestrianRouteID":240006815,"Location":1,"FeatureType":30,"AliasNameEN":"Sai Yeung Choi Street South Crossing","AliasNameTC":"西洋菜南街過路處","CrossingFeature":1,"WeatherProof":2,"WheelchairBarrier":2,"WheelchairAccess":2,"ObstaclesType":null,"Gradient":0.0012943,"Direction":0,"PositionCertainty":1,"Enabled":1,"DataSource":1,"LevelSource":2,"StreetNameEN":"Sai Yeung Choi Street South","StreetNameTC":"西洋菜南街","ST_CODE":11864,"FloorID":null,"BuildingID_1":null,"BuildingID_2":null,"SiteID":null,"TerminalID":null,"AccessTimeID":null,"CreationDate":1614441600000,"ModifiedBy":"LANDSD","LastAmendmentDate":1655654400000,"Shape__Length":6.2582082118189559}},{"type":"Feature","id":340452,"geometry":{"type":"LineString","coordinates":[[114.17008968708539,22.318511427878672,5.1000000000058208],[114.17013122315251,22.318519046004123,5.374100000000908]]},"properties":{"OBJECTID":340452,"PedestrianRouteID":240006816,"Location":1,"FeatureType":1,"AliasNameEN":"Sai Yeung Choi Street South","AliasNameTC":"西洋菜南街","CrossingFeature":null,"WeatherProof":2,"WheelchairBarrier":2,"WheelchairAccess":2,"ObstaclesType":null,"Gradient":0.062758270000000005,"Direction":0,"PositionCertainty":1,"Enabled":1,"DataSource":1,"LevelSource":2,"StreetNameEN":"Sai Yeung Choi Street South","StreetNameTC":"西洋菜南街","ST_CODE":11864,"FloorID":null,"BuildingID_1":null,"BuildingID_2":null,"SiteID":null,"TerminalID":null,"AccessTimeID":null,"CreationDate":1614441600000,"ModifiedBy":"LANDSD","LastAmendmentDate":1655654400000,"Shape__Length":4.3618165727256715}},{"type":"Feature","id":340453,"geometry":{"type":"LineString","coordinates":[[114.17063127051935,22.318585854368543,5.7388000000064494],[114.17063750599499,22.318554844445519,5.6065999999991618]]},"properties":{"OBJECTID":340453,"PedestrianRouteID":240006817,"Location":1,"FeatureType":1,"AliasNameEN":"Tung Choi Street","AliasNameTC":"通菜街","CrossingFeature":null,"WeatherProof":2,"WheelchairBarrier":2,"WheelchairAccess":2,"ObstaclesType":null,"Gradient":0.037824160000000003,"Direction":0,"PositionCertainty":1,"Enabled":1,"DataSource":1,"LevelSource":2,"StreetNameEN":"Tung Choi Street","StreetNameTC":"通菜街","ST_CODE":12513,"FloorID":null,"BuildingID_1":null,"BuildingID_2":null,"SiteID":null,"TerminalID":null,"AccessTimeID":null,"CreationDate":1614441600000,"ModifiedBy":"LANDSD","LastAmendmentDate":1655654400000,"Shape__Length":3.4934536642347096}},{"type":"Feature","id":340454,"geometry":{"type":"LineString","coordinates":[[114.17064450160721,22.318520050731689,5.6696999999985565],[114.17064799067479,22.318502697672653,5.603000000002794]]},"properties":{"OBJECTID":340454,"PedestrianRouteID":240006818,"Location":1,"FeatureType":1,"AliasNameEN":"Tung Choi Street","AliasNameTC":"通菜街","CrossingFeature":null,"WeatherProof":2,"WheelchairBarrier":2,"WheelchairAccess":2,"ObstaclesType":null,"Gradient":0.034105799999999999,"Direction":0,"PositionCertainty":1,"Enabled":1,"DataSource":1,"LevelSource":2,"StreetNameEN":"Tung Choi Street","StreetNameTC":"通菜街","ST_CODE":12513,"FloorID":null,"BuildingID_1":null,"BuildingID_2":null,"SiteID":null,"TerminalID":null,"AccessTimeID":null,"CreationDate":1614441600000,"ModifiedBy":"LANDSD","LastAmendmentDate":1655654400000,"Shape__Length":1.9549206932074401}},{"type":"Feature","id":340455,"geometry":{"type":"LineString","coordinates":[[114.17063750599499,22.318554844445519,5.6065999999991618],[114.17064450160721,22.318520050731689,5.6696999999985565]]},"properties":{"OBJECTID":340455,"PedestrianRouteID":240006819,"Location":1,"FeatureType":32,"AliasNameEN":"Nelson Street Crossing","AliasNameTC":"奶路臣街過路處","CrossingFeature":1,"WeatherProof":2,"WheelchairBarrier":2,"WheelchairAccess":2,"ObstaclesType":null,"Gradient":0.01609675,"Direction":0,"PositionCertainty":1,"Enabled":1,"DataSource":1,"LevelSource":2,"StreetNameEN":"Nelson Street","StreetNameTC":"奶路臣街","ST_CODE":11506,"FloorID":null,"BuildingID_1":null,"BuildingID_2":null,"SiteID":null,"TerminalID":null,"AccessTimeID":null,"CreationDate":1614441600000,"ModifiedBy":"LANDSD","LastAmendmentDate":1655654400000,"Shape__Length":3.9197069752374452}},{"type":"Feature","id":340458,"geometry":{"type":"LineString","coordinates":[[114.17172957378625,22.318781827654334,5.3634000000020023],[114.17173202498914,22.318769257143035,5.3481999999930849]]},"properties":{"OBJECTID":340458,"PedestrianRouteID":240006822,"Location":1,"FeatureType":1,"AliasNameEN":"Nelson Street","AliasNameTC":"奶路臣街","CrossingFeature":null,"WeatherProof":2,"WheelchairBarrier":2,"WheelchairAccess":2,"ObstaclesType":null,"Gradient":0.0107438,"Direction":0,"PositionCertainty":1,"Enabled":1,"DataSource":1,"LevelSource":2,"StreetNameEN":"Nelson Street","StreetNameTC":"奶路臣街","ST_CODE":11506,"FloorID":null,"BuildingID_1":null,"BuildingID_2":null,"SiteID":null,"TerminalID":null,"AccessTimeID":null,"CreationDate":1614441600000,"ModifiedBy":"LANDSD","LastAmendmentDate":1655654400000,"Shape__Length":1.4147156064464255}},{"type":"Feature","id":340459,"geometry":{"type":"LineString","coordinates":[[114.17174436060071,22.318705984665488,5.3110000000015134],[114.17174619924371,22.318696553169524,5.3037999999942258]]},"properties":{"OBJECTID":340459,"PedestrianRouteID":240006823,"Location":1,"FeatureType":1,"AliasNameEN":"Nelson Street","AliasNameTC":"奶路臣街","CrossingFeature":null,"WeatherProof":2,"WheelchairBarrier":2,"WheelchairAccess":2,"ObstaclesType":null,"Gradient":0.0067831699999999998,"Direction":0,"PositionCertainty":1,"Enabled":1,"DataSource":1,"LevelSource":2,"StreetNameEN":"Nelson Street","StreetNameTC":"奶路臣街","ST_CODE":11506,"FloorID":null,"BuildingID_1":null,"BuildingID_2":null,"SiteID":null,"TerminalID":null,"AccessTimeID":null,"CreationDate":1614441600000,"ModifiedBy":"LANDSD","LastAmendmentDate":1655654400000,"Shape__Length":1.0614347470108032}},{"type":"Feature","id":340460,"geometry":{"type":"LineString","coordinates":[[114.17173202498914,22.318769257143035,5.3481999999930849],[114.17174436060071,22.318705984665488,5.3110000000015134]]},"properties":{"OBJECTID":340460,"PedestrianRouteID":240006824,"Location":1,"FeatureType":30,"AliasNameEN":"Nelson Street Crossing","AliasNameTC":"奶路臣街過路處","CrossingFeature":1,"WeatherProof":2,"WheelchairBarrier":2,"WheelchairAccess":2,"ObstaclesType":null,"Gradient":0.0052240899999999998,"Direction":0,"PositionCertainty":1,"Enabled":1,"DataSource":1,"LevelSource":2,"StreetNameEN":"Nelson Street","StreetNameTC":"奶路臣街","ST_CODE":11506,"FloorID":null,"BuildingID_1":null,"BuildingID_2":null,"SiteID":null,"TerminalID":null,"AccessTimeID":null,"CreationDate":1614441600000,"ModifiedBy":"LANDSD","LastAmendmentDate":1655654400000,"Shape__Length":7.1207949515805398}},{"type":"Feature","id":340470,"geometry":{"type":"LineString","coordinates":[[114.16820752517386,22.318971598345652,4.6627000000007683],[114.16823998341323,22.318977520526417,4.2982000000047265]]},"properties":{"OBJECTID":340470,"PedestrianRouteID":240006834,"Location":1,"FeatureType":1,"AliasNameEN":"Shanghai Street","AliasNameTC":"上海街","CrossingFeature":null,"WeatherProof":2,"WheelchairBarrier":2,"WheelchairAccess":2,"ObstaclesType":null,"Gradient":0.10655363,"Direction":0,"PositionCertainty":1,"Enabled":1,"DataSource":1,"LevelSource":2,"StreetNameEN":"Shanghai Street","StreetNameTC":"上海街","ST_CODE":11984,"FloorID":null,"BuildingID_1":null,"BuildingID_2":null,"SiteID":null,"TerminalID":null,"AccessTimeID":null,"CreationDate":1614441600000,"ModifiedBy":"LANDSD","LastAmendmentDate":1655654400000,"Shape__Length":3.4078563645410429}},{"type":"Feature","id":340471,"geometry":{"type":"LineString","coordinates":[[114.16807627228127,22.318947653011985,4.8601999999955297],[114.1681142356552,22.318954578814164,4.7535999999963678]]},"properties":{"OBJECTID":340471,"PedestrianRouteID":240006835,"Location":1,"FeatureType":1,"AliasNameEN":"Shanghai Street","AliasNameTC":"上海街","CrossingFeature":null,"WeatherProof":2,"WheelchairBarrier":2,"WheelchairAccess":2,"ObstaclesType":null,"Gradient":0.026738999999999999,"Direction":0,"PositionCertainty":1,"Enabled":1,"DataSource":1,"LevelSource":2,"StreetNameEN":"Shanghai Street","StreetNameTC":"上海街","ST_CODE":11984,"FloorID":null,"BuildingID_1":null,"BuildingID_2":null,"SiteID":null,"TerminalID":null,"AccessTimeID":null,"CreationDate":1614441600000,"ModifiedBy":"LANDSD","LastAmendmentDate":1690819200000,"Shape__Length":3.9858347741062152}},{"type":"Feature","id":340472,"geometry":{"type":"LineString","coordinates":[[114.1681142356552,22.318954578814164,4.7535999999963678],[114.16820752517386,22.318971598345652,4.6627000000007683]]},"properties":{"OBJECTID":340472,"PedestrianRouteID":240006836,"Location":1,"FeatureType":30,"AliasNameEN":"Shanghai Street Crossing","AliasNameTC":"上海街過路處","CrossingFeature":1,"WeatherProof":2,"WheelchairBarrier":2,"WheelchairAccess":2,"ObstaclesType":null,"Gradient":0.0092803399999999998,"Direction":0,"PositionCertainty":1,"Enabled":1,"DataSource":1,"LevelSource":2,"StreetNameEN":"Shanghai Street","StreetNameTC":"上海街","ST_CODE":11984,"FloorID":null,"BuildingID_1":null,"BuildingID_2":null,"SiteID":null,"TerminalID":null,"AccessTimeID":null,"CreationDate":1614441600000,"ModifiedBy":"LANDSD","LastAmendmentDate":1655654400000,"Shape__Length":9.7946214680578887}},{"type":"Feature","id":340473,"geometry":{"type":"LineString","coordinates":[[114.16840619473736,22.320610599274875,4.9450000000069849],[114.16836144673141,22.320613782936977,4.9853000000002794]]},"properties":{"OBJECTID":340473,"PedestrianRouteID":240006837,"Location":1,"FeatureType":1,"AliasNameEN":"Mong Kok Road","AliasNameTC":"旺角道","CrossingFeature":null,"WeatherProof":2,"WheelchairBarrier":2,"WheelchairAccess":2,"ObstaclesType":null,"Gradient":0.0087155900000000005,"Direction":0,"PositionCertainty":1,"Enabled":1,"DataSource":1,"LevelSource":12,"StreetNameEN":"Mong Kok Road","StreetNameTC":"旺角道","ST_CODE":11454,"FloorID":null,"BuildingID_1":null,"BuildingID_2":null,"SiteID":null,"TerminalID":null,"AccessTimeID":null,"CreationDate":1614441600000,"ModifiedBy":"LANDSD","LastAmendmentDate":1642608000000,"Shape__Length":4.6237791825211856}},{"type":"Feature","id":340474,"geometry":{"type":"LineString","coordinates":[[114.16847848388394,22.320603730733339,4.8445000000065193],[114.16840619473736,22.320610599274875,4.9450000000069849]]},"properties":{"OBJECTID":340474,"PedestrianRouteID":240006838,"Location":1,"FeatureType":30,"AliasNameEN":"Portland Street Crossing","AliasNameTC":"砵蘭街過路處","CrossingFeature":1,"WeatherProof":2,"WheelchairBarrier":2,"WheelchairAccess":2,"ObstaclesType":null,"Gradient":0.01342322,"Direction":0,"PositionCertainty":1,"Enabled":1,"DataSource":1,"LevelSource":12,"StreetNameEN":"PORTLAND STREET","StreetNameTC":"砵蘭街","ST_CODE":11777,"FloorID":null,"BuildingID_1":null,"BuildingID_2":null,"SiteID":null,"TerminalID":null,"AccessTimeID":null,"CreationDate":1614441600000,"ModifiedBy":"LANDSD","LastAmendmentDate":1640361600000,"Shape__Length":7.4865777123370174}},{"type":"Feature","id":340475,"geometry":{"type":"LineString","coordinates":[[114.16912638545875,22.317326921163559,4.3053000000072643],[114.1691564188508,22.31733267056239,4.499100000000908]]},"properties":{"OBJECTID":340475,"PedestrianRouteID":240006839,"Location":1,"FeatureType":1,"AliasNameEN":"Portland Street","AliasNameTC":"砵蘭街","CrossingFeature":null,"WeatherProof":2,"WheelchairBarrier":2,"WheelchairAccess":2,"ObstaclesType":null,"Gradient":0.061268179999999998,"Direction":0,"PositionCertainty":1,"Enabled":1,"DataSource":1,"LevelSource":2,"StreetNameEN":"Portland Street","StreetNameTC":"砵蘭街","ST_CODE":11777,"FloorID":null,"BuildingID_1":null,"BuildingID_2":null,"SiteID":null,"TerminalID":null,"AccessTimeID":null,"CreationDate":1614441600000,"ModifiedBy":"LANDSD","LastAmendmentDate":1655654400000,"Shape__Length":3.1591840101748225}},{"type":"Feature","id":340476,"geometry":{"type":"LineString","coordinates":[[114.16903970268186,22.317310326010098,4.229300000006333],[114.16908015613008,22.317318070782115,4.31600000000617]]},"properties":{"OBJECTID":340476,"PedestrianRouteID":240006840,"Location":1,"FeatureType":1,"AliasNameEN":"Portland Street","AliasNameTC":"砵蘭街","CrossingFeature":null,"WeatherProof":2,"WheelchairBarrier":2,"WheelchairAccess":2,"ObstaclesType":null,"Gradient":0.020371899999999998,"Direction":0,"PositionCertainty":1,"Enabled":1,"DataSource":1,"LevelSource":2,"StreetNameEN":"Portland Street","StreetNameTC":"砵蘭街","ST_CODE":11777,"FloorID":null,"BuildingID_1":null,"BuildingID_2":null,"SiteID":null,"TerminalID":null,"AccessTimeID":null,"CreationDate":1614441600000,"ModifiedBy":"LANDSD","LastAmendmentDate":1655654400000,"Shape__Length":4.2552742281561251}},{"type":"Feature","id":340477,"geometry":{"type":"LineString","coordinates":[[114.16908015613008,22.317318070782115,4.31600000000617],[114.16912638545875,22.317326921163559,4.3053000000072643]]},"properties":{"OBJECTID":340477,"PedestrianRouteID":240006841,"Location":1,"FeatureType":32,"AliasNameEN":"Portland Street Crossing","AliasNameTC":"砵蘭街過路處","CrossingFeature":1,"WeatherProof":2,"WheelchairBarrier":2,"WheelchairAccess":2,"ObstaclesType":null,"Gradient":0.0022003600000000002,"Direction":0,"PositionCertainty":1,"Enabled":1,"DataSource":1,"LevelSource":2,"StreetNameEN":"Portland Street","StreetNameTC":"砵蘭街","ST_CODE":11777,"FloorID":null,"BuildingID_1":null,"BuildingID_2":null,"SiteID":null,"TerminalID":null,"AccessTimeID":null,"CreationDate":1614441600000,"ModifiedBy":"LANDSD","LastAmendmentDate":1655654400000,"Shape__Length":4.8628314435962734}},{"type":"Feature","id":340478,"geometry":{"type":"LineString","coordinates":[[114.16874783926679,22.319275214903691,4.5932999999931781],[114.1687354297472,22.319333501353597,4.6573000000062166]]},"properties":{"OBJECTID":340478,"PedestrianRouteID":240006842,"Location":1,"FeatureType":1,"AliasNameEN":"Argyle Street","AliasNameTC":"亞皆老街","CrossingFeature":null,"WeatherProof":2,"WheelchairBarrier":2,"WheelchairAccess":2,"ObstaclesType":null,"Gradient":0.0097266599999999998,"Direction":0,"PositionCertainty":1,"Enabled":1,"DataSource":1,"LevelSource":2,"StreetNameEN":"Argyle Street","StreetNameTC":"亞皆老街","ST_CODE":10027,"FloorID":null,"BuildingID_1":null,"BuildingID_2":null,"SiteID":null,"TerminalID":null,"AccessTimeID":null,"CreationDate":1614441600000,"ModifiedBy":"LANDSD","LastAmendmentDate":1690819200000,"Shape__Length":6.579747304525859}},{"type":"Feature","id":340479,"geometry":{"type":"LineString","coordinates":[[114.17135160445454,22.318687134952587,5.3377000000036787],[114.1713463700377,22.31871234910048,5.4210000000020955]]},"properties":{"OBJECTID":340479,"PedestrianRouteID":240006843,"Location":1,"FeatureType":1,"AliasNameEN":"Fa Yuen Street","AliasNameTC":"花園街","CrossingFeature":null,"WeatherProof":2,"WheelchairBarrier":2,"WheelchairAccess":2,"ObstaclesType":null,"Gradient":0.00323522,"Direction":0,"PositionCertainty":1,"Enabled":1,"DataSource":1,"LevelSource":2,"StreetNameEN":"Fa Yuen Street","StreetNameTC":"花園街","ST_CODE":10419,"FloorID":null,"BuildingID_1":null,"BuildingID_2":null,"SiteID":null,"TerminalID":null,"AccessTimeID":null,"CreationDate":1614441600000,"ModifiedBy":"LANDSD","LastAmendmentDate":1689264000000,"Shape__Length":2.8436875807289597}},{"type":"Feature","id":340480,"geometry":{"type":"LineString","coordinates":[[114.17136389057114,22.318627947039946,5.3255999999964843],[114.17136002786228,22.318646554451217,5.3074999999953434]]},"properties":{"OBJECTID":340480,"PedestrianRouteID":240006844,"Location":1,"FeatureType":1,"AliasNameEN":"Fa Yuen Street","AliasNameTC":"花園街","CrossingFeature":null,"WeatherProof":2,"WheelchairBarrier":2,"WheelchairAccess":2,"ObstaclesType":null,"Gradient":0.0086247200000000006,"Direction":0,"PositionCertainty":1,"Enabled":1,"DataSource":1,"LevelSource":2,"StreetNameEN":"Fa Yuen Street","StreetNameTC":"花園街","ST_CODE":10419,"FloorID":null,"BuildingID_1":null,"BuildingID_2":null,"SiteID":null,"TerminalID":null,"AccessTimeID":null,"CreationDate":1614441600000,"ModifiedBy":"LANDSD","LastAmendmentDate":1655654400000,"Shape__Length":2.0985672871794678}},{"type":"Feature","id":340481,"geometry":{"type":"LineString","coordinates":[[114.17136002786228,22.318646554451217,5.3074999999953434],[114.17135160445454,22.318687134952587,5.3377000000036787]]},"properties":{"OBJECTID":340481,"PedestrianRouteID":240006845,"Location":1,"FeatureType":30,"AliasNameEN":"Nelson Street Crossing","AliasNameTC":"奶路臣街過路處","CrossingFeature":1,"WeatherProof":2,"WheelchairBarrier":2,"WheelchairAccess":2,"ObstaclesType":null,"Gradient":0.00659854,"Direction":0,"PositionCertainty":1,"Enabled":1,"DataSource":1,"LevelSource":2,"StreetNameEN":"Nelson Street","StreetNameTC":"奶路臣街","ST_CODE":11506,"FloorID":null,"BuildingID_1":null,"BuildingID_2":null,"SiteID":null,"TerminalID":null,"AccessTimeID":null,"CreationDate":1614441600000,"ModifiedBy":"LANDSD","LastAmendmentDate":1655654400000,"Shape__Length":4.5767065641828593}},{"type":"Feature","id":340482,"geometry":{"type":"LineString","coordinates":[[114.16857179591547,22.31722192763014,3.9768000000040047],[114.1685910908835,22.317225310570123,3.993400000006659]]},"properties":{"OBJECTID":340482,"PedestrianRouteID":240006846,"Location":1,"FeatureType":1,"AliasNameEN":"Shanghai Street","AliasNameTC":"上海街","CrossingFeature":null,"WeatherProof":2,"WheelchairBarrier":2,"WheelchairAccess":2,"ObstaclesType":null,"Gradient":0.0082055900000000005,"Direction":0,"PositionCertainty":1,"Enabled":1,"DataSource":1,"LevelSource":2,"StreetNameEN":"Shanghai Street","StreetNameTC":"上海街","ST_CODE":11984,"FloorID":null,"BuildingID_1":null,"BuildingID_2":null,"SiteID":null,"TerminalID":null,"AccessTimeID":null,"CreationDate":1614441600000,"ModifiedBy":"LANDSD","LastAmendmentDate":1655654400000,"Shape__Length":2.0229666949374936}},{"type":"Feature","id":340484,"geometry":{"type":"LineString","coordinates":[[114.16847543076371,22.31720503457483,4.0679999999993015],[114.16857179591547,22.31722192763014,3.9768000000040047]]},"properties":{"OBJECTID":340484,"PedestrianRouteID":240006848,"Location":1,"FeatureType":30,"AliasNameEN":"Shanghai Street Crossing","AliasNameTC":"上海街過路處","CrossingFeature":1,"WeatherProof":2,"WheelchairBarrier":2,"WheelchairAccess":2,"ObstaclesType":null,"Gradient":0.0090265199999999997,"Direction":0,"PositionCertainty":1,"Enabled":1,"DataSource":1,"LevelSource":2,"StreetNameEN":"Shanghai Street","StreetNameTC":"上海街","ST_CODE":11984,"FloorID":null,"BuildingID_1":null,"BuildingID_2":null,"SiteID":null,"TerminalID":null,"AccessTimeID":null,"CreationDate":1614441600000,"ModifiedBy":"LANDSD","LastAmendmentDate":1655654400000,"Shape__Length":10.103284500805312}},{"type":"Feature","id":340491,"geometry":{"type":"LineString","coordinates":[[114.16831622585892,22.320843941483336,5.0071000000025379],[114.16832876401857,22.320846249457702,4.7825000000011642]]},"properties":{"OBJECTID":340491,"PedestrianRouteID":240006855,"Location":1,"FeatureType":1,"AliasNameEN":"Portland Street","AliasNameTC":"砵蘭街","CrossingFeature":null,"WeatherProof":1,"WheelchairBarrier":2,"WheelchairAccess":2,"ObstaclesType":null,"Gradient":0.16893612,"Direction":0,"PositionCertainty":1,"Enabled":1,"DataSource":1,"LevelSource":2,"StreetNameEN":"Portland Street","StreetNameTC":"砵蘭街","ST_CODE":11777,"FloorID":null,"BuildingID_1":null,"BuildingID_2":null,"SiteID":null,"TerminalID":null,"AccessTimeID":null,"CreationDate":1614441600000,"ModifiedBy":"LANDSD","LastAmendmentDate":1655654400000,"Shape__Length":1.3168247755109985}},{"type":"Feature","id":340492,"geometry":{"type":"LineString","coordinates":[[114.16832876401857,22.320846249457702,4.7825000000011642],[114.16841913040466,22.320862884910415,4.7127000000036787]]},"properties":{"OBJECTID":340492,"PedestrianRouteID":240006856,"Location":1,"FeatureType":30,"AliasNameEN":"Portland Street Crossing","AliasNameTC":"砵蘭街過路處","CrossingFeature":1,"WeatherProof":2,"WheelchairBarrier":2,"WheelchairAccess":2,"ObstaclesType":null,"Gradient":0.0073543699999999998,"Direction":0,"PositionCertainty":1,"Enabled":1,"DataSource":1,"LevelSource":12,"StreetNameEN":"Portland Street","StreetNameTC":"砵蘭街","ST_CODE":11777,"FloorID":null,"BuildingID_1":null,"BuildingID_2":null,"SiteID":null,"TerminalID":null,"AccessTimeID":null,"CreationDate":1614441600000,"ModifiedBy":"LANDSD","LastAmendmentDate":1642521600000,"Shape__Length":9.4907870448504745}},{"type":"Feature","id":340501,"geometry":{"type":"LineString","coordinates":[[114.17080116287717,22.320595506628901,5.8959999999933643],[114.17080458776751,22.320581638474412,5.8516999999992549]]},"properties":{"OBJECTID":340501,"PedestrianRouteID":240006865,"Location":1,"FeatureType":1,"AliasNameEN":"Fife Street","AliasNameTC":"快富街","CrossingFeature":null,"WeatherProof":2,"WheelchairBarrier":2,"WheelchairAccess":2,"ObstaclesType":null,"Gradient":0.02810702,"Direction":0,"PositionCertainty":1,"Enabled":1,"DataSource":1,"LevelSource":12,"StreetNameEN":"Fife Street","StreetNameTC":"快富街","ST_CODE":10485,"FloorID":null,"BuildingID_1":null,"BuildingID_2":null,"SiteID":null,"TerminalID":null,"AccessTimeID":null,"CreationDate":1614441600000,"ModifiedBy":"LANDSD","LastAmendmentDate":1689264000000,"Shape__Length":1.5757037577517736}},{"type":"Feature","id":340502,"geometry":{"type":"LineString","coordinates":[[114.17081949233948,22.320514559781898,5.9352000000071712],[114.17082048647634,22.320509006906999,5.950700000001234]]},"properties":{"OBJECTID":340502,"PedestrianRouteID":240006866,"Location":1,"FeatureType":1,"AliasNameEN":"Fife Street","AliasNameTC":"快富街","CrossingFeature":null,"WeatherProof":2,"WheelchairBarrier":2,"WheelchairAccess":2,"ObstaclesType":null,"Gradient":0.024859800000000001,"Direction":0,"PositionCertainty":1,"Enabled":1,"DataSource":1,"LevelSource":12,"StreetNameEN":"Fife Street","StreetNameTC":"快富街","ST_CODE":10485,"FloorID":null,"BuildingID_1":null,"BuildingID_2":null,"SiteID":null,"TerminalID":null,"AccessTimeID":null,"CreationDate":1614441600000,"ModifiedBy":"LANDSD","LastAmendmentDate":1689264000000,"Shape__Length":0.62336808590608106}},{"type":"Feature","id":340503,"geometry":{"type":"LineString","coordinates":[[114.17080458776751,22.320581638474412,5.8516999999992549],[114.17081949233948,22.320514559781898,5.9352000000071712]]},"properties":{"OBJECTID":340503,"PedestrianRouteID":240006867,"Location":1,"FeatureType":33,"AliasNameEN":"Fife Street Crossing","AliasNameTC":"快富街過路處","CrossingFeature":1,"WeatherProof":2,"WheelchairBarrier":2,"WheelchairAccess":2,"ObstaclesType":null,"Gradient":0.0072905699999999997,"Direction":0,"PositionCertainty":1,"Enabled":1,"DataSource":1,"LevelSource":2,"StreetNameEN":"Fife Street","StreetNameTC":"快富街","ST_CODE":10485,"FloorID":null,"BuildingID_1":null,"BuildingID_2":null,"SiteID":null,"TerminalID":null,"AccessTimeID":null,"CreationDate":1614441600000,"ModifiedBy":"LANDSD","LastAmendmentDate":1689264000000,"Shape__Length":7.5850069267994158}},{"type":"Feature","id":340504,"geometry":{"type":"LineString","coordinates":[[114.16823033730464,22.320044580447835,5.2627999999967869],[114.16823900855789,22.320046199189893,5.2468999999982771]]},"properties":{"OBJECTID":340504,"PedestrianRouteID":240006868,"Location":1,"FeatureType":1,"AliasNameEN":"Fife Street","AliasNameTC":"快富街","CrossingFeature":null,"WeatherProof":2,"WheelchairBarrier":2,"WheelchairAccess":2,"ObstaclesType":null,"Gradient":0.06640828,"Direction":0,"PositionCertainty":1,"Enabled":1,"DataSource":1,"LevelSource":2,"StreetNameEN":"Fife Street","StreetNameTC":"快富街","ST_CODE":10485,"FloorID":null,"BuildingID_1":null,"BuildingID_2":null,"SiteID":null,"TerminalID":null,"AccessTimeID":null,"CreationDate":1614441600000,"ModifiedBy":"LANDSD","LastAmendmentDate":1689264000000,"Shape__Length":0.91119492999149909}},{"type":"Feature","id":340505,"geometry":{"type":"LineString","coordinates":[[114.16817250080761,22.320033783101298,5.2633999999961816],[114.16823033730464,22.320044580447835,5.2627999999967869]]},"properties":{"OBJECTID":340505,"PedestrianRouteID":240006869,"Location":1,"FeatureType":33,"AliasNameEN":"Hong Lok Street Crossing","AliasNameTC":"康樂街過路處","CrossingFeature":1,"WeatherProof":2,"WheelchairBarrier":2,"WheelchairAccess":2,"ObstaclesType":null,"Gradient":9.8720000000000003e-05,"Direction":0,"PositionCertainty":1,"Enabled":1,"DataSource":1,"LevelSource":2,"StreetNameEN":"Hong Lok Street","StreetNameTC":"康樂街","ST_CODE":10809,"FloorID":null,"BuildingID_1":null,"BuildingID_2":null,"SiteID":null,"TerminalID":null,"AccessTimeID":null,"CreationDate":1614441600000,"ModifiedBy":"LANDSD","LastAmendmentDate":1655654400000,"Shape__Length":6.0776007851432672}},{"type":"Feature","id":340506,"geometry":{"type":"LineString","coordinates":[[114.17110632774653,22.319386149604792,5.4759000000049127],[114.17116015761901,22.319395953303275,5.4211000000068452]]},"properties":{"OBJECTID":340506,"PedestrianRouteID":240006870,"Location":1,"FeatureType":32,"AliasNameEN":"Fa Yuen Street Crossing","AliasNameTC":"花園街過路處","CrossingFeature":1,"WeatherProof":2,"WheelchairBarrier":2,"WheelchairAccess":2,"ObstaclesType":null,"Gradient":0.0096965599999999999,"Direction":0,"PositionCertainty":1,"Enabled":1,"DataSource":1,"LevelSource":2,"StreetNameEN":"Fa Yuen Street","StreetNameTC":"花園街","ST_CODE":10419,"FloorID":null,"BuildingID_1":null,"BuildingID_2":null,"SiteID":null,"TerminalID":null,"AccessTimeID":null,"CreationDate":1614441600000,"ModifiedBy":"LANDSD","LastAmendmentDate":1655654400000,"Shape__Length":5.6513112079917569}},{"type":"Feature","id":340509,"geometry":{"type":"LineString","coordinates":[[114.16799943094365,22.319987689745087,5.172999999995227],[114.16802012100732,22.319991459337373,5.1870999999955529]]},"properties":{"OBJECTID":340509,"PedestrianRouteID":240006873,"Location":1,"FeatureType":1,"AliasNameEN":"Shanghai Street","AliasNameTC":"上海街","CrossingFeature":null,"WeatherProof":2,"WheelchairBarrier":2,"WheelchairAccess":2,"ObstaclesType":null,"Gradient":0.0064911400000000003,"Direction":0,"PositionCertainty":1,"Enabled":1,"DataSource":1,"LevelSource":2,"StreetNameEN":"Shanghai Street","StreetNameTC":"上海街","ST_CODE":11984,"FloorID":null,"BuildingID_1":null,"BuildingID_2":null,"SiteID":null,"TerminalID":null,"AccessTimeID":null,"CreationDate":1614441600000,"ModifiedBy":"LANDSD","LastAmendmentDate":1655654400000,"Shape__Length":2.1721611772103695}},{"type":"Feature","id":340510,"geometry":{"type":"LineString","coordinates":[[114.16786243900968,22.31996272798655,5.022899999996298],[114.16787962232605,22.319965858939813,5.0945000000065193]]},"properties":{"OBJECTID":340510,"PedestrianRouteID":240006874,"Location":1,"FeatureType":1,"AliasNameEN":"Shanghai Street","AliasNameTC":"上海街","CrossingFeature":null,"WeatherProof":2,"WheelchairBarrier":2,"WheelchairAccess":2,"ObstaclesType":null,"Gradient":0.039668559999999999,"Direction":0,"PositionCertainty":1,"Enabled":1,"DataSource":1,"LevelSource":2,"StreetNameEN":"Shanghai Street","StreetNameTC":"上海街","ST_CODE":11984,"FloorID":null,"BuildingID_1":null,"BuildingID_2":null,"SiteID":null,"TerminalID":null,"AccessTimeID":null,"CreationDate":1614441600000,"ModifiedBy":"LANDSD","LastAmendmentDate":1655654400000,"Shape__Length":1.8040087913257883}},{"type":"Feature","id":340511,"geometry":{"type":"LineString","coordinates":[[114.16787962232605,22.319965858939813,5.0945000000065193],[114.16799943094365,22.319987689745087,5.172999999995227]]},"properties":{"OBJECTID":340511,"PedestrianRouteID":240006875,"Location":1,"FeatureType":33,"AliasNameEN":"Shanghai Street Crossing","AliasNameTC":"上海街過路處","CrossingFeature":1,"WeatherProof":2,"WheelchairBarrier":2,"WheelchairAccess":2,"ObstaclesType":null,"Gradient":0.00624085,"Direction":0,"PositionCertainty":1,"Enabled":1,"DataSource":1,"LevelSource":2,"StreetNameEN":"Shanghai Street","StreetNameTC":"上海街","ST_CODE":11984,"FloorID":null,"BuildingID_1":null,"BuildingID_2":null,"SiteID":null,"TerminalID":null,"AccessTimeID":null,"CreationDate":1614441600000,"ModifiedBy":"LANDSD","LastAmendmentDate":1655654400000,"Shape__Length":12.578247338815846}},{"type":"Feature","id":340512,"geometry":{"type":"LineString","coordinates":[[114.17096963361955,22.317668852389527,5.4673999999940861],[114.17098406222657,22.317671453722092,5.467000000004191]]},"properties":{"OBJECTID":340512,"PedestrianRouteID":240006876,"Location":1,"FeatureType":1,"AliasNameEN":"Tung Choi Street","AliasNameTC":"通菜街","CrossingFeature":null,"WeatherProof":2,"WheelchairBarrier":2,"WheelchairAccess":2,"ObstaclesType":null,"Gradient":0.00026415999999999999,"Direction":0,"PositionCertainty":1,"Enabled":1,"DataSource":1,"LevelSource":2,"StreetNameEN":"Tung Choi Street","StreetNameTC":"通菜街","ST_CODE":12513,"FloorID":null,"BuildingID_1":null,"BuildingID_2":null,"SiteID":null,"TerminalID":null,"AccessTimeID":null,"CreationDate":1614441600000,"ModifiedBy":"LANDSD","LastAmendmentDate":1655654400000,"Shape__Length":1.5142402588730317}},{"type":"Feature","id":340513,"geometry":{"type":"LineString","coordinates":[[114.17085412907777,22.317648027231058,5.4217999999964377],[114.17096963361955,22.317668852389527,5.4673999999940861]]},"properties":{"OBJECTID":340513,"PedestrianRouteID":240006877,"Location":1,"FeatureType":32,"AliasNameEN":"Tung Choi Street Crossing","AliasNameTC":"通菜街過路處","CrossingFeature":1,"WeatherProof":2,"WheelchairBarrier":2,"WheelchairAccess":2,"ObstaclesType":null,"Gradient":0.0037617699999999998,"Direction":0,"PositionCertainty":1,"Enabled":1,"DataSource":1,"LevelSource":2,"StreetNameEN":"Tung Choi Street","StreetNameTC":"通菜街","ST_CODE":12513,"FloorID":null,"BuildingID_1":null,"BuildingID_2":null,"SiteID":null,"TerminalID":null,"AccessTimeID":null,"CreationDate":1614441600000,"ModifiedBy":"LANDSD","LastAmendmentDate":1655654400000,"Shape__Length":12.121883999549466}},{"type":"Feature","id":340514,"geometry":{"type":"LineString","coordinates":[[114.16770921319421,22.319170827540816,4.3515000000043074],[114.16772538603988,22.319173659541157,4.4312000000063563]]},"properties":{"OBJECTID":340514,"PedestrianRouteID":240006878,"Location":1,"FeatureType":1,"AliasNameEN":"Argyle Street","AliasNameTC":"亞皆老街","CrossingFeature":null,"WeatherProof":2,"WheelchairBarrier":2,"WheelchairAccess":2,"ObstaclesType":null,"Gradient":0.046973960000000002,"Direction":0,"PositionCertainty":1,"Enabled":1,"DataSource":1,"LevelSource":2,"StreetNameEN":"Argyle Street","StreetNameTC":"亞皆老街","ST_CODE":10027,"FloorID":null,"BuildingID_1":null,"BuildingID_2":null,"SiteID":null,"TerminalID":null,"AccessTimeID":null,"CreationDate":1614441600000,"ModifiedBy":"LANDSD","LastAmendmentDate":1690819200000,"Shape__Length":1.6955347059481913}},{"type":"Feature","id":340516,"geometry":{"type":"LineString","coordinates":[[114.1675920763102,22.319150313332091,4.2961999999970431],[114.16770921319421,22.319170827540816,4.3515000000043074]]},"properties":{"OBJECTID":340516,"PedestrianRouteID":240006880,"Location":1,"FeatureType":30,"AliasNameEN":"Reclamation Street Crossing","AliasNameTC":"新填地街過路處","CrossingFeature":1,"WeatherProof":2,"WheelchairBarrier":2,"WheelchairAccess":2,"ObstaclesType":null,"Gradient":0.0045030499999999998,"Direction":0,"PositionCertainty":1,"Enabled":1,"DataSource":1,"LevelSource":2,"StreetNameEN":"Reclamation Street","StreetNameTC":"新填地街","ST_CODE":11810,"FloorID":null,"BuildingID_1":null,"BuildingID_2":null,"SiteID":null,"TerminalID":null,"AccessTimeID":null,"CreationDate":1614441600000,"ModifiedBy":"LANDSD","LastAmendmentDate":1655654400000,"Shape__Length":12.280492926386287}},{"type":"Feature","id":340519,"geometry":{"type":"LineString","coordinates":[[114.17007279416384,22.31957565026082,5.1178000000072643],[114.1700774375682,22.319554164864556,5.0715000000054715]]},"properties":{"OBJECTID":340519,"PedestrianRouteID":240006883,"Location":1,"FeatureType":1,"AliasNameEN":"Argyle Street","AliasNameTC":"亞皆老街","CrossingFeature":null,"WeatherProof":2,"WheelchairBarrier":2,"WheelchairAccess":2,"ObstaclesType":null,"Gradient":0.019076300000000001,"Direction":0,"PositionCertainty":1,"Enabled":1,"DataSource":1,"LevelSource":2,"StreetNameEN":"Argyle Street","StreetNameTC":"亞皆老街","ST_CODE":10027,"FloorID":null,"BuildingID_1":null,"BuildingID_2":null,"SiteID":null,"TerminalID":null,"AccessTimeID":null,"CreationDate":1614441600000,"ModifiedBy":"LANDSD","LastAmendmentDate":1655654400000,"Shape__Length":2.4268010885026046}},{"type":"Feature","id":340520,"geometry":{"type":"LineString","coordinates":[[114.17009532189425,22.319471409242535,5.0785000000032596],[114.17011810782712,22.319365970773649,5.0874000000039814]]},"properties":{"OBJECTID":340520,"PedestrianRouteID":240006884,"Location":1,"FeatureType":30,"AliasNameEN":"Argyle Street Crossing","AliasNameTC":"亞皆老街過路處","CrossingFeature":1,"WeatherProof":2,"WheelchairBarrier":2,"WheelchairAccess":2,"ObstaclesType":null,"Gradient":0.00074731000000000005,"Direction":0,"PositionCertainty":1,"Enabled":1,"DataSource":1,"LevelSource":2,"StreetNameEN":"Argyle Street","StreetNameTC":"亞皆老街","ST_CODE":10027,"FloorID":null,"BuildingID_1":null,"BuildingID_2":null,"SiteID":null,"TerminalID":null,"AccessTimeID":null,"CreationDate":1614441600000,"ModifiedBy":"LANDSD","LastAmendmentDate":1655654400000,"Shape__Length":11.909373788540739}},{"type":"Feature","id":340524,"geometry":{"type":"LineString","coordinates":[[114.16778429077934,22.318084877387992,4.3880000000062864],[114.16778617622795,22.318076074468351,4.2342000000062399]]},"properties":{"OBJECTID":340524,"PedestrianRouteID":240006888,"Location":1,"FeatureType":1,"AliasNameEN":"Reclamation Street","AliasNameTC":"新填地街","CrossingFeature":null,"WeatherProof":2,"WheelchairBarrier":2,"WheelchairAccess":2,"ObstaclesType":null,"Gradient":0.15351771,"Direction":0,"PositionCertainty":1,"Enabled":1,"DataSource":1,"LevelSource":2,"StreetNameEN":"Reclamation Street","StreetNameTC":"新填地街","ST_CODE":11810,"FloorID":null,"BuildingID_1":null,"BuildingID_2":null,"SiteID":null,"TerminalID":null,"AccessTimeID":null,"CreationDate":1614441600000,"ModifiedBy":"LANDSD","LastAmendmentDate":1655654400000,"Shape__Length":0.99395607541592002}},{"type":"Feature","id":340525,"geometry":{"type":"LineString","coordinates":[[114.16780371516202,22.317994165232008,4.2370999999984633],[114.16780536953941,22.317986436940121,4.302800000004936]]},"properties":{"OBJECTID":340525,"PedestrianRouteID":240006889,"Location":1,"FeatureType":1,"AliasNameEN":"Reclamation Street","AliasNameTC":"新填地街","CrossingFeature":null,"WeatherProof":2,"WheelchairBarrier":2,"WheelchairAccess":2,"ObstaclesType":null,"Gradient":0.075150480000000006,"Direction":0,"PositionCertainty":1,"Enabled":1,"DataSource":1,"LevelSource":2,"StreetNameEN":"Reclamation Street","StreetNameTC":"新填地街","ST_CODE":11810,"FloorID":null,"BuildingID_1":null,"BuildingID_2":null,"SiteID":null,"TerminalID":null,"AccessTimeID":null,"CreationDate":1614441600000,"ModifiedBy":"LANDSD","LastAmendmentDate":1655654400000,"Shape__Length":0.8725994490598401}},{"type":"Feature","id":340526,"geometry":{"type":"LineString","coordinates":[[114.16778617622795,22.318076074468351,4.2342000000062399],[114.16780371516202,22.317994165232008,4.2370999999984633]]},"properties":{"OBJECTID":340526,"PedestrianRouteID":240006890,"Location":1,"FeatureType":33,"AliasNameEN":"Nelson Street Crossing","AliasNameTC":"奶路臣街過路處","CrossingFeature":1,"WeatherProof":2,"WheelchairBarrier":2,"WheelchairAccess":2,"ObstaclesType":null,"Gradient":0.00031356999999999999,"Direction":0,"PositionCertainty":1,"Enabled":1,"DataSource":1,"LevelSource":2,"StreetNameEN":"Nelson Street","StreetNameTC":"奶路臣街","ST_CODE":11506,"FloorID":null,"BuildingID_1":null,"BuildingID_2":null,"SiteID":null,"TerminalID":null,"AccessTimeID":null,"CreationDate":1614441600000,"ModifiedBy":"LANDSD","LastAmendmentDate":1655654400000,"Shape__Length":9.248447671689183}},{"type":"Feature","id":340530,"geometry":{"type":"LineString","coordinates":[[114.16774679441274,22.319129403603743,4.4760999999998603],[114.16775238675289,22.319102917182811,4.4817999999941094]]},"properties":{"OBJECTID":340530,"PedestrianRouteID":240006894,"Location":1,"FeatureType":1,"AliasNameEN":"Argyle Street","AliasNameTC":"亞皆老街","CrossingFeature":null,"WeatherProof":2,"WheelchairBarrier":2,"WheelchairAccess":2,"ObstaclesType":null,"Gradient":0.00190697,"Direction":0,"PositionCertainty":1,"Enabled":1,"DataSource":1,"LevelSource":2,"StreetNameEN":"Argyle Street","StreetNameTC":"亞皆老街","ST_CODE":10027,"FloorID":null,"BuildingID_1":null,"BuildingID_2":null,"SiteID":null,"TerminalID":null,"AccessTimeID":null,"CreationDate":1614441600000,"ModifiedBy":"LANDSD","LastAmendmentDate":1655654400000,"Shape__Length":2.9890240864771527}},{"type":"Feature","id":340531,"geometry":{"type":"LineString","coordinates":[[114.16778384459761,22.318953927673316,4.4916999999986729],[114.16778895924607,22.31892970248483,4.58629999999539]]},"properties":{"OBJECTID":340531,"PedestrianRouteID":240006895,"Location":1,"FeatureType":1,"AliasNameEN":"Argyle Street","AliasNameTC":"亞皆老街","CrossingFeature":null,"WeatherProof":2,"WheelchairBarrier":2,"WheelchairAccess":2,"ObstaclesType":null,"Gradient":0.034589590000000003,"Direction":0,"PositionCertainty":1,"Enabled":1,"DataSource":1,"LevelSource":2,"StreetNameEN":"Argyle Street","StreetNameTC":"亞皆老街","ST_CODE":10027,"FloorID":null,"BuildingID_1":null,"BuildingID_2":null,"SiteID":null,"TerminalID":null,"AccessTimeID":null,"CreationDate":1614441600000,"ModifiedBy":"LANDSD","LastAmendmentDate":1655654400000,"Shape__Length":2.7338363163875674}},{"type":"Feature","id":340532,"geometry":{"type":"LineString","coordinates":[[114.16775238675289,22.319102917182811,4.4817999999941094],[114.16778384459761,22.318953927673316,4.4916999999986729]]},"properties":{"OBJECTID":340532,"PedestrianRouteID":240006896,"Location":1,"FeatureType":30,"AliasNameEN":"Argyle Street Crossing","AliasNameTC":"亞皆老街過路處","CrossingFeature":1,"WeatherProof":2,"WheelchairBarrier":2,"WheelchairAccess":2,"ObstaclesType":null,"Gradient":0.00058881000000000005,"Direction":0,"PositionCertainty":1,"Enabled":1,"DataSource":1,"LevelSource":2,"StreetNameEN":"Argyle Street","StreetNameTC":"亞皆老街","ST_CODE":10027,"FloorID":null,"BuildingID_1":null,"BuildingID_2":null,"SiteID":null,"TerminalID":null,"AccessTimeID":null,"CreationDate":1614441600000,"ModifiedBy":"LANDSD","LastAmendmentDate":1655654400000,"Shape__Length":16.813647738755726}},{"type":"Feature","id":340533,"geometry":{"type":"LineString","coordinates":[[114.16853662113209,22.317384992222401,4.0442000000039116],[114.16855752824398,22.317388647069713,3.9238999999943189]]},"properties":{"OBJECTID":340533,"PedestrianRouteID":240006897,"Location":1,"FeatureType":1,"AliasNameEN":"Shanghai Street","AliasNameTC":"上海街","CrossingFeature":null,"WeatherProof":2,"WheelchairBarrier":2,"WheelchairAccess":2,"ObstaclesType":null,"Gradient":0.05483217,"Direction":0,"PositionCertainty":1,"Enabled":1,"DataSource":1,"LevelSource":2,"StreetNameEN":"Shanghai Street","StreetNameTC":"上海街","ST_CODE":11984,"FloorID":null,"BuildingID_1":null,"BuildingID_2":null,"SiteID":null,"TerminalID":null,"AccessTimeID":null,"CreationDate":1614441600000,"ModifiedBy":"LANDSD","LastAmendmentDate":1655654400000,"Shape__Length":2.1917682290088676}},{"type":"Feature","id":340534,"geometry":{"type":"LineString","coordinates":[[114.16840180561285,22.317362276933046,4.097299999993993],[114.16843941438323,22.317368000669468,4.111799999998766]]},"properties":{"OBJECTID":340534,"PedestrianRouteID":240006898,"Location":1,"FeatureType":1,"AliasNameEN":"Shanghai Street","AliasNameTC":"上海街","CrossingFeature":null,"WeatherProof":2,"WheelchairBarrier":2,"WheelchairAccess":2,"ObstaclesType":null,"Gradient":0.0036929699999999998,"Direction":0,"PositionCertainty":1,"Enabled":1,"DataSource":1,"LevelSource":2,"StreetNameEN":"Shanghai Street","StreetNameTC":"上海街","ST_CODE":11984,"FloorID":null,"BuildingID_1":null,"BuildingID_2":null,"SiteID":null,"TerminalID":null,"AccessTimeID":null,"CreationDate":1614441600000,"ModifiedBy":"LANDSD","LastAmendmentDate":1655654400000,"Shape__Length":3.9263595061693706}},{"type":"Feature","id":340535,"geometry":{"type":"LineString","coordinates":[[114.16843941438323,22.317368000669468,4.111799999998766],[114.16853662113209,22.317384992222401,4.0442000000039116]]},"properties":{"OBJECTID":340535,"PedestrianRouteID":240006899,"Location":1,"FeatureType":30,"AliasNameEN":"Shanghai Street Crossing","AliasNameTC":"上海街過路處","CrossingFeature":1,"WeatherProof":2,"WheelchairBarrier":2,"WheelchairAccess":2,"ObstaclesType":null,"Gradient":0.0066335300000000003,"Direction":0,"PositionCertainty":1,"Enabled":1,"DataSource":1,"LevelSource":2,"StreetNameEN":"Shanghai Street","StreetNameTC":"上海街","ST_CODE":11984,"FloorID":null,"BuildingID_1":null,"BuildingID_2":null,"SiteID":null,"TerminalID":null,"AccessTimeID":null,"CreationDate":1614441600000,"ModifiedBy":"LANDSD","LastAmendmentDate":1655654400000,"Shape__Length":10.190505294391494}},{"type":"Feature","id":340536,"geometry":{"type":"LineString","coordinates":[[114.17066551911884,22.318490242439772,5.6600000000034925],[114.17067973815702,22.318492844694248,5.7182000000029802]]},"properties":{"OBJECTID":340536,"PedestrianRouteID":240006900,"Location":1,"FeatureType":1,"AliasNameEN":"Tung Choi Street","AliasNameTC":"通菜街","CrossingFeature":null,"WeatherProof":2,"WheelchairBarrier":2,"WheelchairAccess":2,"ObstaclesType":null,"Gradient":0.038960639999999998,"Direction":0,"PositionCertainty":1,"Enabled":1,"DataSource":1,"LevelSource":2,"StreetNameEN":"Tung Choi Street","StreetNameTC":"通菜街","ST_CODE":12513,"FloorID":null,"BuildingID_1":null,"BuildingID_2":null,"SiteID":null,"TerminalID":null,"AccessTimeID":null,"CreationDate":1614441600000,"ModifiedBy":"LANDSD","LastAmendmentDate":1655654400000,"Shape__Length":1.4930594802251631}},{"type":"Feature","id":340537,"geometry":{"type":"LineString","coordinates":[[114.17067973815702,22.318492844694248,5.7182000000029802],[114.17079622267278,22.318514164888057,5.7256999999954132]]},"properties":{"OBJECTID":340537,"PedestrianRouteID":240006901,"Location":1,"FeatureType":32,"AliasNameEN":"Tung Choi Street Crossing","AliasNameTC":"通菜街過路處","CrossingFeature":1,"WeatherProof":2,"WheelchairBarrier":2,"WheelchairAccess":2,"ObstaclesType":null,"Gradient":0.00061317999999999995,"Direction":0,"PositionCertainty":1,"Enabled":1,"DataSource":1,"LevelSource":2,"StreetNameEN":"Tung Choi Street","StreetNameTC":"通菜街","ST_CODE":12513,"FloorID":null,"BuildingID_1":null,"BuildingID_2":null,"SiteID":null,"TerminalID":null,"AccessTimeID":null,"CreationDate":1614441600000,"ModifiedBy":"LANDSD","LastAmendmentDate":1655654400000,"Shape__Length":12.231414079995766}},{"type":"Feature","id":340538,"geometry":{"type":"LineString","coordinates":[[114.16804817801444,22.318365002007386,4.3058000000019092],[114.16805763241462,22.318366831214728,4.3041999999986729],[114.16807471985551,22.318285679594506,4.3222999999998137],[114.1680820062837,22.318251076551523,4.3222999999998137],[114.16808474706708,22.318238061804937,4.3218999999953667],[114.1680883645508,22.318220884904001,4.321299999995972],[114.1680969500032,22.318180116742436,4.3178000000043539],[114.16810417819602,22.318145338501321,4.3157999999966705]]},"properties":{"OBJECTID":340538,"PedestrianRouteID":240006902,"Location":2,"FeatureType":1,"AliasNameEN":"Minibus Terminus Under","AliasNameTC":"下層小巴總站","CrossingFeature":null,"WeatherProof":1,"WheelchairBarrier":2,"WheelchairAccess":2,"ObstaclesType":null,"Gradient":0.00038482000000000002,"Direction":0,"PositionCertainty":1,"Enabled":1,"DataSource":1,"LevelSource":2,"StreetNameEN":null,"StreetNameTC":null,"ST_CODE":null,"FloorID":290000078,"BuildingID_1":1108246362,"BuildingID_2":null,"SiteID":null,"TerminalID":1511000412,"AccessTimeID":290000475,"CreationDate":1614441600000,"ModifiedBy":"LANDSD","LastAmendmentDate":1690819200000,"Shape__Length":25.98629200000898}},{"type":"Feature","id":340539,"geometry":{"type":"LineString","coordinates":[[114.16801159013743,22.318357938999075,4.3117999999958556],[114.16801820074356,22.318359215381602,4.3107000000018161]]},"properties":{"OBJECTID":340539,"PedestrianRouteID":240006903,"Location":2,"FeatureType":6,"AliasNameEN":"Langham Place Hotel Traffic Island","AliasNameTC":"朗豪酒店安全島","CrossingFeature":null,"WeatherProof":1,"WheelchairBarrier":2,"WheelchairAccess":2,"ObstaclesType":null,"Gradient":0.00158136,"Direction":0,"PositionCertainty":1,"Enabled":1,"DataSource":1,"LevelSource":2,"StreetNameEN":null,"StreetNameTC":null,"ST_CODE":null,"FloorID":null,"BuildingID_1":1108246362,"BuildingID_2":null,"SiteID":null,"TerminalID":1511000412,"AccessTimeID":290000475,"CreationDate":1614441600000,"ModifiedBy":"LANDSD","LastAmendmentDate":1659974400000,"Shape__Length":0.69560254431439461}},{"type":"Feature","id":340540,"geometry":{"type":"LineString","coordinates":[[114.16801820074356,22.318359215381602,4.3107000000018161],[114.16804817801444,22.318365002007386,4.3058000000019092]]},"properties":{"OBJECTID":340540,"PedestrianRouteID":240006904,"Location":2,"FeatureType":32,"AliasNameEN":"Langham Place Hotel Crossing","AliasNameTC":"朗豪酒店過路處","CrossingFeature":5,"WeatherProof":1,"WheelchairBarrier":2,"WheelchairAccess":2,"ObstaclesType":null,"Gradient":0.00155342,"Direction":0,"PositionCertainty":1,"Enabled":1,"DataSource":1,"LevelSource":2,"StreetNameEN":null,"StreetNameTC":null,"ST_CODE":null,"FloorID":null,"BuildingID_1":1108246362,"BuildingID_2":null,"SiteID":null,"TerminalID":1511000412,"AccessTimeID":290000475,"CreationDate":1614441600000,"ModifiedBy":"LANDSD","LastAmendmentDate":1659974400000,"Shape__Length":3.1543332601310863}},{"type":"Feature","id":340541,"geometry":{"type":"LineString","coordinates":[[114.17148608080002,22.319710589373187,5.8469000000040978],[114.17150691268338,22.3196104236115,5.9364000000059605]]},"properties":{"OBJECTID":340541,"PedestrianRouteID":240006905,"Location":1,"FeatureType":30,"AliasNameEN":"Argyle Street Crossing","AliasNameTC":"亞皆老街過路處","CrossingFeature":1,"WeatherProof":2,"WheelchairBarrier":2,"WheelchairAccess":2,"ObstaclesType":null,"Gradient":0.0079218899999999991,"Direction":0,"PositionCertainty":1,"Enabled":1,"DataSource":1,"LevelSource":2,"StreetNameEN":"Argyle Street","StreetNameTC":"亞皆老街","ST_CODE":10027,"FloorID":null,"BuildingID_1":null,"BuildingID_2":null,"SiteID":null,"TerminalID":null,"AccessTimeID":null,"CreationDate":1614441600000,"ModifiedBy":"LANDSD","LastAmendmentDate":1655654400000,"Shape__Length":11.297571970439009}},{"type":"Feature","id":340542,"geometry":{"type":"LineString","coordinates":[[114.17112742810032,22.321092637214669,6.0605999999970663],[114.17113148214902,22.321073247771963,6.0391999999992549]]},"properties":{"OBJECTID":340542,"PedestrianRouteID":240006906,"Location":1,"FeatureType":1,"AliasNameEN":"Mong Kok Road","AliasNameTC":"旺角道","CrossingFeature":null,"WeatherProof":2,"WheelchairBarrier":2,"WheelchairAccess":2,"ObstaclesType":null,"Gradient":0.00978329,"Direction":0,"PositionCertainty":1,"Enabled":1,"DataSource":1,"LevelSource":2,"StreetNameEN":"Mong Kok Road","StreetNameTC":"旺角道","ST_CODE":11454,"FloorID":null,"BuildingID_1":null,"BuildingID_2":null,"SiteID":null,"TerminalID":null,"AccessTimeID":null,"CreationDate":1614441600000,"ModifiedBy":"LANDSD","LastAmendmentDate":1655654400000,"Shape__Length":2.1873335751526577}},{"type":"Feature","id":340543,"geometry":{"type":"LineString","coordinates":[[114.16914228355891,22.317469472594485,4.4235999999946216],[114.1691455144868,22.317454385330016,4.3288000000029569]]},"properties":{"OBJECTID":340543,"PedestrianRouteID":240006907,"Location":1,"FeatureType":1,"AliasNameEN":"Portland Street","AliasNameTC":"砵蘭街","CrossingFeature":null,"WeatherProof":2,"WheelchairBarrier":2,"WheelchairAccess":2,"ObstaclesType":null,"Gradient":0.055592009999999997,"Direction":0,"PositionCertainty":1,"Enabled":1,"DataSource":1,"LevelSource":2,"StreetNameEN":"Portland Street","StreetNameTC":"砵蘭街","ST_CODE":11777,"FloorID":null,"BuildingID_1":null,"BuildingID_2":null,"SiteID":null,"TerminalID":null,"AccessTimeID":null,"CreationDate":1614441600000,"ModifiedBy":"LANDSD","LastAmendmentDate":1655654400000,"Shape__Length":1.7035240919883485}},{"type":"Feature","id":340544,"geometry":{"type":"LineString","coordinates":[[114.16915940319682,22.317389535467537,4.396999999997206],[114.16916665724199,22.317355662042594,4.5454999999928987]]},"properties":{"OBJECTID":340544,"PedestrianRouteID":240006908,"Location":1,"FeatureType":1,"AliasNameEN":"Portland Street","AliasNameTC":"砵蘭街","CrossingFeature":null,"WeatherProof":2,"WheelchairBarrier":2,"WheelchairAccess":2,"ObstaclesType":null,"Gradient":0.038807109999999999,"Direction":0,"PositionCertainty":1,"Enabled":1,"DataSource":1,"LevelSource":2,"StreetNameEN":"Portland Street","StreetNameTC":"砵蘭街","ST_CODE":11777,"FloorID":null,"BuildingID_1":null,"BuildingID_2":null,"SiteID":null,"TerminalID":null,"AccessTimeID":null,"CreationDate":1614441600000,"ModifiedBy":"LANDSD","LastAmendmentDate":1655654400000,"Shape__Length":3.8246972221835902}},{"type":"Feature","id":340545,"geometry":{"type":"LineString","coordinates":[[114.1691455144868,22.317454385330016,4.3288000000029569],[114.16915940319682,22.317389535467537,4.396999999997206]]},"properties":{"OBJECTID":340545,"PedestrianRouteID":240006909,"Location":1,"FeatureType":32,"AliasNameEN":"Shantung Street Crossing","AliasNameTC":"山東街過路處","CrossingFeature":1,"WeatherProof":2,"WheelchairBarrier":2,"WheelchairAccess":2,"ObstaclesType":null,"Gradient":0.0093137299999999992,"Direction":0,"PositionCertainty":1,"Enabled":1,"DataSource":1,"LevelSource":2,"StreetNameEN":"Shantung Street","StreetNameTC":"山東街","ST_CODE":11986,"FloorID":null,"BuildingID_1":null,"BuildingID_2":null,"SiteID":null,"TerminalID":null,"AccessTimeID":null,"CreationDate":1614441600000,"ModifiedBy":"LANDSD","LastAmendmentDate":1655654400000,"Shape__Length":7.322311779401006}},{"type":"Feature","id":340546,"geometry":{"type":"LineString","coordinates":[[114.1710038527432,22.317711240532489,5.5206000000034692],[114.17100842994869,22.317689629576886,5.4882999999972526]]},"properties":{"OBJECTID":340546,"PedestrianRouteID":240006910,"Location":1,"FeatureType":1,"AliasNameEN":"Shantung Street","AliasNameTC":"山東街","CrossingFeature":null,"WeatherProof":2,"WheelchairBarrier":2,"WheelchairAccess":2,"ObstaclesType":null,"Gradient":0.01324178,"Direction":0,"PositionCertainty":1,"Enabled":1,"DataSource":1,"LevelSource":2,"StreetNameEN":"Shantung Street","StreetNameTC":"山東街","ST_CODE":11986,"FloorID":null,"BuildingID_1":null,"BuildingID_2":null,"SiteID":null,"TerminalID":null,"AccessTimeID":null,"CreationDate":1614441600000,"ModifiedBy":"LANDSD","LastAmendmentDate":1655654400000,"Shape__Length":2.4391063659420955}},{"type":"Feature","id":340547,"geometry":{"type":"LineString","coordinates":[[114.17099049972113,22.317774285353735,5.6042000000015832],[114.1710038527432,22.317711240532489,5.5206000000034692]]},"properties":{"OBJECTID":340547,"PedestrianRouteID":240006911,"Location":1,"FeatureType":32,"AliasNameEN":"Shantung Street Crossing","AliasNameTC":"山東街過路處","CrossingFeature":1,"WeatherProof":2,"WheelchairBarrier":2,"WheelchairAccess":2,"ObstaclesType":null,"Gradient":0.011748430000000001,"Direction":0,"PositionCertainty":1,"Enabled":1,"DataSource":1,"LevelSource":2,"StreetNameEN":"Shantung Street","StreetNameTC":"山東街","ST_CODE":11986,"FloorID":null,"BuildingID_1":null,"BuildingID_2":null,"SiteID":null,"TerminalID":null,"AccessTimeID":null,"CreationDate":1614441600000,"ModifiedBy":"LANDSD","LastAmendmentDate":1655654400000,"Shape__Length":7.1155147348340346}},{"type":"Feature","id":340548,"geometry":{"type":"LineString","coordinates":[[114.1679833606992,22.31867877283992,4.3200999999971827],[114.16799501252306,22.318680866767167,4.3187999999936437]]},"properties":{"OBJECTID":340548,"PedestrianRouteID":240006912,"Location":2,"FeatureType":6,"AliasNameEN":"Langham Place Hotel Traffic Island","AliasNameTC":"朗豪酒店安全島","CrossingFeature":null,"WeatherProof":1,"WheelchairBarrier":2,"WheelchairAccess":2,"ObstaclesType":null,"Gradient":0.00106324,"Direction":0,"PositionCertainty":1,"Enabled":1,"DataSource":1,"LevelSource":2,"StreetNameEN":null,"StreetNameTC":null,"ST_CODE":null,"FloorID":null,"BuildingID_1":1108246362,"BuildingID_2":null,"SiteID":1503005285,"TerminalID":1511000412,"AccessTimeID":290000475,"CreationDate":1614441600000,"ModifiedBy":"LANDSD","LastAmendmentDate":1659974400000,"Shape__Length":1.2226739100419244}},{"type":"Feature","id":340549,"geometry":{"type":"LineString","coordinates":[[114.16794792867456,22.318672405236367,4.3242999999929452],[114.16795388804073,22.318673476591272,4.3236000000033528]]},"properties":{"OBJECTID":340549,"PedestrianRouteID":240006913,"Location":2,"FeatureType":6,"AliasNameEN":"Langham Place Hotel Traffic Island","AliasNameTC":"朗豪酒店安全島","CrossingFeature":null,"WeatherProof":1,"WheelchairBarrier":2,"WheelchairAccess":2,"ObstaclesType":null,"Gradient":0.00111937,"Direction":0,"PositionCertainty":1,"Enabled":1,"DataSource":1,"LevelSource":2,"StreetNameEN":null,"StreetNameTC":null,"ST_CODE":null,"FloorID":null,"BuildingID_1":1108246362,"BuildingID_2":null,"SiteID":1503005285,"TerminalID":1511000412,"AccessTimeID":290000475,"CreationDate":1614441600000,"ModifiedBy":"LANDSD","LastAmendmentDate":1659974400000,"Shape__Length":0.62534946938286073}},{"type":"Feature","id":340550,"geometry":{"type":"LineString","coordinates":[[114.16795388804073,22.318673476591272,4.3236000000033528],[114.1679833606992,22.31867877283992,4.3200999999971827]]},"properties":{"OBJECTID":340550,"PedestrianRouteID":240006914,"Location":2,"FeatureType":32,"AliasNameEN":"Langham Place Hotel Crossing","AliasNameTC":"朗豪酒店過路處","CrossingFeature":5,"WeatherProof":1,"WheelchairBarrier":2,"WheelchairAccess":2,"ObstaclesType":null,"Gradient":0.0011317,"Direction":0,"PositionCertainty":1,"Enabled":1,"DataSource":1,"LevelSource":2,"StreetNameEN":null,"StreetNameTC":null,"ST_CODE":null,"FloorID":null,"BuildingID_1":1108246362,"BuildingID_2":null,"SiteID":1503005285,"TerminalID":1511000412,"AccessTimeID":290000475,"CreationDate":1614441600000,"ModifiedBy":"LANDSD","LastAmendmentDate":1659974400000,"Shape__Length":3.0926828566811575}},{"type":"Feature","id":340553,"geometry":{"type":"LineString","coordinates":[[114.16895860252266,22.318249170865943,4.512300000002142],[114.16890831484382,22.318240763641615,4.4257999999972526]]},"properties":{"OBJECTID":340553,"PedestrianRouteID":240006917,"Location":1,"FeatureType":1,"AliasNameEN":"Portland Street","AliasNameTC":"砵蘭街","CrossingFeature":null,"WeatherProof":2,"WheelchairBarrier":2,"WheelchairAccess":2,"ObstaclesType":null,"Gradient":0.016430489999999999,"Direction":0,"PositionCertainty":1,"Enabled":1,"DataSource":1,"LevelSource":2,"StreetNameEN":"Portland Street","StreetNameTC":"砵蘭街","ST_CODE":11777,"FloorID":null,"BuildingID_1":null,"BuildingID_2":null,"SiteID":null,"TerminalID":null,"AccessTimeID":null,"CreationDate":1614441600000,"ModifiedBy":"LANDSD","LastAmendmentDate":1655654400000,"Shape__Length":5.2641272716350889}},{"type":"Feature","id":340554,"geometry":{"type":"LineString","coordinates":[[114.16886450287815,22.318233438585271,4.3916999999928521],[114.16883378985827,22.318228303179957,4.0004000000044471]]},"properties":{"OBJECTID":340554,"PedestrianRouteID":240006918,"Location":1,"FeatureType":1,"AliasNameEN":"Portland Street","AliasNameTC":"砵蘭街","CrossingFeature":null,"WeatherProof":2,"WheelchairBarrier":2,"WheelchairAccess":2,"ObstaclesType":null,"Gradient":0.12111274,"Direction":0,"PositionCertainty":1,"Enabled":1,"DataSource":1,"LevelSource":2,"StreetNameEN":"Portland Street","StreetNameTC":"砵蘭街","ST_CODE":11777,"FloorID":null,"BuildingID_1":null,"BuildingID_2":null,"SiteID":null,"TerminalID":null,"AccessTimeID":null,"CreationDate":1614441600000,"ModifiedBy":"LANDSD","LastAmendmentDate":1655654400000,"Shape__Length":3.2150613698513419}},{"type":"Feature","id":340555,"geometry":{"type":"LineString","coordinates":[[114.16890831484382,22.318240763641615,4.4257999999972526],[114.16886450287815,22.318233438585271,4.3916999999928521]]},"properties":{"OBJECTID":340555,"PedestrianRouteID":240006919,"Location":1,"FeatureType":30,"AliasNameEN":"Portland Street Crossing","AliasNameTC":"砵蘭街過路處","CrossingFeature":1,"WeatherProof":2,"WheelchairBarrier":2,"WheelchairAccess":2,"ObstaclesType":null,"Gradient":0.0074351199999999999,"Direction":0,"PositionCertainty":1,"Enabled":1,"DataSource":1,"LevelSource":2,"StreetNameEN":"Portland Street","StreetNameTC":"砵蘭街","ST_CODE":11777,"FloorID":null,"BuildingID_1":null,"BuildingID_2":null,"SiteID":null,"TerminalID":null,"AccessTimeID":null,"CreationDate":1614441600000,"ModifiedBy":"LANDSD","LastAmendmentDate":1655654400000,"Shape__Length":4.5862571675474646}},{"type":"Feature","id":340556,"geometry":{"type":"LineString","coordinates":[[114.16858006729092,22.317369253205669,4.1208999999944353],[114.16858391279422,22.317351808997774,4.0311999999976251]]},"properties":{"OBJECTID":340556,"PedestrianRouteID":240006920,"Location":1,"FeatureType":1,"AliasNameEN":"Shanghai Street","AliasNameTC":"上海街","CrossingFeature":null,"WeatherProof":2,"WheelchairBarrier":2,"WheelchairAccess":2,"ObstaclesType":null,"Gradient":0.045457959999999999,"Direction":0,"PositionCertainty":1,"Enabled":1,"DataSource":1,"LevelSource":12,"StreetNameEN":"Shanghai Street","StreetNameTC":"上海街","ST_CODE":11984,"FloorID":null,"BuildingID_1":null,"BuildingID_2":null,"SiteID":null,"TerminalID":null,"AccessTimeID":null,"CreationDate":1614441600000,"ModifiedBy":"LANDSD","LastAmendmentDate":1689264000000,"Shape__Length":1.9718925159675911}},{"type":"Feature","id":340557,"geometry":{"type":"LineString","coordinates":[[114.16860203450865,22.317269617039557,3.9753999999957159],[114.16860540720734,22.317254318476731,3.9882000000070548]]},"properties":{"OBJECTID":340557,"PedestrianRouteID":240006921,"Location":1,"FeatureType":1,"AliasNameEN":"Shantung Street","AliasNameTC":"山東街","CrossingFeature":null,"WeatherProof":2,"WheelchairBarrier":2,"WheelchairAccess":2,"ObstaclesType":null,"Gradient":0.0074014800000000002,"Direction":0,"PositionCertainty":1,"Enabled":1,"DataSource":1,"LevelSource":2,"StreetNameEN":"Shantung Street","StreetNameTC":"山東街","ST_CODE":11986,"FloorID":null,"BuildingID_1":null,"BuildingID_2":null,"SiteID":null,"TerminalID":null,"AccessTimeID":null,"CreationDate":1614441600000,"ModifiedBy":"LANDSD","LastAmendmentDate":1655654400000,"Shape__Length":1.7293529339323392}},{"type":"Feature","id":340558,"geometry":{"type":"LineString","coordinates":[[114.16858391279422,22.317351808997774,4.0311999999976251],[114.16860203450865,22.317269617039557,3.9753999999957159]]},"properties":{"OBJECTID":340558,"PedestrianRouteID":240006922,"Location":1,"FeatureType":30,"AliasNameEN":"Shantung Street Crossing","AliasNameTC":"山東街過路處","CrossingFeature":1,"WeatherProof":2,"WheelchairBarrier":2,"WheelchairAccess":2,"ObstaclesType":null,"Gradient":0.0048971600000000002,"Direction":0,"PositionCertainty":1,"Enabled":1,"DataSource":1,"LevelSource":2,"StreetNameEN":"Shantung Street","StreetNameTC":"山東街","ST_CODE":11986,"FloorID":null,"BuildingID_1":null,"BuildingID_2":null,"SiteID":null,"TerminalID":null,"AccessTimeID":null,"CreationDate":1614441600000,"ModifiedBy":"LANDSD","LastAmendmentDate":1689264000000,"Shape__Length":9.2910342875631091}},{"type":"Feature","id":340562,"geometry":{"type":"LineString","coordinates":[[114.16794568135205,22.317237212233252,3.8564000000042142],[114.16796462863398,22.317151623079909,3.7906999999977415]]},"properties":{"OBJECTID":340562,"PedestrianRouteID":240006928,"Location":1,"FeatureType":30,"AliasNameEN":"Shantung Street Crossing","AliasNameTC":"山東街過路處","CrossingFeature":1,"WeatherProof":2,"WheelchairBarrier":2,"WheelchairAccess":2,"ObstaclesType":null,"Gradient":0.0067894399999999999,"Direction":0,"PositionCertainty":1,"Enabled":1,"DataSource":1,"LevelSource":2,"StreetNameEN":"Shantung Street","StreetNameTC":"山東街","ST_CODE":11986,"FloorID":null,"BuildingID_1":null,"BuildingID_2":null,"SiteID":null,"TerminalID":null,"AccessTimeID":null,"CreationDate":1614441600000,"ModifiedBy":"LANDSD","LastAmendmentDate":1655654400000,"Shape__Length":9.6766438091790601}},{"type":"Feature","id":340563,"geometry":{"type":"LineString","coordinates":[[114.16839100927021,22.319244207336297,4.7399000000004889],[114.16840028710129,22.319245775530117,4.7595000000001164]]},"properties":{"OBJECTID":340563,"PedestrianRouteID":240006929,"Location":1,"FeatureType":1,"AliasNameEN":"Argyle Street","AliasNameTC":"亞皆老街","CrossingFeature":null,"WeatherProof":2,"WheelchairBarrier":2,"WheelchairAccess":2,"ObstaclesType":null,"Gradient":0.02017151,"Direction":0,"PositionCertainty":1,"Enabled":1,"DataSource":1,"LevelSource":2,"StreetNameEN":"Argyle Street","StreetNameTC":"亞皆老街","ST_CODE":10027,"FloorID":null,"BuildingID_1":null,"BuildingID_2":null,"SiteID":null,"TerminalID":null,"AccessTimeID":null,"CreationDate":1614441600000,"ModifiedBy":"LANDSD","LastAmendmentDate":1655654400000,"Shape__Length":0.97153577844104799}},{"type":"Feature","id":340564,"geometry":{"type":"LineString","coordinates":[[114.1683363575206,22.31923497250585,4.740300000004936],[114.16839100927021,22.319244207336297,4.7399000000004889]]},"properties":{"OBJECTID":340564,"PedestrianRouteID":240006930,"Location":1,"FeatureType":32,"AliasNameEN":"Hong Lok Street Crossing","AliasNameTC":"康樂街過路處","CrossingFeature":1,"WeatherProof":2,"WheelchairBarrier":2,"WheelchairAccess":2,"ObstaclesType":null,"Gradient":6.9900000000000005e-05,"Direction":0,"PositionCertainty":1,"Enabled":1,"DataSource":1,"LevelSource":2,"StreetNameEN":"Hong Lok Street","StreetNameTC":"康樂街","ST_CODE":10809,"FloorID":null,"BuildingID_1":null,"BuildingID_2":null,"SiteID":null,"TerminalID":null,"AccessTimeID":null,"CreationDate":1614441600000,"ModifiedBy":"LANDSD","LastAmendmentDate":1655654400000,"Shape__Length":5.7228494592403631}},{"type":"Feature","id":340571,"geometry":{"type":"LineString","coordinates":[[114.16845899589144,22.320102273525123,5.0583999999944353],[114.16844963374078,22.320146457929646,5.1016999999992549]]},"properties":{"OBJECTID":340571,"PedestrianRouteID":240006937,"Location":1,"FeatureType":33,"AliasNameEN":"Fife Street Crossing","AliasNameTC":"快富街過路處","CrossingFeature":1,"WeatherProof":2,"WheelchairBarrier":2,"WheelchairAccess":2,"ObstaclesType":null,"Gradient":0.0086824999999999992,"Direction":0,"PositionCertainty":1,"Enabled":1,"DataSource":1,"LevelSource":2,"StreetNameEN":"Fife Street","StreetNameTC":"快富街","ST_CODE":10485,"FloorID":null,"BuildingID_1":null,"BuildingID_2":null,"SiteID":null,"TerminalID":null,"AccessTimeID":null,"CreationDate":1614441600000,"ModifiedBy":"LANDSD","LastAmendmentDate":1655654400000,"Shape__Length":4.9869195227065717}},{"type":"Feature","id":340576,"geometry":{"type":"LineString","coordinates":[[114.17077230551494,22.318623383628371,5.6649000000033993],[114.1707880658596,22.318626179185632,5.7385999999969499]]},"properties":{"OBJECTID":340576,"PedestrianRouteID":240006942,"Location":1,"FeatureType":1,"AliasNameEN":"Tung Choi Street","AliasNameTC":"通菜街","CrossingFeature":null,"WeatherProof":2,"WheelchairBarrier":2,"WheelchairAccess":2,"ObstaclesType":null,"Gradient":0.04455522,"Direction":0,"PositionCertainty":1,"Enabled":1,"DataSource":1,"LevelSource":2,"StreetNameEN":"Tung Choi Street","StreetNameTC":"通菜街","ST_CODE":12513,"FloorID":null,"BuildingID_1":null,"BuildingID_2":null,"SiteID":null,"TerminalID":null,"AccessTimeID":null,"CreationDate":1614441600000,"ModifiedBy":"LANDSD","LastAmendmentDate":1655654400000,"Shape__Length":1.6530325729525381}},{"type":"Feature","id":340577,"geometry":{"type":"LineString","coordinates":[[114.17064021971964,22.318599952372715,5.759699999995064],[114.17065756890473,22.318603029757881,5.7029999999940628]]},"properties":{"OBJECTID":340577,"PedestrianRouteID":240006943,"Location":1,"FeatureType":1,"AliasNameEN":"Tung Choi Street","AliasNameTC":"通菜街","CrossingFeature":null,"WeatherProof":2,"WheelchairBarrier":2,"WheelchairAccess":2,"ObstaclesType":null,"Gradient":0.031149260000000002,"Direction":0,"PositionCertainty":1,"Enabled":1,"DataSource":1,"LevelSource":2,"StreetNameEN":"Tung Choi Street","StreetNameTC":"通菜街","ST_CODE":12513,"FloorID":null,"BuildingID_1":null,"BuildingID_2":null,"SiteID":null,"TerminalID":null,"AccessTimeID":null,"CreationDate":1614441600000,"ModifiedBy":"LANDSD","LastAmendmentDate":1655654400000,"Shape__Length":1.8196792956522907}},{"type":"Feature","id":340578,"geometry":{"type":"LineString","coordinates":[[114.17065756890473,22.318603029757881,5.7029999999940628],[114.17077230551494,22.318623383628371,5.6649000000033993]]},"properties":{"OBJECTID":340578,"PedestrianRouteID":240006944,"Location":1,"FeatureType":32,"AliasNameEN":"Tung Choi Street Crossing","AliasNameTC":"通菜街過路處","CrossingFeature":1,"WeatherProof":2,"WheelchairBarrier":2,"WheelchairAccess":2,"ObstaclesType":null,"Gradient":0.0031659499999999998,"Direction":0,"PositionCertainty":1,"Enabled":1,"DataSource":1,"LevelSource":2,"StreetNameEN":"Tung Choi Street","StreetNameTC":"通菜街","ST_CODE":12513,"FloorID":null,"BuildingID_1":null,"BuildingID_2":null,"SiteID":null,"TerminalID":null,"AccessTimeID":null,"CreationDate":1614441600000,"ModifiedBy":"LANDSD","LastAmendmentDate":1655654400000,"Shape__Length":12.034255670211982}},{"type":"Feature","id":340579,"geometry":{"type":"LineString","coordinates":[[114.17132869374457,22.318585185980908,5.4398999999975786],[114.17136999018744,22.318592221307448,5.3886999999958789]]},"properties":{"OBJECTID":340579,"PedestrianRouteID":240006945,"Location":1,"FeatureType":1,"AliasNameEN":"Fa Yuen Street","AliasNameTC":"花園街","CrossingFeature":null,"WeatherProof":2,"WheelchairBarrier":2,"WheelchairAccess":2,"ObstaclesType":null,"Gradient":0.01183621,"Direction":0,"PositionCertainty":1,"Enabled":1,"DataSource":1,"LevelSource":2,"StreetNameEN":"Fa Yuen Street","StreetNameTC":"花園街","ST_CODE":10419,"FloorID":null,"BuildingID_1":null,"BuildingID_2":null,"SiteID":null,"TerminalID":null,"AccessTimeID":null,"CreationDate":1614441600000,"ModifiedBy":"LANDSD","LastAmendmentDate":1655654400000,"Shape__Length":4.3255067045266244}},{"type":"Feature","id":340580,"geometry":{"type":"LineString","coordinates":[[114.17122399874303,22.318566769914199,5.5553000000072643],[114.17127149236711,22.318574632682516,5.5026000000070781]]},"properties":{"OBJECTID":340580,"PedestrianRouteID":240006946,"Location":1,"FeatureType":1,"AliasNameEN":"Fa Yuen Street","AliasNameTC":"花園街","CrossingFeature":null,"WeatherProof":2,"WheelchairBarrier":2,"WheelchairAccess":2,"ObstaclesType":null,"Gradient":0.01060295,"Direction":0,"PositionCertainty":1,"Enabled":1,"DataSource":1,"LevelSource":2,"StreetNameEN":"Fa Yuen Street","StreetNameTC":"花園街","ST_CODE":10419,"FloorID":null,"BuildingID_1":null,"BuildingID_2":null,"SiteID":null,"TerminalID":null,"AccessTimeID":null,"CreationDate":1614441600000,"ModifiedBy":"LANDSD","LastAmendmentDate":1655654400000,"Shape__Length":4.9701262706288993}},{"type":"Feature","id":340581,"geometry":{"type":"LineString","coordinates":[[114.17127149236711,22.318574632682516,5.5026000000070781],[114.17132869374457,22.318585185980908,5.4398999999975786]]},"properties":{"OBJECTID":340581,"PedestrianRouteID":240006947,"Location":1,"FeatureType":30,"AliasNameEN":"Fa Yuen Street Crossing","AliasNameTC":"花園街過路處","CrossingFeature":1,"WeatherProof":2,"WheelchairBarrier":2,"WheelchairAccess":2,"ObstaclesType":null,"Gradient":0.010435349999999999,"Direction":0,"PositionCertainty":1,"Enabled":1,"DataSource":1,"LevelSource":2,"StreetNameEN":"Fa Yuen Street","StreetNameTC":"花園街","ST_CODE":10419,"FloorID":null,"BuildingID_1":null,"BuildingID_2":null,"SiteID":null,"TerminalID":null,"AccessTimeID":null,"CreationDate":1614441600000,"ModifiedBy":"LANDSD","LastAmendmentDate":1655654400000,"Shape__Length":6.0082027931534867}},{"type":"Feature","id":340595,"geometry":{"type":"LineString","coordinates":[[114.17177309212114,22.318677558153464,5.3540999999968335],[114.17181086150005,22.318684100187092,5.477100000003702]]},"properties":{"OBJECTID":340595,"PedestrianRouteID":240006961,"Location":1,"FeatureType":1,"AliasNameEN":"Sai Yee Street","AliasNameTC":"洗衣街","CrossingFeature":null,"WeatherProof":2,"WheelchairBarrier":2,"WheelchairAccess":2,"ObstaclesType":null,"Gradient":0.031064479999999998,"Direction":0,"PositionCertainty":1,"Enabled":1,"DataSource":1,"LevelSource":2,"StreetNameEN":"Sai Yee Street","StreetNameTC":"洗衣街","ST_CODE":11861,"FloorID":null,"BuildingID_1":null,"BuildingID_2":null,"SiteID":null,"TerminalID":null,"AccessTimeID":null,"CreationDate":1614441600000,"ModifiedBy":"LANDSD","LastAmendmentDate":1655654400000,"Shape__Length":3.9582324905329815}},{"type":"Feature","id":340597,"geometry":{"type":"LineString","coordinates":[[114.16897907281096,22.317440716773575,4.3390999999974156],[114.16898304064466,22.31742175993735,4.2324999999982538]]},"properties":{"OBJECTID":340597,"PedestrianRouteID":240006963,"Location":1,"FeatureType":1,"AliasNameEN":"Shantung Street","AliasNameTC":"山東街","CrossingFeature":null,"WeatherProof":2,"WheelchairBarrier":2,"WheelchairAccess":2,"ObstaclesType":null,"Gradient":0.049804109999999999,"Direction":0,"PositionCertainty":1,"Enabled":1,"DataSource":1,"LevelSource":2,"StreetNameEN":"Shantung Street","StreetNameTC":"山東街","ST_CODE":11986,"FloorID":null,"BuildingID_1":null,"BuildingID_2":null,"SiteID":null,"TerminalID":null,"AccessTimeID":null,"CreationDate":1614441600000,"ModifiedBy":"LANDSD","LastAmendmentDate":1655654400000,"Shape__Length":2.1386155161609883}},{"type":"Feature","id":340598,"geometry":{"type":"LineString","coordinates":[[114.16899991776009,22.317341135586659,4.1741000000038184],[114.1690030399856,22.317326218094756,4.1836999999941327]]},"properties":{"OBJECTID":340598,"PedestrianRouteID":240006964,"Location":1,"FeatureType":1,"AliasNameEN":"Shantung Street","AliasNameTC":"山東街","CrossingFeature":null,"WeatherProof":2,"WheelchairBarrier":2,"WheelchairAccess":2,"ObstaclesType":null,"Gradient":0.0057046600000000003,"Direction":0,"PositionCertainty":1,"Enabled":1,"DataSource":1,"LevelSource":2,"StreetNameEN":"Shantung Street","StreetNameTC":"山東街","ST_CODE":11986,"FloorID":null,"BuildingID_1":null,"BuildingID_2":null,"SiteID":null,"TerminalID":null,"AccessTimeID":null,"CreationDate":1614441600000,"ModifiedBy":"LANDSD","LastAmendmentDate":1690819200000,"Shape__Length":1.682914190657274}},{"type":"Feature","id":340599,"geometry":{"type":"LineString","coordinates":[[114.16898304064466,22.31742175993735,4.2324999999982538],[114.16899991776009,22.317341135586659,4.1741000000038184]]},"properties":{"OBJECTID":340599,"PedestrianRouteID":240006965,"Location":1,"FeatureType":32,"AliasNameEN":"Shantung Street Crossing","AliasNameTC":"山東街過路處","CrossingFeature":1,"WeatherProof":2,"WheelchairBarrier":2,"WheelchairAccess":2,"ObstaclesType":null,"Gradient":0.0064205499999999997,"Direction":0,"PositionCertainty":1,"Enabled":1,"DataSource":1,"LevelSource":2,"StreetNameEN":"Shantung Street","StreetNameTC":"山東街","ST_CODE":11986,"FloorID":null,"BuildingID_1":null,"BuildingID_2":null,"SiteID":null,"TerminalID":null,"AccessTimeID":null,"CreationDate":1614441600000,"ModifiedBy":"LANDSD","LastAmendmentDate":1655654400000,"Shape__Length":9.0956703188570849}},{"type":"Feature","id":340603,"geometry":{"type":"LineString","coordinates":[[114.17001304120153,22.319576302477678,4.9818999999988591],[114.17004193663089,22.319581404169583,5.0914000000047963]]},"properties":{"OBJECTID":340603,"PedestrianRouteID":240006969,"Location":1,"FeatureType":1,"AliasNameEN":"Argyle Street","AliasNameTC":"亞皆老街","CrossingFeature":null,"WeatherProof":2,"WheelchairBarrier":2,"WheelchairAccess":2,"ObstaclesType":null,"Gradient":0.036120489999999998,"Direction":0,"PositionCertainty":1,"Enabled":1,"DataSource":1,"LevelSource":2,"StreetNameEN":"Argyle Street","StreetNameTC":"亞皆老街","ST_CODE":10027,"FloorID":null,"BuildingID_1":null,"BuildingID_2":null,"SiteID":null,"TerminalID":null,"AccessTimeID":null,"CreationDate":1614441600000,"ModifiedBy":"LANDSD","LastAmendmentDate":1655654400000,"Shape__Length":3.0302018833837283}},{"type":"Feature","id":340604,"geometry":{"type":"LineString","coordinates":[[114.16988181360266,22.319553134336182,4.8206999999965774],[114.16989823306488,22.319556032956665,4.9418000000005122]]},"properties":{"OBJECTID":340604,"PedestrianRouteID":240006970,"Location":1,"FeatureType":1,"AliasNameEN":"Argyle Street","AliasNameTC":"亞皆老街","CrossingFeature":null,"WeatherProof":2,"WheelchairBarrier":2,"WheelchairAccess":2,"ObstaclesType":null,"Gradient":0.070215020000000003,"Direction":0,"PositionCertainty":1,"Enabled":1,"DataSource":1,"LevelSource":2,"StreetNameEN":"Argyle Street","StreetNameTC":"亞皆老街","ST_CODE":10027,"FloorID":null,"BuildingID_1":null,"BuildingID_2":null,"SiteID":null,"TerminalID":null,"AccessTimeID":null,"CreationDate":1614441600000,"ModifiedBy":"LANDSD","LastAmendmentDate":1655654400000,"Shape__Length":1.7218669232766877}},{"type":"Feature","id":340605,"geometry":{"type":"LineString","coordinates":[[114.16995349358184,22.31956578925455,4.9611000000004424],[114.17001304120153,22.319576302477678,4.9818999999988591]]},"properties":{"OBJECTID":340605,"PedestrianRouteID":240006971,"Location":1,"FeatureType":30,"AliasNameEN":"Argyle Street Crossing","AliasNameTC":"亞皆老街過路處","CrossingFeature":1,"WeatherProof":2,"WheelchairBarrier":2,"WheelchairAccess":2,"ObstaclesType":null,"Gradient":0.0033308499999999998,"Direction":0,"PositionCertainty":1,"Enabled":1,"DataSource":1,"LevelSource":2,"StreetNameEN":"Argyle Street","StreetNameTC":"亞皆老街","ST_CODE":10027,"FloorID":null,"BuildingID_1":null,"BuildingID_2":null,"SiteID":null,"TerminalID":null,"AccessTimeID":null,"CreationDate":1614441600000,"ModifiedBy":"LANDSD","LastAmendmentDate":1655654400000,"Shape__Length":6.2446250684374203}},{"type":"Feature","id":340606,"geometry":{"type":"LineString","coordinates":[[114.17130278752066,22.318712822629998,5.3928000000014435],[114.171339285402,22.318719603137808,5.3429999999934807]]},"properties":{"OBJECTID":340606,"PedestrianRouteID":240006972,"Location":1,"FeatureType":1,"AliasNameEN":"Fa Yuen Street","AliasNameTC":"花園街","CrossingFeature":null,"WeatherProof":2,"WheelchairBarrier":2,"WheelchairAccess":2,"ObstaclesType":null,"Gradient":0.0093879299999999992,"Direction":0,"PositionCertainty":1,"Enabled":1,"DataSource":1,"LevelSource":2,"StreetNameEN":"Fa Yuen Street","StreetNameTC":"花園街","ST_CODE":10419,"FloorID":null,"BuildingID_1":null,"BuildingID_2":null,"SiteID":null,"TerminalID":null,"AccessTimeID":null,"CreationDate":1614441600000,"ModifiedBy":"LANDSD","LastAmendmentDate":1689264000000,"Shape__Length":3.834600194078595}},{"type":"Feature","id":340607,"geometry":{"type":"LineString","coordinates":[[114.17120132839841,22.318693974093684,5.4844000000011874],[114.17124590735963,22.318702255787787,5.4597000000067055]]},"properties":{"OBJECTID":340607,"PedestrianRouteID":240006973,"Location":1,"FeatureType":1,"AliasNameEN":"Fa Yuen Street","AliasNameTC":"花園街","CrossingFeature":null,"WeatherProof":2,"WheelchairBarrier":2,"WheelchairAccess":2,"ObstaclesType":null,"Gradient":0.0052736399999999996,"Direction":0,"PositionCertainty":1,"Enabled":1,"DataSource":1,"LevelSource":2,"StreetNameEN":"Fa Yuen Street","StreetNameTC":"花園街","ST_CODE":10419,"FloorID":null,"BuildingID_1":null,"BuildingID_2":null,"SiteID":null,"TerminalID":null,"AccessTimeID":null,"CreationDate":1614441600000,"ModifiedBy":"LANDSD","LastAmendmentDate":1655654400000,"Shape__Length":4.6836262246705198}},{"type":"Feature","id":340608,"geometry":{"type":"LineString","coordinates":[[114.17124590735963,22.318702255787787,5.4597000000067055],[114.17130278752066,22.318712822629998,5.3928000000014435]]},"properties":{"OBJECTID":340608,"PedestrianRouteID":240006974,"Location":1,"FeatureType":30,"AliasNameEN":"Fa Yuen Street Crossing","AliasNameTC":"花園街過路處","CrossingFeature":1,"WeatherProof":2,"WheelchairBarrier":2,"WheelchairAccess":2,"ObstaclesType":null,"Gradient":0.011194249999999999,"Direction":0,"PositionCertainty":1,"Enabled":1,"DataSource":1,"LevelSource":2,"StreetNameEN":"Fa Yuen Street","StreetNameTC":"花園街","ST_CODE":10419,"FloorID":null,"BuildingID_1":null,"BuildingID_2":null,"SiteID":null,"TerminalID":null,"AccessTimeID":null,"CreationDate":1614441600000,"ModifiedBy":"LANDSD","LastAmendmentDate":1655654400000,"Shape__Length":5.9760316403269353}},{"type":"Feature","id":340611,"geometry":{"type":"LineString","coordinates":[[114.16806651253184,22.317306551214646,3.9370000000053551],[114.168104899627,22.317313139298829,3.9651000000012573]]},"properties":{"OBJECTID":340611,"PedestrianRouteID":240006977,"Location":1,"FeatureType":1,"AliasNameEN":"Reclamation Street","AliasNameTC":"新填地街","CrossingFeature":null,"WeatherProof":2,"WheelchairBarrier":2,"WheelchairAccess":2,"ObstaclesType":null,"Gradient":0.0069868500000000002,"Direction":0,"PositionCertainty":1,"Enabled":1,"DataSource":1,"LevelSource":2,"StreetNameEN":"Reclamation Street","StreetNameTC":"新填地街","ST_CODE":11810,"FloorID":null,"BuildingID_1":null,"BuildingID_2":null,"SiteID":null,"TerminalID":null,"AccessTimeID":null,"CreationDate":1614441600000,"ModifiedBy":"LANDSD","LastAmendmentDate":1655654400000,"Shape__Length":4.021777529764079}},{"type":"Feature","id":340612,"geometry":{"type":"LineString","coordinates":[[114.16799851820305,22.31729396068009,3.9602000000013504],[114.16806651253184,22.317306551214646,3.9370000000053551]]},"properties":{"OBJECTID":340612,"PedestrianRouteID":240006978,"Location":1,"FeatureType":30,"AliasNameEN":"Reclamation Street Crossing","AliasNameTC":"新填地街過路處","CrossingFeature":1,"WeatherProof":2,"WheelchairBarrier":2,"WheelchairAccess":2,"ObstaclesType":null,"Gradient":0.0032479700000000002,"Direction":0,"PositionCertainty":1,"Enabled":1,"DataSource":1,"LevelSource":2,"StreetNameEN":"Reclamation Street","StreetNameTC":"新填地街","ST_CODE":11810,"FloorID":null,"BuildingID_1":null,"BuildingID_2":null,"SiteID":null,"TerminalID":null,"AccessTimeID":null,"CreationDate":1614441600000,"ModifiedBy":"LANDSD","LastAmendmentDate":1655654400000,"Shape__Length":7.1429062579243787}},{"type":"Feature","id":340613,"geometry":{"type":"LineString","coordinates":[[114.16909091257601,22.317485948280304,4.3708999999944353],[114.16911618825716,22.317490646297887,4.4388999999937369]]},"properties":{"OBJECTID":340613,"PedestrianRouteID":240006979,"Location":1,"FeatureType":1,"AliasNameEN":"Portland Street","AliasNameTC":"砵蘭街","CrossingFeature":null,"WeatherProof":2,"WheelchairBarrier":2,"WheelchairAccess":2,"ObstaclesType":null,"Gradient":0.025600399999999999,"Direction":0,"PositionCertainty":1,"Enabled":1,"DataSource":1,"LevelSource":2,"StreetNameEN":"Portland Street","StreetNameTC":"砵蘭街","ST_CODE":11777,"FloorID":null,"BuildingID_1":null,"BuildingID_2":null,"SiteID":null,"TerminalID":null,"AccessTimeID":null,"CreationDate":1614441600000,"ModifiedBy":"LANDSD","LastAmendmentDate":1655654400000,"Shape__Length":2.6556282964796427}},{"type":"Feature","id":340614,"geometry":{"type":"LineString","coordinates":[[114.16900576027258,22.31747012078273,4.361799999998766],[114.16902058578277,22.317472876732392,4.3208000000013271]]},"properties":{"OBJECTID":340614,"PedestrianRouteID":240006980,"Location":1,"FeatureType":1,"AliasNameEN":"Portland Street","AliasNameTC":"砵蘭街","CrossingFeature":null,"WeatherProof":2,"WheelchairBarrier":2,"WheelchairAccess":2,"ObstaclesType":null,"Gradient":0.026315249999999998,"Direction":0,"PositionCertainty":1,"Enabled":1,"DataSource":1,"LevelSource":2,"StreetNameEN":"Portland Street","StreetNameTC":"砵蘭街","ST_CODE":11777,"FloorID":null,"BuildingID_1":null,"BuildingID_2":null,"SiteID":null,"TerminalID":null,"AccessTimeID":null,"CreationDate":1614441600000,"ModifiedBy":"LANDSD","LastAmendmentDate":1655654400000,"Shape__Length":1.5576720640941275}},{"type":"Feature","id":340615,"geometry":{"type":"LineString","coordinates":[[114.16902058578277,22.317472876732392,4.3208000000013271],[114.16909091257601,22.317485948280304,4.3708999999944353]]},"properties":{"OBJECTID":340615,"PedestrianRouteID":240006981,"Location":1,"FeatureType":32,"AliasNameEN":"Portland Street Crossing","AliasNameTC":"砵蘭街過路處","CrossingFeature":1,"WeatherProof":2,"WheelchairBarrier":2,"WheelchairAccess":2,"ObstaclesType":null,"Gradient":0.0067802499999999998,"Direction":0,"PositionCertainty":1,"Enabled":1,"DataSource":1,"LevelSource":2,"StreetNameEN":"Portland Street","StreetNameTC":"砵蘭街","ST_CODE":11777,"FloorID":null,"BuildingID_1":null,"BuildingID_2":null,"SiteID":null,"TerminalID":null,"AccessTimeID":null,"CreationDate":1614441600000,"ModifiedBy":"LANDSD","LastAmendmentDate":1655654400000,"Shape__Length":7.3889894582601681}},{"type":"Feature","id":340616,"geometry":{"type":"LineString","coordinates":[[114.17080474873838,22.318617989959584,5.7620000000024447],[114.1708117703878,22.318586239550388,5.6811000000016065]]},"properties":{"OBJECTID":340616,"PedestrianRouteID":240006982,"Location":1,"FeatureType":1,"AliasNameEN":"Nelson Street","AliasNameTC":"奶路臣街","CrossingFeature":null,"WeatherProof":2,"WheelchairBarrier":2,"WheelchairAccess":2,"ObstaclesType":null,"Gradient":0.022533959999999999,"Direction":0,"PositionCertainty":1,"Enabled":1,"DataSource":1,"LevelSource":2,"StreetNameEN":"Nelson Street","StreetNameTC":"奶路臣街","ST_CODE":11506,"FloorID":null,"BuildingID_1":null,"BuildingID_2":null,"SiteID":null,"TerminalID":null,"AccessTimeID":null,"CreationDate":1614441600000,"ModifiedBy":"LANDSD","LastAmendmentDate":1655654400000,"Shape__Length":3.5895286172957031}},{"type":"Feature","id":340617,"geometry":{"type":"LineString","coordinates":[[114.17081865127088,22.318555130307793,5.7019000000000233],[114.17082218976003,22.3185391300301,5.7201999999961117]]},"properties":{"OBJECTID":340617,"PedestrianRouteID":240006983,"Location":1,"FeatureType":1,"AliasNameEN":"Nelson Street","AliasNameTC":"奶路臣街","CrossingFeature":null,"WeatherProof":2,"WheelchairBarrier":2,"WheelchairAccess":2,"ObstaclesType":null,"Gradient":0.01011628,"Direction":0,"PositionCertainty":1,"Enabled":1,"DataSource":1,"LevelSource":2,"StreetNameEN":"Nelson Street","StreetNameTC":"奶路臣街","ST_CODE":11506,"FloorID":null,"BuildingID_1":null,"BuildingID_2":null,"SiteID":null,"TerminalID":null,"AccessTimeID":null,"CreationDate":1614441600000,"ModifiedBy":"LANDSD","LastAmendmentDate":1655654400000,"Shape__Length":1.8089045000236357}},{"type":"Feature","id":340618,"geometry":{"type":"LineString","coordinates":[[114.1708117703878,22.318586239550388,5.6811000000016065],[114.17081865127088,22.318555130307793,5.7019000000000233]]},"properties":{"OBJECTID":340618,"PedestrianRouteID":240006984,"Location":1,"FeatureType":32,"AliasNameEN":"Nelson Street Crossing","AliasNameTC":"奶路臣街過路處","CrossingFeature":1,"WeatherProof":2,"WheelchairBarrier":2,"WheelchairAccess":2,"ObstaclesType":null,"Gradient":0.0059139600000000002,"Direction":0,"PositionCertainty":1,"Enabled":1,"DataSource":1,"LevelSource":2,"StreetNameEN":"Nelson Street","StreetNameTC":"奶路臣街","ST_CODE":11506,"FloorID":null,"BuildingID_1":null,"BuildingID_2":null,"SiteID":null,"TerminalID":null,"AccessTimeID":null,"CreationDate":1614441600000,"ModifiedBy":"LANDSD","LastAmendmentDate":1655654400000,"Shape__Length":3.5170631858725776}},{"type":"Feature","id":340619,"geometry":{"type":"LineString","coordinates":[[114.16774829219712,22.318886963824912,4.4085000000050059],[114.16777945370096,22.318892634071695,4.595499999995809]]},"properties":{"OBJECTID":340619,"PedestrianRouteID":240006985,"Location":1,"FeatureType":1,"AliasNameEN":"Reclamation Street","AliasNameTC":"新填地街","CrossingFeature":null,"WeatherProof":2,"WheelchairBarrier":2,"WheelchairAccess":2,"ObstaclesType":null,"Gradient":0.057100199999999997,"Direction":0,"PositionCertainty":1,"Enabled":1,"DataSource":1,"LevelSource":2,"StreetNameEN":"Reclamation Street","StreetNameTC":"新填地街","ST_CODE":11810,"FloorID":null,"BuildingID_1":null,"BuildingID_2":null,"SiteID":null,"TerminalID":null,"AccessTimeID":null,"CreationDate":1614441600000,"ModifiedBy":"LANDSD","LastAmendmentDate":1655654400000,"Shape__Length":3.2713849743577055}},{"type":"Feature","id":340620,"geometry":{"type":"LineString","coordinates":[[114.16763241832344,22.318865878078782,4.3187000000034459],[114.16764880562373,22.318868860006901,4.3288999999931548]]},"properties":{"OBJECTID":340620,"PedestrianRouteID":240006986,"Location":1,"FeatureType":1,"AliasNameEN":"Reclamation Street","AliasNameTC":"新填地街","CrossingFeature":null,"WeatherProof":2,"WheelchairBarrier":2,"WheelchairAccess":2,"ObstaclesType":null,"Gradient":0.0059289,"Direction":0,"PositionCertainty":1,"Enabled":1,"DataSource":1,"LevelSource":2,"StreetNameEN":"Reclamation Street","StreetNameTC":"新填地街","ST_CODE":11810,"FloorID":null,"BuildingID_1":null,"BuildingID_2":null,"SiteID":null,"TerminalID":null,"AccessTimeID":null,"CreationDate":1614441600000,"ModifiedBy":"LANDSD","LastAmendmentDate":1655654400000,"Shape__Length":1.7203664060496435}},{"type":"Feature","id":340621,"geometry":{"type":"LineString","coordinates":[[114.16764880562373,22.318868860006901,4.3288999999931548],[114.16774829219712,22.318886963824912,4.4085000000050059]]},"properties":{"OBJECTID":340621,"PedestrianRouteID":240006987,"Location":1,"FeatureType":30,"AliasNameEN":"Reclamation Street Crossing","AliasNameTC":"新填地街過路處","CrossingFeature":1,"WeatherProof":2,"WheelchairBarrier":2,"WheelchairAccess":2,"ObstaclesType":null,"Gradient":0.0076212500000000004,"Direction":0,"PositionCertainty":1,"Enabled":1,"DataSource":1,"LevelSource":2,"StreetNameEN":"Reclamation Street","StreetNameTC":"新填地街","ST_CODE":11810,"FloorID":null,"BuildingID_1":null,"BuildingID_2":null,"SiteID":null,"TerminalID":null,"AccessTimeID":null,"CreationDate":1614441600000,"ModifiedBy":"LANDSD","LastAmendmentDate":1655654400000,"Shape__Length":10.444281537641366}},{"type":"Feature","id":340622,"geometry":{"type":"LineString","coordinates":[[114.16870777191816,22.319328549398602,4.6236000000062631],[114.1687354297472,22.319333501353597,4.6573000000062166]]},"properties":{"OBJECTID":340622,"PedestrianRouteID":240006988,"Location":1,"FeatureType":1,"AliasNameEN":"Argyle Street","AliasNameTC":"亞皆老街","CrossingFeature":null,"WeatherProof":2,"WheelchairBarrier":2,"WheelchairAccess":2,"ObstaclesType":null,"Gradient":0.01161275,"Direction":0,"PositionCertainty":1,"Enabled":1,"DataSource":1,"LevelSource":2,"StreetNameEN":"Argyle Street","StreetNameTC":"亞皆老街","ST_CODE":10027,"FloorID":null,"BuildingID_1":null,"BuildingID_2":null,"SiteID":null,"TerminalID":null,"AccessTimeID":null,"CreationDate":1614441600000,"ModifiedBy":"LANDSD","LastAmendmentDate":1655654400000,"Shape__Length":2.9018517194774796}},{"type":"Feature","id":340623,"geometry":{"type":"LineString","coordinates":[[114.16863674247587,22.31931583074795,4.6698000000033062],[114.16865105473956,22.319318393450192,4.6497999999992317]]},"properties":{"OBJECTID":340623,"PedestrianRouteID":240006989,"Location":1,"FeatureType":1,"AliasNameEN":"Argyle Street","AliasNameTC":"亞皆老街","CrossingFeature":null,"WeatherProof":2,"WheelchairBarrier":2,"WheelchairAccess":2,"ObstaclesType":null,"Gradient":0.01331796,"Direction":0,"PositionCertainty":1,"Enabled":1,"DataSource":1,"LevelSource":2,"StreetNameEN":"Argyle Street","StreetNameTC":"亞皆老街","ST_CODE":10027,"FloorID":null,"BuildingID_1":null,"BuildingID_2":null,"SiteID":null,"TerminalID":null,"AccessTimeID":null,"CreationDate":1614441600000,"ModifiedBy":"LANDSD","LastAmendmentDate":1655654400000,"Shape__Length":1.5016427175550118}},{"type":"Feature","id":340624,"geometry":{"type":"LineString","coordinates":[[114.16865105473956,22.319318393450192,4.6497999999992317],[114.16870777191816,22.319328549398602,4.6236000000062631]]},"properties":{"OBJECTID":340624,"PedestrianRouteID":240006990,"Location":1,"FeatureType":30,"AliasNameEN":"Portland Street Crossing","AliasNameTC":"砵蘭街過路處","CrossingFeature":1,"WeatherProof":2,"WheelchairBarrier":2,"WheelchairAccess":2,"ObstaclesType":null,"Gradient":0.0044027600000000004,"Direction":0,"PositionCertainty":1,"Enabled":1,"DataSource":1,"LevelSource":2,"StreetNameEN":"Portland Street","StreetNameTC":"砵蘭街","ST_CODE":11777,"FloorID":null,"BuildingID_1":null,"BuildingID_2":null,"SiteID":null,"TerminalID":null,"AccessTimeID":null,"CreationDate":1614441600000,"ModifiedBy":"LANDSD","LastAmendmentDate":1655654400000,"Shape__Length":5.9507740202917265}},{"type":"Feature","id":340625,"geometry":{"type":"LineString","coordinates":[[114.17085394467823,22.32102173811607,6.0599999999976717],[114.17087122622907,22.321024714332403,6.0966000000044005]]},"properties":{"OBJECTID":340625,"PedestrianRouteID":240006991,"Location":1,"FeatureType":1,"AliasNameEN":"Mong Kok Road","AliasNameTC":"旺角道","CrossingFeature":null,"WeatherProof":2,"WheelchairBarrier":2,"WheelchairAccess":2,"ObstaclesType":null,"Gradient":0.02021007,"Direction":0,"PositionCertainty":1,"Enabled":1,"DataSource":1,"LevelSource":2,"StreetNameEN":"Mong Kok Road","StreetNameTC":"旺角道","ST_CODE":11454,"FloorID":null,"BuildingID_1":null,"BuildingID_2":null,"SiteID":null,"TerminalID":null,"AccessTimeID":null,"CreationDate":1614441600000,"ModifiedBy":"LANDSD","LastAmendmentDate":1655654400000,"Shape__Length":1.8107320344550704}},{"type":"Feature","id":340626,"geometry":{"type":"LineString","coordinates":[[114.17078965304491,22.321010666033104,6.1511999999929685],[114.17085394467823,22.32102173811607,6.0599999999976717]]},"properties":{"OBJECTID":340626,"PedestrianRouteID":240006992,"Location":1,"FeatureType":32,"AliasNameEN":"Fa Yuen Street Crossing","AliasNameTC":"花園街過路處","CrossingFeature":1,"WeatherProof":1,"WheelchairBarrier":2,"WheelchairAccess":2,"ObstaclesType":null,"Gradient":0.01353763,"Direction":0,"PositionCertainty":1,"Enabled":1,"DataSource":1,"LevelSource":2,"StreetNameEN":"Fa Yuen Street","StreetNameTC":"花園街","ST_CODE":10419,"FloorID":null,"BuildingID_1":null,"BuildingID_2":null,"SiteID":null,"TerminalID":null,"AccessTimeID":null,"CreationDate":1614441600000,"ModifiedBy":"LANDSD","LastAmendmentDate":1655654400000,"Shape__Length":6.7363667396008395}},{"type":"Feature","id":340627,"geometry":{"type":"LineString","coordinates":[[114.17026379616789,22.318518636019522,5.4489999999932479],[114.17026950548063,22.31849149840842,5.3316999999951804]]},"properties":{"OBJECTID":340627,"PedestrianRouteID":240006993,"Location":1,"FeatureType":1,"AliasNameEN":"Nelson Street","AliasNameTC":"奶路臣街","CrossingFeature":null,"WeatherProof":2,"WheelchairBarrier":2,"WheelchairAccess":2,"ObstaclesType":null,"Gradient":0.038288259999999998,"Direction":0,"PositionCertainty":1,"Enabled":1,"DataSource":1,"LevelSource":2,"StreetNameEN":"Nelson Street","StreetNameTC":"奶路臣街","ST_CODE":11506,"FloorID":null,"BuildingID_1":null,"BuildingID_2":null,"SiteID":null,"TerminalID":null,"AccessTimeID":null,"CreationDate":1614441600000,"ModifiedBy":"LANDSD","LastAmendmentDate":1655654400000,"Shape__Length":3.0621050968638439}},{"type":"Feature","id":340628,"geometry":{"type":"LineString","coordinates":[[114.17027737968806,22.31845407232715,5.376300000003539],[114.17028111340643,22.318436326454872,5.3975999999966007]]},"properties":{"OBJECTID":340628,"PedestrianRouteID":240006994,"Location":1,"FeatureType":1,"AliasNameEN":"Nelson Street","AliasNameTC":"奶路臣街","CrossingFeature":null,"WeatherProof":2,"WheelchairBarrier":2,"WheelchairAccess":2,"ObstaclesType":null,"Gradient":0.010636929999999999,"Direction":0,"PositionCertainty":1,"Enabled":1,"DataSource":1,"LevelSource":2,"StreetNameEN":"Nelson Street","StreetNameTC":"奶路臣街","ST_CODE":11506,"FloorID":null,"BuildingID_1":null,"BuildingID_2":null,"SiteID":null,"TerminalID":null,"AccessTimeID":null,"CreationDate":1614441600000,"ModifiedBy":"LANDSD","LastAmendmentDate":1655654400000,"Shape__Length":2.002382373348671}},{"type":"Feature","id":340629,"geometry":{"type":"LineString","coordinates":[[114.17026950548063,22.31849149840842,5.3316999999951804],[114.17027737968806,22.31845407232715,5.376300000003539]]},"properties":{"OBJECTID":340629,"PedestrianRouteID":240006995,"Location":1,"FeatureType":30,"AliasNameEN":"Nelson Street Crossing","AliasNameTC":"奶路臣街過路處","CrossingFeature":1,"WeatherProof":2,"WheelchairBarrier":2,"WheelchairAccess":2,"ObstaclesType":null,"Gradient":0.010560760000000001,"Direction":0,"PositionCertainty":1,"Enabled":1,"DataSource":1,"LevelSource":2,"StreetNameEN":"Nelson Street","StreetNameTC":"奶路臣街","ST_CODE":11506,"FloorID":null,"BuildingID_1":null,"BuildingID_2":null,"SiteID":null,"TerminalID":null,"AccessTimeID":null,"CreationDate":1614441600000,"ModifiedBy":"LANDSD","LastAmendmentDate":1655654400000,"Shape__Length":4.2230243397437901}},{"type":"Feature","id":340630,"geometry":{"type":"LineString","coordinates":[[114.1681565361678,22.319220091403313,4.8215999999956694],[114.16817797250562,22.319223942291046,4.8062000000063563]]},"properties":{"OBJECTID":340630,"PedestrianRouteID":240006996,"Location":1,"FeatureType":1,"AliasNameEN":"Argyle Street","AliasNameTC":"亞皆老街","CrossingFeature":null,"WeatherProof":2,"WheelchairBarrier":2,"WheelchairAccess":2,"ObstaclesType":null,"Gradient":0.0068462699999999998,"Direction":0,"PositionCertainty":1,"Enabled":1,"DataSource":1,"LevelSource":2,"StreetNameEN":"Argyle Street","StreetNameTC":"亞皆老街","ST_CODE":10027,"FloorID":null,"BuildingID_1":null,"BuildingID_2":null,"SiteID":null,"TerminalID":null,"AccessTimeID":null,"CreationDate":1614441600000,"ModifiedBy":"LANDSD","LastAmendmentDate":1655654400000,"Shape__Length":2.2493656101975765}},{"type":"Feature","id":340631,"geometry":{"type":"LineString","coordinates":[[114.16802194518827,22.319195914664508,4.6649000000033993],[114.16803770942245,22.319198746611502,4.7428000000072643]]},"properties":{"OBJECTID":340631,"PedestrianRouteID":240006997,"Location":1,"FeatureType":1,"AliasNameEN":"Argyle Street","AliasNameTC":"亞皆老街","CrossingFeature":null,"WeatherProof":2,"WheelchairBarrier":2,"WheelchairAccess":2,"ObstaclesType":null,"Gradient":0.047058080000000002,"Direction":0,"PositionCertainty":1,"Enabled":1,"DataSource":1,"LevelSource":2,"StreetNameEN":"Argyle Street","StreetNameTC":"亞皆老街","ST_CODE":10027,"FloorID":null,"BuildingID_1":null,"BuildingID_2":null,"SiteID":null,"TerminalID":null,"AccessTimeID":null,"CreationDate":1614441600000,"ModifiedBy":"LANDSD","LastAmendmentDate":1655654400000,"Shape__Length":1.6541789176180415}},{"type":"Feature","id":340632,"geometry":{"type":"LineString","coordinates":[[114.16803770942245,22.319198746611502,4.7428000000072643],[114.1681565361678,22.319220091403313,4.8215999999956694]]},"properties":{"OBJECTID":340632,"PedestrianRouteID":240006998,"Location":1,"FeatureType":30,"AliasNameEN":"Shanghai Street Crossing","AliasNameTC":"上海街過路處","CrossingFeature":1,"WeatherProof":2,"WheelchairBarrier":2,"WheelchairAccess":2,"ObstaclesType":null,"Gradient":0.00631972,"Direction":0,"PositionCertainty":1,"Enabled":1,"DataSource":1,"LevelSource":2,"StreetNameEN":"Shanghai Street","StreetNameTC":"上海街","ST_CODE":11984,"FloorID":null,"BuildingID_1":null,"BuildingID_2":null,"SiteID":null,"TerminalID":null,"AccessTimeID":null,"CreationDate":1614441600000,"ModifiedBy":"LANDSD","LastAmendmentDate":1655654400000,"Shape__Length":12.468738839727866}},{"type":"Feature","id":340633,"geometry":{"type":"LineString","coordinates":[[114.16792259716632,22.320600022985932,4.8776999999972759],[114.1679369956218,22.320530883749797,4.9487999999983003]]},"properties":{"OBJECTID":340633,"PedestrianRouteID":240006999,"Location":1,"FeatureType":1,"AliasNameEN":"Mong Kok Road","AliasNameTC":"旺角道","CrossingFeature":null,"WeatherProof":2,"WheelchairBarrier":2,"WheelchairAccess":2,"ObstaclesType":null,"Gradient":0.0091168800000000008,"Direction":0,"PositionCertainty":1,"Enabled":1,"DataSource":1,"LevelSource":2,"StreetNameEN":"Mong Kok Road","StreetNameTC":"旺角道","ST_CODE":11454,"FloorID":null,"BuildingID_1":null,"BuildingID_2":null,"SiteID":null,"TerminalID":null,"AccessTimeID":null,"CreationDate":1614441600000,"ModifiedBy":"LANDSD","LastAmendmentDate":1655654400000,"Shape__Length":7.7985054611163731}},{"type":"Feature","id":340634,"geometry":{"type":"LineString","coordinates":[[114.16789730867288,22.320727466740635,4.6787999999942258],[114.16792259716632,22.320600022985932,4.8776999999972759]]},"properties":{"OBJECTID":340634,"PedestrianRouteID":240007000,"Location":1,"FeatureType":30,"AliasNameEN":"Mong Kok Road Crossing","AliasNameTC":"旺角道過路處","CrossingFeature":1,"WeatherProof":2,"WheelchairBarrier":2,"WheelchairAccess":2,"ObstaclesType":null,"Gradient":0.013858830000000001,"Direction":0,"PositionCertainty":1,"Enabled":1,"DataSource":1,"LevelSource":2,"StreetNameEN":"Mong Kok Road","StreetNameTC":"旺角道","ST_CODE":11454,"FloorID":null,"BuildingID_1":null,"BuildingID_2":null,"SiteID":null,"TerminalID":null,"AccessTimeID":null,"CreationDate":1614441600000,"ModifiedBy":"LANDSD","LastAmendmentDate":1655654400000,"Shape__Length":14.350937946254646}},{"type":"Feature","id":340635,"geometry":{"type":"LineString","coordinates":[[114.16812947135345,22.320562733354823,4.8178999999945518],[114.16813844935469,22.320564255491309,4.8788999999960652]]},"properties":{"OBJECTID":340635,"PedestrianRouteID":240007001,"Location":1,"FeatureType":1,"AliasNameEN":"Mong Kok Road","AliasNameTC":"旺角道","CrossingFeature":null,"WeatherProof":2,"WheelchairBarrier":2,"WheelchairAccess":2,"ObstaclesType":null,"Gradient":0.064787499999999998,"Direction":0,"PositionCertainty":1,"Enabled":1,"DataSource":1,"LevelSource":2,"StreetNameEN":"Mong Kok Road","StreetNameTC":"旺角道","ST_CODE":11454,"FloorID":null,"BuildingID_1":null,"BuildingID_2":null,"SiteID":null,"TerminalID":null,"AccessTimeID":null,"CreationDate":1614441600000,"ModifiedBy":"LANDSD","LastAmendmentDate":1655654400000,"Shape__Length":0.94022191522070997}},{"type":"Feature","id":340636,"geometry":{"type":"LineString","coordinates":[[114.16806834912596,22.320552373779186,4.8334999999933643],[114.16812947135345,22.320562733354823,4.8178999999945518]]},"properties":{"OBJECTID":340636,"PedestrianRouteID":240007002,"Location":1,"FeatureType":32,"AliasNameEN":"Hong Lok Street Crossing","AliasNameTC":"康樂街過路處","CrossingFeature":1,"WeatherProof":2,"WheelchairBarrier":2,"WheelchairAccess":2,"ObstaclesType":null,"Gradient":0.00243713,"Direction":0,"PositionCertainty":1,"Enabled":1,"DataSource":1,"LevelSource":2,"StreetNameEN":"Hong Lok Street","StreetNameTC":"康樂街","ST_CODE":10809,"FloorID":null,"BuildingID_1":null,"BuildingID_2":null,"SiteID":null,"TerminalID":null,"AccessTimeID":null,"CreationDate":1614441600000,"ModifiedBy":"LANDSD","LastAmendmentDate":1655654400000,"Shape__Length":6.4009684419733128}},{"type":"Feature","id":340637,"geometry":{"type":"LineString","coordinates":[[114.16794173928074,22.318671293230945,4.3251000000018394],[114.16794792867456,22.318672405236367,4.3242999999929452]]},"properties":{"OBJECTID":340637,"PedestrianRouteID":240007003,"Location":2,"FeatureType":6,"AliasNameEN":"Langham Place Hotel Traffic Island","AliasNameTC":"朗豪酒店安全島","CrossingFeature":null,"WeatherProof":1,"WheelchairBarrier":2,"WheelchairAccess":2,"ObstaclesType":null,"Gradient":0.0012317700000000001,"Direction":0,"PositionCertainty":1,"Enabled":1,"DataSource":1,"LevelSource":2,"StreetNameEN":null,"StreetNameTC":null,"ST_CODE":null,"FloorID":null,"BuildingID_1":1108246362,"BuildingID_2":null,"SiteID":1503005285,"TerminalID":1511000412,"AccessTimeID":290000475,"CreationDate":1614441600000,"ModifiedBy":"LANDSD","LastAmendmentDate":1659974400000,"Shape__Length":0.64947278685832899}},{"type":"Feature","id":340638,"geometry":{"type":"LineString","coordinates":[[114.16791139504392,22.318665840697502,4.3285999999934575],[114.16794173928074,22.318671293230945,4.3251000000018394]]},"properties":{"OBJECTID":340638,"PedestrianRouteID":240007004,"Location":2,"FeatureType":32,"AliasNameEN":"Langham Place Hotel Crossing","AliasNameTC":"朗豪酒店過路處","CrossingFeature":5,"WeatherProof":1,"WheelchairBarrier":2,"WheelchairAccess":2,"ObstaclesType":null,"Gradient":0.0010992,"Direction":0,"PositionCertainty":1,"Enabled":1,"DataSource":1,"LevelSource":2,"StreetNameEN":null,"StreetNameTC":null,"ST_CODE":null,"FloorID":null,"BuildingID_1":1108246362,"BuildingID_2":null,"SiteID":1503005285,"TerminalID":1511000412,"AccessTimeID":290000475,"CreationDate":1614441600000,"ModifiedBy":"LANDSD","LastAmendmentDate":1659974400000,"Shape__Length":3.1841340923300088}},{"type":"Feature","id":340639,"geometry":{"type":"LineString","coordinates":[[114.16765117635597,22.321888270603388,5.0004999999946449],[114.16765459295397,22.321872867316703,4.8605999999999767]]},"properties":{"OBJECTID":340639,"PedestrianRouteID":240007005,"Location":1,"FeatureType":1,"AliasNameEN":"Bute Street","AliasNameTC":"弼街","CrossingFeature":null,"WeatherProof":2,"WheelchairBarrier":2,"WheelchairAccess":2,"ObstaclesType":null,"Gradient":0.080159820000000007,"Direction":0,"PositionCertainty":1,"Enabled":1,"DataSource":1,"LevelSource":2,"StreetNameEN":"Bute Street","StreetNameTC":"弼街","ST_CODE":10100,"FloorID":null,"BuildingID_1":null,"BuildingID_2":null,"SiteID":null,"TerminalID":null,"AccessTimeID":null,"CreationDate":1614441600000,"ModifiedBy":"LANDSD","LastAmendmentDate":1690819200000,"Shape__Length":1.7416216875774004}},{"type":"Feature","id":340640,"geometry":{"type":"LineString","coordinates":[[114.16767408958727,22.321784975476564,4.8834999999962747],[114.16768204707273,22.321749101900163,4.9259000000020023]]},"properties":{"OBJECTID":340640,"PedestrianRouteID":240007006,"Location":1,"FeatureType":1,"AliasNameEN":"Bute Street","AliasNameTC":"弼街","CrossingFeature":null,"WeatherProof":2,"WheelchairBarrier":2,"WheelchairAccess":2,"ObstaclesType":null,"Gradient":0.01045283,"Direction":0,"PositionCertainty":1,"Enabled":1,"DataSource":1,"LevelSource":2,"StreetNameEN":"Bute Street","StreetNameTC":"弼街","ST_CODE":10100,"FloorID":null,"BuildingID_1":null,"BuildingID_2":null,"SiteID":null,"TerminalID":null,"AccessTimeID":null,"CreationDate":1614441600000,"ModifiedBy":"LANDSD","LastAmendmentDate":1655654400000,"Shape__Length":4.0561681931669966}},{"type":"Feature","id":340641,"geometry":{"type":"LineString","coordinates":[[114.16765459295397,22.321872867316703,4.8605999999999767],[114.16767408958727,22.321784975476564,4.8834999999962747]]},"properties":{"OBJECTID":340641,"PedestrianRouteID":240007007,"Location":1,"FeatureType":30,"AliasNameEN":"Bute Street Crossing","AliasNameTC":"弼街過路處","CrossingFeature":1,"WeatherProof":2,"WheelchairBarrier":2,"WheelchairAccess":2,"ObstaclesType":null,"Gradient":0.0023043299999999998,"Direction":0,"PositionCertainty":1,"Enabled":1,"DataSource":1,"LevelSource":2,"StreetNameEN":"Bute Street","StreetNameTC":"弼街","ST_CODE":10100,"FloorID":null,"BuildingID_1":null,"BuildingID_2":null,"SiteID":null,"TerminalID":null,"AccessTimeID":null,"CreationDate":1614441600000,"ModifiedBy":"LANDSD","LastAmendmentDate":1655654400000,"Shape__Length":9.9377996276576983}},{"type":"Feature","id":340642,"geometry":{"type":"LineString","coordinates":[[114.16820534893144,22.319211326202833,4.7816000000020722],[114.1682111683007,22.319184952660805,4.7978000000002794]]},"properties":{"OBJECTID":340642,"PedestrianRouteID":240007008,"Location":1,"FeatureType":1,"AliasNameEN":"Argyle Street","AliasNameTC":"亞皆老街","CrossingFeature":null,"WeatherProof":2,"WheelchairBarrier":2,"WheelchairAccess":2,"ObstaclesType":null,"Gradient":0.0054336799999999998,"Direction":0,"PositionCertainty":1,"Enabled":1,"DataSource":1,"LevelSource":2,"StreetNameEN":"Argyle Street","StreetNameTC":"亞皆老街","ST_CODE":10027,"FloorID":null,"BuildingID_1":null,"BuildingID_2":null,"SiteID":null,"TerminalID":null,"AccessTimeID":null,"CreationDate":1614441600000,"ModifiedBy":"LANDSD","LastAmendmentDate":1655654400000,"Shape__Length":2.9813756228061017}},{"type":"Feature","id":340643,"geometry":{"type":"LineString","coordinates":[[114.16824489613327,22.319032102604606,4.6377000000065891],[114.16825052228596,22.319006604114993,4.3513999999995576]]},"properties":{"OBJECTID":340643,"PedestrianRouteID":240007009,"Location":1,"FeatureType":1,"AliasNameEN":"Argyle Street","AliasNameTC":"亞皆老街","CrossingFeature":null,"WeatherProof":2,"WheelchairBarrier":2,"WheelchairAccess":2,"ObstaclesType":null,"Gradient":0.099000400000000002,"Direction":0,"PositionCertainty":1,"Enabled":1,"DataSource":1,"LevelSource":2,"StreetNameEN":"Argyle Street","StreetNameTC":"亞皆老街","ST_CODE":10027,"FloorID":null,"BuildingID_1":null,"BuildingID_2":null,"SiteID":null,"TerminalID":null,"AccessTimeID":null,"CreationDate":1614441600000,"ModifiedBy":"LANDSD","LastAmendmentDate":1655654400000,"Shape__Length":2.8824533315728558}},{"type":"Feature","id":340644,"geometry":{"type":"LineString","coordinates":[[114.1682111683007,22.319184952660805,4.7978000000002794],[114.16824489613327,22.319032102604606,4.6377000000065891]]},"properties":{"OBJECTID":340644,"PedestrianRouteID":240007010,"Location":1,"FeatureType":30,"AliasNameEN":"Argyle Street Crossing","AliasNameTC":"亞皆老街過路處","CrossingFeature":1,"WeatherProof":2,"WheelchairBarrier":2,"WheelchairAccess":2,"ObstaclesType":null,"Gradient":0.00926541,"Direction":0,"PositionCertainty":1,"Enabled":1,"DataSource":1,"LevelSource":2,"StreetNameEN":"Argyle Street","StreetNameTC":"亞皆老街","ST_CODE":10027,"FloorID":null,"BuildingID_1":null,"BuildingID_2":null,"SiteID":null,"TerminalID":null,"AccessTimeID":null,"CreationDate":1614441600000,"ModifiedBy":"LANDSD","LastAmendmentDate":1655654400000,"Shape__Length":17.278835378390355}},{"type":"Feature","id":340645,"geometry":{"type":"LineString","coordinates":[[114.16767970328347,22.320703279708479,4.7675000000017462],[114.16768413839439,22.320682052647033,4.7320999999938067]]},"properties":{"OBJECTID":340645,"PedestrianRouteID":240007011,"Location":1,"FeatureType":1,"AliasNameEN":"Mong Kok Road","AliasNameTC":"旺角道","CrossingFeature":null,"WeatherProof":2,"WheelchairBarrier":2,"WheelchairAccess":2,"ObstaclesType":null,"Gradient":0.01478295,"Direction":0,"PositionCertainty":1,"Enabled":1,"DataSource":1,"LevelSource":2,"StreetNameEN":"Mong Kok Road","StreetNameTC":"旺角道","ST_CODE":11454,"FloorID":null,"BuildingID_1":null,"BuildingID_2":null,"SiteID":null,"TerminalID":null,"AccessTimeID":null,"CreationDate":1614441600000,"ModifiedBy":"LANDSD","LastAmendmentDate":1690819200000,"Shape__Length":2.3945744093764953}},{"type":"Feature","id":340646,"geometry":{"type":"LineString","coordinates":[[114.16768413839439,22.320682052647033,4.7320999999938067],[114.16770776155082,22.320568995469021,4.7280999999929918]]},"properties":{"OBJECTID":340646,"PedestrianRouteID":240007012,"Location":1,"FeatureType":30,"AliasNameEN":"Mong Kok Road Crossing","AliasNameTC":"旺角道過路處","CrossingFeature":1,"WeatherProof":2,"WheelchairBarrier":2,"WheelchairAccess":2,"ObstaclesType":null,"Gradient":0.00031363000000000002,"Direction":0,"PositionCertainty":1,"Enabled":1,"DataSource":1,"LevelSource":2,"StreetNameEN":"Mong Kok Road","StreetNameTC":"旺角道","ST_CODE":11454,"FloorID":null,"BuildingID_1":null,"BuildingID_2":null,"SiteID":null,"TerminalID":null,"AccessTimeID":null,"CreationDate":1614441600000,"ModifiedBy":"LANDSD","LastAmendmentDate":1655654400000,"Shape__Length":12.753738897679769}},{"type":"Feature","id":340647,"geometry":{"type":"LineString","coordinates":[[114.16840809363819,22.317336263723089,4.0521000000007916],[114.16841089646053,22.317323751976957,4.0265999999974156]]},"properties":{"OBJECTID":340647,"PedestrianRouteID":240007013,"Location":1,"FeatureType":1,"AliasNameEN":"Shanghai Street","AliasNameTC":"上海街","CrossingFeature":null,"WeatherProof":2,"WheelchairBarrier":2,"WheelchairAccess":2,"ObstaclesType":null,"Gradient":0.018015949999999999,"Direction":0,"PositionCertainty":1,"Enabled":1,"DataSource":1,"LevelSource":2,"StreetNameEN":"Shanghai Street","StreetNameTC":"上海街","ST_CODE":11984,"FloorID":null,"BuildingID_1":null,"BuildingID_2":null,"SiteID":null,"TerminalID":null,"AccessTimeID":null,"CreationDate":1614441600000,"ModifiedBy":"LANDSD","LastAmendmentDate":1655654400000,"Shape__Length":1.4152589663633313}},{"type":"Feature","id":340648,"geometry":{"type":"LineString","coordinates":[[114.16842972496686,22.317239712414352,3.9649000000063097],[114.16843302679747,22.317224976457581,4.0053000000043539]]},"properties":{"OBJECTID":340648,"PedestrianRouteID":240007014,"Location":1,"FeatureType":1,"AliasNameEN":"Shanghai Street","AliasNameTC":"上海街","CrossingFeature":null,"WeatherProof":2,"WheelchairBarrier":2,"WheelchairAccess":2,"ObstaclesType":null,"Gradient":0.02423237,"Direction":0,"PositionCertainty":1,"Enabled":1,"DataSource":1,"LevelSource":2,"StreetNameEN":"Shanghai Street","StreetNameTC":"上海街","ST_CODE":11984,"FloorID":null,"BuildingID_1":null,"BuildingID_2":null,"SiteID":null,"TerminalID":null,"AccessTimeID":null,"CreationDate":1614441600000,"ModifiedBy":"LANDSD","LastAmendmentDate":1655654400000,"Shape__Length":1.6668650960883376}},{"type":"Feature","id":340649,"geometry":{"type":"LineString","coordinates":[[114.16841089646053,22.317323751976957,4.0265999999974156],[114.16842972496686,22.317239712414352,3.9649000000063097]]},"properties":{"OBJECTID":340649,"PedestrianRouteID":240007015,"Location":1,"FeatureType":30,"AliasNameEN":"Shantung Street Crossing","AliasNameTC":"山東街過路處","CrossingFeature":1,"WeatherProof":2,"WheelchairBarrier":2,"WheelchairAccess":2,"ObstaclesType":null,"Gradient":0.00649045,"Direction":0,"PositionCertainty":1,"Enabled":1,"DataSource":1,"LevelSource":2,"StreetNameEN":"Shantung Street","StreetNameTC":"山東街","ST_CODE":11986,"FloorID":null,"BuildingID_1":null,"BuildingID_2":null,"SiteID":null,"TerminalID":null,"AccessTimeID":null,"CreationDate":1614441600000,"ModifiedBy":"LANDSD","LastAmendmentDate":1655654400000,"Shape__Length":9.5061364808796469}},{"type":"Feature","id":340655,"geometry":{"type":"LineString","coordinates":[[114.1709327585084,22.320641367917343,5.8926999999966938],[114.17094826186931,22.320644236596848,6.0773999999946682]]},"properties":{"OBJECTID":340655,"PedestrianRouteID":240007021,"Location":1,"FeatureType":1,"AliasNameEN":"Fa Yuen Street","AliasNameTC":"花園街","CrossingFeature":null,"WeatherProof":3,"WheelchairBarrier":2,"WheelchairAccess":2,"ObstaclesType":null,"Gradient":0.11292992,"Direction":0,"PositionCertainty":1,"Enabled":1,"DataSource":1,"LevelSource":2,"StreetNameEN":"Fa Yuen Street","StreetNameTC":"花園街","ST_CODE":10419,"FloorID":null,"BuildingID_1":null,"BuildingID_2":null,"SiteID":null,"TerminalID":null,"AccessTimeID":null,"CreationDate":1614441600000,"ModifiedBy":"LANDSD","LastAmendmentDate":1655654400000,"Shape__Length":1.6285690188011273}},{"type":"Feature","id":340656,"geometry":{"type":"LineString","coordinates":[[114.17079710000246,22.320616262392871,5.8120999999955529],[114.17081451931753,22.320619486058764,5.9521999999997206]]},"properties":{"OBJECTID":340656,"PedestrianRouteID":240007022,"Location":1,"FeatureType":1,"AliasNameEN":"Fa Yuen Street","AliasNameTC":"花園街","CrossingFeature":null,"WeatherProof":2,"WheelchairBarrier":2,"WheelchairAccess":2,"ObstaclesType":null,"Gradient":0.076418940000000005,"Direction":0,"PositionCertainty":1,"Enabled":1,"DataSource":1,"LevelSource":2,"StreetNameEN":"Fa Yuen Street","StreetNameTC":"花園街","ST_CODE":10419,"FloorID":null,"BuildingID_1":null,"BuildingID_2":null,"SiteID":null,"TerminalID":null,"AccessTimeID":null,"CreationDate":1614441600000,"ModifiedBy":"LANDSD","LastAmendmentDate":1690819200000,"Shape__Length":1.8298430809516406}},{"type":"Feature","id":340657,"geometry":{"type":"LineString","coordinates":[[114.17081451931753,22.320619486058764,5.9521999999997206],[114.1709327585084,22.320641367917343,5.8926999999966938]]},"properties":{"OBJECTID":340657,"PedestrianRouteID":240007023,"Location":1,"FeatureType":33,"AliasNameEN":"Fa Yuen Street Crossing","AliasNameTC":"花園街過路處","CrossingFeature":1,"WeatherProof":2,"WheelchairBarrier":2,"WheelchairAccess":2,"ObstaclesType":null,"Gradient":0.0047903700000000004,"Direction":0,"PositionCertainty":1,"Enabled":1,"DataSource":1,"LevelSource":2,"StreetNameEN":"Fa Yuen Street","StreetNameTC":"花園街","ST_CODE":10419,"FloorID":null,"BuildingID_1":null,"BuildingID_2":null,"SiteID":null,"TerminalID":null,"AccessTimeID":null,"CreationDate":1614441600000,"ModifiedBy":"LANDSD","LastAmendmentDate":1655654400000,"Shape__Length":12.420650191189717}},{"type":"Feature","id":340658,"geometry":{"type":"LineString","coordinates":[[114.17102045859519,22.320639940637616,5.8770999999978812],[114.17102269338773,22.320628852955569,5.8013000000064494]]},"properties":{"OBJECTID":340658,"PedestrianRouteID":240007024,"Location":1,"FeatureType":1,"AliasNameEN":"Fife Street","AliasNameTC":"快富街","CrossingFeature":null,"WeatherProof":2,"WheelchairBarrier":2,"WheelchairAccess":2,"ObstaclesType":null,"Gradient":0.060604829999999998,"Direction":0,"PositionCertainty":1,"Enabled":1,"DataSource":1,"LevelSource":2,"StreetNameEN":"Fife Street","StreetNameTC":"快富街","ST_CODE":10485,"FloorID":null,"BuildingID_1":null,"BuildingID_2":null,"SiteID":null,"TerminalID":null,"AccessTimeID":null,"CreationDate":1614441600000,"ModifiedBy":"LANDSD","LastAmendmentDate":1655654400000,"Shape__Length":1.2491936905870507}},{"type":"Feature","id":340659,"geometry":{"type":"LineString","coordinates":[[114.17103628367587,22.320561424712441,5.8803999999945518],[114.17103901454662,22.320547873501972,5.9902000000001863]]},"properties":{"OBJECTID":340659,"PedestrianRouteID":240007025,"Location":1,"FeatureType":1,"AliasNameEN":"Fife Street","AliasNameTC":"快富街","CrossingFeature":null,"WeatherProof":2,"WheelchairBarrier":2,"WheelchairAccess":2,"ObstaclesType":null,"Gradient":0.071794410000000003,"Direction":0,"PositionCertainty":1,"Enabled":1,"DataSource":1,"LevelSource":2,"StreetNameEN":"Fife Street","StreetNameTC":"快富街","ST_CODE":10485,"FloorID":null,"BuildingID_1":null,"BuildingID_2":null,"SiteID":null,"TerminalID":null,"AccessTimeID":null,"CreationDate":1614441600000,"ModifiedBy":"LANDSD","LastAmendmentDate":1655654400000,"Shape__Length":1.5267383688416536}},{"type":"Feature","id":340660,"geometry":{"type":"LineString","coordinates":[[114.17102269338773,22.320628852955569,5.8013000000064494],[114.17103628367587,22.320561424712441,5.8803999999945518]]},"properties":{"OBJECTID":340660,"PedestrianRouteID":240007026,"Location":1,"FeatureType":33,"AliasNameEN":"Fife Street Crossing","AliasNameTC":"快富街過路處","CrossingFeature":1,"WeatherProof":2,"WheelchairBarrier":2,"WheelchairAccess":2,"ObstaclesType":null,"Gradient":0.01041191,"Direction":0,"PositionCertainty":1,"Enabled":1,"DataSource":1,"LevelSource":2,"StreetNameEN":"Fife Street","StreetNameTC":"快富街","ST_CODE":10485,"FloorID":null,"BuildingID_1":null,"BuildingID_2":null,"SiteID":null,"TerminalID":null,"AccessTimeID":null,"CreationDate":1614441600000,"ModifiedBy":"LANDSD","LastAmendmentDate":1655654400000,"Shape__Length":7.5967972797220114}},{"type":"Feature","id":340668,"geometry":{"type":"LineString","coordinates":[[114.17027024901422,22.320878540018732,5.4559000000008382],[114.17025281899441,22.32087549600282,5.6097000000008848]]},"properties":{"OBJECTID":340668,"PedestrianRouteID":240007034,"Location":1,"FeatureType":1,"AliasNameEN":"Tung Choi Street","AliasNameTC":"通菜街","CrossingFeature":null,"WeatherProof":2,"WheelchairBarrier":2,"WheelchairAccess":2,"ObstaclesType":null,"Gradient":0.083976980000000007,"Direction":0,"PositionCertainty":1,"Enabled":1,"DataSource":1,"LevelSource":2,"StreetNameEN":"Tung Choi Street","StreetNameTC":"通菜街","ST_CODE":12513,"FloorID":null,"BuildingID_1":null,"BuildingID_2":null,"SiteID":null,"TerminalID":null,"AccessTimeID":null,"CreationDate":1614441600000,"ModifiedBy":"LANDSD","LastAmendmentDate":1655654400000,"Shape__Length":1.8271471317629244}},{"type":"Feature","id":340669,"geometry":{"type":"LineString","coordinates":[[114.17025281899441,22.32087549600282,5.6097000000008848],[114.17018835665766,22.320864235837995,5.5227000000013504]]},"properties":{"OBJECTID":340669,"PedestrianRouteID":240007035,"Location":1,"FeatureType":32,"AliasNameEN":"Tung Choi Street Crossing","AliasNameTC":"通菜街過路處","CrossingFeature":1,"WeatherProof":2,"WheelchairBarrier":2,"WheelchairAccess":2,"ObstaclesType":null,"Gradient":0.012873910000000001,"Direction":0,"PositionCertainty":1,"Enabled":1,"DataSource":1,"LevelSource":2,"StreetNameEN":"Tung Choi Street","StreetNameTC":"通菜街","ST_CODE":12513,"FloorID":null,"BuildingID_1":null,"BuildingID_2":null,"SiteID":null,"TerminalID":null,"AccessTimeID":null,"CreationDate":1614441600000,"ModifiedBy":"LANDSD","LastAmendmentDate":1655654400000,"Shape__Length":6.7574798415741144}},{"type":"Feature","id":340670,"geometry":{"type":"LineString","coordinates":[[114.17037070712966,22.320956819423657,5.661099999997532],[114.17037501755505,22.320936654281862,5.500899999999092]]},"properties":{"OBJECTID":340670,"PedestrianRouteID":240007036,"Location":1,"FeatureType":1,"AliasNameEN":"Mong Kok Road","AliasNameTC":"旺角道","CrossingFeature":null,"WeatherProof":2,"WheelchairBarrier":2,"WheelchairAccess":2,"ObstaclesType":null,"Gradient":0.0702488,"Direction":0,"PositionCertainty":1,"Enabled":1,"DataSource":1,"LevelSource":2,"StreetNameEN":"Mong Kok Road","StreetNameTC":"旺角道","ST_CODE":11454,"FloorID":null,"BuildingID_1":null,"BuildingID_2":null,"SiteID":null,"TerminalID":null,"AccessTimeID":null,"CreationDate":1614441600000,"ModifiedBy":"LANDSD","LastAmendmentDate":1655654400000,"Shape__Length":2.2767136412626976}},{"type":"Feature","id":340671,"geometry":{"type":"LineString","coordinates":[[114.16898957267625,22.321035921593769,5.1619000000064261],[114.16910790515189,22.321057067890177,4.9456999999965774]]},"properties":{"OBJECTID":340671,"PedestrianRouteID":240007037,"Location":1,"FeatureType":30,"AliasNameEN":"Nathan Road Crossing","AliasNameTC":"彌敦道過路處","CrossingFeature":1,"WeatherProof":2,"WheelchairBarrier":2,"WheelchairAccess":2,"ObstaclesType":null,"Gradient":0.01741347,"Direction":0,"PositionCertainty":1,"Enabled":1,"DataSource":1,"LevelSource":2,"StreetNameEN":"Nathan Road","StreetNameTC":"彌敦道","ST_CODE":11504,"FloorID":null,"BuildingID_1":null,"BuildingID_2":null,"SiteID":null,"TerminalID":null,"AccessTimeID":null,"CreationDate":1614441600000,"ModifiedBy":"LANDSD","LastAmendmentDate":1655654400000,"Shape__Length":12.414420240098714}},{"type":"Feature","id":340672,"geometry":{"type":"LineString","coordinates":[[114.16897586269818,22.320986342073844,5.0393000000040047],[114.16898657033931,22.320988215537106,5.1214000000036322],[114.16897732275275,22.321033731985271,5.1404999999940628],[114.16898957267625,22.321035921593769,5.1619000000064261]]},"properties":{"OBJECTID":340672,"PedestrianRouteID":240007038,"Location":1,"FeatureType":6,"AliasNameEN":"Nathan Road Traffic Island","AliasNameTC":"彌敦道安全島","CrossingFeature":1,"WeatherProof":2,"WheelchairBarrier":2,"WheelchairAccess":2,"ObstaclesType":null,"Gradient":0.016264540000000001,"Direction":0,"PositionCertainty":1,"Enabled":1,"DataSource":1,"LevelSource":2,"StreetNameEN":"Nathan Road","StreetNameTC":"彌敦道","ST_CODE":11504,"FloorID":null,"BuildingID_1":null,"BuildingID_2":null,"SiteID":null,"TerminalID":null,"AccessTimeID":null,"CreationDate":1614441600000,"ModifiedBy":"LANDSD","LastAmendmentDate":1655654400000,"Shape__Length":7.5372038814149516}},{"type":"Feature","id":340673,"geometry":{"type":"LineString","coordinates":[[114.16888346174626,22.320970174616633,5.0016000000032363],[114.16891170129962,22.320975115732445,4.7917000000015832]]},"properties":{"OBJECTID":340673,"PedestrianRouteID":240007039,"Location":1,"FeatureType":1,"AliasNameEN":"Nathan Road","AliasNameTC":"彌敦道","CrossingFeature":null,"WeatherProof":2,"WheelchairBarrier":2,"WheelchairAccess":2,"ObstaclesType":null,"Gradient":0.070782390000000001,"Direction":0,"PositionCertainty":1,"Enabled":1,"DataSource":1,"LevelSource":12,"StreetNameEN":"Nathan Road","StreetNameTC":"彌敦道","ST_CODE":11504,"FloorID":null,"BuildingID_1":null,"BuildingID_2":null,"SiteID":null,"TerminalID":null,"AccessTimeID":null,"CreationDate":1614441600000,"ModifiedBy":"LANDSD","LastAmendmentDate":1642608000000,"Shape__Length":2.9604728077197335}},{"type":"Feature","id":340674,"geometry":{"type":"LineString","coordinates":[[114.16891170129962,22.320975115732445,4.7917000000015832],[114.16897586269818,22.320986342073844,5.0393000000040047]]},"properties":{"OBJECTID":340674,"PedestrianRouteID":240007040,"Location":1,"FeatureType":30,"AliasNameEN":"Nathan Road Crossing","AliasNameTC":"彌敦道過路處","CrossingFeature":1,"WeatherProof":2,"WheelchairBarrier":2,"WheelchairAccess":2,"ObstaclesType":null,"Gradient":0.036794050000000002,"Direction":0,"PositionCertainty":1,"Enabled":1,"DataSource":1,"LevelSource":12,"StreetNameEN":"Nathan Road","StreetNameTC":"彌敦道","ST_CODE":11504,"FloorID":null,"BuildingID_1":null,"BuildingID_2":null,"SiteID":null,"TerminalID":null,"AccessTimeID":null,"CreationDate":1614441600000,"ModifiedBy":"LANDSD","LastAmendmentDate":1642521600000,"Shape__Length":6.7263111802464772}},{"type":"Feature","id":340675,"geometry":{"type":"LineString","coordinates":[[114.17095761200015,22.320521359461697,5.850800000000163],[114.17097245728904,22.320523972549317,5.8747000000003027]]},"properties":{"OBJECTID":340675,"PedestrianRouteID":240007041,"Location":1,"FeatureType":1,"AliasNameEN":"Fa Yuen Street","AliasNameTC":"花園街","CrossingFeature":null,"WeatherProof":2,"WheelchairBarrier":2,"WheelchairAccess":2,"ObstaclesType":null,"Gradient":0.015352579999999999,"Direction":0,"PositionCertainty":1,"Enabled":1,"DataSource":1,"LevelSource":2,"StreetNameEN":"Fa Yuen Street","StreetNameTC":"花園街","ST_CODE":10419,"FloorID":null,"BuildingID_1":null,"BuildingID_2":null,"SiteID":null,"TerminalID":null,"AccessTimeID":null,"CreationDate":1614441600000,"ModifiedBy":"LANDSD","LastAmendmentDate":1655654400000,"Shape__Length":1.5566196509966035}},{"type":"Feature","id":340676,"geometry":{"type":"LineString","coordinates":[[114.17083965142211,22.320500598327865,5.8706999999994878],[114.17095761200015,22.320521359461697,5.850800000000163]]},"properties":{"OBJECTID":340676,"PedestrianRouteID":240007042,"Location":1,"FeatureType":32,"AliasNameEN":"Fa Yuen Street Crossing","AliasNameTC":"花園街過路處","CrossingFeature":1,"WeatherProof":2,"WheelchairBarrier":2,"WheelchairAccess":2,"ObstaclesType":null,"Gradient":0.00160888,"Direction":0,"PositionCertainty":1,"Enabled":1,"DataSource":1,"LevelSource":2,"StreetNameEN":"Fa Yuen Street","StreetNameTC":"花園街","ST_CODE":10419,"FloorID":null,"BuildingID_1":null,"BuildingID_2":null,"SiteID":null,"TerminalID":null,"AccessTimeID":null,"CreationDate":1614441600000,"ModifiedBy":"LANDSD","LastAmendmentDate":1655654400000,"Shape__Length":12.368841247768716}},{"type":"Feature","id":340677,"geometry":{"type":"LineString","coordinates":[[114.17159016697681,22.319577721123462,5.9679999999934807],[114.17162103373056,22.319583312055869,5.9220000000059372]]},"properties":{"OBJECTID":340677,"PedestrianRouteID":240007043,"Location":1,"FeatureType":1,"AliasNameEN":"Sai Yee Street","AliasNameTC":"洗衣街","CrossingFeature":null,"WeatherProof":2,"WheelchairBarrier":2,"WheelchairAccess":2,"ObstaclesType":null,"Gradient":0.014197100000000001,"Direction":0,"PositionCertainty":1,"Enabled":1,"DataSource":1,"LevelSource":2,"StreetNameEN":"Sai Yee Street","StreetNameTC":"洗衣街","ST_CODE":11861,"FloorID":null,"BuildingID_1":null,"BuildingID_2":null,"SiteID":null,"TerminalID":null,"AccessTimeID":null,"CreationDate":1614441600000,"ModifiedBy":"LANDSD","LastAmendmentDate":1655654400000,"Shape__Length":3.239881639913651}},{"type":"Feature","id":340678,"geometry":{"type":"LineString","coordinates":[[114.17162103373056,22.319583312055869,5.9220000000059372],[114.17168897320941,22.319595616602797,6.0194999999948777]]},"properties":{"OBJECTID":340678,"PedestrianRouteID":240007044,"Location":1,"FeatureType":30,"AliasNameEN":"Sai Yee Street Crossing","AliasNameTC":"洗衣街過路處","CrossingFeature":1,"WeatherProof":2,"WheelchairBarrier":2,"WheelchairAccess":2,"ObstaclesType":null,"Gradient":0.013671590000000001,"Direction":0,"PositionCertainty":1,"Enabled":1,"DataSource":1,"LevelSource":2,"StreetNameEN":"Sai Yee Street","StreetNameTC":"洗衣街","ST_CODE":11861,"FloorID":null,"BuildingID_1":null,"BuildingID_2":null,"SiteID":null,"TerminalID":null,"AccessTimeID":null,"CreationDate":1614441600000,"ModifiedBy":"LANDSD","LastAmendmentDate":1655654400000,"Shape__Length":7.1311332435814139}},{"type":"Feature","id":340680,"geometry":{"type":"LineString","coordinates":[[114.16796942241234,22.318349798327635,4.3187000000034459],[114.16797583501983,22.318351036772569,4.3176999999996042]]},"properties":{"OBJECTID":340680,"PedestrianRouteID":240007046,"Location":2,"FeatureType":6,"AliasNameEN":"Langham Place Hotel Traffic Island","AliasNameTC":"朗豪酒店安全島","CrossingFeature":null,"WeatherProof":1,"WheelchairBarrier":2,"WheelchairAccess":2,"ObstaclesType":null,"Gradient":0.0014819799999999999,"Direction":0,"PositionCertainty":1,"Enabled":1,"DataSource":1,"LevelSource":2,"StreetNameEN":null,"StreetNameTC":null,"ST_CODE":null,"FloorID":null,"BuildingID_1":1108246362,"BuildingID_2":null,"SiteID":null,"TerminalID":1511000412,"AccessTimeID":290000475,"CreationDate":1614441600000,"ModifiedBy":"LANDSD","LastAmendmentDate":1689609600000,"Shape__Length":0.67477470302189169}},{"type":"Feature","id":340681,"geometry":{"type":"LineString","coordinates":[[114.16797583501983,22.318351036772569,4.3176999999996042],[114.16800547452611,22.318356758367539,4.3127999999996973]]},"properties":{"OBJECTID":340681,"PedestrianRouteID":240007047,"Location":2,"FeatureType":32,"AliasNameEN":"Langham Place Hotel Crossing","AliasNameTC":"朗豪酒店過路處","CrossingFeature":5,"WeatherProof":1,"WheelchairBarrier":2,"WheelchairAccess":2,"ObstaclesType":null,"Gradient":0.0015711200000000001,"Direction":0,"PositionCertainty":1,"Enabled":1,"DataSource":1,"LevelSource":2,"StreetNameEN":null,"StreetNameTC":null,"ST_CODE":null,"FloorID":null,"BuildingID_1":1108246362,"BuildingID_2":null,"SiteID":null,"TerminalID":1511000412,"AccessTimeID":290000475,"CreationDate":1614441600000,"ModifiedBy":"LANDSD","LastAmendmentDate":1659974400000,"Shape__Length":3.1187962421508222}},{"type":"Feature","id":340682,"geometry":{"type":"LineString","coordinates":[[114.16800547452611,22.318356758367539,4.3127999999996973],[114.16801159013743,22.318357938999075,4.3117999999958556]]},"properties":{"OBJECTID":340682,"PedestrianRouteID":240007048,"Location":2,"FeatureType":6,"AliasNameEN":"Langham Place Hotel Traffic Island","AliasNameTC":"朗豪酒店安全島","CrossingFeature":null,"WeatherProof":1,"WheelchairBarrier":2,"WheelchairAccess":2,"ObstaclesType":null,"Gradient":0.00155397,"Direction":0,"PositionCertainty":1,"Enabled":1,"DataSource":1,"LevelSource":2,"StreetNameEN":null,"StreetNameTC":null,"ST_CODE":null,"FloorID":null,"BuildingID_1":1108246362,"BuildingID_2":null,"SiteID":null,"TerminalID":1511000412,"AccessTimeID":290000475,"CreationDate":1614441600000,"ModifiedBy":"LANDSD","LastAmendmentDate":1659974400000,"Shape__Length":0.64351262669984965}},{"type":"Feature","id":340683,"geometry":{"type":"LineString","coordinates":[[114.17000988702576,22.319311101784116,5.0304000000032829],[114.17003993546196,22.319316345305339,5.0975000000034925],[114.1700727190179,22.319322066653466,5.1708000000071479]]},"properties":{"OBJECTID":340683,"PedestrianRouteID":240007049,"Location":1,"FeatureType":1,"AliasNameEN":"Mong Kok Station","AliasNameTC":"旺角站","CrossingFeature":null,"WeatherProof":2,"WheelchairBarrier":2,"WheelchairAccess":2,"ObstaclesType":null,"Gradient":0.02131365,"Direction":0,"PositionCertainty":1,"Enabled":1,"DataSource":1,"LevelSource":2,"StreetNameEN":"Argyle Street","StreetNameTC":"亞皆老街","ST_CODE":10027,"FloorID":null,"BuildingID_1":null,"BuildingID_2":null,"SiteID":null,"TerminalID":1511000291,"AccessTimeID":null,"CreationDate":1614441600000,"ModifiedBy":"LANDSD","LastAmendmentDate":1690819200000,"Shape__Length":6.5864292431314695}},{"type":"Feature","id":340684,"geometry":{"type":"LineString","coordinates":[[114.16992869734455,22.319296933861253,4.960399999996298],[114.16994055695757,22.319299003274811,5.0124999999970896]]},"properties":{"OBJECTID":340684,"PedestrianRouteID":240007050,"Location":1,"FeatureType":1,"AliasNameEN":"Argyle Street","AliasNameTC":"亞皆老街","CrossingFeature":null,"WeatherProof":2,"WheelchairBarrier":2,"WheelchairAccess":2,"ObstaclesType":null,"Gradient":0.041883740000000003,"Direction":0,"PositionCertainty":1,"Enabled":1,"DataSource":1,"LevelSource":2,"StreetNameEN":"Argyle Street","StreetNameTC":"亞皆老街","ST_CODE":10027,"FloorID":null,"BuildingID_1":null,"BuildingID_2":null,"SiteID":null,"TerminalID":null,"AccessTimeID":null,"CreationDate":1614441600000,"ModifiedBy":"LANDSD","LastAmendmentDate":1655654400000,"Shape__Length":1.2431920288639629}},{"type":"Feature","id":340685,"geometry":{"type":"LineString","coordinates":[[114.16994055695757,22.319299003274811,5.0124999999970896],[114.17000988702576,22.319311101784116,5.0304000000032829]]},"properties":{"OBJECTID":340685,"PedestrianRouteID":240007051,"Location":1,"FeatureType":30,"AliasNameEN":"Sai Yeung Choi Street South Crossing","AliasNameTC":"西洋菜南街過路處","CrossingFeature":1,"WeatherProof":2,"WheelchairBarrier":2,"WheelchairAccess":2,"ObstaclesType":null,"Gradient":0.00246298,"Direction":0,"PositionCertainty":1,"Enabled":1,"DataSource":1,"LevelSource":2,"StreetNameEN":"Sai Yeung Choi Street South","StreetNameTC":"西洋菜南街","ST_CODE":11864,"FloorID":null,"BuildingID_1":null,"BuildingID_2":null,"SiteID":null,"TerminalID":null,"AccessTimeID":null,"CreationDate":1614441600000,"ModifiedBy":"LANDSD","LastAmendmentDate":1655654400000,"Shape__Length":7.2675903827981099}},{"type":"Feature","id":340691,"geometry":{"type":"LineString","coordinates":[[114.16796325633172,22.318348607758089,4.3196999999927357],[114.16796942241234,22.318349798327635,4.3187000000034459]]},"properties":{"OBJECTID":340691,"PedestrianRouteID":240007057,"Location":2,"FeatureType":6,"AliasNameEN":"Langham Place Hotel Traffic Island","AliasNameTC":"朗豪酒店安全島","CrossingFeature":null,"WeatherProof":1,"WheelchairBarrier":2,"WheelchairAccess":2,"ObstaclesType":null,"Gradient":0.0015412399999999999,"Direction":0,"PositionCertainty":1,"Enabled":1,"DataSource":1,"LevelSource":2,"StreetNameEN":null,"StreetNameTC":null,"ST_CODE":null,"FloorID":null,"BuildingID_1":1108246362,"BuildingID_2":null,"SiteID":null,"TerminalID":1511000412,"AccessTimeID":290000475,"CreationDate":1614441600000,"ModifiedBy":"LANDSD","LastAmendmentDate":1689609600000,"Shape__Length":0.64882765828286804}},{"type":"Feature","id":340692,"geometry":{"type":"LineString","coordinates":[[114.16793432438003,22.318343022556217,4.3245000000024447],[114.16796325633172,22.318348607758089,4.3196999999927357]]},"properties":{"OBJECTID":340692,"PedestrianRouteID":240007058,"Location":2,"FeatureType":32,"AliasNameEN":"Langham Place Hotel Crossing","AliasNameTC":"朗豪酒店過路處","CrossingFeature":5,"WeatherProof":1,"WheelchairBarrier":2,"WheelchairAccess":2,"ObstaclesType":null,"Gradient":0.0015766899999999999,"Direction":0,"PositionCertainty":1,"Enabled":1,"DataSource":1,"LevelSource":2,"StreetNameEN":null,"StreetNameTC":null,"ST_CODE":null,"FloorID":null,"BuildingID_1":1108246362,"BuildingID_2":null,"SiteID":null,"TerminalID":1511000412,"AccessTimeID":290000475,"CreationDate":1614441600000,"ModifiedBy":"LANDSD","LastAmendmentDate":1659974400000,"Shape__Length":3.044348813680362}},{"type":"Feature","id":340693,"geometry":{"type":"LineString","coordinates":[[114.16921625013832,22.319341943867801,4.7467000000033295],[114.16923053528376,22.319271962849136,4.7465999999985797],[114.16923904578282,22.319230273508097,4.74649999999383]]},"properties":{"OBJECTID":340693,"PedestrianRouteID":240007059,"Location":1,"FeatureType":32,"AliasNameEN":"Argyle Street Crossing","AliasNameTC":"亞皆老街過路處","CrossingFeature":1,"WeatherProof":2,"WheelchairBarrier":2,"WheelchairAccess":2,"ObstaclesType":null,"Gradient":1.5889999999999999e-05,"Direction":0,"PositionCertainty":1,"Enabled":1,"DataSource":1,"LevelSource":2,"StreetNameEN":"Argyle Street","StreetNameTC":"亞皆老街","ST_CODE":10027,"FloorID":null,"BuildingID_1":null,"BuildingID_2":null,"SiteID":null,"TerminalID":null,"AccessTimeID":null,"CreationDate":1614441600000,"ModifiedBy":"LANDSD","LastAmendmentDate":1690819200000,"Shape__Length":12.586841811148407}},{"type":"Feature","id":340694,"geometry":{"type":"LineString","coordinates":[[114.169842862054,22.320440223235767,5.3730000000068685],[114.1698218069325,22.320436363554538,5.185299999997369]]},"properties":{"OBJECTID":340694,"PedestrianRouteID":240007060,"Location":1,"FeatureType":1,"AliasNameEN":"Sai Yeung Choi Street South","AliasNameTC":"西洋菜南街","CrossingFeature":null,"WeatherProof":2,"WheelchairBarrier":2,"WheelchairAccess":2,"ObstaclesType":null,"Gradient":0.084691279999999994,"Direction":0,"PositionCertainty":1,"Enabled":1,"DataSource":1,"LevelSource":2,"StreetNameEN":"Sai Yeung Choi Street South","StreetNameTC":"西洋菜南街","ST_CODE":11864,"FloorID":null,"BuildingID_1":null,"BuildingID_2":null,"SiteID":null,"TerminalID":null,"AccessTimeID":null,"CreationDate":1614441600000,"ModifiedBy":"LANDSD","LastAmendmentDate":1655654400000,"Shape__Length":2.2109834411944216}},{"type":"Feature","id":340695,"geometry":{"type":"LineString","coordinates":[[114.1698218069325,22.320436363554538,5.185299999997369],[114.16975039345878,22.320423271510116,5.3061000000016065]]},"properties":{"OBJECTID":340695,"PedestrianRouteID":240007061,"Location":1,"FeatureType":30,"AliasNameEN":"Sai Yeung Choi Street South Crossing","AliasNameTC":"西洋菜南街過路處","CrossingFeature":1,"WeatherProof":2,"WheelchairBarrier":2,"WheelchairAccess":2,"ObstaclesType":null,"Gradient":0.01610721,"Direction":0,"PositionCertainty":1,"Enabled":1,"DataSource":1,"LevelSource":2,"StreetNameEN":"Sai Yeung Choi Street South","StreetNameTC":"西洋菜南街","ST_CODE":11864,"FloorID":null,"BuildingID_1":null,"BuildingID_2":null,"SiteID":null,"TerminalID":null,"AccessTimeID":null,"CreationDate":1614441600000,"ModifiedBy":"LANDSD","LastAmendmentDate":1655654400000,"Shape__Length":7.4991005899643515}},{"type":"Feature","id":340696,"geometry":{"type":"LineString","coordinates":[[114.16799501252306,22.318680866767167,4.3187999999936437],[114.16800584215993,22.318684487722475,4.3171000000002095]]},"properties":{"OBJECTID":340696,"PedestrianRouteID":240007062,"Location":2,"FeatureType":6,"AliasNameEN":"Langham Place Hotel Traffic Island","AliasNameTC":"朗豪酒店安全島","CrossingFeature":null,"WeatherProof":1,"WheelchairBarrier":2,"WheelchairAccess":2,"ObstaclesType":null,"Gradient":0.0014338300000000001,"Direction":0,"PositionCertainty":1,"Enabled":1,"DataSource":1,"LevelSource":2,"StreetNameEN":null,"StreetNameTC":null,"ST_CODE":null,"FloorID":null,"BuildingID_1":1108246362,"BuildingID_2":null,"SiteID":1503005285,"TerminalID":1511000412,"AccessTimeID":290000475,"CreationDate":1614441600000,"ModifiedBy":"LANDSD","LastAmendmentDate":1659974400000,"Shape__Length":1.1856350408581686}},{"type":"Feature","id":340697,"geometry":{"type":"LineString","coordinates":[[114.16800584215993,22.318684487722475,4.3171000000002095],[114.16803840774902,22.318695375873901,4.3120000000053551]]},"properties":{"OBJECTID":340697,"PedestrianRouteID":240007063,"Location":2,"FeatureType":32,"AliasNameEN":"Langham Place Hotel Crossing","AliasNameTC":"朗豪酒店過路處","CrossingFeature":5,"WeatherProof":1,"WheelchairBarrier":2,"WheelchairAccess":2,"ObstaclesType":null,"Gradient":0.0014304599999999999,"Direction":0,"PositionCertainty":1,"Enabled":1,"DataSource":1,"LevelSource":2,"StreetNameEN":null,"StreetNameTC":null,"ST_CODE":null,"FloorID":null,"BuildingID_1":1108246362,"BuildingID_2":null,"SiteID":1503005285,"TerminalID":1511000412,"AccessTimeID":290000475,"CreationDate":1614441600000,"ModifiedBy":"LANDSD","LastAmendmentDate":1659974400000,"Shape__Length":3.565286571611296}},{"type":"Feature","id":340698,"geometry":{"type":"LineString","coordinates":[[114.16877973096595,22.319125427823931,4.6759000000020023],[114.16877595045024,22.319143184494475,4.6775999999954365]]},"properties":{"OBJECTID":340698,"PedestrianRouteID":240007064,"Location":1,"FeatureType":1,"AliasNameEN":"Argyle Street","AliasNameTC":"亞皆老街","CrossingFeature":null,"WeatherProof":2,"WheelchairBarrier":2,"WheelchairAccess":2,"ObstaclesType":null,"Gradient":0.00084809999999999996,"Direction":0,"PositionCertainty":1,"Enabled":1,"DataSource":1,"LevelSource":2,"StreetNameEN":"Argyle Street","StreetNameTC":"亞皆老街","ST_CODE":10027,"FloorID":null,"BuildingID_1":null,"BuildingID_2":null,"SiteID":null,"TerminalID":null,"AccessTimeID":null,"CreationDate":1614441600000,"ModifiedBy":"LANDSD","LastAmendmentDate":1655654400000,"Shape__Length":2.0044869805481063}},{"type":"Feature","id":340699,"geometry":{"type":"LineString","coordinates":[[114.16972241289868,22.320327224507814,5.1609000000025844],[114.16972507592183,22.320314219667026,5.2078000000037719]]},"properties":{"OBJECTID":340699,"PedestrianRouteID":240007065,"Location":1,"FeatureType":1,"AliasNameEN":"Fife Street","AliasNameTC":"快富街","CrossingFeature":null,"WeatherProof":2,"WheelchairBarrier":2,"WheelchairAccess":2,"ObstaclesType":null,"Gradient":0.16579121999999999,"Direction":0,"PositionCertainty":1,"Enabled":1,"DataSource":1,"LevelSource":2,"StreetNameEN":"Fife Street","StreetNameTC":"快富街","ST_CODE":10485,"FloorID":null,"BuildingID_1":null,"BuildingID_2":null,"SiteID":null,"TerminalID":null,"AccessTimeID":null,"CreationDate":1614441600000,"ModifiedBy":"LANDSD","LastAmendmentDate":1689264000000,"Shape__Length":1.4659906199711712}},{"type":"Feature","id":340701,"geometry":{"type":"LineString","coordinates":[[114.16949282127641,22.319459643324947,4.7847000000037951],[114.1695060907298,22.319395831036033,4.8291000000026543]]},"properties":{"OBJECTID":340701,"PedestrianRouteID":240007067,"Location":1,"FeatureType":1,"AliasNameEN":"Argyle Street","AliasNameTC":"亞皆老街","CrossingFeature":null,"WeatherProof":2,"WheelchairBarrier":2,"WheelchairAccess":2,"ObstaclesType":null,"Gradient":0.0061689199999999996,"Direction":0,"PositionCertainty":1,"Enabled":1,"DataSource":1,"LevelSource":2,"StreetNameEN":"Argyle Street","StreetNameTC":"亞皆老街","ST_CODE":10027,"FloorID":null,"BuildingID_1":null,"BuildingID_2":null,"SiteID":null,"TerminalID":null,"AccessTimeID":null,"CreationDate":1614441600000,"ModifiedBy":"LANDSD","LastAmendmentDate":1655654400000,"Shape__Length":7.1972729500577897}},{"type":"Feature","id":340702,"geometry":{"type":"LineString","coordinates":[[114.16971126858262,22.32038165862933,5.1481999999959953],[114.16971872466402,22.320345239476758,5.1567000000068219],[114.16972241289868,22.320327224507814,5.1609000000025844]]},"properties":{"OBJECTID":340702,"PedestrianRouteID":240007068,"Location":1,"FeatureType":30,"AliasNameEN":"Mong Kok Station Crossing","AliasNameTC":"旺角站過路處","CrossingFeature":1,"WeatherProof":2,"WheelchairBarrier":2,"WheelchairAccess":2,"ObstaclesType":null,"Gradient":0.0020697100000000002,"Direction":0,"PositionCertainty":1,"Enabled":1,"DataSource":1,"LevelSource":2,"StreetNameEN":"Fife Street","StreetNameTC":"快富街","ST_CODE":10485,"FloorID":null,"BuildingID_1":null,"BuildingID_2":null,"SiteID":null,"TerminalID":1511000291,"AccessTimeID":null,"CreationDate":1614441600000,"ModifiedBy":"LANDSD","LastAmendmentDate":1690819200000,"Shape__Length":6.136126405562111}},{"type":"Feature","id":340703,"geometry":{"type":"LineString","coordinates":[[114.1697044717011,22.320414852985522,5.063800000003539],[114.16971126858262,22.32038165862933,5.1481999999959953]]},"properties":{"OBJECTID":340703,"PedestrianRouteID":240007069,"Location":1,"FeatureType":1,"AliasNameEN":"Fife Street","AliasNameTC":"快富街","CrossingFeature":null,"WeatherProof":2,"WheelchairBarrier":2,"WheelchairAccess":2,"ObstaclesType":null,"Gradient":0.022551700000000001,"Direction":0,"PositionCertainty":1,"Enabled":1,"DataSource":1,"LevelSource":2,"StreetNameEN":"Fife Street","StreetNameTC":"快富街","ST_CODE":10485,"FloorID":null,"BuildingID_1":null,"BuildingID_2":null,"SiteID":null,"TerminalID":null,"AccessTimeID":null,"CreationDate":1614441600000,"ModifiedBy":"LANDSD","LastAmendmentDate":1655654400000,"Shape__Length":3.7418772889432916}},{"type":"Feature","id":340706,"geometry":{"type":"LineString","coordinates":[[114.16940635306865,22.319159131908844,4.7740000000048894],[114.16945031478657,22.319167154889808,4.7807000000029802],[114.1694981394421,22.319175882419952,4.7878999999957159]]},"properties":{"OBJECTID":340706,"PedestrianRouteID":240007072,"Location":1,"FeatureType":30,"AliasNameEN":"Mong Kok Station Crossing","AliasNameTC":"旺角站過路處","CrossingFeature":1,"WeatherProof":2,"WheelchairBarrier":2,"WheelchairAccess":2,"ObstaclesType":null,"Gradient":0.0014423699999999999,"Direction":0,"PositionCertainty":1,"Enabled":1,"DataSource":1,"LevelSource":2,"StreetNameEN":"Nathan Road","StreetNameTC":"彌敦道","ST_CODE":11504,"FloorID":null,"BuildingID_1":null,"BuildingID_2":null,"SiteID":null,"TerminalID":1511000291,"AccessTimeID":null,"CreationDate":1614441600000,"ModifiedBy":"LANDSD","LastAmendmentDate":1690819200000,"Shape__Length":9.6369012445319129}},{"type":"Feature","id":340707,"geometry":{"type":"LineString","coordinates":[[114.1694981394421,22.319175882419952,4.7878999999957159],[114.16952486161901,22.319180758341084,4.850800000000163]]},"properties":{"OBJECTID":340707,"PedestrianRouteID":240007073,"Location":1,"FeatureType":1,"AliasNameEN":"Nathan Road","AliasNameTC":"彌敦道","CrossingFeature":null,"WeatherProof":2,"WheelchairBarrier":2,"WheelchairAccess":2,"ObstaclesType":null,"Gradient":0.022415549999999999,"Direction":0,"PositionCertainty":1,"Enabled":1,"DataSource":1,"LevelSource":2,"StreetNameEN":"Nathan Road","StreetNameTC":"彌敦道","ST_CODE":11504,"FloorID":null,"BuildingID_1":null,"BuildingID_2":null,"SiteID":null,"TerminalID":null,"AccessTimeID":null,"CreationDate":1614441600000,"ModifiedBy":"LANDSD","LastAmendmentDate":1655654400000,"Shape__Length":2.8056183422285703}},{"type":"Feature","id":340708,"geometry":{"type":"LineString","coordinates":[[114.16929576647422,22.319138950653382,4.7494000000006054],[114.16931093284462,22.319141718331597,4.7529000000067754],[114.16938863211266,22.319155898143649,4.7707999999984168]]},"properties":{"OBJECTID":340708,"PedestrianRouteID":240007074,"Location":1,"FeatureType":30,"AliasNameEN":"Mong Kok Station Crossing","AliasNameTC":"旺角站過路處","CrossingFeature":1,"WeatherProof":2,"WheelchairBarrier":2,"WheelchairAccess":2,"ObstaclesType":null,"Gradient":0.0021948200000000001,"Direction":0,"PositionCertainty":1,"Enabled":1,"DataSource":1,"LevelSource":2,"StreetNameEN":"Nathan Road","StreetNameTC":"彌敦道","ST_CODE":11504,"FloorID":null,"BuildingID_1":null,"BuildingID_2":null,"SiteID":null,"TerminalID":1511000291,"AccessTimeID":null,"CreationDate":1614441600000,"ModifiedBy":"LANDSD","LastAmendmentDate":1690819200000,"Shape__Length":9.7502179688346811}},{"type":"Feature","id":340709,"geometry":{"type":"LineString","coordinates":[[114.16927259762676,22.319134723256841,4.6851000000024214],[114.16929576647422,22.319138950653382,4.7494000000006054]]},"properties":{"OBJECTID":340709,"PedestrianRouteID":240007075,"Location":1,"FeatureType":1,"AliasNameEN":"Nathan Road","AliasNameTC":"彌敦道","CrossingFeature":null,"WeatherProof":2,"WheelchairBarrier":2,"WheelchairAccess":2,"ObstaclesType":null,"Gradient":0.026427079999999999,"Direction":0,"PositionCertainty":1,"Enabled":1,"DataSource":1,"LevelSource":2,"StreetNameEN":"Nathan Road","StreetNameTC":"彌敦道","ST_CODE":11504,"FloorID":null,"BuildingID_1":null,"BuildingID_2":null,"SiteID":null,"TerminalID":null,"AccessTimeID":null,"CreationDate":1614441600000,"ModifiedBy":"LANDSD","LastAmendmentDate":1655654400000,"Shape__Length":2.4325440201582729}},{"type":"Feature","id":340714,"geometry":{"type":"LineString","coordinates":[[114.16930072852921,22.320308106671877,4.7059000000008382],[114.16930641770837,22.320281156033086,4.7173000000038883],[114.16931054770173,22.320261588734869,4.7255000000004657],[114.1693128952149,22.320250469474058,4.730200000005425]]},"properties":{"OBJECTID":340714,"PedestrianRouteID":240007080,"Location":1,"FeatureType":32,"AliasNameEN":"Mong Kok Station Crossing","AliasNameTC":"旺角站過路處","CrossingFeature":1,"WeatherProof":2,"WheelchairBarrier":2,"WheelchairAccess":2,"ObstaclesType":null,"Gradient":0.0037359300000000002,"Direction":0,"PositionCertainty":1,"Enabled":1,"DataSource":1,"LevelSource":2,"StreetNameEN":"Fife Street","StreetNameTC":"快富街","ST_CODE":10485,"FloorID":null,"BuildingID_1":null,"BuildingID_2":null,"SiteID":null,"TerminalID":1511000291,"AccessTimeID":null,"CreationDate":1614441600000,"ModifiedBy":"LANDSD","LastAmendmentDate":1690819200000,"Shape__Length":6.5043690322585759}},{"type":"Feature","id":340715,"geometry":{"type":"LineString","coordinates":[[114.16929177923205,22.320350506697913,4.8254000000015367],[114.16930072852921,22.320308106671877,4.7059000000008382]]},"properties":{"OBJECTID":340715,"PedestrianRouteID":240007081,"Location":1,"FeatureType":1,"AliasNameEN":"Nathan Road","AliasNameTC":"彌敦道","CrossingFeature":null,"WeatherProof":2,"WheelchairBarrier":2,"WheelchairAccess":2,"ObstaclesType":null,"Gradient":0.024969559999999998,"Direction":0,"PositionCertainty":1,"Enabled":1,"DataSource":1,"LevelSource":2,"StreetNameEN":"Nathan Road","StreetNameTC":"彌敦道","ST_CODE":11504,"FloorID":null,"BuildingID_1":null,"BuildingID_2":null,"SiteID":null,"TerminalID":null,"AccessTimeID":null,"CreationDate":1614441600000,"ModifiedBy":"LANDSD","LastAmendmentDate":1655654400000,"Shape__Length":4.7848321056213239}},{"type":"Feature","id":340717,"geometry":{"type":"LineString","coordinates":[[114.1695060907298,22.319395831036033,4.8291000000026543],[114.16952097370645,22.319324258828452,4.8126000000047497],[114.16953095684515,22.319276252637867,4.801500000001397]]},"properties":{"OBJECTID":340717,"PedestrianRouteID":240007083,"Location":1,"FeatureType":30,"AliasNameEN":"Argyle Street Crossing","AliasNameTC":"亞皆老街過路處","CrossingFeature":1,"WeatherProof":2,"WheelchairBarrier":2,"WheelchairAccess":2,"ObstaclesType":null,"Gradient":0.0020464099999999998,"Direction":0,"PositionCertainty":1,"Enabled":1,"DataSource":1,"LevelSource":2,"StreetNameEN":"Argyle Street","StreetNameTC":"亞皆老街","ST_CODE":10027,"FloorID":null,"BuildingID_1":null,"BuildingID_2":null,"SiteID":null,"TerminalID":null,"AccessTimeID":null,"CreationDate":1614441600000,"ModifiedBy":"LANDSD","LastAmendmentDate":1690819200000,"Shape__Length":13.487039268659966}},{"type":"Feature","id":340723,"geometry":{"type":"LineString","coordinates":[[114.16784399500271,22.317926117413489,4.2516000000032363],[114.16782994980842,22.317923533884084,4.33980000000156]]},"properties":{"OBJECTID":340723,"PedestrianRouteID":240007089,"Location":1,"FeatureType":1,"AliasNameEN":"Reclamation Street","AliasNameTC":"新填地街","CrossingFeature":null,"WeatherProof":2,"WheelchairBarrier":2,"WheelchairAccess":2,"ObstaclesType":null,"Gradient":0.073355119999999996,"Direction":0,"PositionCertainty":1,"Enabled":1,"DataSource":1,"LevelSource":2,"StreetNameEN":"Reclamation Street","StreetNameTC":"新填地街","ST_CODE":11810,"FloorID":null,"BuildingID_1":null,"BuildingID_2":null,"SiteID":null,"TerminalID":null,"AccessTimeID":null,"CreationDate":1614441600000,"ModifiedBy":"LANDSD","LastAmendmentDate":1689264000000,"Shape__Length":1.475091323104667}},{"type":"Feature","id":340724,"geometry":{"type":"LineString","coordinates":[[114.16795180748846,22.317945945510488,4.2906999999977415],[114.16784399500271,22.317926117413489,4.2516000000032363]]},"properties":{"OBJECTID":340724,"PedestrianRouteID":240007090,"Location":1,"FeatureType":33,"AliasNameEN":"Reclamation Street Crossing","AliasNameTC":"新填地街過路處","CrossingFeature":1,"WeatherProof":2,"WheelchairBarrier":2,"WheelchairAccess":2,"ObstaclesType":null,"Gradient":0.0034531700000000002,"Direction":0,"PositionCertainty":1,"Enabled":1,"DataSource":1,"LevelSource":2,"StreetNameEN":"Reclamation Street","StreetNameTC":"新填地街","ST_CODE":11810,"FloorID":null,"BuildingID_1":null,"BuildingID_2":null,"SiteID":null,"TerminalID":null,"AccessTimeID":null,"CreationDate":1614441600000,"ModifiedBy":"LANDSD","LastAmendmentDate":1689609600000,"Shape__Length":11.32289320835006}},{"type":"Feature","id":340725,"geometry":{"type":"LineString","coordinates":[[114.17107074542096,22.319321211146171,5.3381999999983236],[114.1710653468697,22.319347143209452,5.3459000000002561]]},"properties":{"OBJECTID":340725,"PedestrianRouteID":240007091,"Location":1,"FeatureType":1,"AliasNameEN":"Fa Yuen Street","AliasNameTC":"花園街","CrossingFeature":null,"WeatherProof":2,"WheelchairBarrier":2,"WheelchairAccess":2,"ObstaclesType":null,"Gradient":0.0026325200000000002,"Direction":0,"PositionCertainty":1,"Enabled":1,"DataSource":1,"LevelSource":2,"StreetNameEN":"Fa Yuen Street","StreetNameTC":"花園街","ST_CODE":10419,"FloorID":null,"BuildingID_1":null,"BuildingID_2":null,"SiteID":null,"TerminalID":null,"AccessTimeID":null,"CreationDate":1614441600000,"ModifiedBy":"LANDSD","LastAmendmentDate":1655654400000,"Shape__Length":2.9249502169739641}},{"type":"Feature","id":340726,"geometry":{"type":"LineString","coordinates":[[114.1710653468697,22.319347143209452,5.3459000000002561],[114.17105901927211,22.319377533643841,5.3551000000006752]]},"properties":{"OBJECTID":340726,"PedestrianRouteID":240007092,"Location":1,"FeatureType":1,"AliasNameEN":"Fa Yuen Street","AliasNameTC":"花園街","CrossingFeature":null,"WeatherProof":3,"WheelchairBarrier":2,"WheelchairAccess":2,"ObstaclesType":null,"Gradient":0.0026838999999999999,"Direction":0,"PositionCertainty":1,"Enabled":1,"DataSource":1,"LevelSource":2,"StreetNameEN":"Fa Yuen Street","StreetNameTC":"花園街","ST_CODE":10419,"FloorID":null,"BuildingID_1":null,"BuildingID_2":null,"SiteID":null,"TerminalID":null,"AccessTimeID":null,"CreationDate":1614441600000,"ModifiedBy":"LANDSD","LastAmendmentDate":1655654400000,"Shape__Length":3.4278400381292724}},{"type":"Feature","id":340728,"geometry":{"type":"LineString","coordinates":[[114.16951895652403,22.321994236634197,5.672999999995227],[114.16952328656237,22.321973181102237,5.6581000000005588]]},"properties":{"OBJECTID":340728,"PedestrianRouteID":240007094,"Location":1,"FeatureType":1,"AliasNameEN":"Sai Yeung Choi Street South","AliasNameTC":"西洋菜南街","CrossingFeature":null,"WeatherProof":2,"WheelchairBarrier":2,"WheelchairAccess":2,"ObstaclesType":null,"Gradient":0.0062765800000000004,"Direction":0,"PositionCertainty":1,"Enabled":1,"DataSource":1,"LevelSource":2,"StreetNameEN":"Sai Yeung Choi Street South","StreetNameTC":"西洋菜南街","ST_CODE":11864,"FloorID":null,"BuildingID_1":null,"BuildingID_2":null,"SiteID":null,"TerminalID":null,"AccessTimeID":null,"CreationDate":1614441600000,"ModifiedBy":"LANDSD","LastAmendmentDate":1655654400000,"Shape__Length":2.3738733234821492}},{"type":"Feature","id":340729,"geometry":{"type":"LineString","coordinates":[[114.16954199988565,22.321882185188539,5.6432999999960884],[114.16954349403794,22.321874919241669,5.6365999999979977]]},"properties":{"OBJECTID":340729,"PedestrianRouteID":240007095,"Location":1,"FeatureType":1,"AliasNameEN":"Sai Yeung Choi Street South","AliasNameTC":"西洋菜南街","CrossingFeature":null,"WeatherProof":2,"WheelchairBarrier":2,"WheelchairAccess":2,"ObstaclesType":null,"Gradient":0.0081786600000000008,"Direction":0,"PositionCertainty":1,"Enabled":1,"DataSource":1,"LevelSource":2,"StreetNameEN":"Sai Yeung Choi Street South","StreetNameTC":"西洋菜南街","ST_CODE":11864,"FloorID":null,"BuildingID_1":null,"BuildingID_2":null,"SiteID":null,"TerminalID":null,"AccessTimeID":null,"CreationDate":1614441600000,"ModifiedBy":"LANDSD","LastAmendmentDate":1655654400000,"Shape__Length":0.81918640778272245}},{"type":"Feature","id":340730,"geometry":{"type":"LineString","coordinates":[[114.16952328656237,22.321973181102237,5.6581000000005588],[114.16954199988565,22.321882185188539,5.6432999999960884]]},"properties":{"OBJECTID":340730,"PedestrianRouteID":240007096,"Location":1,"FeatureType":1,"AliasNameEN":"Sai Yeung Choi Street South","AliasNameTC":"西洋菜南街","CrossingFeature":null,"WeatherProof":3,"WheelchairBarrier":2,"WheelchairAccess":2,"ObstaclesType":null,"Gradient":0.00144261,"Direction":0,"PositionCertainty":1,"Enabled":1,"DataSource":1,"LevelSource":2,"StreetNameEN":"Sai Yeung Choi Street South","StreetNameTC":"西洋菜南街","ST_CODE":11864,"FloorID":null,"BuildingID_1":null,"BuildingID_2":null,"SiteID":null,"TerminalID":null,"AccessTimeID":null,"CreationDate":1614441600000,"ModifiedBy":"LANDSD","LastAmendmentDate":1655654400000,"Shape__Length":10.259196289650102}},{"type":"Feature","id":340731,"geometry":{"type":"LineString","coordinates":[[114.17021942275889,22.321361294464261,5.5825000000040745],[114.17022204009152,22.321349254985396,5.6325000000069849]]},"properties":{"OBJECTID":340731,"PedestrianRouteID":240007097,"Location":1,"FeatureType":1,"AliasNameEN":"Tung Choi Street","AliasNameTC":"通菜街","CrossingFeature":null,"WeatherProof":2,"WheelchairBarrier":2,"WheelchairAccess":2,"ObstaclesType":null,"Gradient":0.036743129999999999,"Direction":0,"PositionCertainty":1,"Enabled":1,"DataSource":1,"LevelSource":2,"StreetNameEN":"Tung Choi Street","StreetNameTC":"通菜街","ST_CODE":12513,"FloorID":null,"BuildingID_1":null,"BuildingID_2":null,"SiteID":null,"TerminalID":null,"AccessTimeID":null,"CreationDate":1614441600000,"ModifiedBy":"LANDSD","LastAmendmentDate":1655654400000,"Shape__Length":1.3601861639971473}},{"type":"Feature","id":340732,"geometry":{"type":"LineString","coordinates":[[114.17021336771533,22.321389848949792,5.5682999999989988],[114.17021637923558,22.321375290855002,5.5675999999948544],[114.17021942275889,22.321361294464261,5.5825000000040745]]},"properties":{"OBJECTID":340732,"PedestrianRouteID":240007098,"Location":1,"FeatureType":1,"AliasNameEN":"Tung Choi Street","AliasNameTC":"通菜街","CrossingFeature":null,"WeatherProof":3,"WheelchairBarrier":2,"WheelchairAccess":2,"ObstaclesType":null,"Gradient":0.0044058600000000002,"Direction":0,"PositionCertainty":1,"Enabled":1,"DataSource":1,"LevelSource":2,"StreetNameEN":"Tung Choi Street","StreetNameTC":"通菜街","ST_CODE":12513,"FloorID":null,"BuildingID_1":null,"BuildingID_2":null,"SiteID":null,"TerminalID":null,"AccessTimeID":null,"CreationDate":1614441600000,"ModifiedBy":"LANDSD","LastAmendmentDate":1655654400000,"Shape__Length":3.2229612293909318}},{"type":"Feature","id":340733,"geometry":{"type":"LineString","coordinates":[[114.16868957577945,22.319652878666783,4.7586000000010245],[114.16860076340423,22.320077998419396,5.0849000000016531]]},"properties":{"OBJECTID":340733,"PedestrianRouteID":240007099,"Location":1,"FeatureType":1,"AliasNameEN":"Portland Street","AliasNameTC":"砵蘭街","CrossingFeature":null,"WeatherProof":3,"WheelchairBarrier":2,"WheelchairAccess":2,"ObstaclesType":null,"Gradient":0.0068039700000000003,"Direction":0,"PositionCertainty":1,"Enabled":1,"DataSource":1,"LevelSource":2,"StreetNameEN":"Portland Street","StreetNameTC":"砵蘭街","ST_CODE":11777,"FloorID":null,"BuildingID_1":null,"BuildingID_2":null,"SiteID":null,"TerminalID":null,"AccessTimeID":null,"CreationDate":1614441600000,"ModifiedBy":"LANDSD","LastAmendmentDate":1655654400000,"Shape__Length":47.956544821623531}},{"type":"Feature","id":340734,"geometry":{"type":"LineString","coordinates":[[114.16875123936963,22.319357708650443,4.6872000000003027],[114.16868957577945,22.319652878666783,4.7586000000010245]]},"properties":{"OBJECTID":340734,"PedestrianRouteID":240007100,"Location":1,"FeatureType":1,"AliasNameEN":"Portland Street","AliasNameTC":"砵蘭街","CrossingFeature":null,"WeatherProof":2,"WheelchairBarrier":2,"WheelchairAccess":2,"ObstaclesType":null,"Gradient":0.0021443199999999999,"Direction":0,"PositionCertainty":1,"Enabled":1,"DataSource":1,"LevelSource":2,"StreetNameEN":"Portland Street","StreetNameTC":"砵蘭街","ST_CODE":11777,"FloorID":null,"BuildingID_1":null,"BuildingID_2":null,"SiteID":null,"TerminalID":null,"AccessTimeID":null,"CreationDate":1614441600000,"ModifiedBy":"LANDSD","LastAmendmentDate":1655654400000,"Shape__Length":33.297272271234149}},{"type":"Feature","id":340735,"geometry":{"type":"LineString","coordinates":[[114.16837017259796,22.321191405386621,4.9915000000037253],[114.16826561086839,22.321683408227621,5.1540999999997439]]},"properties":{"OBJECTID":340735,"PedestrianRouteID":240007101,"Location":1,"FeatureType":1,"AliasNameEN":"Portland Street","AliasNameTC":"砵蘭街","CrossingFeature":null,"WeatherProof":2,"WheelchairBarrier":2,"WheelchairAccess":2,"ObstaclesType":null,"Gradient":0.00292779,"Direction":0,"PositionCertainty":1,"Enabled":1,"DataSource":1,"LevelSource":12,"StreetNameEN":"Portland Street","StreetNameTC":"砵蘭街","ST_CODE":11777,"FloorID":null,"BuildingID_1":null,"BuildingID_2":null,"SiteID":null,"TerminalID":null,"AccessTimeID":null,"CreationDate":1614441600000,"ModifiedBy":"LANDSD","LastAmendmentDate":1642608000000,"Shape__Length":55.536639688243113}},{"type":"Feature","id":340736,"geometry":{"type":"LineString","coordinates":[[114.16838113776494,22.32113981057179,4.9664000000047963],[114.16837017259796,22.321191405386621,4.9915000000037253]]},"properties":{"OBJECTID":340736,"PedestrianRouteID":240007102,"Location":1,"FeatureType":1,"AliasNameEN":"Portland Street","AliasNameTC":"砵蘭街","CrossingFeature":null,"WeatherProof":3,"WheelchairBarrier":2,"WheelchairAccess":2,"ObstaclesType":null,"Gradient":0.0043097600000000002,"Direction":0,"PositionCertainty":1,"Enabled":1,"DataSource":1,"LevelSource":12,"StreetNameEN":"Portland Street","StreetNameTC":"砵蘭街","ST_CODE":11777,"FloorID":null,"BuildingID_1":null,"BuildingID_2":null,"SiteID":null,"TerminalID":null,"AccessTimeID":null,"CreationDate":1614441600000,"ModifiedBy":"LANDSD","LastAmendmentDate":1642608000000,"Shape__Length":5.8239577546559405}},{"type":"Feature","id":340737,"geometry":{"type":"LineString","coordinates":[[114.16840497294633,22.321027653659542,5.0093000000051688],[114.16838113776494,22.32113981057179,4.9664000000047963]]},"properties":{"OBJECTID":340737,"PedestrianRouteID":240007103,"Location":1,"FeatureType":1,"AliasNameEN":"Portland Street","AliasNameTC":"砵蘭街","CrossingFeature":null,"WeatherProof":2,"WheelchairBarrier":2,"WheelchairAccess":2,"ObstaclesType":null,"Gradient":0.00338858,"Direction":0,"PositionCertainty":1,"Enabled":1,"DataSource":1,"LevelSource":2,"StreetNameEN":"Portland Street","StreetNameTC":"砵蘭街","ST_CODE":11777,"FloorID":null,"BuildingID_1":null,"BuildingID_2":null,"SiteID":null,"TerminalID":null,"AccessTimeID":null,"CreationDate":1614441600000,"ModifiedBy":"LANDSD","LastAmendmentDate":1655654400000,"Shape__Length":12.660112837054585}},{"type":"Feature","id":340738,"geometry":{"type":"LineString","coordinates":[[114.1684117943642,22.320995557481766,4.9976000000024214],[114.16840497294633,22.321027653659542,5.0093000000051688]]},"properties":{"OBJECTID":340738,"PedestrianRouteID":240007104,"Location":1,"FeatureType":1,"AliasNameEN":"Portland Street","AliasNameTC":"砵蘭街","CrossingFeature":null,"WeatherProof":3,"WheelchairBarrier":2,"WheelchairAccess":2,"ObstaclesType":null,"Gradient":0.0032293700000000001,"Direction":0,"PositionCertainty":1,"Enabled":1,"DataSource":1,"LevelSource":2,"StreetNameEN":"Portland Street","StreetNameTC":"砵蘭街","ST_CODE":11777,"FloorID":null,"BuildingID_1":null,"BuildingID_2":null,"SiteID":null,"TerminalID":null,"AccessTimeID":null,"CreationDate":1614441600000,"ModifiedBy":"LANDSD","LastAmendmentDate":1655654400000,"Shape__Length":3.6229800432229107}},{"type":"Feature","id":340739,"geometry":{"type":"LineString","coordinates":[[114.1684145681736,22.320982505710283,4.9069000000017695],[114.1684117943642,22.320995557481766,4.9976000000024214]]},"properties":{"OBJECTID":340739,"PedestrianRouteID":240007105,"Location":1,"FeatureType":1,"AliasNameEN":"Portland Street","AliasNameTC":"砵蘭街","CrossingFeature":null,"WeatherProof":2,"WheelchairBarrier":2,"WheelchairAccess":2,"ObstaclesType":null,"Gradient":0.061486239999999998,"Direction":0,"PositionCertainty":1,"Enabled":1,"DataSource":1,"LevelSource":2,"StreetNameEN":"Portland Street","StreetNameTC":"砵蘭街","ST_CODE":11777,"FloorID":null,"BuildingID_1":null,"BuildingID_2":null,"SiteID":null,"TerminalID":null,"AccessTimeID":null,"CreationDate":1614441600000,"ModifiedBy":"LANDSD","LastAmendmentDate":1655654400000,"Shape__Length":1.47326731446074}},{"type":"Feature","id":340740,"geometry":{"type":"LineString","coordinates":[[114.16843167607118,22.320902002476156,4.9367999999958556],[114.1684145681736,22.320982505710283,4.9069000000017695]]},"properties":{"OBJECTID":340740,"PedestrianRouteID":240007106,"Location":1,"FeatureType":1,"AliasNameEN":"Portland Street","AliasNameTC":"砵蘭街","CrossingFeature":null,"WeatherProof":3,"WheelchairBarrier":2,"WheelchairAccess":2,"ObstaclesType":null,"Gradient":0.0032903699999999999,"Direction":0,"PositionCertainty":1,"Enabled":1,"DataSource":1,"LevelSource":12,"StreetNameEN":"Portland Street","StreetNameTC":"砵蘭街","ST_CODE":11777,"FloorID":null,"BuildingID_1":null,"BuildingID_2":null,"SiteID":null,"TerminalID":null,"AccessTimeID":null,"CreationDate":1614441600000,"ModifiedBy":"LANDSD","LastAmendmentDate":1642608000000,"Shape__Length":9.0870836667185593}},{"type":"Feature","id":340741,"geometry":{"type":"LineString","coordinates":[[114.16843330617968,22.320894331975143,4.8993000000045868],[114.16843167607118,22.320902002476156,4.9367999999958556]]},"properties":{"OBJECTID":340741,"PedestrianRouteID":240007107,"Location":1,"FeatureType":1,"AliasNameEN":"Portland Street","AliasNameTC":"砵蘭街","CrossingFeature":null,"WeatherProof":2,"WheelchairBarrier":2,"WheelchairAccess":2,"ObstaclesType":null,"Gradient":0.043283729999999999,"Direction":0,"PositionCertainty":1,"Enabled":1,"DataSource":1,"LevelSource":12,"StreetNameEN":"Portland Street","StreetNameTC":"砵蘭街","ST_CODE":11777,"FloorID":null,"BuildingID_1":null,"BuildingID_2":null,"SiteID":null,"TerminalID":null,"AccessTimeID":null,"CreationDate":1614441600000,"ModifiedBy":"LANDSD","LastAmendmentDate":1642608000000,"Shape__Length":0.86583530247996487}},{"type":"Feature","id":340742,"geometry":{"type":"LineString","coordinates":[[114.16866661065836,22.320884128483574,4.999100000000908],[114.16863994447627,22.320879355373528,4.9581000000034692]]},"properties":{"OBJECTID":340742,"PedestrianRouteID":240007108,"Location":1,"FeatureType":1,"AliasNameEN":"Mong Kok Road","AliasNameTC":"旺角道","CrossingFeature":null,"WeatherProof":2,"WheelchairBarrier":2,"WheelchairAccess":2,"ObstaclesType":null,"Gradient":0.014653579999999999,"Direction":0,"PositionCertainty":1,"Enabled":1,"DataSource":1,"LevelSource":12,"StreetNameEN":"Mong Kok Road","StreetNameTC":"旺角道","ST_CODE":11454,"FloorID":null,"BuildingID_1":null,"BuildingID_2":null,"SiteID":null,"TerminalID":null,"AccessTimeID":null,"CreationDate":1614441600000,"ModifiedBy":"LANDSD","LastAmendmentDate":1764518400000,"Shape__Length":2.7977514755383508}},{"type":"Feature","id":340743,"geometry":{"type":"LineString","coordinates":[[114.16855175022164,22.320863570836675,4.9045999999943888],[114.16853409118468,22.320860410129654,4.9263999999966472]]},"properties":{"OBJECTID":340743,"PedestrianRouteID":240007110,"Location":1,"FeatureType":1,"AliasNameEN":"Mong Kok Road","AliasNameTC":"旺角道","CrossingFeature":null,"WeatherProof":2,"WheelchairBarrier":2,"WheelchairAccess":2,"ObstaclesType":null,"Gradient":0.01176581,"Direction":0,"PositionCertainty":1,"Enabled":1,"DataSource":1,"LevelSource":12,"StreetNameEN":"Mong Kok Road","StreetNameTC":"旺角道","ST_CODE":11454,"FloorID":null,"BuildingID_1":null,"BuildingID_2":null,"SiteID":null,"TerminalID":null,"AccessTimeID":null,"CreationDate":1614441600000,"ModifiedBy":"LANDSD","LastAmendmentDate":1764518400000,"Shape__Length":1.8527402330770875}},{"type":"Feature","id":340748,"geometry":{"type":"LineString","coordinates":[[114.17159016697681,22.319577721123462,5.9679999999934807],[114.17160122409278,22.319523940679449,5.963900000002468]]},"properties":{"OBJECTID":340748,"PedestrianRouteID":240007115,"Location":1,"FeatureType":1,"AliasNameEN":"Sai Yee Street","AliasNameTC":"洗衣街","CrossingFeature":null,"WeatherProof":2,"WheelchairBarrier":2,"WheelchairAccess":2,"ObstaclesType":null,"Gradient":0.00067619000000000002,"Direction":0,"PositionCertainty":1,"Enabled":1,"DataSource":1,"LevelSource":2,"StreetNameEN":"Sai Yee Street","StreetNameTC":"洗衣街","ST_CODE":11861,"FloorID":null,"BuildingID_1":null,"BuildingID_2":null,"SiteID":null,"TerminalID":null,"AccessTimeID":null,"CreationDate":1614441600000,"ModifiedBy":"LANDSD","LastAmendmentDate":1655654400000,"Shape__Length":6.063341500672589}},{"type":"Feature","id":340749,"geometry":{"type":"LineString","coordinates":[[114.17160122409278,22.319523940679449,5.963900000002468],[114.17161967751703,22.319434184390378,5.7529000000067754]]},"properties":{"OBJECTID":340749,"PedestrianRouteID":240007116,"Location":1,"FeatureType":1,"AliasNameEN":"Sai Yee Street","AliasNameTC":"洗衣街","CrossingFeature":null,"WeatherProof":3,"WheelchairBarrier":2,"WheelchairAccess":2,"ObstaclesType":null,"Gradient":0.0030535499999999999,"Direction":0,"PositionCertainty":1,"Enabled":1,"DataSource":1,"LevelSource":2,"StreetNameEN":"Sai Yee Street","StreetNameTC":"洗衣街","ST_CODE":11861,"FloorID":null,"BuildingID_1":null,"BuildingID_2":null,"SiteID":null,"TerminalID":null,"AccessTimeID":null,"CreationDate":1614441600000,"ModifiedBy":"LANDSD","LastAmendmentDate":1689264000000,"Shape__Length":10.119343727030506}},{"type":"Feature","id":340750,"geometry":{"type":"LineString","coordinates":[[114.17161967751703,22.319434184390378,5.7529000000067754],[114.17167694909146,22.319155619471189,5.5932999999931781],[114.17170980374441,22.318995817816049,5.612699999997858],[114.17170986975655,22.318995495425909,5.612699999997858]]},"properties":{"OBJECTID":340750,"PedestrianRouteID":240007117,"Location":1,"FeatureType":1,"AliasNameEN":"Sai Yee Street","AliasNameTC":"洗衣街","CrossingFeature":null,"WeatherProof":2,"WheelchairBarrier":2,"WheelchairAccess":2,"ObstaclesType":null,"Gradient":0.0028346700000000001,"Direction":0,"PositionCertainty":1,"Enabled":1,"DataSource":1,"LevelSource":12,"StreetNameEN":"Sai Yee Street","StreetNameTC":"洗衣街","ST_CODE":11861,"FloorID":null,"BuildingID_1":null,"BuildingID_2":null,"SiteID":null,"TerminalID":null,"AccessTimeID":null,"CreationDate":1614441600000,"ModifiedBy":"LANDSD","LastAmendmentDate":1764432000000,"Shape__Length":49.45887091428974}},{"type":"Feature","id":340754,"geometry":{"type":"LineString","coordinates":[[114.16777589028435,22.318176059747529,4.4046999999991385],[114.16763241832344,22.318865878078782,4.3187000000034459]]},"properties":{"OBJECTID":340754,"PedestrianRouteID":240007121,"Location":1,"FeatureType":1,"AliasNameEN":"Reclamation Street","AliasNameTC":"新填地街","CrossingFeature":null,"WeatherProof":2,"WheelchairBarrier":2,"WheelchairAccess":2,"ObstaclesType":null,"Gradient":0.00110534,"Direction":0,"PositionCertainty":1,"Enabled":1,"DataSource":1,"LevelSource":2,"StreetNameEN":"Reclamation Street","StreetNameTC":"新填地街","ST_CODE":11810,"FloorID":null,"BuildingID_1":null,"BuildingID_2":null,"SiteID":null,"TerminalID":null,"AccessTimeID":null,"CreationDate":1614441600000,"ModifiedBy":"LANDSD","LastAmendmentDate":1655654400000,"Shape__Length":77.803915754314517}},{"type":"Feature","id":340755,"geometry":{"type":"LineString","coordinates":[[114.16778429077934,22.318084877387992,4.3880000000062864],[114.16779446338872,22.318086759931337,4.3652000000001863]]},"properties":{"OBJECTID":340755,"PedestrianRouteID":240007122,"Location":1,"FeatureType":1,"AliasNameEN":"Reclamation Street","AliasNameTC":"新填地街","CrossingFeature":null,"WeatherProof":2,"WheelchairBarrier":2,"WheelchairAccess":2,"ObstaclesType":null,"Gradient":0.021332730000000001,"Direction":0,"PositionCertainty":1,"Enabled":1,"DataSource":1,"LevelSource":2,"StreetNameEN":"Reclamation Street","StreetNameTC":"新填地街","ST_CODE":11810,"FloorID":null,"BuildingID_1":null,"BuildingID_2":null,"SiteID":null,"TerminalID":null,"AccessTimeID":null,"CreationDate":1614441600000,"ModifiedBy":"LANDSD","LastAmendmentDate":1655654400000,"Shape__Length":1.0686178780534343}},{"type":"Feature","id":340756,"geometry":{"type":"LineString","coordinates":[[114.16779314589326,22.318093094820853,4.402700000006007],[114.16777589028435,22.318176059747529,4.4046999999991385]]},"properties":{"OBJECTID":340756,"PedestrianRouteID":240007123,"Location":1,"FeatureType":1,"AliasNameEN":"Reclamation Street","AliasNameTC":"新填地街","CrossingFeature":null,"WeatherProof":3,"WheelchairBarrier":2,"WheelchairAccess":2,"ObstaclesType":null,"Gradient":0.00021373,"Direction":0,"PositionCertainty":1,"Enabled":1,"DataSource":1,"LevelSource":2,"StreetNameEN":"Reclamation Street","StreetNameTC":"新填地街","ST_CODE":11810,"FloorID":null,"BuildingID_1":null,"BuildingID_2":null,"SiteID":null,"TerminalID":null,"AccessTimeID":null,"CreationDate":1614441600000,"ModifiedBy":"LANDSD","LastAmendmentDate":1655654400000,"Shape__Length":9.357533817200018}},{"type":"Feature","id":340757,"geometry":{"type":"LineString","coordinates":[[114.1706575631089,22.319264569600509,5.2877000000007683],[114.17066112207884,22.319247158749661,5.3053999999974621]]},"properties":{"OBJECTID":340757,"PedestrianRouteID":240007124,"Location":1,"FeatureType":1,"AliasNameEN":"Tung Choi Street","AliasNameTC":"通菜街","CrossingFeature":null,"WeatherProof":2,"WheelchairBarrier":2,"WheelchairAccess":2,"ObstaclesType":null,"Gradient":0.0090186599999999995,"Direction":0,"PositionCertainty":1,"Enabled":1,"DataSource":1,"LevelSource":2,"StreetNameEN":"Tung Choi Street","StreetNameTC":"通菜街","ST_CODE":12513,"FloorID":null,"BuildingID_1":null,"BuildingID_2":null,"SiteID":null,"TerminalID":null,"AccessTimeID":null,"CreationDate":1614441600000,"ModifiedBy":"LANDSD","LastAmendmentDate":1655654400000,"Shape__Length":1.9625441541844313}},{"type":"Feature","id":340758,"geometry":{"type":"LineString","coordinates":[[114.17062561388805,22.319420857267232,5.2418000000034226],[114.1706575631089,22.319264569600509,5.2877000000007683]]},"properties":{"OBJECTID":340758,"PedestrianRouteID":240007125,"Location":1,"FeatureType":1,"AliasNameEN":"Tung Choi Street","AliasNameTC":"通菜街","CrossingFeature":null,"WeatherProof":3,"WheelchairBarrier":2,"WheelchairAccess":2,"ObstaclesType":null,"Gradient":0.0026054699999999999,"Direction":0,"PositionCertainty":1,"Enabled":1,"DataSource":1,"LevelSource":2,"StreetNameEN":"Tung Choi Street","StreetNameTC":"通菜街","ST_CODE":12513,"FloorID":null,"BuildingID_1":null,"BuildingID_2":null,"SiteID":null,"TerminalID":null,"AccessTimeID":null,"CreationDate":1614441600000,"ModifiedBy":"LANDSD","LastAmendmentDate":1655654400000,"Shape__Length":17.616727408513622}},{"type":"Feature","id":340759,"geometry":{"type":"LineString","coordinates":[[114.17008926627244,22.319573812317511,5.1615000000019791],[114.17007279416384,22.31957565026082,5.1178000000072643]]},"properties":{"OBJECTID":340759,"PedestrianRouteID":240007126,"Location":1,"FeatureType":1,"AliasNameEN":"Argyle Street","AliasNameTC":"亞皆老街","CrossingFeature":null,"WeatherProof":2,"WheelchairBarrier":2,"WheelchairAccess":2,"ObstaclesType":null,"Gradient":0.025560909999999999,"Direction":0,"PositionCertainty":1,"Enabled":1,"DataSource":1,"LevelSource":2,"StreetNameEN":"Argyle Street","StreetNameTC":"亞皆老街","ST_CODE":10027,"FloorID":null,"BuildingID_1":null,"BuildingID_2":null,"SiteID":null,"TerminalID":null,"AccessTimeID":null,"CreationDate":1614441600000,"ModifiedBy":"LANDSD","LastAmendmentDate":1655654400000,"Shape__Length":1.7092692505949687}},{"type":"Feature","id":340760,"geometry":{"type":"LineString","coordinates":[[114.17018067715192,22.319574828421619,5.2492999999958556],[114.17014274651125,22.319567843503169,5.2350000000005821],[114.17009065423515,22.31957365704897,5.1647999999986496],[114.17008926627244,22.319573812317511,5.1615000000019791]]},"properties":{"OBJECTID":340760,"PedestrianRouteID":240007127,"Location":1,"FeatureType":1,"AliasNameEN":"Argyle Street","AliasNameTC":"亞皆老街","CrossingFeature":null,"WeatherProof":3,"WheelchairBarrier":2,"WheelchairAccess":2,"ObstaclesType":null,"Gradient":0.0092095600000000003,"Direction":0,"PositionCertainty":1,"Enabled":1,"DataSource":1,"LevelSource":2,"StreetNameEN":"Argyle Street","StreetNameTC":"亞皆老街","ST_CODE":10027,"FloorID":null,"BuildingID_1":null,"BuildingID_2":null,"SiteID":null,"TerminalID":null,"AccessTimeID":null,"CreationDate":1614441600000,"ModifiedBy":"LANDSD","LastAmendmentDate":1655654400000,"Shape__Length":9.5333044067502719}},{"type":"Feature","id":340761,"geometry":{"type":"LineString","coordinates":[[114.17043087971011,22.319620899034984,5.3439000000071246],[114.17020686269032,22.319579650024568,5.2592000000004191]]},"properties":{"OBJECTID":340761,"PedestrianRouteID":240007128,"Location":1,"FeatureType":1,"AliasNameEN":"Argyle Street","AliasNameTC":"亞皆老街","CrossingFeature":null,"WeatherProof":3,"WheelchairBarrier":2,"WheelchairAccess":2,"ObstaclesType":null,"Gradient":0.0035999600000000001,"Direction":0,"PositionCertainty":1,"Enabled":1,"DataSource":1,"LevelSource":2,"StreetNameEN":"Argyle Street","StreetNameTC":"亞皆老街","ST_CODE":10027,"FloorID":null,"BuildingID_1":null,"BuildingID_2":null,"SiteID":null,"TerminalID":null,"AccessTimeID":null,"CreationDate":1614441600000,"ModifiedBy":"LANDSD","LastAmendmentDate":1655654400000,"Shape__Length":23.527945706119514}},{"type":"Feature","id":340762,"geometry":{"type":"LineString","coordinates":[[114.1706640636162,22.319232771318266,5.3524999999935972],[114.17066112207884,22.319247158749661,5.3053999999974621]]},"properties":{"OBJECTID":340762,"PedestrianRouteID":240007129,"Location":1,"FeatureType":1,"AliasNameEN":"Tung Choi Street","AliasNameTC":"通菜街","CrossingFeature":null,"WeatherProof":2,"WheelchairBarrier":2,"WheelchairAccess":2,"ObstaclesType":null,"Gradient":0.029034419999999998,"Direction":0,"PositionCertainty":1,"Enabled":1,"DataSource":1,"LevelSource":2,"StreetNameEN":"Tung Choi Street","StreetNameTC":"通菜街","ST_CODE":12513,"FloorID":null,"BuildingID_1":null,"BuildingID_2":null,"SiteID":null,"TerminalID":null,"AccessTimeID":null,"CreationDate":1614441600000,"ModifiedBy":"LANDSD","LastAmendmentDate":1655654400000,"Shape__Length":1.621756837566783}},{"type":"Feature","id":340763,"geometry":{"type":"LineString","coordinates":[[114.17068877347771,22.319111896843552,5.4391999999934342],[114.1706640636162,22.319232771318266,5.3524999999935972]]},"properties":{"OBJECTID":340763,"PedestrianRouteID":240007130,"Location":1,"FeatureType":1,"AliasNameEN":"Tung Choi Street","AliasNameTC":"通菜街","CrossingFeature":null,"WeatherProof":3,"WheelchairBarrier":2,"WheelchairAccess":2,"ObstaclesType":null,"Gradient":0.00636324,"Direction":0,"PositionCertainty":1,"Enabled":1,"DataSource":1,"LevelSource":2,"StreetNameEN":"Tung Choi Street","StreetNameTC":"通菜街","ST_CODE":12513,"FloorID":null,"BuildingID_1":null,"BuildingID_2":null,"SiteID":null,"TerminalID":null,"AccessTimeID":null,"CreationDate":1614441600000,"ModifiedBy":"LANDSD","LastAmendmentDate":1655654400000,"Shape__Length":13.624957032633155}},{"type":"Feature","id":340764,"geometry":{"type":"LineString","coordinates":[[114.17069298676071,22.319091284670616,5.4468999999953667],[114.17068877347771,22.319111896843552,5.4391999999934342]]},"properties":{"OBJECTID":340764,"PedestrianRouteID":240007131,"Location":1,"FeatureType":1,"AliasNameEN":"Tung Choi Street","AliasNameTC":"通菜街","CrossingFeature":null,"WeatherProof":2,"WheelchairBarrier":2,"WheelchairAccess":2,"ObstaclesType":null,"Gradient":0.0033140999999999999,"Direction":0,"PositionCertainty":1,"Enabled":1,"DataSource":1,"LevelSource":2,"StreetNameEN":"Tung Choi Street","StreetNameTC":"通菜街","ST_CODE":12513,"FloorID":null,"BuildingID_1":null,"BuildingID_2":null,"SiteID":null,"TerminalID":null,"AccessTimeID":null,"CreationDate":1614441600000,"ModifiedBy":"LANDSD","LastAmendmentDate":1655654400000,"Shape__Length":2.3233945519562811}},{"type":"Feature","id":340765,"geometry":{"type":"LineString","coordinates":[[114.17070587415648,22.319028243478805,5.5154999999940628],[114.17069298676071,22.319091284670616,5.4468999999953667]]},"properties":{"OBJECTID":340765,"PedestrianRouteID":240007132,"Location":1,"FeatureType":1,"AliasNameEN":"Tung Choi Street","AliasNameTC":"通菜街","CrossingFeature":null,"WeatherProof":3,"WheelchairBarrier":2,"WheelchairAccess":2,"ObstaclesType":null,"Gradient":0.0096535200000000005,"Direction":0,"PositionCertainty":1,"Enabled":1,"DataSource":1,"LevelSource":2,"StreetNameEN":"Tung Choi Street","StreetNameTC":"通菜街","ST_CODE":12513,"FloorID":null,"BuildingID_1":null,"BuildingID_2":null,"SiteID":null,"TerminalID":null,"AccessTimeID":null,"CreationDate":1614441600000,"ModifiedBy":"LANDSD","LastAmendmentDate":1655654400000,"Shape__Length":7.1059989496540297}},{"type":"Feature","id":340766,"geometry":{"type":"LineString","coordinates":[[114.17071053497378,22.319005443208962,5.5225999999966007],[114.17070587415648,22.319028243478805,5.5154999999940628]]},"properties":{"OBJECTID":340766,"PedestrianRouteID":240007133,"Location":1,"FeatureType":1,"AliasNameEN":"Tung Choi Street","AliasNameTC":"通菜街","CrossingFeature":null,"WeatherProof":2,"WheelchairBarrier":2,"WheelchairAccess":2,"ObstaclesType":null,"Gradient":0.0027625900000000001,"Direction":0,"PositionCertainty":1,"Enabled":1,"DataSource":1,"LevelSource":2,"StreetNameEN":"Tung Choi Street","StreetNameTC":"通菜街","ST_CODE":12513,"FloorID":null,"BuildingID_1":null,"BuildingID_2":null,"SiteID":null,"TerminalID":null,"AccessTimeID":null,"CreationDate":1614441600000,"ModifiedBy":"LANDSD","LastAmendmentDate":1655654400000,"Shape__Length":2.570041058730963}},{"type":"Feature","id":340767,"geometry":{"type":"LineString","coordinates":[[114.17071712282919,22.3189732159736,5.4241000000038184],[114.17071053497378,22.319005443208962,5.5225999999966007]]},"properties":{"OBJECTID":340767,"PedestrianRouteID":240007134,"Location":1,"FeatureType":1,"AliasNameEN":"Tung Choi Street","AliasNameTC":"通菜街","CrossingFeature":null,"WeatherProof":3,"WheelchairBarrier":2,"WheelchairAccess":2,"ObstaclesType":null,"Gradient":0.02710858,"Direction":0,"PositionCertainty":1,"Enabled":1,"DataSource":1,"LevelSource":2,"StreetNameEN":"Tung Choi Street","StreetNameTC":"通菜街","ST_CODE":12513,"FloorID":null,"BuildingID_1":null,"BuildingID_2":null,"SiteID":null,"TerminalID":null,"AccessTimeID":null,"CreationDate":1614441600000,"ModifiedBy":"LANDSD","LastAmendmentDate":1655654400000,"Shape__Length":3.6326460954639974}},{"type":"Feature","id":340768,"geometry":{"type":"LineString","coordinates":[[114.17075229683851,22.318801154660711,5.636899999997695],[114.17071712282919,22.3189732159736,5.4241000000038184]]},"properties":{"OBJECTID":340768,"PedestrianRouteID":240007135,"Location":1,"FeatureType":1,"AliasNameEN":"Tung Choi Street","AliasNameTC":"通菜街","CrossingFeature":null,"WeatherProof":2,"WheelchairBarrier":2,"WheelchairAccess":2,"ObstaclesType":null,"Gradient":0.01097161,"Direction":0,"PositionCertainty":1,"Enabled":1,"DataSource":1,"LevelSource":2,"StreetNameEN":"Tung Choi Street","StreetNameTC":"通菜街","ST_CODE":12513,"FloorID":null,"BuildingID_1":null,"BuildingID_2":null,"SiteID":null,"TerminalID":null,"AccessTimeID":null,"CreationDate":1614441600000,"ModifiedBy":"LANDSD","LastAmendmentDate":1655654400000,"Shape__Length":19.394736893281678}},{"type":"Feature","id":340769,"geometry":{"type":"LineString","coordinates":[[114.1707880658596,22.318626179185632,5.7385999999969499],[114.17078730087242,22.31862992053275,5.7363999999943189]]},"properties":{"OBJECTID":340769,"PedestrianRouteID":240007136,"Location":1,"FeatureType":1,"AliasNameEN":"Tung Choi Street","AliasNameTC":"通菜街","CrossingFeature":null,"WeatherProof":2,"WheelchairBarrier":2,"WheelchairAccess":2,"ObstaclesType":null,"Gradient":0.0052165900000000001,"Direction":0,"PositionCertainty":1,"Enabled":1,"DataSource":1,"LevelSource":2,"StreetNameEN":"Tung Choi Street","StreetNameTC":"通菜街","ST_CODE":12513,"FloorID":null,"BuildingID_1":null,"BuildingID_2":null,"SiteID":null,"TerminalID":null,"AccessTimeID":null,"CreationDate":1614441600000,"ModifiedBy":"LANDSD","LastAmendmentDate":1655654400000,"Shape__Length":0.42172731727640039}},{"type":"Feature","id":340770,"geometry":{"type":"LineString","coordinates":[[114.17078730087242,22.31862992053275,5.7363999999943189],[114.17075229683851,22.318801154660711,5.636899999997695]]},"properties":{"OBJECTID":340770,"PedestrianRouteID":240007137,"Location":1,"FeatureType":1,"AliasNameEN":"Tung Choi Street","AliasNameTC":"通菜街","CrossingFeature":null,"WeatherProof":3,"WheelchairBarrier":2,"WheelchairAccess":2,"ObstaclesType":null,"Gradient":0.0051549999999999999,"Direction":0,"PositionCertainty":1,"Enabled":1,"DataSource":1,"LevelSource":2,"StreetNameEN":"Tung Choi Street","StreetNameTC":"通菜街","ST_CODE":12513,"FloorID":null,"BuildingID_1":null,"BuildingID_2":null,"SiteID":null,"TerminalID":null,"AccessTimeID":null,"CreationDate":1614441600000,"ModifiedBy":"LANDSD","LastAmendmentDate":1655654400000,"Shape__Length":19.301480237960813}},{"type":"Feature","id":340771,"geometry":{"type":"LineString","coordinates":[[114.17137608292894,22.320606798974264,5.8919000000023516],[114.1713778109371,22.320598282280049,5.9003999999986263]]},"properties":{"OBJECTID":340771,"PedestrianRouteID":240007138,"Location":1,"FeatureType":1,"AliasNameEN":"Sai Yee Street","AliasNameTC":"洗衣街","CrossingFeature":null,"WeatherProof":2,"WheelchairBarrier":2,"WheelchairAccess":2,"ObstaclesType":null,"Gradient":0.0088562299999999997,"Direction":0,"PositionCertainty":1,"Enabled":1,"DataSource":1,"LevelSource":2,"StreetNameEN":"Sai Yee Street","StreetNameTC":"洗衣街","ST_CODE":11861,"FloorID":null,"BuildingID_1":null,"BuildingID_2":null,"SiteID":null,"TerminalID":null,"AccessTimeID":null,"CreationDate":1614441600000,"ModifiedBy":"LANDSD","LastAmendmentDate":1655654400000,"Shape__Length":0.95975080605963581}},{"type":"Feature","id":340772,"geometry":{"type":"LineString","coordinates":[[114.17147913689162,22.32009886133293,5.8429000000032829],[114.17148107166419,22.320089326896007,5.74649999999383]]},"properties":{"OBJECTID":340772,"PedestrianRouteID":240007139,"Location":1,"FeatureType":1,"AliasNameEN":"Sai Yee Street","AliasNameTC":"洗衣街","CrossingFeature":null,"WeatherProof":2,"WheelchairBarrier":2,"WheelchairAccess":2,"ObstaclesType":null,"Gradient":0.089481069999999996,"Direction":0,"PositionCertainty":1,"Enabled":1,"DataSource":1,"LevelSource":2,"StreetNameEN":"Sai Yee Street","StreetNameTC":"洗衣街","ST_CODE":11861,"FloorID":null,"BuildingID_1":null,"BuildingID_2":null,"SiteID":null,"TerminalID":null,"AccessTimeID":null,"CreationDate":1614441600000,"ModifiedBy":"LANDSD","LastAmendmentDate":1655654400000,"Shape__Length":1.0744459643183533}},{"type":"Feature","id":340773,"geometry":{"type":"LineString","coordinates":[[114.1713778109371,22.320598282280049,5.9003999999986263],[114.17147913689162,22.32009886133293,5.8429000000032829]]},"properties":{"OBJECTID":340773,"PedestrianRouteID":240007140,"Location":1,"FeatureType":1,"AliasNameEN":"Sai Yee Street","AliasNameTC":"洗衣街","CrossingFeature":null,"WeatherProof":3,"WheelchairBarrier":2,"WheelchairAccess":2,"ObstaclesType":null,"Gradient":0.0010216800000000001,"Direction":0,"PositionCertainty":1,"Enabled":1,"DataSource":1,"LevelSource":2,"StreetNameEN":"Sai Yee Street","StreetNameTC":"洗衣街","ST_CODE":11861,"FloorID":null,"BuildingID_1":null,"BuildingID_2":null,"SiteID":null,"TerminalID":null,"AccessTimeID":null,"CreationDate":1614441600000,"ModifiedBy":"LANDSD","LastAmendmentDate":1655654400000,"Shape__Length":56.279921634931789}},{"type":"Feature","id":340774,"geometry":{"type":"LineString","coordinates":[[114.17090208925185,22.320114342275911,5.5344999999942956],[114.17089761483339,22.320135983026749,5.7902000000030966]]},"properties":{"OBJECTID":340774,"PedestrianRouteID":240007141,"Location":1,"FeatureType":1,"AliasNameEN":"Fa Yuen Street","AliasNameTC":"花園街","CrossingFeature":null,"WeatherProof":2,"WheelchairBarrier":2,"WheelchairAccess":2,"ObstaclesType":null,"Gradient":0.10440038,"Direction":0,"PositionCertainty":1,"Enabled":1,"DataSource":1,"LevelSource":2,"StreetNameEN":"Fa Yuen Street","StreetNameTC":"花園街","ST_CODE":10419,"FloorID":null,"BuildingID_1":null,"BuildingID_2":null,"SiteID":null,"TerminalID":null,"AccessTimeID":null,"CreationDate":1614441600000,"ModifiedBy":"LANDSD","LastAmendmentDate":1655654400000,"Shape__Length":2.4403200127854605}},{"type":"Feature","id":340775,"geometry":{"type":"LineString","coordinates":[[114.17089761483339,22.320135983026749,5.7902000000030966],[114.1708228367965,22.320497639283413,5.8536000000021886]]},"properties":{"OBJECTID":340775,"PedestrianRouteID":240007142,"Location":1,"FeatureType":1,"AliasNameEN":"Fa Yuen Street","AliasNameTC":"花園街","CrossingFeature":null,"WeatherProof":3,"WheelchairBarrier":2,"WheelchairAccess":2,"ObstaclesType":null,"Gradient":0.0024569499999999998,"Direction":0,"PositionCertainty":1,"Enabled":1,"DataSource":1,"LevelSource":2,"StreetNameEN":"Fa Yuen Street","StreetNameTC":"花園街","ST_CODE":10419,"FloorID":null,"BuildingID_1":null,"BuildingID_2":null,"SiteID":null,"TerminalID":null,"AccessTimeID":null,"CreationDate":1614441600000,"ModifiedBy":"LANDSD","LastAmendmentDate":1689264000000,"Shape__Length":40.782225424076046}},{"type":"Feature","id":340776,"geometry":{"type":"LineString","coordinates":[[114.17130296004281,22.31817669063183,5.4833999999973457],[114.17124053622217,22.318479893448384,5.5243000000045868],[114.17122399874303,22.318566769914199,5.5553000000072643]]},"properties":{"OBJECTID":340776,"PedestrianRouteID":240007143,"Location":1,"FeatureType":1,"AliasNameEN":"Fa Yuen Street","AliasNameTC":"花園街","CrossingFeature":null,"WeatherProof":2,"WheelchairBarrier":2,"WheelchairAccess":2,"ObstaclesType":null,"Gradient":0.0016357399999999999,"Direction":0,"PositionCertainty":1,"Enabled":1,"DataSource":1,"LevelSource":2,"StreetNameEN":"Fa Yuen Street","StreetNameTC":"花園街","ST_CODE":10419,"FloorID":null,"BuildingID_1":null,"BuildingID_2":null,"SiteID":null,"TerminalID":null,"AccessTimeID":null,"CreationDate":1614441600000,"ModifiedBy":"LANDSD","LastAmendmentDate":1655654400000,"Shape__Length":43.955474607027682}},{"type":"Feature","id":340777,"geometry":{"type":"LineString","coordinates":[[114.17132887580451,22.318050811328575,5.5271999999968102],[114.17132654303838,22.318062141938093,5.5265000000072177]]},"properties":{"OBJECTID":340777,"PedestrianRouteID":240007144,"Location":1,"FeatureType":1,"AliasNameEN":"Fa Yuen Street","AliasNameTC":"花園街","CrossingFeature":null,"WeatherProof":2,"WheelchairBarrier":2,"WheelchairAccess":2,"ObstaclesType":null,"Gradient":0.00054794000000000002,"Direction":0,"PositionCertainty":1,"Enabled":1,"DataSource":1,"LevelSource":2,"StreetNameEN":"Fa Yuen Street","StreetNameTC":"花園街","ST_CODE":10419,"FloorID":null,"BuildingID_1":null,"BuildingID_2":null,"SiteID":null,"TerminalID":null,"AccessTimeID":null,"CreationDate":1614441600000,"ModifiedBy":"LANDSD","LastAmendmentDate":1655654400000,"Shape__Length":1.2775038860885803}},{"type":"Feature","id":340778,"geometry":{"type":"LineString","coordinates":[[114.17132654303838,22.318062141938093,5.5265000000072177],[114.17130296004281,22.31817669063183,5.4833999999973457]]},"properties":{"OBJECTID":340778,"PedestrianRouteID":240007145,"Location":1,"FeatureType":1,"AliasNameEN":"Fa Yuen Street","AliasNameTC":"花園街","CrossingFeature":null,"WeatherProof":3,"WheelchairBarrier":2,"WheelchairAccess":2,"ObstaclesType":null,"Gradient":0.00333716,"Direction":0,"PositionCertainty":1,"Enabled":1,"DataSource":1,"LevelSource":2,"StreetNameEN":"Fa Yuen Street","StreetNameTC":"花園街","ST_CODE":10419,"FloorID":null,"BuildingID_1":null,"BuildingID_2":null,"SiteID":null,"TerminalID":null,"AccessTimeID":null,"CreationDate":1614441600000,"ModifiedBy":"LANDSD","LastAmendmentDate":1655654400000,"Shape__Length":12.9151297198392}},{"type":"Feature","id":340779,"geometry":{"type":"LineString","coordinates":[[114.17077127323594,22.321469039251205,6.1511999999929685],[114.17077798542462,22.321436970063157,6.0979999999981374]]},"properties":{"OBJECTID":340779,"PedestrianRouteID":240007146,"Location":1,"FeatureType":1,"AliasNameEN":"Fa Yuen Street","AliasNameTC":"花園街","CrossingFeature":null,"WeatherProof":2,"WheelchairBarrier":2,"WheelchairAccess":2,"ObstaclesType":null,"Gradient":0.01470368,"Direction":0,"PositionCertainty":1,"Enabled":1,"DataSource":1,"LevelSource":2,"StreetNameEN":"Fa Yuen Street","StreetNameTC":"花園街","ST_CODE":10419,"FloorID":null,"BuildingID_1":null,"BuildingID_2":null,"SiteID":null,"TerminalID":null,"AccessTimeID":null,"CreationDate":1614441600000,"ModifiedBy":"LANDSD","LastAmendmentDate":1655654400000,"Shape__Length":3.6178799598517033}},{"type":"Feature","id":340780,"geometry":{"type":"LineString","coordinates":[[114.17077798542462,22.321436970063157,6.0979999999981374],[114.17079517750641,22.321354826631371,6.0800000000017462]]},"properties":{"OBJECTID":340780,"PedestrianRouteID":240007147,"Location":1,"FeatureType":1,"AliasNameEN":"Fa Yuen Street","AliasNameTC":"花園街","CrossingFeature":null,"WeatherProof":3,"WheelchairBarrier":2,"WheelchairAccess":2,"ObstaclesType":null,"Gradient":0.0019423800000000001,"Direction":0,"PositionCertainty":1,"Enabled":1,"DataSource":1,"LevelSource":2,"StreetNameEN":"Fa Yuen Street","StreetNameTC":"花園街","ST_CODE":10419,"FloorID":null,"BuildingID_1":null,"BuildingID_2":null,"SiteID":null,"TerminalID":null,"AccessTimeID":null,"CreationDate":1614441600000,"ModifiedBy":"LANDSD","LastAmendmentDate":1655654400000,"Shape__Length":9.2669812358023584}},{"type":"Feature","id":340781,"geometry":{"type":"LineString","coordinates":[[114.17079517750641,22.321354826631371,6.0800000000017462],[114.17080375557987,22.321313838898313,6.0742999999929452]]},"properties":{"OBJECTID":340781,"PedestrianRouteID":240007148,"Location":1,"FeatureType":1,"AliasNameEN":"Fa Yuen Street","AliasNameTC":"花園街","CrossingFeature":null,"WeatherProof":2,"WheelchairBarrier":2,"WheelchairAccess":2,"ObstaclesType":null,"Gradient":0.0012327,"Direction":0,"PositionCertainty":1,"Enabled":1,"DataSource":1,"LevelSource":2,"StreetNameEN":"Fa Yuen Street","StreetNameTC":"花園街","ST_CODE":10419,"FloorID":null,"BuildingID_1":null,"BuildingID_2":null,"SiteID":null,"TerminalID":null,"AccessTimeID":null,"CreationDate":1614441600000,"ModifiedBy":"LANDSD","LastAmendmentDate":1655654400000,"Shape__Length":4.6240084786800102}},{"type":"Feature","id":340782,"geometry":{"type":"LineString","coordinates":[[114.17080375557987,22.321313838898313,6.0742999999929452],[114.17081345104911,22.321267511416838,6.087599999998929]]},"properties":{"OBJECTID":340782,"PedestrianRouteID":240007149,"Location":1,"FeatureType":1,"AliasNameEN":"Fa Yuen Street","AliasNameTC":"花園街","CrossingFeature":null,"WeatherProof":3,"WheelchairBarrier":2,"WheelchairAccess":2,"ObstaclesType":null,"Gradient":0.0025447600000000001,"Direction":0,"PositionCertainty":1,"Enabled":1,"DataSource":1,"LevelSource":2,"StreetNameEN":"Fa Yuen Street","StreetNameTC":"花園街","ST_CODE":10419,"FloorID":null,"BuildingID_1":null,"BuildingID_2":null,"SiteID":null,"TerminalID":null,"AccessTimeID":null,"CreationDate":1614441600000,"ModifiedBy":"LANDSD","LastAmendmentDate":1655654400000,"Shape__Length":5.2264067662577833}},{"type":"Feature","id":340783,"geometry":{"type":"LineString","coordinates":[[114.17091087218166,22.320828900927683,6.0978999999933876],[114.17090859272194,22.320840160187565,6.0632999999943422]]},"properties":{"OBJECTID":340783,"PedestrianRouteID":240007150,"Location":1,"FeatureType":1,"AliasNameEN":"Fa Yuen Street","AliasNameTC":"花園街","CrossingFeature":null,"WeatherProof":2,"WheelchairBarrier":2,"WheelchairAccess":2,"ObstaclesType":null,"Gradient":0.027264900000000002,"Direction":0,"PositionCertainty":1,"Enabled":1,"DataSource":1,"LevelSource":2,"StreetNameEN":"Fa Yuen Street","StreetNameTC":"花園街","ST_CODE":10419,"FloorID":null,"BuildingID_1":null,"BuildingID_2":null,"SiteID":null,"TerminalID":null,"AccessTimeID":null,"CreationDate":1614441600000,"ModifiedBy":"LANDSD","LastAmendmentDate":1655654400000,"Shape__Length":1.2687163904910486}},{"type":"Feature","id":340784,"geometry":{"type":"LineString","coordinates":[[114.17094826186931,22.320644236596848,6.0773999999946682],[114.17091087218166,22.320828900927683,6.0978999999933876]]},"properties":{"OBJECTID":340784,"PedestrianRouteID":240007151,"Location":1,"FeatureType":1,"AliasNameEN":"Fa Yuen Street","AliasNameTC":"花園街","CrossingFeature":null,"WeatherProof":3,"WheelchairBarrier":2,"WheelchairAccess":2,"ObstaclesType":null,"Gradient":0.00098518,"Direction":0,"PositionCertainty":1,"Enabled":1,"DataSource":1,"LevelSource":2,"StreetNameEN":"Fa Yuen Street","StreetNameTC":"花園街","ST_CODE":10419,"FloorID":null,"BuildingID_1":null,"BuildingID_2":null,"SiteID":null,"TerminalID":null,"AccessTimeID":null,"CreationDate":1614441600000,"ModifiedBy":"LANDSD","LastAmendmentDate":1655654400000,"Shape__Length":20.808430818783656}},{"type":"Feature","id":340785,"geometry":{"type":"LineString","coordinates":[[114.16981047879248,22.32059602304826,5.3172000000049593],[114.16976269597212,22.32082591548582,5.2955999999976484]]},"properties":{"OBJECTID":340785,"PedestrianRouteID":240007152,"Location":1,"FeatureType":1,"AliasNameEN":"Sai Yeung Choi Street South","AliasNameTC":"西洋菜南街","CrossingFeature":null,"WeatherProof":2,"WheelchairBarrier":2,"WheelchairAccess":2,"ObstaclesType":null,"Gradient":0.00083305,"Direction":0,"PositionCertainty":1,"Enabled":1,"DataSource":1,"LevelSource":2,"StreetNameEN":"Sai Yeung Choi Street South","StreetNameTC":"西洋菜南街","ST_CODE":11864,"FloorID":null,"BuildingID_1":null,"BuildingID_2":null,"SiteID":null,"TerminalID":null,"AccessTimeID":null,"CreationDate":1614441600000,"ModifiedBy":"LANDSD","LastAmendmentDate":1655654400000,"Shape__Length":25.928714555897439}},{"type":"Feature","id":340786,"geometry":{"type":"LineString","coordinates":[[114.169842862054,22.320440223235767,5.3730000000068685],[114.16982773252863,22.320513012776409,5.379400000005262]]},"properties":{"OBJECTID":340786,"PedestrianRouteID":240007153,"Location":1,"FeatureType":1,"AliasNameEN":"Sai Yeung Choi Street South","AliasNameTC":"西洋菜南街","CrossingFeature":null,"WeatherProof":2,"WheelchairBarrier":2,"WheelchairAccess":2,"ObstaclesType":null,"Gradient":0.00077957000000000005,"Direction":0,"PositionCertainty":1,"Enabled":1,"DataSource":1,"LevelSource":2,"StreetNameEN":"Sai Yeung Choi Street South","StreetNameTC":"西洋菜南街","ST_CODE":11864,"FloorID":null,"BuildingID_1":null,"BuildingID_2":null,"SiteID":null,"TerminalID":null,"AccessTimeID":null,"CreationDate":1614441600000,"ModifiedBy":"LANDSD","LastAmendmentDate":1655654400000,"Shape__Length":8.2096686118222593}},{"type":"Feature","id":340787,"geometry":{"type":"LineString","coordinates":[[114.16982773252863,22.320513012776409,5.379400000005262],[114.16981047879248,22.32059602304826,5.3172000000049593]]},"properties":{"OBJECTID":340787,"PedestrianRouteID":240007154,"Location":1,"FeatureType":1,"AliasNameEN":"Sai Yeung Choi Street South","AliasNameTC":"西洋菜南街","CrossingFeature":null,"WeatherProof":3,"WheelchairBarrier":2,"WheelchairAccess":2,"ObstaclesType":null,"Gradient":0.0066434800000000002,"Direction":0,"PositionCertainty":1,"Enabled":1,"DataSource":1,"LevelSource":2,"StreetNameEN":"Sai Yeung Choi Street South","StreetNameTC":"西洋菜南街","ST_CODE":11864,"FloorID":null,"BuildingID_1":null,"BuildingID_2":null,"SiteID":null,"TerminalID":null,"AccessTimeID":null,"CreationDate":1614441600000,"ModifiedBy":"LANDSD","LastAmendmentDate":1655654400000,"Shape__Length":9.3624238673259388}},{"type":"Feature","id":340792,"geometry":{"type":"LineString","coordinates":[[114.16774643550868,22.320460875252152,4.9872999999934109],[114.16773094387786,22.320458051420069,4.9817999999941094]]},"properties":{"OBJECTID":340792,"PedestrianRouteID":240007159,"Location":1,"FeatureType":1,"AliasNameEN":"Mong Kok Road","AliasNameTC":"旺角道","CrossingFeature":null,"WeatherProof":3,"WheelchairBarrier":2,"WheelchairAccess":2,"ObstaclesType":null,"Gradient":0.00338164,"Direction":0,"PositionCertainty":1,"Enabled":1,"DataSource":1,"LevelSource":2,"StreetNameEN":"Mong Kok Road","StreetNameTC":"旺角道","ST_CODE":11454,"FloorID":null,"BuildingID_1":null,"BuildingID_2":null,"SiteID":null,"TerminalID":null,"AccessTimeID":null,"CreationDate":1614441600000,"ModifiedBy":"LANDSD","LastAmendmentDate":1655654400000,"Shape__Length":1.6264236745209832}},{"type":"Feature","id":340793,"geometry":{"type":"LineString","coordinates":[[114.16776479731449,22.320432130998672,4.9827999999979511],[114.16775836603512,22.320463049583879,4.903600000005099]]},"properties":{"OBJECTID":340793,"PedestrianRouteID":240007160,"Location":1,"FeatureType":1,"AliasNameEN":"Shanghai Street","AliasNameTC":"上海街","CrossingFeature":null,"WeatherProof":2,"WheelchairBarrier":2,"WheelchairAccess":2,"ObstaclesType":null,"Gradient":0.022707149999999999,"Direction":0,"PositionCertainty":1,"Enabled":1,"DataSource":1,"LevelSource":2,"StreetNameEN":"Shanghai Street","StreetNameTC":"上海街","ST_CODE":11984,"FloorID":null,"BuildingID_1":null,"BuildingID_2":null,"SiteID":null,"TerminalID":null,"AccessTimeID":null,"CreationDate":1614441600000,"ModifiedBy":"LANDSD","LastAmendmentDate":1655654400000,"Shape__Length":3.4872883727212161}},{"type":"Feature","id":340794,"geometry":{"type":"LineString","coordinates":[[114.17081345104911,22.321267511416838,6.087599999998929],[114.17092294762266,22.321287222904942,6.1141999999963446]]},"properties":{"OBJECTID":340794,"PedestrianRouteID":240007161,"Location":1,"FeatureType":1,"AliasNameEN":"Mong Kok Road","AliasNameTC":"旺角道","CrossingFeature":null,"WeatherProof":3,"WheelchairBarrier":2,"WheelchairAccess":2,"ObstaclesType":null,"Gradient":0.00231496,"Direction":0,"PositionCertainty":1,"Enabled":1,"DataSource":1,"LevelSource":2,"StreetNameEN":"Mong Kok Road","StreetNameTC":"旺角道","ST_CODE":11454,"FloorID":null,"BuildingID_1":null,"BuildingID_2":null,"SiteID":null,"TerminalID":null,"AccessTimeID":null,"CreationDate":1614441600000,"ModifiedBy":"LANDSD","LastAmendmentDate":1655654400000,"Shape__Length":11.490437893134855}},{"type":"Feature","id":340795,"geometry":{"type":"LineString","coordinates":[[114.17092294762266,22.321287222904942,6.1141999999963446],[114.17104808355107,22.321309749713166,6.1138000000064494]]},"properties":{"OBJECTID":340795,"PedestrianRouteID":240007162,"Location":1,"FeatureType":1,"AliasNameEN":"Mong Kok Road","AliasNameTC":"旺角道","CrossingFeature":null,"WeatherProof":2,"WheelchairBarrier":2,"WheelchairAccess":2,"ObstaclesType":null,"Gradient":3.046e-05,"Direction":0,"PositionCertainty":1,"Enabled":1,"DataSource":1,"LevelSource":2,"StreetNameEN":"Mong Kok Road","StreetNameTC":"旺角道","ST_CODE":11454,"FloorID":null,"BuildingID_1":null,"BuildingID_2":null,"SiteID":null,"TerminalID":null,"AccessTimeID":null,"CreationDate":1614441600000,"ModifiedBy":"LANDSD","LastAmendmentDate":1655654400000,"Shape__Length":13.131609602506288}},{"type":"Feature","id":340799,"geometry":{"type":"LineString","coordinates":[[114.16853549625128,22.320390416601036,5.0225000000064028],[114.16849118432474,22.320602523996751,4.8571999999985565]]},"properties":{"OBJECTID":340799,"PedestrianRouteID":240007166,"Location":1,"FeatureType":1,"AliasNameEN":"Portland Street","AliasNameTC":"砵蘭街","CrossingFeature":null,"WeatherProof":3,"WheelchairBarrier":2,"WheelchairAccess":2,"ObstaclesType":null,"Gradient":0.0069083399999999998,"Direction":0,"PositionCertainty":1,"Enabled":1,"DataSource":1,"LevelSource":12,"StreetNameEN":"Portland Street","StreetNameTC":"砵蘭街","ST_CODE":11777,"FloorID":null,"BuildingID_1":null,"BuildingID_2":null,"SiteID":null,"TerminalID":null,"AccessTimeID":null,"CreationDate":1614441600000,"ModifiedBy":"LANDSD","LastAmendmentDate":1764518400000,"Shape__Length":23.927232502397214}},{"type":"Feature","id":340800,"geometry":{"type":"LineString","coordinates":[[114.16854875747302,22.320326936723337,5.1088000000017928],[114.16853549625128,22.320390416601036,5.0225000000064028]]},"properties":{"OBJECTID":340800,"PedestrianRouteID":240007167,"Location":1,"FeatureType":1,"AliasNameEN":"Portland Street","AliasNameTC":"砵蘭街","CrossingFeature":null,"WeatherProof":2,"WheelchairBarrier":2,"WheelchairAccess":2,"ObstaclesType":null,"Gradient":0.01205085,"Direction":0,"PositionCertainty":1,"Enabled":1,"DataSource":1,"LevelSource":12,"StreetNameEN":"Portland Street","StreetNameTC":"砵蘭街","ST_CODE":11777,"FloorID":null,"BuildingID_1":null,"BuildingID_2":null,"SiteID":null,"TerminalID":null,"AccessTimeID":null,"CreationDate":1614441600000,"ModifiedBy":"LANDSD","LastAmendmentDate":1764518400000,"Shape__Length":7.1609743096897356}},{"type":"Feature","id":340801,"geometry":{"type":"LineString","coordinates":[[114.16857490415119,22.320201782159689,5.1848000000027241],[114.16857388278989,22.320206670367924,5.1760999999969499]]},"properties":{"OBJECTID":340801,"PedestrianRouteID":240007168,"Location":1,"FeatureType":1,"AliasNameEN":"Portland Street","AliasNameTC":"砵蘭街","CrossingFeature":null,"WeatherProof":2,"WheelchairBarrier":2,"WheelchairAccess":2,"ObstaclesType":null,"Gradient":0.015775910000000001,"Direction":0,"PositionCertainty":1,"Enabled":1,"DataSource":1,"LevelSource":12,"StreetNameEN":"Portland Street","StreetNameTC":"砵蘭街","ST_CODE":11777,"FloorID":null,"BuildingID_1":null,"BuildingID_2":null,"SiteID":null,"TerminalID":null,"AccessTimeID":null,"CreationDate":1614441600000,"ModifiedBy":"LANDSD","LastAmendmentDate":1764518400000,"Shape__Length":0.55142789980231444}},{"type":"Feature","id":340802,"geometry":{"type":"LineString","coordinates":[[114.16857388278989,22.320206670367924,5.1760999999969499],[114.16854875747302,22.320326936723337,5.1088000000017928]]},"properties":{"OBJECTID":340802,"PedestrianRouteID":240007169,"Location":1,"FeatureType":1,"AliasNameEN":"Portland Street","AliasNameTC":"砵蘭街","CrossingFeature":null,"WeatherProof":3,"WheelchairBarrier":2,"WheelchairAccess":2,"ObstaclesType":null,"Gradient":0.0049605600000000001,"Direction":0,"PositionCertainty":1,"Enabled":1,"DataSource":1,"LevelSource":12,"StreetNameEN":"Portland Street","StreetNameTC":"砵蘭街","ST_CODE":11777,"FloorID":null,"BuildingID_1":null,"BuildingID_2":null,"SiteID":null,"TerminalID":null,"AccessTimeID":null,"CreationDate":1614441600000,"ModifiedBy":"LANDSD","LastAmendmentDate":1764518400000,"Shape__Length":13.566909126866987}},{"type":"Feature","id":340803,"geometry":{"type":"LineString","coordinates":[[114.16992200910018,22.321108526621426,5.4510000000009313],[114.16998645306141,22.321120295313438,5.4467000000004191],[114.16998818170023,22.321120610554047,5.450700000001234],[114.17011599520102,22.321143950948372,5.5240999999950873]]},"properties":{"OBJECTID":340803,"PedestrianRouteID":240007170,"Location":1,"FeatureType":1,"AliasNameEN":"Mong Kok Road","AliasNameTC":"旺角道","CrossingFeature":null,"WeatherProof":3,"WheelchairBarrier":2,"WheelchairAccess":2,"ObstaclesType":null,"Gradient":0.0035890599999999998,"Direction":0,"PositionCertainty":1,"Enabled":1,"DataSource":1,"LevelSource":2,"StreetNameEN":"Mong Kok Road","StreetNameTC":"旺角道","ST_CODE":11454,"FloorID":null,"BuildingID_1":null,"BuildingID_2":null,"SiteID":null,"TerminalID":null,"AccessTimeID":null,"CreationDate":1614441600000,"ModifiedBy":"LANDSD","LastAmendmentDate":1655654400000,"Shape__Length":20.367344106252325}},{"type":"Feature","id":340804,"geometry":{"type":"LineString","coordinates":[[114.16991080255306,22.321106479811306,5.4465000000054715],[114.16992200910018,22.321108526621426,5.4510000000009313]]},"properties":{"OBJECTID":340804,"PedestrianRouteID":240007171,"Location":1,"FeatureType":1,"AliasNameEN":"Mong Kok Road","AliasNameTC":"旺角道","CrossingFeature":null,"WeatherProof":2,"WheelchairBarrier":2,"WheelchairAccess":2,"ObstaclesType":null,"Gradient":0.0038244799999999999,"Direction":0,"PositionCertainty":1,"Enabled":1,"DataSource":1,"LevelSource":2,"StreetNameEN":"Mong Kok Road","StreetNameTC":"旺角道","ST_CODE":11454,"FloorID":null,"BuildingID_1":null,"BuildingID_2":null,"SiteID":null,"TerminalID":null,"AccessTimeID":null,"CreationDate":1614441600000,"ModifiedBy":"LANDSD","LastAmendmentDate":1655654400000,"Shape__Length":1.1766259896263476}},{"type":"Feature","id":340807,"geometry":{"type":"LineString","coordinates":[[114.17081345104911,22.321267511416838,6.087599999998929],[114.17081543635091,22.32125806639398,6.1009000000049127]]},"properties":{"OBJECTID":340807,"PedestrianRouteID":240007174,"Location":1,"FeatureType":1,"AliasNameEN":"Mong Kok Road","AliasNameTC":"旺角道","CrossingFeature":null,"WeatherProof":3,"WheelchairBarrier":2,"WheelchairAccess":2,"ObstaclesType":null,"Gradient":0.01247935,"Direction":0,"PositionCertainty":1,"Enabled":1,"DataSource":1,"LevelSource":2,"StreetNameEN":"Mong Kok Road","StreetNameTC":"旺角道","ST_CODE":11454,"FloorID":null,"BuildingID_1":null,"BuildingID_2":null,"SiteID":null,"TerminalID":null,"AccessTimeID":null,"CreationDate":1614441600000,"ModifiedBy":"LANDSD","LastAmendmentDate":1655654400000,"Shape__Length":1.0657049594232519}},{"type":"Feature","id":340808,"geometry":{"type":"LineString","coordinates":[[114.17081543635091,22.32125806639398,6.1009000000049127],[114.17081910114928,22.321240633874407,5.4250000000029104]]},"properties":{"OBJECTID":340808,"PedestrianRouteID":240007175,"Location":1,"FeatureType":1,"AliasNameEN":"Mong Kok Road","AliasNameTC":"旺角道","CrossingFeature":null,"WeatherProof":2,"WheelchairBarrier":2,"WheelchairAccess":2,"ObstaclesType":null,"Gradient":0.33098506999999999,"Direction":0,"PositionCertainty":1,"Enabled":1,"DataSource":1,"LevelSource":2,"StreetNameEN":"Mong Kok Road","StreetNameTC":"旺角道","ST_CODE":11454,"FloorID":null,"BuildingID_1":null,"BuildingID_2":null,"SiteID":null,"TerminalID":null,"AccessTimeID":null,"CreationDate":1614441600000,"ModifiedBy":"LANDSD","LastAmendmentDate":1655654400000,"Shape__Length":1.9669647718570586}},{"type":"Feature","id":340809,"geometry":{"type":"LineString","coordinates":[[114.16802601629438,22.319962794747035,5.1827000000048429],[114.16802012100732,22.319991459337373,5.1870999999955529]]},"properties":{"OBJECTID":340809,"PedestrianRouteID":240007176,"Location":1,"FeatureType":1,"AliasNameEN":"Shanghai Street","AliasNameTC":"上海街","CrossingFeature":null,"WeatherProof":2,"WheelchairBarrier":2,"WheelchairAccess":2,"ObstaclesType":null,"Gradient":0.0013614899999999999,"Direction":0,"PositionCertainty":1,"Enabled":1,"DataSource":1,"LevelSource":2,"StreetNameEN":"Shanghai Street","StreetNameTC":"上海街","ST_CODE":11984,"FloorID":null,"BuildingID_1":null,"BuildingID_2":null,"SiteID":null,"TerminalID":null,"AccessTimeID":null,"CreationDate":1614441600000,"ModifiedBy":"LANDSD","LastAmendmentDate":1655654400000,"Shape__Length":3.2317545514673451}},{"type":"Feature","id":340810,"geometry":{"type":"LineString","coordinates":[[114.16804729930905,22.319859312521004,5.1575000000011642],[114.16802601629438,22.319962794747035,5.1827000000048429]]},"properties":{"OBJECTID":340810,"PedestrianRouteID":240007177,"Location":1,"FeatureType":1,"AliasNameEN":"Shanghai Street","AliasNameTC":"上海街","CrossingFeature":null,"WeatherProof":3,"WheelchairBarrier":2,"WheelchairAccess":2,"ObstaclesType":null,"Gradient":0.00215994,"Direction":0,"PositionCertainty":1,"Enabled":1,"DataSource":1,"LevelSource":2,"StreetNameEN":"Shanghai Street","StreetNameTC":"上海街","ST_CODE":11984,"FloorID":null,"BuildingID_1":null,"BuildingID_2":null,"SiteID":null,"TerminalID":null,"AccessTimeID":null,"CreationDate":1614441600000,"ModifiedBy":"LANDSD","LastAmendmentDate":1655654400000,"Shape__Length":11.666986203019039}},{"type":"Feature","id":340811,"geometry":{"type":"LineString","coordinates":[[114.16817797250562,22.319223942291046,4.8062000000063563],[114.16804729930905,22.319859312521004,5.1575000000011642]]},"properties":{"OBJECTID":340811,"PedestrianRouteID":240007178,"Location":1,"FeatureType":1,"AliasNameEN":"Shanghai Street","AliasNameTC":"上海街","CrossingFeature":null,"WeatherProof":2,"WheelchairBarrier":2,"WheelchairAccess":2,"ObstaclesType":null,"Gradient":0.0049040500000000001,"Direction":0,"PositionCertainty":1,"Enabled":1,"DataSource":1,"LevelSource":2,"StreetNameEN":"Shanghai Street","StreetNameTC":"上海街","ST_CODE":11984,"FloorID":null,"BuildingID_1":null,"BuildingID_2":null,"SiteID":null,"TerminalID":null,"AccessTimeID":null,"CreationDate":1614441600000,"ModifiedBy":"LANDSD","LastAmendmentDate":1655654400000,"Shape__Length":71.634054411908693}},{"type":"Feature","id":340812,"geometry":{"type":"LineString","coordinates":[[114.16861374087378,22.317117397893281,3.9649000000063097],[114.1685910908835,22.317225310570123,3.993400000006659]]},"properties":{"OBJECTID":340812,"PedestrianRouteID":240007179,"Location":1,"FeatureType":1,"AliasNameEN":"Shanghai Street","AliasNameTC":"上海街","CrossingFeature":null,"WeatherProof":2,"WheelchairBarrier":2,"WheelchairAccess":2,"ObstaclesType":null,"Gradient":0.0023407800000000002,"Direction":0,"PositionCertainty":1,"Enabled":1,"DataSource":1,"LevelSource":2,"StreetNameEN":"Shanghai Street","StreetNameTC":"上海街","ST_CODE":11984,"FloorID":null,"BuildingID_1":null,"BuildingID_2":null,"SiteID":null,"TerminalID":null,"AccessTimeID":null,"CreationDate":1614441600000,"ModifiedBy":"LANDSD","LastAmendmentDate":1655654400000,"Shape__Length":12.175410014804831}},{"type":"Feature","id":340815,"geometry":{"type":"LineString","coordinates":[[114.17026261451332,22.321162641249629,5.5681000000040513],[114.1702579293448,22.321184191665527,5.5771999999997206]]},"properties":{"OBJECTID":340815,"PedestrianRouteID":240007182,"Location":1,"FeatureType":1,"AliasNameEN":"Mong Kok Road","AliasNameTC":"旺角道","CrossingFeature":null,"WeatherProof":2,"WheelchairBarrier":2,"WheelchairAccess":2,"ObstaclesType":null,"Gradient":0.0037376000000000002,"Direction":0,"PositionCertainty":1,"Enabled":1,"DataSource":1,"LevelSource":2,"StreetNameEN":"Mong Kok Road","StreetNameTC":"旺角道","ST_CODE":11454,"FloorID":null,"BuildingID_1":null,"BuildingID_2":null,"SiteID":null,"TerminalID":null,"AccessTimeID":null,"CreationDate":1614441600000,"ModifiedBy":"LANDSD","LastAmendmentDate":1655654400000,"Shape__Length":2.4347089592467843}},{"type":"Feature","id":340816,"geometry":{"type":"LineString","coordinates":[[114.17032427580845,22.321174044858591,5.6083000000071479],[114.17027433548722,22.321164809066186,5.5711000000010245]]},"properties":{"OBJECTID":340816,"PedestrianRouteID":240007183,"Location":1,"FeatureType":1,"AliasNameEN":"Mong Kok Road","AliasNameTC":"旺角道","CrossingFeature":null,"WeatherProof":3,"WheelchairBarrier":2,"WheelchairAccess":2,"ObstaclesType":null,"Gradient":0.0070911100000000003,"Direction":0,"PositionCertainty":1,"Enabled":1,"DataSource":1,"LevelSource":2,"StreetNameEN":"Mong Kok Road","StreetNameTC":"旺角道","ST_CODE":11454,"FloorID":null,"BuildingID_1":null,"BuildingID_2":null,"SiteID":null,"TerminalID":null,"AccessTimeID":null,"CreationDate":1614441600000,"ModifiedBy":"LANDSD","LastAmendmentDate":1655654400000,"Shape__Length":5.2459144424741222}},{"type":"Feature","id":340818,"geometry":{"type":"LineString","coordinates":[[114.17063067442228,22.321424160923662,6.1704000000027008],[114.17062848232004,22.321434636326718,6.1716000000014901]]},"properties":{"OBJECTID":340818,"PedestrianRouteID":240007185,"Location":1,"FeatureType":1,"AliasNameEN":"Fa Yuen Street","AliasNameTC":"花園街","CrossingFeature":null,"WeatherProof":2,"WheelchairBarrier":2,"WheelchairAccess":2,"ObstaclesType":null,"Gradient":0.00101542,"Direction":0,"PositionCertainty":1,"Enabled":1,"DataSource":1,"LevelSource":2,"StreetNameEN":"Fa Yuen Street","StreetNameTC":"花園街","ST_CODE":10419,"FloorID":null,"BuildingID_1":null,"BuildingID_2":null,"SiteID":null,"TerminalID":null,"AccessTimeID":null,"CreationDate":1614441600000,"ModifiedBy":"LANDSD","LastAmendmentDate":1655654400000,"Shape__Length":1.1817722455722699}},{"type":"Feature","id":340819,"geometry":{"type":"LineString","coordinates":[[114.17062848232004,22.321434636326718,6.1716000000014901],[114.17046638104624,22.32223788130884,6.2694999999948777]]},"properties":{"OBJECTID":340819,"PedestrianRouteID":240007186,"Location":1,"FeatureType":1,"AliasNameEN":"Fa Yuen Street","AliasNameTC":"花園街","CrossingFeature":null,"WeatherProof":3,"WheelchairBarrier":2,"WheelchairAccess":2,"ObstaclesType":null,"Gradient":0.0019568699999999999,"Direction":0,"PositionCertainty":1,"Enabled":1,"DataSource":1,"LevelSource":2,"StreetNameEN":"Fa Yuen Street","StreetNameTC":"花園街","ST_CODE":10419,"FloorID":null,"BuildingID_1":null,"BuildingID_2":null,"SiteID":null,"TerminalID":null,"AccessTimeID":null,"CreationDate":1614441600000,"ModifiedBy":"LANDSD","LastAmendmentDate":1689264000000,"Shape__Length":90.501423264446444}},{"type":"Feature","id":340820,"geometry":{"type":"LineString","coordinates":[[114.16811988108074,22.321793854534668,5.1171999999933178],[114.16820054752331,22.321403591885183,4.9514999999955762]]},"properties":{"OBJECTID":340820,"PedestrianRouteID":240007187,"Location":1,"FeatureType":1,"AliasNameEN":"Portland Street","AliasNameTC":"砵蘭街","CrossingFeature":null,"WeatherProof":2,"WheelchairBarrier":2,"WheelchairAccess":2,"ObstaclesType":null,"Gradient":0.0037652499999999999,"Direction":0,"PositionCertainty":1,"Enabled":1,"DataSource":1,"LevelSource":12,"StreetNameEN":"Portland Street","StreetNameTC":"砵蘭街","ST_CODE":11777,"FloorID":null,"BuildingID_1":null,"BuildingID_2":null,"SiteID":null,"TerminalID":null,"AccessTimeID":null,"CreationDate":1614441600000,"ModifiedBy":"LANDSD","LastAmendmentDate":1689264000000,"Shape__Length":44.007508561199067}},{"type":"Feature","id":340821,"geometry":{"type":"LineString","coordinates":[[114.16820054752331,22.321403591885183,4.9514999999955762],[114.16820893706381,22.321363004335073,4.916800000006333]]},"properties":{"OBJECTID":340821,"PedestrianRouteID":240007188,"Location":1,"FeatureType":1,"AliasNameEN":"Portland Street","AliasNameTC":"砵蘭街","CrossingFeature":null,"WeatherProof":3,"WheelchairBarrier":2,"WheelchairAccess":2,"ObstaclesType":null,"Gradient":0.028702060000000001,"Direction":0,"PositionCertainty":1,"Enabled":1,"DataSource":1,"LevelSource":2,"StreetNameEN":"Portland Street","StreetNameTC":"砵蘭街","ST_CODE":11777,"FloorID":null,"BuildingID_1":null,"BuildingID_2":null,"SiteID":null,"TerminalID":null,"AccessTimeID":null,"CreationDate":1614441600000,"ModifiedBy":"LANDSD","LastAmendmentDate":1689264000000,"Shape__Length":4.5768110142409562}},{"type":"Feature","id":340822,"geometry":{"type":"LineString","coordinates":[[114.16820893706381,22.321363004335073,4.916800000006333],[114.1682832038496,22.32100370086382,4.979300000006333]]},"properties":{"OBJECTID":340822,"PedestrianRouteID":240007189,"Location":1,"FeatureType":1,"AliasNameEN":"Portland Street","AliasNameTC":"砵蘭街","CrossingFeature":null,"WeatherProof":2,"WheelchairBarrier":2,"WheelchairAccess":2,"ObstaclesType":null,"Gradient":0.00154258,"Direction":0,"PositionCertainty":1,"Enabled":1,"DataSource":1,"LevelSource":2,"StreetNameEN":"Portland Street","StreetNameTC":"砵蘭街","ST_CODE":11777,"FloorID":null,"BuildingID_1":null,"BuildingID_2":null,"SiteID":null,"TerminalID":null,"AccessTimeID":null,"CreationDate":1614441600000,"ModifiedBy":"LANDSD","LastAmendmentDate":1655654400000,"Shape__Length":40.516426536100113}},{"type":"Feature","id":340825,"geometry":{"type":"LineString","coordinates":[[114.16809268831673,22.318863529390619,4.7789999999949941],[114.1680862958907,22.318896288432196,4.8411999999952968]]},"properties":{"OBJECTID":340825,"PedestrianRouteID":240007192,"Location":1,"FeatureType":1,"AliasNameEN":"Shanghai Street","AliasNameTC":"上海街","CrossingFeature":null,"WeatherProof":3,"WheelchairBarrier":2,"WheelchairAccess":2,"ObstaclesType":null,"Gradient":0.016869100000000001,"Direction":0,"PositionCertainty":1,"Enabled":1,"DataSource":1,"LevelSource":2,"StreetNameEN":"Shanghai Street","StreetNameTC":"上海街","ST_CODE":11984,"FloorID":null,"BuildingID_1":null,"BuildingID_2":null,"SiteID":null,"TerminalID":null,"AccessTimeID":null,"CreationDate":1614441600000,"ModifiedBy":"LANDSD","LastAmendmentDate":1655654400000,"Shape__Length":3.6868648354774005}},{"type":"Feature","id":340826,"geometry":{"type":"LineString","coordinates":[[114.16809661853094,22.318843389569476,4.7670000000071013],[114.16809268831673,22.318863529390619,4.7789999999949941]]},"properties":{"OBJECTID":340826,"PedestrianRouteID":240007193,"Location":1,"FeatureType":1,"AliasNameEN":"Shanghai Street","AliasNameTC":"上海街","CrossingFeature":null,"WeatherProof":2,"WheelchairBarrier":2,"WheelchairAccess":2,"ObstaclesType":null,"Gradient":0.0052941300000000002,"Direction":0,"PositionCertainty":1,"Enabled":1,"DataSource":1,"LevelSource":2,"StreetNameEN":"Shanghai Street","StreetNameTC":"上海街","ST_CODE":11984,"FloorID":null,"BuildingID_1":null,"BuildingID_2":null,"SiteID":null,"TerminalID":null,"AccessTimeID":null,"CreationDate":1614441600000,"ModifiedBy":"LANDSD","LastAmendmentDate":1655654400000,"Shape__Length":2.2666396008652829}},{"type":"Feature","id":340827,"geometry":{"type":"LineString","coordinates":[[114.16810667028186,22.318791876887541,4.6796999999933178],[114.16810424302703,22.318804314595461,4.7437999999965541]]},"properties":{"OBJECTID":340827,"PedestrianRouteID":240007194,"Location":1,"FeatureType":1,"AliasNameEN":"Shanghai Street","AliasNameTC":"上海街","CrossingFeature":null,"WeatherProof":2,"WheelchairBarrier":2,"WheelchairAccess":2,"ObstaclesType":null,"Gradient":0.04576011,"Direction":0,"PositionCertainty":1,"Enabled":1,"DataSource":1,"LevelSource":2,"StreetNameEN":"Shanghai Street","StreetNameTC":"上海街","ST_CODE":11984,"FloorID":null,"BuildingID_1":null,"BuildingID_2":null,"SiteID":null,"TerminalID":null,"AccessTimeID":null,"CreationDate":1614441600000,"ModifiedBy":"LANDSD","LastAmendmentDate":1655654400000,"Shape__Length":1.3998054470172738}},{"type":"Feature","id":340828,"geometry":{"type":"LineString","coordinates":[[114.16810424302703,22.318804314595461,4.7437999999965541],[114.16809661853094,22.318843389569476,4.7670000000071013]]},"properties":{"OBJECTID":340828,"PedestrianRouteID":240007195,"Location":1,"FeatureType":1,"AliasNameEN":"Shanghai Street","AliasNameTC":"上海街","CrossingFeature":null,"WeatherProof":3,"WheelchairBarrier":2,"WheelchairAccess":2,"ObstaclesType":null,"Gradient":0.00527546,"Direction":0,"PositionCertainty":1,"Enabled":1,"DataSource":1,"LevelSource":2,"StreetNameEN":"Shanghai Street","StreetNameTC":"上海街","ST_CODE":11984,"FloorID":null,"BuildingID_1":null,"BuildingID_2":null,"SiteID":null,"TerminalID":null,"AccessTimeID":null,"CreationDate":1614441600000,"ModifiedBy":"LANDSD","LastAmendmentDate":1655654400000,"Shape__Length":4.3976840595119651}},{"type":"Feature","id":340835,"geometry":{"type":"LineString","coordinates":[[114.16986491550223,22.321098100165816,5.4354000000021188],[114.16991080255306,22.321106479811306,5.4465000000054715]]},"properties":{"OBJECTID":340835,"PedestrianRouteID":240007202,"Location":1,"FeatureType":1,"AliasNameEN":"Mong Kok Road","AliasNameTC":"旺角道","CrossingFeature":null,"WeatherProof":2,"WheelchairBarrier":2,"WheelchairAccess":2,"ObstaclesType":null,"Gradient":0.0023039200000000001,"Direction":0,"PositionCertainty":1,"Enabled":1,"DataSource":1,"LevelSource":2,"StreetNameEN":"Mong Kok Road","StreetNameTC":"旺角道","ST_CODE":11454,"FloorID":null,"BuildingID_1":null,"BuildingID_2":null,"SiteID":null,"TerminalID":null,"AccessTimeID":null,"CreationDate":1614441600000,"ModifiedBy":"LANDSD","LastAmendmentDate":1655654400000,"Shape__Length":4.8178599582100921}},{"type":"Feature","id":340836,"geometry":{"type":"LineString","coordinates":[[114.16970909834909,22.321069646127498,5.3983000000007451],[114.16971995256273,22.321071627915867,5.41019999999844],[114.16978178557704,22.321082919759448,5.435299999997369],[114.16986491550223,22.321098100165816,5.4354000000021188]]},"properties":{"OBJECTID":340836,"PedestrianRouteID":240007203,"Location":1,"FeatureType":1,"AliasNameEN":"Mong Kok Road","AliasNameTC":"旺角道","CrossingFeature":null,"WeatherProof":3,"WheelchairBarrier":2,"WheelchairAccess":2,"ObstaclesType":null,"Gradient":0.0022677399999999999,"Direction":0,"PositionCertainty":1,"Enabled":1,"DataSource":1,"LevelSource":2,"StreetNameEN":"Mong Kok Road","StreetNameTC":"旺角道","ST_CODE":11454,"FloorID":null,"BuildingID_1":null,"BuildingID_2":null,"SiteID":null,"TerminalID":null,"AccessTimeID":null,"CreationDate":1614441600000,"ModifiedBy":"LANDSD","LastAmendmentDate":1655654400000,"Shape__Length":16.359841494504678}},{"type":"Feature","id":340843,"geometry":{"type":"LineString","coordinates":[[114.17072217979275,22.320999045647827,5.8721999999979744],[114.17062300871454,22.320981222716043,5.7516000000032363]]},"properties":{"OBJECTID":340843,"PedestrianRouteID":240007210,"Location":1,"FeatureType":1,"AliasNameEN":"Mong Kok Road","AliasNameTC":"旺角道","CrossingFeature":null,"WeatherProof":2,"WheelchairBarrier":2,"WheelchairAccess":2,"ObstaclesType":null,"Gradient":0.011588630000000001,"Direction":0,"PositionCertainty":1,"Enabled":1,"DataSource":1,"LevelSource":2,"StreetNameEN":"Mong Kok Road","StreetNameTC":"旺角道","ST_CODE":11454,"FloorID":null,"BuildingID_1":null,"BuildingID_2":null,"SiteID":null,"TerminalID":null,"AccessTimeID":null,"CreationDate":1614441600000,"ModifiedBy":"LANDSD","LastAmendmentDate":1655654400000,"Shape__Length":10.406287738601836}},{"type":"Feature","id":340844,"geometry":{"type":"LineString","coordinates":[[114.17057109325968,22.320971892117981,5.6952000000019325],[114.17051341438984,22.320961526372912,5.6325999999971827]]},"properties":{"OBJECTID":340844,"PedestrianRouteID":240007211,"Location":1,"FeatureType":1,"AliasNameEN":"Mong Kok Road","AliasNameTC":"旺角道","CrossingFeature":null,"WeatherProof":3,"WheelchairBarrier":2,"WheelchairAccess":2,"ObstaclesType":null,"Gradient":0.010347429999999999,"Direction":0,"PositionCertainty":1,"Enabled":1,"DataSource":1,"LevelSource":2,"StreetNameEN":"Mong Kok Road","StreetNameTC":"旺角道","ST_CODE":11454,"FloorID":null,"BuildingID_1":null,"BuildingID_2":null,"SiteID":null,"TerminalID":null,"AccessTimeID":null,"CreationDate":1614441600000,"ModifiedBy":"LANDSD","LastAmendmentDate":1730995200000,"Shape__Length":6.0523946102608779}},{"type":"Feature","id":340845,"geometry":{"type":"LineString","coordinates":[[114.17051341438984,22.320961526372912,5.6325999999971827],[114.17037501755505,22.320936654281862,5.500899999999092]]},"properties":{"OBJECTID":340845,"PedestrianRouteID":240007212,"Location":1,"FeatureType":1,"AliasNameEN":"Mong Kok Road","AliasNameTC":"旺角道","CrossingFeature":null,"WeatherProof":2,"WheelchairBarrier":2,"WheelchairAccess":2,"ObstaclesType":null,"Gradient":0.00906853,"Direction":0,"PositionCertainty":1,"Enabled":1,"DataSource":1,"LevelSource":2,"StreetNameEN":"Mong Kok Road","StreetNameTC":"旺角道","ST_CODE":11454,"FloorID":null,"BuildingID_1":null,"BuildingID_2":null,"SiteID":null,"TerminalID":null,"AccessTimeID":null,"CreationDate":1614441600000,"ModifiedBy":"LANDSD","LastAmendmentDate":1655654400000,"Shape__Length":14.522346303572668}},{"type":"Feature","id":340846,"geometry":{"type":"LineString","coordinates":[[114.17113148214902,22.321073247771963,6.0391999999992549],[114.17098867271497,22.321048236075665,6.0917000000044936]]},"properties":{"OBJECTID":340846,"PedestrianRouteID":240007213,"Location":1,"FeatureType":1,"AliasNameEN":"Mong Kok Road","AliasNameTC":"旺角道","CrossingFeature":null,"WeatherProof":2,"WheelchairBarrier":2,"WheelchairAccess":2,"ObstaclesType":null,"Gradient":0.00350658,"Direction":0,"PositionCertainty":1,"Enabled":1,"DataSource":1,"LevelSource":2,"StreetNameEN":"Mong Kok Road","StreetNameTC":"旺角道","ST_CODE":11454,"FloorID":null,"BuildingID_1":null,"BuildingID_2":null,"SiteID":null,"TerminalID":null,"AccessTimeID":null,"CreationDate":1614441600000,"ModifiedBy":"LANDSD","LastAmendmentDate":1655654400000,"Shape__Length":14.971806739815046}},{"type":"Feature","id":340847,"geometry":{"type":"LineString","coordinates":[[114.17088289078578,22.32102970958147,6.0954000000056112],[114.17087064859619,22.321027565269251,6.0978999999933876],[114.17087122622907,22.321024714332403,6.0966000000044005]]},"properties":{"OBJECTID":340847,"PedestrianRouteID":240007214,"Location":1,"FeatureType":1,"AliasNameEN":"Mong Kok Road","AliasNameTC":"旺角道","CrossingFeature":null,"WeatherProof":2,"WheelchairBarrier":2,"WheelchairAccess":2,"ObstaclesType":null,"Gradient":0.00074779999999999996,"Direction":0,"PositionCertainty":1,"Enabled":1,"DataSource":1,"LevelSource":2,"StreetNameEN":"Mong Kok Road","StreetNameTC":"旺角道","ST_CODE":11454,"FloorID":null,"BuildingID_1":null,"BuildingID_2":null,"SiteID":null,"TerminalID":null,"AccessTimeID":null,"CreationDate":1614441600000,"ModifiedBy":"LANDSD","LastAmendmentDate":1655654400000,"Shape__Length":1.6047051557097789}},{"type":"Feature","id":340848,"geometry":{"type":"LineString","coordinates":[[114.17098867271497,22.321048236075665,6.0917000000044936],[114.17088289078578,22.32102970958147,6.0954000000056112]]},"properties":{"OBJECTID":340848,"PedestrianRouteID":240007215,"Location":1,"FeatureType":1,"AliasNameEN":"Mong Kok Road","AliasNameTC":"旺角道","CrossingFeature":null,"WeatherProof":3,"WheelchairBarrier":2,"WheelchairAccess":2,"ObstaclesType":null,"Gradient":0.00033364000000000001,"Direction":0,"PositionCertainty":1,"Enabled":1,"DataSource":1,"LevelSource":2,"StreetNameEN":"Mong Kok Road","StreetNameTC":"旺角道","ST_CODE":11454,"FloorID":null,"BuildingID_1":null,"BuildingID_2":null,"SiteID":null,"TerminalID":null,"AccessTimeID":null,"CreationDate":1614441600000,"ModifiedBy":"LANDSD","LastAmendmentDate":1655654400000,"Shape__Length":11.089927554517615}},{"type":"Feature","id":340854,"geometry":{"type":"LineString","coordinates":[[114.17023356937709,22.31853252023609,5.4649000000063097],[114.17023252866365,22.318537626995418,5.4769999999989523]]},"properties":{"OBJECTID":340854,"PedestrianRouteID":240007221,"Location":1,"FeatureType":1,"AliasNameEN":"Sai Yeung Choi Street South","AliasNameTC":"西洋菜南街","CrossingFeature":null,"WeatherProof":3,"WheelchairBarrier":2,"WheelchairAccess":2,"ObstaclesType":null,"Gradient":0.0210195,"Direction":0,"PositionCertainty":1,"Enabled":1,"DataSource":1,"LevelSource":2,"StreetNameEN":"Sai Yeung Choi Street South","StreetNameTC":"西洋菜南街","ST_CODE":11864,"FloorID":null,"BuildingID_1":null,"BuildingID_2":null,"SiteID":null,"TerminalID":null,"AccessTimeID":null,"CreationDate":1614441600000,"ModifiedBy":"LANDSD","LastAmendmentDate":1655654400000,"Shape__Length":0.57557109956064023}},{"type":"Feature","id":340855,"geometry":{"type":"LineString","coordinates":[[114.17026379616789,22.318518636019522,5.4489999999932479],[114.17023738176648,22.318513804482233,5.3972999999969034]]},"properties":{"OBJECTID":340855,"PedestrianRouteID":240007222,"Location":1,"FeatureType":1,"AliasNameEN":"Sai Yeung Choi Street South","AliasNameTC":"西洋菜南街","CrossingFeature":null,"WeatherProof":2,"WheelchairBarrier":2,"WheelchairAccess":2,"ObstaclesType":null,"Gradient":0.01863809,"Direction":0,"PositionCertainty":1,"Enabled":1,"DataSource":1,"LevelSource":2,"StreetNameEN":"Sai Yeung Choi Street South","StreetNameTC":"西洋菜南街","ST_CODE":11864,"FloorID":null,"BuildingID_1":null,"BuildingID_2":null,"SiteID":null,"TerminalID":null,"AccessTimeID":null,"CreationDate":1614441600000,"ModifiedBy":"LANDSD","LastAmendmentDate":1655654400000,"Shape__Length":2.7735681459556814}},{"type":"Feature","id":340856,"geometry":{"type":"LineString","coordinates":[[114.17011143646751,22.319132013981065,5.1503999999986263],[114.17010923366958,22.319142828929984,5.150500000003376]]},"properties":{"OBJECTID":340856,"PedestrianRouteID":240007223,"Location":1,"FeatureType":1,"AliasNameEN":"Sai Yeung Choi Street South","AliasNameTC":"西洋菜南街","CrossingFeature":null,"WeatherProof":2,"WheelchairBarrier":2,"WheelchairAccess":2,"ObstaclesType":null,"Gradient":8.2039999999999994e-05,"Direction":0,"PositionCertainty":1,"Enabled":1,"DataSource":1,"LevelSource":2,"StreetNameEN":"Sai Yeung Choi Street South","StreetNameTC":"西洋菜南街","ST_CODE":11864,"FloorID":null,"BuildingID_1":null,"BuildingID_2":null,"SiteID":null,"TerminalID":null,"AccessTimeID":null,"CreationDate":1614441600000,"ModifiedBy":"LANDSD","LastAmendmentDate":1655654400000,"Shape__Length":1.218904989560696}},{"type":"Feature","id":340857,"geometry":{"type":"LineString","coordinates":[[114.17023252866365,22.318537626995418,5.4769999999989523],[114.17011143646751,22.319132013981065,5.1503999999986263]]},"properties":{"OBJECTID":340857,"PedestrianRouteID":240007224,"Location":1,"FeatureType":1,"AliasNameEN":"Sai Yeung Choi Street South","AliasNameTC":"西洋菜南街","CrossingFeature":null,"WeatherProof":3,"WheelchairBarrier":2,"WheelchairAccess":2,"ObstaclesType":null,"Gradient":0.0048752300000000004,"Direction":0,"PositionCertainty":1,"Enabled":1,"DataSource":1,"LevelSource":2,"StreetNameEN":"Sai Yeung Choi Street South","StreetNameTC":"西洋菜南街","ST_CODE":11864,"FloorID":null,"BuildingID_1":null,"BuildingID_2":null,"SiteID":null,"TerminalID":null,"AccessTimeID":null,"CreationDate":1614441600000,"ModifiedBy":"LANDSD","LastAmendmentDate":1655654400000,"Shape__Length":66.991244130229774}},{"type":"Feature","id":340858,"geometry":{"type":"LineString","coordinates":[[114.17133432280704,22.318024354576405,5.52730000000156],[114.17133733414133,22.318009729628329,5.5317000000068219]]},"properties":{"OBJECTID":340858,"PedestrianRouteID":240007225,"Location":1,"FeatureType":1,"AliasNameEN":"Fa Yuen Street","AliasNameTC":"花園街","CrossingFeature":null,"WeatherProof":2,"WheelchairBarrier":2,"WheelchairAccess":2,"ObstaclesType":null,"Gradient":0.0026683700000000002,"Direction":0,"PositionCertainty":1,"Enabled":1,"DataSource":1,"LevelSource":2,"StreetNameEN":"Fa Yuen Street","StreetNameTC":"花園街","ST_CODE":10419,"FloorID":null,"BuildingID_1":null,"BuildingID_2":null,"SiteID":null,"TerminalID":null,"AccessTimeID":null,"CreationDate":1614441600000,"ModifiedBy":"LANDSD","LastAmendmentDate":1655654400000,"Shape__Length":1.6489403537451908}},{"type":"Feature","id":340859,"geometry":{"type":"LineString","coordinates":[[114.17133733414133,22.318009729628329,5.5317000000068219],[114.17134634095902,22.317965981210953,5.4931999999971595]]},"properties":{"OBJECTID":340859,"PedestrianRouteID":240007226,"Location":1,"FeatureType":1,"AliasNameEN":"Fa Yuen Street","AliasNameTC":"花園街","CrossingFeature":null,"WeatherProof":3,"WheelchairBarrier":2,"WheelchairAccess":2,"ObstaclesType":null,"Gradient":0.0078051400000000003,"Direction":0,"PositionCertainty":1,"Enabled":1,"DataSource":1,"LevelSource":2,"StreetNameEN":"Fa Yuen Street","StreetNameTC":"花園街","ST_CODE":10419,"FloorID":null,"BuildingID_1":null,"BuildingID_2":null,"SiteID":null,"TerminalID":null,"AccessTimeID":null,"CreationDate":1614441600000,"ModifiedBy":"LANDSD","LastAmendmentDate":1655654400000,"Shape__Length":4.932544281215165}},{"type":"Feature","id":340860,"geometry":{"type":"LineString","coordinates":[[114.17134634095902,22.317965981210953,5.4931999999971595],[114.17135242672143,22.317936440530946,5.6101999999955297]]},"properties":{"OBJECTID":340860,"PedestrianRouteID":240007227,"Location":1,"FeatureType":1,"AliasNameEN":"Fa Yuen Street","AliasNameTC":"花園街","CrossingFeature":null,"WeatherProof":2,"WheelchairBarrier":2,"WheelchairAccess":2,"ObstaclesType":null,"Gradient":0.03511301,"Direction":0,"PositionCertainty":1,"Enabled":1,"DataSource":1,"LevelSource":2,"StreetNameEN":"Fa Yuen Street","StreetNameTC":"花園街","ST_CODE":10419,"FloorID":null,"BuildingID_1":null,"BuildingID_2":null,"SiteID":null,"TerminalID":null,"AccessTimeID":null,"CreationDate":1614441600000,"ModifiedBy":"LANDSD","LastAmendmentDate":1655654400000,"Shape__Length":3.3307286059583059}},{"type":"Feature","id":340861,"geometry":{"type":"LineString","coordinates":[[114.17042880121346,22.320375547742607,5.6811000000016065],[114.17041759501248,22.32043077750523,5.6763999999966472]]},"properties":{"OBJECTID":340861,"PedestrianRouteID":240007228,"Location":1,"FeatureType":1,"AliasNameEN":"Tung Choi Street","AliasNameTC":"通菜街","CrossingFeature":null,"WeatherProof":2,"WheelchairBarrier":2,"WheelchairAccess":2,"ObstaclesType":null,"Gradient":0.00075515999999999995,"Direction":0,"PositionCertainty":1,"Enabled":1,"DataSource":1,"LevelSource":2,"StreetNameEN":"Tung Choi Street","StreetNameTC":"通菜街","ST_CODE":12513,"FloorID":null,"BuildingID_1":null,"BuildingID_2":null,"SiteID":null,"TerminalID":null,"AccessTimeID":null,"CreationDate":1614441600000,"ModifiedBy":"LANDSD","LastAmendmentDate":1655654400000,"Shape__Length":6.2238767085378885}},{"type":"Feature","id":340862,"geometry":{"type":"LineString","coordinates":[[114.17045189995864,22.320261710798917,5.6297999999951571],[114.17042880121346,22.320375547742607,5.6811000000016065]]},"properties":{"OBJECTID":340862,"PedestrianRouteID":240007229,"Location":1,"FeatureType":1,"AliasNameEN":"Tung Choi Street","AliasNameTC":"通菜街","CrossingFeature":null,"WeatherProof":3,"WheelchairBarrier":2,"WheelchairAccess":2,"ObstaclesType":null,"Gradient":0.0039989300000000004,"Direction":0,"PositionCertainty":1,"Enabled":1,"DataSource":1,"LevelSource":2,"StreetNameEN":"Tung Choi Street","StreetNameTC":"通菜街","ST_CODE":12513,"FloorID":null,"BuildingID_1":null,"BuildingID_2":null,"SiteID":null,"TerminalID":null,"AccessTimeID":null,"CreationDate":1614441600000,"ModifiedBy":"LANDSD","LastAmendmentDate":1655654400000,"Shape__Length":12.828377222184551}},{"type":"Feature","id":340863,"geometry":{"type":"LineString","coordinates":[[114.17047474916603,22.320149100195202,5.5516000000061467],[114.17045477261556,22.320247551844442,5.6159999999945285]]},"properties":{"OBJECTID":340863,"PedestrianRouteID":240007230,"Location":1,"FeatureType":1,"AliasNameEN":"Tung Choi Street","AliasNameTC":"通菜街","CrossingFeature":null,"WeatherProof":3,"WheelchairBarrier":2,"WheelchairAccess":2,"ObstaclesType":null,"Gradient":0.0058045700000000002,"Direction":0,"PositionCertainty":1,"Enabled":1,"DataSource":1,"LevelSource":2,"StreetNameEN":"Tung Choi Street","StreetNameTC":"通菜街","ST_CODE":12513,"FloorID":null,"BuildingID_1":null,"BuildingID_2":null,"SiteID":null,"TerminalID":null,"AccessTimeID":null,"CreationDate":1614441600000,"ModifiedBy":"LANDSD","LastAmendmentDate":1655654400000,"Shape__Length":11.094589387174947}},{"type":"Feature","id":340864,"geometry":{"type":"LineString","coordinates":[[114.17047765773863,22.320134764241889,5.550600000002305],[114.17047474916603,22.320149100195202,5.5516000000061467]]},"properties":{"OBJECTID":340864,"PedestrianRouteID":240007231,"Location":1,"FeatureType":1,"AliasNameEN":"Tung Choi Street","AliasNameTC":"通菜街","CrossingFeature":null,"WeatherProof":2,"WheelchairBarrier":2,"WheelchairAccess":2,"ObstaclesType":null,"Gradient":0.00061899000000000003,"Direction":0,"PositionCertainty":1,"Enabled":1,"DataSource":1,"LevelSource":2,"StreetNameEN":"Tung Choi Street","StreetNameTC":"通菜街","ST_CODE":12513,"FloorID":null,"BuildingID_1":null,"BuildingID_2":null,"SiteID":null,"TerminalID":null,"AccessTimeID":null,"CreationDate":1614441600000,"ModifiedBy":"LANDSD","LastAmendmentDate":1655654400000,"Shape__Length":1.6155235717625025}},{"type":"Feature","id":340865,"geometry":{"type":"LineString","coordinates":[[114.17056493793734,22.319704624199225,5.4140000000043074],[114.17054203450934,22.319817498513082,5.4373000000050524]]},"properties":{"OBJECTID":340865,"PedestrianRouteID":240007232,"Location":1,"FeatureType":1,"AliasNameEN":"Tung Choi Street","AliasNameTC":"通菜街","CrossingFeature":null,"WeatherProof":2,"WheelchairBarrier":2,"WheelchairAccess":2,"ObstaclesType":null,"Gradient":0.0018317699999999999,"Direction":0,"PositionCertainty":1,"Enabled":1,"DataSource":1,"LevelSource":2,"StreetNameEN":"Tung Choi Street","StreetNameTC":"通菜街","ST_CODE":12513,"FloorID":null,"BuildingID_1":null,"BuildingID_2":null,"SiteID":null,"TerminalID":null,"AccessTimeID":null,"CreationDate":1614441600000,"ModifiedBy":"LANDSD","LastAmendmentDate":1655654400000,"Shape__Length":12.719898791524043}},{"type":"Feature","id":340866,"geometry":{"type":"LineString","coordinates":[[114.17054203450934,22.319817498513082,5.4373000000050524],[114.17047765773863,22.320134764241889,5.550600000002305]]},"properties":{"OBJECTID":340866,"PedestrianRouteID":240007233,"Location":1,"FeatureType":1,"AliasNameEN":"Tung Choi Street","AliasNameTC":"通菜街","CrossingFeature":null,"WeatherProof":3,"WheelchairBarrier":2,"WheelchairAccess":2,"ObstaclesType":null,"Gradient":0.0031689600000000002,"Direction":0,"PositionCertainty":1,"Enabled":1,"DataSource":1,"LevelSource":2,"StreetNameEN":"Tung Choi Street","StreetNameTC":"通菜街","ST_CODE":12513,"FloorID":null,"BuildingID_1":null,"BuildingID_2":null,"SiteID":null,"TerminalID":null,"AccessTimeID":null,"CreationDate":1614441600000,"ModifiedBy":"LANDSD","LastAmendmentDate":1655654400000,"Shape__Length":35.752935490915178}},{"type":"Feature","id":340867,"geometry":{"type":"LineString","coordinates":[[114.16782994980842,22.317923533884084,4.33980000000156],[114.16785230918065,22.317817814838744,4.3537000000069384]]},"properties":{"OBJECTID":340867,"PedestrianRouteID":240007234,"Location":1,"FeatureType":1,"AliasNameEN":"Reclamation Street","AliasNameTC":"新填地街","CrossingFeature":null,"WeatherProof":2,"WheelchairBarrier":2,"WheelchairAccess":2,"ObstaclesType":null,"Gradient":0.001165,"Direction":0,"PositionCertainty":1,"Enabled":1,"DataSource":1,"LevelSource":12,"StreetNameEN":"Reclamation Street","StreetNameTC":"新填地街","ST_CODE":11810,"FloorID":null,"BuildingID_1":null,"BuildingID_2":null,"SiteID":null,"TerminalID":null,"AccessTimeID":null,"CreationDate":1614441600000,"ModifiedBy":"LANDSD","LastAmendmentDate":1689264000000,"Shape__Length":11.931274727572259}},{"type":"Feature","id":340868,"geometry":{"type":"LineString","coordinates":[[114.16785920533619,22.317785209350074,4.3270999999949709],[114.16796443660363,22.317287649142408,4.0525000000052387]]},"properties":{"OBJECTID":340868,"PedestrianRouteID":240007235,"Location":1,"FeatureType":1,"AliasNameEN":"Reclamation Street","AliasNameTC":"新填地街","CrossingFeature":null,"WeatherProof":3,"WheelchairBarrier":2,"WheelchairAccess":2,"ObstaclesType":null,"Gradient":0.0048081900000000004,"Direction":0,"PositionCertainty":1,"Enabled":1,"DataSource":1,"LevelSource":2,"StreetNameEN":"Reclamation Street","StreetNameTC":"新填地街","ST_CODE":11810,"FloorID":null,"BuildingID_1":null,"BuildingID_2":null,"SiteID":null,"TerminalID":null,"AccessTimeID":null,"CreationDate":1614441600000,"ModifiedBy":"LANDSD","LastAmendmentDate":1689264000000,"Shape__Length":56.153781265789213}},{"type":"Feature","id":340869,"geometry":{"type":"LineString","coordinates":[[114.17077613059902,22.31794861676217,5.6000000000058208],[114.17078097873261,22.317924879118394,5.5742000000027474]]},"properties":{"OBJECTID":340869,"PedestrianRouteID":240007236,"Location":1,"FeatureType":1,"AliasNameEN":"Tung Choi Street","AliasNameTC":"通菜街","CrossingFeature":null,"WeatherProof":2,"WheelchairBarrier":2,"WheelchairAccess":2,"ObstaclesType":null,"Gradient":0.0096423299999999993,"Direction":0,"PositionCertainty":1,"Enabled":1,"DataSource":1,"LevelSource":2,"StreetNameEN":"Tung Choi Street","StreetNameTC":"通菜街","ST_CODE":12513,"FloorID":null,"BuildingID_1":null,"BuildingID_2":null,"SiteID":null,"TerminalID":null,"AccessTimeID":null,"CreationDate":1614441600000,"ModifiedBy":"LANDSD","LastAmendmentDate":1655654400000,"Shape__Length":2.6756192399731753}},{"type":"Feature","id":340870,"geometry":{"type":"LineString","coordinates":[[114.17078097873261,22.317924879118394,5.5742000000027474],[114.17079481347601,22.31785713390828,5.5099000000045635]]},"properties":{"OBJECTID":340870,"PedestrianRouteID":240007237,"Location":1,"FeatureType":1,"AliasNameEN":"Tung Choi Street","AliasNameTC":"通菜街","CrossingFeature":null,"WeatherProof":3,"WheelchairBarrier":2,"WheelchairAccess":2,"ObstaclesType":null,"Gradient":0.0084204799999999993,"Direction":0,"PositionCertainty":1,"Enabled":1,"DataSource":1,"LevelSource":2,"StreetNameEN":"Tung Choi Street","StreetNameTC":"通菜街","ST_CODE":12513,"FloorID":null,"BuildingID_1":null,"BuildingID_2":null,"SiteID":null,"TerminalID":null,"AccessTimeID":null,"CreationDate":1614441600000,"ModifiedBy":"LANDSD","LastAmendmentDate":1655654400000,"Shape__Length":7.6359618405970666}},{"type":"Feature","id":340871,"geometry":{"type":"LineString","coordinates":[[114.17079481347601,22.31785713390828,5.5099000000045635],[114.17080051298635,22.317829226869087,5.4835000000020955]]},"properties":{"OBJECTID":340871,"PedestrianRouteID":240007238,"Location":1,"FeatureType":1,"AliasNameEN":"Tung Choi Street","AliasNameTC":"通菜街","CrossingFeature":null,"WeatherProof":2,"WheelchairBarrier":2,"WheelchairAccess":2,"ObstaclesType":null,"Gradient":0.0083925500000000004,"Direction":0,"PositionCertainty":1,"Enabled":1,"DataSource":1,"LevelSource":2,"StreetNameEN":"Tung Choi Street","StreetNameTC":"通菜街","ST_CODE":12513,"FloorID":null,"BuildingID_1":null,"BuildingID_2":null,"SiteID":null,"TerminalID":null,"AccessTimeID":null,"CreationDate":1614441600000,"ModifiedBy":"LANDSD","LastAmendmentDate":1655654400000,"Shape__Length":3.1455747499595765}},{"type":"Feature","id":340872,"geometry":{"type":"LineString","coordinates":[[114.17081424383642,22.317761990075201,5.451600000000326],[114.17081131657254,22.317761473416478,5.4541000000026543],[114.170789629003,22.317757646346411,5.4725999999936903]]},"properties":{"OBJECTID":340872,"PedestrianRouteID":240007239,"Location":1,"FeatureType":1,"AliasNameEN":"Tung Choi Street","AliasNameTC":"通菜街","CrossingFeature":null,"WeatherProof":3,"WheelchairBarrier":2,"WheelchairAccess":2,"ObstaclesType":null,"Gradient":0.0081352799999999999,"Direction":0,"PositionCertainty":1,"Enabled":1,"DataSource":1,"LevelSource":2,"StreetNameEN":"Tung Choi Street","StreetNameTC":"通菜街","ST_CODE":12513,"FloorID":null,"BuildingID_1":null,"BuildingID_2":null,"SiteID":null,"TerminalID":null,"AccessTimeID":null,"CreationDate":1614441600000,"ModifiedBy":"LANDSD","LastAmendmentDate":1655654400000,"Shape__Length":2.5812919289391547}},{"type":"Feature","id":340873,"geometry":{"type":"LineString","coordinates":[[114.168969996415,22.320586451786994,4.9033000000054017],[114.1689498353919,22.320683306627455,4.9321000000054482]]},"properties":{"OBJECTID":340873,"PedestrianRouteID":240007240,"Location":1,"FeatureType":1,"AliasNameEN":"Nathan Road","AliasNameTC":"彌敦道","CrossingFeature":null,"WeatherProof":2,"WheelchairBarrier":2,"WheelchairAccess":2,"ObstaclesType":null,"Gradient":0.00263627,"Direction":0,"PositionCertainty":1,"Enabled":1,"DataSource":1,"LevelSource":12,"StreetNameEN":"Nathan Road","StreetNameTC":"彌敦道","ST_CODE":11504,"FloorID":null,"BuildingID_1":null,"BuildingID_2":null,"SiteID":null,"TerminalID":null,"AccessTimeID":null,"CreationDate":1614441600000,"ModifiedBy":"LANDSD","LastAmendmentDate":1642608000000,"Shape__Length":10.924482947410073}},{"type":"Feature","id":340874,"geometry":{"type":"LineString","coordinates":[[114.1706085123658,22.317725688345913,5.3905999999988126],[114.17058189233164,22.317720991412301,5.370599999994738]]},"properties":{"OBJECTID":340874,"PedestrianRouteID":240007241,"Location":1,"FeatureType":1,"AliasNameEN":"Shantung Street","AliasNameTC":"山東街","CrossingFeature":null,"WeatherProof":2,"WheelchairBarrier":2,"WheelchairAccess":2,"ObstaclesType":null,"Gradient":0.00716433,"Direction":0,"PositionCertainty":1,"Enabled":1,"DataSource":1,"LevelSource":2,"StreetNameEN":"Shantung Street","StreetNameTC":"山東街","ST_CODE":11986,"FloorID":null,"BuildingID_1":null,"BuildingID_2":null,"SiteID":null,"TerminalID":null,"AccessTimeID":null,"CreationDate":1614441600000,"ModifiedBy":"LANDSD","LastAmendmentDate":1655654400000,"Shape__Length":2.7915592942086129}},{"type":"Feature","id":340875,"geometry":{"type":"LineString","coordinates":[[114.17058189233164,22.317720991412301,5.370599999994738],[114.17044088392377,22.317696109334086,5.3105999999970663]]},"properties":{"OBJECTID":340875,"PedestrianRouteID":240007242,"Location":1,"FeatureType":1,"AliasNameEN":"Shantung Street","AliasNameTC":"山東街","CrossingFeature":null,"WeatherProof":3,"WheelchairBarrier":2,"WheelchairAccess":2,"ObstaclesType":null,"Gradient":0.0043507299999999997,"Direction":0,"PositionCertainty":1,"Enabled":1,"DataSource":1,"LevelSource":2,"StreetNameEN":"Shantung Street","StreetNameTC":"山東街","ST_CODE":11986,"FloorID":null,"BuildingID_1":null,"BuildingID_2":null,"SiteID":null,"TerminalID":null,"AccessTimeID":null,"CreationDate":1614441600000,"ModifiedBy":"LANDSD","LastAmendmentDate":1766073600000,"Shape__Length":14.787152293809134}},{"type":"Feature","id":340876,"geometry":{"type":"LineString","coordinates":[[114.16787229217958,22.320744127707314,4.7808999999979278],[114.1678690318688,22.320760029498107,4.9180000000051223]]},"properties":{"OBJECTID":340876,"PedestrianRouteID":240007243,"Location":1,"FeatureType":1,"AliasNameEN":"Mong Kok Road","AliasNameTC":"旺角道","CrossingFeature":null,"WeatherProof":2,"WheelchairBarrier":2,"WheelchairAccess":2,"ObstaclesType":null,"Gradient":0.076331120000000002,"Direction":0,"PositionCertainty":1,"Enabled":1,"DataSource":1,"LevelSource":2,"StreetNameEN":"Mong Kok Road","StreetNameTC":"旺角道","ST_CODE":11454,"FloorID":null,"BuildingID_1":null,"BuildingID_2":null,"SiteID":null,"TerminalID":null,"AccessTimeID":null,"CreationDate":1614441600000,"ModifiedBy":"LANDSD","LastAmendmentDate":1655654400000,"Shape__Length":1.7926322685024128}},{"type":"Feature","id":340877,"geometry":{"type":"LineString","coordinates":[[114.17083911909981,22.317645321110504,5.4464000000007218],[114.17083903172882,22.317645750963685,5.4452000000019325]]},"properties":{"OBJECTID":340877,"PedestrianRouteID":240007244,"Location":1,"FeatureType":1,"AliasNameEN":"Tung Choi Street","AliasNameTC":"通菜街","CrossingFeature":null,"WeatherProof":3,"WheelchairBarrier":2,"WheelchairAccess":2,"ObstaclesType":null,"Gradient":0.024766130000000001,"Direction":0,"PositionCertainty":1,"Enabled":1,"DataSource":1,"LevelSource":2,"StreetNameEN":"Tung Choi Street","StreetNameTC":"通菜街","ST_CODE":12513,"FloorID":null,"BuildingID_1":null,"BuildingID_2":null,"SiteID":null,"TerminalID":null,"AccessTimeID":null,"CreationDate":1614441600000,"ModifiedBy":"LANDSD","LastAmendmentDate":1655654400000,"Shape__Length":0.04844337017795447}},{"type":"Feature","id":340878,"geometry":{"type":"LineString","coordinates":[[114.17083556698506,22.317662770800556,5.4073999999964144],[114.17081055812072,22.317658198586237,5.4272000000055414]]},"properties":{"OBJECTID":340878,"PedestrianRouteID":240007245,"Location":1,"FeatureType":1,"AliasNameEN":"Tung Choi Street","AliasNameTC":"通菜街","CrossingFeature":null,"WeatherProof":2,"WheelchairBarrier":2,"WheelchairAccess":2,"ObstaclesType":null,"Gradient":0.0075399799999999999,"Direction":0,"PositionCertainty":1,"Enabled":1,"DataSource":1,"LevelSource":2,"StreetNameEN":"Tung Choi Street","StreetNameTC":"通菜街","ST_CODE":12513,"FloorID":null,"BuildingID_1":null,"BuildingID_2":null,"SiteID":null,"TerminalID":null,"AccessTimeID":null,"CreationDate":1614441600000,"ModifiedBy":"LANDSD","LastAmendmentDate":1655654400000,"Shape__Length":2.6259515087541776}},{"type":"Feature","id":340886,"geometry":{"type":"LineString","coordinates":[[114.17137434252189,22.317862772376223,5.5341000000044005],[114.17120509481467,22.317833252799197,5.5271000000066124]]},"properties":{"OBJECTID":340886,"PedestrianRouteID":240007253,"Location":1,"FeatureType":1,"AliasNameEN":"Shantung Street","AliasNameTC":"山東街","CrossingFeature":null,"WeatherProof":3,"WheelchairBarrier":2,"WheelchairAccess":2,"ObstaclesType":null,"Gradient":0.00039456000000000002,"Direction":0,"PositionCertainty":1,"Enabled":1,"DataSource":1,"LevelSource":2,"StreetNameEN":"Shantung Street","StreetNameTC":"山東街","ST_CODE":11986,"FloorID":null,"BuildingID_1":null,"BuildingID_2":null,"SiteID":null,"TerminalID":null,"AccessTimeID":null,"CreationDate":1614441600000,"ModifiedBy":"LANDSD","LastAmendmentDate":1655654400000,"Shape__Length":17.741420464539939}},{"type":"Feature","id":340887,"geometry":{"type":"LineString","coordinates":[[114.17113930895725,22.317821778937514,5.5243999999947846],[114.17111495324581,22.317817530991558,5.5185999999957858]]},"properties":{"OBJECTID":340887,"PedestrianRouteID":240007254,"Location":1,"FeatureType":1,"AliasNameEN":"Shantung Street","AliasNameTC":"山東街","CrossingFeature":null,"WeatherProof":2,"WheelchairBarrier":2,"WheelchairAccess":2,"ObstaclesType":null,"Gradient":0.0022717499999999999,"Direction":0,"PositionCertainty":1,"Enabled":1,"DataSource":1,"LevelSource":2,"StreetNameEN":"Shantung Street","StreetNameTC":"山東街","ST_CODE":11986,"FloorID":null,"BuildingID_1":null,"BuildingID_2":null,"SiteID":null,"TerminalID":null,"AccessTimeID":null,"CreationDate":1614441600000,"ModifiedBy":"LANDSD","LastAmendmentDate":1655654400000,"Shape__Length":2.5530903723665603}},{"type":"Feature","id":340888,"geometry":{"type":"LineString","coordinates":[[114.17111495324581,22.317817530991558,5.5185999999957858],[114.17103970620022,22.317804406865779,5.5522000000055414]]},"properties":{"OBJECTID":340888,"PedestrianRouteID":240007255,"Location":1,"FeatureType":1,"AliasNameEN":"Shantung Street","AliasNameTC":"山東街","CrossingFeature":null,"WeatherProof":3,"WheelchairBarrier":2,"WheelchairAccess":2,"ObstaclesType":null,"Gradient":0.0042597299999999998,"Direction":0,"PositionCertainty":1,"Enabled":1,"DataSource":1,"LevelSource":2,"StreetNameEN":"Shantung Street","StreetNameTC":"山東街","ST_CODE":11986,"FloorID":null,"BuildingID_1":null,"BuildingID_2":null,"SiteID":null,"TerminalID":null,"AccessTimeID":null,"CreationDate":1614441600000,"ModifiedBy":"LANDSD","LastAmendmentDate":1655654400000,"Shape__Length":7.8877827580198865}},{"type":"Feature","id":340889,"geometry":{"type":"LineString","coordinates":[[114.17103970620022,22.317804406865779,5.5522000000055414],[114.17101494479289,22.317800087548598,5.561199999996461]]},"properties":{"OBJECTID":340889,"PedestrianRouteID":240007256,"Location":1,"FeatureType":1,"AliasNameEN":"Shantung Street","AliasNameTC":"山東街","CrossingFeature":null,"WeatherProof":2,"WheelchairBarrier":2,"WheelchairAccess":2,"ObstaclesType":null,"Gradient":0.0034673500000000001,"Direction":0,"PositionCertainty":1,"Enabled":1,"DataSource":1,"LevelSource":2,"StreetNameEN":"Shantung Street","StreetNameTC":"山東街","ST_CODE":11986,"FloorID":null,"BuildingID_1":null,"BuildingID_2":null,"SiteID":null,"TerminalID":null,"AccessTimeID":null,"CreationDate":1614441600000,"ModifiedBy":"LANDSD","LastAmendmentDate":1655654400000,"Shape__Length":2.5956303045583184}},{"type":"Feature","id":340890,"geometry":{"type":"LineString","coordinates":[[114.17101494479289,22.317800087548598,5.561199999996461],[114.1709861001623,22.317795056469542,5.5764000000053784]]},"properties":{"OBJECTID":340890,"PedestrianRouteID":240007257,"Location":1,"FeatureType":1,"AliasNameEN":"Shantung Street","AliasNameTC":"山東街","CrossingFeature":null,"WeatherProof":3,"WheelchairBarrier":2,"WheelchairAccess":2,"ObstaclesType":null,"Gradient":0.0050270000000000002,"Direction":0,"PositionCertainty":1,"Enabled":1,"DataSource":1,"LevelSource":2,"StreetNameEN":"Shantung Street","StreetNameTC":"山東街","ST_CODE":11986,"FloorID":null,"BuildingID_1":null,"BuildingID_2":null,"SiteID":null,"TerminalID":null,"AccessTimeID":null,"CreationDate":1614441600000,"ModifiedBy":"LANDSD","LastAmendmentDate":1655654400000,"Shape__Length":3.0236465751541557}},{"type":"Feature","id":340894,"geometry":{"type":"LineString","coordinates":[[114.17063067442228,22.321424160923662,6.1704000000027008],[114.17063584304455,22.321399465160816,6.1677999999956228]]},"properties":{"OBJECTID":340894,"PedestrianRouteID":240007261,"Location":1,"FeatureType":1,"AliasNameEN":"Fa Yuen Street","AliasNameTC":"花園街","CrossingFeature":null,"WeatherProof":2,"WheelchairBarrier":2,"WheelchairAccess":2,"ObstaclesType":null,"Gradient":0.00093322000000000001,"Direction":0,"PositionCertainty":1,"Enabled":1,"DataSource":1,"LevelSource":2,"StreetNameEN":"Fa Yuen Street","StreetNameTC":"花園街","ST_CODE":10419,"FloorID":null,"BuildingID_1":null,"BuildingID_2":null,"SiteID":null,"TerminalID":null,"AccessTimeID":null,"CreationDate":1614441600000,"ModifiedBy":"LANDSD","LastAmendmentDate":1655654400000,"Shape__Length":2.786042686218305}},{"type":"Feature","id":340895,"geometry":{"type":"LineString","coordinates":[[114.17063584304455,22.321399465160816,6.1677999999956228],[114.17066888276919,22.321241595411859,6.127200000002631]]},"properties":{"OBJECTID":340895,"PedestrianRouteID":240007262,"Location":1,"FeatureType":1,"AliasNameEN":"Fa Yuen Street","AliasNameTC":"花園街","CrossingFeature":null,"WeatherProof":3,"WheelchairBarrier":2,"WheelchairAccess":2,"ObstaclesType":null,"Gradient":0.00227962,"Direction":0,"PositionCertainty":1,"Enabled":1,"DataSource":1,"LevelSource":2,"StreetNameEN":"Fa Yuen Street","StreetNameTC":"花園街","ST_CODE":10419,"FloorID":null,"BuildingID_1":null,"BuildingID_2":null,"SiteID":null,"TerminalID":null,"AccessTimeID":null,"CreationDate":1614441600000,"ModifiedBy":"LANDSD","LastAmendmentDate":1655654400000,"Shape__Length":17.809991075234166}},{"type":"Feature","id":340901,"geometry":{"type":"LineString","coordinates":[[114.16985966940591,22.320335016644325,5.3358000000007451],[114.16986296152608,22.320318814998288,5.3770999999978812]]},"properties":{"OBJECTID":340901,"PedestrianRouteID":240007268,"Location":1,"FeatureType":1,"AliasNameEN":"Sai Yeung Choi Street South","AliasNameTC":"西洋菜南街","CrossingFeature":null,"WeatherProof":3,"WheelchairBarrier":2,"WheelchairAccess":2,"ObstaclesType":null,"Gradient":0.02261556,"Direction":0,"PositionCertainty":1,"Enabled":1,"DataSource":1,"LevelSource":2,"StreetNameEN":"Sai Yeung Choi Street South","StreetNameTC":"西洋菜南街","ST_CODE":11864,"FloorID":null,"BuildingID_1":null,"BuildingID_2":null,"SiteID":null,"TerminalID":null,"AccessTimeID":null,"CreationDate":1614441600000,"ModifiedBy":"LANDSD","LastAmendmentDate":1655654400000,"Shape__Length":1.8258651697777506}},{"type":"Feature","id":340902,"geometry":{"type":"LineString","coordinates":[[114.1708228367965,22.320497639283413,5.8536000000021886],[114.17082227081693,22.320500376435238,5.9089999999996508]]},"properties":{"OBJECTID":340902,"PedestrianRouteID":240007269,"Location":1,"FeatureType":1,"AliasNameEN":"Fa Yuen Street","AliasNameTC":"花園街","CrossingFeature":null,"WeatherProof":3,"WheelchairBarrier":2,"WheelchairAccess":2,"ObstaclesType":null,"Gradient":0.17759683000000001,"Direction":0,"PositionCertainty":1,"Enabled":1,"DataSource":1,"LevelSource":12,"StreetNameEN":"Fa Yuen Street","StreetNameTC":"花園街","ST_CODE":10419,"FloorID":null,"BuildingID_1":null,"BuildingID_2":null,"SiteID":null,"TerminalID":null,"AccessTimeID":null,"CreationDate":1614441600000,"ModifiedBy":"LANDSD","LastAmendmentDate":1689264000000,"Shape__Length":0.3086559583256645}},{"type":"Feature","id":340903,"geometry":{"type":"LineString","coordinates":[[114.17082048647634,22.320509006906999,5.950700000001234],[114.17075034821376,22.320496673920204,5.8999999999941792]]},"properties":{"OBJECTID":340903,"PedestrianRouteID":240007270,"Location":1,"FeatureType":1,"AliasNameEN":"Fife Street","AliasNameTC":"快富街","CrossingFeature":null,"WeatherProof":2,"WheelchairBarrier":2,"WheelchairAccess":2,"ObstaclesType":null,"Gradient":0.0068939400000000003,"Direction":0,"PositionCertainty":1,"Enabled":1,"DataSource":1,"LevelSource":12,"StreetNameEN":"Fife Street","StreetNameTC":"快富街","ST_CODE":10485,"FloorID":null,"BuildingID_1":null,"BuildingID_2":null,"SiteID":null,"TerminalID":null,"AccessTimeID":null,"CreationDate":1614441600000,"ModifiedBy":"LANDSD","LastAmendmentDate":1689264000000,"Shape__Length":7.3541640484717554}},{"type":"Feature","id":340914,"geometry":{"type":"LineString","coordinates":[[114.17158595964004,22.319598185216979,5.9729999999981374],[114.17159016697681,22.319577721123462,5.9679999999934807]]},"properties":{"OBJECTID":340914,"PedestrianRouteID":240007281,"Location":1,"FeatureType":1,"AliasNameEN":"Argyle Street","AliasNameTC":"亞皆老街","CrossingFeature":null,"WeatherProof":2,"WheelchairBarrier":2,"WheelchairAccess":2,"ObstaclesType":null,"Gradient":0.0021671500000000001,"Direction":0,"PositionCertainty":1,"Enabled":1,"DataSource":1,"LevelSource":2,"StreetNameEN":"Argyle Street","StreetNameTC":"亞皆老街","ST_CODE":10027,"FloorID":null,"BuildingID_1":null,"BuildingID_2":null,"SiteID":null,"TerminalID":null,"AccessTimeID":null,"CreationDate":1614441600000,"ModifiedBy":"LANDSD","LastAmendmentDate":1655654400000,"Shape__Length":2.3071724626159433}},{"type":"Feature","id":340915,"geometry":{"type":"LineString","coordinates":[[114.17119710700071,22.319402682383966,5.5476999999955297],[114.17117162486736,22.319525108361052,5.5763000000006286]]},"properties":{"OBJECTID":340915,"PedestrianRouteID":240007282,"Location":1,"FeatureType":1,"AliasNameEN":"Fa Yuen Street","AliasNameTC":"花園街","CrossingFeature":null,"WeatherProof":3,"WheelchairBarrier":2,"WheelchairAccess":2,"ObstaclesType":null,"Gradient":0.0020711599999999998,"Direction":0,"PositionCertainty":1,"Enabled":1,"DataSource":1,"LevelSource":2,"StreetNameEN":"Fa Yuen Street","StreetNameTC":"花園街","ST_CODE":10419,"FloorID":null,"BuildingID_1":null,"BuildingID_2":null,"SiteID":null,"TerminalID":null,"AccessTimeID":null,"CreationDate":1614441600000,"ModifiedBy":"LANDSD","LastAmendmentDate":1655654400000,"Shape__Length":13.80867979302532}},{"type":"Feature","id":340916,"geometry":{"type":"LineString","coordinates":[[114.16809142638616,22.320783653928295,5.0473999999958323],[114.16802370502896,22.3207714390965,5.0320999999967171]]},"properties":{"OBJECTID":340916,"PedestrianRouteID":240007283,"Location":1,"FeatureType":1,"AliasNameEN":"Mong Kok Road","AliasNameTC":"旺角道","CrossingFeature":null,"WeatherProof":2,"WheelchairBarrier":2,"WheelchairAccess":2,"ObstaclesType":null,"Gradient":0.00215277,"Direction":0,"PositionCertainty":1,"Enabled":1,"DataSource":1,"LevelSource":2,"StreetNameEN":"Mong Kok Road","StreetNameTC":"旺角道","ST_CODE":11454,"FloorID":null,"BuildingID_1":null,"BuildingID_2":null,"SiteID":null,"TerminalID":null,"AccessTimeID":null,"CreationDate":1614441600000,"ModifiedBy":"LANDSD","LastAmendmentDate":1655654400000,"Shape__Length":7.1071203817878965}},{"type":"Feature","id":340917,"geometry":{"type":"LineString","coordinates":[[114.16802370502896,22.3207714390965,5.0320999999967171],[114.16797460358254,22.320762581925816,5.0268000000069151]]},"properties":{"OBJECTID":340917,"PedestrianRouteID":240007284,"Location":1,"FeatureType":1,"AliasNameEN":"Mong Kok Road","AliasNameTC":"旺角道","CrossingFeature":null,"WeatherProof":3,"WheelchairBarrier":2,"WheelchairAccess":2,"ObstaclesType":null,"Gradient":0.00102852,"Direction":0,"PositionCertainty":1,"Enabled":1,"DataSource":1,"LevelSource":2,"StreetNameEN":"Mong Kok Road","StreetNameTC":"旺角道","ST_CODE":11454,"FloorID":null,"BuildingID_1":null,"BuildingID_2":null,"SiteID":null,"TerminalID":null,"AccessTimeID":null,"CreationDate":1614441600000,"ModifiedBy":"LANDSD","LastAmendmentDate":1655654400000,"Shape__Length":5.1530427384748307}},{"type":"Feature","id":340918,"geometry":{"type":"LineString","coordinates":[[114.16792572926154,22.320753766293453,5.0225000000064028],[114.16789325217918,22.320747908167096,4.9323000000003958]]},"properties":{"OBJECTID":340918,"PedestrianRouteID":240007285,"Location":1,"FeatureType":1,"AliasNameEN":"Mong Kok Road","AliasNameTC":"旺角道","CrossingFeature":null,"WeatherProof":3,"WheelchairBarrier":2,"WheelchairAccess":2,"ObstaclesType":null,"Gradient":0.026458140000000002,"Direction":0,"PositionCertainty":1,"Enabled":1,"DataSource":1,"LevelSource":2,"StreetNameEN":"Mong Kok Road","StreetNameTC":"旺角道","ST_CODE":11454,"FloorID":null,"BuildingID_1":null,"BuildingID_2":null,"SiteID":null,"TerminalID":null,"AccessTimeID":null,"CreationDate":1614441600000,"ModifiedBy":"LANDSD","LastAmendmentDate":1655654400000,"Shape__Length":3.4083628708790954}},{"type":"Feature","id":340919,"geometry":{"type":"LineString","coordinates":[[114.16797460358254,22.320762581925816,5.0268000000069151],[114.16792572926154,22.320753766293453,5.0225000000064028]]},"properties":{"OBJECTID":340919,"PedestrianRouteID":240007286,"Location":1,"FeatureType":1,"AliasNameEN":"Mong Kok Road","AliasNameTC":"旺角道","CrossingFeature":null,"WeatherProof":2,"WheelchairBarrier":2,"WheelchairAccess":2,"ObstaclesType":null,"Gradient":0.00083834000000000003,"Direction":0,"PositionCertainty":1,"Enabled":1,"DataSource":1,"LevelSource":2,"StreetNameEN":"Mong Kok Road","StreetNameTC":"旺角道","ST_CODE":11454,"FloorID":null,"BuildingID_1":null,"BuildingID_2":null,"SiteID":null,"TerminalID":null,"AccessTimeID":null,"CreationDate":1614441600000,"ModifiedBy":"LANDSD","LastAmendmentDate":1655654400000,"Shape__Length":5.1291949721423595}},{"type":"Feature","id":340920,"geometry":{"type":"LineString","coordinates":[[114.16768524138732,22.319946187587405,4.62850000000617],[114.16770127940843,22.31994901867925,4.6573999999964144]]},"properties":{"OBJECTID":340920,"PedestrianRouteID":240007287,"Location":1,"FeatureType":1,"AliasNameEN":"Fife Street","AliasNameTC":"快富街","CrossingFeature":null,"WeatherProof":2,"WheelchairBarrier":2,"WheelchairAccess":2,"ObstaclesType":null,"Gradient":0.017181689999999999,"Direction":0,"PositionCertainty":1,"Enabled":1,"DataSource":1,"LevelSource":2,"StreetNameEN":"Fife Street","StreetNameTC":"快富街","ST_CODE":10485,"FloorID":null,"BuildingID_1":null,"BuildingID_2":null,"SiteID":null,"TerminalID":null,"AccessTimeID":null,"CreationDate":1614441600000,"ModifiedBy":"LANDSD","LastAmendmentDate":1655654400000,"Shape__Length":1.68185769917617}},{"type":"Feature","id":340922,"geometry":{"type":"LineString","coordinates":[[114.1675823016499,22.319928014000304,4.5451999999932013],[114.16768524138732,22.319946187587405,4.62850000000617]]},"properties":{"OBJECTID":340922,"PedestrianRouteID":240007289,"Location":1,"FeatureType":1,"AliasNameEN":"Fife Street","AliasNameTC":"快富街","CrossingFeature":null,"WeatherProof":3,"WheelchairBarrier":2,"WheelchairAccess":2,"ObstaclesType":null,"Gradient":0.0077163700000000002,"Direction":0,"PositionCertainty":1,"Enabled":1,"DataSource":1,"LevelSource":2,"StreetNameEN":"Fife Street","StreetNameTC":"快富街","ST_CODE":10485,"FloorID":null,"BuildingID_1":null,"BuildingID_2":null,"SiteID":null,"TerminalID":null,"AccessTimeID":null,"CreationDate":1614441600000,"ModifiedBy":"LANDSD","LastAmendmentDate":1655654400000,"Shape__Length":10.795019872542815}},{"type":"Feature","id":340930,"geometry":{"type":"LineString","coordinates":[[114.16944448702652,22.318305956436696,4.790500000002794],[114.16944995185918,22.318279605407533,4.6475999999966007]]},"properties":{"OBJECTID":340930,"PedestrianRouteID":240007297,"Location":1,"FeatureType":1,"AliasNameEN":"Nathan Road","AliasNameTC":"彌敦道","CrossingFeature":null,"WeatherProof":2,"WheelchairBarrier":2,"WheelchairAccess":2,"ObstaclesType":null,"Gradient":0.04804837,"Direction":0,"PositionCertainty":1,"Enabled":1,"DataSource":1,"LevelSource":2,"StreetNameEN":"Nathan Road","StreetNameTC":"彌敦道","ST_CODE":11504,"FloorID":null,"BuildingID_1":null,"BuildingID_2":null,"SiteID":null,"TerminalID":null,"AccessTimeID":null,"CreationDate":1614441600000,"ModifiedBy":"LANDSD","LastAmendmentDate":1655654400000,"Shape__Length":2.9717975045308025}},{"type":"Feature","id":340931,"geometry":{"type":"LineString","coordinates":[[114.16959895488718,22.317561177635834,4.6451999999990221],[114.16960123147237,22.317550200144314,4.6586999999999534]]},"properties":{"OBJECTID":340931,"PedestrianRouteID":240007298,"Location":1,"FeatureType":1,"AliasNameEN":"Nathan Road","AliasNameTC":"彌敦道","CrossingFeature":null,"WeatherProof":2,"WheelchairBarrier":2,"WheelchairAccess":2,"ObstaclesType":null,"Gradient":0.01090415,"Direction":0,"PositionCertainty":1,"Enabled":1,"DataSource":1,"LevelSource":2,"StreetNameEN":"Nathan Road","StreetNameTC":"彌敦道","ST_CODE":11504,"FloorID":null,"BuildingID_1":null,"BuildingID_2":null,"SiteID":null,"TerminalID":null,"AccessTimeID":null,"CreationDate":1614441600000,"ModifiedBy":"LANDSD","LastAmendmentDate":1655654400000,"Shape__Length":1.2380119594765706}},{"type":"Feature","id":340932,"geometry":{"type":"LineString","coordinates":[[114.16944995185918,22.318279605407533,4.6475999999966007],[114.1695902980356,22.317602916666118,4.900500000003376]]},"properties":{"OBJECTID":340932,"PedestrianRouteID":240007299,"Location":1,"FeatureType":1,"AliasNameEN":"Nathan Road","AliasNameTC":"彌敦道","CrossingFeature":null,"WeatherProof":3,"WheelchairBarrier":2,"WheelchairAccess":2,"ObstaclesType":null,"Gradient":3.1449999999999999e-05,"Direction":0,"PositionCertainty":1,"Enabled":1,"DataSource":1,"LevelSource":2,"StreetNameEN":"Nathan Road","StreetNameTC":"彌敦道","ST_CODE":11504,"FloorID":null,"BuildingID_1":null,"BuildingID_2":null,"SiteID":null,"TerminalID":null,"AccessTimeID":null,"CreationDate":1614441600000,"ModifiedBy":"LANDSD","LastAmendmentDate":1689264000000,"Shape__Length":76.31532623790315}},{"type":"Feature","id":340933,"geometry":{"type":"LineString","coordinates":[[114.17047616784315,22.319406236365783,5.2128999999986263],[114.17045992115365,22.319403317943245,5.2066000000049826]]},"properties":{"OBJECTID":340933,"PedestrianRouteID":240007300,"Location":1,"FeatureType":1,"AliasNameEN":"Argyle Street","AliasNameTC":"亞皆老街","CrossingFeature":null,"WeatherProof":2,"WheelchairBarrier":2,"WheelchairAccess":2,"ObstaclesType":null,"Gradient":0.0036954399999999999,"Direction":0,"PositionCertainty":1,"Enabled":1,"DataSource":1,"LevelSource":2,"StreetNameEN":"Argyle Street","StreetNameTC":"亞皆老街","ST_CODE":10027,"FloorID":null,"BuildingID_1":null,"BuildingID_2":null,"SiteID":null,"TerminalID":null,"AccessTimeID":null,"CreationDate":1614441600000,"ModifiedBy":"LANDSD","LastAmendmentDate":1655654400000,"Shape__Length":1.7047975890987617}},{"type":"Feature","id":340934,"geometry":{"type":"LineString","coordinates":[[114.17045992115365,22.319403317943245,5.2066000000049826],[114.1703642705907,22.319386134354385,5.1904000000067754]]},"properties":{"OBJECTID":340934,"PedestrianRouteID":240007301,"Location":1,"FeatureType":1,"AliasNameEN":"Argyle Street","AliasNameTC":"亞皆老街","CrossingFeature":null,"WeatherProof":3,"WheelchairBarrier":2,"WheelchairAccess":2,"ObstaclesType":null,"Gradient":0.0016140499999999999,"Direction":0,"PositionCertainty":1,"Enabled":1,"DataSource":1,"LevelSource":2,"StreetNameEN":"Argyle Street","StreetNameTC":"亞皆老街","ST_CODE":10027,"FloorID":null,"BuildingID_1":null,"BuildingID_2":null,"SiteID":null,"TerminalID":null,"AccessTimeID":null,"CreationDate":1614441600000,"ModifiedBy":"LANDSD","LastAmendmentDate":1655654400000,"Shape__Length":10.036841124770399}},{"type":"Feature","id":340935,"geometry":{"type":"LineString","coordinates":[[114.1703642705907,22.319386134354385,5.1904000000067754],[114.17027569175913,22.319370221599716,5.1744999999937136]]},"properties":{"OBJECTID":340935,"PedestrianRouteID":240007302,"Location":1,"FeatureType":1,"AliasNameEN":"Argyle Street","AliasNameTC":"亞皆老街","CrossingFeature":null,"WeatherProof":2,"WheelchairBarrier":2,"WheelchairAccess":2,"ObstaclesType":null,"Gradient":0.00171064,"Direction":0,"PositionCertainty":1,"Enabled":1,"DataSource":1,"LevelSource":2,"StreetNameEN":"Argyle Street","StreetNameTC":"亞皆老街","ST_CODE":10027,"FloorID":null,"BuildingID_1":null,"BuildingID_2":null,"SiteID":null,"TerminalID":null,"AccessTimeID":null,"CreationDate":1614441600000,"ModifiedBy":"LANDSD","LastAmendmentDate":1655654400000,"Shape__Length":9.2947801799102336}},{"type":"Feature","id":340936,"geometry":{"type":"LineString","coordinates":[[114.17027569175913,22.319370221599716,5.1744999999937136],[114.17012311333005,22.319342811118265,5.1603000000031898]]},"properties":{"OBJECTID":340936,"PedestrianRouteID":240007303,"Location":1,"FeatureType":1,"AliasNameEN":"Argyle Street","AliasNameTC":"亞皆老街","CrossingFeature":null,"WeatherProof":3,"WheelchairBarrier":2,"WheelchairAccess":2,"ObstaclesType":null,"Gradient":0.00088692000000000003,"Direction":0,"PositionCertainty":1,"Enabled":1,"DataSource":1,"LevelSource":2,"StreetNameEN":"Argyle Street","StreetNameTC":"亞皆老街","ST_CODE":10027,"FloorID":null,"BuildingID_1":null,"BuildingID_2":null,"SiteID":null,"TerminalID":null,"AccessTimeID":null,"CreationDate":1614441600000,"ModifiedBy":"LANDSD","LastAmendmentDate":1655654400000,"Shape__Length":16.010418019990706}},{"type":"Feature","id":340937,"geometry":{"type":"LineString","coordinates":[[114.16994779583719,22.321947896864312,5.9769999999989523],[114.1699496880082,22.321938853710247,5.9385999999940395]]},"properties":{"OBJECTID":340937,"PedestrianRouteID":240007304,"Location":1,"FeatureType":1,"AliasNameEN":"Tung Choi Street","AliasNameTC":"通菜街","CrossingFeature":null,"WeatherProof":2,"WheelchairBarrier":2,"WheelchairAccess":2,"ObstaclesType":null,"Gradient":0.037622280000000001,"Direction":0,"PositionCertainty":1,"Enabled":1,"DataSource":1,"LevelSource":2,"StreetNameEN":"Tung Choi Street","StreetNameTC":"通菜街","ST_CODE":12513,"FloorID":null,"BuildingID_1":null,"BuildingID_2":null,"SiteID":null,"TerminalID":null,"AccessTimeID":null,"CreationDate":1614441600000,"ModifiedBy":"LANDSD","LastAmendmentDate":1655654400000,"Shape__Length":1.0201901630513561}},{"type":"Feature","id":340938,"geometry":{"type":"LineString","coordinates":[[114.1699496880082,22.321938853710247,5.9385999999940395],[114.17001905450039,22.321607299366011,5.6444999999948777]]},"properties":{"OBJECTID":340938,"PedestrianRouteID":240007305,"Location":1,"FeatureType":1,"AliasNameEN":"Tung Choi Street","AliasNameTC":"通菜街","CrossingFeature":null,"WeatherProof":3,"WheelchairBarrier":2,"WheelchairAccess":2,"ObstaclesType":null,"Gradient":0.0078627000000000002,"Direction":0,"PositionCertainty":1,"Enabled":1,"DataSource":1,"LevelSource":2,"StreetNameEN":"Tung Choi Street","StreetNameTC":"通菜街","ST_CODE":12513,"FloorID":null,"BuildingID_1":null,"BuildingID_2":null,"SiteID":null,"TerminalID":null,"AccessTimeID":null,"CreationDate":1614441600000,"ModifiedBy":"LANDSD","LastAmendmentDate":1655654400000,"Shape__Length":37.40367504695832}},{"type":"Feature","id":340939,"geometry":{"type":"LineString","coordinates":[[114.17001905450039,22.321607299366011,5.6444999999948777],[114.17002209516252,22.321592767465148,5.6364000000030501]]},"properties":{"OBJECTID":340939,"PedestrianRouteID":240007306,"Location":1,"FeatureType":1,"AliasNameEN":"Tung Choi Street","AliasNameTC":"通菜街","CrossingFeature":null,"WeatherProof":2,"WheelchairBarrier":2,"WheelchairAccess":2,"ObstaclesType":null,"Gradient":0.0049408000000000004,"Direction":0,"PositionCertainty":1,"Enabled":1,"DataSource":1,"LevelSource":2,"StreetNameEN":"Tung Choi Street","StreetNameTC":"通菜街","ST_CODE":12513,"FloorID":null,"BuildingID_1":null,"BuildingID_2":null,"SiteID":null,"TerminalID":null,"AccessTimeID":null,"CreationDate":1614441600000,"ModifiedBy":"LANDSD","LastAmendmentDate":1655654400000,"Shape__Length":1.6393958894342648}},{"type":"Feature","id":340940,"geometry":{"type":"LineString","coordinates":[[114.17002209516252,22.321592767465148,5.6364000000030501],[114.1700455661024,22.321480584113587,5.6021999999938998]]},"properties":{"OBJECTID":340940,"PedestrianRouteID":240007307,"Location":1,"FeatureType":1,"AliasNameEN":"Tung Choi Street","AliasNameTC":"通菜街","CrossingFeature":null,"WeatherProof":3,"WheelchairBarrier":2,"WheelchairAccess":2,"ObstaclesType":null,"Gradient":0.0027023199999999998,"Direction":0,"PositionCertainty":1,"Enabled":1,"DataSource":1,"LevelSource":2,"StreetNameEN":"Tung Choi Street","StreetNameTC":"通菜街","ST_CODE":12513,"FloorID":null,"BuildingID_1":null,"BuildingID_2":null,"SiteID":null,"TerminalID":null,"AccessTimeID":null,"CreationDate":1614441600000,"ModifiedBy":"LANDSD","LastAmendmentDate":1655654400000,"Shape__Length":12.655760152124012}},{"type":"Feature","id":340941,"geometry":{"type":"LineString","coordinates":[[114.1700455661024,22.321480584113587,5.6021999999938998],[114.17004867180506,22.321465740659303,5.6025999999983469]]},"properties":{"OBJECTID":340941,"PedestrianRouteID":240007308,"Location":1,"FeatureType":1,"AliasNameEN":"Tung Choi Street","AliasNameTC":"通菜街","CrossingFeature":null,"WeatherProof":2,"WheelchairBarrier":2,"WheelchairAccess":2,"ObstaclesType":null,"Gradient":0.00023886999999999999,"Direction":0,"PositionCertainty":1,"Enabled":1,"DataSource":1,"LevelSource":2,"StreetNameEN":"Tung Choi Street","StreetNameTC":"通菜街","ST_CODE":12513,"FloorID":null,"BuildingID_1":null,"BuildingID_2":null,"SiteID":null,"TerminalID":null,"AccessTimeID":null,"CreationDate":1614441600000,"ModifiedBy":"LANDSD","LastAmendmentDate":1655654400000,"Shape__Length":1.6745404442325049}},{"type":"Feature","id":340942,"geometry":{"type":"LineString","coordinates":[[114.17007241356534,22.321352256908135,5.5780999999988126],[114.17007392515346,22.321345032497341,5.6147000000055414]]},"properties":{"OBJECTID":340942,"PedestrianRouteID":240007309,"Location":1,"FeatureType":1,"AliasNameEN":"Tung Choi Street","AliasNameTC":"通菜街","CrossingFeature":null,"WeatherProof":2,"WheelchairBarrier":2,"WheelchairAccess":2,"ObstaclesType":null,"Gradient":0.044877229999999997,"Direction":0,"PositionCertainty":1,"Enabled":1,"DataSource":1,"LevelSource":2,"StreetNameEN":"Tung Choi Street","StreetNameTC":"通菜街","ST_CODE":12513,"FloorID":null,"BuildingID_1":null,"BuildingID_2":null,"SiteID":null,"TerminalID":null,"AccessTimeID":null,"CreationDate":1614441600000,"ModifiedBy":"LANDSD","LastAmendmentDate":1655654400000,"Shape__Length":0.8150107307226212}},{"type":"Feature","id":340943,"geometry":{"type":"LineString","coordinates":[[114.17004867180506,22.321465740659303,5.6025999999983469],[114.17007241356534,22.321352256908135,5.5780999999988126]]},"properties":{"OBJECTID":340943,"PedestrianRouteID":240007310,"Location":1,"FeatureType":1,"AliasNameEN":"Tung Choi Street","AliasNameTC":"通菜街","CrossingFeature":null,"WeatherProof":3,"WheelchairBarrier":2,"WheelchairAccess":2,"ObstaclesType":null,"Gradient":0.0019136999999999999,"Direction":0,"PositionCertainty":1,"Enabled":1,"DataSource":1,"LevelSource":2,"StreetNameEN":"Tung Choi Street","StreetNameTC":"通菜街","ST_CODE":12513,"FloorID":null,"BuildingID_1":null,"BuildingID_2":null,"SiteID":null,"TerminalID":null,"AccessTimeID":null,"CreationDate":1614441600000,"ModifiedBy":"LANDSD","LastAmendmentDate":1655654400000,"Shape__Length":12.802438015854568}},{"type":"Feature","id":340945,"geometry":{"type":"LineString","coordinates":[[114.1685976516054,22.32191563896593,4.8328999999939697],[114.1686843274945,22.321931771980559,4.9674999999988358]]},"properties":{"OBJECTID":340945,"PedestrianRouteID":240007312,"Location":1,"FeatureType":1,"AliasNameEN":"Bute Street","AliasNameTC":"弼街","CrossingFeature":null,"WeatherProof":3,"WheelchairBarrier":2,"WheelchairAccess":2,"ObstaclesType":null,"Gradient":0.01477885,"Direction":0,"PositionCertainty":1,"Enabled":1,"DataSource":1,"LevelSource":2,"StreetNameEN":"Bute Street","StreetNameTC":"弼街","ST_CODE":10100,"FloorID":null,"BuildingID_1":null,"BuildingID_2":null,"SiteID":null,"TerminalID":null,"AccessTimeID":null,"CreationDate":1614441600000,"ModifiedBy":"LANDSD","LastAmendmentDate":1655654400000,"Shape__Length":9.106946909881195}},{"type":"Feature","id":340946,"geometry":{"type":"LineString","coordinates":[[114.16851772434214,22.321900761503343,5.3335999999981141],[114.16855502948849,22.321907705227478,4.9832000000023982]]},"properties":{"OBJECTID":340946,"PedestrianRouteID":240007313,"Location":1,"FeatureType":1,"AliasNameEN":"Bute Street","AliasNameTC":"弼街","CrossingFeature":null,"WeatherProof":3,"WheelchairBarrier":2,"WheelchairAccess":2,"ObstaclesType":null,"Gradient":0.089159500000000003,"Direction":0,"PositionCertainty":1,"Enabled":1,"DataSource":1,"LevelSource":2,"StreetNameEN":"Bute Street","StreetNameTC":"弼街","ST_CODE":10100,"FloorID":null,"BuildingID_1":null,"BuildingID_2":null,"SiteID":null,"TerminalID":null,"AccessTimeID":null,"CreationDate":1614441600000,"ModifiedBy":"LANDSD","LastAmendmentDate":1655654400000,"Shape__Length":3.9196163004953379}},{"type":"Feature","id":340947,"geometry":{"type":"LineString","coordinates":[[114.16855502948849,22.321907705227478,4.9832000000023982],[114.1685976516054,22.32191563896593,4.8328999999939697]]},"properties":{"OBJECTID":340947,"PedestrianRouteID":240007314,"Location":1,"FeatureType":1,"AliasNameEN":"Bute Street","AliasNameTC":"弼街","CrossingFeature":null,"WeatherProof":2,"WheelchairBarrier":2,"WheelchairAccess":2,"ObstaclesType":null,"Gradient":0.033549450000000001,"Direction":0,"PositionCertainty":1,"Enabled":1,"DataSource":1,"LevelSource":2,"StreetNameEN":"Bute Street","StreetNameTC":"弼街","ST_CODE":10100,"FloorID":null,"BuildingID_1":null,"BuildingID_2":null,"SiteID":null,"TerminalID":null,"AccessTimeID":null,"CreationDate":1614441600000,"ModifiedBy":"LANDSD","LastAmendmentDate":1655654400000,"Shape__Length":4.4782727221539096}},{"type":"Feature","id":340948,"geometry":{"type":"LineString","coordinates":[[114.16786243900968,22.31996272798655,5.022899999996298],[114.16786900713963,22.319931154684809,4.9741999999969266]]},"properties":{"OBJECTID":340948,"PedestrianRouteID":240007315,"Location":1,"FeatureType":1,"AliasNameEN":"Shanghai Street","AliasNameTC":"上海街","CrossingFeature":null,"WeatherProof":2,"WheelchairBarrier":2,"WheelchairAccess":2,"ObstaclesType":null,"Gradient":0.013674520000000001,"Direction":0,"PositionCertainty":1,"Enabled":1,"DataSource":1,"LevelSource":2,"StreetNameEN":"Shanghai Street","StreetNameTC":"上海街","ST_CODE":11984,"FloorID":null,"BuildingID_1":null,"BuildingID_2":null,"SiteID":null,"TerminalID":null,"AccessTimeID":null,"CreationDate":1614441600000,"ModifiedBy":"LANDSD","LastAmendmentDate":1655654400000,"Shape__Length":3.5611467158672885}},{"type":"Feature","id":340949,"geometry":{"type":"LineString","coordinates":[[114.16786900713963,22.319931154684809,4.9741999999969266],[114.16787745880892,22.319890524704139,4.9559000000008382]]},"properties":{"OBJECTID":340949,"PedestrianRouteID":240007316,"Location":1,"FeatureType":1,"AliasNameEN":"Shanghai Street","AliasNameTC":"上海街","CrossingFeature":null,"WeatherProof":3,"WheelchairBarrier":2,"WheelchairAccess":2,"ObstaclesType":null,"Gradient":0.0039933099999999999,"Direction":0,"PositionCertainty":1,"Enabled":1,"DataSource":1,"LevelSource":2,"StreetNameEN":"Shanghai Street","StreetNameTC":"上海街","ST_CODE":11984,"FloorID":null,"BuildingID_1":null,"BuildingID_2":null,"SiteID":null,"TerminalID":null,"AccessTimeID":null,"CreationDate":1614441600000,"ModifiedBy":"LANDSD","LastAmendmentDate":1655654400000,"Shape__Length":4.5826379851092272}},{"type":"Feature","id":340950,"geometry":{"type":"LineString","coordinates":[[114.16787745880892,22.319890524704139,4.9559000000008382],[114.16788097831366,22.319873605177893,4.9539999999979045]]},"properties":{"OBJECTID":340950,"PedestrianRouteID":240007317,"Location":1,"FeatureType":1,"AliasNameEN":"Shanghai Street","AliasNameTC":"上海街","CrossingFeature":null,"WeatherProof":2,"WheelchairBarrier":2,"WheelchairAccess":2,"ObstaclesType":null,"Gradient":0.00099562999999999995,"Direction":0,"PositionCertainty":1,"Enabled":1,"DataSource":1,"LevelSource":2,"StreetNameEN":"Shanghai Street","StreetNameTC":"上海街","ST_CODE":11984,"FloorID":null,"BuildingID_1":null,"BuildingID_2":null,"SiteID":null,"TerminalID":null,"AccessTimeID":null,"CreationDate":1614441600000,"ModifiedBy":"LANDSD","LastAmendmentDate":1655654400000,"Shape__Length":1.9083456722557464}},{"type":"Feature","id":340951,"geometry":{"type":"LineString","coordinates":[[114.16788097831366,22.319873605177893,4.9539999999979045],[114.16789047077788,22.319827969595529,4.9541999999928521]]},"properties":{"OBJECTID":340951,"PedestrianRouteID":240007318,"Location":1,"FeatureType":1,"AliasNameEN":"Shanghai Street","AliasNameTC":"上海街","CrossingFeature":null,"WeatherProof":3,"WheelchairBarrier":2,"WheelchairAccess":2,"ObstaclesType":null,"Gradient":3.8859999999999997e-05,"Direction":0,"PositionCertainty":1,"Enabled":1,"DataSource":1,"LevelSource":2,"StreetNameEN":"Shanghai Street","StreetNameTC":"上海街","ST_CODE":11984,"FloorID":null,"BuildingID_1":null,"BuildingID_2":null,"SiteID":null,"TerminalID":null,"AccessTimeID":null,"CreationDate":1614441600000,"ModifiedBy":"LANDSD","LastAmendmentDate":1655654400000,"Shape__Length":5.1472089080708843}},{"type":"Feature","id":340952,"geometry":{"type":"LineString","coordinates":[[114.16789047077788,22.319827969595529,4.9541999999928521],[114.16791327227875,22.319718352083559,4.8294000000023516]]},"properties":{"OBJECTID":340952,"PedestrianRouteID":240007319,"Location":1,"FeatureType":1,"AliasNameEN":"Shanghai Street","AliasNameTC":"上海街","CrossingFeature":null,"WeatherProof":2,"WheelchairBarrier":2,"WheelchairAccess":2,"ObstaclesType":null,"Gradient":0.01009372,"Direction":0,"PositionCertainty":1,"Enabled":1,"DataSource":1,"LevelSource":2,"StreetNameEN":"Shanghai Street","StreetNameTC":"上海街","ST_CODE":11984,"FloorID":null,"BuildingID_1":null,"BuildingID_2":null,"SiteID":null,"TerminalID":null,"AccessTimeID":null,"CreationDate":1614441600000,"ModifiedBy":"LANDSD","LastAmendmentDate":1655654400000,"Shape__Length":12.363699375124623}},{"type":"Feature","id":340953,"geometry":{"type":"LineString","coordinates":[[114.16791327227875,22.319718352083559,4.8294000000023516],[114.16794743902553,22.319554097386153,4.7960000000020955]]},"properties":{"OBJECTID":340953,"PedestrianRouteID":240007320,"Location":1,"FeatureType":1,"AliasNameEN":"Shanghai Street","AliasNameTC":"上海街","CrossingFeature":null,"WeatherProof":3,"WheelchairBarrier":2,"WheelchairAccess":2,"ObstaclesType":null,"Gradient":0.0018028499999999999,"Direction":0,"PositionCertainty":1,"Enabled":1,"DataSource":1,"LevelSource":2,"StreetNameEN":"Shanghai Street","StreetNameTC":"上海街","ST_CODE":11984,"FloorID":null,"BuildingID_1":null,"BuildingID_2":null,"SiteID":null,"TerminalID":null,"AccessTimeID":null,"CreationDate":1614441600000,"ModifiedBy":"LANDSD","LastAmendmentDate":1655654400000,"Shape__Length":18.526201661492934}},{"type":"Feature","id":340954,"geometry":{"type":"LineString","coordinates":[[114.16794743902553,22.319554097386153,4.7960000000020955],[114.16802194518827,22.319195914664508,4.6649000000033993]]},"properties":{"OBJECTID":340954,"PedestrianRouteID":240007321,"Location":1,"FeatureType":1,"AliasNameEN":"Shanghai Street","AliasNameTC":"上海街","CrossingFeature":null,"WeatherProof":2,"WheelchairBarrier":2,"WheelchairAccess":2,"ObstaclesType":null,"Gradient":0.0032450999999999999,"Direction":0,"PositionCertainty":1,"Enabled":1,"DataSource":1,"LevelSource":2,"StreetNameEN":"Shanghai Street","StreetNameTC":"上海街","ST_CODE":11984,"FloorID":null,"BuildingID_1":null,"BuildingID_2":null,"SiteID":null,"TerminalID":null,"AccessTimeID":null,"CreationDate":1614441600000,"ModifiedBy":"LANDSD","LastAmendmentDate":1655654400000,"Shape__Length":40.39924966680848}},{"type":"Feature","id":340962,"geometry":{"type":"LineString","coordinates":[[114.16791647314669,22.320500464876062,5.0192999999999302],[114.16791084584831,22.32052681944954,4.8693999999959487]]},"properties":{"OBJECTID":340962,"PedestrianRouteID":240007329,"Location":1,"FeatureType":1,"AliasNameEN":"Mong Kok Road","AliasNameTC":"旺角道","CrossingFeature":null,"WeatherProof":2,"WheelchairBarrier":2,"WheelchairAccess":2,"ObstaclesType":null,"Gradient":0.05033725,"Direction":0,"PositionCertainty":1,"Enabled":1,"DataSource":1,"LevelSource":2,"StreetNameEN":"Mong Kok Road","StreetNameTC":"旺角道","ST_CODE":11454,"FloorID":null,"BuildingID_1":null,"BuildingID_2":null,"SiteID":null,"TerminalID":null,"AccessTimeID":null,"CreationDate":1614441600000,"ModifiedBy":"LANDSD","LastAmendmentDate":1655654400000,"Shape__Length":2.9753982463448385}},{"type":"Feature","id":340963,"geometry":{"type":"LineString","coordinates":[[114.16793194529346,22.320428006052467,5.0418999999965308],[114.16792679568022,22.320452121065848,5.0491000000038184]]},"properties":{"OBJECTID":340963,"PedestrianRouteID":240007330,"Location":1,"FeatureType":1,"AliasNameEN":"Shanghai Street","AliasNameTC":"上海街","CrossingFeature":null,"WeatherProof":2,"WheelchairBarrier":2,"WheelchairAccess":2,"ObstaclesType":null,"Gradient":0.0026445599999999998,"Direction":0,"PositionCertainty":1,"Enabled":1,"DataSource":1,"LevelSource":2,"StreetNameEN":"Shanghai Street","StreetNameTC":"上海街","ST_CODE":11984,"FloorID":null,"BuildingID_1":null,"BuildingID_2":null,"SiteID":null,"TerminalID":null,"AccessTimeID":null,"CreationDate":1614441600000,"ModifiedBy":"LANDSD","LastAmendmentDate":1655654400000,"Shape__Length":2.7225650270406447}},{"type":"Feature","id":340964,"geometry":{"type":"LineString","coordinates":[[114.16794592613543,22.320362527793659,4.9860999999946216],[114.16793194529346,22.320428006052467,5.0418999999965308]]},"properties":{"OBJECTID":340964,"PedestrianRouteID":240007331,"Location":1,"FeatureType":1,"AliasNameEN":"Shanghai Street","AliasNameTC":"上海街","CrossingFeature":null,"WeatherProof":3,"WheelchairBarrier":2,"WheelchairAccess":2,"ObstaclesType":null,"Gradient":0.0075481400000000001,"Direction":0,"PositionCertainty":1,"Enabled":1,"DataSource":1,"LevelSource":2,"StreetNameEN":"Shanghai Street","StreetNameTC":"上海街","ST_CODE":11984,"FloorID":null,"BuildingID_1":null,"BuildingID_2":null,"SiteID":null,"TerminalID":null,"AccessTimeID":null,"CreationDate":1614441600000,"ModifiedBy":"LANDSD","LastAmendmentDate":1655654400000,"Shape__Length":7.3924083097993512}},{"type":"Feature","id":340965,"geometry":{"type":"LineString","coordinates":[[114.16799883476541,22.32011474384354,5.2290999999968335],[114.16794592613543,22.320362527793659,4.9860999999946216]]},"properties":{"OBJECTID":340965,"PedestrianRouteID":240007332,"Location":1,"FeatureType":1,"AliasNameEN":"Shanghai Street","AliasNameTC":"上海街","CrossingFeature":null,"WeatherProof":2,"WheelchairBarrier":2,"WheelchairAccess":2,"ObstaclesType":null,"Gradient":0.0086862599999999995,"Direction":0,"PositionCertainty":1,"Enabled":1,"DataSource":1,"LevelSource":2,"StreetNameEN":"Shanghai Street","StreetNameTC":"上海街","ST_CODE":11984,"FloorID":null,"BuildingID_1":null,"BuildingID_2":null,"SiteID":null,"TerminalID":null,"AccessTimeID":null,"CreationDate":1614441600000,"ModifiedBy":"LANDSD","LastAmendmentDate":1655654400000,"Shape__Length":27.974520911193629}},{"type":"Feature","id":340966,"geometry":{"type":"LineString","coordinates":[[114.16860076340423,22.320077998419396,5.0849000000016531],[114.16859153621432,22.320122168390157,5.1122000000032131]]},"properties":{"OBJECTID":340966,"PedestrianRouteID":240007333,"Location":1,"FeatureType":1,"AliasNameEN":"Portland Street","AliasNameTC":"砵蘭街","CrossingFeature":null,"WeatherProof":3,"WheelchairBarrier":2,"WheelchairAccess":2,"ObstaclesType":null,"Gradient":0.00547892,"Direction":0,"PositionCertainty":1,"Enabled":1,"DataSource":1,"LevelSource":12,"StreetNameEN":"Portland Street","StreetNameTC":"砵蘭街","ST_CODE":11777,"FloorID":null,"BuildingID_1":null,"BuildingID_2":null,"SiteID":null,"TerminalID":null,"AccessTimeID":null,"CreationDate":1614441600000,"ModifiedBy":"LANDSD","LastAmendmentDate":1642608000000,"Shape__Length":4.9826797614279226}},{"type":"Feature","id":340967,"geometry":{"type":"LineString","coordinates":[[114.17102544950095,22.317470071102285,5.4627000000036787],[114.17098406222657,22.317671453722092,5.467000000004191]]},"properties":{"OBJECTID":340967,"PedestrianRouteID":240007334,"Location":1,"FeatureType":1,"AliasNameEN":"Tung Choi Street","AliasNameTC":"通菜街","CrossingFeature":null,"WeatherProof":2,"WheelchairBarrier":2,"WheelchairAccess":2,"ObstaclesType":null,"Gradient":0.00018939,"Direction":0,"PositionCertainty":1,"Enabled":1,"DataSource":1,"LevelSource":2,"StreetNameEN":"Tung Choi Street","StreetNameTC":"通菜街","ST_CODE":12513,"FloorID":null,"BuildingID_1":null,"BuildingID_2":null,"SiteID":null,"TerminalID":null,"AccessTimeID":null,"CreationDate":1614441600000,"ModifiedBy":"LANDSD","LastAmendmentDate":1655654400000,"Shape__Length":22.704066749065436}},{"type":"Feature","id":340968,"geometry":{"type":"LineString","coordinates":[[114.17105676096803,22.317317717927391,5.4833999999973457],[114.17102544950095,22.317470071102285,5.4627000000036787]]},"properties":{"OBJECTID":340968,"PedestrianRouteID":240007335,"Location":1,"FeatureType":1,"AliasNameEN":"Tung Choi Street","AliasNameTC":"通菜街","CrossingFeature":null,"WeatherProof":3,"WheelchairBarrier":2,"WheelchairAccess":2,"ObstaclesType":null,"Gradient":0.0012051399999999999,"Direction":0,"PositionCertainty":1,"Enabled":1,"DataSource":1,"LevelSource":2,"StreetNameEN":"Tung Choi Street","StreetNameTC":"通菜街","ST_CODE":12513,"FloorID":null,"BuildingID_1":null,"BuildingID_2":null,"SiteID":null,"TerminalID":null,"AccessTimeID":null,"CreationDate":1614441600000,"ModifiedBy":"LANDSD","LastAmendmentDate":1655654400000,"Shape__Length":17.176451087254037}},{"type":"Feature","id":340969,"geometry":{"type":"LineString","coordinates":[[114.17109232241783,22.317144684827131,5.4937000000063563],[114.17105676096803,22.317317717927391,5.4833999999973457]]},"properties":{"OBJECTID":340969,"PedestrianRouteID":240007336,"Location":1,"FeatureType":1,"AliasNameEN":"Tung Choi Street","AliasNameTC":"通菜街","CrossingFeature":null,"WeatherProof":2,"WheelchairBarrier":2,"WheelchairAccess":2,"ObstaclesType":null,"Gradient":0.00052798999999999999,"Direction":0,"PositionCertainty":1,"Enabled":1,"DataSource":1,"LevelSource":2,"StreetNameEN":"Tung Choi Street","StreetNameTC":"通菜街","ST_CODE":12513,"FloorID":null,"BuildingID_1":null,"BuildingID_2":null,"SiteID":null,"TerminalID":null,"AccessTimeID":null,"CreationDate":1614441600000,"ModifiedBy":"LANDSD","LastAmendmentDate":1655654400000,"Shape__Length":19.507924622335072}},{"type":"Feature","id":340970,"geometry":{"type":"LineString","coordinates":[[114.17147902835045,22.318057650708127,5.5663999999960652],[114.17147416867634,22.318081568983956,5.5497000000032131]]},"properties":{"OBJECTID":340970,"PedestrianRouteID":240007337,"Location":1,"FeatureType":1,"AliasNameEN":"Fa Yuen Street","AliasNameTC":"花園街","CrossingFeature":null,"WeatherProof":2,"WheelchairBarrier":2,"WheelchairAccess":2,"ObstaclesType":null,"Gradient":0.0061954499999999999,"Direction":0,"PositionCertainty":1,"Enabled":1,"DataSource":1,"LevelSource":2,"StreetNameEN":"Fa Yuen Street","StreetNameTC":"花園街","ST_CODE":10419,"FloorID":null,"BuildingID_1":null,"BuildingID_2":null,"SiteID":null,"TerminalID":null,"AccessTimeID":null,"CreationDate":1614441600000,"ModifiedBy":"LANDSD","LastAmendmentDate":1655654400000,"Shape__Length":2.6954929652197035}},{"type":"Feature","id":340971,"geometry":{"type":"LineString","coordinates":[[114.17150778120956,22.317925116821787,5.6074999999982538],[114.17149625140368,22.317981643458701,5.5203000000037719]]},"properties":{"OBJECTID":340971,"PedestrianRouteID":240007338,"Location":1,"FeatureType":1,"AliasNameEN":"Fa Yuen Street","AliasNameTC":"花園街","CrossingFeature":null,"WeatherProof":2,"WheelchairBarrier":2,"WheelchairAccess":2,"ObstaclesType":null,"Gradient":0.01368577,"Direction":0,"PositionCertainty":1,"Enabled":1,"DataSource":1,"LevelSource":2,"StreetNameEN":"Fa Yuen Street","StreetNameTC":"花園街","ST_CODE":10419,"FloorID":null,"BuildingID_1":null,"BuildingID_2":null,"SiteID":null,"TerminalID":null,"AccessTimeID":null,"CreationDate":1614441600000,"ModifiedBy":"LANDSD","LastAmendmentDate":1655654400000,"Shape__Length":6.3711828983093488}},{"type":"Feature","id":340972,"geometry":{"type":"LineString","coordinates":[[114.17149625140368,22.317981643458701,5.5203000000037719],[114.17147902835045,22.318057650708127,5.5663999999960652]]},"properties":{"OBJECTID":340972,"PedestrianRouteID":240007339,"Location":1,"FeatureType":1,"AliasNameEN":"Fa Yuen Street","AliasNameTC":"花園街","CrossingFeature":null,"WeatherProof":3,"WheelchairBarrier":2,"WheelchairAccess":2,"ObstaclesType":null,"Gradient":0.0053593800000000004,"Direction":0,"PositionCertainty":1,"Enabled":1,"DataSource":1,"LevelSource":2,"StreetNameEN":"Fa Yuen Street","StreetNameTC":"花園街","ST_CODE":10419,"FloorID":null,"BuildingID_1":null,"BuildingID_2":null,"SiteID":null,"TerminalID":null,"AccessTimeID":null,"CreationDate":1614441600000,"ModifiedBy":"LANDSD","LastAmendmentDate":1655654400000,"Shape__Length":8.6016640557848767}},{"type":"Feature","id":340975,"geometry":{"type":"LineString","coordinates":[[114.17019750321965,22.321386986506894,5.6462000000028638],[114.17020301915282,22.321387981903715,5.6190999999962514]]},"properties":{"OBJECTID":340975,"PedestrianRouteID":240007342,"Location":1,"FeatureType":1,"AliasNameEN":"Tung Choi Street","AliasNameTC":"通菜街","CrossingFeature":null,"WeatherProof":2,"WheelchairBarrier":2,"WheelchairAccess":2,"ObstaclesType":null,"Gradient":0.046779899999999999,"Direction":0,"PositionCertainty":1,"Enabled":1,"DataSource":1,"LevelSource":2,"StreetNameEN":"Tung Choi Street","StreetNameTC":"通菜街","ST_CODE":12513,"FloorID":null,"BuildingID_1":null,"BuildingID_2":null,"SiteID":null,"TerminalID":null,"AccessTimeID":null,"CreationDate":1614441600000,"ModifiedBy":"LANDSD","LastAmendmentDate":1655654400000,"Shape__Length":0.57888593888536055}},{"type":"Feature","id":340976,"geometry":{"type":"LineString","coordinates":[[114.17020301915282,22.321387981903715,5.6190999999962514],[114.17021336771533,22.321389848949792,5.5682999999989988]]},"properties":{"OBJECTID":340976,"PedestrianRouteID":240007343,"Location":1,"FeatureType":1,"AliasNameEN":"Tung Choi Street","AliasNameTC":"通菜街","CrossingFeature":null,"WeatherProof":3,"WheelchairBarrier":2,"WheelchairAccess":2,"ObstaclesType":null,"Gradient":0.04674089,"Direction":0,"PositionCertainty":1,"Enabled":1,"DataSource":1,"LevelSource":2,"StreetNameEN":"Tung Choi Street","StreetNameTC":"通菜街","ST_CODE":12513,"FloorID":null,"BuildingID_1":null,"BuildingID_2":null,"SiteID":null,"TerminalID":null,"AccessTimeID":null,"CreationDate":1614441600000,"ModifiedBy":"LANDSD","LastAmendmentDate":1655654400000,"Shape__Length":1.0860512560997624}},{"type":"Feature","id":340980,"geometry":{"type":"LineString","coordinates":[[114.17197283767294,22.319668462515295,5.8937000000005355],[114.17177098060078,22.319633503427969,6.1526000000012573]]},"properties":{"OBJECTID":340980,"PedestrianRouteID":240007347,"Location":1,"FeatureType":1,"AliasNameEN":"Argyle Street","AliasNameTC":"亞皆老街","CrossingFeature":null,"WeatherProof":3,"WheelchairBarrier":2,"WheelchairAccess":2,"ObstaclesType":null,"Gradient":0.012237980000000001,"Direction":0,"PositionCertainty":1,"Enabled":1,"DataSource":1,"LevelSource":2,"StreetNameEN":"Argyle Street","StreetNameTC":"亞皆老街","ST_CODE":10027,"FloorID":null,"BuildingID_1":null,"BuildingID_2":null,"SiteID":null,"TerminalID":null,"AccessTimeID":null,"CreationDate":1614441600000,"ModifiedBy":"LANDSD","LastAmendmentDate":1655654400000,"Shape__Length":21.154395702331911}},{"type":"Feature","id":340981,"geometry":{"type":"LineString","coordinates":[[114.17006435123837,22.320374711160095,5.4587000000028638],[114.17003389008289,22.320369163295716,5.439700000002631]]},"properties":{"OBJECTID":340981,"PedestrianRouteID":240007348,"Location":1,"FeatureType":1,"AliasNameEN":"Fife Street","AliasNameTC":"快富街","CrossingFeature":null,"WeatherProof":2,"WheelchairBarrier":2,"WheelchairAccess":2,"ObstaclesType":null,"Gradient":0.0059412600000000003,"Direction":0,"PositionCertainty":1,"Enabled":1,"DataSource":1,"LevelSource":2,"StreetNameEN":"Fife Street","StreetNameTC":"快富街","ST_CODE":10485,"FloorID":null,"BuildingID_1":null,"BuildingID_2":null,"SiteID":null,"TerminalID":null,"AccessTimeID":null,"CreationDate":1614441600000,"ModifiedBy":"LANDSD","LastAmendmentDate":1655654400000,"Shape__Length":3.1979362406656069}},{"type":"Feature","id":340982,"geometry":{"type":"LineString","coordinates":[[114.17003389008289,22.320369163295716,5.439700000002631],[114.16994559312243,22.320353081502208,5.4027999999962049]]},"properties":{"OBJECTID":340982,"PedestrianRouteID":240007349,"Location":1,"FeatureType":1,"AliasNameEN":"Fife Street","AliasNameTC":"快富街","CrossingFeature":null,"WeatherProof":3,"WheelchairBarrier":2,"WheelchairAccess":2,"ObstaclesType":null,"Gradient":0.0039806499999999996,"Direction":0,"PositionCertainty":1,"Enabled":1,"DataSource":1,"LevelSource":2,"StreetNameEN":"Fife Street","StreetNameTC":"快富街","ST_CODE":10485,"FloorID":null,"BuildingID_1":null,"BuildingID_2":null,"SiteID":null,"TerminalID":null,"AccessTimeID":null,"CreationDate":1614441600000,"ModifiedBy":"LANDSD","LastAmendmentDate":1655654400000,"Shape__Length":9.2697827378626378}},{"type":"Feature","id":340983,"geometry":{"type":"LineString","coordinates":[[114.16992119528169,22.320348637412479,5.3913999999931548],[114.16986963729251,22.320339247002476,5.3638000000064494]]},"properties":{"OBJECTID":340983,"PedestrianRouteID":240007350,"Location":1,"FeatureType":1,"AliasNameEN":"Fife Street","AliasNameTC":"快富街","CrossingFeature":null,"WeatherProof":3,"WheelchairBarrier":2,"WheelchairAccess":2,"ObstaclesType":null,"Gradient":0.0050990100000000002,"Direction":0,"PositionCertainty":1,"Enabled":1,"DataSource":1,"LevelSource":2,"StreetNameEN":"Fife Street","StreetNameTC":"快富街","ST_CODE":10485,"FloorID":null,"BuildingID_1":null,"BuildingID_2":null,"SiteID":null,"TerminalID":null,"AccessTimeID":null,"CreationDate":1614441600000,"ModifiedBy":"LANDSD","LastAmendmentDate":1655654400000,"Shape__Length":5.412773056270062}},{"type":"Feature","id":340989,"geometry":{"type":"LineString","coordinates":[[114.16782409794254,22.317230704399673,3.9667000000044936],[114.16779359581922,22.31722521480912,3.9342999999935273]]},"properties":{"OBJECTID":340989,"PedestrianRouteID":240007356,"Location":1,"FeatureType":1,"AliasNameEN":"Shantung Street","AliasNameTC":"山東街","CrossingFeature":null,"WeatherProof":2,"WheelchairBarrier":2,"WheelchairAccess":2,"ObstaclesType":null,"Gradient":0.01012176,"Direction":0,"PositionCertainty":1,"Enabled":1,"DataSource":1,"LevelSource":2,"StreetNameEN":"Shantung Street","StreetNameTC":"山東街","ST_CODE":11986,"FloorID":null,"BuildingID_1":null,"BuildingID_2":null,"SiteID":null,"TerminalID":null,"AccessTimeID":null,"CreationDate":1614441600000,"ModifiedBy":"LANDSD","LastAmendmentDate":1655654400000,"Shape__Length":3.2009158967129041}},{"type":"Feature","id":340990,"geometry":{"type":"LineString","coordinates":[[114.1679424085843,22.317251997849933,3.993400000006659],[114.16782409794254,22.317230704399673,3.9667000000044936]]},"properties":{"OBJECTID":340990,"PedestrianRouteID":240007357,"Location":1,"FeatureType":1,"AliasNameEN":"Shantung Street","AliasNameTC":"山東街","CrossingFeature":null,"WeatherProof":3,"WheelchairBarrier":2,"WheelchairAccess":2,"ObstaclesType":null,"Gradient":0.00215051,"Direction":0,"PositionCertainty":1,"Enabled":1,"DataSource":1,"LevelSource":2,"StreetNameEN":"Shantung Street","StreetNameTC":"山東街","ST_CODE":11986,"FloorID":null,"BuildingID_1":null,"BuildingID_2":null,"SiteID":null,"TerminalID":null,"AccessTimeID":null,"CreationDate":1614441600000,"ModifiedBy":"LANDSD","LastAmendmentDate":1655654400000,"Shape__Length":12.415619834612336}},{"type":"Feature","id":340994,"geometry":{"type":"LineString","coordinates":[[114.17107074542096,22.319321211146171,5.3381999999983236],[114.17107394222442,22.319305854733734,5.3380999999935739]]},"properties":{"OBJECTID":340994,"PedestrianRouteID":240007361,"Location":1,"FeatureType":1,"AliasNameEN":"Fa Yuen Street","AliasNameTC":"花園街","CrossingFeature":null,"WeatherProof":2,"WheelchairBarrier":2,"WheelchairAccess":2,"ObstaclesType":null,"Gradient":5.7729999999999998e-05,"Direction":0,"PositionCertainty":1,"Enabled":1,"DataSource":1,"LevelSource":2,"StreetNameEN":"Fa Yuen Street","StreetNameTC":"花園街","ST_CODE":10419,"FloorID":null,"BuildingID_1":null,"BuildingID_2":null,"SiteID":null,"TerminalID":null,"AccessTimeID":null,"CreationDate":1614441600000,"ModifiedBy":"LANDSD","LastAmendmentDate":1655654400000,"Shape__Length":1.7320908580434515}},{"type":"Feature","id":340995,"geometry":{"type":"LineString","coordinates":[[114.17107394222442,22.319305854733734,5.3380999999935739],[114.17115986442761,22.318893139714305,5.4611000000004424]]},"properties":{"OBJECTID":340995,"PedestrianRouteID":240007362,"Location":1,"FeatureType":1,"AliasNameEN":"Fa Yuen Street","AliasNameTC":"花園街","CrossingFeature":null,"WeatherProof":3,"WheelchairBarrier":2,"WheelchairAccess":2,"ObstaclesType":null,"Gradient":0.0026422400000000001,"Direction":0,"PositionCertainty":1,"Enabled":1,"DataSource":1,"LevelSource":2,"StreetNameEN":"Fa Yuen Street","StreetNameTC":"花園街","ST_CODE":10419,"FloorID":null,"BuildingID_1":null,"BuildingID_2":null,"SiteID":null,"TerminalID":null,"AccessTimeID":null,"CreationDate":1614441600000,"ModifiedBy":"LANDSD","LastAmendmentDate":1655654400000,"Shape__Length":46.55134526072672}},{"type":"Feature","id":340996,"geometry":{"type":"LineString","coordinates":[[114.17115986442761,22.318893139714305,5.4611000000004424],[114.17117981106635,22.318797330312737,5.4475999999995111]]},"properties":{"OBJECTID":340996,"PedestrianRouteID":240007363,"Location":1,"FeatureType":1,"AliasNameEN":"Fa Yuen Street","AliasNameTC":"花園街","CrossingFeature":null,"WeatherProof":2,"WheelchairBarrier":2,"WheelchairAccess":2,"ObstaclesType":null,"Gradient":0.00124923,"Direction":0,"PositionCertainty":1,"Enabled":1,"DataSource":1,"LevelSource":2,"StreetNameEN":"Fa Yuen Street","StreetNameTC":"花園街","ST_CODE":10419,"FloorID":null,"BuildingID_1":null,"BuildingID_2":null,"SiteID":null,"TerminalID":null,"AccessTimeID":null,"CreationDate":1614441600000,"ModifiedBy":"LANDSD","LastAmendmentDate":1655654400000,"Shape__Length":10.806631404222189}},{"type":"Feature","id":340997,"geometry":{"type":"LineString","coordinates":[[114.1711990198858,22.318705062681342,5.4836999999970431],[114.17120132839841,22.318693974093684,5.4844000000011874]]},"properties":{"OBJECTID":340997,"PedestrianRouteID":240007364,"Location":1,"FeatureType":1,"AliasNameEN":"Fa Yuen Street","AliasNameTC":"花園街","CrossingFeature":null,"WeatherProof":2,"WheelchairBarrier":2,"WheelchairAccess":2,"ObstaclesType":null,"Gradient":0.00055968000000000001,"Direction":0,"PositionCertainty":1,"Enabled":1,"DataSource":1,"LevelSource":2,"StreetNameEN":"Fa Yuen Street","StreetNameTC":"花園街","ST_CODE":10419,"FloorID":null,"BuildingID_1":null,"BuildingID_2":null,"SiteID":null,"TerminalID":null,"AccessTimeID":null,"CreationDate":1614441600000,"ModifiedBy":"LANDSD","LastAmendmentDate":1655654400000,"Shape__Length":1.2507146941839371}},{"type":"Feature","id":340998,"geometry":{"type":"LineString","coordinates":[[114.17117981106635,22.318797330312737,5.4475999999995111],[114.1711990198858,22.318705062681342,5.4836999999970431]]},"properties":{"OBJECTID":340998,"PedestrianRouteID":240007365,"Location":1,"FeatureType":1,"AliasNameEN":"Fa Yuen Street","AliasNameTC":"花園街","CrossingFeature":null,"WeatherProof":3,"WheelchairBarrier":2,"WheelchairAccess":2,"ObstaclesType":null,"Gradient":0.00346876,"Direction":0,"PositionCertainty":1,"Enabled":1,"DataSource":1,"LevelSource":2,"StreetNameEN":"Fa Yuen Street","StreetNameTC":"花園街","ST_CODE":10419,"FloorID":null,"BuildingID_1":null,"BuildingID_2":null,"SiteID":null,"TerminalID":null,"AccessTimeID":null,"CreationDate":1614441600000,"ModifiedBy":"LANDSD","LastAmendmentDate":1655654400000,"Shape__Length":10.407135677541353}},{"type":"Feature","id":341001,"geometry":{"type":"LineString","coordinates":[[114.1686844444027,22.320636562901907,4.9202999999979511],[114.1687175290932,22.320642390196259,4.8986000000004424]]},"properties":{"OBJECTID":341001,"PedestrianRouteID":240007368,"Location":1,"FeatureType":1,"AliasNameEN":"Mong Kok Road","AliasNameTC":"旺角道","CrossingFeature":null,"WeatherProof":2,"WheelchairBarrier":2,"WheelchairAccess":2,"ObstaclesType":null,"Gradient":0.0062549499999999996,"Direction":0,"PositionCertainty":1,"Enabled":1,"DataSource":1,"LevelSource":12,"StreetNameEN":"Mong Kok Road","StreetNameTC":"旺角道","ST_CODE":11454,"FloorID":null,"BuildingID_1":null,"BuildingID_2":null,"SiteID":null,"TerminalID":null,"AccessTimeID":null,"CreationDate":1614441600000,"ModifiedBy":"LANDSD","LastAmendmentDate":1764518400000,"Shape__Length":3.4692059175884538}},{"type":"Feature","id":341002,"geometry":{"type":"LineString","coordinates":[[114.17080990886564,22.318516669580877,5.75350000000617],[114.1708179042969,22.318478247403267,5.7592000000004191]]},"properties":{"OBJECTID":341002,"PedestrianRouteID":240007370,"Location":1,"FeatureType":1,"AliasNameEN":"Tung Choi Street","AliasNameTC":"通菜街","CrossingFeature":null,"WeatherProof":3,"WheelchairBarrier":2,"WheelchairAccess":2,"ObstaclesType":null,"Gradient":0.0013152800000000001,"Direction":0,"PositionCertainty":1,"Enabled":1,"DataSource":1,"LevelSource":2,"StreetNameEN":"Tung Choi Street","StreetNameTC":"通菜街","ST_CODE":12513,"FloorID":null,"BuildingID_1":null,"BuildingID_2":null,"SiteID":null,"TerminalID":null,"AccessTimeID":null,"CreationDate":1614441600000,"ModifiedBy":"LANDSD","LastAmendmentDate":1655654400000,"Shape__Length":4.3336807735015093}},{"type":"Feature","id":341003,"geometry":{"type":"LineString","coordinates":[[114.1708179042969,22.318478247403267,5.7592000000004191],[114.17082267475963,22.318455325219681,5.7540000000008149]]},"properties":{"OBJECTID":341003,"PedestrianRouteID":240007371,"Location":1,"FeatureType":1,"AliasNameEN":"Tung Choi Street","AliasNameTC":"通菜街","CrossingFeature":null,"WeatherProof":2,"WheelchairBarrier":2,"WheelchairAccess":2,"ObstaclesType":null,"Gradient":0.0020112699999999999,"Direction":0,"PositionCertainty":1,"Enabled":1,"DataSource":1,"LevelSource":2,"StreetNameEN":"Tung Choi Street","StreetNameTC":"通菜街","ST_CODE":12513,"FloorID":null,"BuildingID_1":null,"BuildingID_2":null,"SiteID":null,"TerminalID":null,"AccessTimeID":null,"CreationDate":1614441600000,"ModifiedBy":"LANDSD","LastAmendmentDate":1655654400000,"Shape__Length":2.5854285622269004}},{"type":"Feature","id":341004,"geometry":{"type":"LineString","coordinates":[[114.17082267475963,22.318455325219681,5.7540000000008149],[114.17084040816972,22.318370108661298,5.7967000000062399]]},"properties":{"OBJECTID":341004,"PedestrianRouteID":240007372,"Location":1,"FeatureType":1,"AliasNameEN":"Tung Choi Street","AliasNameTC":"通菜街","CrossingFeature":null,"WeatherProof":3,"WheelchairBarrier":2,"WheelchairAccess":2,"ObstaclesType":null,"Gradient":0.0044424800000000004,"Direction":0,"PositionCertainty":1,"Enabled":1,"DataSource":1,"LevelSource":2,"StreetNameEN":"Tung Choi Street","StreetNameTC":"通菜街","ST_CODE":12513,"FloorID":null,"BuildingID_1":null,"BuildingID_2":null,"SiteID":null,"TerminalID":null,"AccessTimeID":null,"CreationDate":1614441600000,"ModifiedBy":"LANDSD","LastAmendmentDate":1655654400000,"Shape__Length":9.6116785806249272}},{"type":"Feature","id":341005,"geometry":{"type":"LineString","coordinates":[[114.17084040816972,22.318370108661298,5.7967000000062399],[114.17084326325937,22.318356388582902,5.7942000000039116]]},"properties":{"OBJECTID":341005,"PedestrianRouteID":240007373,"Location":1,"FeatureType":1,"AliasNameEN":"Tung Choi Street","AliasNameTC":"通菜街","CrossingFeature":null,"WeatherProof":2,"WheelchairBarrier":2,"WheelchairAccess":2,"ObstaclesType":null,"Gradient":0.0016155,"Direction":0,"PositionCertainty":1,"Enabled":1,"DataSource":1,"LevelSource":2,"StreetNameEN":"Tung Choi Street","StreetNameTC":"通菜街","ST_CODE":12513,"FloorID":null,"BuildingID_1":null,"BuildingID_2":null,"SiteID":null,"TerminalID":null,"AccessTimeID":null,"CreationDate":1614441600000,"ModifiedBy":"LANDSD","LastAmendmentDate":1655654400000,"Shape__Length":1.5475035709214764}},{"type":"Feature","id":341006,"geometry":{"type":"LineString","coordinates":[[114.17084326325937,22.318356388582902,5.7942000000039116],[114.17086162183162,22.318268165758948,5.7884000000049127]]},"properties":{"OBJECTID":341006,"PedestrianRouteID":240007374,"Location":1,"FeatureType":1,"AliasNameEN":"Tung Choi Street","AliasNameTC":"通菜街","CrossingFeature":null,"WeatherProof":3,"WheelchairBarrier":2,"WheelchairAccess":2,"ObstaclesType":null,"Gradient":0.00058286999999999998,"Direction":0,"PositionCertainty":1,"Enabled":1,"DataSource":1,"LevelSource":2,"StreetNameEN":"Tung Choi Street","StreetNameTC":"通菜街","ST_CODE":12513,"FloorID":null,"BuildingID_1":null,"BuildingID_2":null,"SiteID":null,"TerminalID":null,"AccessTimeID":null,"CreationDate":1614441600000,"ModifiedBy":"LANDSD","LastAmendmentDate":1655654400000,"Shape__Length":9.95075050352545}},{"type":"Feature","id":341007,"geometry":{"type":"LineString","coordinates":[[114.17086162183162,22.318268165758948,5.7884000000049127],[114.17086438372161,22.318254891788015,5.786099999997532]]},"properties":{"OBJECTID":341007,"PedestrianRouteID":240007375,"Location":1,"FeatureType":1,"AliasNameEN":"Tung Choi Street","AliasNameTC":"通菜街","CrossingFeature":null,"WeatherProof":2,"WheelchairBarrier":2,"WheelchairAccess":2,"ObstaclesType":null,"Gradient":0.00153622,"Direction":0,"PositionCertainty":1,"Enabled":1,"DataSource":1,"LevelSource":2,"StreetNameEN":"Tung Choi Street","StreetNameTC":"通菜街","ST_CODE":12513,"FloorID":null,"BuildingID_1":null,"BuildingID_2":null,"SiteID":null,"TerminalID":null,"AccessTimeID":null,"CreationDate":1614441600000,"ModifiedBy":"LANDSD","LastAmendmentDate":1655654400000,"Shape__Length":1.4971794338131394}},{"type":"Feature","id":341008,"geometry":{"type":"LineString","coordinates":[[114.17086438372161,22.318254891788015,5.786099999997532],[114.1709044228151,22.318062481061041,5.658899999994901]]},"properties":{"OBJECTID":341008,"PedestrianRouteID":240007376,"Location":1,"FeatureType":1,"AliasNameEN":"Tung Choi Street","AliasNameTC":"通菜街","CrossingFeature":null,"WeatherProof":3,"WheelchairBarrier":2,"WheelchairAccess":2,"ObstaclesType":null,"Gradient":0.0058610900000000002,"Direction":0,"PositionCertainty":1,"Enabled":1,"DataSource":1,"LevelSource":2,"StreetNameEN":"Tung Choi Street","StreetNameTC":"通菜街","ST_CODE":12513,"FloorID":null,"BuildingID_1":null,"BuildingID_2":null,"SiteID":null,"TerminalID":null,"AccessTimeID":null,"CreationDate":1614441600000,"ModifiedBy":"LANDSD","LastAmendmentDate":1655654400000,"Shape__Length":21.702215100623064}},{"type":"Feature","id":341009,"geometry":{"type":"LineString","coordinates":[[114.1709044228151,22.318062481061041,5.658899999994901],[114.17090904569051,22.318040264157879,5.6057000000000698]]},"properties":{"OBJECTID":341009,"PedestrianRouteID":240007377,"Location":1,"FeatureType":1,"AliasNameEN":"Tung Choi Street","AliasNameTC":"通菜街","CrossingFeature":null,"WeatherProof":2,"WheelchairBarrier":2,"WheelchairAccess":2,"ObstaclesType":null,"Gradient":0.021227019999999999,"Direction":0,"PositionCertainty":1,"Enabled":1,"DataSource":1,"LevelSource":2,"StreetNameEN":"Tung Choi Street","StreetNameTC":"通菜街","ST_CODE":12513,"FloorID":null,"BuildingID_1":null,"BuildingID_2":null,"SiteID":null,"TerminalID":null,"AccessTimeID":null,"CreationDate":1614441600000,"ModifiedBy":"LANDSD","LastAmendmentDate":1655654400000,"Shape__Length":2.5058632209690201}},{"type":"Feature","id":341010,"geometry":{"type":"LineString","coordinates":[[114.17092209982049,22.317977533599276,5.5969999999942956],[114.1709273158387,22.317952467563941,5.5717000000004191]]},"properties":{"OBJECTID":341010,"PedestrianRouteID":240007378,"Location":1,"FeatureType":1,"AliasNameEN":"Tung Choi Street","AliasNameTC":"通菜街","CrossingFeature":null,"WeatherProof":2,"WheelchairBarrier":2,"WheelchairAccess":2,"ObstaclesType":null,"Gradient":0.0089484600000000001,"Direction":0,"PositionCertainty":1,"Enabled":1,"DataSource":1,"LevelSource":2,"StreetNameEN":"Tung Choi Street","StreetNameTC":"通菜街","ST_CODE":12513,"FloorID":null,"BuildingID_1":null,"BuildingID_2":null,"SiteID":null,"TerminalID":null,"AccessTimeID":null,"CreationDate":1614441600000,"ModifiedBy":"LANDSD","LastAmendmentDate":1655654400000,"Shape__Length":2.8272251016556127}},{"type":"Feature","id":341011,"geometry":{"type":"LineString","coordinates":[[114.17090904569051,22.318040264157879,5.6057000000000698],[114.17092209982049,22.317977533599276,5.5969999999942956]]},"properties":{"OBJECTID":341011,"PedestrianRouteID":240007379,"Location":1,"FeatureType":1,"AliasNameEN":"Tung Choi Street","AliasNameTC":"通菜街","CrossingFeature":null,"WeatherProof":3,"WheelchairBarrier":2,"WheelchairAccess":2,"ObstaclesType":null,"Gradient":0.0012296,"Direction":0,"PositionCertainty":1,"Enabled":1,"DataSource":1,"LevelSource":2,"StreetNameEN":"Tung Choi Street","StreetNameTC":"通菜街","ST_CODE":12513,"FloorID":null,"BuildingID_1":null,"BuildingID_2":null,"SiteID":null,"TerminalID":null,"AccessTimeID":null,"CreationDate":1614441600000,"ModifiedBy":"LANDSD","LastAmendmentDate":1655654400000,"Shape__Length":7.0754561927332071}},{"type":"Feature","id":341012,"geometry":{"type":"LineString","coordinates":[[114.16999323897556,22.319677651098843,5.0472000000008848],[114.1699783706829,22.319750826277787,5.1107999999949243]]},"properties":{"OBJECTID":341012,"PedestrianRouteID":240007380,"Location":1,"FeatureType":1,"AliasNameEN":"Sai Yeung Choi Street South","AliasNameTC":"西洋菜南街","CrossingFeature":null,"WeatherProof":2,"WheelchairBarrier":2,"WheelchairAccess":2,"ObstaclesType":null,"Gradient":0.00771216,"Direction":0,"PositionCertainty":1,"Enabled":1,"DataSource":1,"LevelSource":2,"StreetNameEN":"Sai Yeung Choi Street South","StreetNameTC":"西洋菜南街","ST_CODE":11864,"FloorID":null,"BuildingID_1":null,"BuildingID_2":null,"SiteID":null,"TerminalID":null,"AccessTimeID":null,"CreationDate":1614441600000,"ModifiedBy":"LANDSD","LastAmendmentDate":1655654400000,"Shape__Length":8.2465581827045131}},{"type":"Feature","id":341013,"geometry":{"type":"LineString","coordinates":[[114.17004193663089,22.319581404169583,5.0914000000047963],[114.17002937185825,22.319589242198788,5.0945999999967171]]},"properties":{"OBJECTID":341013,"PedestrianRouteID":240007381,"Location":1,"FeatureType":1,"AliasNameEN":"Argyle Street","AliasNameTC":"亞皆老街","CrossingFeature":null,"WeatherProof":2,"WheelchairBarrier":2,"WheelchairAccess":2,"ObstaclesType":null,"Gradient":0.0020531600000000001,"Direction":0,"PositionCertainty":1,"Enabled":1,"DataSource":1,"LevelSource":2,"StreetNameEN":"Argyle Street","StreetNameTC":"亞皆老街","ST_CODE":10027,"FloorID":null,"BuildingID_1":null,"BuildingID_2":null,"SiteID":null,"TerminalID":null,"AccessTimeID":null,"CreationDate":1614441600000,"ModifiedBy":"LANDSD","LastAmendmentDate":1655654400000,"Shape__Length":1.5585744287695231}},{"type":"Feature","id":341014,"geometry":{"type":"LineString","coordinates":[[114.17002937185825,22.319589242198788,5.0945999999967171],[114.17000856451408,22.319602220997755,5.0377000000007683],[114.16999323897556,22.319677651098843,5.0472000000008848]]},"properties":{"OBJECTID":341014,"PedestrianRouteID":240007382,"Location":1,"FeatureType":1,"AliasNameEN":"Sai Yeung Choi Street South","AliasNameTC":"西洋菜南街","CrossingFeature":null,"WeatherProof":3,"WheelchairBarrier":2,"WheelchairAccess":2,"ObstaclesType":null,"Gradient":0.0042773300000000002,"Direction":0,"PositionCertainty":1,"Enabled":1,"DataSource":1,"LevelSource":2,"StreetNameEN":"Sai Yeung Choi Street South","StreetNameTC":"西洋菜南街","ST_CODE":11864,"FloorID":null,"BuildingID_1":null,"BuildingID_2":null,"SiteID":null,"TerminalID":null,"AccessTimeID":null,"CreationDate":1614441600000,"ModifiedBy":"LANDSD","LastAmendmentDate":1655654400000,"Shape__Length":11.081607245414006}},{"type":"Feature","id":341015,"geometry":{"type":"LineString","coordinates":[[114.17012311333005,22.319342811118265,5.1603000000031898],[114.17008412480577,22.3193358071779,5.1456000000034692]]},"properties":{"OBJECTID":341015,"PedestrianRouteID":240007383,"Location":1,"FeatureType":1,"AliasNameEN":"Argyle Street","AliasNameTC":"亞皆老街","CrossingFeature":null,"WeatherProof":3,"WheelchairBarrier":2,"WheelchairAccess":2,"ObstaclesType":null,"Gradient":0.0035931000000000001,"Direction":0,"PositionCertainty":1,"Enabled":1,"DataSource":1,"LevelSource":2,"StreetNameEN":"Argyle Street","StreetNameTC":"亞皆老街","ST_CODE":10027,"FloorID":null,"BuildingID_1":null,"BuildingID_2":null,"SiteID":null,"TerminalID":null,"AccessTimeID":null,"CreationDate":1614441600000,"ModifiedBy":"LANDSD","LastAmendmentDate":1655654400000,"Shape__Length":4.0911531576639977}},{"type":"Feature","id":341016,"geometry":{"type":"LineString","coordinates":[[114.17040589461338,22.317689935539104,5.3175000000046566],[114.17040068918583,22.3177150548394,5.3451000000059139]]},"properties":{"OBJECTID":341016,"PedestrianRouteID":240007384,"Location":1,"FeatureType":1,"AliasNameEN":"Sai Yeung Choi Street South","AliasNameTC":"西洋菜南街","CrossingFeature":null,"WeatherProof":3,"WheelchairBarrier":2,"WheelchairAccess":2,"ObstaclesType":null,"Gradient":0.0067312400000000003,"Direction":0,"PositionCertainty":1,"Enabled":1,"DataSource":1,"LevelSource":2,"StreetNameEN":"Sai Yeung Choi Street South","StreetNameTC":"西洋菜南街","ST_CODE":11864,"FloorID":null,"BuildingID_1":null,"BuildingID_2":null,"SiteID":null,"TerminalID":null,"AccessTimeID":null,"CreationDate":1614441600000,"ModifiedBy":"LANDSD","LastAmendmentDate":1766073600000,"Shape__Length":2.8328093814237603}},{"type":"Feature","id":341017,"geometry":{"type":"LineString","coordinates":[[114.17044088392377,22.317696109334086,5.3105999999970663],[114.17040589461338,22.317689935539104,5.3175000000046566]]},"properties":{"OBJECTID":341017,"PedestrianRouteID":240007385,"Location":1,"FeatureType":1,"AliasNameEN":"Sai Yeung Choi Street South","AliasNameTC":"西洋菜南街","CrossingFeature":null,"WeatherProof":3,"WheelchairBarrier":2,"WheelchairAccess":2,"ObstaclesType":null,"Gradient":0.0014788900000000001,"Direction":0,"PositionCertainty":1,"Enabled":1,"DataSource":1,"LevelSource":2,"StreetNameEN":"Sai Yeung Choi Street South","StreetNameTC":"西洋菜南街","ST_CODE":11864,"FloorID":null,"BuildingID_1":null,"BuildingID_2":null,"SiteID":null,"TerminalID":null,"AccessTimeID":null,"CreationDate":1614441600000,"ModifiedBy":"LANDSD","LastAmendmentDate":1766073600000,"Shape__Length":3.6692229766432627}},{"type":"Feature","id":341020,"geometry":{"type":"LineString","coordinates":[[114.17110810660918,22.321320555140222,6.1937000000034459],[114.17115213898927,22.32132848193606,6.1947999999974854]]},"properties":{"OBJECTID":341020,"PedestrianRouteID":240007388,"Location":1,"FeatureType":1,"AliasNameEN":"Mong Kok Road","AliasNameTC":"旺角道","CrossingFeature":null,"WeatherProof":3,"WheelchairBarrier":2,"WheelchairAccess":2,"ObstaclesType":null,"Gradient":0.00023806000000000001,"Direction":0,"PositionCertainty":1,"Enabled":1,"DataSource":1,"LevelSource":2,"StreetNameEN":"Mong Kok Road","StreetNameTC":"旺角道","ST_CODE":11454,"FloorID":null,"BuildingID_1":null,"BuildingID_2":null,"SiteID":null,"TerminalID":null,"AccessTimeID":null,"CreationDate":1614441600000,"ModifiedBy":"LANDSD","LastAmendmentDate":1655654400000,"Shape__Length":4.620705717106131}},{"type":"Feature","id":341021,"geometry":{"type":"LineString","coordinates":[[114.17104808355107,22.321309749713166,6.1138000000064494],[114.17110810660918,22.321320555140222,6.1937000000034459]]},"properties":{"OBJECTID":341021,"PedestrianRouteID":240007389,"Location":1,"FeatureType":1,"AliasNameEN":"Mong Kok Road","AliasNameTC":"旺角道","CrossingFeature":null,"WeatherProof":2,"WheelchairBarrier":2,"WheelchairAccess":2,"ObstaclesType":null,"Gradient":0.01268438,"Direction":0,"PositionCertainty":1,"Enabled":1,"DataSource":1,"LevelSource":2,"StreetNameEN":"Mong Kok Road","StreetNameTC":"旺角道","ST_CODE":11454,"FloorID":null,"BuildingID_1":null,"BuildingID_2":null,"SiteID":null,"TerminalID":null,"AccessTimeID":null,"CreationDate":1614441600000,"ModifiedBy":"LANDSD","LastAmendmentDate":1655654400000,"Shape__Length":6.2987480106929263}},{"type":"Feature","id":341022,"geometry":{"type":"LineString","coordinates":[[114.17051472750913,22.319216721816147,5.2866000000067288],[114.17055167261752,22.319035144180216,5.5026999999972759]]},"properties":{"OBJECTID":341022,"PedestrianRouteID":240007390,"Location":1,"FeatureType":1,"AliasNameEN":"Tung Choi Street","AliasNameTC":"通菜街","CrossingFeature":null,"WeatherProof":2,"WheelchairBarrier":2,"WheelchairAccess":2,"ObstaclesType":null,"Gradient":0.010559580000000001,"Direction":0,"PositionCertainty":1,"Enabled":1,"DataSource":1,"LevelSource":2,"StreetNameEN":"Tung Choi Street","StreetNameTC":"通菜街","ST_CODE":12513,"FloorID":null,"BuildingID_1":null,"BuildingID_2":null,"SiteID":null,"TerminalID":null,"AccessTimeID":null,"CreationDate":1614441600000,"ModifiedBy":"LANDSD","LastAmendmentDate":1655654400000,"Shape__Length":20.464067575056696}},{"type":"Feature","id":341023,"geometry":{"type":"LineString","coordinates":[[114.17055167261752,22.319035144180216,5.5026999999972759],[114.17056850835603,22.318952398393687,5.5317999999970198]]},"properties":{"OBJECTID":341023,"PedestrianRouteID":240007391,"Location":1,"FeatureType":1,"AliasNameEN":"Tung Choi Street","AliasNameTC":"通菜街","CrossingFeature":null,"WeatherProof":3,"WheelchairBarrier":2,"WheelchairAccess":2,"ObstaclesType":null,"Gradient":0.0031204399999999999,"Direction":0,"PositionCertainty":1,"Enabled":1,"DataSource":1,"LevelSource":2,"StreetNameEN":"Tung Choi Street","StreetNameTC":"通菜街","ST_CODE":12513,"FloorID":null,"BuildingID_1":null,"BuildingID_2":null,"SiteID":null,"TerminalID":null,"AccessTimeID":null,"CreationDate":1614441600000,"ModifiedBy":"LANDSD","LastAmendmentDate":1655654400000,"Shape__Length":9.3255662597115947}},{"type":"Feature","id":341024,"geometry":{"type":"LineString","coordinates":[[114.17056850835603,22.318952398393687,5.5317999999970198],[114.17058665272029,22.318863223774393,5.5629000000044471]]},"properties":{"OBJECTID":341024,"PedestrianRouteID":240007392,"Location":1,"FeatureType":1,"AliasNameEN":"Tung Choi Street","AliasNameTC":"通菜街","CrossingFeature":null,"WeatherProof":2,"WheelchairBarrier":2,"WheelchairAccess":2,"ObstaclesType":null,"Gradient":0.0030944800000000001,"Direction":0,"PositionCertainty":1,"Enabled":1,"DataSource":1,"LevelSource":2,"StreetNameEN":"Tung Choi Street","StreetNameTC":"通菜街","ST_CODE":12513,"FloorID":null,"BuildingID_1":null,"BuildingID_2":null,"SiteID":null,"TerminalID":null,"AccessTimeID":null,"CreationDate":1614441600000,"ModifiedBy":"LANDSD","LastAmendmentDate":1655654400000,"Shape__Length":10.050116220547645}},{"type":"Feature","id":341025,"geometry":{"type":"LineString","coordinates":[[114.17058665272029,22.318863223774393,5.5629000000044471],[114.17059320274285,22.318831029955248,5.5746000000071945]]},"properties":{"OBJECTID":341025,"PedestrianRouteID":240007393,"Location":1,"FeatureType":1,"AliasNameEN":"Tung Choi Street","AliasNameTC":"通菜街","CrossingFeature":null,"WeatherProof":3,"WheelchairBarrier":2,"WheelchairAccess":2,"ObstaclesType":null,"Gradient":0.0032246499999999999,"Direction":0,"PositionCertainty":1,"Enabled":1,"DataSource":1,"LevelSource":2,"StreetNameEN":"Tung Choi Street","StreetNameTC":"通菜街","ST_CODE":12513,"FloorID":null,"BuildingID_1":null,"BuildingID_2":null,"SiteID":null,"TerminalID":null,"AccessTimeID":null,"CreationDate":1614441600000,"ModifiedBy":"LANDSD","LastAmendmentDate":1655654400000,"Shape__Length":3.6282840416259794}},{"type":"Feature","id":341026,"geometry":{"type":"LineString","coordinates":[[114.17059320274285,22.318831029955248,5.5746000000071945],[114.1705968646187,22.31881303121709,5.5797000000020489]]},"properties":{"OBJECTID":341026,"PedestrianRouteID":240007394,"Location":1,"FeatureType":1,"AliasNameEN":"Tung Choi Street","AliasNameTC":"通菜街","CrossingFeature":null,"WeatherProof":2,"WheelchairBarrier":2,"WheelchairAccess":2,"ObstaclesType":null,"Gradient":0.0025141899999999999,"Direction":0,"PositionCertainty":1,"Enabled":1,"DataSource":1,"LevelSource":2,"StreetNameEN":"Tung Choi Street","StreetNameTC":"通菜街","ST_CODE":12513,"FloorID":null,"BuildingID_1":null,"BuildingID_2":null,"SiteID":null,"TerminalID":null,"AccessTimeID":null,"CreationDate":1614441600000,"ModifiedBy":"LANDSD","LastAmendmentDate":1655654400000,"Shape__Length":2.0284790982815206}},{"type":"Feature","id":341027,"geometry":{"type":"LineString","coordinates":[[114.17063907708589,22.318605569359363,5.7532000000064727],[114.17064021971964,22.318599952372715,5.759699999995064]]},"properties":{"OBJECTID":341027,"PedestrianRouteID":240007395,"Location":1,"FeatureType":1,"AliasNameEN":"Tung Choi Street","AliasNameTC":"通菜街","CrossingFeature":null,"WeatherProof":2,"WheelchairBarrier":2,"WheelchairAccess":2,"ObstaclesType":null,"Gradient":0.01026758,"Direction":0,"PositionCertainty":1,"Enabled":1,"DataSource":1,"LevelSource":2,"StreetNameEN":"Tung Choi Street","StreetNameTC":"通菜街","ST_CODE":12513,"FloorID":null,"BuildingID_1":null,"BuildingID_2":null,"SiteID":null,"TerminalID":null,"AccessTimeID":null,"CreationDate":1614441600000,"ModifiedBy":"LANDSD","LastAmendmentDate":1655654400000,"Shape__Length":0.63303814401227865}},{"type":"Feature","id":341028,"geometry":{"type":"LineString","coordinates":[[114.1705968646187,22.31881303121709,5.5797000000020489],[114.17063907708589,22.318605569359363,5.7532000000064727]]},"properties":{"OBJECTID":341028,"PedestrianRouteID":240007396,"Location":1,"FeatureType":1,"AliasNameEN":"Tung Choi Street","AliasNameTC":"通菜街","CrossingFeature":null,"WeatherProof":3,"WheelchairBarrier":2,"WheelchairAccess":2,"ObstaclesType":null,"Gradient":0.0074203300000000002,"Direction":0,"PositionCertainty":1,"Enabled":1,"DataSource":1,"LevelSource":2,"StreetNameEN":"Tung Choi Street","StreetNameTC":"通菜街","ST_CODE":12513,"FloorID":null,"BuildingID_1":null,"BuildingID_2":null,"SiteID":null,"TerminalID":null,"AccessTimeID":null,"CreationDate":1614441600000,"ModifiedBy":"LANDSD","LastAmendmentDate":1655654400000,"Shape__Length":23.381273505428535}},{"type":"Feature","id":341029,"geometry":{"type":"LineString","coordinates":[[114.17090208925185,22.320114342275911,5.5344999999942956],[114.17090908774821,22.320080495866694,5.513200000001234]]},"properties":{"OBJECTID":341029,"PedestrianRouteID":240007397,"Location":1,"FeatureType":1,"AliasNameEN":"Fa Yuen Street","AliasNameTC":"花園街","CrossingFeature":null,"WeatherProof":2,"WheelchairBarrier":2,"WheelchairAccess":2,"ObstaclesType":null,"Gradient":0.0055806800000000002,"Direction":0,"PositionCertainty":1,"Enabled":1,"DataSource":1,"LevelSource":2,"StreetNameEN":"Fa Yuen Street","StreetNameTC":"花園街","ST_CODE":10419,"FloorID":null,"BuildingID_1":null,"BuildingID_2":null,"SiteID":null,"TerminalID":null,"AccessTimeID":null,"CreationDate":1614441600000,"ModifiedBy":"LANDSD","LastAmendmentDate":1655654400000,"Shape__Length":3.8167002530471636}},{"type":"Feature","id":341030,"geometry":{"type":"LineString","coordinates":[[114.17090908774821,22.320080495866694,5.513200000001234],[114.17094887688826,22.319888058071115,5.4628999999986263]]},"properties":{"OBJECTID":341030,"PedestrianRouteID":240007398,"Location":1,"FeatureType":1,"AliasNameEN":"Fa Yuen Street","AliasNameTC":"花園街","CrossingFeature":null,"WeatherProof":3,"WheelchairBarrier":2,"WheelchairAccess":2,"ObstaclesType":null,"Gradient":0.0023179400000000001,"Direction":0,"PositionCertainty":1,"Enabled":1,"DataSource":1,"LevelSource":2,"StreetNameEN":"Fa Yuen Street","StreetNameTC":"花園街","ST_CODE":10419,"FloorID":null,"BuildingID_1":null,"BuildingID_2":null,"SiteID":null,"TerminalID":null,"AccessTimeID":null,"CreationDate":1614441600000,"ModifiedBy":"LANDSD","LastAmendmentDate":1655654400000,"Shape__Length":21.700272717542866}},{"type":"Feature","id":341031,"geometry":{"type":"LineString","coordinates":[[114.17057090843315,22.319675201851247,5.3839000000007218],[114.17056493793734,22.319704624199225,5.4140000000043074]]},"properties":{"OBJECTID":341031,"PedestrianRouteID":240007399,"Location":1,"FeatureType":1,"AliasNameEN":"Argyle Street","AliasNameTC":"亞皆老街","CrossingFeature":null,"WeatherProof":2,"WheelchairBarrier":2,"WheelchairAccess":2,"ObstaclesType":null,"Gradient":0.0090779499999999996,"Direction":0,"PositionCertainty":1,"Enabled":1,"DataSource":1,"LevelSource":2,"StreetNameEN":"Argyle Street","StreetNameTC":"亞皆老街","ST_CODE":10027,"FloorID":null,"BuildingID_1":null,"BuildingID_2":null,"SiteID":null,"TerminalID":null,"AccessTimeID":null,"CreationDate":1614441600000,"ModifiedBy":"LANDSD","LastAmendmentDate":1655654400000,"Shape__Length":3.3156357788081467}},{"type":"Feature","id":341032,"geometry":{"type":"LineString","coordinates":[[114.17096310507932,22.319744860458449,5.4370999999955529],[114.17058653300897,22.319677976652173,5.3589999999967404]]},"properties":{"OBJECTID":341032,"PedestrianRouteID":240007400,"Location":1,"FeatureType":1,"AliasNameEN":"Argyle Street","AliasNameTC":"亞皆老街","CrossingFeature":null,"WeatherProof":3,"WheelchairBarrier":2,"WheelchairAccess":2,"ObstaclesType":null,"Gradient":0.00197729,"Direction":0,"PositionCertainty":1,"Enabled":1,"DataSource":1,"LevelSource":2,"StreetNameEN":"Argyle Street","StreetNameTC":"亞皆老街","ST_CODE":10027,"FloorID":null,"BuildingID_1":null,"BuildingID_2":null,"SiteID":null,"TerminalID":null,"AccessTimeID":null,"CreationDate":1614441600000,"ModifiedBy":"LANDSD","LastAmendmentDate":1655654400000,"Shape__Length":39.498498531983635}},{"type":"Feature","id":341033,"geometry":{"type":"LineString","coordinates":[[114.16852325960188,22.319853405407159,5.0185000000055879],[114.16851132369429,22.319909946246209,5.0479000000050291]]},"properties":{"OBJECTID":341033,"PedestrianRouteID":240007401,"Location":1,"FeatureType":1,"AliasNameEN":"Portland Street","AliasNameTC":"砵蘭街","CrossingFeature":null,"WeatherProof":2,"WheelchairBarrier":2,"WheelchairAccess":2,"ObstaclesType":null,"Gradient":0.0046076399999999997,"Direction":0,"PositionCertainty":1,"Enabled":1,"DataSource":1,"LevelSource":2,"StreetNameEN":"Portland Street","StreetNameTC":"砵蘭街","ST_CODE":11777,"FloorID":null,"BuildingID_1":null,"BuildingID_2":null,"SiteID":null,"TerminalID":null,"AccessTimeID":null,"CreationDate":1614441600000,"ModifiedBy":"LANDSD","LastAmendmentDate":1655654400000,"Shape__Length":6.3806580827091626}},{"type":"Feature","id":341034,"geometry":{"type":"LineString","coordinates":[[114.16854377702956,22.319756216496167,4.9462000000057742],[114.16852325960188,22.319853405407159,5.0185000000055879]]},"properties":{"OBJECTID":341034,"PedestrianRouteID":240007402,"Location":1,"FeatureType":1,"AliasNameEN":"Portland Street","AliasNameTC":"砵蘭街","CrossingFeature":null,"WeatherProof":3,"WheelchairBarrier":2,"WheelchairAccess":2,"ObstaclesType":null,"Gradient":0.0065919100000000003,"Direction":0,"PositionCertainty":1,"Enabled":1,"DataSource":1,"LevelSource":2,"StreetNameEN":"Portland Street","StreetNameTC":"砵蘭街","ST_CODE":11777,"FloorID":null,"BuildingID_1":null,"BuildingID_2":null,"SiteID":null,"TerminalID":null,"AccessTimeID":null,"CreationDate":1614441600000,"ModifiedBy":"LANDSD","LastAmendmentDate":1655654400000,"Shape__Length":10.967822854545062}},{"type":"Feature","id":341035,"geometry":{"type":"LineString","coordinates":[[114.16857567884031,22.319605097453373,4.8853999999992084],[114.16854377702956,22.319756216496167,4.9462000000057742]]},"properties":{"OBJECTID":341035,"PedestrianRouteID":240007403,"Location":1,"FeatureType":1,"AliasNameEN":"Portland Street","AliasNameTC":"砵蘭街","CrossingFeature":null,"WeatherProof":2,"WheelchairBarrier":2,"WheelchairAccess":2,"ObstaclesType":null,"Gradient":0.0035651599999999999,"Direction":0,"PositionCertainty":1,"Enabled":1,"DataSource":1,"LevelSource":2,"StreetNameEN":"Portland Street","StreetNameTC":"砵蘭街","ST_CODE":11777,"FloorID":null,"BuildingID_1":null,"BuildingID_2":null,"SiteID":null,"TerminalID":null,"AccessTimeID":null,"CreationDate":1614441600000,"ModifiedBy":"LANDSD","LastAmendmentDate":1655654400000,"Shape__Length":17.053853972724813}},{"type":"Feature","id":341036,"geometry":{"type":"LineString","coordinates":[[114.16858238171663,22.31957334622545,4.8635000000067521],[114.16857567884031,22.319605097453373,4.8853999999992084]]},"properties":{"OBJECTID":341036,"PedestrianRouteID":240007404,"Location":1,"FeatureType":1,"AliasNameEN":"Portland Street","AliasNameTC":"砵蘭街","CrossingFeature":null,"WeatherProof":3,"WheelchairBarrier":2,"WheelchairAccess":2,"ObstaclesType":null,"Gradient":0.0061118800000000001,"Direction":0,"PositionCertainty":1,"Enabled":1,"DataSource":1,"LevelSource":2,"StreetNameEN":"Portland Street","StreetNameTC":"砵蘭街","ST_CODE":11777,"FloorID":null,"BuildingID_1":null,"BuildingID_2":null,"SiteID":null,"TerminalID":null,"AccessTimeID":null,"CreationDate":1614441600000,"ModifiedBy":"LANDSD","LastAmendmentDate":1655654400000,"Shape__Length":3.5831422176454981}},{"type":"Feature","id":341037,"geometry":{"type":"LineString","coordinates":[[114.16863282503594,22.319334390227652,4.6837999999988824],[114.16858238171663,22.31957334622545,4.8635000000067521]]},"properties":{"OBJECTID":341037,"PedestrianRouteID":240007405,"Location":1,"FeatureType":1,"AliasNameEN":"Portland Street","AliasNameTC":"砵蘭街","CrossingFeature":null,"WeatherProof":2,"WheelchairBarrier":2,"WheelchairAccess":2,"ObstaclesType":null,"Gradient":0.0066637800000000002,"Direction":0,"PositionCertainty":1,"Enabled":1,"DataSource":1,"LevelSource":2,"StreetNameEN":"Portland Street","StreetNameTC":"砵蘭街","ST_CODE":11777,"FloorID":null,"BuildingID_1":null,"BuildingID_2":null,"SiteID":null,"TerminalID":null,"AccessTimeID":null,"CreationDate":1614441600000,"ModifiedBy":"LANDSD","LastAmendmentDate":1655654400000,"Shape__Length":26.966271888164457}},{"type":"Feature","id":341038,"geometry":{"type":"LineString","coordinates":[[114.16776940426018,22.320409984629382,4.9955000000045402],[114.16776479731449,22.320432130998672,4.9827999999979511]]},"properties":{"OBJECTID":341038,"PedestrianRouteID":240007406,"Location":1,"FeatureType":1,"AliasNameEN":"Shanghai Street","AliasNameTC":"上海街","CrossingFeature":null,"WeatherProof":2,"WheelchairBarrier":2,"WheelchairAccess":2,"ObstaclesType":null,"Gradient":0.0050842600000000002,"Direction":0,"PositionCertainty":1,"Enabled":1,"DataSource":1,"LevelSource":2,"StreetNameEN":"Shanghai Street","StreetNameTC":"上海街","ST_CODE":11984,"FloorID":null,"BuildingID_1":null,"BuildingID_2":null,"SiteID":null,"TerminalID":null,"AccessTimeID":null,"CreationDate":1614441600000,"ModifiedBy":"LANDSD","LastAmendmentDate":1655654400000,"Shape__Length":2.4978823057392789}},{"type":"Feature","id":341039,"geometry":{"type":"LineString","coordinates":[[114.1678366985132,22.320086474591808,5.1453999999939697],[114.16776940426018,22.320409984629382,4.9955000000045402]]},"properties":{"OBJECTID":341039,"PedestrianRouteID":240007407,"Location":1,"FeatureType":1,"AliasNameEN":"Shanghai Street","AliasNameTC":"上海街","CrossingFeature":null,"WeatherProof":3,"WheelchairBarrier":2,"WheelchairAccess":2,"ObstaclesType":null,"Gradient":0.0041081199999999998,"Direction":0,"PositionCertainty":1,"Enabled":1,"DataSource":1,"LevelSource":2,"StreetNameEN":"Shanghai Street","StreetNameTC":"上海街","ST_CODE":11984,"FloorID":null,"BuildingID_1":null,"BuildingID_2":null,"SiteID":null,"TerminalID":null,"AccessTimeID":null,"CreationDate":1614441600000,"ModifiedBy":"LANDSD","LastAmendmentDate":1655654400000,"Shape__Length":36.488538649229532}},{"type":"Feature","id":341043,"geometry":{"type":"LineString","coordinates":[[114.17108691935847,22.321956113904676,6.3803999999945518],[114.17107532696326,22.322011881911653,6.4508999999961816],[114.17106489952737,22.322062046476848,6.4553000000014435],[114.17104079339524,22.322178013763214,6.5296999999991385],[114.1710310785088,22.322224750338215,6.5372000000061234],[114.17101453299489,22.322304344473554,6.5525000000052387],[114.17101179530901,22.322317515492553,6.5522999999957392],[114.17100440646713,22.322353058730911,6.5133999999961816]]},"properties":{"OBJECTID":341043,"PedestrianRouteID":240007411,"Location":1,"FeatureType":1,"AliasNameEN":"Sai Yee Street","AliasNameTC":"洗衣街","CrossingFeature":null,"WeatherProof":3,"WheelchairBarrier":2,"WheelchairAccess":2,"ObstaclesType":null,"Gradient":0.00297072,"Direction":0,"PositionCertainty":1,"Enabled":1,"DataSource":1,"LevelSource":2,"StreetNameEN":"Sai Yee Street","StreetNameTC":"洗衣街","ST_CODE":11861,"FloorID":null,"BuildingID_1":null,"BuildingID_2":null,"SiteID":null,"TerminalID":null,"AccessTimeID":null,"CreationDate":1614441600000,"ModifiedBy":"LANDSD","LastAmendmentDate":1655654400000,"Shape__Length":44.770089849040488}},{"type":"Feature","id":341044,"geometry":{"type":"LineString","coordinates":[[114.17109222869379,22.321930571967432,6.374100000000908],[114.17108691935847,22.321956113904676,6.3803999999945518]]},"properties":{"OBJECTID":341044,"PedestrianRouteID":240007412,"Location":1,"FeatureType":1,"AliasNameEN":"Sai Yee Street","AliasNameTC":"洗衣街","CrossingFeature":null,"WeatherProof":2,"WheelchairBarrier":2,"WheelchairAccess":2,"ObstaclesType":null,"Gradient":0.0021868999999999999,"Direction":0,"PositionCertainty":1,"Enabled":1,"DataSource":1,"LevelSource":2,"StreetNameEN":"Sai Yee Street","StreetNameTC":"洗衣街","ST_CODE":11861,"FloorID":null,"BuildingID_1":null,"BuildingID_2":null,"SiteID":null,"TerminalID":null,"AccessTimeID":null,"CreationDate":1614441600000,"ModifiedBy":"LANDSD","LastAmendmentDate":1655654400000,"Shape__Length":2.8807891583217407}},{"type":"Feature","id":341045,"geometry":{"type":"LineString","coordinates":[[114.17117102971976,22.321551482232824,6.2004000000015367],[114.17109222869379,22.321930571967432,6.374100000000908]]},"properties":{"OBJECTID":341045,"PedestrianRouteID":240007413,"Location":1,"FeatureType":1,"AliasNameEN":"Sai Yee Street","AliasNameTC":"洗衣街","CrossingFeature":null,"WeatherProof":3,"WheelchairBarrier":2,"WheelchairAccess":2,"ObstaclesType":null,"Gradient":0.0040625399999999999,"Direction":0,"PositionCertainty":1,"Enabled":1,"DataSource":1,"LevelSource":2,"StreetNameEN":"Sai Yee Street","StreetNameTC":"洗衣街","ST_CODE":11861,"FloorID":null,"BuildingID_1":null,"BuildingID_2":null,"SiteID":null,"TerminalID":null,"AccessTimeID":null,"CreationDate":1614441600000,"ModifiedBy":"LANDSD","LastAmendmentDate":1655654400000,"Shape__Length":42.756269318269183}},{"type":"Feature","id":341046,"geometry":{"type":"LineString","coordinates":[[114.17117298588177,22.321542071521133,6.2005000000062864],[114.17117102971976,22.321551482232824,6.2004000000015367]]},"properties":{"OBJECTID":341046,"PedestrianRouteID":240007414,"Location":1,"FeatureType":1,"AliasNameEN":"Sai Yee Street","AliasNameTC":"洗衣街","CrossingFeature":null,"WeatherProof":2,"WheelchairBarrier":2,"WheelchairAccess":2,"ObstaclesType":null,"Gradient":9.4209999999999994e-05,"Direction":0,"PositionCertainty":1,"Enabled":1,"DataSource":1,"LevelSource":2,"StreetNameEN":"Sai Yee Street","StreetNameTC":"洗衣街","ST_CODE":11861,"FloorID":null,"BuildingID_1":null,"BuildingID_2":null,"SiteID":null,"TerminalID":null,"AccessTimeID":null,"CreationDate":1614441600000,"ModifiedBy":"LANDSD","LastAmendmentDate":1655654400000,"Shape__Length":1.0614022150658704}},{"type":"Feature","id":341047,"geometry":{"type":"LineString","coordinates":[[114.16851609325815,22.321908394978763,5.0886999999929685],[114.16851772434214,22.321900761503343,5.3335999999981141]]},"properties":{"OBJECTID":341047,"PedestrianRouteID":240007415,"Location":1,"FeatureType":1,"AliasNameEN":"Bute Street","AliasNameTC":"弼街","CrossingFeature":null,"WeatherProof":3,"WheelchairBarrier":2,"WheelchairAccess":2,"ObstaclesType":null,"Gradient":0.27686374000000002,"Direction":0,"PositionCertainty":1,"Enabled":1,"DataSource":1,"LevelSource":2,"StreetNameEN":"Bute Street","StreetNameTC":"弼街","ST_CODE":10100,"FloorID":null,"BuildingID_1":null,"BuildingID_2":null,"SiteID":null,"TerminalID":null,"AccessTimeID":null,"CreationDate":1614441600000,"ModifiedBy":"LANDSD","LastAmendmentDate":1655654400000,"Shape__Length":0.86183298273905096}},{"type":"Feature","id":341048,"geometry":{"type":"LineString","coordinates":[[114.1685340104231,22.321931135829203,5.1745999999984633],[114.1685120611791,22.321927260580789,5.2571000000025379],[114.16851609325815,22.321908394978763,5.0886999999929685]]},"properties":{"OBJECTID":341048,"PedestrianRouteID":240007416,"Location":1,"FeatureType":1,"AliasNameEN":"Bute Street","AliasNameTC":"弼街","CrossingFeature":null,"WeatherProof":2,"WheelchairBarrier":2,"WheelchairAccess":2,"ObstaclesType":null,"Gradient":0.019380600000000001,"Direction":0,"PositionCertainty":1,"Enabled":1,"DataSource":1,"LevelSource":2,"StreetNameEN":"Bute Street","StreetNameTC":"弼街","ST_CODE":10100,"FloorID":null,"BuildingID_1":null,"BuildingID_2":null,"SiteID":null,"TerminalID":null,"AccessTimeID":null,"CreationDate":1614441600000,"ModifiedBy":"LANDSD","LastAmendmentDate":1655654400000,"Shape__Length":4.4317117187424886}},{"type":"Feature","id":341049,"geometry":{"type":"LineString","coordinates":[[114.1702633970619,22.318377529337223,5.4401999999972759],[114.17025229197422,22.318431111925499,5.3747000000003027]]},"properties":{"OBJECTID":341049,"PedestrianRouteID":240007417,"Location":1,"FeatureType":1,"AliasNameEN":"Sai Yeung Choi Street South","AliasNameTC":"西洋菜南街","CrossingFeature":null,"WeatherProof":2,"WheelchairBarrier":2,"WheelchairAccess":2,"ObstaclesType":null,"Gradient":0.010839,"Direction":0,"PositionCertainty":1,"Enabled":1,"DataSource":1,"LevelSource":2,"StreetNameEN":"Sai Yeung Choi Street South","StreetNameTC":"西洋菜南街","ST_CODE":11864,"FloorID":null,"BuildingID_1":null,"BuildingID_2":null,"SiteID":null,"TerminalID":null,"AccessTimeID":null,"CreationDate":1614441600000,"ModifiedBy":"LANDSD","LastAmendmentDate":1655654400000,"Shape__Length":6.0427584324805101}},{"type":"Feature","id":341050,"geometry":{"type":"LineString","coordinates":[[114.17040068918583,22.3177150548394,5.3451000000059139],[114.1702633970619,22.318377529337223,5.4401999999972759]]},"properties":{"OBJECTID":341050,"PedestrianRouteID":240007418,"Location":1,"FeatureType":1,"AliasNameEN":"Sai Yeung Choi Street South","AliasNameTC":"西洋菜南街","CrossingFeature":null,"WeatherProof":3,"WheelchairBarrier":2,"WheelchairAccess":2,"ObstaclesType":null,"Gradient":0.00129488,"Direction":0,"PositionCertainty":1,"Enabled":1,"DataSource":1,"LevelSource":2,"StreetNameEN":"Sai Yeung Choi Street South","StreetNameTC":"西洋菜南街","ST_CODE":11864,"FloorID":null,"BuildingID_1":null,"BuildingID_2":null,"SiteID":null,"TerminalID":null,"AccessTimeID":null,"CreationDate":1614441600000,"ModifiedBy":"LANDSD","LastAmendmentDate":1766073600000,"Shape__Length":74.710208356637253}},{"type":"Feature","id":341051,"geometry":{"type":"LineString","coordinates":[[114.17139866197954,22.318453226958489,5.5227000000013504],[114.17140023948929,22.318445459796152,5.5195999999996275]]},"properties":{"OBJECTID":341051,"PedestrianRouteID":240007419,"Location":1,"FeatureType":1,"AliasNameEN":"Fa Yuen Street","AliasNameTC":"花園街","CrossingFeature":null,"WeatherProof":2,"WheelchairBarrier":2,"WheelchairAccess":2,"ObstaclesType":null,"Gradient":0.00354156,"Direction":0,"PositionCertainty":1,"Enabled":1,"DataSource":1,"LevelSource":2,"StreetNameEN":"Fa Yuen Street","StreetNameTC":"花園街","ST_CODE":10419,"FloorID":null,"BuildingID_1":null,"BuildingID_2":null,"SiteID":null,"TerminalID":null,"AccessTimeID":null,"CreationDate":1614441600000,"ModifiedBy":"LANDSD","LastAmendmentDate":1655654400000,"Shape__Length":0.87531609265921473}},{"type":"Feature","id":341052,"geometry":{"type":"LineString","coordinates":[[114.17144142747635,22.318242725202396,5.7143000000069151],[114.17147416867634,22.318081568983956,5.5497000000032131]]},"properties":{"OBJECTID":341052,"PedestrianRouteID":240007420,"Location":1,"FeatureType":1,"AliasNameEN":"Fa Yuen Street","AliasNameTC":"花園街","CrossingFeature":null,"WeatherProof":2,"WheelchairBarrier":2,"WheelchairAccess":2,"ObstaclesType":null,"Gradient":0.0090628199999999992,"Direction":0,"PositionCertainty":1,"Enabled":1,"DataSource":1,"LevelSource":2,"StreetNameEN":"Fa Yuen Street","StreetNameTC":"花園街","ST_CODE":10419,"FloorID":null,"BuildingID_1":null,"BuildingID_2":null,"SiteID":null,"TerminalID":null,"AccessTimeID":null,"CreationDate":1614441600000,"ModifiedBy":"LANDSD","LastAmendmentDate":1655654400000,"Shape__Length":18.16161099011968}},{"type":"Feature","id":341053,"geometry":{"type":"LineString","coordinates":[[114.17140023948929,22.318445459796152,5.5195999999996275],[114.17144142747635,22.318242725202396,5.7143000000069151]]},"properties":{"OBJECTID":341053,"PedestrianRouteID":240007421,"Location":1,"FeatureType":1,"AliasNameEN":"Fa Yuen Street","AliasNameTC":"花園街","CrossingFeature":null,"WeatherProof":3,"WheelchairBarrier":2,"WheelchairAccess":2,"ObstaclesType":null,"Gradient":0.0085215900000000008,"Direction":0,"PositionCertainty":1,"Enabled":1,"DataSource":1,"LevelSource":2,"StreetNameEN":"Fa Yuen Street","StreetNameTC":"花園街","ST_CODE":10419,"FloorID":null,"BuildingID_1":null,"BuildingID_2":null,"SiteID":null,"TerminalID":null,"AccessTimeID":null,"CreationDate":1614441600000,"ModifiedBy":"LANDSD","LastAmendmentDate":1655654400000,"Shape__Length":22.847305351511888}},{"type":"Feature","id":341054,"geometry":{"type":"LineString","coordinates":[[114.17027686368336,22.320359227002843,5.6873000000050524],[114.1702673341032,22.320404910582809,5.6894999999931315]]},"properties":{"OBJECTID":341054,"PedestrianRouteID":240007422,"Location":1,"FeatureType":1,"AliasNameEN":"Tung Choi Street","AliasNameTC":"通菜街","CrossingFeature":null,"WeatherProof":2,"WheelchairBarrier":2,"WheelchairAccess":2,"ObstaclesType":null,"Gradient":0.00042692000000000001,"Direction":0,"PositionCertainty":1,"Enabled":1,"DataSource":1,"LevelSource":2,"StreetNameEN":"Tung Choi Street","StreetNameTC":"通菜街","ST_CODE":12513,"FloorID":null,"BuildingID_1":null,"BuildingID_2":null,"SiteID":null,"TerminalID":null,"AccessTimeID":null,"CreationDate":1614441600000,"ModifiedBy":"LANDSD","LastAmendmentDate":1655654400000,"Shape__Length":5.1531539862742504}},{"type":"Feature","id":341055,"geometry":{"type":"LineString","coordinates":[[114.17035344376976,22.319992113876381,5.4734000000025844],[114.17027686368336,22.320359227002843,5.6873000000050524]]},"properties":{"OBJECTID":341055,"PedestrianRouteID":240007423,"Location":1,"FeatureType":1,"AliasNameEN":"Tung Choi Street","AliasNameTC":"通菜街","CrossingFeature":null,"WeatherProof":3,"WheelchairBarrier":2,"WheelchairAccess":2,"ObstaclesType":null,"Gradient":0.0051652800000000004,"Direction":0,"PositionCertainty":1,"Enabled":1,"DataSource":1,"LevelSource":2,"StreetNameEN":"Tung Choi Street","StreetNameTC":"通菜街","ST_CODE":12513,"FloorID":null,"BuildingID_1":null,"BuildingID_2":null,"SiteID":null,"TerminalID":null,"AccessTimeID":null,"CreationDate":1614441600000,"ModifiedBy":"LANDSD","LastAmendmentDate":1655654400000,"Shape__Length":41.410740822602492}},{"type":"Feature","id":341056,"geometry":{"type":"LineString","coordinates":[[114.17036182676124,22.319951925359604,5.4627000000036787],[114.17035344376976,22.319992113876381,5.4734000000025844]]},"properties":{"OBJECTID":341056,"PedestrianRouteID":240007424,"Location":1,"FeatureType":1,"AliasNameEN":"Tung Choi Street","AliasNameTC":"通菜街","CrossingFeature":null,"WeatherProof":2,"WheelchairBarrier":2,"WheelchairAccess":2,"ObstaclesType":null,"Gradient":0.00236031,"Direction":0,"PositionCertainty":1,"Enabled":1,"DataSource":1,"LevelSource":2,"StreetNameEN":"Tung Choi Street","StreetNameTC":"通菜街","ST_CODE":12513,"FloorID":null,"BuildingID_1":null,"BuildingID_2":null,"SiteID":null,"TerminalID":null,"AccessTimeID":null,"CreationDate":1614441600000,"ModifiedBy":"LANDSD","LastAmendmentDate":1655654400000,"Shape__Length":4.5332992781607384}},{"type":"Feature","id":341057,"geometry":{"type":"LineString","coordinates":[[114.17038906198449,22.319821365730114,5.3913000000029569],[114.17038712035756,22.319830675292241,5.3951999999990221]]},"properties":{"OBJECTID":341057,"PedestrianRouteID":240007425,"Location":1,"FeatureType":1,"AliasNameEN":"Tung Choi Street","AliasNameTC":"通菜街","CrossingFeature":null,"WeatherProof":2,"WheelchairBarrier":2,"WheelchairAccess":2,"ObstaclesType":null,"Gradient":0.0037138399999999999,"Direction":0,"PositionCertainty":1,"Enabled":1,"DataSource":1,"LevelSource":2,"StreetNameEN":"Tung Choi Street","StreetNameTC":"通菜街","ST_CODE":12513,"FloorID":null,"BuildingID_1":null,"BuildingID_2":null,"SiteID":null,"TerminalID":null,"AccessTimeID":null,"CreationDate":1614441600000,"ModifiedBy":"LANDSD","LastAmendmentDate":1655654400000,"Shape__Length":1.0501213307900001}},{"type":"Feature","id":341058,"geometry":{"type":"LineString","coordinates":[[114.17038712035756,22.319830675292241,5.3951999999990221],[114.17036182676124,22.319951925359604,5.4627000000036787]]},"properties":{"OBJECTID":341058,"PedestrianRouteID":240007426,"Location":1,"FeatureType":1,"AliasNameEN":"Tung Choi Street","AliasNameTC":"通菜街","CrossingFeature":null,"WeatherProof":3,"WheelchairBarrier":2,"WheelchairAccess":2,"ObstaclesType":null,"Gradient":0.0049351999999999998,"Direction":0,"PositionCertainty":1,"Enabled":1,"DataSource":1,"LevelSource":2,"StreetNameEN":"Tung Choi Street","StreetNameTC":"通菜街","ST_CODE":12513,"FloorID":null,"BuildingID_1":null,"BuildingID_2":null,"SiteID":null,"TerminalID":null,"AccessTimeID":null,"CreationDate":1614441600000,"ModifiedBy":"LANDSD","LastAmendmentDate":1655654400000,"Shape__Length":13.677148169163992}},{"type":"Feature","id":341059,"geometry":{"type":"LineString","coordinates":[[114.17093050583145,22.317937136437155,5.5377000000007683],[114.1709273158387,22.317952467563941,5.5717000000004191]]},"properties":{"OBJECTID":341059,"PedestrianRouteID":240007427,"Location":1,"FeatureType":1,"AliasNameEN":"Tung Choi Street","AliasNameTC":"通菜街","CrossingFeature":null,"WeatherProof":2,"WheelchairBarrier":2,"WheelchairAccess":2,"ObstaclesType":null,"Gradient":0.019659639999999999,"Direction":0,"PositionCertainty":1,"Enabled":1,"DataSource":1,"LevelSource":2,"StreetNameEN":"Tung Choi Street","StreetNameTC":"通菜街","ST_CODE":12513,"FloorID":null,"BuildingID_1":null,"BuildingID_2":null,"SiteID":null,"TerminalID":null,"AccessTimeID":null,"CreationDate":1614441600000,"ModifiedBy":"LANDSD","LastAmendmentDate":1655654400000,"Shape__Length":1.7292088521019253}},{"type":"Feature","id":341060,"geometry":{"type":"LineString","coordinates":[[114.17095664413566,22.317811528115755,5.5852000000013504],[114.17093050583145,22.317937136437155,5.5377000000007683]]},"properties":{"OBJECTID":341060,"PedestrianRouteID":240007428,"Location":1,"FeatureType":1,"AliasNameEN":"Tung Choi Street","AliasNameTC":"通菜街","CrossingFeature":null,"WeatherProof":3,"WheelchairBarrier":2,"WheelchairAccess":2,"ObstaclesType":null,"Gradient":0.00120699,"Direction":0,"PositionCertainty":1,"Enabled":1,"DataSource":1,"LevelSource":2,"StreetNameEN":"Tung Choi Street","StreetNameTC":"通菜街","ST_CODE":12513,"FloorID":null,"BuildingID_1":null,"BuildingID_2":null,"SiteID":null,"TerminalID":null,"AccessTimeID":null,"CreationDate":1614441600000,"ModifiedBy":"LANDSD","LastAmendmentDate":1689264000000,"Shape__Length":14.167504463553444}},{"type":"Feature","id":341061,"geometry":{"type":"LineString","coordinates":[[114.17096344006113,22.317791103862405,5.5636999999987893],[114.17096098352646,22.317790675723234,5.5549999999930151],[114.17096070685395,22.31779200501699,5.6186000000016065]]},"properties":{"OBJECTID":341061,"PedestrianRouteID":240007429,"Location":1,"FeatureType":1,"AliasNameEN":"Tung Choi Street","AliasNameTC":"通菜街","CrossingFeature":null,"WeatherProof":2,"WheelchairBarrier":2,"WheelchairAccess":2,"ObstaclesType":null,"Gradient":0.01521602,"Direction":0,"PositionCertainty":1,"Enabled":1,"DataSource":1,"LevelSource":2,"StreetNameEN":"Tung Choi Street","StreetNameTC":"通菜街","ST_CODE":12513,"FloorID":null,"BuildingID_1":null,"BuildingID_2":null,"SiteID":null,"TerminalID":null,"AccessTimeID":null,"CreationDate":1614441600000,"ModifiedBy":"LANDSD","LastAmendmentDate":1689264000000,"Shape__Length":0.40743385270096444}},{"type":"Feature","id":341062,"geometry":{"type":"LineString","coordinates":[[114.1709861001623,22.317795056469542,5.5764000000053784],[114.17096344006113,22.317791103862405,5.5636999999987893]]},"properties":{"OBJECTID":341062,"PedestrianRouteID":240007430,"Location":1,"FeatureType":1,"AliasNameEN":"Tung Choi Street","AliasNameTC":"通菜街","CrossingFeature":null,"WeatherProof":3,"WheelchairBarrier":2,"WheelchairAccess":2,"ObstaclesType":null,"Gradient":0.0053465199999999996,"Direction":0,"PositionCertainty":1,"Enabled":1,"DataSource":1,"LevelSource":2,"StreetNameEN":"Tung Choi Street","StreetNameTC":"通菜街","ST_CODE":12513,"FloorID":null,"BuildingID_1":null,"BuildingID_2":null,"SiteID":null,"TerminalID":null,"AccessTimeID":null,"CreationDate":1614441600000,"ModifiedBy":"LANDSD","LastAmendmentDate":1655654400000,"Shape__Length":2.375356363171008}},{"type":"Feature","id":341063,"geometry":{"type":"LineString","coordinates":[[114.17148107166419,22.320089326896007,5.74649999999383],[114.17148628089018,22.320063651283878,5.7361999999993714]]},"properties":{"OBJECTID":341063,"PedestrianRouteID":240007431,"Location":1,"FeatureType":1,"AliasNameEN":"Sai Yee Street","AliasNameTC":"洗衣街","CrossingFeature":null,"WeatherProof":2,"WheelchairBarrier":2,"WheelchairAccess":2,"ObstaclesType":null,"Gradient":0.00355982,"Direction":0,"PositionCertainty":1,"Enabled":1,"DataSource":1,"LevelSource":2,"StreetNameEN":"Sai Yee Street","StreetNameTC":"洗衣街","ST_CODE":11861,"FloorID":null,"BuildingID_1":null,"BuildingID_2":null,"SiteID":null,"TerminalID":null,"AccessTimeID":null,"CreationDate":1614441600000,"ModifiedBy":"LANDSD","LastAmendmentDate":1655654400000,"Shape__Length":2.893393474842028}},{"type":"Feature","id":341064,"geometry":{"type":"LineString","coordinates":[[114.17148628089018,22.320063651283878,5.7361999999993714],[114.17151708188013,22.319911841693589,5.7372999999934109]]},"properties":{"OBJECTID":341064,"PedestrianRouteID":240007432,"Location":1,"FeatureType":1,"AliasNameEN":"Sai Yee Street","AliasNameTC":"洗衣街","CrossingFeature":null,"WeatherProof":3,"WheelchairBarrier":2,"WheelchairAccess":2,"ObstaclesType":null,"Gradient":6.4300000000000004e-05,"Direction":0,"PositionCertainty":1,"Enabled":1,"DataSource":1,"LevelSource":2,"StreetNameEN":"Sai Yee Street","StreetNameTC":"洗衣街","ST_CODE":11861,"FloorID":null,"BuildingID_1":null,"BuildingID_2":null,"SiteID":null,"TerminalID":null,"AccessTimeID":null,"CreationDate":1614441600000,"ModifiedBy":"LANDSD","LastAmendmentDate":1655654400000,"Shape__Length":17.107492344187939}},{"type":"Feature","id":341067,"geometry":{"type":"LineString","coordinates":[[114.16994779583719,22.321947896864312,5.9769999999989523],[114.16994601822523,22.321956394575491,5.9927000000025146]]},"properties":{"OBJECTID":341067,"PedestrianRouteID":240007435,"Location":1,"FeatureType":1,"AliasNameEN":"Tung Choi Street","AliasNameTC":"通菜街","CrossingFeature":null,"WeatherProof":2,"WheelchairBarrier":2,"WheelchairAccess":2,"ObstaclesType":null,"Gradient":0.01637576,"Direction":0,"PositionCertainty":1,"Enabled":1,"DataSource":1,"LevelSource":2,"StreetNameEN":"Tung Choi Street","StreetNameTC":"通菜街","ST_CODE":12513,"FloorID":null,"BuildingID_1":null,"BuildingID_2":null,"SiteID":null,"TerminalID":null,"AccessTimeID":null,"CreationDate":1614441600000,"ModifiedBy":"LANDSD","LastAmendmentDate":1655654400000,"Shape__Length":0.95864832411874334}},{"type":"Feature","id":341068,"geometry":{"type":"LineString","coordinates":[[114.16994601822523,22.321956394575491,5.9927000000025146],[114.16993679619252,22.322000472500893,6.0060999999986961]]},"properties":{"OBJECTID":341068,"PedestrianRouteID":240007436,"Location":1,"FeatureType":1,"AliasNameEN":"Tung Choi Street","AliasNameTC":"通菜街","CrossingFeature":null,"WeatherProof":3,"WheelchairBarrier":2,"WheelchairAccess":2,"ObstaclesType":null,"Gradient":0.0026947799999999999,"Direction":0,"PositionCertainty":1,"Enabled":1,"DataSource":1,"LevelSource":2,"StreetNameEN":"Tung Choi Street","StreetNameTC":"通菜街","ST_CODE":12513,"FloorID":null,"BuildingID_1":null,"BuildingID_2":null,"SiteID":null,"TerminalID":null,"AccessTimeID":null,"CreationDate":1614441600000,"ModifiedBy":"LANDSD","LastAmendmentDate":1655654400000,"Shape__Length":4.9725718718061067}},{"type":"Feature","id":341078,"geometry":{"type":"LineString","coordinates":[[114.17140536024901,22.317719018968237,5.8613999999943189],[114.17141189643662,22.317686967794394,5.8613999999943189]]},"properties":{"OBJECTID":341078,"PedestrianRouteID":240007446,"Location":1,"FeatureType":1,"AliasNameEN":"Fa Yuen Street","AliasNameTC":"花園街","CrossingFeature":null,"WeatherProof":2,"WheelchairBarrier":2,"WheelchairAccess":2,"ObstaclesType":null,"Gradient":0,"Direction":0,"PositionCertainty":1,"Enabled":1,"DataSource":1,"LevelSource":2,"StreetNameEN":"Fa Yuen Street","StreetNameTC":"花園街","ST_CODE":10419,"FloorID":null,"BuildingID_1":null,"BuildingID_2":null,"SiteID":null,"TerminalID":null,"AccessTimeID":null,"CreationDate":1614441600000,"ModifiedBy":"LANDSD","LastAmendmentDate":1655654400000,"Shape__Length":3.6124996237493421}},{"type":"Feature","id":341079,"geometry":{"type":"LineString","coordinates":[[114.17141189643662,22.317686967794394,5.8613999999943189],[114.1714177236959,22.317640077520593,5.6613999999972293]]},"properties":{"OBJECTID":341079,"PedestrianRouteID":240007447,"Location":1,"FeatureType":1,"AliasNameEN":"Fa Yuen Street","AliasNameTC":"花園街","CrossingFeature":null,"WeatherProof":3,"WheelchairBarrier":2,"WheelchairAccess":2,"ObstaclesType":null,"Gradient":0.038244399999999998,"Direction":0,"PositionCertainty":1,"Enabled":1,"DataSource":1,"LevelSource":2,"StreetNameEN":"Fa Yuen Street","StreetNameTC":"花園街","ST_CODE":10419,"FloorID":null,"BuildingID_1":null,"BuildingID_2":null,"SiteID":null,"TerminalID":null,"AccessTimeID":null,"CreationDate":1614441600000,"ModifiedBy":"LANDSD","LastAmendmentDate":1655654400000,"Shape__Length":5.2269740568702705}},{"type":"Feature","id":341080,"geometry":{"type":"LineString","coordinates":[[114.1714177236959,22.317640077520593,5.6613999999972293],[114.17142131298714,22.317613096927552,5.700700000001234]]},"properties":{"OBJECTID":341080,"PedestrianRouteID":240007448,"Location":1,"FeatureType":1,"AliasNameEN":"Fa Yuen Street","AliasNameTC":"花園街","CrossingFeature":null,"WeatherProof":2,"WheelchairBarrier":2,"WheelchairAccess":2,"ObstaclesType":null,"Gradient":0.01305363,"Direction":0,"PositionCertainty":1,"Enabled":1,"DataSource":1,"LevelSource":2,"StreetNameEN":"Fa Yuen Street","StreetNameTC":"花園街","ST_CODE":10419,"FloorID":null,"BuildingID_1":null,"BuildingID_2":null,"SiteID":null,"TerminalID":null,"AccessTimeID":null,"CreationDate":1614441600000,"ModifiedBy":"LANDSD","LastAmendmentDate":1655654400000,"Shape__Length":3.0104865690105189}},{"type":"Feature","id":341081,"geometry":{"type":"LineString","coordinates":[[114.17142131298714,22.317613096927552,5.700700000001234],[114.17144817740935,22.317471289461931,5.814700000002631]]},"properties":{"OBJECTID":341081,"PedestrianRouteID":240007449,"Location":1,"FeatureType":1,"AliasNameEN":"Fa Yuen Street","AliasNameTC":"花園街","CrossingFeature":null,"WeatherProof":3,"WheelchairBarrier":2,"WheelchairAccess":2,"ObstaclesType":null,"Gradient":0.0071494200000000001,"Direction":0,"PositionCertainty":1,"Enabled":1,"DataSource":1,"LevelSource":2,"StreetNameEN":"Fa Yuen Street","StreetNameTC":"花園街","ST_CODE":10419,"FloorID":null,"BuildingID_1":null,"BuildingID_2":null,"SiteID":null,"TerminalID":null,"AccessTimeID":null,"CreationDate":1614441600000,"ModifiedBy":"LANDSD","LastAmendmentDate":1655654400000,"Shape__Length":15.945071303979855}},{"type":"Feature","id":341082,"geometry":{"type":"LineString","coordinates":[[114.17144817740935,22.317471289461931,5.814700000002631],[114.17151465342424,22.317143938844417,5.9407999999966705]]},"properties":{"OBJECTID":341082,"PedestrianRouteID":240007450,"Location":1,"FeatureType":1,"AliasNameEN":"Fa Yuen Street","AliasNameTC":"花園街","CrossingFeature":null,"WeatherProof":2,"WheelchairBarrier":2,"WheelchairAccess":2,"ObstaclesType":null,"Gradient":0.00341822,"Direction":0,"PositionCertainty":1,"Enabled":1,"DataSource":1,"LevelSource":2,"StreetNameEN":"Fa Yuen Street","StreetNameTC":"花園街","ST_CODE":10419,"FloorID":null,"BuildingID_1":null,"BuildingID_2":null,"SiteID":null,"TerminalID":null,"AccessTimeID":null,"CreationDate":1614441600000,"ModifiedBy":"LANDSD","LastAmendmentDate":1655654400000,"Shape__Length":36.890433928205155}},{"type":"Feature","id":341085,"geometry":{"type":"LineString","coordinates":[[114.16996437752394,22.320862586552344,5.3953000000037719],[114.16997791445955,22.320865047961536,5.3951999999990221]]},"properties":{"OBJECTID":341085,"PedestrianRouteID":240007453,"Location":1,"FeatureType":1,"AliasNameEN":"Mong Kok Road","AliasNameTC":"旺角道","CrossingFeature":null,"WeatherProof":2,"WheelchairBarrier":2,"WheelchairAccess":2,"ObstaclesType":null,"Gradient":7.0370000000000006e-05,"Direction":0,"PositionCertainty":1,"Enabled":1,"DataSource":1,"LevelSource":2,"StreetNameEN":"Mong Kok Road","StreetNameTC":"旺角道","ST_CODE":11454,"FloorID":null,"BuildingID_1":null,"BuildingID_2":null,"SiteID":null,"TerminalID":null,"AccessTimeID":null,"CreationDate":1614441600000,"ModifiedBy":"LANDSD","LastAmendmentDate":1655654400000,"Shape__Length":1.4210715462800247}},{"type":"Feature","id":341086,"geometry":{"type":"LineString","coordinates":[[114.16997791445955,22.320865047961536,5.3951999999990221],[114.17016366374325,22.320898821091728,5.4634999999980209]]},"properties":{"OBJECTID":341086,"PedestrianRouteID":240007454,"Location":1,"FeatureType":1,"AliasNameEN":"Mong Kok Road","AliasNameTC":"旺角道","CrossingFeature":null,"WeatherProof":3,"WheelchairBarrier":2,"WheelchairAccess":2,"ObstaclesType":null,"Gradient":0.0035026499999999999,"Direction":0,"PositionCertainty":1,"Enabled":1,"DataSource":1,"LevelSource":2,"StreetNameEN":"Mong Kok Road","StreetNameTC":"旺角道","ST_CODE":11454,"FloorID":null,"BuildingID_1":null,"BuildingID_2":null,"SiteID":null,"TerminalID":null,"AccessTimeID":null,"CreationDate":1614441600000,"ModifiedBy":"LANDSD","LastAmendmentDate":1655654400000,"Shape__Length":19.499432165093246}},{"type":"Feature","id":341087,"geometry":{"type":"LineString","coordinates":[[114.17073046836053,22.318172210798981,5.7268999999942025],[114.17066961394997,22.318470190158259,5.6641999999992549]]},"properties":{"OBJECTID":341087,"PedestrianRouteID":240007455,"Location":1,"FeatureType":1,"AliasNameEN":"Tung Choi Street","AliasNameTC":"通菜街","CrossingFeature":null,"WeatherProof":2,"WheelchairBarrier":2,"WheelchairAccess":2,"ObstaclesType":null,"Gradient":0.0018667899999999999,"Direction":0,"PositionCertainty":1,"Enabled":1,"DataSource":1,"LevelSource":2,"StreetNameEN":"Tung Choi Street","StreetNameTC":"通菜街","ST_CODE":12513,"FloorID":null,"BuildingID_1":null,"BuildingID_2":null,"SiteID":null,"TerminalID":null,"AccessTimeID":null,"CreationDate":1614441600000,"ModifiedBy":"LANDSD","LastAmendmentDate":1655654400000,"Shape__Length":33.587043662172334}},{"type":"Feature","id":341088,"geometry":{"type":"LineString","coordinates":[[114.17073738624359,22.318138337294286,5.7232999999978347],[114.17073046836053,22.318172210798981,5.7268999999942025]]},"properties":{"OBJECTID":341088,"PedestrianRouteID":240007456,"Location":1,"FeatureType":1,"AliasNameEN":"Tung Choi Street","AliasNameTC":"通菜街","CrossingFeature":null,"WeatherProof":3,"WheelchairBarrier":2,"WheelchairAccess":2,"ObstaclesType":null,"Gradient":0.00094288,"Direction":0,"PositionCertainty":1,"Enabled":1,"DataSource":1,"LevelSource":2,"StreetNameEN":"Tung Choi Street","StreetNameTC":"通菜街","ST_CODE":12513,"FloorID":null,"BuildingID_1":null,"BuildingID_2":null,"SiteID":null,"TerminalID":null,"AccessTimeID":null,"CreationDate":1614441600000,"ModifiedBy":"LANDSD","LastAmendmentDate":1655654400000,"Shape__Length":3.8180884955945138}},{"type":"Feature","id":341089,"geometry":{"type":"LineString","coordinates":[[114.17074089760675,22.318121144977894,5.6708000000071479],[114.17073738624359,22.318138337294286,5.7232999999978347]]},"properties":{"OBJECTID":341089,"PedestrianRouteID":240007457,"Location":1,"FeatureType":1,"AliasNameEN":"Tung Choi Street","AliasNameTC":"通菜街","CrossingFeature":null,"WeatherProof":2,"WheelchairBarrier":2,"WheelchairAccess":2,"ObstaclesType":null,"Gradient":0.027085189999999999,"Direction":0,"PositionCertainty":1,"Enabled":1,"DataSource":1,"LevelSource":2,"StreetNameEN":"Tung Choi Street","StreetNameTC":"通菜街","ST_CODE":12513,"FloorID":null,"BuildingID_1":null,"BuildingID_2":null,"SiteID":null,"TerminalID":null,"AccessTimeID":null,"CreationDate":1614441600000,"ModifiedBy":"LANDSD","LastAmendmentDate":1655654400000,"Shape__Length":1.9378548264230058}},{"type":"Feature","id":341090,"geometry":{"type":"LineString","coordinates":[[114.17077613059902,22.31794861676217,5.6000000000058208],[114.17077474236656,22.317955414943007,5.6033000000024913]]},"properties":{"OBJECTID":341090,"PedestrianRouteID":240007458,"Location":1,"FeatureType":1,"AliasNameEN":"Tung Choi Street","AliasNameTC":"通菜街","CrossingFeature":null,"WeatherProof":2,"WheelchairBarrier":2,"WheelchairAccess":2,"ObstaclesType":null,"Gradient":0.0043065999999999998,"Direction":0,"PositionCertainty":1,"Enabled":1,"DataSource":1,"LevelSource":2,"StreetNameEN":"Tung Choi Street","StreetNameTC":"通菜街","ST_CODE":12513,"FloorID":null,"BuildingID_1":null,"BuildingID_2":null,"SiteID":null,"TerminalID":null,"AccessTimeID":null,"CreationDate":1614441600000,"ModifiedBy":"LANDSD","LastAmendmentDate":1655654400000,"Shape__Length":0.76626160108453278}},{"type":"Feature","id":341091,"geometry":{"type":"LineString","coordinates":[[114.17077474236656,22.317955414943007,5.6033000000024913],[114.17074089760675,22.318121144977894,5.6708000000071479]]},"properties":{"OBJECTID":341091,"PedestrianRouteID":240007459,"Location":1,"FeatureType":1,"AliasNameEN":"Tung Choi Street","AliasNameTC":"通菜街","CrossingFeature":null,"WeatherProof":3,"WheelchairBarrier":2,"WheelchairAccess":2,"ObstaclesType":null,"Gradient":0.0036134000000000001,"Direction":0,"PositionCertainty":1,"Enabled":1,"DataSource":1,"LevelSource":2,"StreetNameEN":"Tung Choi Street","StreetNameTC":"通菜街","ST_CODE":12513,"FloorID":null,"BuildingID_1":null,"BuildingID_2":null,"SiteID":null,"TerminalID":null,"AccessTimeID":null,"CreationDate":1614441600000,"ModifiedBy":"LANDSD","LastAmendmentDate":1655654400000,"Shape__Length":18.68040504153527}},{"type":"Feature","id":341092,"geometry":{"type":"LineString","coordinates":[[114.16844552305285,22.320165858141173,5.1567999999970198],[114.16838695562105,22.32015514120577,5.011899999997695]]},"properties":{"OBJECTID":341092,"PedestrianRouteID":240007460,"Location":1,"FeatureType":1,"AliasNameEN":"Fife Street","AliasNameTC":"快富街","CrossingFeature":null,"WeatherProof":3,"WheelchairBarrier":2,"WheelchairAccess":2,"ObstaclesType":null,"Gradient":0.023557669999999999,"Direction":0,"PositionCertainty":1,"Enabled":1,"DataSource":1,"LevelSource":2,"StreetNameEN":"Fife Street","StreetNameTC":"快富街","ST_CODE":10485,"FloorID":null,"BuildingID_1":null,"BuildingID_2":null,"SiteID":null,"TerminalID":null,"AccessTimeID":null,"CreationDate":1614441600000,"ModifiedBy":"LANDSD","LastAmendmentDate":1655654400000,"Shape__Length":6.1497247586354371}},{"type":"Feature","id":341093,"geometry":{"type":"LineString","coordinates":[[114.16838695562105,22.32015514120577,5.011899999997695],[114.16825611118499,22.320131198751238,5.2932000000000698]]},"properties":{"OBJECTID":341093,"PedestrianRouteID":240007461,"Location":1,"FeatureType":1,"AliasNameEN":"Fife Street","AliasNameTC":"快富街","CrossingFeature":null,"WeatherProof":2,"WheelchairBarrier":2,"WheelchairAccess":2,"ObstaclesType":null,"Gradient":0.0072638700000000004,"Direction":0,"PositionCertainty":1,"Enabled":1,"DataSource":1,"LevelSource":2,"StreetNameEN":"Fife Street","StreetNameTC":"快富街","ST_CODE":10485,"FloorID":null,"BuildingID_1":null,"BuildingID_2":null,"SiteID":null,"TerminalID":null,"AccessTimeID":null,"CreationDate":1614441600000,"ModifiedBy":"LANDSD","LastAmendmentDate":1689264000000,"Shape__Length":13.738988865757715}},{"type":"Feature","id":341094,"geometry":{"type":"LineString","coordinates":[[114.17038906198449,22.319821365730114,5.3913000000029569],[114.17039629745477,22.319786677699923,5.3852000000042608]]},"properties":{"OBJECTID":341094,"PedestrianRouteID":240007462,"Location":1,"FeatureType":1,"AliasNameEN":"Tung Choi Street","AliasNameTC":"通菜街","CrossingFeature":null,"WeatherProof":2,"WheelchairBarrier":2,"WheelchairAccess":2,"ObstaclesType":null,"Gradient":0.00155897,"Direction":0,"PositionCertainty":1,"Enabled":1,"DataSource":1,"LevelSource":2,"StreetNameEN":"Tung Choi Street","StreetNameTC":"通菜街","ST_CODE":12513,"FloorID":null,"BuildingID_1":null,"BuildingID_2":null,"SiteID":null,"TerminalID":null,"AccessTimeID":null,"CreationDate":1614441600000,"ModifiedBy":"LANDSD","LastAmendmentDate":1655654400000,"Shape__Length":3.9128365067172926}},{"type":"Feature","id":341095,"geometry":{"type":"LineString","coordinates":[[114.17039629745477,22.319786677699923,5.3852000000042608],[114.17040464255994,22.319746671596423,5.3772999999928288]]},"properties":{"OBJECTID":341095,"PedestrianRouteID":240007463,"Location":1,"FeatureType":1,"AliasNameEN":"Tung Choi Street","AliasNameTC":"通菜街","CrossingFeature":null,"WeatherProof":3,"WheelchairBarrier":2,"WheelchairAccess":2,"ObstaclesType":null,"Gradient":0.0017505999999999999,"Direction":0,"PositionCertainty":1,"Enabled":1,"DataSource":1,"LevelSource":2,"StreetNameEN":"Tung Choi Street","StreetNameTC":"通菜街","ST_CODE":12513,"FloorID":null,"BuildingID_1":null,"BuildingID_2":null,"SiteID":null,"TerminalID":null,"AccessTimeID":null,"CreationDate":1614441600000,"ModifiedBy":"LANDSD","LastAmendmentDate":1655654400000,"Shape__Length":4.5127262454084009}},{"type":"Feature","id":341096,"geometry":{"type":"LineString","coordinates":[[114.17040464255994,22.319746671596423,5.3772999999928288],[114.17041884650807,22.319678582382608,5.372799999997369]]},"properties":{"OBJECTID":341096,"PedestrianRouteID":240007464,"Location":1,"FeatureType":1,"AliasNameEN":"Tung Choi Street","AliasNameTC":"通菜街","CrossingFeature":null,"WeatherProof":2,"WheelchairBarrier":2,"WheelchairAccess":2,"ObstaclesType":null,"Gradient":0.00058589999999999998,"Direction":0,"PositionCertainty":1,"Enabled":1,"DataSource":1,"LevelSource":2,"StreetNameEN":"Tung Choi Street","StreetNameTC":"通菜街","ST_CODE":12513,"FloorID":null,"BuildingID_1":null,"BuildingID_2":null,"SiteID":null,"TerminalID":null,"AccessTimeID":null,"CreationDate":1614441600000,"ModifiedBy":"LANDSD","LastAmendmentDate":1655654400000,"Shape__Length":7.6805438372080896}},{"type":"Feature","id":341097,"geometry":{"type":"LineString","coordinates":[[114.17087122622907,22.321024714332403,6.0966000000044005],[114.17088297789968,22.320966674241991,6.0571000000054482]]},"properties":{"OBJECTID":341097,"PedestrianRouteID":240007465,"Location":1,"FeatureType":1,"AliasNameEN":"Fa Yuen Street","AliasNameTC":"花園街","CrossingFeature":null,"WeatherProof":2,"WheelchairBarrier":2,"WheelchairAccess":2,"ObstaclesType":null,"Gradient":0.0060395900000000001,"Direction":0,"PositionCertainty":1,"Enabled":1,"DataSource":1,"LevelSource":2,"StreetNameEN":"Fa Yuen Street","StreetNameTC":"花園街","ST_CODE":10419,"FloorID":null,"BuildingID_1":null,"BuildingID_2":null,"SiteID":null,"TerminalID":null,"AccessTimeID":null,"CreationDate":1614441600000,"ModifiedBy":"LANDSD","LastAmendmentDate":1655654400000,"Shape__Length":6.5401012719814124}},{"type":"Feature","id":341098,"geometry":{"type":"LineString","coordinates":[[114.17090370081389,22.320864320456781,6.0445999999938067],[114.17090859272194,22.320840160187565,6.0632999999943422]]},"properties":{"OBJECTID":341098,"PedestrianRouteID":240007466,"Location":1,"FeatureType":1,"AliasNameEN":"Fa Yuen Street","AliasNameTC":"花園街","CrossingFeature":null,"WeatherProof":2,"WheelchairBarrier":2,"WheelchairAccess":2,"ObstaclesType":null,"Gradient":0.00686873,"Direction":0,"PositionCertainty":1,"Enabled":1,"DataSource":1,"LevelSource":2,"StreetNameEN":"Fa Yuen Street","StreetNameTC":"花園街","ST_CODE":10419,"FloorID":null,"BuildingID_1":null,"BuildingID_2":null,"SiteID":null,"TerminalID":null,"AccessTimeID":null,"CreationDate":1614441600000,"ModifiedBy":"LANDSD","LastAmendmentDate":1655654400000,"Shape__Length":2.7224401499838708}},{"type":"Feature","id":341099,"geometry":{"type":"LineString","coordinates":[[114.17088297789968,22.320966674241991,6.0571000000054482],[114.17090370081389,22.320864320456781,6.0445999999938067]]},"properties":{"OBJECTID":341099,"PedestrianRouteID":240007467,"Location":1,"FeatureType":1,"AliasNameEN":"Fa Yuen Street","AliasNameTC":"花園街","CrossingFeature":null,"WeatherProof":3,"WheelchairBarrier":2,"WheelchairAccess":2,"ObstaclesType":null,"Gradient":0.0010838,"Direction":0,"PositionCertainty":1,"Enabled":1,"DataSource":1,"LevelSource":2,"StreetNameEN":"Fa Yuen Street","StreetNameTC":"花園街","ST_CODE":10419,"FloorID":null,"BuildingID_1":null,"BuildingID_2":null,"SiteID":null,"TerminalID":null,"AccessTimeID":null,"CreationDate":1614441600000,"ModifiedBy":"LANDSD","LastAmendmentDate":1655654400000,"Shape__Length":11.533455978448986}},{"type":"Feature","id":341102,"geometry":{"type":"LineString","coordinates":[[114.17107676614232,22.320005183139738,5.5749999999970896],[114.17107441098372,22.320016898445385,5.5972000000037951]]},"properties":{"OBJECTID":341102,"PedestrianRouteID":240007470,"Location":1,"FeatureType":1,"AliasNameEN":"Fa Yuen Street","AliasNameTC":"花園街","CrossingFeature":null,"WeatherProof":2,"WheelchairBarrier":2,"WheelchairAccess":2,"ObstaclesType":null,"Gradient":0.016819290000000001,"Direction":0,"PositionCertainty":1,"Enabled":1,"DataSource":1,"LevelSource":2,"StreetNameEN":"Fa Yuen Street","StreetNameTC":"花園街","ST_CODE":10419,"FloorID":null,"BuildingID_1":null,"BuildingID_2":null,"SiteID":null,"TerminalID":null,"AccessTimeID":null,"CreationDate":1614441600000,"ModifiedBy":"LANDSD","LastAmendmentDate":1655654400000,"Shape__Length":1.3197886382144144}},{"type":"Feature","id":341103,"geometry":{"type":"LineString","coordinates":[[114.1711164902098,22.319807613212316,5.5253999999986263],[114.17107676614232,22.320005183139738,5.5749999999970896]]},"properties":{"OBJECTID":341103,"PedestrianRouteID":240007471,"Location":1,"FeatureType":1,"AliasNameEN":"Fa Yuen Street","AliasNameTC":"花園街","CrossingFeature":null,"WeatherProof":3,"WheelchairBarrier":2,"WheelchairAccess":2,"ObstaclesType":null,"Gradient":0.0022284700000000002,"Direction":0,"PositionCertainty":1,"Enabled":1,"DataSource":1,"LevelSource":2,"StreetNameEN":"Fa Yuen Street","StreetNameTC":"花園街","ST_CODE":10419,"FloorID":null,"BuildingID_1":null,"BuildingID_2":null,"SiteID":null,"TerminalID":null,"AccessTimeID":null,"CreationDate":1614441600000,"ModifiedBy":"LANDSD","LastAmendmentDate":1655654400000,"Shape__Length":22.257370231605268}},{"type":"Feature","id":341105,"geometry":{"type":"LineString","coordinates":[[114.170789629003,22.317757646346411,5.4725999999936903],[114.17071001830807,22.31774359897803,5.4680999999982305]]},"properties":{"OBJECTID":341105,"PedestrianRouteID":240007473,"Location":1,"FeatureType":1,"AliasNameEN":"Shantung Street","AliasNameTC":"山東街","CrossingFeature":null,"WeatherProof":3,"WheelchairBarrier":2,"WheelchairAccess":2,"ObstaclesType":null,"Gradient":0.00053901999999999997,"Direction":0,"PositionCertainty":1,"Enabled":1,"DataSource":1,"LevelSource":2,"StreetNameEN":"Shantung Street","StreetNameTC":"山東街","ST_CODE":11986,"FloorID":null,"BuildingID_1":null,"BuildingID_2":null,"SiteID":null,"TerminalID":null,"AccessTimeID":null,"CreationDate":1614441600000,"ModifiedBy":"LANDSD","LastAmendmentDate":1655654400000,"Shape__Length":8.3485335715503286}},{"type":"Feature","id":341106,"geometry":{"type":"LineString","coordinates":[[114.17071001830807,22.31774359897803,5.4680999999982305],[114.1706085123658,22.317725688345913,5.3905999999988126]]},"properties":{"OBJECTID":341106,"PedestrianRouteID":240007474,"Location":1,"FeatureType":1,"AliasNameEN":"Shantung Street","AliasNameTC":"山東街","CrossingFeature":null,"WeatherProof":2,"WheelchairBarrier":2,"WheelchairAccess":2,"ObstaclesType":null,"Gradient":0.0072805400000000003,"Direction":0,"PositionCertainty":1,"Enabled":1,"DataSource":1,"LevelSource":2,"StreetNameEN":"Shantung Street","StreetNameTC":"山東街","ST_CODE":11986,"FloorID":null,"BuildingID_1":null,"BuildingID_2":null,"SiteID":null,"TerminalID":null,"AccessTimeID":null,"CreationDate":1614441600000,"ModifiedBy":"LANDSD","LastAmendmentDate":1655654400000,"Shape__Length":10.644619828730107}},{"type":"Feature","id":341107,"geometry":{"type":"LineString","coordinates":[[114.16996395004642,22.319124928719546,5.1221999999979744],[114.16996217634602,22.319133580857201,5.1199000000051456]]},"properties":{"OBJECTID":341107,"PedestrianRouteID":240007475,"Location":1,"FeatureType":1,"AliasNameEN":"Sai Yeung Choi Street South","AliasNameTC":"西洋菜南街","CrossingFeature":null,"WeatherProof":2,"WheelchairBarrier":2,"WheelchairAccess":2,"ObstaclesType":null,"Gradient":0.0023580900000000002,"Direction":0,"PositionCertainty":1,"Enabled":1,"DataSource":1,"LevelSource":2,"StreetNameEN":"Sai Yeung Choi Street South","StreetNameTC":"西洋菜南街","ST_CODE":11864,"FloorID":null,"BuildingID_1":null,"BuildingID_2":null,"SiteID":null,"TerminalID":null,"AccessTimeID":null,"CreationDate":1614441600000,"ModifiedBy":"LANDSD","LastAmendmentDate":1655654400000,"Shape__Length":0.97536398386270362}},{"type":"Feature","id":341108,"geometry":{"type":"LineString","coordinates":[[114.17008968708539,22.318511427878672,5.1000000000058208],[114.17003856467932,22.318760866137936,5.0673999999999069]]},"properties":{"OBJECTID":341108,"PedestrianRouteID":240007476,"Location":1,"FeatureType":1,"AliasNameEN":"Sai Yeung Choi Street South","AliasNameTC":"西洋菜南街","CrossingFeature":null,"WeatherProof":2,"WheelchairBarrier":2,"WheelchairAccess":2,"ObstaclesType":null,"Gradient":0.00115935,"Direction":0,"PositionCertainty":1,"Enabled":1,"DataSource":1,"LevelSource":2,"StreetNameEN":"Sai Yeung Choi Street South","StreetNameTC":"西洋菜南街","ST_CODE":11864,"FloorID":null,"BuildingID_1":null,"BuildingID_2":null,"SiteID":null,"TerminalID":null,"AccessTimeID":null,"CreationDate":1614441600000,"ModifiedBy":"LANDSD","LastAmendmentDate":1655654400000,"Shape__Length":28.119175195957869}},{"type":"Feature","id":341109,"geometry":{"type":"LineString","coordinates":[[114.17003856467932,22.318760866137936,5.0673999999999069],[114.16996395004642,22.319124928719546,5.1221999999979744]]},"properties":{"OBJECTID":341109,"PedestrianRouteID":240007477,"Location":1,"FeatureType":1,"AliasNameEN":"Sai Yeung Choi Street South","AliasNameTC":"西洋菜南街","CrossingFeature":null,"WeatherProof":3,"WheelchairBarrier":2,"WheelchairAccess":2,"ObstaclesType":null,"Gradient":0.00133526,"Direction":0,"PositionCertainty":1,"Enabled":1,"DataSource":1,"LevelSource":2,"StreetNameEN":"Sai Yeung Choi Street South","StreetNameTC":"西洋菜南街","ST_CODE":11864,"FloorID":null,"BuildingID_1":null,"BuildingID_2":null,"SiteID":null,"TerminalID":null,"AccessTimeID":null,"CreationDate":1614441600000,"ModifiedBy":"LANDSD","LastAmendmentDate":1655654400000,"Shape__Length":41.040772660474815}},{"type":"Feature","id":341120,"geometry":{"type":"LineString","coordinates":[[114.16773094387786,22.320458051420069,4.9817999999941094],[114.16763258305296,22.320440124658006,4.9777000000030966]]},"properties":{"OBJECTID":341120,"PedestrianRouteID":240007488,"Location":1,"FeatureType":1,"AliasNameEN":"Mong Kok Road","AliasNameTC":"旺角道","CrossingFeature":null,"WeatherProof":3,"WheelchairBarrier":2,"WheelchairAccess":2,"ObstaclesType":null,"Gradient":0.00039702999999999998,"Direction":0,"PositionCertainty":1,"Enabled":1,"DataSource":1,"LevelSource":2,"StreetNameEN":"Mong Kok Road","StreetNameTC":"旺角道","ST_CODE":11454,"FloorID":null,"BuildingID_1":null,"BuildingID_2":null,"SiteID":null,"TerminalID":null,"AccessTimeID":null,"CreationDate":1614441600000,"ModifiedBy":"LANDSD","LastAmendmentDate":1655654400000,"Shape__Length":10.326578478304715}},{"type":"Feature","id":341122,"geometry":{"type":"LineString","coordinates":[[114.16986296152608,22.320318814998288,5.3770999999978812],[114.16986729826957,22.320297470474067,5.3773999999975786]]},"properties":{"OBJECTID":341122,"PedestrianRouteID":240007490,"Location":1,"FeatureType":1,"AliasNameEN":"Sai Yeung Choi Street South","AliasNameTC":"西洋菜南街","CrossingFeature":null,"WeatherProof":3,"WheelchairBarrier":2,"WheelchairAccess":2,"ObstaclesType":null,"Gradient":0.00012472000000000001,"Direction":0,"PositionCertainty":1,"Enabled":1,"DataSource":1,"LevelSource":2,"StreetNameEN":"Sai Yeung Choi Street South","StreetNameTC":"西洋菜南街","ST_CODE":11864,"FloorID":null,"BuildingID_1":null,"BuildingID_2":null,"SiteID":null,"TerminalID":null,"AccessTimeID":null,"CreationDate":1614441600000,"ModifiedBy":"LANDSD","LastAmendmentDate":1655654400000,"Shape__Length":2.4054408855085683}},{"type":"Feature","id":341123,"geometry":{"type":"LineString","coordinates":[[114.16986729826957,22.320297470474067,5.3773999999975786],[114.16987046514977,22.32028188290278,5.3717000000033295]]},"properties":{"OBJECTID":341123,"PedestrianRouteID":240007491,"Location":1,"FeatureType":1,"AliasNameEN":"Sai Yeung Choi Street South","AliasNameTC":"西洋菜南街","CrossingFeature":null,"WeatherProof":2,"WheelchairBarrier":2,"WheelchairAccess":2,"ObstaclesType":null,"Gradient":0.0032447999999999999,"Direction":0,"PositionCertainty":1,"Enabled":1,"DataSource":1,"LevelSource":2,"StreetNameEN":"Sai Yeung Choi Street South","StreetNameTC":"西洋菜南街","ST_CODE":11864,"FloorID":null,"BuildingID_1":null,"BuildingID_2":null,"SiteID":null,"TerminalID":null,"AccessTimeID":null,"CreationDate":1614441600000,"ModifiedBy":"LANDSD","LastAmendmentDate":1655654400000,"Shape__Length":1.7566523983703159}},{"type":"Feature","id":341124,"geometry":{"type":"LineString","coordinates":[[114.16987046514977,22.32028188290278,5.3717000000033295],[114.16991943520082,22.320040875613884,5.271999999997206]]},"properties":{"OBJECTID":341124,"PedestrianRouteID":240007492,"Location":1,"FeatureType":1,"AliasNameEN":"Sai Yeung Choi Street South","AliasNameTC":"西洋菜南街","CrossingFeature":null,"WeatherProof":3,"WheelchairBarrier":2,"WheelchairAccess":2,"ObstaclesType":null,"Gradient":0.00367074,"Direction":0,"PositionCertainty":1,"Enabled":1,"DataSource":1,"LevelSource":2,"StreetNameEN":"Sai Yeung Choi Street South","StreetNameTC":"西洋菜南街","ST_CODE":11864,"FloorID":null,"BuildingID_1":null,"BuildingID_2":null,"SiteID":null,"TerminalID":null,"AccessTimeID":null,"CreationDate":1614441600000,"ModifiedBy":"LANDSD","LastAmendmentDate":1655654400000,"Shape__Length":27.160589582523684}},{"type":"Feature","id":341125,"geometry":{"type":"LineString","coordinates":[[114.16991943520082,22.320040875613884,5.271999999997206],[114.16995241156799,22.319878582797124,5.0815000000002328]]},"properties":{"OBJECTID":341125,"PedestrianRouteID":240007493,"Location":1,"FeatureType":1,"AliasNameEN":"Sai Yeung Choi Street South","AliasNameTC":"西洋菜南街","CrossingFeature":null,"WeatherProof":2,"WheelchairBarrier":2,"WheelchairAccess":2,"ObstaclesType":null,"Gradient":0.010415280000000001,"Direction":0,"PositionCertainty":1,"Enabled":1,"DataSource":1,"LevelSource":2,"StreetNameEN":"Sai Yeung Choi Street South","StreetNameTC":"西洋菜南街","ST_CODE":11864,"FloorID":null,"BuildingID_1":null,"BuildingID_2":null,"SiteID":null,"TerminalID":null,"AccessTimeID":null,"CreationDate":1614441600000,"ModifiedBy":"LANDSD","LastAmendmentDate":1655654400000,"Shape__Length":18.289777949436235}},{"type":"Feature","id":341126,"geometry":{"type":"LineString","coordinates":[[114.16996855265012,22.319799144055636,5.1367999999929452],[114.1699783706829,22.319750826277787,5.1107999999949243]]},"properties":{"OBJECTID":341126,"PedestrianRouteID":240007494,"Location":1,"FeatureType":1,"AliasNameEN":"Sai Yeung Choi Street South","AliasNameTC":"西洋菜南街","CrossingFeature":null,"WeatherProof":2,"WheelchairBarrier":2,"WheelchairAccess":2,"ObstaclesType":null,"Gradient":0.0047747800000000002,"Direction":0,"PositionCertainty":1,"Enabled":1,"DataSource":1,"LevelSource":2,"StreetNameEN":"Sai Yeung Choi Street South","StreetNameTC":"西洋菜南街","ST_CODE":11864,"FloorID":null,"BuildingID_1":null,"BuildingID_2":null,"SiteID":null,"TerminalID":null,"AccessTimeID":null,"CreationDate":1614441600000,"ModifiedBy":"LANDSD","LastAmendmentDate":1655654400000,"Shape__Length":5.4452344252295832}},{"type":"Feature","id":341127,"geometry":{"type":"LineString","coordinates":[[114.16995241156799,22.319878582797124,5.0815000000002328],[114.16996855265012,22.319799144055636,5.1367999999929452]]},"properties":{"OBJECTID":341127,"PedestrianRouteID":240007495,"Location":1,"FeatureType":1,"AliasNameEN":"Sai Yeung Choi Street South","AliasNameTC":"西洋菜南街","CrossingFeature":null,"WeatherProof":3,"WheelchairBarrier":2,"WheelchairAccess":2,"ObstaclesType":null,"Gradient":0.0061770100000000001,"Direction":0,"PositionCertainty":1,"Enabled":1,"DataSource":1,"LevelSource":2,"StreetNameEN":"Sai Yeung Choi Street South","StreetNameTC":"西洋菜南街","ST_CODE":11864,"FloorID":null,"BuildingID_1":null,"BuildingID_2":null,"SiteID":null,"TerminalID":null,"AccessTimeID":null,"CreationDate":1614441600000,"ModifiedBy":"LANDSD","LastAmendmentDate":1655654400000,"Shape__Length":8.9524393118270105}},{"type":"Feature","id":341131,"geometry":{"type":"LineString","coordinates":[[114.16946385097987,22.321510726322884,5.5715000000054715],[114.16935515552552,22.322031457778053,5.5503000000026077]]},"properties":{"OBJECTID":341131,"PedestrianRouteID":240007499,"Location":1,"FeatureType":1,"AliasNameEN":"Sai Yeung Choi Street South","AliasNameTC":"西洋菜南街","CrossingFeature":null,"WeatherProof":2,"WheelchairBarrier":2,"WheelchairAccess":2,"ObstaclesType":null,"Gradient":0.00036090999999999999,"Direction":0,"PositionCertainty":1,"Enabled":1,"DataSource":1,"LevelSource":2,"StreetNameEN":"Sai Yeung Choi Street South","StreetNameTC":"西洋菜南街","ST_CODE":11864,"FloorID":null,"BuildingID_1":null,"BuildingID_2":null,"SiteID":null,"TerminalID":null,"AccessTimeID":null,"CreationDate":1614441600000,"ModifiedBy":"LANDSD","LastAmendmentDate":1655654400000,"Shape__Length":58.740417963905408}},{"type":"Feature","id":341132,"geometry":{"type":"LineString","coordinates":[[114.16950250069,22.321325565716116,5.4226000000053318],[114.16946385097987,22.321510726322884,5.5715000000054715]]},"properties":{"OBJECTID":341132,"PedestrianRouteID":240007500,"Location":1,"FeatureType":1,"AliasNameEN":"Sai Yeung Choi Street South","AliasNameTC":"西洋菜南街","CrossingFeature":null,"WeatherProof":3,"WheelchairBarrier":2,"WheelchairAccess":2,"ObstaclesType":null,"Gradient":0.0071287800000000004,"Direction":0,"PositionCertainty":1,"Enabled":1,"DataSource":1,"LevelSource":2,"StreetNameEN":"Sai Yeung Choi Street South","StreetNameTC":"西洋菜南街","ST_CODE":11864,"FloorID":null,"BuildingID_1":null,"BuildingID_2":null,"SiteID":null,"TerminalID":null,"AccessTimeID":null,"CreationDate":1614441600000,"ModifiedBy":"LANDSD","LastAmendmentDate":1655654400000,"Shape__Length":20.886796696509066}},{"type":"Feature","id":341133,"geometry":{"type":"LineString","coordinates":[[114.17131208475556,22.320911880037947,5.9703000000008615],[114.17131472433351,22.320899242716273,5.9633000000030734]]},"properties":{"OBJECTID":341133,"PedestrianRouteID":240007501,"Location":1,"FeatureType":1,"AliasNameEN":"Sai Yee Street","AliasNameTC":"洗衣街","CrossingFeature":null,"WeatherProof":2,"WheelchairBarrier":2,"WheelchairAccess":2,"ObstaclesType":null,"Gradient":0.0049102800000000004,"Direction":0,"PositionCertainty":1,"Enabled":1,"DataSource":1,"LevelSource":2,"StreetNameEN":"Sai Yee Street","StreetNameTC":"洗衣街","ST_CODE":11861,"FloorID":null,"BuildingID_1":null,"BuildingID_2":null,"SiteID":null,"TerminalID":null,"AccessTimeID":null,"CreationDate":1614441600000,"ModifiedBy":"LANDSD","LastAmendmentDate":1655654400000,"Shape__Length":1.425570052267805}},{"type":"Feature","id":341134,"geometry":{"type":"LineString","coordinates":[[114.17135492857012,22.320706781374909,5.8114000000059605],[114.17135666919144,22.320698449808599,5.7897999999986496]]},"properties":{"OBJECTID":341134,"PedestrianRouteID":240007502,"Location":1,"FeatureType":1,"AliasNameEN":"Sai Yee Street","AliasNameTC":"洗衣街","CrossingFeature":null,"WeatherProof":2,"WheelchairBarrier":2,"WheelchairAccess":2,"ObstaclesType":null,"Gradient":0.02297807,"Direction":0,"PositionCertainty":1,"Enabled":1,"DataSource":1,"LevelSource":2,"StreetNameEN":"Sai Yee Street","StreetNameTC":"洗衣街","ST_CODE":11861,"FloorID":null,"BuildingID_1":null,"BuildingID_2":null,"SiteID":null,"TerminalID":null,"AccessTimeID":null,"CreationDate":1614441600000,"ModifiedBy":"LANDSD","LastAmendmentDate":1655654400000,"Shape__Length":0.93986129402654428}},{"type":"Feature","id":341135,"geometry":{"type":"LineString","coordinates":[[114.17131472433351,22.320899242716273,5.9633000000030734],[114.17135492857012,22.320706781374909,5.8114000000059605]]},"properties":{"OBJECTID":341135,"PedestrianRouteID":240007503,"Location":1,"FeatureType":1,"AliasNameEN":"Sai Yee Street","AliasNameTC":"洗衣街","CrossingFeature":null,"WeatherProof":3,"WheelchairBarrier":2,"WheelchairAccess":2,"ObstaclesType":null,"Gradient":0.0069963600000000001,"Direction":0,"PositionCertainty":1,"Enabled":1,"DataSource":1,"LevelSource":2,"StreetNameEN":"Sai Yee Street","StreetNameTC":"洗衣街","ST_CODE":11861,"FloorID":null,"BuildingID_1":null,"BuildingID_2":null,"SiteID":null,"TerminalID":null,"AccessTimeID":null,"CreationDate":1614441600000,"ModifiedBy":"LANDSD","LastAmendmentDate":1655654400000,"Shape__Length":21.710949430776939}},{"type":"Feature","id":341136,"geometry":{"type":"LineString","coordinates":[[114.16953944993902,22.319437143896405,5.050600000002305],[114.16953318804273,22.319466858785347,4.8803000000043539]]},"properties":{"OBJECTID":341136,"PedestrianRouteID":240007504,"Location":1,"FeatureType":1,"AliasNameEN":"Argyle Street","AliasNameTC":"亞皆老街","CrossingFeature":null,"WeatherProof":2,"WheelchairBarrier":2,"WheelchairAccess":2,"ObstaclesType":null,"Gradient":0.050744909999999997,"Direction":0,"PositionCertainty":1,"Enabled":1,"DataSource":1,"LevelSource":2,"StreetNameEN":"Argyle Street","StreetNameTC":"亞皆老街","ST_CODE":10027,"FloorID":null,"BuildingID_1":null,"BuildingID_2":null,"SiteID":null,"TerminalID":null,"AccessTimeID":null,"CreationDate":1614441600000,"ModifiedBy":"LANDSD","LastAmendmentDate":1655654400000,"Shape__Length":3.3531202260294575}},{"type":"Feature","id":341137,"geometry":{"type":"LineString","coordinates":[[114.16954250026635,22.31942344733109,5.1699999999982538],[114.16953944993902,22.319437143896405,5.050600000002305]]},"properties":{"OBJECTID":341137,"PedestrianRouteID":240007505,"Location":1,"FeatureType":1,"AliasNameEN":"Argyle Street","AliasNameTC":"亞皆老街","CrossingFeature":null,"WeatherProof":3,"WheelchairBarrier":2,"WheelchairAccess":2,"ObstaclesType":null,"Gradient":0.076934660000000002,"Direction":0,"PositionCertainty":1,"Enabled":1,"DataSource":1,"LevelSource":2,"StreetNameEN":"Argyle Street","StreetNameTC":"亞皆老街","ST_CODE":10027,"FloorID":null,"BuildingID_1":null,"BuildingID_2":null,"SiteID":null,"TerminalID":null,"AccessTimeID":null,"CreationDate":1614441600000,"ModifiedBy":"LANDSD","LastAmendmentDate":1655654400000,"Shape__Length":1.5489030081445427}},{"type":"Feature","id":341138,"geometry":{"type":"LineString","coordinates":[[114.17120572076534,22.319361296371774,5.5443999999988591],[114.17119710700071,22.319402682383966,5.5476999999955297]]},"properties":{"OBJECTID":341138,"PedestrianRouteID":240007506,"Location":1,"FeatureType":1,"AliasNameEN":"Fa Yuen Street","AliasNameTC":"花園街","CrossingFeature":null,"WeatherProof":3,"WheelchairBarrier":2,"WheelchairAccess":2,"ObstaclesType":null,"Gradient":0.00070693999999999998,"Direction":0,"PositionCertainty":1,"Enabled":1,"DataSource":1,"LevelSource":2,"StreetNameEN":"Fa Yuen Street","StreetNameTC":"花園街","ST_CODE":10419,"FloorID":null,"BuildingID_1":null,"BuildingID_2":null,"SiteID":null,"TerminalID":null,"AccessTimeID":null,"CreationDate":1614441600000,"ModifiedBy":"LANDSD","LastAmendmentDate":1655654400000,"Shape__Length":4.6680053241216255}},{"type":"Feature","id":341139,"geometry":{"type":"LineString","coordinates":[[114.17131376274429,22.318842222400928,5.392600000006496],[114.17120572076534,22.319361296371774,5.5443999999988591]]},"properties":{"OBJECTID":341139,"PedestrianRouteID":240007507,"Location":1,"FeatureType":1,"AliasNameEN":"Fa Yuen Street","AliasNameTC":"花園街","CrossingFeature":null,"WeatherProof":2,"WheelchairBarrier":2,"WheelchairAccess":2,"ObstaclesType":null,"Gradient":0.0025927599999999999,"Direction":0,"PositionCertainty":1,"Enabled":1,"DataSource":1,"LevelSource":2,"StreetNameEN":"Fa Yuen Street","StreetNameTC":"花園街","ST_CODE":10419,"FloorID":null,"BuildingID_1":null,"BuildingID_2":null,"SiteID":null,"TerminalID":null,"AccessTimeID":null,"CreationDate":1614441600000,"ModifiedBy":"LANDSD","LastAmendmentDate":1655654400000,"Shape__Length":58.547437588901019}},{"type":"Feature","id":341140,"geometry":{"type":"LineString","coordinates":[[114.16768170839431,22.321673644965351,4.924299999998766],[114.16766953497826,22.321733016806739,4.9355999999970663]]},"properties":{"OBJECTID":341140,"PedestrianRouteID":240007508,"Location":1,"FeatureType":1,"AliasNameEN":"Shanghai Street","AliasNameTC":"上海街","CrossingFeature":null,"WeatherProof":2,"WheelchairBarrier":2,"WheelchairAccess":2,"ObstaclesType":null,"Gradient":0.0016883099999999999,"Direction":0,"PositionCertainty":1,"Enabled":1,"DataSource":1,"LevelSource":2,"StreetNameEN":"Shanghai Street","StreetNameTC":"上海街","ST_CODE":11984,"FloorID":null,"BuildingID_1":null,"BuildingID_2":null,"SiteID":null,"TerminalID":null,"AccessTimeID":null,"CreationDate":1614441600000,"ModifiedBy":"LANDSD","LastAmendmentDate":1655654400000,"Shape__Length":6.6930844607922397}},{"type":"Feature","id":341141,"geometry":{"type":"LineString","coordinates":[[114.16769983159919,22.321585256359871,4.8916000000026543],[114.16768170839431,22.321673644965351,4.924299999998766]]},"properties":{"OBJECTID":341141,"PedestrianRouteID":240007509,"Location":1,"FeatureType":1,"AliasNameEN":"Shanghai Street","AliasNameTC":"上海街","CrossingFeature":null,"WeatherProof":3,"WheelchairBarrier":2,"WheelchairAccess":2,"ObstaclesType":null,"Gradient":0.00328174,"Direction":0,"PositionCertainty":1,"Enabled":1,"DataSource":1,"LevelSource":2,"StreetNameEN":"Shanghai Street","StreetNameTC":"上海街","ST_CODE":11984,"FloorID":null,"BuildingID_1":null,"BuildingID_2":null,"SiteID":null,"TerminalID":null,"AccessTimeID":null,"CreationDate":1614441600000,"ModifiedBy":"LANDSD","LastAmendmentDate":1655654400000,"Shape__Length":9.9641971287360604}},{"type":"Feature","id":341142,"geometry":{"type":"LineString","coordinates":[[114.1677175761229,22.321498714486189,4.8845000000001164],[114.16769983159919,22.321585256359871,4.8916000000026543]]},"properties":{"OBJECTID":341142,"PedestrianRouteID":240007510,"Location":1,"FeatureType":1,"AliasNameEN":"Shanghai Street","AliasNameTC":"上海街","CrossingFeature":null,"WeatherProof":2,"WheelchairBarrier":2,"WheelchairAccess":2,"ObstaclesType":null,"Gradient":0.00072776000000000004,"Direction":0,"PositionCertainty":1,"Enabled":1,"DataSource":1,"LevelSource":2,"StreetNameEN":"Shanghai Street","StreetNameTC":"上海街","ST_CODE":11984,"FloorID":null,"BuildingID_1":null,"BuildingID_2":null,"SiteID":null,"TerminalID":null,"AccessTimeID":null,"CreationDate":1614441600000,"ModifiedBy":"LANDSD","LastAmendmentDate":1655654400000,"Shape__Length":9.7560115135562988}},{"type":"Feature","id":341143,"geometry":{"type":"LineString","coordinates":[[114.16773635562321,22.321407120051408,4.8827000000019325],[114.1677175761229,22.321498714486189,4.8845000000001164]]},"properties":{"OBJECTID":341143,"PedestrianRouteID":240007511,"Location":1,"FeatureType":1,"AliasNameEN":"Shanghai Street","AliasNameTC":"上海街","CrossingFeature":null,"WeatherProof":3,"WheelchairBarrier":2,"WheelchairAccess":2,"ObstaclesType":null,"Gradient":0.00017432,"Direction":0,"PositionCertainty":1,"Enabled":1,"DataSource":1,"LevelSource":2,"StreetNameEN":"Shanghai Street","StreetNameTC":"上海街","ST_CODE":11984,"FloorID":null,"BuildingID_1":null,"BuildingID_2":null,"SiteID":null,"TerminalID":null,"AccessTimeID":null,"CreationDate":1614441600000,"ModifiedBy":"LANDSD","LastAmendmentDate":1655654400000,"Shape__Length":10.325576084230972}},{"type":"Feature","id":341144,"geometry":{"type":"LineString","coordinates":[[114.16775338550734,22.321324063037352,4.8739000000059605],[114.16773635562321,22.321407120051408,4.8827000000019325]]},"properties":{"OBJECTID":341144,"PedestrianRouteID":240007512,"Location":1,"FeatureType":1,"AliasNameEN":"Shanghai Street","AliasNameTC":"上海街","CrossingFeature":null,"WeatherProof":2,"WheelchairBarrier":2,"WheelchairAccess":2,"ObstaclesType":null,"Gradient":0.00093985,"Direction":0,"PositionCertainty":1,"Enabled":1,"DataSource":1,"LevelSource":2,"StreetNameEN":"Shanghai Street","StreetNameTC":"上海街","ST_CODE":11984,"FloorID":null,"BuildingID_1":null,"BuildingID_2":null,"SiteID":null,"TerminalID":null,"AccessTimeID":null,"CreationDate":1614441600000,"ModifiedBy":"LANDSD","LastAmendmentDate":1655654400000,"Shape__Length":9.3631555983037131}},{"type":"Feature","id":341145,"geometry":{"type":"LineString","coordinates":[[114.16777049401543,22.321240623127924,4.8025999999954365],[114.16775338550734,22.321324063037352,4.8739000000059605]]},"properties":{"OBJECTID":341145,"PedestrianRouteID":240007513,"Location":1,"FeatureType":1,"AliasNameEN":"Shanghai Street","AliasNameTC":"上海街","CrossingFeature":null,"WeatherProof":3,"WheelchairBarrier":2,"WheelchairAccess":2,"ObstaclesType":null,"Gradient":0.0075798599999999999,"Direction":0,"PositionCertainty":1,"Enabled":1,"DataSource":1,"LevelSource":2,"StreetNameEN":"Shanghai Street","StreetNameTC":"上海街","ST_CODE":11984,"FloorID":null,"BuildingID_1":null,"BuildingID_2":null,"SiteID":null,"TerminalID":null,"AccessTimeID":null,"CreationDate":1614441600000,"ModifiedBy":"LANDSD","LastAmendmentDate":1655654400000,"Shape__Length":9.4063223663755977}},{"type":"Feature","id":341146,"geometry":{"type":"LineString","coordinates":[[114.16783610734886,22.320920612384455,4.7161999999952968],[114.16777049401543,22.321240623127924,4.8025999999954365]]},"properties":{"OBJECTID":341146,"PedestrianRouteID":240007514,"Location":1,"FeatureType":1,"AliasNameEN":"Shanghai Street","AliasNameTC":"上海街","CrossingFeature":null,"WeatherProof":2,"WheelchairBarrier":2,"WheelchairAccess":2,"ObstaclesType":null,"Gradient":0.0023949800000000001,"Direction":0,"PositionCertainty":1,"Enabled":1,"DataSource":1,"LevelSource":2,"StreetNameEN":"Shanghai Street","StreetNameTC":"上海街","ST_CODE":11984,"FloorID":null,"BuildingID_1":null,"BuildingID_2":null,"SiteID":null,"TerminalID":null,"AccessTimeID":null,"CreationDate":1614441600000,"ModifiedBy":"LANDSD","LastAmendmentDate":1655654400000,"Shape__Length":36.075322857309928}},{"type":"Feature","id":341147,"geometry":{"type":"LineString","coordinates":[[114.1678690318688,22.320760029498107,4.9180000000051223],[114.16783610734886,22.320920612384455,4.7161999999952968]]},"properties":{"OBJECTID":341147,"PedestrianRouteID":240007515,"Location":1,"FeatureType":1,"AliasNameEN":"Shanghai Street","AliasNameTC":"上海街","CrossingFeature":null,"WeatherProof":3,"WheelchairBarrier":2,"WheelchairAccess":2,"ObstaclesType":null,"Gradient":0.011147010000000001,"Direction":0,"PositionCertainty":1,"Enabled":1,"DataSource":1,"LevelSource":2,"StreetNameEN":"Shanghai Street","StreetNameTC":"上海街","ST_CODE":11984,"FloorID":null,"BuildingID_1":null,"BuildingID_2":null,"SiteID":null,"TerminalID":null,"AccessTimeID":null,"CreationDate":1614441600000,"ModifiedBy":"LANDSD","LastAmendmentDate":1655654400000,"Shape__Length":18.102755383468253}},{"type":"Feature","id":341152,"geometry":{"type":"LineString","coordinates":[[114.16962066700457,22.317425971608785,4.8138999999937369],[114.169617890448,22.317439373793711,4.7736000000004424]]},"properties":{"OBJECTID":341152,"PedestrianRouteID":240007520,"Location":1,"FeatureType":1,"AliasNameEN":"Nathan Road","AliasNameTC":"彌敦道","CrossingFeature":null,"WeatherProof":2,"WheelchairBarrier":2,"WheelchairAccess":2,"ObstaclesType":null,"Gradient":0.0043005999999999999,"Direction":0,"PositionCertainty":1,"Enabled":1,"DataSource":1,"LevelSource":2,"StreetNameEN":"Nathan Road","StreetNameTC":"彌敦道","ST_CODE":11504,"FloorID":null,"BuildingID_1":null,"BuildingID_2":null,"SiteID":null,"TerminalID":null,"AccessTimeID":null,"CreationDate":1614441600000,"ModifiedBy":"LANDSD","LastAmendmentDate":1689264000000,"Shape__Length":1.5114062367262651}},{"type":"Feature","id":341153,"geometry":{"type":"LineString","coordinates":[[114.16965573797528,22.317256686502191,4.8176999999996042],[114.16962968401417,22.317382445436909,4.794899999993504]]},"properties":{"OBJECTID":341153,"PedestrianRouteID":240007521,"Location":1,"FeatureType":1,"AliasNameEN":"Nathan Road","AliasNameTC":"彌敦道","CrossingFeature":null,"WeatherProof":3,"WheelchairBarrier":2,"WheelchairAccess":2,"ObstaclesType":null,"Gradient":0.00160764,"Direction":0,"PositionCertainty":1,"Enabled":1,"DataSource":1,"LevelSource":12,"StreetNameEN":"Nathan Road","StreetNameTC":"彌敦道","ST_CODE":11504,"FloorID":null,"BuildingID_1":null,"BuildingID_2":null,"SiteID":null,"TerminalID":null,"AccessTimeID":null,"CreationDate":1614441600000,"ModifiedBy":"LANDSD","LastAmendmentDate":1689264000000,"Shape__Length":14.182232606856113}},{"type":"Feature","id":341154,"geometry":{"type":"LineString","coordinates":[[114.1686843274945,22.321931771980559,4.9674999999988358],[114.16868352359326,22.321935777910568,4.9692000000068219]]},"properties":{"OBJECTID":341154,"PedestrianRouteID":240007522,"Location":1,"FeatureType":1,"AliasNameEN":"Nathan Road","AliasNameTC":"彌敦道","CrossingFeature":null,"WeatherProof":3,"WheelchairBarrier":2,"WheelchairAccess":2,"ObstaclesType":null,"Gradient":0.0037672000000000001,"Direction":0,"PositionCertainty":1,"Enabled":1,"DataSource":1,"LevelSource":2,"StreetNameEN":"Nathan Road","StreetNameTC":"彌敦道","ST_CODE":11504,"FloorID":null,"BuildingID_1":null,"BuildingID_2":null,"SiteID":null,"TerminalID":null,"AccessTimeID":null,"CreationDate":1614441600000,"ModifiedBy":"LANDSD","LastAmendmentDate":1655654400000,"Shape__Length":0.45126134231185278}},{"type":"Feature","id":341155,"geometry":{"type":"LineString","coordinates":[[114.16868352359326,22.321935777910568,4.9692000000068219],[114.16867888951043,22.32195885354821,5.047099999996135],[114.16866752955849,22.321956772328381,4.970499999995809]]},"properties":{"OBJECTID":341155,"PedestrianRouteID":240007523,"Location":1,"FeatureType":1,"AliasNameEN":"Nathan Road","AliasNameTC":"彌敦道","CrossingFeature":null,"WeatherProof":2,"WheelchairBarrier":2,"WheelchairAccess":2,"ObstaclesType":null,"Gradient":0.00034278999999999999,"Direction":0,"PositionCertainty":1,"Enabled":1,"DataSource":1,"LevelSource":2,"StreetNameEN":"Nathan Road","StreetNameTC":"彌敦道","ST_CODE":11504,"FloorID":null,"BuildingID_1":null,"BuildingID_2":null,"SiteID":null,"TerminalID":null,"AccessTimeID":null,"CreationDate":1614441600000,"ModifiedBy":"LANDSD","LastAmendmentDate":1759420800000,"Shape__Length":3.7923570704984098}},{"type":"Feature","id":341157,"geometry":{"type":"LineString","coordinates":[[114.17049620055352,22.319307779287499,5.2093000000022585],[114.17047864632835,22.319394054191033,5.2072000000043772]]},"properties":{"OBJECTID":341157,"PedestrianRouteID":240007525,"Location":1,"FeatureType":1,"AliasNameEN":"Tung Choi Street","AliasNameTC":"通菜街","CrossingFeature":null,"WeatherProof":2,"WheelchairBarrier":2,"WheelchairAccess":2,"ObstaclesType":null,"Gradient":0.00021598,"Direction":0,"PositionCertainty":1,"Enabled":1,"DataSource":1,"LevelSource":2,"StreetNameEN":"Tung Choi Street","StreetNameTC":"通菜街","ST_CODE":12513,"FloorID":null,"BuildingID_1":null,"BuildingID_2":null,"SiteID":null,"TerminalID":null,"AccessTimeID":null,"CreationDate":1614441600000,"ModifiedBy":"LANDSD","LastAmendmentDate":1655654400000,"Shape__Length":9.7233106980278592}},{"type":"Feature","id":341158,"geometry":{"type":"LineString","coordinates":[[114.17051472750913,22.319216721816147,5.2866000000067288],[114.17050946862874,22.319242569882135,5.2360000000044238]]},"properties":{"OBJECTID":341158,"PedestrianRouteID":240007526,"Location":1,"FeatureType":1,"AliasNameEN":"Tung Choi Street","AliasNameTC":"通菜街","CrossingFeature":null,"WeatherProof":2,"WheelchairBarrier":2,"WheelchairAccess":2,"ObstaclesType":null,"Gradient":0.017368020000000001,"Direction":0,"PositionCertainty":1,"Enabled":1,"DataSource":1,"LevelSource":2,"StreetNameEN":"Tung Choi Street","StreetNameTC":"通菜街","ST_CODE":12513,"FloorID":null,"BuildingID_1":null,"BuildingID_2":null,"SiteID":null,"TerminalID":null,"AccessTimeID":null,"CreationDate":1614441600000,"ModifiedBy":"LANDSD","LastAmendmentDate":1655654400000,"Shape__Length":2.913108337523465}},{"type":"Feature","id":341159,"geometry":{"type":"LineString","coordinates":[[114.17050946862874,22.319242569882135,5.2360000000044238],[114.17049620055352,22.319307779287499,5.2093000000022585]]},"properties":{"OBJECTID":341159,"PedestrianRouteID":240007527,"Location":1,"FeatureType":1,"AliasNameEN":"Tung Choi Street","AliasNameTC":"通菜街","CrossingFeature":null,"WeatherProof":3,"WheelchairBarrier":2,"WheelchairAccess":2,"ObstaclesType":null,"Gradient":0.0036330300000000002,"Direction":0,"PositionCertainty":1,"Enabled":1,"DataSource":1,"LevelSource":2,"StreetNameEN":"Tung Choi Street","StreetNameTC":"通菜街","ST_CODE":12513,"FloorID":null,"BuildingID_1":null,"BuildingID_2":null,"SiteID":null,"TerminalID":null,"AccessTimeID":null,"CreationDate":1614441600000,"ModifiedBy":"LANDSD","LastAmendmentDate":1655654400000,"Shape__Length":7.349197906949124}},{"type":"Feature","id":341160,"geometry":{"type":"LineString","coordinates":[[114.17146065031029,22.319832863678823,5.696299999995972],[114.17129416447595,22.319803382221309,5.6753999999928055],[114.17129180787641,22.319802964927387,5.6753999999928055],[114.17112341975179,22.319773146388329,5.5083000000013271]]},"properties":{"OBJECTID":341160,"PedestrianRouteID":240007528,"Location":1,"FeatureType":1,"AliasNameEN":"Argyle Street","AliasNameTC":"亞皆老街","CrossingFeature":null,"WeatherProof":3,"WheelchairBarrier":2,"WheelchairAccess":2,"ObstaclesType":null,"Gradient":0.0053154500000000002,"Direction":0,"PositionCertainty":1,"Enabled":1,"DataSource":1,"LevelSource":2,"StreetNameEN":"Argyle Street","StreetNameTC":"亞皆老街","ST_CODE":10027,"FloorID":null,"BuildingID_1":null,"BuildingID_2":null,"SiteID":null,"TerminalID":null,"AccessTimeID":null,"CreationDate":1614441600000,"ModifiedBy":"LANDSD","LastAmendmentDate":1655654400000,"Shape__Length":35.368249311063195}},{"type":"Feature","id":341161,"geometry":{"type":"LineString","coordinates":[[114.17177557815474,22.319611302758656,6.1674999999959255],[114.1718048554916,22.319469929715538,6.0301000000035856]]},"properties":{"OBJECTID":341161,"PedestrianRouteID":240007529,"Location":1,"FeatureType":1,"AliasNameEN":"Sai Yee Street","AliasNameTC":"洗衣街","CrossingFeature":null,"WeatherProof":3,"WheelchairBarrier":2,"WheelchairAccess":2,"ObstaclesType":null,"Gradient":0.0086180700000000002,"Direction":0,"PositionCertainty":1,"Enabled":1,"DataSource":1,"LevelSource":2,"StreetNameEN":"Sai Yee Street","StreetNameTC":"洗衣街","ST_CODE":11861,"FloorID":null,"BuildingID_1":null,"BuildingID_2":null,"SiteID":null,"TerminalID":null,"AccessTimeID":null,"CreationDate":1614441600000,"ModifiedBy":"LANDSD","LastAmendmentDate":1655654400000,"Shape__Length":15.942856640116773}},{"type":"Feature","id":341163,"geometry":{"type":"LineString","coordinates":[[114.16954349403794,22.321874919241669,5.6365999999979977],[114.16954531536958,22.321866061216188,5.5834999999933643]]},"properties":{"OBJECTID":341163,"PedestrianRouteID":240007531,"Location":1,"FeatureType":1,"AliasNameEN":"Sai Yeung Choi Street South","AliasNameTC":"西洋菜南街","CrossingFeature":null,"WeatherProof":2,"WheelchairBarrier":2,"WheelchairAccess":2,"ObstaclesType":null,"Gradient":0.053120250000000001,"Direction":0,"PositionCertainty":1,"Enabled":1,"DataSource":1,"LevelSource":2,"StreetNameEN":"Sai Yeung Choi Street South","StreetNameTC":"西洋菜南街","ST_CODE":11864,"FloorID":null,"BuildingID_1":null,"BuildingID_2":null,"SiteID":null,"TerminalID":null,"AccessTimeID":null,"CreationDate":1614441600000,"ModifiedBy":"LANDSD","LastAmendmentDate":1655654400000,"Shape__Length":0.99867841243719591}},{"type":"Feature","id":341164,"geometry":{"type":"LineString","coordinates":[[114.16954531536958,22.321866061216188,5.5834999999933643],[114.16960625994241,22.321569709720933,5.3135999999940395]]},"properties":{"OBJECTID":341164,"PedestrianRouteID":240007532,"Location":1,"FeatureType":1,"AliasNameEN":"Sai Yeung Choi Street South","AliasNameTC":"西洋菜南街","CrossingFeature":null,"WeatherProof":3,"WheelchairBarrier":2,"WheelchairAccess":2,"ObstaclesType":null,"Gradient":0.0080778299999999994,"Direction":0,"PositionCertainty":1,"Enabled":1,"DataSource":1,"LevelSource":2,"StreetNameEN":"Sai Yeung Choi Street South","StreetNameTC":"西洋菜南街","ST_CODE":11864,"FloorID":null,"BuildingID_1":null,"BuildingID_2":null,"SiteID":null,"TerminalID":null,"AccessTimeID":null,"CreationDate":1614441600000,"ModifiedBy":"LANDSD","LastAmendmentDate":1655654400000,"Shape__Length":33.411697795064889}},{"type":"Feature","id":341165,"geometry":{"type":"LineString","coordinates":[[114.16960625994241,22.321569709720933,5.3135999999940395],[114.16960970744768,22.32155294548355,5.3070000000006985]]},"properties":{"OBJECTID":341165,"PedestrianRouteID":240007533,"Location":1,"FeatureType":1,"AliasNameEN":"Sai Yeung Choi Street South","AliasNameTC":"西洋菜南街","CrossingFeature":null,"WeatherProof":2,"WheelchairBarrier":2,"WheelchairAccess":2,"ObstaclesType":null,"Gradient":0.0034919399999999998,"Direction":0,"PositionCertainty":1,"Enabled":1,"DataSource":1,"LevelSource":2,"StreetNameEN":"Sai Yeung Choi Street South","StreetNameTC":"西洋菜南街","ST_CODE":11864,"FloorID":null,"BuildingID_1":null,"BuildingID_2":null,"SiteID":null,"TerminalID":null,"AccessTimeID":null,"CreationDate":1614441600000,"ModifiedBy":"LANDSD","LastAmendmentDate":1655654400000,"Shape__Length":1.8900573985840601}},{"type":"Feature","id":341166,"geometry":{"type":"LineString","coordinates":[[114.16960970744768,22.32155294548355,5.3070000000006985],[114.16962360522513,22.321485367472555,5.1772000000055414]]},"properties":{"OBJECTID":341166,"PedestrianRouteID":240007534,"Location":1,"FeatureType":1,"AliasNameEN":"Sai Yeung Choi Street South","AliasNameTC":"西洋菜南街","CrossingFeature":null,"WeatherProof":3,"WheelchairBarrier":2,"WheelchairAccess":2,"ObstaclesType":null,"Gradient":0.01703474,"Direction":0,"PositionCertainty":1,"Enabled":1,"DataSource":1,"LevelSource":2,"StreetNameEN":"Sai Yeung Choi Street South","StreetNameTC":"西洋菜南街","ST_CODE":11864,"FloorID":null,"BuildingID_1":null,"BuildingID_2":null,"SiteID":null,"TerminalID":null,"AccessTimeID":null,"CreationDate":1614441600000,"ModifiedBy":"LANDSD","LastAmendmentDate":1655654400000,"Shape__Length":7.6189875407611511}},{"type":"Feature","id":341167,"geometry":{"type":"LineString","coordinates":[[114.16962360522513,22.321485367472555,5.1772000000055414],[114.16967212841165,22.321249419212197,5.4661999999952968]]},"properties":{"OBJECTID":341167,"PedestrianRouteID":240007535,"Location":1,"FeatureType":1,"AliasNameEN":"Sai Yeung Choi Street South","AliasNameTC":"西洋菜南街","CrossingFeature":null,"WeatherProof":2,"WheelchairBarrier":2,"WheelchairAccess":2,"ObstaclesType":null,"Gradient":0.010863569999999999,"Direction":0,"PositionCertainty":1,"Enabled":1,"DataSource":1,"LevelSource":2,"StreetNameEN":"Sai Yeung Choi Street South","StreetNameTC":"西洋菜南街","ST_CODE":11864,"FloorID":null,"BuildingID_1":null,"BuildingID_2":null,"SiteID":null,"TerminalID":null,"AccessTimeID":null,"CreationDate":1614441600000,"ModifiedBy":"LANDSD","LastAmendmentDate":1655654400000,"Shape__Length":26.601638341299509}},{"type":"Feature","id":341168,"geometry":{"type":"LineString","coordinates":[[114.16967212841165,22.321249419212197,5.4661999999952968],[114.16969860833318,22.321120654968169,5.3932999999960884]]},"properties":{"OBJECTID":341168,"PedestrianRouteID":240007536,"Location":1,"FeatureType":1,"AliasNameEN":"Sai Yeung Choi Street South","AliasNameTC":"西洋菜南街","CrossingFeature":null,"WeatherProof":3,"WheelchairBarrier":2,"WheelchairAccess":2,"ObstaclesType":null,"Gradient":0.0050215499999999996,"Direction":0,"PositionCertainty":1,"Enabled":1,"DataSource":1,"LevelSource":2,"StreetNameEN":"Sai Yeung Choi Street South","StreetNameTC":"西洋菜南街","ST_CODE":11864,"FloorID":null,"BuildingID_1":null,"BuildingID_2":null,"SiteID":null,"TerminalID":null,"AccessTimeID":null,"CreationDate":1614441600000,"ModifiedBy":"LANDSD","LastAmendmentDate":1655654400000,"Shape__Length":14.517321849736728}},{"type":"Feature","id":341169,"geometry":{"type":"LineString","coordinates":[[114.17101339320153,22.319500906187503,5.3819999999977881],[114.17062377615041,22.319429847153604,5.2473999999929219]]},"properties":{"OBJECTID":341169,"PedestrianRouteID":240007537,"Location":1,"FeatureType":1,"AliasNameEN":"Argyle Street","AliasNameTC":"亞皆老街","CrossingFeature":null,"WeatherProof":3,"WheelchairBarrier":2,"WheelchairAccess":2,"ObstaclesType":null,"Gradient":0.0032904599999999998,"Direction":0,"PositionCertainty":1,"Enabled":1,"DataSource":1,"LevelSource":2,"StreetNameEN":"Argyle Street","StreetNameTC":"亞皆老街","ST_CODE":10027,"FloorID":null,"BuildingID_1":null,"BuildingID_2":null,"SiteID":null,"TerminalID":null,"AccessTimeID":null,"CreationDate":1614441600000,"ModifiedBy":"LANDSD","LastAmendmentDate":1655654400000,"Shape__Length":40.905934919461039}},{"type":"Feature","id":341170,"geometry":{"type":"LineString","coordinates":[[114.17105901927211,22.319377533643841,5.3551000000006752],[114.17104998899524,22.319420908170159,5.3555999999953201]]},"properties":{"OBJECTID":341170,"PedestrianRouteID":240007538,"Location":1,"FeatureType":1,"AliasNameEN":"Fa Yuen Street","AliasNameTC":"花園街","CrossingFeature":null,"WeatherProof":3,"WheelchairBarrier":2,"WheelchairAccess":2,"ObstaclesType":null,"Gradient":0.0001022,"Direction":0,"PositionCertainty":1,"Enabled":1,"DataSource":1,"LevelSource":2,"StreetNameEN":"Fa Yuen Street","StreetNameTC":"花園街","ST_CODE":10419,"FloorID":null,"BuildingID_1":null,"BuildingID_2":null,"SiteID":null,"TerminalID":null,"AccessTimeID":null,"CreationDate":1614441600000,"ModifiedBy":"LANDSD","LastAmendmentDate":1655654400000,"Shape__Length":4.8923452088852297}},{"type":"Feature","id":341171,"geometry":{"type":"LineString","coordinates":[[114.17104998899524,22.319420908170159,5.3555999999953201],[114.17103260506538,22.319504409843109,5.4021000000066124]]},"properties":{"OBJECTID":341171,"PedestrianRouteID":240007539,"Location":1,"FeatureType":1,"AliasNameEN":"Fa Yuen Street","AliasNameTC":"花園街","CrossingFeature":null,"WeatherProof":2,"WheelchairBarrier":2,"WheelchairAccess":2,"ObstaclesType":null,"Gradient":0.0049371099999999998,"Direction":0,"PositionCertainty":1,"Enabled":1,"DataSource":1,"LevelSource":2,"StreetNameEN":"Fa Yuen Street","StreetNameTC":"花園街","ST_CODE":10419,"FloorID":null,"BuildingID_1":null,"BuildingID_2":null,"SiteID":null,"TerminalID":null,"AccessTimeID":null,"CreationDate":1614441600000,"ModifiedBy":"LANDSD","LastAmendmentDate":1655654400000,"Shape__Length":9.4183978495645615}},{"type":"Feature","id":341172,"geometry":{"type":"LineString","coordinates":[[114.1684916063742,22.32189589989774,5.2880000000004657],[114.16851772434214,22.321900761503343,5.3335999999981141]]},"properties":{"OBJECTID":341172,"PedestrianRouteID":240007540,"Location":1,"FeatureType":1,"AliasNameEN":"Bute Street","AliasNameTC":"弼街","CrossingFeature":null,"WeatherProof":3,"WheelchairBarrier":2,"WheelchairAccess":2,"ObstaclesType":null,"Gradient":0.016615370000000001,"Direction":0,"PositionCertainty":1,"Enabled":1,"DataSource":1,"LevelSource":12,"StreetNameEN":"Bute Street","StreetNameTC":"弼街","ST_CODE":10100,"FloorID":null,"BuildingID_1":null,"BuildingID_2":null,"SiteID":null,"TerminalID":null,"AccessTimeID":null,"CreationDate":1614441600000,"ModifiedBy":"LANDSD","LastAmendmentDate":1642608000000,"Shape__Length":2.7441942440930713}},{"type":"Feature","id":341173,"geometry":{"type":"LineString","coordinates":[[114.16845741007661,22.321889534277439,5.2152999999962049],[114.1684916063742,22.32189589989774,5.2880000000004657]]},"properties":{"OBJECTID":341173,"PedestrianRouteID":240007541,"Location":1,"FeatureType":1,"AliasNameEN":"Bute Street","AliasNameTC":"弼街","CrossingFeature":null,"WeatherProof":2,"WheelchairBarrier":2,"WheelchairAccess":2,"ObstaclesType":null,"Gradient":0.02023111,"Direction":0,"PositionCertainty":1,"Enabled":1,"DataSource":1,"LevelSource":12,"StreetNameEN":"Bute Street","StreetNameTC":"弼街","ST_CODE":10100,"FloorID":null,"BuildingID_1":null,"BuildingID_2":null,"SiteID":null,"TerminalID":null,"AccessTimeID":null,"CreationDate":1614441600000,"ModifiedBy":"LANDSD","LastAmendmentDate":1642608000000,"Shape__Length":3.5929848773330897}},{"type":"Feature","id":341178,"geometry":{"type":"LineString","coordinates":[[114.16836144673141,22.320613782936977,4.9853000000002794],[114.16837734521054,22.320549901351395,5.0388999999995576],[114.16841927352189,22.320353469165706,5.0745000000024447]]},"properties":{"OBJECTID":341178,"PedestrianRouteID":240007546,"Location":1,"FeatureType":1,"AliasNameEN":"Portland Street","AliasNameTC":"砵蘭街","CrossingFeature":null,"WeatherProof":2,"WheelchairBarrier":2,"WheelchairAccess":2,"ObstaclesType":null,"Gradient":0.0030301199999999999,"Direction":0,"PositionCertainty":1,"Enabled":1,"DataSource":1,"LevelSource":12,"StreetNameEN":"Portland Street","StreetNameTC":"砵蘭街","ST_CODE":11777,"FloorID":null,"BuildingID_1":null,"BuildingID_2":null,"SiteID":null,"TerminalID":null,"AccessTimeID":null,"CreationDate":1614441600000,"ModifiedBy":"LANDSD","LastAmendmentDate":1642608000000,"Shape__Length":29.437732981060087}},{"type":"Feature","id":341179,"geometry":{"type":"LineString","coordinates":[[114.16841927352189,22.320353469165706,5.0745000000024447],[114.168436572581,22.320272425905266,5.1496000000042841]]},"properties":{"OBJECTID":341179,"PedestrianRouteID":240007547,"Location":1,"FeatureType":1,"AliasNameEN":"Portland Street","AliasNameTC":"砵蘭街","CrossingFeature":null,"WeatherProof":3,"WheelchairBarrier":2,"WheelchairAccess":2,"ObstaclesType":null,"Gradient":0.0082078499999999992,"Direction":0,"PositionCertainty":1,"Enabled":1,"DataSource":1,"LevelSource":2,"StreetNameEN":"Portland Street","StreetNameTC":"砵蘭街","ST_CODE":11777,"FloorID":null,"BuildingID_1":null,"BuildingID_2":null,"SiteID":null,"TerminalID":null,"AccessTimeID":null,"CreationDate":1614441600000,"ModifiedBy":"LANDSD","LastAmendmentDate":1655654400000,"Shape__Length":9.1495719341488755}},{"type":"Feature","id":341180,"geometry":{"type":"LineString","coordinates":[[114.168436572581,22.320272425905266,5.1496000000042841],[114.16844048035207,22.320254117482456,5.1532000000006519]]},"properties":{"OBJECTID":341180,"PedestrianRouteID":240007548,"Location":1,"FeatureType":1,"AliasNameEN":"Portland Street","AliasNameTC":"砵蘭街","CrossingFeature":null,"WeatherProof":2,"WheelchairBarrier":2,"WheelchairAccess":2,"ObstaclesType":null,"Gradient":0.00174168,"Direction":0,"PositionCertainty":1,"Enabled":1,"DataSource":1,"LevelSource":2,"StreetNameEN":"Portland Street","StreetNameTC":"砵蘭街","ST_CODE":11777,"FloorID":null,"BuildingID_1":null,"BuildingID_2":null,"SiteID":null,"TerminalID":null,"AccessTimeID":null,"CreationDate":1614441600000,"ModifiedBy":"LANDSD","LastAmendmentDate":1655654400000,"Shape__Length":2.0669680718300016}},{"type":"Feature","id":341181,"geometry":{"type":"LineString","coordinates":[[114.16844048035207,22.320254117482456,5.1532000000006519],[114.16845605317346,22.320181161026053,5.1723999999958323]]},"properties":{"OBJECTID":341181,"PedestrianRouteID":240007549,"Location":1,"FeatureType":1,"AliasNameEN":"Portland Street","AliasNameTC":"砵蘭街","CrossingFeature":null,"WeatherProof":3,"WheelchairBarrier":2,"WheelchairAccess":2,"ObstaclesType":null,"Gradient":0.0023310599999999998,"Direction":0,"PositionCertainty":1,"Enabled":1,"DataSource":1,"LevelSource":2,"StreetNameEN":"Portland Street","StreetNameTC":"砵蘭街","ST_CODE":11777,"FloorID":null,"BuildingID_1":null,"BuildingID_2":null,"SiteID":null,"TerminalID":null,"AccessTimeID":null,"CreationDate":1614441600000,"ModifiedBy":"LANDSD","LastAmendmentDate":1655654400000,"Shape__Length":8.2365916016401126}},{"type":"Feature","id":341182,"geometry":{"type":"LineString","coordinates":[[114.17005928063493,22.322168869294423,6.1377000000065891],[114.17010882233195,22.32189528868426,6.0046000000002095]]},"properties":{"OBJECTID":341182,"PedestrianRouteID":240007550,"Location":1,"FeatureType":1,"AliasNameEN":"Tung Choi Street","AliasNameTC":"通菜街","CrossingFeature":null,"WeatherProof":3,"WheelchairBarrier":2,"WheelchairAccess":2,"ObstaclesType":null,"Gradient":0.0043324000000000001,"Direction":0,"PositionCertainty":1,"Enabled":1,"DataSource":1,"LevelSource":2,"StreetNameEN":"Tung Choi Street","StreetNameTC":"通菜街","ST_CODE":12513,"FloorID":null,"BuildingID_1":null,"BuildingID_2":null,"SiteID":null,"TerminalID":null,"AccessTimeID":null,"CreationDate":1614441600000,"ModifiedBy":"LANDSD","LastAmendmentDate":1655654400000,"Shape__Length":30.721843236366482}},{"type":"Feature","id":341183,"geometry":{"type":"LineString","coordinates":[[114.17010882233195,22.32189528868426,6.0046000000002095],[114.17013572522447,22.321765221282124,5.9585999999981141]]},"properties":{"OBJECTID":341183,"PedestrianRouteID":240007551,"Location":1,"FeatureType":1,"AliasNameEN":"Tung Choi Street","AliasNameTC":"通菜街","CrossingFeature":null,"WeatherProof":2,"WheelchairBarrier":2,"WheelchairAccess":2,"ObstaclesType":null,"Gradient":0.0031362299999999998,"Direction":0,"PositionCertainty":1,"Enabled":1,"DataSource":1,"LevelSource":2,"StreetNameEN":"Tung Choi Street","StreetNameTC":"通菜街","ST_CODE":12513,"FloorID":null,"BuildingID_1":null,"BuildingID_2":null,"SiteID":null,"TerminalID":null,"AccessTimeID":null,"CreationDate":1614441600000,"ModifiedBy":"LANDSD","LastAmendmentDate":1655654400000,"Shape__Length":14.667252122926511}},{"type":"Feature","id":341184,"geometry":{"type":"LineString","coordinates":[[114.17013572522447,22.321765221282124,5.9585999999981141],[114.17016320280146,22.321632377893117,5.8653999999951338]]},"properties":{"OBJECTID":341184,"PedestrianRouteID":240007552,"Location":1,"FeatureType":1,"AliasNameEN":"Tung Choi Street","AliasNameTC":"通菜街","CrossingFeature":null,"WeatherProof":3,"WheelchairBarrier":2,"WheelchairAccess":2,"ObstaclesType":null,"Gradient":0.0062214200000000001,"Direction":0,"PositionCertainty":1,"Enabled":1,"DataSource":1,"LevelSource":2,"StreetNameEN":"Tung Choi Street","StreetNameTC":"通菜街","ST_CODE":12513,"FloorID":null,"BuildingID_1":null,"BuildingID_2":null,"SiteID":null,"TerminalID":null,"AccessTimeID":null,"CreationDate":1614441600000,"ModifiedBy":"LANDSD","LastAmendmentDate":1655654400000,"Shape__Length":14.980300676025299}},{"type":"Feature","id":341185,"geometry":{"type":"LineString","coordinates":[[114.17016320280146,22.321632377893117,5.8653999999951338],[114.17017220147088,22.32158887248319,5.8478999999933876]]},"properties":{"OBJECTID":341185,"PedestrianRouteID":240007553,"Location":1,"FeatureType":1,"AliasNameEN":"Tung Choi Street","AliasNameTC":"通菜街","CrossingFeature":null,"WeatherProof":2,"WheelchairBarrier":2,"WheelchairAccess":2,"ObstaclesType":null,"Gradient":0.0035670799999999998,"Direction":0,"PositionCertainty":1,"Enabled":1,"DataSource":1,"LevelSource":2,"StreetNameEN":"Tung Choi Street","StreetNameTC":"通菜街","ST_CODE":12513,"FloorID":null,"BuildingID_1":null,"BuildingID_2":null,"SiteID":null,"TerminalID":null,"AccessTimeID":null,"CreationDate":1614441600000,"ModifiedBy":"LANDSD","LastAmendmentDate":1655654400000,"Shape__Length":4.90595692756375}},{"type":"Feature","id":341186,"geometry":{"type":"LineString","coordinates":[[114.17017220147088,22.32158887248319,5.8478999999933876],[114.17019424813881,22.32148228621249,5.8052000000025146]]},"properties":{"OBJECTID":341186,"PedestrianRouteID":240007554,"Location":1,"FeatureType":1,"AliasNameEN":"Tung Choi Street","AliasNameTC":"通菜街","CrossingFeature":null,"WeatherProof":3,"WheelchairBarrier":2,"WheelchairAccess":2,"ObstaclesType":null,"Gradient":0.0035525800000000001,"Direction":0,"PositionCertainty":1,"Enabled":1,"DataSource":1,"LevelSource":2,"StreetNameEN":"Tung Choi Street","StreetNameTC":"通菜街","ST_CODE":12513,"FloorID":null,"BuildingID_1":null,"BuildingID_2":null,"SiteID":null,"TerminalID":null,"AccessTimeID":null,"CreationDate":1614441600000,"ModifiedBy":"LANDSD","LastAmendmentDate":1655654400000,"Shape__Length":12.019377488578677}},{"type":"Feature","id":341187,"geometry":{"type":"LineString","coordinates":[[114.17019424813881,22.32148228621249,5.8052000000025146],[114.17020322640141,22.32143888103878,5.797999999995227]]},"properties":{"OBJECTID":341187,"PedestrianRouteID":240007555,"Location":1,"FeatureType":1,"AliasNameEN":"Tung Choi Street","AliasNameTC":"通菜街","CrossingFeature":null,"WeatherProof":2,"WheelchairBarrier":2,"WheelchairAccess":2,"ObstaclesType":null,"Gradient":0.0014709899999999999,"Direction":0,"PositionCertainty":1,"Enabled":1,"DataSource":1,"LevelSource":2,"StreetNameEN":"Tung Choi Street","StreetNameTC":"通菜街","ST_CODE":12513,"FloorID":null,"BuildingID_1":null,"BuildingID_2":null,"SiteID":null,"TerminalID":null,"AccessTimeID":null,"CreationDate":1614441600000,"ModifiedBy":"LANDSD","LastAmendmentDate":1655654400000,"Shape__Length":4.8946600779938887}},{"type":"Feature","id":341188,"geometry":{"type":"LineString","coordinates":[[114.17020322640141,22.32143888103878,5.797999999995227],[114.17021336771533,22.321389848949792,5.5682999999989988]]},"properties":{"OBJECTID":341188,"PedestrianRouteID":240007556,"Location":1,"FeatureType":1,"AliasNameEN":"Tung Choi Street","AliasNameTC":"通菜街","CrossingFeature":null,"WeatherProof":3,"WheelchairBarrier":2,"WheelchairAccess":2,"ObstaclesType":null,"Gradient":0.04151941,"Direction":0,"PositionCertainty":1,"Enabled":1,"DataSource":1,"LevelSource":2,"StreetNameEN":"Tung Choi Street","StreetNameTC":"通菜街","ST_CODE":12513,"FloorID":null,"BuildingID_1":null,"BuildingID_2":null,"SiteID":null,"TerminalID":null,"AccessTimeID":null,"CreationDate":1614441600000,"ModifiedBy":"LANDSD","LastAmendmentDate":1655654400000,"Shape__Length":5.5291722097802669}},{"type":"Feature","id":341189,"geometry":{"type":"LineString","coordinates":[[114.17021994652559,22.320627084728883,5.6132999999972526],[114.17024457733419,22.320508162753772,5.658899999994901]]},"properties":{"OBJECTID":341189,"PedestrianRouteID":240007557,"Location":1,"FeatureType":1,"AliasNameEN":"Tung Choi Street","AliasNameTC":"通菜街","CrossingFeature":null,"WeatherProof":2,"WheelchairBarrier":2,"WheelchairAccess":2,"ObstaclesType":null,"Gradient":0.0034001600000000002,"Direction":0,"PositionCertainty":1,"Enabled":1,"DataSource":1,"LevelSource":2,"StreetNameEN":"Tung Choi Street","StreetNameTC":"通菜街","ST_CODE":12513,"FloorID":null,"BuildingID_1":null,"BuildingID_2":null,"SiteID":null,"TerminalID":null,"AccessTimeID":null,"CreationDate":1614441600000,"ModifiedBy":"LANDSD","LastAmendmentDate":1655654400000,"Shape__Length":13.411070189203853}},{"type":"Feature","id":341190,"geometry":{"type":"LineString","coordinates":[[114.17017143911768,22.320861281237203,5.4538999999931548],[114.17021994652559,22.320627084728883,5.6132999999972526]]},"properties":{"OBJECTID":341190,"PedestrianRouteID":240007558,"Location":1,"FeatureType":1,"AliasNameEN":"Tung Choi Street","AliasNameTC":"通菜街","CrossingFeature":null,"WeatherProof":3,"WheelchairBarrier":2,"WheelchairAccess":2,"ObstaclesType":null,"Gradient":0.0060353300000000002,"Direction":0,"PositionCertainty":1,"Enabled":1,"DataSource":1,"LevelSource":2,"StreetNameEN":"Tung Choi Street","StreetNameTC":"通菜街","ST_CODE":12513,"FloorID":null,"BuildingID_1":null,"BuildingID_2":null,"SiteID":null,"TerminalID":null,"AccessTimeID":null,"CreationDate":1614441600000,"ModifiedBy":"LANDSD","LastAmendmentDate":1655654400000,"Shape__Length":26.410834547238892}},{"type":"Feature","id":341191,"geometry":{"type":"LineString","coordinates":[[114.17008068312533,22.321312732156457,5.6088000000017928],[114.17007392515346,22.321345032497341,5.6147000000055414]]},"properties":{"OBJECTID":341191,"PedestrianRouteID":240007559,"Location":1,"FeatureType":1,"AliasNameEN":"Tung Choi Street","AliasNameTC":"通菜街","CrossingFeature":null,"WeatherProof":2,"WheelchairBarrier":2,"WheelchairAccess":2,"ObstaclesType":null,"Gradient":0.00161914,"Direction":0,"PositionCertainty":1,"Enabled":1,"DataSource":1,"LevelSource":2,"StreetNameEN":"Tung Choi Street","StreetNameTC":"通菜街","ST_CODE":12513,"FloorID":null,"BuildingID_1":null,"BuildingID_2":null,"SiteID":null,"TerminalID":null,"AccessTimeID":null,"CreationDate":1614441600000,"ModifiedBy":"LANDSD","LastAmendmentDate":1655654400000,"Shape__Length":3.6439063448245079}},{"type":"Feature","id":341192,"geometry":{"type":"LineString","coordinates":[[114.17009415925571,22.321248318405072,5.5892000000021653],[114.17008068312533,22.321312732156457,5.6088000000017928]]},"properties":{"OBJECTID":341192,"PedestrianRouteID":240007560,"Location":1,"FeatureType":1,"AliasNameEN":"Tung Choi Street","AliasNameTC":"通菜街","CrossingFeature":null,"WeatherProof":3,"WheelchairBarrier":2,"WheelchairAccess":2,"ObstaclesType":null,"Gradient":0.0026972200000000002,"Direction":0,"PositionCertainty":1,"Enabled":1,"DataSource":1,"LevelSource":2,"StreetNameEN":"Tung Choi Street","StreetNameTC":"通菜街","ST_CODE":12513,"FloorID":null,"BuildingID_1":null,"BuildingID_2":null,"SiteID":null,"TerminalID":null,"AccessTimeID":null,"CreationDate":1614441600000,"ModifiedBy":"LANDSD","LastAmendmentDate":1655654400000,"Shape__Length":7.266710673670107}},{"type":"Feature","id":341193,"geometry":{"type":"LineString","coordinates":[[114.17009941631194,22.321223193709365,5.5816000000049826],[114.17009415925571,22.321248318405072,5.5892000000021653]]},"properties":{"OBJECTID":341193,"PedestrianRouteID":240007561,"Location":1,"FeatureType":1,"AliasNameEN":"Tung Choi Street","AliasNameTC":"通菜街","CrossingFeature":null,"WeatherProof":2,"WheelchairBarrier":2,"WheelchairAccess":2,"ObstaclesType":null,"Gradient":0.00268133,"Direction":0,"PositionCertainty":1,"Enabled":1,"DataSource":1,"LevelSource":2,"StreetNameEN":"Tung Choi Street","StreetNameTC":"通菜街","ST_CODE":12513,"FloorID":null,"BuildingID_1":null,"BuildingID_2":null,"SiteID":null,"TerminalID":null,"AccessTimeID":null,"CreationDate":1614441600000,"ModifiedBy":"LANDSD","LastAmendmentDate":1655654400000,"Shape__Length":2.8344063021205068}},{"type":"Feature","id":341194,"geometry":{"type":"LineString","coordinates":[[114.17011313804535,22.321157606891926,5.5613000000012107],[114.17009941631194,22.321223193709365,5.5816000000049826]]},"properties":{"OBJECTID":341194,"PedestrianRouteID":240007562,"Location":1,"FeatureType":1,"AliasNameEN":"Tung Choi Street","AliasNameTC":"通菜街","CrossingFeature":null,"WeatherProof":3,"WheelchairBarrier":2,"WheelchairAccess":2,"ObstaclesType":null,"Gradient":0.0027435900000000002,"Direction":0,"PositionCertainty":1,"Enabled":1,"DataSource":1,"LevelSource":2,"StreetNameEN":"Tung Choi Street","StreetNameTC":"通菜街","ST_CODE":12513,"FloorID":null,"BuildingID_1":null,"BuildingID_2":null,"SiteID":null,"TerminalID":null,"AccessTimeID":null,"CreationDate":1614441600000,"ModifiedBy":"LANDSD","LastAmendmentDate":1655654400000,"Shape__Length":7.399051520885739}},{"type":"Feature","id":341195,"geometry":{"type":"LineString","coordinates":[[114.17094933461028,22.320638941096018,6.0749999999970896],[114.17094826186931,22.320644236596848,6.0773999999946682]]},"properties":{"OBJECTID":341195,"PedestrianRouteID":240007563,"Location":1,"FeatureType":1,"AliasNameEN":"Fa Yuen Street","AliasNameTC":"花園街","CrossingFeature":null,"WeatherProof":3,"WheelchairBarrier":2,"WheelchairAccess":2,"ObstaclesType":null,"Gradient":0.0040219599999999998,"Direction":0,"PositionCertainty":1,"Enabled":1,"DataSource":1,"LevelSource":2,"StreetNameEN":"Fa Yuen Street","StreetNameTC":"花園街","ST_CODE":10419,"FloorID":null,"BuildingID_1":null,"BuildingID_2":null,"SiteID":null,"TerminalID":null,"AccessTimeID":null,"CreationDate":1614441600000,"ModifiedBy":"LANDSD","LastAmendmentDate":1655654400000,"Shape__Length":0.5967203788510167}},{"type":"Feature","id":341196,"geometry":{"type":"LineString","coordinates":[[114.17102045859519,22.320639940637616,5.8770999999978812],[114.17095155969831,22.320627950041914,5.9685999999928754]]},"properties":{"OBJECTID":341196,"PedestrianRouteID":240007564,"Location":1,"FeatureType":1,"AliasNameEN":"Fife Street","AliasNameTC":"快富街","CrossingFeature":null,"WeatherProof":2,"WheelchairBarrier":2,"WheelchairAccess":2,"ObstaclesType":null,"Gradient":0.01266954,"Direction":0,"PositionCertainty":1,"Enabled":1,"DataSource":1,"LevelSource":2,"StreetNameEN":"Fife Street","StreetNameTC":"快富街","ST_CODE":10485,"FloorID":null,"BuildingID_1":null,"BuildingID_2":null,"SiteID":null,"TerminalID":null,"AccessTimeID":null,"CreationDate":1614441600000,"ModifiedBy":"LANDSD","LastAmendmentDate":1655654400000,"Shape__Length":7.2216603498550178}},{"type":"Feature","id":341197,"geometry":{"type":"LineString","coordinates":[[114.16784074813951,22.320067004856561,5.0562000000063563],[114.16783887527234,22.320076010963728,5.1527999999962049]]},"properties":{"OBJECTID":341197,"PedestrianRouteID":240007565,"Location":1,"FeatureType":1,"AliasNameEN":"Shanghai Street","AliasNameTC":"上海街","CrossingFeature":null,"WeatherProof":2,"WheelchairBarrier":2,"WheelchairAccess":2,"ObstaclesType":null,"Gradient":0.094813789999999995,"Direction":0,"PositionCertainty":1,"Enabled":1,"DataSource":1,"LevelSource":2,"StreetNameEN":"Shanghai Street","StreetNameTC":"上海街","ST_CODE":11984,"FloorID":null,"BuildingID_1":null,"BuildingID_2":null,"SiteID":null,"TerminalID":null,"AccessTimeID":null,"CreationDate":1614441600000,"ModifiedBy":"LANDSD","LastAmendmentDate":1655654400000,"Shape__Length":1.0157842791518101}},{"type":"Feature","id":341198,"geometry":{"type":"LineString","coordinates":[[114.16783887527234,22.320076010963728,5.1527999999962049],[114.1678366985132,22.320086474591808,5.1453999999939697]]},"properties":{"OBJECTID":341198,"PedestrianRouteID":240007566,"Location":1,"FeatureType":1,"AliasNameEN":"Shanghai Street","AliasNameTC":"上海街","CrossingFeature":null,"WeatherProof":3,"WheelchairBarrier":2,"WheelchairAccess":2,"ObstaclesType":null,"Gradient":0.0062700899999999999,"Direction":0,"PositionCertainty":1,"Enabled":1,"DataSource":1,"LevelSource":2,"StreetNameEN":"Shanghai Street","StreetNameTC":"上海街","ST_CODE":11984,"FloorID":null,"BuildingID_1":null,"BuildingID_2":null,"SiteID":null,"TerminalID":null,"AccessTimeID":null,"CreationDate":1614441600000,"ModifiedBy":"LANDSD","LastAmendmentDate":1655654400000,"Shape__Length":1.1801912265269485}},{"type":"Feature","id":341201,"geometry":{"type":"LineString","coordinates":[[114.17117797482179,22.321518072896776,6.1938999999983935],[114.17117298588177,22.321542071521133,6.2005000000062864]]},"properties":{"OBJECTID":341201,"PedestrianRouteID":240007569,"Location":1,"FeatureType":1,"AliasNameEN":"Sai Yee Street","AliasNameTC":"洗衣街","CrossingFeature":null,"WeatherProof":2,"WheelchairBarrier":2,"WheelchairAccess":2,"ObstaclesType":null,"Gradient":0.0024383600000000001,"Direction":0,"PositionCertainty":1,"Enabled":1,"DataSource":1,"LevelSource":2,"StreetNameEN":"Sai Yee Street","StreetNameTC":"洗衣街","ST_CODE":11861,"FloorID":null,"BuildingID_1":null,"BuildingID_2":null,"SiteID":null,"TerminalID":null,"AccessTimeID":null,"CreationDate":1614441600000,"ModifiedBy":"LANDSD","LastAmendmentDate":1655654400000,"Shape__Length":2.7067322483361238}},{"type":"Feature","id":341202,"geometry":{"type":"LineString","coordinates":[[114.17119142524412,22.32145336917279,6.1880999999993946],[114.17117797482179,22.321518072896776,6.1938999999983935]]},"properties":{"OBJECTID":341202,"PedestrianRouteID":240007570,"Location":1,"FeatureType":1,"AliasNameEN":"Sai Yee Street","AliasNameTC":"洗衣街","CrossingFeature":null,"WeatherProof":3,"WheelchairBarrier":2,"WheelchairAccess":2,"ObstaclesType":null,"Gradient":0.00079476999999999998,"Direction":0,"PositionCertainty":1,"Enabled":1,"DataSource":1,"LevelSource":2,"StreetNameEN":"Sai Yee Street","StreetNameTC":"洗衣街","ST_CODE":11861,"FloorID":null,"BuildingID_1":null,"BuildingID_2":null,"SiteID":null,"TerminalID":null,"AccessTimeID":null,"CreationDate":1614441600000,"ModifiedBy":"LANDSD","LastAmendmentDate":1655654400000,"Shape__Length":7.2977280873430548}},{"type":"Feature","id":341203,"geometry":{"type":"LineString","coordinates":[[114.17119515699385,22.321435418291486,6.1858000000065658],[114.17119142524412,22.32145336917279,6.1880999999993946]]},"properties":{"OBJECTID":341203,"PedestrianRouteID":240007571,"Location":1,"FeatureType":1,"AliasNameEN":"Sai Yee Street","AliasNameTC":"洗衣街","CrossingFeature":null,"WeatherProof":2,"WheelchairBarrier":2,"WheelchairAccess":2,"ObstaclesType":null,"Gradient":0.00113601,"Direction":0,"PositionCertainty":1,"Enabled":1,"DataSource":1,"LevelSource":2,"StreetNameEN":"Sai Yee Street","StreetNameTC":"洗衣街","ST_CODE":11861,"FloorID":null,"BuildingID_1":null,"BuildingID_2":null,"SiteID":null,"TerminalID":null,"AccessTimeID":null,"CreationDate":1614441600000,"ModifiedBy":"LANDSD","LastAmendmentDate":1655654400000,"Shape__Length":2.0246264348841638}},{"type":"Feature","id":341204,"geometry":{"type":"LineString","coordinates":[[114.17121503116678,22.321339803070789,6.1652000000030966],[114.17119515699385,22.321435418291486,6.1858000000065658]]},"properties":{"OBJECTID":341204,"PedestrianRouteID":240007572,"Location":1,"FeatureType":1,"AliasNameEN":"Sai Yee Street","AliasNameTC":"洗衣街","CrossingFeature":null,"WeatherProof":3,"WheelchairBarrier":2,"WheelchairAccess":2,"ObstaclesType":null,"Gradient":0.00191022,"Direction":0,"PositionCertainty":1,"Enabled":1,"DataSource":1,"LevelSource":2,"StreetNameEN":"Sai Yee Street","StreetNameTC":"洗衣街","ST_CODE":11861,"FloorID":null,"BuildingID_1":null,"BuildingID_2":null,"SiteID":null,"TerminalID":null,"AccessTimeID":null,"CreationDate":1614441600000,"ModifiedBy":"LANDSD","LastAmendmentDate":1655654400000,"Shape__Length":10.784098099959433}},{"type":"Feature","id":341208,"geometry":{"type":"LineString","coordinates":[[114.17080899826382,22.318521044870522,5.7485000000015134],[114.17080990886564,22.318516669580877,5.75350000000617]]},"properties":{"OBJECTID":341208,"PedestrianRouteID":240007576,"Location":1,"FeatureType":1,"AliasNameEN":"Tung Choi Street","AliasNameTC":"通菜街","CrossingFeature":null,"WeatherProof":3,"WheelchairBarrier":2,"WheelchairAccess":2,"ObstaclesType":null,"Gradient":0.01013144,"Direction":0,"PositionCertainty":1,"Enabled":1,"DataSource":1,"LevelSource":2,"StreetNameEN":"Tung Choi Street","StreetNameTC":"通菜街","ST_CODE":12513,"FloorID":null,"BuildingID_1":null,"BuildingID_2":null,"SiteID":null,"TerminalID":null,"AccessTimeID":null,"CreationDate":1614441600000,"ModifiedBy":"LANDSD","LastAmendmentDate":1655654400000,"Shape__Length":0.49349639332981221}},{"type":"Feature","id":341209,"geometry":{"type":"LineString","coordinates":[[114.17082218976003,22.3185391300301,5.7201999999961117],[114.17080583930991,22.318536224280951,5.7311999999947147]]},"properties":{"OBJECTID":341209,"PedestrianRouteID":240007577,"Location":1,"FeatureType":1,"AliasNameEN":"Tung Choi Street","AliasNameTC":"通菜街","CrossingFeature":null,"WeatherProof":2,"WheelchairBarrier":2,"WheelchairAccess":2,"ObstaclesType":null,"Gradient":0.0064137500000000002,"Direction":0,"PositionCertainty":1,"Enabled":1,"DataSource":1,"LevelSource":2,"StreetNameEN":"Tung Choi Street","StreetNameTC":"通菜街","ST_CODE":12513,"FloorID":null,"BuildingID_1":null,"BuildingID_2":null,"SiteID":null,"TerminalID":null,"AccessTimeID":null,"CreationDate":1614441600000,"ModifiedBy":"LANDSD","LastAmendmentDate":1655654400000,"Shape__Length":1.7150417042460024}},{"type":"Feature","id":341211,"geometry":{"type":"LineString","coordinates":[[114.17076888018558,22.321480472794416,6.1535000000003492],[114.17077127323594,22.321469039251205,6.1511999999929685]]},"properties":{"OBJECTID":341211,"PedestrianRouteID":240007579,"Location":1,"FeatureType":1,"AliasNameEN":"Fa Yuen Street","AliasNameTC":"花園街","CrossingFeature":null,"WeatherProof":2,"WheelchairBarrier":2,"WheelchairAccess":2,"ObstaclesType":null,"Gradient":0.00178312,"Direction":0,"PositionCertainty":1,"Enabled":1,"DataSource":1,"LevelSource":2,"StreetNameEN":"Fa Yuen Street","StreetNameTC":"花園街","ST_CODE":10419,"FloorID":null,"BuildingID_1":null,"BuildingID_2":null,"SiteID":null,"TerminalID":null,"AccessTimeID":null,"CreationDate":1614441600000,"ModifiedBy":"LANDSD","LastAmendmentDate":1655654400000,"Shape__Length":1.2898726532764877}}],"exceededTransferLimit":true,"properties":{"exceededTransferLimit":true}}