{"type":"FeatureCollection","features":[{"type":"Feature","id":1750,"geometry":{"type":"Polygon","coordinates":[[[114.20537656405411,22.293212409979194],[114.2052925274358,22.292936597184756],[114.20528789392918,22.292921389705548],[114.20577198444313,22.292792027383019],[114.20583533825669,22.292985352051033],[114.2059123797754,22.292963487948214],[114.20595022711791,22.293079763436509],[114.20538157376997,22.293228852236506],[114.20537656405411,22.293212409979194]]]},"properties":{"OBJECTID":1750,"Shape__Length":192.30437837865827,"Shape__Area":1966.7517112956141,"GeoRefNo":"3923017120","DateCreate":1181836800000,"BuildingBlockType":"Tower","BuildingCSUID":"3923017120T20070615","BuildingID":1103119828,"Status":"Active","BuildingNameEN":"ICAC","BuildingNameTC":"廉政公署","BaseHeight":4.5,"TopHeight":120.2,"Storeys":null,"StoreysInBasement":null,"DateStamp":1375113600000}},{"type":"Feature","id":4621,"geometry":{"type":"Polygon","coordinates":[[[114.20741276917686,22.289845131042473],[114.20740957778942,22.289740938262071],[114.20745043466061,22.289739938635087],[114.20745193636928,22.289785943162752],[114.20750043883064,22.289784734285792],[114.20750152350708,22.289817959561745],[114.20749074978741,22.289818244617223],[114.20749144661694,22.289843114108347],[114.20741276917686,22.289845131042473]]]},"properties":{"OBJECTID":4621,"Shape__Length":41.508135569047667,"Shape__Area":77.844047393044377,"GeoRefNo":"3941816766","DateCreate":1114790400000,"BuildingBlockType":"Tower","BuildingCSUID":"3941816766T20050430","BuildingID":1103120495,"Status":"Active","BuildingNameEN":"Braemar Terrace Flat I","BuildingNameTC":"寶馬臺Ｉ座","BaseHeight":45.799999999999997,"TopHeight":88.900000000000006,"Storeys":14,"StoreysInBasement":null,"DateStamp":1599580800000}},{"type":"Feature","id":4626,"geometry":{"type":"Polygon","coordinates":[[[114.2073243264042,22.289822647155376],[114.20732323336546,22.289789150960988],[114.20736809755726,22.289788032752121],[114.20736659509137,22.289741989843634],[114.20740957778942,22.289740938262071],[114.20741276917686,22.289845131042473],[114.20733474965702,22.289847131108132],[114.207333990099,22.28982239148851],[114.2073243264042,22.289822647155376]]]},"properties":{"OBJECTID":4626,"Shape__Length":41.190020328480138,"Shape__Area":78.134313552888628,"GeoRefNo":"3941116767","DateCreate":1114790400000,"BuildingBlockType":"Tower","BuildingCSUID":"3941116767T20050430","BuildingID":1103120494,"Status":"Active","BuildingNameEN":"Braemar Terrace Flat J","BuildingNameTC":"寶馬臺Ｊ座","BaseHeight":45.799999999999997,"TopHeight":88.400000000000006,"Storeys":14,"StoreysInBasement":null,"DateStamp":1599580800000}},{"type":"Feature","id":4627,"geometry":{"type":"Polygon","coordinates":[[[114.20740957778942,22.289740938262071],[114.20740657571626,22.289642927179482],[114.20748578298966,22.289640982483654],[114.20748645458463,22.289664950362361],[114.20749652020298,22.289664688198172],[114.20749754059696,22.289695948151525],[114.20744903953408,22.289697199922834],[114.20745043466061,22.289739938635087],[114.20740957778942,22.289740938262071]]]},"properties":{"OBJECTID":4627,"Shape__Length":40.125277009053526,"Shape__Area":73.480633870507603,"GeoRefNo":"3941716752","DateCreate":1114790400000,"BuildingBlockType":"Tower","BuildingCSUID":"3941716752T20050430","BuildingID":1103120525,"Status":"Active","BuildingNameEN":"Braemar Terrace Flat K","BuildingNameTC":"寶馬臺Ｋ座","BaseHeight":45.799999999999997,"TopHeight":85.900000000000006,"Storeys":14,"StoreysInBasement":null,"DateStamp":1599580800000}},{"type":"Feature","id":4628,"geometry":{"type":"Polygon","coordinates":[[[114.20701769135322,22.289750525479487],[114.20702920285842,22.289750243840118],[114.20705586239342,22.28974959165248],[114.20705646214891,22.289765182195083],[114.20705988552095,22.289854176936689],[114.20698093878573,22.289856200574921],[114.20697901875738,22.289797342378609],[114.20701915511789,22.289796729324234],[114.20701769135322,22.289750525479487]]]},"properties":{"OBJECTID":4628,"Shape__Length":39.438004877105129,"Shape__Area":72.889374279252451,"GeoRefNo":"3937516768","DateCreate":1114790400000,"BuildingBlockType":"Tower","BuildingCSUID":"3937516768T20050430","BuildingID":1103120490,"Status":"Active","BuildingNameEN":"Braemar Terrace Flat R","BuildingNameTC":"寶馬臺Ｒ座","BaseHeight":45.799999999999997,"TopHeight":88.599999999999994,"Storeys":14,"StoreysInBasement":null,"DateStamp":1599580800000}},{"type":"Feature","id":4629,"geometry":{"type":"Polygon","coordinates":[[[114.207191983405,22.289746261668366],[114.20719060017362,22.289703869637407],[114.20714209900811,22.289705121316995],[114.20714108181659,22.289673945977764],[114.20715156596374,22.289673672920038],[114.20715097059021,22.289649202832525],[114.2072301100408,22.289647259809342],[114.20723251578202,22.289745270013583],[114.207191983405,22.289746261668366]]]},"properties":{"OBJECTID":4629,"Shape__Length":40.133935510488399,"Shape__Area":73.655567032680054,"GeoRefNo":"3939216754","DateCreate":1114790400000,"BuildingBlockType":"Tower","BuildingCSUID":"3939216754T20050430","BuildingID":1103120522,"Status":"Active","BuildingNameEN":"Braemar Terrace Flat P","BuildingNameTC":"寶馬臺Ｐ座","BaseHeight":45.799999999999997,"TopHeight":85.799999999999997,"Storeys":14,"StoreysInBasement":null,"DateStamp":1599580800000}},{"type":"Feature","id":4630,"geometry":{"type":"Polygon","coordinates":[[[114.20705988552095,22.289854176936689],[114.20705646214891,22.289765182195083],[114.20705586239342,22.28974959165248],[114.20709497694023,22.289748634793074],[114.20709648332262,22.289794802145416],[114.20714498588728,22.289793593374629],[114.20714608777293,22.289827362112888],[114.20713585407215,22.289827632865833],[114.2071365942496,22.289852210661202],[114.20705988552095,22.289854176936689]]]},"properties":{"OBJECTID":4630,"Shape__Length":41.162176493949474,"Shape__Area":75.802400700343185,"GeoRefNo":"3938116767","DateCreate":1114790400000,"BuildingBlockType":"Tower","BuildingCSUID":"3938116767T20050430","BuildingID":1103120491,"Status":"Active","BuildingNameEN":"Braemar Terrace Flat Q","BuildingNameTC":"寶馬臺Ｑ座","BaseHeight":45.799999999999997,"TopHeight":88.700000000000003,"Storeys":14,"StoreysInBasement":null,"DateStamp":1599580800000}},{"type":"Feature","id":4631,"geometry":{"type":"Polygon","coordinates":[[[114.20701769135322,22.289750525479487],[114.20701635567649,22.289708366247712],[114.20697613617826,22.28970897760102],[114.20697432770616,22.289653539552127],[114.20704680468448,22.289651760226249],[114.20705209396829,22.289651630374401],[114.20705546395529,22.289739234591391],[114.20705586239342,22.28974959165248],[114.20702920285842,22.289750243840118],[114.20701769135322,22.289750525479487]]]},"properties":{"OBJECTID":4631,"Shape__Length":37.763687599216624,"Shape__Area":67.897132448436011,"GeoRefNo":"3937516755","DateCreate":1114790400000,"BuildingBlockType":"Tower","BuildingCSUID":"3937516755T20050430","BuildingID":1103120520,"Status":"Active","BuildingNameEN":"Braemar Terrace Flat T","BuildingNameTC":"寶馬臺Ｔ座","BaseHeight":45.799999999999997,"TopHeight":86.200000000000003,"Storeys":14,"StoreysInBasement":null,"DateStamp":1599580800000}},{"type":"Feature","id":4632,"geometry":{"type":"Polygon","coordinates":[[[114.20754744111312,22.289737565297958],[114.20754604165897,22.289694696456035],[114.20749754059696,22.289695948151525],[114.20749652020298,22.289664688198172],[114.2075080217012,22.289664388555778],[114.20750729780578,22.289640454190675],[114.20758554090079,22.28963853301774],[114.20758871020259,22.289736555534166],[114.20754744111312,22.289737565297958]]]},"properties":{"OBJECTID":4632,"Shape__Length":40.229028112274015,"Shape__Area":73.627663777623738,"GeoRefNo":"3943216753","DateCreate":1114790400000,"BuildingBlockType":"Tower","BuildingCSUID":"3943216753T20050430","BuildingID":1103120527,"Status":"Active","BuildingNameEN":"Braemar Terrace Flat H","BuildingNameTC":"寶馬臺Ｈ座","BaseHeight":45.799999999999997,"TopHeight":85.400000000000006,"Storeys":null,"StoreysInBasement":null,"DateStamp":1375977600000}},{"type":"Feature","id":4633,"geometry":{"type":"Polygon","coordinates":[[[114.20714608777293,22.289827362112888],[114.20714498588728,22.289793593374629],[114.20719348845108,22.289792384589372],[114.207191983405,22.289746261668366],[114.20723251578202,22.289745270013583],[114.20723507875742,22.289849686152333],[114.20715589816402,22.289851715789382],[114.20715529965625,22.28982711846151],[114.20714608777293,22.289827362112888]]]},"properties":{"OBJECTID":4633,"Shape__Length":41.431557404206785,"Shape__Area":77.587528149553137,"GeoRefNo":"3939216767","DateCreate":1114790400000,"BuildingBlockType":"Tower","BuildingCSUID":"3939216767T20050430","BuildingID":1103120492,"Status":"Active","BuildingNameEN":"Braemar Terrace Flat N","BuildingNameTC":"寶馬臺Ｎ座","BaseHeight":45.799999999999997,"TopHeight":88.5,"Storeys":14,"StoreysInBasement":null,"DateStamp":1599580800000}},{"type":"Feature","id":4689,"geometry":{"type":"Polygon","coordinates":[[[114.20723507875742,22.289849686152333],[114.20723251578202,22.289745270013583],[114.20726958863261,22.289744363072685],[114.20727109243496,22.28979045050281],[114.20732323336546,22.289789150960988],[114.2073243264042,22.289822647155376],[114.20731438275271,22.289822910189034],[114.20731508670062,22.289847635189595],[114.20723507875742,22.289849686152333]]]},"properties":{"OBJECTID":4689,"Shape__Length":41.591005119457172,"Shape__Area":76.554049716388576,"GeoRefNo":"3940016767","DateCreate":1114790400000,"BuildingBlockType":"Tower","BuildingCSUID":"3940016767T20050430","BuildingID":1103120493,"Status":"Active","BuildingNameEN":"Braemar Terrace Flat M","BuildingNameTC":"寶馬臺Ｍ座","BaseHeight":45.799999999999997,"TopHeight":88.400000000000006,"Storeys":14,"StoreysInBasement":null,"DateStamp":1599580800000}},{"type":"Feature","id":4690,"geometry":{"type":"Polygon","coordinates":[[[114.20736659509137,22.289741989843634],[114.20736520409037,22.289699363561148],[114.20732073789081,22.28970051113431],[114.20731985893048,22.289669289623717],[114.20732928186285,22.289669044206995],[114.2073285388233,22.289644843260575],[114.20740657571626,22.289642927179482],[114.20740957778942,22.289740938262071],[114.20736659509137,22.289741989843634]]]},"properties":{"OBJECTID":4690,"Shape__Length":39.750433067450011,"Shape__Area":73.679655906593268,"GeoRefNo":"3941416751","DateCreate":1114790400000,"BuildingBlockType":"Tower","BuildingCSUID":"3941416751T20050430","BuildingID":1103120524,"Status":"Active","BuildingNameEN":"Braemar Terrace Flat L","BuildingNameTC":"寶馬臺Ｌ座","BaseHeight":45.799999999999997,"TopHeight":85.599999999999994,"Storeys":14,"StoreysInBasement":null,"DateStamp":1599580800000}},{"type":"Feature","id":4691,"geometry":{"type":"Polygon","coordinates":[[[114.20750152350708,22.289817959561745],[114.20750043883064,22.289784734285792],[114.2075489413882,22.289783525394309],[114.20754744111312,22.289737565297958],[114.20758871020259,22.289736555534166],[114.20759207207685,22.289840534523716],[114.20751341035998,22.289842551052136],[114.20751265762838,22.289817665045597],[114.20750152350708,22.289817959561745]]]},"properties":{"OBJECTID":4691,"Shape__Length":41.56008652360314,"Shape__Area":78.016670536511214,"GeoRefNo":"3943016766","DateCreate":1114790400000,"BuildingBlockType":"Tower","BuildingCSUID":"3943016766T20050430","BuildingID":1103120498,"Status":"Active","BuildingNameEN":"Braemar Terrace Flat F","BuildingNameTC":"寶馬臺Ｆ座","BaseHeight":45.799999999999997,"TopHeight":88.900000000000006,"Storeys":null,"StoreysInBasement":null,"DateStamp":1375977600000}},{"type":"Feature","id":5571,"geometry":{"type":"Polygon","coordinates":[[[114.21083113495175,22.289506408750352],[114.21086987740496,22.289505250850265],[114.21088222543433,22.289504881797274],[114.21089557033828,22.289504482913639],[114.21094849164135,22.289502901100768],[114.21103274981752,22.289500382696119],[114.21114853357467,22.289497203767564],[114.21126232056805,22.289494079634707],[114.21126513426965,22.289582638960624],[114.21130936846806,22.289581462451615],[114.21147262176707,22.289577120170346],[114.2115243910557,22.289575983264221],[114.21152724312309,22.289663616846827],[114.21148216794799,22.289665139919297],[114.21148465121628,22.289727084970568],[114.21114859202144,22.289736593471343],[114.21113172236106,22.289737070784128],[114.2111293372958,22.289650625888104],[114.21112786764509,22.289597362209246],[114.21109682893417,22.289598230196727],[114.21094720586498,22.28960241417964],[114.210933841635,22.28960278787612],[114.2109210171327,22.289603146467304],[114.21090791820566,22.289603512791135],[114.2108320297824,22.289605634739431],[114.2108196804768,22.289605980038353],[114.21080485387687,22.289606394668283],[114.21079297967133,22.289606726681001],[114.21066336572065,22.289610367085668],[114.2106125191287,22.289611790608742],[114.21060967186745,22.289512705270351],[114.21066334184492,22.289511172882449],[114.21067017825567,22.28951121940986],[114.21083113495175,22.289506408750352]]]},"properties":{"OBJECTID":5571,"Shape__Length":241.01668297867323,"Shape__Area":1373.5813927624868,"GeoRefNo":"3976716741","DateCreate":1114790400000,"BuildingBlockType":"Tower","BuildingCSUID":"3976716741T20050430","BuildingID":1103120526,"Status":"Active","BuildingNameEN":"Canossa College","BuildingNameTC":"嘉諾撒書院","BaseHeight":4.0999999999999996,"TopHeight":26.600000000000001,"Storeys":7,"StoreysInBasement":null,"DateStamp":1599580800000}},{"type":"Feature","id":5572,"geometry":{"type":"Polygon","coordinates":[[[114.21148061602824,22.288880301297088],[114.21148848151768,22.289116156841054],[114.21128576010393,22.289121770725398],[114.2112820657585,22.289006229874069],[114.21128260706787,22.289003175239852],[114.21128348104486,22.28900059428172],[114.21128480115024,22.288998183185274],[114.21128653081661,22.288996007881845],[114.21128862280074,22.288994128344836],[114.21129101957139,22.288992596151303],[114.21129365534664,22.288991453217328],[114.21129645774339,22.288990731075152],[114.21129934971775,22.288990449427907],[114.21130225208817,22.288990616149032],[114.21130508489365,22.288991226559578],[114.21130777059621,22.288992263969384],[114.21131023534248,22.288993699857372],[114.21131241138977,22.288995494774063],[114.21131423914427,22.288997599424924],[114.21131566832581,22.288999956114957],[114.21131665971481,22.289002500102889],[114.21131731074362,22.28900525385432],[114.21137259834855,22.28900372278471],[114.21136857674044,22.288883127651637],[114.21148061602824,22.288880301297088]]]},"properties":{"OBJECTID":5572,"Shape__Length":95.889965265390089,"Shape__Area":426.25553383212974,"GeoRefNo":"3982816679","DateCreate":1141142400000,"BuildingBlockType":"Tower","BuildingCSUID":"3982816679T20060301","BuildingID":1103120696,"Status":"Active","BuildingNameEN":"Canossa School (HK)","BuildingNameTC":"香港嘉諾撒學校","BaseHeight":4.4000000000000004,"TopHeight":32.399999999999999,"Storeys":8,"StoreysInBasement":null,"DateStamp":1599580800000}},{"type":"Feature","id":5573,"geometry":{"type":"Polygon","coordinates":[[[114.21136857674044,22.288883127651637],[114.21114838500809,22.288888682047105],[114.2110436610136,22.288891323579691],[114.21102563222408,22.288891771776196],[114.21100733978217,22.288892226528258],[114.21096631996953,22.288893246319915],[114.21089959371804,22.288894905087961],[114.21085707592789,22.288895962011388],[114.21085434700443,22.288802133733352],[114.2111483617128,22.288793263721306],[114.21115834273157,22.288792962606571],[114.21129765631819,22.288789102922184],[114.21147740858305,22.288784122730522],[114.21147775289755,22.288794447282967],[114.21148061602824,22.288880301297088],[114.21136857674044,22.288883127651637]]]},"properties":{"OBJECTID":5573,"Shape__Length":149.56819256311041,"Shape__Area":677.83618092005668,"GeoRefNo":"3978016659","DateCreate":1114790400000,"BuildingBlockType":"Tower","BuildingCSUID":"3978016659T20050430","BuildingID":1103120758,"Status":"Active","BuildingNameEN":"Canossa School (HK)","BuildingNameTC":"香港嘉諾撒學校","BaseHeight":4.0999999999999996,"TopHeight":15.699999999999999,"Storeys":6,"StoreysInBasement":null,"DateStamp":1599580800000}},{"type":"Feature","id":16913,"geometry":{"type":"Polygon","coordinates":[[[114.21088818933052,22.292050215085244],[114.21081084172287,22.292071120847361],[114.21079576592139,22.292022816397086],[114.21087311350469,22.29200191064206],[114.21088818933052,22.292050215085244]]]},"properties":{"OBJECTID":16913,"Shape__Length":27.740011113450148,"Shape__Area":46.231032914671502,"GeoRefNo":"3976817014","DateCreate":1114790400000,"BuildingBlockType":"Tower","BuildingCSUID":"3976817014T20050430","BuildingID":1103119926,"Status":"Active","BuildingNameEN":null,"BuildingNameTC":null,"BaseHeight":3.7000000000000002,"TopHeight":8.3000000000000007,"Storeys":null,"StoreysInBasement":null,"DateStamp":1114790400000}},{"type":"Feature","id":21965,"geometry":{"type":"Polygon","coordinates":[[[114.2106631019987,22.288514676728809],[114.21051745650718,22.288391717096616],[114.21058046448279,22.288328537113117],[114.21059034588619,22.288335415493535],[114.2106009553769,22.288325768666144],[114.21058754356206,22.287817550909171],[114.21066293375431,22.287815634174759],[114.21076716351541,22.287812984231881],[114.21077002337104,22.287921721972591],[114.21078744095686,22.288509240243307],[114.21070580374065,22.28852724369375],[114.2107039006511,22.288527353813027],[114.2107028452709,22.288527390697634],[114.21070178930435,22.288527410514469],[114.2107007331396,22.288527413173139],[114.21069967706774,22.28852739858328],[114.21069862147694,22.288527366925436],[114.21069756665834,22.288527318109228],[114.21069651280597,22.288527252134628],[114.21069546050209,22.288527169001476],[114.21069440984374,22.288527068800111],[114.21069336121911,22.288526951620739],[114.2106923149193,22.288526817372979],[114.21069127133248,22.288526666147067],[114.21069023074976,22.288526498033253],[114.21068919346227,22.288526312941165],[114.21068815985819,22.288526111051329],[114.21068713013163,22.288525892454015],[114.21068610467074,22.288525657149144],[114.21068508376663,22.288525405226974],[114.21068406780751,22.288525136687383],[114.21068305698745,22.288524851710999],[114.21068205169466,22.288524550388008],[114.21068105222022,22.288524232718363],[114.2106800588553,22.288523898882623],[114.21067907189106,22.288523548971007],[114.21067809161863,22.288523183073792],[114.21067711842618,22.288522801371489],[114.21067615250777,22.288522403773747],[114.21067519415466,22.288521990641758],[114.21067424375492,22.288521561975422],[114.21067330150275,22.288521117955323],[114.21067236768921,22.288520658671697],[114.21067144270255,22.288520184305057],[114.21067052673685,22.288519694945702],[114.21066962008328,22.288519190774171],[114.210668723033,22.28851867197103],[114.21066783587715,22.2885181387168],[114.21066695890681,22.288517591011448],[114.2106660922192,22.288517029216148],[114.21066523629946,22.288516453421138],[114.21066439124469,22.288515863807014],[114.21066355744311,22.288515260554266],[114.2106631019987,22.288514676728809]]]},"properties":{"OBJECTID":21965,"Shape__Length":197.93377925483335,"Shape__Area":1506.0199657744095,"GeoRefNo":"3974616575","DateCreate":1114790400000,"BuildingBlockType":"Tower","BuildingCSUID":"3974616575T20050430","BuildingID":1103120821,"Status":"Active","BuildingNameEN":"Tor Po Mansion","BuildingNameTC":"多寶樓","BaseHeight":4,"TopHeight":32.899999999999999,"Storeys":9,"StoreysInBasement":null,"DateStamp":1599580800000}},{"type":"Feature","id":21966,"geometry":{"type":"Polygon","coordinates":[[[114.21035490871125,22.28818142128501],[114.21035708076415,22.288179185033453],[114.21036184341945,22.288182950634301],[114.21038429355654,22.288159295592564],[114.21051406198707,22.288157137395707],[114.21051746476681,22.288277170804204],[114.21045331794046,22.288340330590358],[114.21031693754621,22.288223146109722],[114.21031560714357,22.288221883089641],[114.21035490871125,22.28818142128501]]]},"properties":{"OBJECTID":21966,"Shape__Length":66.13208897093395,"Shape__Area":276.53961849955579,"GeoRefNo":"3972216596","DateCreate":1114790400000,"BuildingBlockType":"Tower","BuildingCSUID":"3972216596T20050430","BuildingID":1103120883,"Status":"Active","BuildingNameEN":"Kiu Ying Building","BuildingNameTC":"僑英大廈","BaseHeight":4.4000000000000004,"TopHeight":55.700000000000003,"Storeys":11,"StoreysInBasement":null,"DateStamp":1599580800000}},{"type":"Feature","id":22126,"geometry":{"type":"Polygon","coordinates":[[[114.2115278818198,22.287543800790843],[114.21153297350769,22.287708209972802],[114.21127300613054,22.287712755283568],[114.21126810631702,22.287555154062925],[114.21127135841287,22.287555052500782],[114.21127059284326,22.287527562074697],[114.21128825138464,22.28752723322431],[114.21131625633647,22.287499069685861],[114.21146065821944,22.28749858867452],[114.2115278818198,22.287543800790843]]]},"properties":{"OBJECTID":22126,"Shape__Length":95.345662880427085,"Shape__Area":598.85088498497294,"GeoRefNo":"3982616524","DateCreate":1415635200000,"BuildingBlockType":"Podium","BuildingCSUID":"3982616524P20141111","BuildingID":1810135523,"Status":"Active","BuildingNameEN":"TAIKOO PLACE APARTMENTS","BuildingNameTC":"太古坊栢舍","BaseHeight":4.2000000000000002,"TopHeight":24,"Storeys":4,"StoreysInBasement":null,"DateStamp":1599580800000}},{"type":"Feature","id":23279,"geometry":{"type":"Polygon","coordinates":[[[114.20400370021841,22.290422258574399],[114.20355468060427,22.290332315852211],[114.2035234908912,22.29032607179175],[114.20351267056526,22.290323906220745],[114.20350694382056,22.29034818392336],[114.20348159097834,22.290343670246976],[114.20347703749272,22.290363637618611],[114.20347340384963,22.290380560434414],[114.20341107002155,22.290382444510222],[114.20340611428195,22.290296103234763],[114.20340128076903,22.2902538972399],[114.20339185674355,22.290212473857697],[114.20337795544414,22.29017233082936],[114.20333055957227,22.290033157839201],[114.20331064942428,22.289971897409245],[114.20330520414319,22.289954861423098],[114.20330140050876,22.289937385488919],[114.20330004383942,22.289927794010829],[114.2033003540673,22.289912818275329],[114.20330244994385,22.289897986680788],[114.20330904243353,22.289862591328671],[114.20331655938001,22.289835593367609],[114.20332765435676,22.289809858257797],[114.20334212398132,22.289785857750488],[114.20336545888547,22.289799113245003],[114.20340703663932,22.289744376780209],[114.20342724190553,22.2897243037559],[114.2034498181085,22.289706940169072],[114.20343366024812,22.289695842281631],[114.20345261155221,22.28968222722002],[114.20348777451714,22.289656920160603],[114.20351598646143,22.289637240226774],[114.20352774177212,22.28962883002103],[114.20354051846479,22.289622071691763],[114.20357225137775,22.289607221900141],[114.20360551120683,22.289596209278074],[114.20384191658108,22.289543703698364],[114.20384776593578,22.28954741738286],[114.20385180135574,22.289550205368645],[114.20385579982499,22.289552597819032],[114.20385833289517,22.289554421583862],[114.20386073984415,22.289556398890326],[114.20386301096457,22.28955851167877],[114.2038651171447,22.28956075995406],[114.20386706808497,22.289563125653338],[114.20386885408149,22.289565608778215],[114.20387087313165,22.289568922681926],[114.20415516762785,22.289963766311583],[114.20416214164109,22.290047551289273],[114.20408039659897,22.290102507365635],[114.20401944434828,22.290143480509048],[114.20395893869646,22.290185762995531],[114.20396166828834,22.290200175418708],[114.20400370021841,22.290422258574399]]]},"properties":{"OBJECTID":23279,"Shape__Length":319.25021003987399,"Shape__Area":5868.9878551634101,"GeoRefNo":"3903616785","DateCreate":1540742400000,"BuildingBlockType":"Podium","BuildingCSUID":"3903616785P20181029","BuildingID":1810181491,"Status":"Active","BuildingNameEN":null,"BuildingNameTC":null,"BaseHeight":21,"TopHeight":36,"Storeys":5,"StoreysInBasement":null,"DateStamp":1599580800000}},{"type":"Feature","id":43389,"geometry":{"type":"Polygon","coordinates":[[[114.20938144250393,22.289470556460817],[114.20933936436278,22.289458421229988],[114.20933702442966,22.289455346047795],[114.20934050071249,22.289445934174168],[114.2093271723553,22.289441928599629],[114.20932595181128,22.289441561839332],[114.20932975053731,22.289429555221663],[114.20930651734642,22.289422735517789],[114.20930188906981,22.289426923132709],[114.20929765654274,22.289439620769766],[114.20930304627356,22.289441265432934],[114.20929628122762,22.28946196742109],[114.20927691552056,22.289456402918926],[114.20927407150707,22.289464413743701],[114.20922976541863,22.289451682908425],[114.20925134097571,22.289389019776618],[114.20925688567723,22.289390673079794],[114.20926791447387,22.289359682821793],[114.20926364447807,22.289358455871106],[114.20927646061091,22.289320235064441],[114.2092416190721,22.289310074713889],[114.20924575889674,22.289296819816624],[114.20924042189593,22.289295312496812],[114.20921388663498,22.28928740001059],[114.20922621667816,22.289250736907064],[114.20925572045115,22.289259502373142],[114.20925482942143,22.289262364898697],[114.2092735642843,22.2892676521992],[114.20927836169686,22.289255484637678],[114.20927888268453,22.289254163081864],[114.20932110078535,22.289266293966019],[114.20932062078494,22.289267773278823],[114.20931764070956,22.289276958564777],[114.20937272789445,22.289293161026389],[114.2093812620747,22.289295671093612],[114.20938007183966,22.289299212963606],[114.20937099961709,22.289326211300036],[114.20938237325856,22.289329576178879],[114.20937889902814,22.289340283767487],[114.20941304542481,22.289350143237261],[114.20940419053888,22.289376577569129],[114.20939486640275,22.289404413096324],[114.20940304672688,22.289406667576323],[114.20940304255708,22.289406680039423],[114.20938144250393,22.289470556460817]]]},"properties":{"OBJECTID":43389,"Shape__Length":97.917058922924923,"Shape__Area":299.04263760462874,"GeoRefNo":"3961216718","DateCreate":1201536000000,"BuildingBlockType":"Tower","BuildingCSUID":"3961216718T20080129","BuildingID":1103120600,"Status":"Active","BuildingNameEN":"Casa 880","BuildingNameTC":null,"BaseHeight":4.5,"TopHeight":141,"Storeys":37,"StoreysInBasement":null,"DateStamp":1599580800000}},{"type":"Feature","id":57784,"geometry":{"type":"Polygon","coordinates":[[[114.21135319753164,22.290585029303806],[114.21135262025835,22.29048118581321],[114.21141628210599,22.290480879305889],[114.21141686114805,22.290585015749325],[114.21149625005815,22.290584998811827],[114.21149626858899,22.290660133700868],[114.21134624503381,22.290660165675614],[114.21134622658313,22.290585030786463],[114.21135319753164,22.290585029303806]]]},"properties":{"OBJECTID":57784,"Shape__Length":70.590751804267356,"Shape__Area":204.17403433741853,"GeoRefNo":"3982416857","DateCreate":1114790400000,"BuildingBlockType":"Tower","BuildingCSUID":"3982416857T20050430","BuildingID":1103120318,"Status":"Active","BuildingNameEN":"Park Office","BuildingNameTC":"公園辦事處","BaseHeight":5,"TopHeight":8.8000000000000007,"Storeys":null,"StoreysInBasement":null,"DateStamp":1439827200000}},{"type":"Feature","id":60170,"geometry":{"type":"Polygon","coordinates":[[[114.20604960388198,22.291901968396374],[114.20600632440511,22.291905182054393],[114.20596441347129,22.291909704895708],[114.20596246940057,22.291893991958535],[114.20594743736447,22.291891890520748],[114.20593364665652,22.291885959874278],[114.20592658055733,22.291878528937509],[114.20592145501219,22.291869842395823],[114.20591855155652,22.291860469128252],[114.20590149210364,22.291861889993037],[114.20589714526491,22.291817785202518],[114.20589500628891,22.291798044640807],[114.20589028012772,22.291749740677332],[114.20591353053887,22.291747271151969],[114.20590512894374,22.291663694228046],[114.20588107298491,22.291665558844581],[114.2058775998628,22.291623097469731],[114.20587609153053,22.291602751742563],[114.2058716761433,22.291555567519222],[114.20589487806592,22.291553405046397],[114.20589492637698,22.291552393607784],[114.20589501352663,22.291551490529727],[114.20589512979026,22.291550596477069],[114.20589527516604,22.291549702419186],[114.20589544965581,22.291548817386719],[114.2058956532577,22.291547932349058],[114.20589587626955,22.291547056338516],[114.20589613809757,22.291546180321049],[114.20589641933739,22.29154532236133],[114.20589672968937,22.29154446439642],[114.20589706915533,22.291543615456902],[114.20589742803121,22.291542775544524],[114.20589781602298,22.291541953688185],[114.20589823312686,22.291541131826637],[114.20589866964258,22.291540328022876],[114.20589913527414,22.291539542275146],[114.20589963001783,22.291538756522165],[114.20590014417331,22.291537988826981],[114.20590067774063,22.291537239189555],[114.2059012404238,22.291536507608168],[114.20590183222097,22.291535785052183],[114.20590243372591,22.291535080555722],[114.2059030643467,22.291534394115281],[114.20590371437744,22.29153371670197],[114.20590438382186,22.291533066377095],[114.20590507267808,22.291532434109957],[114.20590578094614,22.291531819900587],[114.20590650862601,22.291531223748997],[114.20590725571769,22.291530645655168],[114.20590802222306,22.29153009464973],[114.20590880813837,22.291529552671445],[114.20590960376518,22.291529046813903],[114.20591041880195,22.291528549983507],[114.2059112532524,22.291528080241495],[114.20591209741249,22.291527637589635],[114.20591295128035,22.291527212997252],[114.20591382456192,22.291526815493285],[114.20591470755124,22.291526436048798],[114.20591560025207,22.291526092725078],[114.20591650265884,22.291525758430236],[114.20591741477708,22.291525460256157],[114.2059183366031,22.291525180141562],[114.2059192681388,22.291524927117131],[114.20592020938413,22.291524701182801],[114.2059211603391,22.291524502338582],[114.20592211129778,22.291524321555631],[114.20592306226398,22.291524176895166],[114.20592402293794,22.29152405029421],[114.20592499332155,22.291523950783375],[114.20592595400673,22.291523878366156],[114.20592838968754,22.291523715378233],[114.20592739803375,22.29151482039072],[114.2059662814131,22.29151137274674],[114.20596745558144,22.291511273199067],[114.20601089006948,22.29150741834912],[114.20605113198592,22.291503853042411],[114.20621849447227,22.291489012597928],[114.2062931788218,22.291545133419543],[114.20631644862087,22.291542763169783],[114.20635546729956,22.291490477789939],[114.20635433879309,22.291476968180724],[114.20640740919103,22.291472262592706],[114.20643101870303,22.291470298642711],[114.2064819639745,22.291465891428519],[114.20658363122315,22.291456643523144],[114.20663564160671,22.291578565473337],[114.20670047752684,22.291730557024145],[114.20670103094592,22.291731911515946],[114.2067046621555,22.291740815043191],[114.20671032257717,22.29175472116264],[114.20672066726685,22.291846750349993],[114.20616379933314,22.291892275997483],[114.20609175756093,22.291898158908605],[114.2060917964712,22.291898610432789],[114.20604960388198,22.291901968396374]]]},"properties":{"OBJECTID":60170,"Shape__Length":256.22603540502416,"Shape__Area":3415.0967115106941,"GeoRefNo":"3929816975","DateCreate":1142092800000,"BuildingBlockType":"Podium","BuildingCSUID":"3929816975P20060312","BuildingID":1103116782,"Status":"Active","BuildingNameEN":null,"BuildingNameTC":null,"BaseHeight":4.5,"TopHeight":14.6,"Storeys":2,"StoreysInBasement":1,"DateStamp":1599580800000}},{"type":"Feature","id":61618,"geometry":{"type":"Polygon","coordinates":[[[114.20535726236983,22.290903620086812],[114.20528994718843,22.29090077434418],[114.20526687023195,22.290900906262916],[114.20519787727382,22.290900189655702],[114.2051578551379,22.29089956089021],[114.20516771909912,22.290855479872835],[114.20513988688027,22.290849728609412],[114.20514197794706,22.290839377341772],[114.20512283231787,22.29083630846171],[114.20511149520605,22.290897398193675],[114.20506862962122,22.29089539851088],[114.20501922464658,22.290892129524355],[114.20500040075656,22.290889825016432],[114.20495154227726,22.290880549193929],[114.2049097638231,22.290874585739296],[114.20490843361047,22.290882414437998],[114.20488633375592,22.290879162448526],[114.20497707649282,22.290525785851553],[114.20499085836437,22.290464746725025],[114.20511261219508,22.290488255662037],[114.2050998409418,22.290546378543272],[114.20512938417269,22.29055199008263],[114.20512494062774,22.290570319054201],[114.20523676042522,22.290590992658196],[114.20524310742681,22.290560838739346],[114.20538764710936,22.29058727093696],[114.20538986911696,22.290579584580399],[114.20542565422872,22.290586017566984],[114.20542459681141,22.290590433909887],[114.20539402972408,22.29074397925374],[114.20535726236983,22.290903620086812]]]},"properties":{"OBJECTID":61618,"Shape__Length":205.22622087931359,"Shape__Area":1832.9549684641465,"GeoRefNo":"3918216867","DateCreate":1279468800000,"BuildingBlockType":"Tower","BuildingCSUID":"3918216867T20100719","BuildingID":1109959249,"Status":"Active","BuildingNameEN":"Chinese Methodist School, Tanner Hill","BuildingNameTC":"丹拿山循道學校","BaseHeight":12.199999999999999,"TopHeight":41.5,"Storeys":null,"StoreysInBasement":null,"DateStamp":1443542400000}},{"type":"Feature","id":73312,"geometry":{"type":"Polygon","coordinates":[[[114.20566823180818,22.291070232542893],[114.20566283802532,22.291377224721586],[114.20526975777784,22.291371974047841],[114.20527373105078,22.291064873943391],[114.20533351012268,22.2910655437326],[114.20533357222556,22.29106074484746],[114.20562023417278,22.291064799119408],[114.20562015740678,22.291069501018324],[114.20566823180818,22.291070232542893]]]},"properties":{"OBJECTID":73312,"Shape__Length":150.23073330445766,"Shape__Area":1396.0034557758038,"GeoRefNo":"3921416938","DateCreate":1114790400000,"BuildingBlockType":"Tower","BuildingCSUID":"3921416938T20050430","BuildingID":1103120143,"Status":"Active","BuildingNameEN":"North Point Market","BuildingNameTC":"北角街市","BaseHeight":7.0999999999999996,"TopHeight":22.5,"Storeys":3,"StoreysInBasement":null,"DateStamp":1783612800000}},{"type":"Feature","id":77269,"geometry":{"type":"Polygon","coordinates":[[[114.2076483540358,22.290945508602103],[114.20747721412953,22.291008125589741],[114.20739185978044,22.290803969904157],[114.20756322443543,22.290741891097557],[114.2076483540358,22.290945508602103]]]},"properties":{"OBJECTID":77269,"Shape__Length":86.351920364572806,"Shape__Area":459.08082015541709,"GeoRefNo":"3942516886","DateCreate":1114790400000,"BuildingBlockType":"Tower","BuildingCSUID":"3942516886T20050430","BuildingID":1103120253,"Status":"Active","BuildingNameEN":"Lok's Industrial Building","BuildingNameTC":"駱氏工業大廈","BaseHeight":6.4000000000000004,"TopHeight":55.399999999999999,"Storeys":15,"StoreysInBasement":null,"DateStamp":1599580800000}},{"type":"Feature","id":77980,"geometry":{"type":"Polygon","coordinates":[[[114.2067492375664,22.292313911365618],[114.20669375768038,22.292141217857029],[114.20712674140159,22.292020044522694],[114.20718287181234,22.292193470057057],[114.2067492375664,22.292313911365618]]]},"properties":{"OBJECTID":77980,"Shape__Length":133.24196801879123,"Shape__Area":932.62844932178507,"GeoRefNo":"3936417029","DateCreate":1177430400000,"BuildingBlockType":"Tower","BuildingCSUID":"3936417029T20070425","BuildingID":1103119892,"Status":"Active","BuildingNameEN":null,"BuildingNameTC":null,"BaseHeight":4.2999999999999998,"TopHeight":125.7,"Storeys":33,"StoreysInBasement":null,"DateStamp":1599580800000}},{"type":"Feature","id":78045,"geometry":{"type":"Polygon","coordinates":[[[114.20816111101375,22.292637299410952],[114.20799729807852,22.292166293628505],[114.20801389098339,22.2921614139042],[114.2080035978825,22.292130892373052],[114.20814016737697,22.292099276960418],[114.20827578253137,22.292064284164368],[114.20835998966459,22.292038266402496],[114.20844324762562,22.292009725444846],[114.20852546898368,22.291978691110952],[114.20860656766729,22.291945196110106],[114.20861705574296,22.291979149202518],[114.20863335742068,22.291973998553125],[114.20879833671314,22.292444822860737],[114.20816111101375,22.292637299410952]]]},"properties":{"OBJECTID":78045,"Shape__Length":255.29592804347325,"Shape__Area":3948.838542135702,"GeoRefNo":"3951117029","DateCreate":1114790400000,"BuildingBlockType":"Tower","BuildingCSUID":"3951117029T20050430","BuildingID":1103119861,"Status":"Active","BuildingNameEN":"North Point Government Offices","BuildingNameTC":"北角政府合署","BaseHeight":3.8999999999999999,"TopHeight":96.400000000000006,"Storeys":24,"StoreysInBasement":1,"DateStamp":1789833600000}},{"type":"Feature","id":78046,"geometry":{"type":"Polygon","coordinates":[[[114.20503706205862,22.292570002635063],[114.20498939558487,22.292524185284528],[114.20498787506304,22.292505371959891],[114.20501104298958,22.292483810756202],[114.20490225232439,22.292375264807443],[114.20490072180966,22.292357368452908],[114.20495312832941,22.29231282585188],[114.20494257321826,22.292302811364213],[114.20493724551385,22.292307370042867],[114.20493397708418,22.29230886084245],[114.20493155861384,22.292309268813309],[114.20493032715888,22.29230924319895],[114.20492793082484,22.292308735280031],[114.20492549928487,22.292307841669246],[114.20491429968004,22.292296135042694],[114.20491349566663,22.292295018093665],[114.20491249640679,22.292292929663876],[114.20491209372149,22.292290674696485],[114.20491231364659,22.292288398038153],[114.20491314184918,22.292286245626251],[114.20491429027955,22.292285028009118],[114.20496302073066,22.292243726860644],[114.20496421934024,22.29224304303462],[114.2049653768628,22.29224265063398],[114.20496779872984,22.292242250157443],[114.20496903066373,22.29224224741526],[114.20497145453274,22.292242637117944],[114.20497261386109,22.292243024330666],[114.20497531598761,22.292244588778882],[114.20498710050396,22.292256035127533],[114.20498760469449,22.292257802242847],[114.20498773796571,22.292258940891109],[114.20498760237193,22.29226122494002],[114.20498693856807,22.292263427624352],[114.20498577116548,22.292265848756529],[114.2049796517455,22.292271084870755],[114.20499026744258,22.292281259639122],[114.20504184570562,22.292237420819003],[114.205058312606,22.292242390307472],[114.2051688190645,22.292351869349329],[114.2052181467124,22.292309415983674],[114.20522283578984,22.292305380370966],[114.20524401985452,22.292307413972122],[114.20529378739903,22.292266157876671],[114.20534334546588,22.29231178805362],[114.20548687701027,22.292316071012156],[114.2055336462939,22.292362640717613],[114.20554573758901,22.292352125758573],[114.2055395500376,22.292345359394165],[114.20553882398336,22.292343490635002],[114.20553850953974,22.292341914575868],[114.20553844458324,22.292340312735313],[114.20553863047937,22.292338719068248],[114.20553906335337,22.292337167440216],[114.20553976010818,22.292335745084017],[114.20555210908525,22.292324955547926],[114.20555379973194,22.292324000440853],[114.20555620654089,22.292323519314746],[114.20555743564537,22.292323438724637],[114.20555989120334,22.292323601021785],[114.20556227037982,22.29232418804267],[114.20556391857474,22.29232491227781],[114.20557017806286,22.292330871742344],[114.20560484569934,22.292300723995925],[114.20562898461434,22.29232571088184],[114.20559396296485,22.292355352890823],[114.20560706072817,22.292368834012564],[114.20557273622488,22.292398568186176],[114.20561664005287,22.292439993718691],[114.20561523949729,22.292455340699242],[114.20554252061571,22.292520911212602],[114.20519391342707,22.292515107034468],[114.20508261188053,22.292613785469406],[114.20503706205862,22.292570002635063]]]},"properties":{"OBJECTID":78046,"Shape__Length":234.86066734004606,"Shape__Area":1724.1320607566699,"GeoRefNo":"3917817050","DateCreate":1114790400000,"BuildingBlockType":"Tower","BuildingCSUID":"3917817050T20050430","BuildingID":1103119865,"Status":"Active","BuildingNameEN":"WSD Hong Kong Regional Building (Hong Kong & Islands Regional Office)","BuildingNameTC":"水務署香港區大樓（香港及離島分署）","BaseHeight":4.7000000000000002,"TopHeight":29.600000000000001,"Storeys":null,"StoreysInBasement":null,"DateStamp":1389715200000}},{"type":"Feature","id":78047,"geometry":{"type":"Polygon","coordinates":[[[114.20832592442649,22.291783442170598],[114.20834491003619,22.291828472130852],[114.20808518549502,22.291927734961913],[114.20798226597447,22.291685624569691],[114.20824450709472,22.291590335972035],[114.20825820618749,22.291622827493242],[114.20830282853059,22.291728663181775],[114.20832592442649,22.291783442170598]]]},"properties":{"OBJECTID":78047,"Shape__Length":115.10303729313851,"Shape__Area":827.96025783595371,"GeoRefNo":"3948616984","DateCreate":1114790400000,"BuildingBlockType":"Tower","BuildingCSUID":"3948616984T20050430","BuildingID":1103119955,"Status":"Active","BuildingNameEN":"Prosperity Millennia Plaza","BuildingNameTC":"泓富產業千禧廣場","BaseHeight":4.2000000000000002,"TopHeight":132.59999999999999,"Storeys":32,"StoreysInBasement":null,"DateStamp":1599580800000}},{"type":"Feature","id":78296,"geometry":{"type":"Polygon","coordinates":[[[114.20687973179554,22.291522088630909],[114.20679510208235,22.291553553248086],[114.20677201646478,22.291499859518517],[114.20682279283794,22.291481130651196],[114.206805468555,22.291441764843615],[114.20674786268927,22.291462787840313],[114.20672364597273,22.291405304158538],[114.20687906892782,22.291348319305811],[114.20690791270692,22.291416819017922],[114.20691551473345,22.291434872807766],[114.20694242471335,22.291498779805455],[114.20687973179554,22.291522088630909]]]},"properties":{"OBJECTID":78296,"Shape__Length":81.414183997658725,"Shape__Area":273.06562847873698,"GeoRefNo":"3936116944","DateCreate":1114790400000,"BuildingBlockType":"Tower","BuildingCSUID":"3936116944T20050430","BuildingID":1103120078,"Status":"Active","BuildingNameEN":"Cheung Yuen Mansion","BuildingNameTC":"中原大廈","BaseHeight":5.9000000000000004,"TopHeight":38.399999999999999,"Storeys":10,"StoreysInBasement":null,"DateStamp":1599580800000}},{"type":"Feature","id":78341,"geometry":{"type":"Polygon","coordinates":[[[114.20908508472129,22.29103732644873],[114.20909244061892,22.291038033619781],[114.20909974991773,22.2910390777324],[114.20910699476174,22.291040456171249],[114.20911415748903,22.291042165779118],[114.20912470948431,22.29104534155671],[114.20913159088437,22.291047858828588],[114.20913833009584,22.291050689039619],[114.20914491071737,22.29105382532984],[114.20915131654159,22.291057260026474],[114.20916056373446,22.291062952987048],[114.20916933178995,22.291069267168954],[114.20917757276224,22.291076167813934],[114.20918275146694,22.291081075468199],[114.20918714591394,22.291085649235807],[114.20919167816191,22.29109108196889],[114.20919599976983,22.291096661130261],[114.20920010520481,22.29110237967717],[114.20920584686966,22.291111202987665],[114.20920938983662,22.291117237899019],[114.20921269973961,22.291123386191142],[114.2092172185461,22.291132804050619],[114.20922119058051,22.291142432613249],[114.20922460477379,22.291152244518514],[114.20922745122137,22.291162211683137],[114.20922902947837,22.291168928798385],[114.20923034971679,22.291175693917758],[114.20923122920078,22.291181204680989],[114.20923514427832,22.29119800329978],[114.20923771915977,22.291211544478486],[114.20924023613654,22.291228572934763],[114.20924196953352,22.291245685803158],[114.20924278977854,22.291259415981859],[114.20924310551561,22.29127316414192],[114.2092429164499,22.291286914479826],[114.2092422225774,22.291300650740443],[114.2092410248648,22.291314357119973],[114.20923932456972,22.291328017543638],[114.20923712392032,22.291341616117109],[114.20923373890587,22.291358214268353],[114.20922941573139,22.291374927656943],[114.20922557240523,22.291388207415824],[114.2092213894167,22.291401398290748],[114.20921568682469,22.291417750277667],[114.20920946240729,22.291433936927422],[114.20920482615227,22.291444230687297],[114.20919749911961,22.291458557699375],[114.20918973427466,22.291470509653838],[114.20885260945079,22.291242059454863],[114.20888157871961,22.291218850900492],[114.20891567417803,22.291191189861639],[114.20893949066567,22.291169574685515],[114.20896287299254,22.291147553665215],[114.20898581330016,22.291125134388185],[114.2090107745623,22.291099766298441],[114.20902548026902,22.291084318394315],[114.209039979918,22.291068703011646],[114.20905427137492,22.291052922679444],[114.20906538432754,22.291040308301717],[114.20906838143809,22.29103831284133],[114.20907400284034,22.291036901140988],[114.20908508472129,22.29103732644873]]]},"properties":{"OBJECTID":78341,"Shape__Length":133.27847565462048,"Shape__Area":1098.9533997472663,"GeoRefNo":"3957516918","DateCreate":1114790400000,"BuildingBlockType":"Tower","BuildingCSUID":"3957516918T20050430","BuildingID":1103120108,"Status":"Active","BuildingNameEN":"Hong Kong Funeral Home","BuildingNameTC":"香港殯儀館","BaseHeight":4.2999999999999998,"TopHeight":32.700000000000003,"Storeys":6,"StoreysInBasement":1,"DateStamp":1599580800000}},{"type":"Feature","id":82053,"geometry":{"type":"Polygon","coordinates":[[[114.20601381611694,22.291391925163314],[114.20595006179968,22.291397616878072],[114.20592299774141,22.291399987755547],[114.20592171450807,22.291388871286461],[114.20591639666281,22.291388700657738],[114.20591104955039,22.291387780492215],[114.20590601282322,22.291386164912826],[114.20590123797238,22.291383908111985],[114.20589688026251,22.291381010061947],[114.20589300762929,22.291377506873072],[114.20588970743324,22.291373515927841],[114.20588709615643,22.291369199756716],[114.20588523200799,22.291364486104293],[114.20588406652371,22.291359645898044],[114.2058673758676,22.291360985417633],[114.20586346587267,22.291317539780938],[114.20586115189525,22.291296146644491],[114.20585666901424,22.291250994321643],[114.20584792809215,22.29116862755405],[114.20584345505399,22.291124107372141],[114.2058410247801,22.291103418644443],[114.20583664873232,22.291058636556496],[114.20583372722608,22.291008706751878],[114.20588193568142,22.291003631948715],[114.20592272073921,22.290999380248991],[114.20596222505304,22.290996031831455],[114.20600565937639,22.290992149890943],[114.20605353810707,22.290988149740485],[114.20605254681722,22.290981024755663],[114.20639342639817,22.2909220923741],[114.20644971680792,22.290910242960919],[114.2065058906458,22.290897851712028],[114.20656188000417,22.290885017976805],[114.20661778192253,22.290871741737696],[114.2066735769675,22.290857905600173],[114.20681137540267,22.291184283118959],[114.20668735791689,22.291229359769613],[114.20671199904524,22.29128731378519],[114.20655723179819,22.29134387391888],[114.20638814215971,22.291358507322951],[114.20634818168763,22.291361964294531],[114.20604573189171,22.291388126558648],[114.20601381611694,22.291391925163314]]]},"properties":{"OBJECTID":82053,"Shape__Length":278.92852324834951,"Shape__Area":4287.2799725412624,"GeoRefNo":"3930116915","DateCreate":1142092800000,"BuildingBlockType":"Podium","BuildingCSUID":"3930116915P20060312","BuildingID":1103116808,"Status":"Active","BuildingNameEN":null,"BuildingNameTC":null,"BaseHeight":7.0999999999999996,"TopHeight":18.800000000000001,"Storeys":1,"StoreysInBasement":null,"DateStamp":1599580800000}},{"type":"Feature","id":82230,"geometry":{"type":"Polygon","coordinates":[[[114.20861481918415,22.291443787140494],[114.20860464361968,22.291418422108492],[114.20866564418115,22.291379993876944],[114.20867154338943,22.29137627210228],[114.20869470351758,22.291361294781037],[114.20873356221621,22.291335107365974],[114.20879120357316,22.291375255212753],[114.20876931320778,22.29138374830935],[114.20861481918415,22.291443787140494]]]},"properties":{"OBJECTID":82230,"Shape__Length":46.290389951050322,"Shape__Area":85.485225009893625,"GeoRefNo":"3954716942","DateCreate":1142092800000,"BuildingBlockType":"Podium","BuildingCSUID":"3954716942P20060312","BuildingID":1103116806,"Status":"Active","BuildingNameEN":"HARBOUR PLAZA NORTH POINT","BuildingNameTC":"北角海逸酒店","BaseHeight":4.5999999999999996,"TopHeight":18.100000000000001,"Storeys":null,"StoreysInBasement":2,"DateStamp":1599580800000}},{"type":"Feature","id":82984,"geometry":{"type":"Polygon","coordinates":[[[114.21014419878453,22.288594913905762],[114.21010296416449,22.288582216270779],[114.2100238818352,22.288557876860132],[114.21005910106967,22.288451687532486],[114.21013923139112,22.288476162170689],[114.21018033020465,22.288489175896526],[114.21022777580652,22.288504184074846],[114.21021200844227,22.288550794388129],[114.21019002772977,22.288544378131043],[114.2101799228676,22.288571923622076],[114.21020255383969,22.288578755155662],[114.21019210043659,22.288609660112485],[114.21014419878453,22.288594913905762]]]},"properties":{"OBJECTID":82984,"Shape__Length":65.9417491158556,"Shape__Area":217.15888000327848,"GeoRefNo":"3969416625","DateCreate":1142092800000,"BuildingBlockType":"Podium","BuildingCSUID":"3969416625P20060312","BuildingID":1103116899,"Status":"Active","BuildingNameEN":"WAI FONG COURT","BuildingNameTC":"惠芳閣","BaseHeight":4.2999999999999998,"TopHeight":14.199999999999999,"Storeys":3,"StoreysInBasement":null,"DateStamp":1599580800000}},{"type":"Feature","id":83275,"geometry":{"type":"Polygon","coordinates":[[[114.2116626810385,22.290419024261421],[114.21161542295837,22.290419175365017],[114.21151062079649,22.290419510342954],[114.21151041376562,22.290371737655466],[114.21151044258113,22.29037171633702],[114.21170034799965,22.290371109246301],[114.21170052627957,22.290418903251943],[114.2116626810385,22.290419024261421]]]},"properties":{"OBJECTID":83275,"Shape__Length":49.726380541083898,"Shape__Area":103.58150375502231,"GeoRefNo":"3984716832","DateCreate":1114790400000,"BuildingBlockType":"Tower","BuildingCSUID":"3984716832T20050430","BuildingID":1103120367,"Status":"Active","BuildingNameEN":null,"BuildingNameTC":null,"BaseHeight":5,"TopHeight":10.5,"Storeys":null,"StoreysInBasement":null,"DateStamp":1369238400000}},{"type":"Feature","id":83277,"geometry":{"type":"Polygon","coordinates":[[[114.2063485789497,22.29047517153754],[114.20633019372318,22.290420667738697],[114.20647016629243,22.290380373682311],[114.20647292405376,22.290388618320709],[114.20647604633201,22.290397952527776],[114.20647918628305,22.290407339560698],[114.206482501793,22.290417251782685],[114.20649148217112,22.290444098914751],[114.20644486067008,22.290458135602616],[114.20644155089127,22.290449164189472],[114.2063485789497,22.29047517153754]]]},"properties":{"OBJECTID":83277,"Shape__Length":44.919211161825075,"Shape__Area":101.42193260485575,"GeoRefNo":"3931416836","DateCreate":1114790400000,"BuildingBlockType":"Tower","BuildingCSUID":"3931416836T20050430","BuildingID":1103120357,"Status":"Active","BuildingNameEN":null,"BuildingNameTC":null,"BaseHeight":18.699999999999999,"TopHeight":22.399999999999999,"Storeys":null,"StoreysInBasement":null,"DateStamp":1369238400000}},{"type":"Feature","id":83280,"geometry":{"type":"Polygon","coordinates":[[[114.2116626810385,22.290419024261421],[114.21166275853858,22.290440029750695],[114.21164752944409,22.290442852831216],[114.21162316395923,22.290444469300581],[114.21161551490546,22.29044408253295],[114.21161542295837,22.290419175365017],[114.2116626810385,22.290419024261421]]]},"properties":{"OBJECTID":83280,"Shape__Length":14.860995340467781,"Shape__Area":12.913013132339984,"GeoRefNo":"3985016836","DateCreate":1114790400000,"BuildingBlockType":"Tower","BuildingCSUID":"3985016836T20050430","BuildingID":1103120362,"Status":"Active","BuildingNameEN":null,"BuildingNameTC":null,"BaseHeight":5.0999999999999996,"TopHeight":8.6999999999999993,"Storeys":null,"StoreysInBasement":null,"DateStamp":1369238400000}},{"type":"Feature","id":83281,"geometry":{"type":"Polygon","coordinates":[[[114.21011915995112,22.29019902476081],[114.2101105082717,22.290224327639574],[114.21012106123753,22.290227668613017],[114.21008307676631,22.29033924011873],[114.20998272467672,22.290310260058014],[114.21001361304445,22.290218966851803],[114.20996811477816,22.290206092063563],[114.20993706774843,22.290297077078385],[114.20986412581841,22.290276013105839],[114.20988945309553,22.290199071712525],[114.20992159705182,22.29010142151887],[114.20995742611223,22.289992576291773],[114.20997846911935,22.289998840514173],[114.21003326916166,22.290015153704548],[114.21000383758182,22.290101404730152],[114.21000210798265,22.290106473341904],[114.21004711427528,22.290119951286673],[114.21005339270828,22.290101394593776],[114.21007846608374,22.290027288205874],[114.21017898878563,22.29005751783156],[114.21016405870765,22.290101371902693],[114.21013950599516,22.290173490645802],[114.21012896724631,22.290170342203574],[114.21011915995112,22.29019902476081]]]},"properties":{"OBJECTID":83281,"Shape__Length":157.91993581294975,"Shape__Area":668.70825392848064,"GeoRefNo":"3967416804","DateCreate":1114790400000,"BuildingBlockType":"Tower","BuildingCSUID":"3967416804T20050430","BuildingID":1103120379,"Status":"Active","BuildingNameEN":"Lai King Mansion","BuildingNameTC":"麗景大廈","BaseHeight":4.2000000000000002,"TopHeight":40,"Storeys":12,"StoreysInBasement":null,"DateStamp":1599580800000}},{"type":"Feature","id":83321,"geometry":{"type":"Polygon","coordinates":[[[114.20673227325841,22.291622015073884],[114.20666436599917,22.291645902826797],[114.20663564267484,22.291578568633867],[114.20665140582416,22.291572596495321],[114.20659941438954,22.291450851637187],[114.20672352604024,22.291405348159778],[114.20672364597273,22.291405304158538],[114.20674786268927,22.291462787840313],[114.206712382628,22.291475736165165],[114.20672945545738,22.291515558165695],[114.20675082217588,22.291507676994655],[114.20678104897742,22.291579056971326],[114.20672279229262,22.291600053077342],[114.20673227325841,22.291622015073884]]]},"properties":{"OBJECTID":83321,"Shape__Length":80.958980346002917,"Shape__Area":272.27021272815369,"GeoRefNo":"3933416950","DateCreate":1114790400000,"BuildingBlockType":"Tower","BuildingCSUID":"3933416950T20050430","BuildingID":1103120042,"Status":"Active","BuildingNameEN":null,"BuildingNameTC":"遠東大廈","BaseHeight":5.7000000000000002,"TopHeight":40.600000000000001,"Storeys":10,"StoreysInBasement":null,"DateStamp":1599580800000}},{"type":"Feature","id":83453,"geometry":{"type":"Polygon","coordinates":[[[114.21050921531203,22.28798617199298],[114.21037958666956,22.28798911257061],[114.21037842636899,22.287947158588217],[114.21050803075316,22.287944384270453],[114.21050921531203,22.28798617199298]]]},"properties":{"OBJECTID":83453,"Shape__Length":35.998325454368882,"Shape__Area":61.96986180537268,"GeoRefNo":"3973116564","DateCreate":1114790400000,"BuildingBlockType":"Tower","BuildingCSUID":"3973116564T20050430","BuildingID":1103121079,"Status":"Active","BuildingNameEN":"TOR PO MANSION","BuildingNameTC":"多寶樓","BaseHeight":4.7000000000000002,"TopHeight":31.399999999999999,"Storeys":9,"StoreysInBasement":null,"DateStamp":1599580800000}},{"type":"Feature","id":83455,"geometry":{"type":"Polygon","coordinates":[[[114.21024964670092,22.287949915113291],[114.2102634777072,22.287907861324513],[114.21037726871243,22.287905302316478],[114.21037842636899,22.287947158588217],[114.21024964670092,22.287949915113291]]]},"properties":{"OBJECTID":83455,"Shape__Length":34.510941093397051,"Shape__Area":57.875279993780559,"GeoRefNo":"3971416559","DateCreate":1114790400000,"BuildingBlockType":"Tower","BuildingCSUID":"3971416559T20050430","BuildingID":1103121096,"Status":"Active","BuildingNameEN":"TOR PO MANSION","BuildingNameTC":"多寶樓","BaseHeight":4.9000000000000004,"TopHeight":33,"Storeys":9,"StoreysInBasement":null,"DateStamp":1599580800000}},{"type":"Feature","id":83456,"geometry":{"type":"Polygon","coordinates":[[[114.21038073062377,22.28803047270204],[114.21037958666956,22.28798911257061],[114.21050921531203,22.28798617199298],[114.21051038656081,22.288027485248858],[114.21038073062377,22.28803047270204]]]},"properties":{"OBJECTID":83456,"Shape__Length":35.885853339473428,"Shape__Area":61.192847193605886,"GeoRefNo":"3973116568","DateCreate":1114790400000,"BuildingBlockType":"Tower","BuildingCSUID":"3973116568T20050430","BuildingID":1103121056,"Status":"Active","BuildingNameEN":"TOR PO MANSION","BuildingNameTC":"多寶樓","BaseHeight":4.5999999999999996,"TopHeight":31.399999999999999,"Storeys":9,"StoreysInBasement":null,"DateStamp":1599580800000}},{"type":"Feature","id":83508,"geometry":{"type":"Polygon","coordinates":[[[114.20466487841411,22.287360043835815],[114.20483914680629,22.287364527908007],[114.20485599502628,22.28743450903541],[114.20483969921358,22.287434520517685],[114.20483910888834,22.287454260220468],[114.2048386479259,22.287469675764687],[114.20479402987654,22.287468431451295],[114.20478096349423,22.287468067058331],[114.2047819342215,22.287447871604734],[114.20460193532509,22.287443179844303],[114.20459206529176,22.287746107392831],[114.20481948345568,22.287751735236199],[114.20485896979392,22.287752712309349],[114.20485272046405,22.287946952008888],[114.20468752741455,22.287942022087897],[114.20467517848627,22.287941653589847],[114.2046618189989,22.287941254830951],[114.20464900147171,22.287940872323485],[114.20463640625988,22.287940496459601],[114.20462380289686,22.287940120325199],[114.20458182422752,22.287938867464433],[114.20457491809323,22.287938661301851],[114.2045672882457,22.287938433679429],[114.20456696807999,22.287950046580818],[114.2044991500545,22.287948349651185],[114.20449938332887,22.287932056009272],[114.20447837052313,22.28793098937016],[114.2044931225572,22.287445451025732],[114.20447049778488,22.287444620269319],[114.20447343643177,22.287354112002511],[114.20449587891177,22.287354733098411],[114.20449917131775,22.287246367512861],[114.20447695176958,22.28724584544543],[114.2044774487925,22.287230534741248],[114.20447783421989,22.287218665899868],[114.20447821955021,22.287206797148787],[114.20447860488045,22.287194928307379],[114.20447899030766,22.287183059465956],[114.20447937563777,22.287171190714815],[114.20447976096784,22.287159321873364],[114.20448014639486,22.287147453031871],[114.2044805317248,22.287135584280669],[114.20448081085996,22.287126986893156],[114.20450276915469,22.287127950963622],[114.20450314603161,22.287115544620402],[114.20456166352814,22.287116421170225],[114.20456287160619,22.287084751358467],[114.20457620491888,22.287085200882238],[114.20457692933408,22.287065694146822],[114.20459938629243,22.287051909114009],[114.20462481854553,22.287053038556582],[114.20462447897636,22.287062183933394],[114.20462153597853,22.287141451601592],[114.20462832608446,22.287141508054269],[114.20464044762778,22.287141608836759],[114.2046540597055,22.287180152752875],[114.2046701208498,22.287194828474433],[114.20464371324236,22.287208386802565],[114.20464275686726,22.287245793549594],[114.20461768864837,22.287245077469738],[114.20461346940692,22.287358721077311],[114.20466487841411,22.287360043835815]]]},"properties":{"OBJECTID":83508,"Shape__Length":346.81898521112436,"Shape__Area":2015.6650339020705,"GeoRefNo":"3913016558","DateCreate":1114790400000,"BuildingBlockType":"Tower","BuildingCSUID":"3913016558T20050430","BuildingID":1103121097,"Status":"Active","BuildingNameEN":"Pui Kiu Middle School","BuildingNameTC":"培僑中學","BaseHeight":110.09999999999999,"TopHeight":145.69999999999999,"Storeys":null,"StoreysInBasement":null,"DateStamp":1369238400000}},{"type":"Feature","id":83510,"geometry":{"type":"Polygon","coordinates":[[[114.20345546641686,22.287651800683115],[114.20345021103184,22.287594331163334],[114.2034539379538,22.287593278212846],[114.20345760862354,22.287552423405629],[114.20353027043001,22.287559019541771],[114.20352735906293,22.287586898385619],[114.20358488669311,22.287591443420776],[114.20358821311811,22.287564279462419],[114.2036252948687,22.287567645652924],[114.20365810824715,22.287570624313773],[114.2036544368778,22.287610561071769],[114.20365993675854,22.287612473301508],[114.20364584117002,22.287667485166047],[114.20359151810059,22.287662020215869],[114.20358269658755,22.287745107972274],[114.20349503941816,22.287736915541416],[114.20350361463731,22.28765451650591],[114.20345546641686,22.287651800683115]]]},"properties":{"OBJECTID":83510,"Shape__Length":87.56649762049183,"Shape__Area":289.28480748146268,"GeoRefNo":"3901616530","DateCreate":1114790400000,"BuildingBlockType":"Tower","BuildingCSUID":"3901616530T20050430","BuildingID":1103121219,"Status":"Active","BuildingNameEN":"Pacific Palisades Block 9","BuildingNameTC":"寶馬山花園９座","BaseHeight":109.3,"TopHeight":163.90000000000001,"Storeys":17,"StoreysInBasement":null,"DateStamp":1599580800000}},{"type":"Feature","id":83554,"geometry":{"type":"Polygon","coordinates":[[[114.20381848503879,22.28774033011544],[114.20380397313939,22.287733797784018],[114.20377449798288,22.28772052991274],[114.20373646378421,22.287798393970089],[114.20365332570017,22.287763641705617],[114.203688817208,22.287686040789154],[114.20364584117002,22.287667485166047],[114.20365993675854,22.287612473301508],[114.20366629150148,22.287614682768361],[114.20368132480024,22.287580245048368],[114.20375144545636,22.287609894624946],[114.20374144102152,22.287631482016081],[114.20378762348675,22.287652100038372],[114.20379867414951,22.28762986461329],[114.20380489797546,22.287632496278363],[114.20386335428212,22.287657213679651],[114.20384659116286,22.28768981668026],[114.20385366517334,22.287694639303439],[114.20381848503879,22.28774033011544]]]},"properties":{"OBJECTID":83554,"Shape__Length":86.181052395357526,"Shape__Area":287.28245266057081,"GeoRefNo":"3903516537","DateCreate":1114790400000,"BuildingBlockType":"Tower","BuildingCSUID":"3903516537T20050430","BuildingID":1103121180,"Status":"Active","BuildingNameEN":"Pacific Palisades Block 10","BuildingNameTC":"寶馬山花園１０座","BaseHeight":107.40000000000001,"TopHeight":163.90000000000001,"Storeys":17,"StoreysInBasement":null,"DateStamp":1599580800000}},{"type":"Feature","id":83558,"geometry":{"type":"Polygon","coordinates":[[[114.20403656747926,22.287517995561696],[114.20400523888047,22.287552675807],[114.20407244404221,22.287611604838734],[114.20405904991743,22.287625089092977],[114.20404914002724,22.287635065536467],[114.20403979391212,22.287644474580691],[114.20403044769871,22.287653883624394],[114.20402110158106,22.287663292577221],[114.20401435915774,22.287670080314609],[114.20394701756706,22.287611704949931],[114.20391381993305,22.28764312814155],[114.20390260897439,22.287653739736704],[114.20389612954976,22.287648092068522],[114.20385788813417,22.287614759615952],[114.20386405638838,22.287609476122217],[114.2038393535619,22.287588606567649],[114.20382823113921,22.28757921006174],[114.20387659181736,22.287530793142299],[114.20390457757748,22.28755447536539],[114.20393640165918,22.287520715458477],[114.20390901118623,22.287498335990357],[114.20395923049618,22.287448058335862],[114.20399382198717,22.287479243350631],[114.20399991898978,22.287474886586768],[114.20403656747926,22.287517995561696]]]},"properties":{"OBJECTID":83558,"Shape__Length":90.917551204805449,"Shape__Area":295.86120159929925,"GeoRefNo":"3906116521","DateCreate":1114790400000,"BuildingBlockType":"Tower","BuildingCSUID":"3906116521T20050430","BuildingID":1103121273,"Status":"Active","BuildingNameEN":"Pacific Palisades Block 15","BuildingNameTC":"寶馬山花園１５座","BaseHeight":109.3,"TopHeight":160.90000000000001,"Storeys":15,"StoreysInBasement":null,"DateStamp":1599580800000}},{"type":"Feature","id":83560,"geometry":{"type":"Polygon","coordinates":[[[114.20403656747926,22.287517995561696],[114.20399991898978,22.287474886586768],[114.2040044326537,22.287471661264377],[114.20397921845428,22.287434272086205],[114.20404083713528,22.287397675889206],[114.20405854086535,22.287424233987874],[114.20409457085387,22.287402863186689],[114.20407822577481,22.287375470162729],[114.20413864079254,22.287339588814433],[114.20416286684717,22.28737629027162],[114.20416936982842,22.287373843140152],[114.20419475521993,22.287423083696826],[114.20415230789716,22.287447674658647],[114.20420323018611,22.287522223044117],[114.20413828935648,22.287561552439254],[114.20413265057751,22.287564967326887],[114.20408148220696,22.287491337195345],[114.20403656747926,22.287517995561696]]]},"properties":{"OBJECTID":83560,"Shape__Length":88.166044927092273,"Shape__Area":285.86841990478666,"GeoRefNo":"3907616509","DateCreate":1114790400000,"BuildingBlockType":"Tower","BuildingCSUID":"3907616509T20050430","BuildingID":1103121343,"Status":"Active","BuildingNameEN":"Pacific Palisades Block 16","BuildingNameTC":"寶馬山花園１６座","BaseHeight":118.09999999999999,"TopHeight":161,"Storeys":15,"StoreysInBasement":null,"DateStamp":1599580800000}},{"type":"Feature","id":83561,"geometry":{"type":"Polygon","coordinates":[[[114.20416729265152,22.287562010647722],[114.20416745473672,22.2875536937722],[114.20418719696691,22.287541284709459],[114.2042294181782,22.287542398469522],[114.20422865792095,22.28756298021441],[114.20416729265152,22.287562010647722]]]},"properties":{"OBJECTID":83561,"Shape__Length":16.334157675737707,"Shape__Area":13.255374244805985,"GeoRefNo":"3908516518","DateCreate":1114790400000,"BuildingBlockType":"Tower","BuildingCSUID":"3908516518T20050430","BuildingID":1103121346,"Status":"Active","BuildingNameEN":null,"BuildingNameTC":null,"BaseHeight":118.8,"TopHeight":123,"Storeys":null,"StoreysInBasement":null,"DateStamp":1369238400000}},{"type":"Feature","id":83614,"geometry":{"type":"Polygon","coordinates":[[[114.20666436599917,22.291645902826797],[114.20673227325841,22.291622015073884],[114.20674229452388,22.291645228524459],[114.20680041995593,22.291624815452888],[114.20683184022548,22.291698984036071],[114.20680278544545,22.291709596866333],[114.20681401427285,22.291735859731045],[114.20691697766046,22.29169845506468],[114.20690612011671,22.291671845542794],[114.20685412869793,22.291690839528787],[114.20682960553999,22.291633802666198],[114.20691372500278,22.291602547726693],[114.20697632528777,22.291579288303026],[114.20700405913175,22.291645151982301],[114.20701308529962,22.291666587651715],[114.20704098432833,22.291732843312648],[114.20674735966986,22.291840441062558],[114.20673232251653,22.291805192972586],[114.20671032403294,22.291754721975142],[114.20672550092378,22.291749413417421],[114.20671582451715,22.291725199580323],[114.20670047791508,22.291730557385304],[114.20669797622467,22.291724693087314],[114.20666436599917,22.291645902826797]]]},"properties":{"OBJECTID":83614,"Shape__Length":152.52757200818917,"Shape__Area":585.88724993160235,"GeoRefNo":"3936016982","DateCreate":1114790400000,"BuildingBlockType":"Tower","BuildingCSUID":"3936016982T20050430","BuildingID":1103119990,"Status":"Active","BuildingNameEN":"North Point Mansion","BuildingNameTC":"北角大廈","BaseHeight":4.5,"TopHeight":48.5,"Storeys":15,"StoreysInBasement":null,"DateStamp":1599580800000}},{"type":"Feature","id":83649,"geometry":{"type":"Polygon","coordinates":[[[114.2092534421335,22.289949260191001],[114.20917258073214,22.289925721561598],[114.20917877252502,22.289907191740213],[114.20925965863924,22.289930632650282],[114.2092534421335,22.289949260191001]]]},"properties":{"OBJECTID":83649,"Shape__Length":21.769915377889447,"Shape__Area":18.808779351390886,"GeoRefNo":"3960316782","DateCreate":1114790400000,"BuildingBlockType":"Temporary Structure","BuildingCSUID":"3960316782T20050430","BuildingID":1103120468,"Status":"Active","BuildingNameEN":"MANSION BUILDING","BuildingNameTC":"民新大廈","BaseHeight":4.5,"TopHeight":9.6999999999999993,"Storeys":null,"StoreysInBasement":null,"DateStamp":1447603200000}},{"type":"Feature","id":83678,"geometry":{"type":"Polygon","coordinates":[[[114.20918973427466,22.291470509653838],[114.20918677124752,22.291475584823441],[114.20918531938464,22.291477932984947],[114.2091838257891,22.291480258397605],[114.20918229084891,22.291482560429174],[114.20918074387406,22.291484855419235],[114.20917918476748,22.291487143367803],[114.20917761362617,22.291489424094269],[114.20917603045015,22.291491697688922],[114.20917443533646,22.291493963971121],[114.20917282818802,22.291496222940918],[114.2091712091018,22.291498474507936],[114.20916957817495,22.291500718581887],[114.20916793540738,22.29150295525309],[114.20916628089613,22.291505184340863],[114.20916461454414,22.29150740584527],[114.20916293644848,22.291509619675967],[114.20916124680315,22.291511825832902],[114.2091595454141,22.29151402422584],[114.2091578324754,22.291516214764407],[114.20915610789,22.291518397448641],[114.20915437194897,22.291520572278444],[114.20915262436121,22.291522739073315],[114.20915086551484,22.291524897833167],[114.2091490951188,22.291527048558013],[114.20914731346411,22.291529191157537],[114.20914552055081,22.291531325541413],[114.20914371628183,22.291533451709668],[114.20914190085124,22.291535569571955],[114.20914007425904,22.291537679128254],[114.20913823650518,22.291539780288257],[114.20913638768678,22.291541873051976],[114.20913452790072,22.291543957238773],[114.20913265705011,22.291546032938964],[114.20913077523183,22.291548100062212],[114.20912888254304,22.291550158518209],[114.20912697898368,22.291552208397245],[114.20912506465071,22.291554249428405],[114.2091231395442,22.291556281701961],[114.20912120366414,22.291558305127641],[114.20911925720456,22.291560319705383],[114.2091173000684,22.291562325254592],[114.20911533235272,22.291564321955878],[114.20911335415457,22.291566309538297],[114.20911136547389,22.29156828809214],[114.20910936631068,22.291570257436813],[114.209107356762,22.291572217752915],[114.20910533692484,22.29157416867919],[114.20910330679921,22.291576110486531],[114.2091012939418,22.291578030707242],[114.20897824722725,22.29149573195507],[114.20884490314229,22.291406698294313],[114.20873692882935,22.291332090475496],[114.2087684963488,22.291307423526654],[114.20885260945079,22.291242059454863],[114.20918973427466,22.291470509653838]]]},"properties":{"OBJECTID":83678,"Shape__Length":119.9378754967846,"Shape__Area":680.00581257898068,"GeoRefNo":"3955816933","DateCreate":1114790400000,"BuildingBlockType":"Tower","BuildingCSUID":"3955816933T20050430","BuildingID":1103120065,"Status":"Active","BuildingNameEN":"Wing Wah Industrial Building","BuildingNameTC":"榮華工業大廈","BaseHeight":4.2000000000000002,"TopHeight":83,"Storeys":21,"StoreysInBasement":null,"DateStamp":1599580800000}},{"type":"Feature","id":83692,"geometry":{"type":"Polygon","coordinates":[[[114.20597065901084,22.289684111910049],[114.20595794794659,22.289644762152172],[114.20605087875413,22.289618763973326],[114.20606358984203,22.289658113724037],[114.20597065901084,22.289684111910049]]]},"properties":{"OBJECTID":83692,"Shape__Length":29.099984827291159,"Shape__Area":45.499943901768376,"GeoRefNo":"3927016749","DateCreate":1114790400000,"BuildingBlockType":"Tower","BuildingCSUID":"3927016749T20050430","BuildingID":1103120541,"Status":"Active","BuildingNameEN":null,"BuildingNameTC":null,"BaseHeight":21.199999999999999,"TopHeight":24.100000000000001,"Storeys":null,"StoreysInBasement":null,"DateStamp":1369238400000}},{"type":"Feature","id":83694,"geometry":{"type":"Polygon","coordinates":[[[114.20866087250589,22.289970188204322],[114.20855210424006,22.289938512723833],[114.2085707359534,22.289882510167565],[114.20859524752831,22.289890387663988],[114.20860185967584,22.289871012334952],[114.20861806846754,22.289823515742565],[114.20864406931817,22.289831061606325],[114.20864787962056,22.289832167472355],[114.20870246371568,22.289848008762842],[114.20866087250589,22.289970188204322]]]},"properties":{"OBJECTID":83694,"Shape__Length":51.980548346590879,"Shape__Area":146.40789280283823,"GeoRefNo":"3953816781","DateCreate":1114790400000,"BuildingBlockType":"Tower","BuildingCSUID":"3953816781T20050430","BuildingID":1103120461,"Status":"Active","BuildingNameEN":null,"BuildingNameTC":null,"BaseHeight":5.4000000000000004,"TopHeight":9,"Storeys":null,"StoreysInBasement":null,"DateStamp":1369238400000}},{"type":"Feature","id":83893,"geometry":{"type":"Polygon","coordinates":[[[114.20954807016939,22.288543172271122],[114.20962180656163,22.288564589418435],[114.20960868998509,22.28860372277105],[114.20959944341631,22.288631309864311],[114.20968349284144,22.288655740137127],[114.20968358144354,22.288655765856479],[114.20956049582679,22.289021991696423],[114.20953333289779,22.289014257924205],[114.20950354300957,22.289102005497497],[114.20952446607046,22.289108485274497],[114.20946733043644,22.28927903113448],[114.20937737921024,22.289253555737382],[114.20943061409093,22.289083462223363],[114.20915959586804,22.289004543597819],[114.2091910926513,22.288911675380387],[114.20926126598164,22.288932079622516],[114.20925858954892,22.288940027109337],[114.20934627966528,22.288965990680289],[114.20946977187869,22.28859341638676],[114.20952571833597,22.288609849899622],[114.20954807016939,22.288543172271122]]]},"properties":{"OBJECTID":83893,"Shape__Length":246.73763380907425,"Shape__Area":1617.838131597601,"GeoRefNo":"3963616671","DateCreate":1114790400000,"BuildingBlockType":"Tower","BuildingCSUID":"3963616671T20050430","BuildingID":1103120664,"Status":"Active","BuildingNameEN":"North Point Government Primary School","BuildingNameTC":"北角官立小學","BaseHeight":4.5,"TopHeight":16.399999999999999,"Storeys":4,"StoreysInBasement":null,"DateStamp":1783612800000}},{"type":"Feature","id":83895,"geometry":{"type":"Polygon","coordinates":[[[114.2044007209501,22.289014954470058],[114.20438903078268,22.289059430760609],[114.20434114211811,22.289048731811715],[114.2043470222563,22.289024341979864],[114.20437073081845,22.289029146225943],[114.20437884999622,22.288997696771407],[114.20439196823475,22.289000997135055],[114.2044007209501,22.289014954470058]]]},"properties":{"OBJECTID":83895,"Shape__Length":22.185377894356336,"Shape__Area":22.886010850301837,"GeoRefNo":"3910116682","DateCreate":1114790400000,"BuildingBlockType":"Tower","BuildingCSUID":"3910116682T20050430","BuildingID":1103120710,"Status":"Active","BuildingNameEN":null,"BuildingNameTC":null,"BaseHeight":51.700000000000003,"TopHeight":60.700000000000003,"Storeys":null,"StoreysInBasement":null,"DateStamp":1369238400000}},{"type":"Feature","id":83964,"geometry":{"type":"Polygon","coordinates":[[[114.20974417027092,22.288447165586852],[114.20973350233129,22.288479353539515],[114.20963983661372,22.2884524681829],[114.20965050457279,22.288420280236277],[114.20969501940536,22.28843305760466],[114.20974417027092,22.288447165586852]]]},"properties":{"OBJECTID":83964,"Shape__Length":27.66227740703075,"Shape__Area":37.67721116145777,"GeoRefNo":"3964716617","DateCreate":1114790400000,"BuildingBlockType":"Tower","BuildingCSUID":"3964716617T20050430","BuildingID":1103120837,"Status":"Active","BuildingNameEN":null,"BuildingNameTC":null,"BaseHeight":4.7000000000000002,"TopHeight":7.5999999999999996,"Storeys":1,"StoreysInBasement":null,"DateStamp":1599580800000}},{"type":"Feature","id":83965,"geometry":{"type":"Polygon","coordinates":[[[114.20997145812746,22.288715972140878],[114.20998916165512,22.288662585053942],[114.21010917724269,22.288697400290946],[114.21015767079682,22.288711467734593],[114.21014845064636,22.288738730563402],[114.21007068310972,22.288715694928829],[114.21006820910129,22.288723029659629],[114.21003920860345,22.288714554211058],[114.210032969049,22.288733535699279],[114.20997145812746,22.288715972140878]]]},"properties":{"OBJECTID":83965,"Shape__Length":48.763619980048588,"Shape__Area":79.756485904676737,"GeoRefNo":"3968316644","DateCreate":1114790400000,"BuildingBlockType":"Tower","BuildingCSUID":"3968316644T20050430","BuildingID":1103120787,"Status":"Active","BuildingNameEN":null,"BuildingNameTC":null,"BaseHeight":4.5,"TopHeight":25,"Storeys":5,"StoreysInBasement":null,"DateStamp":1599580800000}},{"type":"Feature","id":83972,"geometry":{"type":"Polygon","coordinates":[[[114.20993661268025,22.288821052318607],[114.20999823818785,22.288839192020575],[114.20999153016518,22.288859598635629],[114.21001963319119,22.288868120603183],[114.2100173130178,22.288875189078713],[114.21009496387026,22.288896883443169],[114.21008648532805,22.288921953118351],[114.20991910945227,22.288873835209003],[114.20991788697445,22.288873483715289],[114.20993661268025,22.288821052318607]]]},"properties":{"OBJECTID":83972,"Shape__Length":48.456097380632428,"Shape__Area":76.269192511291237,"GeoRefNo":"3967516661","DateCreate":1114790400000,"BuildingBlockType":"Tower","BuildingCSUID":"3967516661T20050430","BuildingID":1103120753,"Status":"Active","BuildingNameEN":null,"BuildingNameTC":null,"BaseHeight":4.5,"TopHeight":23.300000000000001,"Storeys":5,"StoreysInBasement":null,"DateStamp":1599580800000}},{"type":"Feature","id":83975,"geometry":{"type":"Polygon","coordinates":[[[114.21010449473758,22.288812958153574],[114.20995382198028,22.288769156022681],[114.20997145812746,22.288715972140878],[114.210032969049,22.288733535699279],[114.21002596101482,22.288754855283539],[114.21005468452377,22.288763125434652],[114.21005256881998,22.288769397909419],[114.21013041848394,22.288792049101836],[114.21012328939776,22.288813128771174],[114.21010591203812,22.288808261124004],[114.21010449473758,22.288812958153574]]]},"properties":{"OBJECTID":83975,"Shape__Length":48.61912268828759,"Shape__Area":76.792219635791525,"GeoRefNo":"3968016650","DateCreate":1114790400000,"BuildingBlockType":"Tower","BuildingCSUID":"3968016650T20050430","BuildingID":1103120776,"Status":"Active","BuildingNameEN":null,"BuildingNameTC":null,"BaseHeight":4.4000000000000004,"TopHeight":26,"Storeys":5,"StoreysInBasement":null,"DateStamp":1599580800000}},{"type":"Feature","id":83977,"geometry":{"type":"Polygon","coordinates":[[[114.20993661268025,22.288821052318607],[114.20995382198028,22.288769156022681],[114.21010449473758,22.288812958153574],[114.2101028697433,22.288818343449826],[114.21011974948445,22.28882359581382],[114.21011280405752,22.288844132343026],[114.21003494334528,22.288821651101021],[114.21003283714285,22.288827895488293],[114.21000434936481,22.288820601044488],[114.20999823818785,22.288839192020575],[114.20993661268025,22.288821052318607]]]},"properties":{"OBJECTID":83977,"Shape__Length":48.102915416708875,"Shape__Area":76.242826388782831,"GeoRefNo":"3967816655","DateCreate":1114790400000,"BuildingBlockType":"Tower","BuildingCSUID":"3967816655T20050430","BuildingID":1103120767,"Status":"Active","BuildingNameEN":null,"BuildingNameTC":null,"BaseHeight":4.5,"TopHeight":24,"Storeys":5,"StoreysInBasement":null,"DateStamp":1599580800000}},{"type":"Feature","id":83978,"geometry":{"type":"Polygon","coordinates":[[[114.20968349284144,22.288655740137127],[114.20959944341631,22.288631309864311],[114.20960868998509,22.28860372277105],[114.20962180656163,22.288564589418435],[114.20954807016939,22.288543172271122],[114.20952583863459,22.288536714975582],[114.20953104258827,22.288521198044407],[114.20952993550139,22.288510453626532],[114.20954271339566,22.288472434456622],[114.20955012345138,22.288474588302964],[114.20955762385611,22.288476768409833],[114.20956961693128,22.288440991791138],[114.20973919861331,22.288490283327494],[114.20970612327245,22.288588523302437],[114.20969222943882,22.288584484819847],[114.20967888330867,22.28862412556516],[114.2096927771458,22.288628163958592],[114.20968349284144,22.288655740137127]]]},"properties":{"OBJECTID":83978,"Shape__Length":80.848087227702379,"Shape__Area":283.81831204632346,"GeoRefNo":"3964516625","DateCreate":1139760000000,"BuildingBlockType":"Tower","BuildingCSUID":"3964516625T20060213","BuildingID":1103120796,"Status":"Active","BuildingNameEN":null,"BuildingNameTC":null,"BaseHeight":4.5,"TopHeight":31.5,"Storeys":null,"StoreysInBasement":null,"DateStamp":1369238400000}},{"type":"Feature","id":83980,"geometry":{"type":"Polygon","coordinates":[[[114.2101965116498,22.288306082731619],[114.21021331102931,22.288311520501562],[114.21025182664187,22.288324523723517],[114.21027504722754,22.288332363124525],[114.21025482076934,22.288386204643597],[114.21028609080855,22.288396585861484],[114.21031594883399,22.288406498404154],[114.21034423433098,22.288415888844177],[114.21041537038556,22.288439505216353],[114.21038457036435,22.288522150048493],[114.21008993980099,22.288425272138365],[114.21008914816559,22.288424874230525],[114.21009575747989,22.288406988620654],[114.21009885994113,22.288398592932506],[114.2101264707825,22.288323874538079],[114.21013133248232,22.288310718173388],[114.21018690038741,22.288329728877844],[114.2101965116498,22.288306082731619]]]},"properties":{"OBJECTID":83980,"Shape__Length":96.731931756433326,"Shape__Area":391.08169488145126,"GeoRefNo":"3969816608","DateCreate":1114790400000,"BuildingBlockType":"Tower","BuildingCSUID":"3969816608T20050430","BuildingID":1103120824,"Status":"Active","BuildingNameEN":"Quarry Bay Station","BuildingNameTC":"鰂魚涌站","BaseHeight":4.4000000000000004,"TopHeight":17.5,"Storeys":null,"StoreysInBasement":null,"DateStamp":1369238400000}},{"type":"Feature","id":83981,"geometry":{"type":"Polygon","coordinates":[[[114.2096927771458,22.288628163958592],[114.20967888330867,22.28862412556516],[114.20969222943882,22.288584484819847],[114.20970612327245,22.288588523302437],[114.2096927771458,22.288628163958592]]]},"properties":{"OBJECTID":83981,"Shape__Length":12.200003314234415,"Shape__Area":6.8999965743907072,"GeoRefNo":"3965016634","DateCreate":1139760000000,"BuildingBlockType":"Tower","BuildingCSUID":"3965016634T20060213","BuildingID":1103120803,"Status":"Active","BuildingNameEN":null,"BuildingNameTC":null,"BaseHeight":4.5999999999999996,"TopHeight":8,"Storeys":null,"StoreysInBasement":null,"DateStamp":1369238400000}},{"type":"Feature","id":84025,"geometry":{"type":"Polygon","coordinates":[[[114.21038429355654,22.288159295592564],[114.21036184341945,22.288182950634301],[114.21035708076415,22.288179185033453],[114.21035490871125,22.28818142128501],[114.21033788241918,22.288168049176281],[114.21033762177746,22.288150147635342],[114.2103514492817,22.288149999838652],[114.21038402682578,22.288149651569015],[114.21038429355654,22.288159295592564]]]},"properties":{"OBJECTID":84025,"Shape__Length":14.601804703056352,"Shape__Area":12.7236019518802,"GeoRefNo":"3971816585","DateCreate":1114790400000,"BuildingBlockType":"Tower","BuildingCSUID":"3971816585T20050430","BuildingID":1103120958,"Status":"Active","BuildingNameEN":"TOR PO MANSION","BuildingNameTC":"多寶樓","BaseHeight":4.5999999999999996,"TopHeight":33.5,"Storeys":null,"StoreysInBasement":null,"DateStamp":1369238400000}},{"type":"Feature","id":84028,"geometry":{"type":"Polygon","coordinates":[[[114.21031560714357,22.288221883089641],[114.21030795589725,22.288214619437341],[114.21029943401818,22.288205694238354],[114.21029139248613,22.288196391820836],[114.21028755795317,22.288191606107493],[114.21028216694337,22.288184433648905],[114.21033538204784,22.288126968732882],[114.2103514309357,22.288127187121127],[114.2103514492817,22.288149999838652],[114.21033762177746,22.288150147635342],[114.21033788241918,22.288168049176281],[114.21035490871125,22.28818142128501],[114.21031560714357,22.288221883089641]]]},"properties":{"OBJECTID":84028,"Shape__Length":29.724574149726166,"Shape__Area":39.839622794751513,"GeoRefNo":"3971516586","DateCreate":1114790400000,"BuildingBlockType":"Tower","BuildingCSUID":"3971516586T20050430","BuildingID":1103120921,"Status":"Active","BuildingNameEN":"TOR PO MANSION","BuildingNameTC":"多寶樓","BaseHeight":4.5999999999999996,"TopHeight":33.200000000000003,"Storeys":9,"StoreysInBasement":null,"DateStamp":1599580800000}},{"type":"Feature","id":84029,"geometry":{"type":"Polygon","coordinates":[[[114.20597738372136,22.288092477674052],[114.20598302523292,22.288041525674359],[114.20602011739662,22.288044623738045],[114.20601883898259,22.288058941668218],[114.20602822211765,22.28806008244538],[114.20603022699281,22.288045468179849],[114.20606475527248,22.288048352036508],[114.20605936118635,22.288099992308918],[114.20612923894353,22.288105450103696],[114.20612021450593,22.288193494037767],[114.20610268551854,22.288191994684098],[114.20608328608846,22.288190335191391],[114.20606401397514,22.288188686690809],[114.20604361620008,22.288186941853112],[114.20602016341729,22.288184935674064],[114.20597337633934,22.288180933489148],[114.20595148832587,22.288179061214386],[114.20593626859883,22.288177759289464],[114.2059165037207,22.288176068596378],[114.20590040985961,22.288174691960844],[114.20590574244459,22.288120042248231],[114.20590688129535,22.288108371763098],[114.20590802411587,22.28809665964603],[114.20590898721453,22.288086789177175],[114.20597738372136,22.288092477674052]]]},"properties":{"OBJECTID":84029,"Shape__Length":79.642578816144052,"Shape__Area":269.19633374988206,"GeoRefNo":"3926716585","DateCreate":1114790400000,"BuildingBlockType":"Tower","BuildingCSUID":"3926716585T20050430","BuildingID":1103120944,"Status":"Active","BuildingNameEN":"Kingsford Gardens Block D","BuildingNameTC":"瓊峰園Ｄ座","BaseHeight":111.90000000000001,"TopHeight":159.09999999999999,"Storeys":16,"StoreysInBasement":null,"DateStamp":1599580800000}},{"type":"Feature","id":84030,"geometry":{"type":"Polygon","coordinates":[[[114.2103829540299,22.288110862443347],[114.21038279565538,22.288105135432293],[114.21038180175394,22.288069199878326],[114.21051151142359,22.288067168034189],[114.21051268257629,22.288108479573847],[114.2103829540299,22.288110862443347]]]},"properties":{"OBJECTID":84030,"Shape__Length":35.93141570214781,"Shape__Area":61.441725322157794,"GeoRefNo":"3973116577","DateCreate":1114790400000,"BuildingBlockType":"Tower","BuildingCSUID":"3973116577T20050430","BuildingID":1103121005,"Status":"Active","BuildingNameEN":"TOR PO MANSION","BuildingNameTC":"多寶樓","BaseHeight":4.5999999999999996,"TopHeight":33.100000000000001,"Storeys":9,"StoreysInBasement":null,"DateStamp":1599580800000}},{"type":"Feature","id":84031,"geometry":{"type":"Polygon","coordinates":[[[114.21038279565538,22.288105135432293],[114.2102842574413,22.288106577915141],[114.21025485825776,22.2881390247878],[114.21025107694247,22.288131133610168],[114.2102474063538,22.288122858517667],[114.21024398930386,22.288114490086464],[114.21024005964566,22.288103854531222],[114.21023685013176,22.288089238216987],[114.2102352435104,22.288080412643794],[114.21023387743823,22.288071552162805],[114.21038180175394,22.288069199878326],[114.21038279565538,22.288105135432293]]]},"properties":{"OBJECTID":84031,"Shape__Length":41.901700287842189,"Shape__Area":67.391617611205092,"GeoRefNo":"3971016577","DateCreate":1114790400000,"BuildingBlockType":"Tower","BuildingCSUID":"3971016577T20050430","BuildingID":1103120983,"Status":"Active","BuildingNameEN":"TOR PO MANSION","BuildingNameTC":"多寶樓","BaseHeight":4.7000000000000002,"TopHeight":32,"Storeys":9,"StoreysInBasement":null,"DateStamp":1599580800000}},{"type":"Feature","id":84032,"geometry":{"type":"Polygon","coordinates":[[[114.20396006241022,22.287866444892295],[114.20400761170974,22.287833078878418],[114.20400966542327,22.287836110658457],[114.2040424905128,22.287820019079948],[114.20406622531837,22.287859704532075],[114.20405067618212,22.287866831584168],[114.20405883735764,22.287883349402719],[114.20411110435323,22.287857601889243],[114.20416989950937,22.287828638536151],[114.20420946124928,22.287899294370568],[114.20419144526909,22.287909177458268],[114.20417025340208,22.287960832974534],[114.20418273082211,22.287982214317353],[114.20411499190546,22.288016187745562],[114.20408260295061,22.287961132540943],[114.20407050972979,22.287967338793507],[114.20410191155044,22.28802308338393],[114.20403379338737,22.288056645496706],[114.2040214316453,22.288036229407133],[114.20396635942676,22.288020437552298],[114.20395608805241,22.28802547276101],[114.20394291289537,22.288031931500583],[114.20390187001186,22.287961506220665],[114.20398899143075,22.287917601365869],[114.20396006241022,22.287866444892295]]]},"properties":{"OBJECTID":84032,"Shape__Length":119.89369032696858,"Shape__Area":470.35169613215976,"GeoRefNo":"3906516556","DateCreate":1114790400000,"BuildingBlockType":"Tower","BuildingCSUID":"3906516556T20050430","BuildingID":1103121037,"Status":"Active","BuildingNameEN":"Pacific Palisades Block 12","BuildingNameTC":"寶馬山花園１２座","BaseHeight":106.2,"TopHeight":164.40000000000001,"Storeys":18,"StoreysInBasement":null,"DateStamp":1599580800000}},{"type":"Feature","id":84033,"geometry":{"type":"Polygon","coordinates":[[[114.2103514492817,22.288149999838652],[114.2103514309357,22.288127187121127],[114.21033538204784,22.288126968732882],[114.21028216694337,22.288184433648905],[114.2102751533107,22.288174199328804],[114.21026665428599,22.288160571333432],[114.21026061028722,22.288150042324126],[114.21025485825776,22.2881390247878],[114.2102842574413,22.288106577915141],[114.21038279565538,22.288105135432293],[114.2103829540299,22.288110862443347],[114.21038402682578,22.288149651569015],[114.2103514492817,22.288149999838652]]]},"properties":{"OBJECTID":84033,"Shape__Length":41.491959114914813,"Shape__Area":62.316507986244048,"GeoRefNo":"3971216582","DateCreate":1114790400000,"BuildingBlockType":"Tower","BuildingCSUID":"3971216582T20050430","BuildingID":1103120954,"Status":"Active","BuildingNameEN":"TOR PO MANSION","BuildingNameTC":"多寶樓","BaseHeight":4.7000000000000002,"TopHeight":32,"Storeys":9,"StoreysInBasement":null,"DateStamp":1599580800000}},{"type":"Feature","id":84034,"geometry":{"type":"Polygon","coordinates":[[[114.21051151142359,22.288067168034189],[114.21038180175394,22.288069199878326],[114.21038073062377,22.28803047270204],[114.21051038656081,22.288027485248858],[114.21051151142359,22.288067168034189]]]},"properties":{"OBJECTID":84034,"Shape__Length":35.419854020528291,"Shape__Area":58.049581199896252,"GeoRefNo":"3973116572","DateCreate":1114790400000,"BuildingBlockType":"Tower","BuildingCSUID":"3973116572T20050430","BuildingID":1103121028,"Status":"Active","BuildingNameEN":"TOR PO MANSION","BuildingNameTC":"多寶樓","BaseHeight":4.5999999999999996,"TopHeight":31.399999999999999,"Storeys":null,"StoreysInBasement":null,"DateStamp":1369238400000}},{"type":"Feature","id":84147,"geometry":{"type":"Polygon","coordinates":[[[114.20369728464007,22.292203891065771],[114.20372421658394,22.292209930530628],[114.20370254847613,22.292297521780522],[114.20367608694141,22.292291835692939],[114.20369728464007,22.292203891065771]]]},"properties":{"OBJECTID":84147,"Shape__Length":25.586879106795948,"Shape__Area":28.17141652048716,"GeoRefNo":"3903217039","DateCreate":1114790400000,"BuildingBlockType":"Tower","BuildingCSUID":"3903217039T20050430","BuildingID":1103119894,"Status":"Active","BuildingNameEN":null,"BuildingNameTC":null,"BaseHeight":4.5999999999999996,"TopHeight":7.9000000000000004,"Storeys":null,"StoreysInBasement":null,"DateStamp":1369238400000}},{"type":"Feature","id":84149,"geometry":{"type":"Polygon","coordinates":[[[114.2075753531573,22.292736352753902],[114.20752118564009,22.292580555224657],[114.20776083973674,22.292508301402552],[114.2077768421989,22.29255544236025],[114.20765465032903,22.292592582470533],[114.20769241342499,22.292701359626825],[114.2075753531573,22.292736352753902]]]},"properties":{"OBJECTID":84149,"Shape__Length":88.141716870043368,"Shape__Area":302.83368259827773,"GeoRefNo":"3943217076","DateCreate":1114790400000,"BuildingBlockType":"Tower","BuildingCSUID":"3943217076T20050430","BuildingID":1103119850,"Status":"Active","BuildingNameEN":null,"BuildingNameTC":null,"BaseHeight":4,"TopHeight":15.6,"Storeys":null,"StoreysInBasement":null,"DateStamp":1369238400000}},{"type":"Feature","id":84152,"geometry":{"type":"Polygon","coordinates":[[[114.20463415827646,22.291893976260308],[114.20459300386045,22.291893246226216],[114.20460358736031,22.291849792031154],[114.20463564594354,22.291850490840062],[114.20463415827646,22.291893976260308]]]},"properties":{"OBJECTID":84152,"Shape__Length":17.297933374157751,"Shape__Area":18.207471606425933,"GeoRefNo":"3912616997","DateCreate":1114790400000,"BuildingBlockType":"Tower","BuildingCSUID":"3912616997T20050430","BuildingID":1103119968,"Status":"Active","BuildingNameEN":"Ruby Court Substation","BuildingNameTC":"寶石樓變壓站","BaseHeight":4.5999999999999996,"TopHeight":8.0999999999999996,"Storeys":null,"StoreysInBasement":null,"DateStamp":1369238400000}},{"type":"Feature","id":84206,"geometry":{"type":"Polygon","coordinates":[[[114.21037613053517,22.287864150068252],[114.21037504472591,22.287824892344553],[114.21050452405761,22.287820685255991],[114.21050566001101,22.287861310386155],[114.21037613053517,22.287864150068252]]]},"properties":{"OBJECTID":84206,"Shape__Length":35.552082568753299,"Shape__Area":59.07141542974626,"GeoRefNo":"3973016550","DateCreate":1114790400000,"BuildingBlockType":"Tower","BuildingCSUID":"3973016550T20050430","BuildingID":1103121132,"Status":"Active","BuildingNameEN":"TOR PO MANSION","BuildingNameTC":"多寶樓","BaseHeight":4.7999999999999998,"TopHeight":31.399999999999999,"Storeys":9,"StoreysInBasement":null,"DateStamp":1599580800000}},{"type":"Feature","id":84209,"geometry":{"type":"Polygon","coordinates":[[[114.21023266948573,22.288033884125763],[114.21023342306678,22.288020339924682],[114.21023455413278,22.288007234805356],[114.21023700585981,22.287991980124627],[114.21037958666956,22.28798911257061],[114.21038073062377,22.28803047270204],[114.21023266948573,22.288033884125763]]]},"properties":{"OBJECTID":84209,"Shape__Length":39.206645906387159,"Shape__Area":69.221953207709959,"GeoRefNo":"3971216569","DateCreate":1114790400000,"BuildingBlockType":"Tower","BuildingCSUID":"3971216569T20050430","BuildingID":1103121049,"Status":"Active","BuildingNameEN":"TOR PO MANSION","BuildingNameTC":"多寶樓","BaseHeight":4.7000000000000002,"TopHeight":33.100000000000001,"Storeys":9,"StoreysInBasement":null,"DateStamp":1599580800000}},{"type":"Feature","id":84210,"geometry":{"type":"Polygon","coordinates":[[[114.21038429355654,22.288159295592564],[114.21038402682578,22.288149651569015],[114.2103829540299,22.288110862443347],[114.21051268257629,22.288108479573847],[114.21051406198707,22.288157137395707],[114.21038429355654,22.288159295592564]]]},"properties":{"OBJECTID":84210,"Shape__Length":37.50145671027979,"Shape__Area":71.912405470940698,"GeoRefNo":"3973116582","DateCreate":1114790400000,"BuildingBlockType":"Tower","BuildingCSUID":"3973116582T20050430","BuildingID":1103120974,"Status":"Active","BuildingNameEN":"TOR PO MANSION","BuildingNameTC":"多寶樓","BaseHeight":4.5999999999999996,"TopHeight":33.100000000000001,"Storeys":9,"StoreysInBasement":null,"DateStamp":1599580800000}},{"type":"Feature","id":84211,"geometry":{"type":"Polygon","coordinates":[[[114.21038180175394,22.288069199878326],[114.21023387743823,22.288071552162805],[114.2102323714586,22.288059105467525],[114.21023233106907,22.288047170868467],[114.21023266948573,22.288033884125763],[114.21038073062377,22.28803047270204],[114.21038180175394,22.288069199878326]]]},"properties":{"OBJECTID":84211,"Shape__Length":38.979028550678947,"Shape__Area":64.809922515582258,"GeoRefNo":"3971016573","DateCreate":1114790400000,"BuildingBlockType":"Tower","BuildingCSUID":"3971016573T20050430","BuildingID":1103121025,"Status":"Active","BuildingNameEN":"TOR PO MANSION","BuildingNameTC":"多寶樓","BaseHeight":4.7999999999999998,"TopHeight":32,"Storeys":9,"StoreysInBasement":null,"DateStamp":1599580800000}},{"type":"Feature","id":84212,"geometry":{"type":"Polygon","coordinates":[[[114.20997024154013,22.28774449905249],[114.20987295631774,22.288037336923562],[114.20984776200524,22.288113174132377],[114.20966695790993,22.288060999872396],[114.209646863377,22.288055201215883],[114.20955118551294,22.288027591595615],[114.2096736292302,22.287659181159025],[114.20980446328544,22.287696814521812],[114.20986389042241,22.28771390816479],[114.20995757889736,22.287740856785348],[114.20997024154013,22.28774449905249]]]},"properties":{"OBJECTID":84212,"Shape__Length":149.42600356055445,"Shape__Area":1366.7724178071924,"GeoRefNo":"3965616556","DateCreate":1114790400000,"BuildingBlockType":"Tower","BuildingCSUID":"3965616556T20050430","BuildingID":1103121003,"Status":"Active","BuildingNameEN":"Quarry Bay Station","BuildingNameTC":"鰂魚涌站","BaseHeight":4.5999999999999996,"TopHeight":27.5,"Storeys":null,"StoreysInBasement":null,"DateStamp":1369238400000}},{"type":"Feature","id":84213,"geometry":{"type":"Polygon","coordinates":[[[114.21037842636899,22.287947158588217],[114.21037726871243,22.287905302316478],[114.2105068085916,22.287902389031657],[114.21050803075316,22.287944384270453],[114.21037842636899,22.287947158588217]]]},"properties":{"OBJECTID":84213,"Shape__Length":36.001366610834133,"Shape__Area":62.030238326643584,"GeoRefNo":"3973116559","DateCreate":1114790400000,"BuildingBlockType":"Tower","BuildingCSUID":"3973116559T20050430","BuildingID":1103121099,"Status":"Active","BuildingNameEN":"TOR PO MANSION","BuildingNameTC":"多寶樓","BaseHeight":4.7999999999999998,"TopHeight":31.399999999999999,"Storeys":9,"StoreysInBasement":null,"DateStamp":1599580800000}},{"type":"Feature","id":84214,"geometry":{"type":"Polygon","coordinates":[[[114.21037726871243,22.287905302316478],[114.2102634777072,22.287907861324513],[114.21027714017535,22.287866320147515],[114.21037613053517,22.287864150068252],[114.21037726871243,22.287905302316478]]]},"properties":{"OBJECTID":84214,"Shape__Length":31.303058734620823,"Shape__Area":50.028892598402983,"GeoRefNo":"3971316555","DateCreate":1114790400000,"BuildingBlockType":"Tower","BuildingCSUID":"3971316555T20050430","BuildingID":1103121113,"Status":"Active","BuildingNameEN":"TOR PO MANSION","BuildingNameTC":"多寶樓","BaseHeight":5,"TopHeight":32,"Storeys":9,"StoreysInBasement":null,"DateStamp":1599580800000}},{"type":"Feature","id":84215,"geometry":{"type":"Polygon","coordinates":[[[114.21027714017535,22.287866320147515],[114.21028985487317,22.287827660296283],[114.21037504472591,22.287824892344553],[114.21037613053517,22.287864150068252],[114.21027714017535,22.287866320147515]]]},"properties":{"OBJECTID":84215,"Shape__Length":27.81403503858828,"Shape__Area":40.777246404170306,"GeoRefNo":"3971716550","DateCreate":1114790400000,"BuildingBlockType":"Tower","BuildingCSUID":"3971716550T20050430","BuildingID":1103121129,"Status":"Active","BuildingNameEN":"TOR PO MANSION","BuildingNameTC":"多寶樓","BaseHeight":5,"TopHeight":34.899999999999999,"Storeys":9,"StoreysInBasement":null,"DateStamp":1599580800000}},{"type":"Feature","id":84216,"geometry":{"type":"Polygon","coordinates":[[[114.20396006241022,22.287866444892295],[114.20391979008383,22.287832969298037],[114.20386280095546,22.287889243409872],[114.20379732588873,22.28783260787597],[114.20385431426168,22.287775415823454],[114.20381848503879,22.28774033011544],[114.20385366517334,22.287694639303439],[114.20385869607719,22.287698069201713],[114.20388706568576,22.287667981463088],[114.20394292362776,22.287715270422801],[114.20392371688047,22.287734610193336],[114.20396274884195,22.287768085271942],[114.203981812351,22.28774819320758],[114.2040362971432,22.287794319490249],[114.20400422703321,22.287828082346643],[114.20400761170974,22.287833078878418],[114.20396006241022,22.287866444892295]]]},"properties":{"OBJECTID":84216,"Shape__Length":87.126620039071852,"Shape__Area":296.41276056711894,"GeoRefNo":"3905016546","DateCreate":1114790400000,"BuildingBlockType":"Tower","BuildingCSUID":"3905016546T20050430","BuildingID":1103121121,"Status":"Active","BuildingNameEN":"Pacific Palisades Block 11","BuildingNameTC":"寶馬山花園１１座","BaseHeight":106,"TopHeight":163.69999999999999,"Storeys":18,"StoreysInBasement":null,"DateStamp":1599580800000}},{"type":"Feature","id":84218,"geometry":{"type":"Polygon","coordinates":[[[114.2105068085916,22.287902389031657],[114.21037726871243,22.287905302316478],[114.21037613053517,22.287864150068252],[114.21050566001101,22.287861310386155],[114.2105068085916,22.287902389031657]]]},"properties":{"OBJECTID":84218,"Shape__Length":35.81417632356807,"Shape__Area":60.813473487633438,"GeoRefNo":"3973016554","DateCreate":1114790400000,"BuildingBlockType":"Tower","BuildingCSUID":"3973016554T20050430","BuildingID":1103121115,"Status":"Active","BuildingNameEN":"TOR PO MANSION","BuildingNameTC":"多寶樓","BaseHeight":4.7999999999999998,"TopHeight":31.399999999999999,"Storeys":9,"StoreysInBasement":null,"DateStamp":1599580800000}},{"type":"Feature","id":84219,"geometry":{"type":"Polygon","coordinates":[[[114.21037958666956,22.28798911257061],[114.21023700585981,22.287991980124627],[114.21024964670092,22.287949915113291],[114.21037842636899,22.287947158588217],[114.21037958666956,22.28798911257061]]]},"properties":{"OBJECTID":84219,"Shape__Length":37.45534757181327,"Shape__Area":64.859384770666509,"GeoRefNo":"3971116564","DateCreate":1114790400000,"BuildingBlockType":"Tower","BuildingCSUID":"3971116564T20050430","BuildingID":1103121078,"Status":"Active","BuildingNameEN":"TOR PO MANSION","BuildingNameTC":"多寶樓","BaseHeight":4.7999999999999998,"TopHeight":33.100000000000001,"Storeys":9,"StoreysInBasement":null,"DateStamp":1599580800000}},{"type":"Feature","id":93713,"geometry":{"type":"Polygon","coordinates":[[[114.21045396556821,22.290232371589031],[114.21044645031897,22.29020387240033],[114.21047716618021,22.290196756404356],[114.21047744767621,22.290196691235167],[114.21048502161366,22.290225079333595],[114.21048504706083,22.290225174601414],[114.21045396556821,22.290232371589031]]]},"properties":{"OBJECTID":93713,"Shape__Length":13.091753782492184,"Shape__Area":10.711557901578733,"GeoRefNo":"3972916812","DateCreate":1203264000000,"BuildingBlockType":"Open-sided Structure","BuildingCSUID":"3972916812T20080218","BuildingID":1103120403,"Status":"Active","BuildingNameEN":null,"BuildingNameTC":null,"BaseHeight":null,"TopHeight":null,"Storeys":null,"StoreysInBasement":null,"DateStamp":1285516800000}},{"type":"Feature","id":93866,"geometry":{"type":"Polygon","coordinates":[[[114.20537656405411,22.293212409979194],[114.20538157376997,22.293228852236506],[114.20539480907779,22.293272291266693],[114.20539075868626,22.29327338892934],[114.20534027496386,22.293223408703565],[114.20537656405411,22.293212409979194]]]},"properties":{"OBJECTID":93866,"Shape__Length":18.855610458239237,"Shape__Area":15.014400147053319,"GeoRefNo":"3920417146","DateCreate":1181836800000,"BuildingBlockType":"Tower","BuildingCSUID":"3920417146T20070615","BuildingID":1103119826,"Status":"Active","BuildingNameEN":"ICAC BUILDING","BuildingNameTC":"廉政公署大樓","BaseHeight":4.5,"TopHeight":8.1999999999999993,"Storeys":null,"StoreysInBasement":null,"DateStamp":1183910400000}},{"type":"Feature","id":94243,"geometry":{"type":"Polygon","coordinates":[[[114.20494942107044,22.291899568701567],[114.20495063712036,22.291833773168147],[114.20497675609241,22.291834257197152],[114.20497578944598,22.291900036432377],[114.20494942107044,22.291899568701567]]]},"properties":{"OBJECTID":94243,"Shape__Length":19.981427761165271,"Shape__Area":19.70726593659759,"GeoRefNo":"3916216995","DateCreate":1203264000000,"BuildingBlockType":"Open-sided Structure","BuildingCSUID":"3916216995T20080218","BuildingID":1103119965,"Status":"Active","BuildingNameEN":"RUBY COURT","BuildingNameTC":"寶石樓","BaseHeight":null,"TopHeight":null,"Storeys":null,"StoreysInBasement":null,"DateStamp":1285516800000}},{"type":"Feature","id":94254,"geometry":{"type":"Polygon","coordinates":[[[114.20984744744459,22.29177724312331],[114.20988463280386,22.291788325250703],[114.20987143447509,22.291826583377851],[114.20983447305055,22.29181539084772],[114.20984744744459,22.29177724312331]]]},"properties":{"OBJECTID":94254,"Shape__Length":16.90933480824933,"Shape__Area":17.824863425741714,"GeoRefNo":"3966716988","DateCreate":1114790400000,"BuildingBlockType":"Tower","BuildingCSUID":"3966716988T20050430","BuildingID":1103119992,"Status":"Active","BuildingNameEN":null,"BuildingNameTC":null,"BaseHeight":4.7999999999999998,"TopHeight":7.2000000000000002,"Storeys":null,"StoreysInBasement":null,"DateStamp":1285516800000}},{"type":"Feature","id":94357,"geometry":{"type":"Polygon","coordinates":[[[114.21028552313798,22.290911763734456],[114.21026651969002,22.290896226486677],[114.21029991158488,22.290857306640255],[114.21031983742252,22.29087213984694],[114.21028552313798,22.290911763734456]]]},"properties":{"OBJECTID":94357,"Shape__Length":16.386464851286657,"Shape__Area":14.588994845139375,"GeoRefNo":"3971116886","DateCreate":1203264000000,"BuildingBlockType":"Temporary Structure","BuildingCSUID":"3971116886T20080218","BuildingID":1103120274,"Status":"Active","BuildingNameEN":null,"BuildingNameTC":null,"BaseHeight":null,"TopHeight":null,"Storeys":null,"StoreysInBasement":null,"DateStamp":1285516800000}},{"type":"Feature","id":94448,"geometry":{"type":"Polygon","coordinates":[[[114.20649148217112,22.290444098914751],[114.20650004929098,22.290469710912785],[114.20636052479573,22.29051058531137],[114.2063485789497,22.29047517153754],[114.20644155089127,22.290449164189472],[114.20644486067008,22.290458135602616],[114.20649148217112,22.290444098914751]]]},"properties":{"OBJECTID":94448,"Shape__Length":38.258447077519975,"Shape__Area":55.450300891255857,"GeoRefNo":"3931216841","DateCreate":1203264000000,"BuildingBlockType":"Open-sided Structure","BuildingCSUID":"3931216841T20080218","BuildingID":1103120347,"Status":"Active","BuildingNameEN":null,"BuildingNameTC":null,"BaseHeight":null,"TopHeight":null,"Storeys":null,"StoreysInBasement":null,"DateStamp":1285516800000}},{"type":"Feature","id":94530,"geometry":{"type":"Polygon","coordinates":[[[114.2110853942111,22.288227115455875],[114.21108481510936,22.28818260451559],[114.2111131971249,22.288181881581767],[114.21114821223593,22.28818098972253],[114.21119202350521,22.288179873840345],[114.21123970497395,22.288179274039081],[114.21124075628643,22.288224075664893],[114.2110853942111,22.288227115455875]]]},"properties":{"OBJECTID":94530,"Shape__Length":41.871800833333609,"Shape__Area":79.456557354336795,"GeoRefNo":"3980316590","DateCreate":1114790400000,"BuildingBlockType":"Tower","BuildingCSUID":"3980316590T20050430","BuildingID":1103120918,"Status":"Active","BuildingNameEN":"DRAGON VIEW HSE","BuildingNameTC":"龍景大廈","BaseHeight":4.2000000000000002,"TopHeight":10.199999999999999,"Storeys":null,"StoreysInBasement":null,"DateStamp":1285516800000}},{"type":"Feature","id":94653,"geometry":{"type":"Polygon","coordinates":[[[114.20607405242221,22.288272410727192],[114.20603771536847,22.288278283204956],[114.20602726374449,22.288236092454898],[114.20606360697388,22.288230103031701],[114.20607405242221,22.288272410727192]]]},"properties":{"OBJECTID":94653,"Shape__Length":17.205672355282978,"Shape__Area":18.227594936419777,"GeoRefNo":"3927416595","DateCreate":1114790400000,"BuildingBlockType":"Tower","BuildingCSUID":"3927416595T20050430","BuildingID":1103120901,"Status":"Active","BuildingNameEN":null,"BuildingNameTC":null,"BaseHeight":112.3,"TopHeight":115.2,"Storeys":null,"StoreysInBasement":null,"DateStamp":1285516800000}},{"type":"Feature","id":94680,"geometry":{"type":"Polygon","coordinates":[[[114.21041502680214,22.290542624718551],[114.21041491151709,22.290543023083305],[114.21038397941679,22.290535284274881],[114.2103921320352,22.290506916310814],[114.21042263402799,22.29051456462955],[114.21042311615022,22.290514685449846],[114.21041502680214,22.290542624718551]]]},"properties":{"OBJECTID":94680,"Shape__Length":13.109125536039013,"Shape__Area":10.739842771704573,"GeoRefNo":"3972316846","DateCreate":1203264000000,"BuildingBlockType":"Open-sided Structure","BuildingCSUID":"3972316846T20080218","BuildingID":1103120339,"Status":"Active","BuildingNameEN":null,"BuildingNameTC":null,"BaseHeight":null,"TopHeight":null,"Storeys":null,"StoreysInBasement":null,"DateStamp":1285516800000}},{"type":"Feature","id":94796,"geometry":{"type":"Polygon","coordinates":[[[114.20977620805672,22.288385934139125],[114.2096926830726,22.28836274109355],[114.20966160951119,22.288354112656695],[114.2096926585517,22.288257851347662],[114.20970174279211,22.288229687404201],[114.20971825526516,22.288234567281069],[114.20981144396626,22.288262106688293],[114.20981486120817,22.288263116521154],[114.20977620805672,22.288385934139125]]]},"properties":{"OBJECTID":94796,"Shape__Length":53.111795489828715,"Shape__Area":175.2856366908789,"GeoRefNo":"3965416602","DateCreate":1204041600000,"BuildingBlockType":"Open-sided Structure","BuildingCSUID":"3965416602T20080227","BuildingID":1103120865,"Status":"Active","BuildingNameEN":null,"BuildingNameTC":null,"BaseHeight":null,"TopHeight":null,"Storeys":null,"StoreysInBasement":null,"DateStamp":1285516800000}},{"type":"Feature","id":94807,"geometry":{"type":"Polygon","coordinates":[[[114.20413153940906,22.292164838446453],[114.20406901808346,22.292267818926327],[114.20394931924243,22.292205900000003],[114.20397798994351,22.292084165554769],[114.20413153940906,22.292164838446453]]]},"properties":{"OBJECTID":94807,"Shape__Length":59.18102873339744,"Shape__Area":212.26418220323723,"GeoRefNo":"3906617024","DateCreate":1114790400000,"BuildingBlockType":"Tower","BuildingCSUID":"3906617024T20050430","BuildingID":1103119896,"Status":"Active","BuildingNameEN":"North Point Screening Plant Substation","BuildingNameTC":"北角污水隔濾廠變壓站","BaseHeight":5,"TopHeight":9.5,"Storeys":null,"StoreysInBasement":null,"DateStamp":1114790400000}},{"type":"Feature","id":95258,"geometry":{"type":"Polygon","coordinates":[[[114.20817642483692,22.290181739388416],[114.20813591530693,22.290155136932416],[114.20810377840905,22.290199425615494],[114.20809510544481,22.290211378055673],[114.20817514557477,22.290263589797632],[114.20816756784839,22.290272707677808],[114.20816386484181,22.290277163200518],[114.20807819603145,22.290223221727096],[114.20807924745175,22.290221899170103],[114.20808291034854,22.290217291942501],[114.20808842113678,22.290210360146723],[114.2080823163618,22.290205909223719],[114.20812699260803,22.290149398155179],[114.20815251436393,22.290117115606829],[114.20817783823698,22.29010176768389],[114.20824641642369,22.290060213543711],[114.20825892034091,22.290083654628312],[114.20824369890036,22.290101754949873],[114.20817642483692,22.290181739388416]]]},"properties":{"OBJECTID":95258,"Shape__Length":78.271773292956851,"Shape__Area":105.16034066547402,"GeoRefNo":"3949216806","DateCreate":1203955200000,"BuildingBlockType":"Open-sided Structure","BuildingCSUID":"3949216806T20080226","BuildingID":1103120394,"Status":"Active","BuildingNameEN":"SCOUT ASSOCIATION OF HONG KONG HONG KONG ISLAND NORTHERN DISTRICT","BuildingNameTC":"香港童軍總會港島北區","BaseHeight":null,"TopHeight":null,"Storeys":null,"StoreysInBasement":null,"DateStamp":1285516800000}},{"type":"Feature","id":95259,"geometry":{"type":"Polygon","coordinates":[[[114.21204343121119,22.290258469236914],[114.21199440728591,22.290276179079406],[114.21194050835197,22.290146963577392],[114.21198953223903,22.290129253841226],[114.21204343121119,22.290258469236914]]]},"properties":{"OBJECTID":95259,"Shape__Length":41.536093911520155,"Shape__Area":83.17878820735676,"GeoRefNo":"3988716812","DateCreate":1211731200000,"BuildingBlockType":"Open-sided Structure","BuildingCSUID":"3988716812T20080526","BuildingID":1103120395,"Status":"Active","BuildingNameEN":null,"BuildingNameTC":null,"BaseHeight":null,"TopHeight":null,"Storeys":null,"StoreysInBasement":null,"DateStamp":1285516800000}}]}