{"type":"FeatureCollection","features":[{"type":"Feature","id":224304,"geometry":{"type":"Polygon","coordinates":[[[114.1595696970107,22.329699388910495],[114.15946706221543,22.329778921577368],[114.15946514224282,22.329780409431052],[114.15945566575083,22.329769825295124],[114.15939680539417,22.329704089879112],[114.15938236201481,22.329687956272654],[114.15936782556466,22.329671718532243],[114.15935152701832,22.329653515274757],[114.15945610058992,22.329572479656836],[114.15947286693743,22.329591205463601],[114.15952208822877,22.329646179252421],[114.1595696970107,22.329699388910495]]]},"properties":{"OBJECTID":224304,"Shape__Length":64.615489774805184,"Shape__Area":256.40890113338486,"GeoRefNo":"3447821187","DateCreate":1151337600000,"BuildingBlockType":"Podium","BuildingCSUID":"3447821187P20060627","BuildingID":1109609307,"Status":"Active","BuildingNameEN":"LEE LUEN YICK BUILDING","BuildingNameTC":"利聯益大廈","BaseHeight":4,"TopHeight":13,"Storeys":2,"StoreysInBasement":1,"DateStamp":1599580800000}},{"type":"Feature","id":224417,"geometry":{"type":"Polygon","coordinates":[[[114.16030258790344,22.330725254725195],[114.16028786286638,22.330724359195351],[114.16024339655594,22.330721654506782],[114.16024102842358,22.33071899024285],[114.16023719476526,22.330714691293576],[114.16020907804167,22.330683171682818],[114.16019578156366,22.330668260828414],[114.16016541319513,22.330634203385355],[114.16015921141005,22.330627258230258],[114.16019202322546,22.330601822453403],[114.16022280613286,22.330577966813724],[114.16023397961708,22.330569307630423],[114.1602392023222,22.330565262464518],[114.1602822653624,22.330531880806284],[114.16028849627278,22.330538798867995],[114.16031902968004,22.330572729877069],[114.16033240382349,22.330587577515374],[114.1603606661706,22.330618979722349],[114.1603645289514,22.330623269641134],[114.16038661862636,22.330647807974181],[114.16039319894442,22.330655114382232],[114.16035014560586,22.330688441886917],[114.16034492289933,22.330692487056307],[114.16033374941327,22.330701137216572],[114.16030258790344,22.330725254725195]]]},"properties":{"OBJECTID":224417,"Shape__Length":66.136930280167022,"Shape__Area":284.99633400413097,"GeoRefNo":"3455821288","DateCreate":1142006400000,"BuildingBlockType":"Podium","BuildingCSUID":"3455821288P20060311","BuildingID":1108245717,"Status":"Active","BuildingNameEN":"MILAN PLACE","BuildingNameTC":"米蘭軒","BaseHeight":4.2999999999999998,"TopHeight":14.199999999999999,"Storeys":2,"StoreysInBasement":null,"DateStamp":1599580800000}},{"type":"Feature","id":224419,"geometry":{"type":"Polygon","coordinates":[[[114.16317866832111,22.332032897763327],[114.16327764791146,22.332144569194291],[114.16330652264932,22.33217715393927],[114.16331019144174,22.332181281220464],[114.16331047290915,22.332181606344822],[114.16320059280969,22.332266331073033],[114.16310813552985,22.332161496298188],[114.16307563089951,22.332124630714812],[114.1630697589098,22.332117965648223],[114.16310007571659,22.332094271977326],[114.16317866832111,22.332032897763327]]]},"properties":{"OBJECTID":224419,"Shape__Length":71.946506290200958,"Shape__Area":312.56943049133179,"GeoRefNo":"3485821455","DateCreate":1142006400000,"BuildingBlockType":"Podium","BuildingCSUID":"3485821455P20060311","BuildingID":1108245676,"Status":"Active","BuildingNameEN":"YUEN CHEONG COURT","BuildingNameTC":"元昌閣","BaseHeight":5.7000000000000002,"TopHeight":10.300000000000001,"Storeys":null,"StoreysInBasement":null,"DateStamp":1413216000000}},{"type":"Feature","id":224422,"geometry":{"type":"Polygon","coordinates":[[[114.16022221027137,22.332167376071762],[114.16021298791398,22.332174536376293],[114.16018233777363,22.332140000292906],[114.16017104769176,22.332148551091965],[114.15995054733951,22.331902724916013],[114.15982270620982,22.331760208993117],[114.16013202324808,22.33152062373432],[114.16016857273962,22.331492307594939],[114.16036109560392,22.331343187231479],[114.16038593203695,22.331370949758984],[114.16041576373306,22.331347789343223],[114.16042197526947,22.33135473448889],[114.16042570301684,22.331351845080384],[114.16047412390856,22.331405961214688],[114.16054747837984,22.331487939182718],[114.16074498654476,22.331708666295818],[114.16074228498826,22.33173535139295],[114.16071333663325,22.331758087518274],[114.16072755522397,22.331774687138449],[114.16022221027137,22.332167376071762]]]},"properties":{"OBJECTID":224422,"Shape__Length":273.84706757776928,"Shape__Area":4627.0011375763015,"GeoRefNo":"3456021411","DateCreate":1142006400000,"BuildingBlockType":"Podium","BuildingCSUID":"3456021411P20060311","BuildingID":1108245681,"Status":"Active","BuildingNameEN":"CHEUNG SHA WAN GOVERNMENT OFFICES","BuildingNameTC":"長沙灣政府合署","BaseHeight":4.5999999999999996,"TopHeight":19.399999999999999,"Storeys":4,"StoreysInBasement":4,"DateStamp":1789833600000}},{"type":"Feature","id":224447,"geometry":{"type":"Polygon","coordinates":[[[114.16123923518447,22.327457928939214],[114.16125454051398,22.327474700207357],[114.16127132106016,22.327493088090414],[114.16122672539187,22.32752795089295],[114.16116951010666,22.327572682893798],[114.16116918983138,22.32757232163943],[114.1611166839964,22.327514168620354],[114.16105025107532,22.327440589989077],[114.1610799653575,22.327417339122064],[114.16110672858724,22.32739640882372],[114.16115130483048,22.327361546051751],[114.16123923518447,22.327457928939214]]]},"properties":{"OBJECTID":224447,"Shape__Length":65.511160183148178,"Shape__Area":260.7887675122987,"GeoRefNo":"3464920937","DateCreate":1142006400000,"BuildingBlockType":"Podium","BuildingCSUID":"3464920937P20060311","BuildingID":1108245838,"Status":"Active","BuildingNameEN":"KAM FAI BUILDING","BuildingNameTC":"金輝樓","BaseHeight":4,"TopHeight":21.100000000000001,"Storeys":4,"StoreysInBasement":null,"DateStamp":1599580800000}},{"type":"Feature","id":224449,"geometry":{"type":"Polygon","coordinates":[[[114.16342274856132,22.326124360882094],[114.1633589314258,22.325995489116988],[114.16332734376482,22.325925327858837],[114.16337034299785,22.325927489745194],[114.16348665374552,22.325838927363446],[114.16353383032209,22.325802998533863],[114.16366515352034,22.325954939848863],[114.16348206734531,22.326095269226894],[114.16347829130967,22.326097725235549],[114.16347625283608,22.326099016441521],[114.16347420465775,22.326100289585526],[114.16347213706824,22.326101544666713],[114.16347005977399,22.326102781685915],[114.16346796306939,22.326103991611717],[114.1634658566592,22.32610519250612],[114.16346374054511,22.326106366307933],[114.16346160501985,22.326107522046939],[114.163459459789,22.326108668754522],[114.16345730485509,22.326109779338932],[114.16345514021558,22.326110880891925],[114.16345296587136,22.326111964382921],[114.16345077211679,22.326113020780511],[114.16344857836393,22.326114059116918],[114.16344636519989,22.326115079390497],[114.16344414233195,22.326116072571519],[114.16344190975842,22.326117056721085],[114.16343966748101,22.326118013778085],[114.16343741549889,22.326118952773072],[114.16343514410642,22.326119864674638],[114.16343287271566,22.326120758515028],[114.16343059162014,22.326121634293415],[114.1634283008199,22.326122492009755],[114.16342600031579,22.326123322633528],[114.16342274856132,22.326124360882094]]]},"properties":{"OBJECTID":224449,"Shape__Length":103.29707528161822,"Shape__Area":625.97257100612853,"GeoRefNo":"3488920770","DateCreate":1142006400000,"BuildingBlockType":"Podium","BuildingCSUID":"3488920770P20060311","BuildingID":1108245911,"Status":"Active","BuildingNameEN":"GODFREY CENTRE","BuildingNameTC":"嘉福中心","BaseHeight":4.4000000000000004,"TopHeight":12.1,"Storeys":2,"StoreysInBasement":null,"DateStamp":1599580800000}},{"type":"Feature","id":224450,"geometry":{"type":"Polygon","coordinates":[[[114.1633428406091,22.326777979066531],[114.16322893779345,22.326649843593412],[114.16323169463834,22.326647703575784],[114.16329796565412,22.326596424422664],[114.16337161055219,22.326677416851002],[114.16341231503229,22.326724090294622],[114.1633428406091,22.326777979066531]]]},"properties":{"OBJECTID":224450,"Shape__Length":55.384908164348673,"Shape__Area":171.7077635001674,"GeoRefNo":"3487120850","DateCreate":1142006400000,"BuildingBlockType":"Podium","BuildingCSUID":"3487120850P20060311","BuildingID":1108245878,"Status":"Active","BuildingNameEN":"YUE HING BUILDING","BuildingNameTC":"裕興大廈","BaseHeight":4.4000000000000004,"TopHeight":14.1,"Storeys":1,"StoreysInBasement":null,"DateStamp":1599580800000}},{"type":"Feature","id":225345,"geometry":{"type":"Polygon","coordinates":[[[114.15901818955224,22.327511728094699],[114.15908321783721,22.327461296610139],[114.15912678681921,22.327509935048759],[114.15915115784529,22.327537141894659],[114.15917217642411,22.327560606006898],[114.15916200550876,22.327568487876853],[114.15918298703738,22.327591774984093],[114.15914321673982,22.327622594654777],[114.15915992731411,22.32764113960954],[114.15917472618105,22.327629671476195],[114.15918088285788,22.327636503964801],[114.1591514527645,22.327659349853342],[114.15906203480701,22.327560115891728],[114.15901818955224,22.327511728094699]]]},"properties":{"OBJECTID":225345,"Shape__Length":64.045568875012805,"Shape__Area":158.05776297751598,"GeoRefNo":"3443720947","DateCreate":1142006400000,"BuildingBlockType":"Podium","BuildingCSUID":"3443720947P20060311","BuildingID":1108245832,"Status":"Active","BuildingNameEN":"TUNG MING BUILDING","BuildingNameTC":"通明大廈","BaseHeight":3.7999999999999998,"TopHeight":18.800000000000001,"Storeys":4,"StoreysInBasement":null,"DateStamp":1599580800000}},{"type":"Feature","id":225391,"geometry":{"type":"Polygon","coordinates":[[[114.16446835465611,22.325904774965835],[114.16444312042822,22.325876904647849],[114.16435714942955,22.325781959493103],[114.16435468424307,22.325779241096669],[114.16457959701469,22.32560451638615],[114.16479911211655,22.325433981151686],[114.16480140263089,22.325436229937985],[114.16489565236829,22.325541795441769],[114.16491287957682,22.325561104105137],[114.16486996477764,22.325594279322662],[114.16472761097106,22.325704342586114],[114.16446835465611,22.325904774965835]]]},"properties":{"OBJECTID":225391,"Shape__Length":155.69059230949694,"Shape__Area":1087.6821519883222,"GeoRefNo":"3500620738","DateCreate":1142006400000,"BuildingBlockType":"Podium","BuildingCSUID":"3500620738P20060311","BuildingID":1108245925,"Status":"Active","BuildingNameEN":null,"BuildingNameTC":null,"BaseHeight":4.2000000000000002,"TopHeight":11.5,"Storeys":2,"StoreysInBasement":1,"DateStamp":1599580800000}},{"type":"Feature","id":225571,"geometry":{"type":"Polygon","coordinates":[[[114.16186947587211,22.327131695221556],[114.1619830479183,22.327258856308365],[114.16187776235091,22.327340835315443],[114.16183997528648,22.327337002857149],[114.16182728066902,22.327322904938882],[114.16174339726237,22.327229755694962],[114.16186947587211,22.327131695221556]]]},"properties":{"OBJECTID":225571,"Shape__Length":68.791672143058236,"Shape__Area":305.52426500475468,"GeoRefNo":"3472120912","DateCreate":1142006400000,"BuildingBlockType":"Podium","BuildingCSUID":"3472120912P20060311","BuildingID":1108245848,"Status":"Active","BuildingNameEN":"PAO FUNG MANSION","BuildingNameTC":"寶豐大廈","BaseHeight":3.8999999999999999,"TopHeight":14.6,"Storeys":3,"StoreysInBasement":null,"DateStamp":1599580800000}},{"type":"Feature","id":225586,"geometry":{"type":"Polygon","coordinates":[[[114.16471655311508,22.332863177733234],[114.16467994894799,22.332891532547173],[114.16466857970863,22.332878449455325],[114.16470904265036,22.332854677951598],[114.16471655311508,22.332863177733234]]]},"properties":{"OBJECTID":225586,"Shape__Length":12.918465616427559,"Shape__Area":7.5504541708723369,"GeoRefNo":"3501221536","DateCreate":1114790400000,"BuildingBlockType":"Tower","BuildingCSUID":"3501221536T20050430","BuildingID":1108225532,"Status":"Active","BuildingNameEN":null,"BuildingNameTC":null,"BaseHeight":9,"TopHeight":13,"Storeys":null,"StoreysInBasement":null,"DateStamp":1312473600000}},{"type":"Feature","id":225620,"geometry":{"type":"Polygon","coordinates":[[[114.162638717799,22.326540721574304],[114.16261709443165,22.326514747713585],[114.16262387007419,22.326509483475725],[114.16262703462888,22.326507027433539],[114.16264329422783,22.326494386036565],[114.16271686523204,22.326437228847112],[114.16271978710301,22.32643496242429],[114.16276187934299,22.326481401358038],[114.16274959971895,22.326490909499253],[114.16273909848937,22.326479367497377],[114.16265971286171,22.326540876931002],[114.16267021408842,22.326552427968526],[114.16265799269532,22.326561890954885],[114.162638717799,22.326540721574304]]]},"properties":{"OBJECTID":225620,"Shape__Length":44.498012536001241,"Shape__Area":75.495960988952447,"GeoRefNo":"3480620829","DateCreate":1142006400000,"BuildingBlockType":"Podium","BuildingCSUID":"3480620829P20060311","BuildingID":1108245887,"Status":"Active","BuildingNameEN":"KING FAI COURT","BuildingNameTC":"景輝閣","BaseHeight":4.2999999999999998,"TopHeight":9.8000000000000007,"Storeys":2,"StoreysInBasement":null,"DateStamp":1599580800000}},{"type":"Feature","id":225627,"geometry":{"type":"Polygon","coordinates":[[[114.16150520245061,22.326136346108957],[114.16150567923761,22.326125617817038],[114.1615070415022,22.326094814614507],[114.16150916275501,22.326046726940476],[114.16151020391034,22.326023211390833],[114.16154822390547,22.326023928395948],[114.16155388274137,22.326024028265774],[114.16163143693358,22.326025480449758],[114.16163224770415,22.325978051883634],[114.16163278498269,22.325946426818703],[114.16165469226316,22.325947467388573],[114.16166420450725,22.325947919808154],[114.16169812827653,22.325949530422907],[114.16174072954385,22.325951548214963],[114.16174855287989,22.325951919197095],[114.1617482118321,22.325964227855305],[114.16174664307643,22.326020244439647],[114.16174613638417,22.326038459086124],[114.16174418759628,22.326108238248771],[114.1616981072941,22.326144094413571],[114.16154884238983,22.326138093132027],[114.16150520245061,22.326136346108957]]]},"properties":{"OBJECTID":225627,"Shape__Length":89.125717858346235,"Shape__Area":405.52004349297255,"GeoRefNo":"3469820781","DateCreate":1142006400000,"BuildingBlockType":"Podium","BuildingCSUID":"3469820781P20060311","BuildingID":1108245907,"Status":"Active","BuildingNameEN":"KIN FOOK MANSION","BuildingNameTC":"建福大廈","BaseHeight":4.4000000000000004,"TopHeight":19.899999999999999,"Storeys":null,"StoreysInBasement":null,"DateStamp":1413216000000}},{"type":"Feature","id":225628,"geometry":{"type":"Polygon","coordinates":[[[114.1605261347828,22.326879847124378],[114.16045389376727,22.326799256041177],[114.16042151610536,22.326763135841492],[114.16039348794567,22.32673186802953],[114.16050822942641,22.326642841386597],[114.1605398540771,22.326677933632507],[114.16064087668876,22.326790820840777],[114.1605261347828,22.326879847124378]]]},"properties":{"OBJECTID":225628,"Shape__Length":73.458977546458911,"Shape__Area":328.57093999587732,"GeoRefNo":"3458220859","DateCreate":1142006400000,"BuildingBlockType":"Podium","BuildingCSUID":"3458220859P20060311","BuildingID":1108245874,"Status":"Active","BuildingNameEN":"HAI TAN MANSION","BuildingNameTC":"海壇大廈","BaseHeight":3.7999999999999998,"TopHeight":10.9,"Storeys":2,"StoreysInBasement":null,"DateStamp":1599580800000}},{"type":"Feature","id":225783,"geometry":{"type":"Polygon","coordinates":[[[114.16204227905911,22.326963561572779],[114.16217390309718,22.32711101590035],[114.16213988874719,22.327137445345379],[114.1620025304417,22.32724415629859],[114.16187112972204,22.327096575426733],[114.16188603043391,22.327084999590348],[114.16189812573343,22.327075599865346],[114.16191882170034,22.327059509266846],[114.16194156590116,22.327041838501323],[114.16195969913167,22.327027743421581],[114.16197329905148,22.327017178883342],[114.16204227905911,22.326963561572779]]]},"properties":{"OBJECTID":225783,"Shape__Length":88.422799300440062,"Shape__Area":487.87683102206859,"GeoRefNo":"3473720897","DateCreate":1142006400000,"BuildingBlockType":"Podium","BuildingCSUID":"3473720897P20060311","BuildingID":1108245851,"Status":"Active","BuildingNameEN":"YIU CHEONG LUNG BUILDING","BuildingNameTC":"耀昌隆大樓","BaseHeight":4.0999999999999996,"TopHeight":10.1,"Storeys":1,"StoreysInBasement":null,"DateStamp":1599580800000}},{"type":"Feature","id":225788,"geometry":{"type":"Polygon","coordinates":[[[114.16277267075874,22.327471822761652],[114.16268368160638,22.327372713376452],[114.16265987418979,22.327346206528851],[114.16280082379181,22.327236623604442],[114.16282853277755,22.327267709275606],[114.16286542311215,22.327309108661765],[114.16291317385432,22.327362691231794],[114.16277267075874,22.327471822761652]]]},"properties":{"OBJECTID":225788,"Shape__Length":74.04023993305313,"Shape__Area":342.47578649396957,"GeoRefNo":"3481620924","DateCreate":1142006400000,"BuildingBlockType":"Podium","BuildingCSUID":"3481620924P20060311","BuildingID":1108245845,"Status":"Active","BuildingNameEN":"HING GA BUILDING","BuildingNameTC":"興基大廈","BaseHeight":4.2999999999999998,"TopHeight":12.1,"Storeys":2,"StoreysInBasement":1,"DateStamp":1599580800000}},{"type":"Feature","id":225789,"geometry":{"type":"Polygon","coordinates":[[[114.16215785502212,22.328441318940175],[114.16213654179346,22.328417909735286],[114.1621214788958,22.32840137336942],[114.16210038890334,22.328378226066885],[114.16200104378466,22.328269118519607],[114.1621245314205,22.328171752978694],[114.16238168776478,22.328454081201659],[114.1622580641784,22.328551329525261],[114.16217921678708,22.328464764268912],[114.16215785502212,22.328441318940175]]]},"properties":{"OBJECTID":225789,"Shape__Length":115.29402924154736,"Shape__Area":683.29979398236264,"GeoRefNo":"3475521036","DateCreate":1142006400000,"BuildingBlockType":"Podium","BuildingCSUID":"3475521036P20060311","BuildingID":1108245806,"Status":"Active","BuildingNameEN":"NAM CHEONG CENTRE","BuildingNameTC":"南昌中心","BaseHeight":4.0999999999999996,"TopHeight":14.699999999999999,"Storeys":3,"StoreysInBasement":null,"DateStamp":1599580800000}},{"type":"Feature","id":225791,"geometry":{"type":"Polygon","coordinates":[[[114.16039348794567,22.32673186802953],[114.16042151610536,22.326763135841492],[114.16045389376727,22.326799256041177],[114.1605261347828,22.326879847124378],[114.16038348985286,22.326990522680852],[114.16035705190642,22.327011035590498],[114.1602837934261,22.326929309184774],[114.16025145653991,22.326893234470024],[114.16022440580319,22.32686305699194],[114.16039348794567,22.32673186802953]]]},"properties":{"OBJECTID":225791,"Shape__Length":88.038225147277842,"Shape__Area":483.96799437913563,"GeoRefNo":"3456820871","DateCreate":1142006400000,"BuildingBlockType":"Podium","BuildingCSUID":"3456820871P20060311","BuildingID":1108245863,"Status":"Active","BuildingNameEN":"BEVERLY COURT","BuildingNameTC":"普陞閣","BaseHeight":3.7999999999999998,"TopHeight":8.8000000000000007,"Storeys":null,"StoreysInBasement":null,"DateStamp":1413216000000}},{"type":"Feature","id":225796,"geometry":{"type":"Polygon","coordinates":[[[114.16061137704995,22.327881550681482],[114.16055993177463,22.327825043233901],[114.16064572312463,22.327758598367854],[114.1606970912362,22.327815165563468],[114.16061137704995,22.327881550681482]]]},"properties":{"OBJECTID":225796,"Shape__Length":39.390670250361566,"Shape__Area":94.259639530246488,"GeoRefNo":"3459320976","DateCreate":1143043200000,"BuildingBlockType":"Podium","BuildingCSUID":"3459320976P20060323","BuildingID":1108245823,"Status":"Active","BuildingNameEN":null,"BuildingNameTC":null,"BaseHeight":4.0999999999999996,"TopHeight":10.800000000000001,"Storeys":null,"StoreysInBasement":null,"DateStamp":1413216000000}},{"type":"Feature","id":225852,"geometry":{"type":"Polygon","coordinates":[[[114.16285464347958,22.326583734955722],[114.16275091213727,22.326663980798653],[114.16268340140248,22.326589815747045],[114.16270439812541,22.326573553492317],[114.16273324255296,22.326605262391613],[114.1627952813902,22.326557206995005],[114.16276642725293,22.326525489075134],[114.16278722981301,22.326509371282086],[114.16278791889576,22.326510129911021],[114.16285464347958,22.326583734955722]]]},"properties":{"OBJECTID":225852,"Shape__Length":58.554907033330686,"Shape__Area":111.49847801019541,"GeoRefNo":"3481520840","DateCreate":1142006400000,"BuildingBlockType":"Podium","BuildingCSUID":"3481520840P20060311","BuildingID":1108245882,"Status":"Active","BuildingNameEN":"KING FAI COURT","BuildingNameTC":"景輝閣","BaseHeight":4.4000000000000004,"TopHeight":13.199999999999999,"Storeys":2,"StoreysInBasement":null,"DateStamp":1599580800000}},{"type":"Feature","id":226021,"geometry":{"type":"Polygon","coordinates":[[[114.16437562005034,22.326883114516843],[114.16437858028578,22.326885851011806],[114.16430361186713,22.326944363432389],[114.16419565745321,22.326823543874962],[114.16427019872357,22.326765519121981],[114.16437562005034,22.326883114516843]]]},"properties":{"OBJECTID":226021,"Shape__Length":54.87910621608809,"Shape__Area":174.39462649283351,"GeoRefNo":"3497120869","DateCreate":1142006400000,"BuildingBlockType":"Podium","BuildingCSUID":"3497120869P20060311","BuildingID":1108245868,"Status":"Active","BuildingNameEN":"WANG TAK HOUSE","BuildingNameTC":"宏德樓","BaseHeight":4.7000000000000002,"TopHeight":11.5,"Storeys":null,"StoreysInBasement":null,"DateStamp":1413216000000}},{"type":"Feature","id":226693,"geometry":{"type":"Polygon","coordinates":[[[114.16429270693962,22.331991329710419],[114.16426232758208,22.331957282069617],[114.16421015857162,22.331899039802835],[114.16435412070575,22.331788895929161],[114.16440571708573,22.331846533057593],[114.16443609645492,22.331880571641417],[114.16446189464864,22.331909670142373],[114.16441208392439,22.331965683023128],[114.16434106158773,22.33204554401733],[114.16429270693962,22.331991329710419]]]},"properties":{"OBJECTID":226693,"Shape__Length":77.208381331257783,"Shape__Area":369.34702499436577,"GeoRefNo":"3497621429","DateCreate":1142006400000,"BuildingBlockType":"Podium","BuildingCSUID":"3497621429P20060311","BuildingID":1108245683,"Status":"Active","BuildingNameEN":"WEI SUN BUILDING","BuildingNameTC":"威信大廈","BaseHeight":6.7000000000000002,"TopHeight":16.899999999999999,"Storeys":3,"StoreysInBasement":null,"DateStamp":1599580800000}},{"type":"Feature","id":226698,"geometry":{"type":"Polygon","coordinates":[[[114.16450372409001,22.331658099417222],[114.16451898171871,22.331675041946294],[114.16449988711115,22.331689796463394],[114.1644702598808,22.331712713820139],[114.16443197356334,22.331742331199962],[114.16440065720978,22.331766530757044],[114.16437940751146,22.331782982843592],[114.16436142254327,22.331762969694417],[114.16426316045282,22.331653646926451],[114.16440230754435,22.331545444207926],[114.16450065703522,22.331654694655015],[114.16450372409001,22.331658099417222]]]},"properties":{"OBJECTID":226698,"Shape__Length":74.770207784712724,"Shape__Area":349.3920384906221,"GeoRefNo":"3498121402","DateCreate":1142006400000,"BuildingBlockType":"Podium","BuildingCSUID":"3498121402P20060311","BuildingID":1108245692,"Status":"Active","BuildingNameEN":null,"BuildingNameTC":null,"BaseHeight":6.0999999999999996,"TopHeight":11.199999999999999,"Storeys":null,"StoreysInBasement":null,"DateStamp":1413216000000}},{"type":"Feature","id":226700,"geometry":{"type":"Polygon","coordinates":[[[114.15778876790557,22.329755211770127],[114.1577793708416,22.329762525437726],[114.15773533172217,22.329761707502943],[114.15772917861344,22.329754879657514],[114.15768407847837,22.329704844908818],[114.15766537653894,22.329684090419686],[114.15762295508647,22.329637018001403],[114.15765734951989,22.329610101906677],[114.15769596679598,22.329579863048721],[114.15773162320257,22.329551962753495],[114.1577672795962,22.329524053419743],[114.15780167397548,22.329497128263391],[114.15783858263302,22.329468243757802],[114.15787571455425,22.329439169627577],[114.1579084003381,22.32941358980532],[114.1579290194601,22.329397454559444],[114.15794702721145,22.329383359918445],[114.15798118853772,22.329356615308001],[114.15802439618051,22.329404319866221],[114.1580431563806,22.329425038199059],[114.15808837304722,22.329474973526661],[114.15810848229644,22.329497163992762],[114.15811320874676,22.329502384215502],[114.15807897947307,22.329529056600752],[114.15804028465098,22.329559214265998],[114.15800754062562,22.329584730893558],[114.15797033105068,22.329613723769167],[114.15792898598171,22.329645940071938],[114.15789889211823,22.329669388982833],[114.15786317748469,22.329697217062979],[114.15782746283577,22.329725054165731],[114.15778876790557,22.329755211770127]]]},"properties":{"OBJECTID":226700,"Shape__Length":136.75784880603962,"Shape__Area":1010.9135905005488,"GeoRefNo":"3430921170","DateCreate":1142006400000,"BuildingBlockType":"Podium","BuildingCSUID":"3430921170P20060311","BuildingID":1108245750,"Status":"Active","BuildingNameEN":null,"BuildingNameTC":null,"BaseHeight":3.8999999999999999,"TopHeight":14,"Storeys":3,"StoreysInBasement":null,"DateStamp":1599580800000}},{"type":"Feature","id":226701,"geometry":{"type":"Polygon","coordinates":[[[114.15709247467501,22.329541528101572],[114.15706996891004,22.329559284000283],[114.15704652321254,22.329533198559574],[114.15702084175841,22.329504566488769],[114.15701043949392,22.329493009322107],[114.15698551232386,22.329465314441364],[114.15694168684036,22.329415945284858],[114.15708808573619,22.329301281462072],[114.15721614360498,22.329444776988058],[114.15717535241471,22.329476689558014],[114.15717494236023,22.329477010455218],[114.15714447988827,22.32950084234939],[114.15712293493185,22.329517697842537],[114.15709247467501,22.329541528101572]]]},"properties":{"OBJECTID":226701,"Shape__Length":80.709164630920597,"Shape__Area":407.05536252360463,"GeoRefNo":"3422821155","DateCreate":1142006400000,"BuildingBlockType":"Podium","BuildingCSUID":"3422821155P20060311","BuildingID":1108245758,"Status":"Active","BuildingNameEN":"KAM HOI MANSION","BuildingNameTC":"金海大廈","BaseHeight":4,"TopHeight":8.0999999999999996,"Storeys":null,"StoreysInBasement":null,"DateStamp":1413216000000}},{"type":"Feature","id":226702,"geometry":{"type":"Polygon","coordinates":[[[114.16317626177843,22.331526543882216],[114.16310526079575,22.33158166054967],[114.16297345678703,22.331434992702025],[114.16304406941853,22.331380454015459],[114.16317626177843,22.331526543882216]]]},"properties":{"OBJECTID":226702,"Shape__Length":61.297209066734446,"Shape__Area":200.80035198705639,"GeoRefNo":"3484621381","DateCreate":1142006400000,"BuildingBlockType":"Podium","BuildingCSUID":"3484621381P20060311","BuildingID":1108245698,"Status":"Active","BuildingNameEN":"LEE TAT BUILDING","BuildingNameTC":"利達大廈","BaseHeight":5.5,"TopHeight":11.199999999999999,"Storeys":null,"StoreysInBasement":null,"DateStamp":1413216000000}},{"type":"Feature","id":226896,"geometry":{"type":"Polygon","coordinates":[[[114.16275784134872,22.331707968578016],[114.16279003169994,22.331682631560891],[114.16280432824664,22.331698598865259],[114.16286611498802,22.331767615897203],[114.16280431655217,22.331815553912303],[114.16272754897447,22.331875094897359],[114.16270972925001,22.331855045457306],[114.16259690022643,22.331728137870787],[114.16266924112126,22.331672055272143],[114.16273496139512,22.331621110465484],[114.16276219566369,22.331651536857986],[114.16272957815018,22.331677515003744],[114.16275784134872,22.331707968578016]]]},"properties":{"OBJECTID":226896,"Shape__Length":88.072154732599586,"Shape__Area":372.09759300430056,"GeoRefNo":"3481021411","DateCreate":1142006400000,"BuildingBlockType":"Podium","BuildingCSUID":"3481021411P20060311","BuildingID":1108245687,"Status":"Active","BuildingNameEN":"HANG SHING BUILDING","BuildingNameTC":"恒誠大廈","BaseHeight":5.4000000000000004,"TopHeight":20,"Storeys":null,"StoreysInBasement":null,"DateStamp":1413216000000}},{"type":"Feature","id":226897,"geometry":{"type":"Polygon","coordinates":[[[114.16448732449147,22.330940275342009],[114.16448699443838,22.330940537203741],[114.16448612076974,22.330941214430794],[114.16446611374684,22.33095682678103],[114.16444311682807,22.330974777820849],[114.16443077867342,22.330984403477139],[114.16441905403228,22.330971552062337],[114.16440210765772,22.330952992918878],[114.16434572672367,22.330889169466264],[114.16436202549984,22.330876564029182],[114.16447192324577,22.330791576612736],[114.16452870219507,22.330855174287912],[114.16454433825344,22.330872685771585],[114.16455648992897,22.330886295778647],[114.16454005525549,22.330899117958939],[114.16451930077214,22.330915317246937],[114.16448732449147,22.330940275342009]]]},"properties":{"OBJECTID":226897,"Shape__Length":61.156450300589576,"Shape__Area":231.47528749783859,"GeoRefNo":"3498821316","DateCreate":1142006400000,"BuildingBlockType":"Podium","BuildingCSUID":"3498821316P20060311","BuildingID":1108245712,"Status":"Active","BuildingNameEN":"NAM CHEONG MANSION","BuildingNameTC":"南昌苑","BaseHeight":5.5999999999999996,"TopHeight":16.199999999999999,"Storeys":3,"StoreysInBasement":null,"DateStamp":1599580800000}},{"type":"Feature","id":226898,"geometry":{"type":"Polygon","coordinates":[[[114.163713172526,22.332273417223799],[114.16369213622966,22.332289778930623],[114.16369772687133,22.332295224823447],[114.16370709467533,22.332287919843136],[114.16371993553872,22.33230196343424],[114.16374033111431,22.332286315087881],[114.16375303614461,22.332299717494202],[114.16371110917419,22.332332197101483],[114.16370273303194,22.332322786558944],[114.16357931366353,22.332184157111943],[114.16359820457939,22.33216952911577],[114.16363009391304,22.332144824049248],[114.16365721682682,22.332123803065695],[114.1637596037999,22.332237289624778],[114.16372905410219,22.332261055644498],[114.163713172526,22.332273417223799]]]},"properties":{"OBJECTID":226898,"Shape__Length":71.655053709140191,"Shape__Area":190.46868799244621,"GeoRefNo":"3490821463","DateCreate":1142006400000,"BuildingBlockType":"Podium","BuildingCSUID":"3490821463P20060311","BuildingID":1108245672,"Status":"Active","BuildingNameEN":"CHI TAT BUILDING","BuildingNameTC":"置達大廈","BaseHeight":6.2000000000000002,"TopHeight":12.4,"Storeys":null,"StoreysInBasement":null,"DateStamp":1413216000000}},{"type":"Feature","id":226899,"geometry":{"type":"Polygon","coordinates":[[[114.16331019144174,22.332181281220464],[114.16330652264932,22.33217715393927],[114.16327764791146,22.332144569194291],[114.16317866832111,22.332032897763327],[114.16337850860415,22.331874156872313],[114.16351134226437,22.332021980381938],[114.16331019144174,22.332181281220464]]]},"properties":{"OBJECTID":226899,"Shape__Length":96.918109109679861,"Shape__Area":578.53676200056418,"GeoRefNo":"3487421442","DateCreate":1142006400000,"BuildingBlockType":"Podium","BuildingCSUID":"3487421442P20060311","BuildingID":1108245680,"Status":"Active","BuildingNameEN":"UN CHAU STREET MUNICIPAL SERVICES BUILDING","BuildingNameTC":"元州街市政大廈","BaseHeight":5.7000000000000002,"TopHeight":19.100000000000001,"Storeys":4,"StoreysInBasement":null,"DateStamp":1788192000000}},{"type":"Feature","id":226900,"geometry":{"type":"Polygon","coordinates":[[[114.16015695665807,22.329915684254544],[114.16011684488255,22.329946808540839],[114.16007647098567,22.329978122432212],[114.15996757632472,22.329857363221485],[114.1600077657331,22.329826473774986],[114.16004845991584,22.329795214116785],[114.16015695665807,22.329915684254544]]]},"properties":{"OBJECTID":226900,"Shape__Length":56.462357098814905,"Shape__Area":188.27265748449389,"GeoRefNo":"3453521205","DateCreate":1142006400000,"BuildingBlockType":"Podium","BuildingCSUID":"3453521205P20060311","BuildingID":1108245743,"Status":"Active","BuildingNameEN":"GOLD CANYON COURT","BuildingNameTC":"嘉利閣","BaseHeight":4.2000000000000002,"TopHeight":10,"Storeys":2,"StoreysInBasement":null,"DateStamp":1599580800000}},{"type":"Feature","id":226902,"geometry":{"type":"Polygon","coordinates":[[[114.16292950238969,22.330867471094599],[114.16287773229588,22.330907011562243],[114.16282221507578,22.330949405353063],[114.1628120416074,22.330957170773409],[114.16280440321623,22.330948816824794],[114.16272863081231,22.330865954664876],[114.16273998859334,22.330857295325057],[114.1627950786674,22.330815271778778],[114.1628468681605,22.330775767461063],[114.16285573110203,22.330769004319905],[114.16289125081043,22.33074191563384],[114.16292193617859,22.330718501971845],[114.16292768194451,22.330724869024895],[114.16294303633815,22.330741920079397],[114.16296744614488,22.33076901391399],[114.16299592264775,22.330800614352182],[114.16300453159967,22.330810169442106],[114.16294033090641,22.33085920985366],[114.16292950238969,22.330867471094599]]]},"properties":{"OBJECTID":226902,"Shape__Length":77.915503598490687,"Shape__Area":340.63827584242722,"GeoRefNo":"3482421310","DateCreate":1142006400000,"BuildingBlockType":"Podium","BuildingCSUID":"3482421310P20060311","BuildingID":1108245713,"Status":"Active","BuildingNameEN":"HANFAST BUILDING","BuildingNameTC":"恒發大廈","BaseHeight":5.2000000000000002,"TopHeight":13.6,"Storeys":3,"StoreysInBasement":1,"DateStamp":1599580800000}},{"type":"Feature","id":226922,"geometry":{"type":"Polygon","coordinates":[[[114.1633589314258,22.325995489116988],[114.16342274856132,22.326124360882094],[114.1633868640059,22.326123003322063],[114.16332049165588,22.326120478270383],[114.16323321172726,22.326117165778083],[114.16321782708768,22.326116577498762],[114.16319441525704,22.326115690533555],[114.1631953492158,22.326093655980365],[114.16319632210177,22.326070573882305],[114.16319822894523,22.326025457230788],[114.16320188697581,22.325938827118044],[114.16320272364699,22.325919068264067],[114.16328838238368,22.325923374001942],[114.16328674726765,22.325969348583556],[114.16332181646932,22.325970435180217],[114.16332133986172,22.325980748070762],[114.16334514961494,22.325981833723652],[114.16334448832743,22.325994846744383],[114.1633589314258,22.325995489116988]]]},"properties":{"OBJECTID":226922,"Shape__Length":85.123422438527953,"Shape__Area":361.07236250824883,"GeoRefNo":"3486820779","DateCreate":1142006400000,"BuildingBlockType":"Podium","BuildingCSUID":"3486820779P20060311","BuildingID":1108245910,"Status":"Active","BuildingNameEN":"FOK KWAN BUILDING","BuildingNameTC":"福群大廈","BaseHeight":4.4000000000000004,"TopHeight":12.1,"Storeys":2,"StoreysInBasement":null,"DateStamp":1599580800000}},{"type":"Feature","id":226925,"geometry":{"type":"Polygon","coordinates":[[[114.16420436035696,22.326110814551104],[114.16419504152204,22.326118137630896],[114.16417353420667,22.326094403570892],[114.16408103138548,22.325993380177163],[114.16414927229881,22.325940845574941],[114.16418686156408,22.325981946712414],[114.16422428585915,22.326022858185866],[114.16426288453833,22.326065061115429],[114.16425384722346,22.326072077180516],[114.16420436035696,22.326110814551104]]]},"properties":{"OBJECTID":226925,"Shape__Length":54.451931398824215,"Shape__Area":165.0361094952014,"GeoRefNo":"3495920778","DateCreate":1142006400000,"BuildingBlockType":"Podium","BuildingCSUID":"3495920778P20060311","BuildingID":1108245912,"Status":"Active","BuildingNameEN":"CHEONG FOOK MANSION","BuildingNameTC":"昌福大廈","BaseHeight":4.4000000000000004,"TopHeight":10.4,"Storeys":2,"StoreysInBasement":null,"DateStamp":1599580800000}},{"type":"Feature","id":227112,"geometry":{"type":"Polygon","coordinates":[[[114.15905490613636,22.328484838114164],[114.15898682291422,22.328538159934357],[114.15885610386195,22.328392468715688],[114.15892333503496,22.32833902051744],[114.15896892368227,22.328390006265291],[114.15898543408802,22.328408471203286],[114.15899807214876,22.328422363619204],[114.15905490613636,22.328484838114164]]]},"properties":{"OBJECTID":227112,"Shape__Length":60.376789905583379,"Shape__Area":191.90005364583047,"GeoRefNo":"3442321051","DateCreate":1151337600000,"BuildingBlockType":"Podium","BuildingCSUID":"3442321051P20060627","BuildingID":1108245807,"Status":"Active","BuildingNameEN":"HAI TIN MANSION","BuildingNameTC":"海天大廈","BaseHeight":3.7999999999999998,"TopHeight":8.9000000000000004,"Storeys":null,"StoreysInBasement":null,"DateStamp":1413216000000}},{"type":"Feature","id":227116,"geometry":{"type":"Polygon","coordinates":[[[114.16486236436788,22.327190994824313],[114.16482520539617,22.327219754491662],[114.16479997650397,22.327239276747211],[114.16478803670273,22.327248514149659],[114.16469814372982,22.327147473254545],[114.16467539389889,22.327121896931565],[114.16468713955499,22.32711279498151],[114.16474289742554,22.327069587796224],[114.16474936238549,22.32706457630308],[114.16475996086207,22.327076434251737],[114.16486236436788,22.327190994824313]]]},"properties":{"OBJECTID":227116,"Shape__Length":56.285761053473102,"Shape__Area":180.93109549563451,"GeoRefNo":"3502020902","DateCreate":1142006400000,"BuildingBlockType":"Podium","BuildingCSUID":"3502020902P20060311","BuildingID":1108245850,"Status":"Active","BuildingNameEN":"CHEONG FAI BUILDING","BuildingNameTC":"昌輝大廈","BaseHeight":4.9000000000000004,"TopHeight":17,"Storeys":3,"StoreysInBasement":null,"DateStamp":1599580800000}},{"type":"Feature","id":227137,"geometry":{"type":"Polygon","coordinates":[[[114.16407419641664,22.326865625923482],[114.16406579144935,22.326856296666531],[114.16397484123523,22.326755327527216],[114.16418432167526,22.326592694117416],[114.16428252185941,22.326702730411096],[114.16425930234804,22.326720880090186],[114.16426721236428,22.326729378484977],[114.1642669696854,22.326729568108469],[114.16425567056118,22.32673834496206],[114.16424456557969,22.326746959279369],[114.16424439088175,22.326746751562322],[114.16423730593181,22.326738081649378],[114.16421487268785,22.326755626333842],[114.16419157550148,22.326773839211171],[114.16419875754688,22.32678215694078],[114.16419894195128,22.326782364658616],[114.16418542958655,22.326792857146085],[114.16417492644058,22.326801001915026],[114.16417484878386,22.326801056092489],[114.16416730759181,22.326792819609082],[114.1641443501436,22.326810770619076],[114.16412131503196,22.326828784833779],[114.16412925424055,22.32683645242356],[114.16412907951158,22.326836587868666],[114.16411627576045,22.326846520509491],[114.16410439418821,22.326855739805428],[114.16410434565252,22.32685577592396],[114.16409716359009,22.326847665893734],[114.16407419641664,22.326865625923482]]]},"properties":{"OBJECTID":227137,"Shape__Length":95.285238895849162,"Shape__Area":457.45794448760222,"GeoRefNo":"3495520855","DateCreate":1142006400000,"BuildingBlockType":"Podium","BuildingCSUID":"3495520855P20060311","BuildingID":1108245875,"Status":"Active","BuildingNameEN":null,"BuildingNameTC":null,"BaseHeight":4.5999999999999996,"TopHeight":14.699999999999999,"Storeys":null,"StoreysInBasement":null,"DateStamp":1413216000000}},{"type":"Feature","id":227144,"geometry":{"type":"Polygon","coordinates":[[[114.16250319343678,22.326567485340938],[114.16246276280997,22.32659876371315],[114.16243180276193,22.32656387581147],[114.16239295228939,22.32652011013484],[114.16233137196393,22.326450722643695],[114.1624191544999,22.326382061892488],[114.16245403935218,22.326383374425117],[114.16255554755547,22.326497141692613],[114.16256430178473,22.326506949680027],[114.16257129934495,22.326514797875237],[114.16254638089778,22.32653407598313],[114.16250319343678,22.326567485340938]]]},"properties":{"OBJECTID":227144,"Shape__Length":70.128192327369206,"Shape__Area":305.91288199690331,"GeoRefNo":"3478220828","DateCreate":1142006400000,"BuildingBlockType":"Podium","BuildingCSUID":"3478220828P20060311","BuildingID":1108245886,"Status":"Active","BuildingNameEN":"LEE TAK CHEONG BUILDING","BuildingNameTC":"利德昌大廈","BaseHeight":4.2999999999999998,"TopHeight":11.6,"Storeys":2,"StoreysInBasement":null,"DateStamp":1599580800000}},{"type":"Feature","id":227338,"geometry":{"type":"Polygon","coordinates":[[[114.16350548025757,22.326902433992256],[114.16343853936476,22.326954345313915],[114.16343582174297,22.326952295146373],[114.16332521837636,22.326829650612439],[114.16339300374807,22.326777396244513],[114.16350548025757,22.326902433992256]]]},"properties":{"OBJECTID":227338,"Shape__Length":54.191055998983394,"Shape__Area":163.64954100344539,"GeoRefNo":"3488120870","DateCreate":1142006400000,"BuildingBlockType":"Podium","BuildingCSUID":"3488120870P20060311","BuildingID":1108245867,"Status":"Active","BuildingNameEN":"TAI NAM COMMERCIAL BUILDING","BuildingNameTC":"大南商業大廈","BaseHeight":4.5,"TopHeight":18,"Storeys":1,"StoreysInBasement":null,"DateStamp":1599580800000}},{"type":"Feature","id":227506,"geometry":{"type":"Polygon","coordinates":[[[114.16483602594397,22.331481525293913],[114.16483990549216,22.331486856061954],[114.1647509984161,22.331586335124104],[114.1646613985055,22.33168727712858],[114.16466045510381,22.331688349619796],[114.16465945898888,22.331689482070111],[114.16459442285765,22.33161669222795],[114.1645789621912,22.331599388196366],[114.1645597482723,22.331577881137186],[114.16455345033344,22.33157083473019],[114.16455235279483,22.33156960630744],[114.16455472647141,22.331567694713307],[114.16456113293216,22.331562535576126],[114.16462778458136,22.331510834392407],[114.16463710677677,22.331503332035965],[114.16463830046985,22.331502789658771],[114.16470916881994,22.331447420355808],[114.16476539923345,22.331403673283411],[114.16476797322096,22.331406645619836],[114.16483602594397,22.331481525293913]]]},"properties":{"OBJECTID":227506,"Shape__Length":87.022306798628321,"Shape__Area":418.87995072674317,"GeoRefNo":"3501321390","DateCreate":1592928000000,"BuildingBlockType":"Podium","BuildingCSUID":"3501321390P20200624","BuildingID":1810199825,"Status":"Active","BuildingNameEN":null,"BuildingNameTC":null,"BaseHeight":6.9000000000000004,"TopHeight":20.800000000000001,"Storeys":3,"StoreysInBasement":null,"DateStamp":1599580800000}},{"type":"Feature","id":227561,"geometry":{"type":"Polygon","coordinates":[[[114.16236809946817,22.327785843826966],[114.1623507524605,22.327799460400307],[114.16229372184524,22.327844210874257],[114.16218121666849,22.32771796219938],[114.16231016878376,22.327617607880232],[114.16233582989875,22.327646345498568],[114.16235691976983,22.327669980424105],[114.16242235373959,22.327743278481279],[114.16236809946817,22.327785843826966]]]},"properties":{"OBJECTID":227561,"Shape__Length":70.905836606749531,"Shape__Area":314.06098351387971,"GeoRefNo":"3476620966","DateCreate":1142006400000,"BuildingBlockType":"Podium","BuildingCSUID":"3476620966P20060311","BuildingID":1108245824,"Status":"Active","BuildingNameEN":"SIU CHEONG BUILDING","BuildingNameTC":"兆昌大廈","BaseHeight":4.0999999999999996,"TopHeight":11.1,"Storeys":2,"StoreysInBasement":null,"DateStamp":1599580800000}},{"type":"Feature","id":227562,"geometry":{"type":"Polygon","coordinates":[[[114.16377841273939,22.326948033565326],[114.16386417045304,22.327043674351579],[114.16379070637093,22.327100814004972],[114.16368479037894,22.326982802785967],[114.16370012774755,22.326970946869846],[114.16374370333118,22.326937284369631],[114.16375851650072,22.326925843812557],[114.16377841273939,22.326948033565326]]]},"properties":{"OBJECTID":227562,"Shape__Length":53.754659683421167,"Shape__Area":167.8578904929368,"GeoRefNo":"3491820887","DateCreate":1142006400000,"BuildingBlockType":"Podium","BuildingCSUID":"3491820887P20060311","BuildingID":1108245859,"Status":"Active","BuildingNameEN":"KAM NING BUILDING","BuildingNameTC":"金寧大廈","BaseHeight":4.7000000000000002,"TopHeight":16.199999999999999,"Storeys":3,"StoreysInBasement":null,"DateStamp":1599580800000}},{"type":"Feature","id":227563,"geometry":{"type":"Polygon","coordinates":[[[114.15891734210497,22.328592073254995],[114.15885071326466,22.328642748042949],[114.15883265929121,22.328622873697746],[114.15879641655823,22.328582943742365],[114.1587590269796,22.328541750181863],[114.15871906961647,22.328497727495197],[114.15878552851581,22.328446719242045],[114.15882546481991,22.328490758075016],[114.15886283469813,22.328531966789676],[114.15891734210497,22.328592073254995]]]},"properties":{"OBJECTID":227563,"Shape__Length":59.820608821875936,"Shape__Area":186.6327843753688,"GeoRefNo":"3441021060","DateCreate":1151337600000,"BuildingBlockType":"Podium","BuildingCSUID":"3441021060P20060627","BuildingID":1108245803,"Status":"Active","BuildingNameEN":"FU CHEONG BUILDING","BuildingNameTC":"富昌大廈","BaseHeight":3.7999999999999998,"TopHeight":8.3000000000000007,"Storeys":null,"StoreysInBasement":null,"DateStamp":1413216000000}},{"type":"Feature","id":227629,"geometry":{"type":"Polygon","coordinates":[[[114.15928235068991,22.3289352318358],[114.15921717981691,22.32886247438601],[114.15935032873243,22.328759142800763],[114.15935033154761,22.328759140543418],[114.15937904652506,22.328736568171685],[114.15940327331836,22.328763477944317],[114.15941172579105,22.328756833607546],[114.15942489342736,22.328771459510545],[114.15950339618108,22.32885865233672],[114.15947802393305,22.328878351195137],[114.15949576522594,22.328897904306896],[114.15943602539537,22.328944224077951],[114.15942855979458,22.32895001260307],[114.15940747496555,22.328966364724689],[114.15935009353151,22.329010852231129],[114.15930970015542,22.328965758166671],[114.15928235068991,22.3289352318358]]]},"properties":{"OBJECTID":227629,"Shape__Length":88.633601036202265,"Shape__Area":475.99304501661044,"GeoRefNo":"3446321093","DateCreate":1142006400000,"BuildingBlockType":"Podium","BuildingCSUID":"3446321093P20060311","BuildingID":1109261491,"Status":"Active","BuildingNameEN":"CITY REGALIA","BuildingNameTC":"嘉裕居","BaseHeight":4,"TopHeight":16.300000000000001,"Storeys":4,"StoreysInBasement":null,"DateStamp":1599580800000}},{"type":"Feature","id":227742,"geometry":{"type":"Polygon","coordinates":[[[114.16164328501186,22.329644416179686],[114.1616668207726,22.329671537223401],[114.16159567453346,22.329726680320462],[114.16150394766998,22.329626025827729],[114.16147994594208,22.329599690376767],[114.16155437329699,22.329541973922797],[114.16160507460103,22.329600397534126],[114.16164328501186,22.329644416179686]]]},"properties":{"OBJECTID":227742,"Shape__Length":56.398370040596824,"Shape__Area":179.95799649273221,"GeoRefNo":"3469121177","DateCreate":1142006400000,"BuildingBlockType":"Podium","BuildingCSUID":"3469121177P20060311","BuildingID":1108245751,"Status":"Active","BuildingNameEN":"KIN WO COURT","BuildingNameTC":"建和閣","BaseHeight":4.2999999999999998,"TopHeight":10.800000000000001,"Storeys":2,"StoreysInBasement":null,"DateStamp":1599580800000}},{"type":"Feature","id":227743,"geometry":{"type":"Polygon","coordinates":[[[114.16416290951874,22.331104408218252],[114.16416874271454,22.331110811356183],[114.16423019026038,22.331178391984388],[114.16414617213205,22.331243839082699],[114.16408500614889,22.331175662426975],[114.16407920208034,22.331169196074299],[114.16401294062285,22.331095338754203],[114.1640963956569,22.3310307134624],[114.16416290951874,22.331104408218252]]]},"properties":{"OBJECTID":227743,"Shape__Length":65.282205703915025,"Shape__Area":240.31454249842417,"GeoRefNo":"3495421343","DateCreate":1142006400000,"BuildingBlockType":"Podium","BuildingCSUID":"3495421343P20060311","BuildingID":1108245706,"Status":"Active","BuildingNameEN":"LUCKY TIME BUILDING","BuildingNameTC":"福年大廈","BaseHeight":5.7000000000000002,"TopHeight":10.4,"Storeys":null,"StoreysInBasement":null,"DateStamp":1413216000000}},{"type":"Feature","id":227831,"geometry":{"type":"Polygon","coordinates":[[[114.16068338881389,22.332705365277093],[114.16062862959834,22.332644313095109],[114.16059939623321,22.332611718808653],[114.16055113015169,22.332557909774795],[114.16073945066445,22.332411705437067],[114.16078205845702,22.332458560309302],[114.16087192290749,22.332559431726786],[114.1608140259423,22.332604443454137],[114.16078374749688,22.332627874812683],[114.16077233118976,22.332636714619188],[114.16074216922236,22.332660064706172],[114.16068338881389,22.332705365277093]]]},"properties":{"OBJECTID":227831,"Shape__Length":93.105387095026558,"Shape__Area":538.60755649844089,"GeoRefNo":"3460221501","DateCreate":1142006400000,"BuildingBlockType":"Podium","BuildingCSUID":"3460221501P20060311","BuildingID":1108245654,"Status":"Active","BuildingNameEN":"FUK LUNG BUILDING","BuildingNameTC":"福隆大廈","BaseHeight":5,"TopHeight":8.6999999999999993,"Storeys":null,"StoreysInBasement":null,"DateStamp":1413216000000}},{"type":"Feature","id":227832,"geometry":{"type":"Polygon","coordinates":[[[114.16289516144623,22.333001159476382],[114.16303809670126,22.332892145521733],[114.16308547088239,22.332945285474789],[114.16316975644533,22.333039806642748],[114.16302903437834,22.333148224881818],[114.16297571034764,22.333089647996463],[114.16292426929726,22.333033139257338],[114.16289516144623,22.333001159476382]]]},"properties":{"OBJECTID":227832,"Shape__Length":80.448786839029651,"Shape__Area":403.08320249187261,"GeoRefNo":"3484221552","DateCreate":1142006400000,"BuildingBlockType":"Podium","BuildingCSUID":"3484221552P20060311","BuildingID":1108245633,"Status":"Active","BuildingNameEN":"FURAMA BUILDING","BuildingNameTC":"富臨門大廈","BaseHeight":8.0999999999999996,"TopHeight":16.199999999999999,"Storeys":2,"StoreysInBasement":null,"DateStamp":1599580800000}},{"type":"Feature","id":227833,"geometry":{"type":"Polygon","coordinates":[[[114.16086153604111,22.332990189336432],[114.16081233795367,22.332935612691657],[114.16080913508148,22.332932054326882],[114.16078089157278,22.332900733483804],[114.16075460823365,22.332871582065557],[114.1610327445986,22.332656259901107],[114.16105879072248,22.33268537973521],[114.161059537247,22.332684802753846],[114.16114425176738,22.332779512945571],[114.16116083635137,22.332798054238967],[114.16093544857931,22.332972540014492],[114.16090560284566,22.332995645252634],[114.16088247244873,22.33301355179028],[114.16086153604111,22.332990189336432]]]},"properties":{"OBJECTID":227833,"Shape__Length":115.70366669813818,"Shape__Area":765.37214505910299,"GeoRefNo":"3462821532","DateCreate":1234281600000,"BuildingBlockType":"Podium","BuildingCSUID":"3462821532P20090211","BuildingID":1108245641,"Status":"Active","BuildingNameEN":"VISTA","BuildingNameTC":"海峯","BaseHeight":5.0999999999999996,"TopHeight":38.700000000000003,"Storeys":8,"StoreysInBasement":null,"DateStamp":1599580800000}},{"type":"Feature","id":227835,"geometry":{"type":"Polygon","coordinates":[[[114.16054024361419,22.333297439602081],[114.16046988788733,22.333353161479916],[114.16043893641127,22.333319483324402],[114.16042950247464,22.333309214601964],[114.16039937600317,22.333276421518931],[114.16043339076671,22.333249542285749],[114.16054403580972,22.333162102672404],[114.16061369502751,22.333239956859639],[114.16054024361419,22.333297439602081]]]},"properties":{"OBJECTID":227835,"Shape__Length":61.357031047402899,"Shape__Area":217.86353872079022,"GeoRefNo":"3458121578","DateCreate":1142006400000,"BuildingBlockType":"Podium","BuildingCSUID":"3458121578P20060311","BuildingID":1108245621,"Status":"Active","BuildingNameEN":null,"BuildingNameTC":"豐洋閣","BaseHeight":5.4000000000000004,"TopHeight":11,"Storeys":null,"StoreysInBasement":null,"DateStamp":1413216000000}},{"type":"Feature","id":227837,"geometry":{"type":"Polygon","coordinates":[[[114.16119949667464,22.332771998339403],[114.1611670488559,22.33279723486293],[114.16115076057626,22.33277910882488],[114.16114295448702,22.332770422006728],[114.16114593340343,22.332768105138712],[114.16112501425749,22.332744825801189],[114.16111983954808,22.332748850499751],[114.16111126467746,22.332739290077569],[114.16108866986234,22.332714092567965],[114.16105758812543,22.332679432801012],[114.1610658330962,22.332673049976975],[114.16103979920227,22.332643943871624],[114.16104023071054,22.332643613213854],[114.16115027736386,22.332559449867095],[114.16122989299828,22.332648399728214],[114.16128264338643,22.332707329328287],[114.16119949667464,22.332771998339403]]]},"properties":{"OBJECTID":227837,"Shape__Length":75.198898267850197,"Shape__Area":330.29737724236418,"GeoRefNo":"3464821514","DateCreate":1142006400000,"BuildingBlockType":"Podium","BuildingCSUID":"3464821514P20060311","BuildingID":1108245648,"Status":"Active","BuildingNameEN":"YEE WAH COURT","BuildingNameTC":"怡華閣","BaseHeight":5.2000000000000002,"TopHeight":12.5,"Storeys":2,"StoreysInBasement":null,"DateStamp":1599580800000}},{"type":"Feature","id":228051,"geometry":{"type":"Polygon","coordinates":[[[114.16302903437834,22.333148224881818],[114.16288809826406,22.333259433427617],[114.1628178957735,22.333182206892698],[114.16278342058428,22.333144284507121],[114.16275341980838,22.333111284168329],[114.16289516144623,22.333001159476382],[114.16292426929726,22.333033139257338],[114.16297571034764,22.333089647996463],[114.16302903437834,22.333148224881818]]]},"properties":{"OBJECTID":228051,"Shape__Length":80.888932206167041,"Shape__Area":407.51155001886031,"GeoRefNo":"3482721564","DateCreate":1142006400000,"BuildingBlockType":"Podium","BuildingCSUID":"3482721564P20060311","BuildingID":1108245624,"Status":"Active","BuildingNameEN":"WAH SHING BUILDING","BuildingNameTC":"華盛大廈","BaseHeight":8.0999999999999996,"TopHeight":16.5,"Storeys":2,"StoreysInBasement":null,"DateStamp":1599580800000}},{"type":"Feature","id":228052,"geometry":{"type":"Polygon","coordinates":[[[114.16445031328058,22.332802143406749],[114.16442769467082,22.332819588756639],[114.1643830570347,22.332770197095556],[114.16434349563347,22.33272642283357],[114.16430825339538,22.332687426072024],[114.16452981860631,22.332514064942661],[114.16457650414961,22.332565913037378],[114.16465035667446,22.332647916267636],[114.1646163608802,22.332674129481461],[114.16460450797477,22.332683267534165],[114.16457205566296,22.332708288818527],[114.16452578949972,22.332743956101211],[114.16449481270769,22.332767839628904],[114.16448124155011,22.332778296006293],[114.16445031328058,22.332802143406749]]]},"properties":{"OBJECTID":228052,"Shape__Length":98.073858782845633,"Shape__Area":573.15767249626185,"GeoRefNo":"3499121513","DateCreate":1142006400000,"BuildingBlockType":"Podium","BuildingCSUID":"3499121513P20060311","BuildingID":1108245646,"Status":"Active","BuildingNameEN":"SUNNING MANSION","BuildingNameTC":"新寧大樓","BaseHeight":7.0999999999999996,"TopHeight":17.800000000000001,"Storeys":2,"StoreysInBasement":null,"DateStamp":1599580800000}},{"type":"Feature","id":228053,"geometry":{"type":"Polygon","coordinates":[[[114.16075460823365,22.332871582065557],[114.16078089157278,22.332900733483804],[114.16080913508148,22.332932054326882],[114.16081233795367,22.332935612691657],[114.16086153604111,22.332990189336432],[114.16086095619659,22.332990636202656],[114.16071917162306,22.333099905811128],[114.16067000267645,22.333045302035078],[114.16066840124091,22.333043522851312],[114.1606667998054,22.33304174366754],[114.16063857572232,22.33301040474084],[114.1606088860989,22.332977422097059],[114.16064088290582,22.332952825999207],[114.16067034597586,22.332930171216855],[114.16068913049757,22.332915733192873],[114.16072409785168,22.332888843607137],[114.16075130869528,22.332867922457226],[114.16075460823365,22.332871582065557]]]},"properties":{"OBJECTID":228053,"Shape__Length":73.443107401144488,"Shape__Area":336.6554226050294,"GeoRefNo":"3460521548","DateCreate":1142006400000,"BuildingBlockType":"Podium","BuildingCSUID":"3460521548P20060311","BuildingID":1108245636,"Status":"Active","BuildingNameEN":"WING ON BUILDING","BuildingNameTC":"榮安大廈","BaseHeight":5.2999999999999998,"TopHeight":15.9,"Storeys":3,"StoreysInBasement":null,"DateStamp":1599580800000}},{"type":"Feature","id":228054,"geometry":{"type":"Polygon","coordinates":[[[114.1609787562859,22.332978129669527],[114.16104944016439,22.332923598191538],[114.16105912643305,22.33293446292117],[114.16107065678388,22.332947386801596],[114.16110666488159,22.332987729896097],[114.16114145978766,22.333026718278102],[114.16118147637877,22.333071568002527],[114.16111188146208,22.33312553703767],[114.16110919899631,22.333122572670554],[114.16107153481329,22.33308094915105],[114.16104246630972,22.333048879909768],[114.161035400458,22.333041084657594],[114.16100053766824,22.333001753084265],[114.1609787562859,22.332978129669527]]]},"properties":{"OBJECTID":228054,"Shape__Length":61.409424055827976,"Shape__Area":200.19250380177746,"GeoRefNo":"3464021552","DateCreate":1142006400000,"BuildingBlockType":"Podium","BuildingCSUID":"3464021552P20060311","BuildingID":1108245635,"Status":"Active","BuildingNameEN":null,"BuildingNameTC":null,"BaseHeight":5.4000000000000004,"TopHeight":8,"Storeys":null,"StoreysInBasement":null,"DateStamp":1413216000000}},{"type":"Feature","id":228070,"geometry":{"type":"Polygon","coordinates":[[[114.16091557716045,22.331254779057591],[114.1609205765877,22.331250977673843],[114.16092453729009,22.331248043123772],[114.16092910949024,22.331245370520445],[114.16098724598538,22.331308807014736],[114.16085984295796,22.331406171263982],[114.1608022308163,22.331341253761387],[114.16082523792836,22.331323646402293],[114.16091557716045,22.331254779057591]]]},"properties":{"OBJECTID":228070,"Shape__Length":52.383494868904371,"Shape__Area":157.54594849065919,"GeoRefNo":"3462121364","DateCreate":1142006400000,"BuildingBlockType":"Podium","BuildingCSUID":"3462121364P20060311","BuildingID":1108245704,"Status":"Active","BuildingNameEN":"PROSPERITY COURT","BuildingNameTC":"廣興閣","BaseHeight":4.7000000000000002,"TopHeight":15.6,"Storeys":3,"StoreysInBasement":null,"DateStamp":1599580800000}},{"type":"Feature","id":228074,"geometry":{"type":"Polygon","coordinates":[[[114.15748191261036,22.329239375360281],[114.15744701874225,22.329266202859582],[114.15737967681831,22.329317977419681],[114.15735303891525,22.329338457389184],[114.15733126445303,22.3293140609088],[114.15730116318343,22.329280334920377],[114.15728504091295,22.329262271178777],[114.15725093591094,22.329224059387965],[114.15722060884166,22.329190080320028],[114.15734935014137,22.329090666414427],[114.15748191261036,22.329239375360281]]]},"properties":{"OBJECTID":228074,"Shape__Length":77.210296450626259,"Shape__Area":368.29410774720611,"GeoRefNo":"3425621131","DateCreate":1142006400000,"BuildingBlockType":"Podium","BuildingCSUID":"3425621131P20060311","BuildingID":1108245765,"Status":"Active","BuildingNameEN":"FUNG SING BUILDING","BuildingNameTC":"豐盛大廈","BaseHeight":4,"TopHeight":17.5,"Storeys":4,"StoreysInBasement":null,"DateStamp":1599580800000}},{"type":"Feature","id":228076,"geometry":{"type":"Polygon","coordinates":[[[114.16447232713257,22.331275408100609],[114.16440144328585,22.331330317643427],[114.16431712882685,22.331235481023633],[114.16429684367954,22.331212668208217],[114.16427012358946,22.331182612365538],[114.16434100738473,22.331128018949467],[114.16436760130992,22.331157867067621],[114.16439436024574,22.331187895805567],[114.16447232713257,22.331275408100609]]]},"properties":{"OBJECTID":228076,"Shape__Length":61.407892730969621,"Shape__Area":201.33785598646304,"GeoRefNo":"3497921353","DateCreate":1142006400000,"BuildingBlockType":"Podium","BuildingCSUID":"3497921353P20060311","BuildingID":1108245705,"Status":"Active","BuildingNameEN":"HAND WAI COURT","BuildingNameTC":"恒威閣","BaseHeight":5.9000000000000004,"TopHeight":10.6,"Storeys":2,"StoreysInBasement":null,"DateStamp":1599580800000}},{"type":"Feature","id":228077,"geometry":{"type":"Polygon","coordinates":[[[114.16174875602388,22.331556660743782],[114.16176618739372,22.331575843318316],[114.1616993019134,22.331627329458282],[114.16168210351373,22.331608110776134],[114.16157087695956,22.331483794398512],[114.16159036014945,22.331468760314799],[114.1619033914466,22.331227113041535],[114.16192627934517,22.33123374359441],[114.16195216417979,22.331263601073658],[114.16202280158888,22.331345099505587],[114.16204014552213,22.33136510382603],[114.16197381355337,22.331416373397317],[114.16195564447642,22.331397019195983],[114.16191998847644,22.331424577252317],[114.16193781774588,22.331444572597587],[114.16190647190656,22.331468789731879],[114.16181124999537,22.331542353076841],[114.16179353724129,22.331522095841844],[114.16174875602388,22.331556660743782]]]},"properties":{"OBJECTID":228077,"Shape__Length":143.29100559430873,"Shape__Area":917.16693199850715,"GeoRefNo":"3471521375","DateCreate":1142006400000,"BuildingBlockType":"Podium","BuildingCSUID":"3471521375P20060311","BuildingID":1108245697,"Status":"Active","BuildingNameEN":"METRO SHAM SHUI","BuildingNameTC":"深の都","BaseHeight":4.5999999999999996,"TopHeight":18.100000000000001,"Storeys":4,"StoreysInBasement":null,"DateStamp":1599580800000}},{"type":"Feature","id":228078,"geometry":{"type":"Polygon","coordinates":[[[114.16482827121712,22.33222867584378],[114.1647704824489,22.332273499352876],[114.16474172881055,22.332295793712547],[114.16472161811996,22.332273495709249],[114.16467866939432,22.332225865215587],[114.16463838011875,22.332181187910081],[114.16457396197782,22.33210976019291],[114.16464938182338,22.332025185464943],[114.16472708717396,22.332113573575306],[114.16476691047518,22.332158882965082],[114.16482827121712,22.33222867584378]]]},"properties":{"OBJECTID":228078,"Shape__Length":79.77631345062558,"Shape__Area":329.89581550656726,"GeoRefNo":"3501321457","DateCreate":1142006400000,"BuildingBlockType":"Podium","BuildingCSUID":"3501321457P20060311","BuildingID":1108245675,"Status":"Active","BuildingNameEN":"KAM SHAN HOUSE","BuildingNameTC":"金山樓","BaseHeight":7.5,"TopHeight":14.699999999999999,"Storeys":2,"StoreysInBasement":null,"DateStamp":1599580800000}},{"type":"Feature","id":228080,"geometry":{"type":"Polygon","coordinates":[[[114.16118691177843,22.331422078924859],[114.16116875850555,22.33143602038842],[114.16116197287064,22.331441221347085],[114.16112617110863,22.331468716000373],[114.16107318680535,22.331509402654422],[114.1609802364772,22.331405370330739],[114.16095268236376,22.331374546261213],[114.16106594127393,22.331288134658109],[114.16118691177843,22.331422078924859]]]},"properties":{"OBJECTID":228080,"Shape__Length":69.073492443683008,"Shape__Area":293.64787599370129,"GeoRefNo":"3463921372","DateCreate":1142006400000,"BuildingBlockType":"Podium","BuildingCSUID":"3463921372P20060311","BuildingID":1108245701,"Status":"Active","BuildingNameEN":"SUI CHEONG HOUSE","BuildingNameTC":"瑞祥大廈","BaseHeight":4.5999999999999996,"TopHeight":11.699999999999999,"Storeys":2,"StoreysInBasement":null,"DateStamp":1599580800000}},{"type":"Feature","id":228081,"geometry":{"type":"Polygon","coordinates":[[[114.16221231718137,22.332275311646217],[114.16221049250268,22.332273288631729],[114.16216548700712,22.332223453825407],[114.16211413400029,22.33216658360822],[114.16208590005427,22.332135326204465],[114.16206333425983,22.332110336534804],[114.16203643440367,22.332131014109869],[114.16200126363081,22.332158048452154],[114.1619803048348,22.332174148057216],[114.16194962867965,22.332197733118381],[114.16193065993916,22.332212306731623],[114.16185177556272,22.332272930773645],[114.16181660471867,22.33229996507534],[114.16179564587929,22.33231607368678],[114.16176495995619,22.332339649681064],[114.16172754660705,22.332368408595439],[114.16169927393078,22.332336672500805],[114.16166799250541,22.332301558682754],[114.16165436572676,22.332286268635581],[114.16162309403074,22.332251154809583],[114.16159397700834,22.332218470405994],[114.1616313126988,22.332189630239387],[114.16166342565246,22.332164817214093],[114.16168433595503,22.332148663462007],[114.16171793416136,22.332122703680891],[114.16175197890709,22.332096400772226],[114.16181558342754,22.332047262260481],[114.16184768660918,22.332022449197279],[114.16186859686931,22.332006295421095],[114.16190220471428,22.331980335602186],[114.16193068691773,22.331958321668637],[114.16200093132957,22.331904054323957],[114.16203303444567,22.33187924122355],[114.16205394466311,22.331863087423159],[114.16208755243946,22.331837127565311],[114.16213940080871,22.331797063588279],[114.16218641476007,22.331760737818005],[114.16221852751644,22.331735933711862],[114.16223943769212,22.331719770856655],[114.16227303569299,22.331693810958964],[114.16231060408656,22.331664790043163],[114.16233983761038,22.331697790400991],[114.16237101228604,22.331732985357679],[114.1623845905513,22.331748311463663],[114.16241577495626,22.331783506412403],[114.16244598880523,22.331817617599192],[114.16240898341343,22.331846457984312],[114.16220035698352,22.332009025853001],[114.16234570983664,22.332171670626472],[114.16231662577022,22.332194262535619],[114.16228235781513,22.332220890643448],[114.16226670910127,22.332233053429164],[114.16223244112724,22.332259681526313],[114.16221491883039,22.332273289030979],[114.16221231718137,22.332275311646217]]]},"properties":{"OBJECTID":228081,"Shape__Length":282.52677766788736,"Shape__Area":2516.0741249896882,"GeoRefNo":"3474121443","DateCreate":1142006400000,"BuildingBlockType":"Podium","BuildingCSUID":"3474121443P20060311","BuildingID":1108245671,"Status":"Active","BuildingNameEN":"GOLDEN CENTER","BuildingNameTC":"黃金中心","BaseHeight":5.2000000000000002,"TopHeight":16.800000000000001,"Storeys":4,"StoreysInBasement":null,"DateStamp":1599580800000}},{"type":"Feature","id":228266,"geometry":{"type":"Polygon","coordinates":[[[114.16253724621215,22.330735147987063],[114.16254325400587,22.330741885330667],[114.16255210555268,22.330751828781054],[114.16266885486648,22.330882863731901],[114.16253179427113,22.330988915876429],[114.16239937025304,22.330841597295223],[114.16249342647357,22.330768972675386],[114.16252851915473,22.330741884031081],[114.16253724621215,22.330735147987063]]]},"properties":{"OBJECTID":228266,"Shape__Length":79.335637886999422,"Shape__Area":391.36460850724728,"GeoRefNo":"3479021313","DateCreate":1142006400000,"BuildingBlockType":"Podium","BuildingCSUID":"3479021313P20060311","BuildingID":1108245711,"Status":"Active","BuildingNameEN":"SUI SING BUILDING","BuildingNameTC":"瑞星商業大樓","BaseHeight":4.7999999999999998,"TopHeight":19.5,"Storeys":1,"StoreysInBasement":null,"DateStamp":1599580800000}},{"type":"Feature","id":228268,"geometry":{"type":"Polygon","coordinates":[[[114.16156257248716,22.331798698992021],[114.16155062482724,22.33178545000456],[114.1618576869389,22.3315463669514],[114.1619916932717,22.331693613862708],[114.16193071004555,22.331740585347507],[114.16168245683508,22.331931766812399],[114.16156257248716,22.331798698992021]]]},"properties":{"OBJECTID":228268,"Shape__Length":125.11371983910098,"Shape__Area":877.81641998227815,"GeoRefNo":"3471221410","DateCreate":1142006400000,"BuildingBlockType":"Podium","BuildingCSUID":"3471221410P20060311","BuildingID":1108245685,"Status":"Active","BuildingNameEN":null,"BuildingNameTC":"福仁商場","BaseHeight":5.0999999999999996,"TopHeight":12.4,"Storeys":2,"StoreysInBasement":null,"DateStamp":1599580800000}},{"type":"Feature","id":228270,"geometry":{"type":"Polygon","coordinates":[[[114.16391935090654,22.332052657500046],[114.16390794823792,22.332061510984833],[114.16389751486574,22.332069611847277],[114.16387936602503,22.332049121817626],[114.16382869762367,22.331991917162352],[114.16385068080096,22.331975128908397],[114.16395276264528,22.331897170452962],[114.1639655173467,22.33188742981768],[114.16401515692793,22.331943688396269],[114.16403326451788,22.3319642104663],[114.16402059503142,22.33197404756017],[114.16401165216608,22.331980991188701],[114.16392754853341,22.332046292496923],[114.16391935090654,22.332052657500046]]]},"properties":{"OBJECTID":228270,"Shape__Length":58.599622848563889,"Shape__Area":201.83057520641952,"GeoRefNo":"3493521436","DateCreate":1252857600000,"BuildingBlockType":"Podium","BuildingCSUID":"3493521436P20090914","BuildingID":1108245682,"Status":"Active","BuildingNameEN":"COURT REGENCE","BuildingNameTC":"富匯居","BaseHeight":6,"TopHeight":21,"Storeys":4,"StoreysInBasement":null,"DateStamp":1599580800000}},{"type":"Feature","id":228271,"geometry":{"type":"Polygon","coordinates":[[[114.16450530773777,22.331862696370525],[114.16447776675679,22.331893380185921],[114.16444942560106,22.331861698747169],[114.16440331301537,22.331810148664587],[114.16439494655904,22.331800801372015],[114.1644355238776,22.331769296785065],[114.1644762370822,22.33173769286179],[114.16459182404421,22.331647937660289],[114.16464652666969,22.331705376274869],[114.16455205068547,22.331810629591647],[114.16450530773777,22.331862696370525]]]},"properties":{"OBJECTID":228271,"Shape__Length":75.376951239698585,"Shape__Area":290.12167900975282,"GeoRefNo":"3499521413","DateCreate":1142006400000,"BuildingBlockType":"Podium","BuildingCSUID":"3499521413P20060311","BuildingID":1108245686,"Status":"Active","BuildingNameEN":"HIP FOOK BUILDING","BuildingNameTC":"協福大廈","BaseHeight":6.7999999999999998,"TopHeight":16.100000000000001,"Storeys":3,"StoreysInBasement":null,"DateStamp":1599580800000}},{"type":"Feature","id":228272,"geometry":{"type":"Polygon","coordinates":[[[114.16141361532168,22.331852534241548],[114.16139902470363,22.331863920414751],[114.16126701829246,22.331717964581809],[114.16131713887845,22.331679345594313],[114.16135362020272,22.331651227854387],[114.16137669526307,22.33163344884316],[114.1614393838923,22.331703514052499],[114.16149129932441,22.331761549484622],[114.16150730392324,22.331779431547886],[114.16148120004303,22.331799793036563],[114.16141361532168,22.331852534241548]]]},"properties":{"OBJECTID":228272,"Shape__Length":71.385688195892399,"Shape__Area":308.04536948210051,"GeoRefNo":"3467221411","DateCreate":1142006400000,"BuildingBlockType":"Podium","BuildingCSUID":"3467221411P20060311","BuildingID":1108245688,"Status":"Active","BuildingNameEN":"ASIAN BUILDING","BuildingNameTC":"亞洲大廈","BaseHeight":4.7999999999999998,"TopHeight":13.699999999999999,"Storeys":2,"StoreysInBasement":null,"DateStamp":1599580800000}},{"type":"Feature","id":228273,"geometry":{"type":"Polygon","coordinates":[[[114.16036033097804,22.330332249684353],[114.16041580740951,22.330393843881325],[114.16024337112997,22.33052622368627],[114.16012624576659,22.330395611382535],[114.16014075865756,22.330384423986622],[114.16029815783624,22.330263204554804],[114.16036033097804,22.330332249684353]]]},"properties":{"OBJECTID":228273,"Shape__Length":83.732595394685148,"Shape__Area":433.87200899586975,"GeoRefNo":"3455721261","DateCreate":1142006400000,"BuildingBlockType":"Podium","BuildingCSUID":"3455721261P20060311","BuildingID":1108245721,"Status":"Active","BuildingNameEN":"LUEN HONG BUILDING","BuildingNameTC":"聯康大廈","BaseHeight":4.2999999999999998,"TopHeight":12.9,"Storeys":2,"StoreysInBasement":null,"DateStamp":1599580800000}},{"type":"Feature","id":228279,"geometry":{"type":"Polygon","coordinates":[[[114.16500673033951,22.330863689582785],[114.16472232038636,22.330547589193646],[114.16484612838265,22.330451169841631],[114.16513053841953,22.330767270017294],[114.16500673033951,22.330863689582785]]]},"properties":{"OBJECTID":228279,"Shape__Length":124.56356427315973,"Shape__Area":759.3001879886906,"GeoRefNo":"3503721290","DateCreate":1142006400000,"BuildingBlockType":"Podium","BuildingCSUID":"3503721290P20060311","BuildingID":1108245715,"Status":"Active","BuildingNameEN":"WELLAND PLAZA","BuildingNameTC":"華麗廣場","BaseHeight":5.4000000000000004,"TopHeight":17.5,"Storeys":3,"StoreysInBasement":null,"DateStamp":1599580800000}},{"type":"Feature","id":228505,"geometry":{"type":"Polygon","coordinates":[[[114.16003087437939,22.330013490503632],[114.16001169216611,22.330028244485785],[114.15999898489282,22.330038230990695],[114.15998671447691,22.330047738919166],[114.15996863890561,22.330061770564569],[114.15985901629877,22.329940776411267],[114.15987622787229,22.329927548409341],[114.1598898476315,22.329917083388409],[114.1599220671395,22.329892324895702],[114.16003087437939,22.330013490503632]]]},"properties":{"OBJECTID":228505,"Shape__Length":51.779705546833974,"Shape__Area":146.7648774997424,"GeoRefNo":"3452321215","DateCreate":1142006400000,"BuildingBlockType":"Podium","BuildingCSUID":"3452321215P20060311","BuildingID":1108245740,"Status":"Active","BuildingNameEN":"LONGFAIR COURT","BuildingNameTC":"長輝閣","BaseHeight":4.2000000000000002,"TopHeight":8.8000000000000007,"Storeys":3,"StoreysInBasement":null,"DateStamp":1599580800000}},{"type":"Feature","id":228506,"geometry":{"type":"Polygon","coordinates":[[[114.16464938182338,22.332025185464943],[114.16470248339198,22.331965705015097],[114.16473790706485,22.331926018261512],[114.16481388465969,22.33201369278655],[114.16493111241688,22.332148916313585],[114.16482827121712,22.33222867584378],[114.16476691047518,22.332158882965082],[114.16472708717396,22.332113573575306],[114.16464938182338,22.332025185464943]]]},"properties":{"OBJECTID":228506,"Shape__Length":88.885819712493827,"Shape__Area":422.56599501050368,"GeoRefNo":"3502221448","DateCreate":1142006400000,"BuildingBlockType":"Podium","BuildingCSUID":"3502221448P20060311","BuildingID":1108245678,"Status":"Active","BuildingNameEN":"KA SHUN BUILDING","BuildingNameTC":"嘉順大廈","BaseHeight":7.2000000000000002,"TopHeight":12.6,"Storeys":2,"StoreysInBasement":null,"DateStamp":1599580800000}},{"type":"Feature","id":228507,"geometry":{"type":"Polygon","coordinates":[[[114.16315745054649,22.330724093880509],[114.16312744056006,22.330690407276347],[114.16306039371925,22.330615167817388],[114.16336202401517,22.330382547312414],[114.16342907090676,22.330457786648786],[114.16345908091591,22.330491473198066],[114.16349386614554,22.330530515269707],[114.16346115207183,22.330555328613457],[114.16342714685527,22.330581550614511],[114.16340697475559,22.330597117668081],[114.16337334810954,22.330623050710443],[114.16331222019356,22.330670194290722],[114.16327821492131,22.330696416260142],[114.16325804278949,22.330711974264368],[114.163224037497,22.330738196222242],[114.16319224545653,22.330763136016575],[114.16315745054649,22.330724093880509]]]},"properties":{"OBJECTID":228507,"Shape__Length":123.29135851067019,"Shape__Area":857.76761201266083,"GeoRefNo":"3486721281","DateCreate":1142006400000,"BuildingBlockType":"Podium","BuildingCSUID":"3486721281P20060311","BuildingID":1108245716,"Status":"Active","BuildingNameEN":null,"BuildingNameTC":null,"BaseHeight":5.2000000000000002,"TopHeight":15.5,"Storeys":3,"StoreysInBasement":null,"DateStamp":1599580800000}},{"type":"Feature","id":228508,"geometry":{"type":"Polygon","coordinates":[[[114.15792892432104,22.330103591920146],[114.15789940314906,22.330126345541739],[114.15784923669422,22.330070684196606],[114.15781429780515,22.330031920842295],[114.15776840172033,22.329981010058809],[114.157807669421,22.329950789313298],[114.15784792729038,22.329919810105221],[114.15787746783937,22.329897065525262],[114.15791588121526,22.329867503885808],[114.15792895748524,22.329857445342459],[114.1579537509444,22.329838357580634],[114.15807798995155,22.329742729103117],[114.15811901460769,22.329711162927683],[114.15814911811397,22.329687984894601],[114.15818809442031,22.329657989786732],[114.1582266824046,22.329628283603423],[114.15827180205758,22.329678805855433],[114.15830627508721,22.329717397478536],[114.15835669386767,22.329773844374081],[114.15827926544662,22.329833536711352],[114.15827295545546,22.329838394442376],[114.15827148959588,22.329839523097341],[114.15792892432104,22.330103591920146]]]},"properties":{"OBJECTID":228508,"Shape__Length":164.41709639670489,"Shape__Area":1284.5548624936462,"GeoRefNo":"3432921204","DateCreate":1142006400000,"BuildingBlockType":"Podium","BuildingCSUID":"3432921204P20060311","BuildingID":1108245735,"Status":"Active","BuildingNameEN":null,"BuildingNameTC":null,"BaseHeight":4,"TopHeight":7.2999999999999998,"Storeys":1,"StoreysInBasement":null,"DateStamp":1599580800000}},{"type":"Feature","id":228616,"geometry":{"type":"Polygon","coordinates":[[[114.16431236457093,22.328931192097247],[114.16433681313141,22.328958538590957],[114.16434836287108,22.328971462245995],[114.16434479058427,22.328974234360043],[114.16432500709895,22.328989620949365],[114.16431348452925,22.32899856033773],[114.16430123390977,22.329008068595726],[114.16428069324573,22.329024033078397],[114.1642764996888,22.32902728376374],[114.16416911634848,22.328906897731109],[114.16415946893832,22.328896087368509],[114.1641709915078,22.328887166052159],[114.164185600998,22.328875851871143],[114.16419625961449,22.328867598748772],[114.16421249021948,22.328855029440504],[114.16423125442583,22.32884050069088],[114.16423364201393,22.328843182959847],[114.16423572872927,22.328845503982027],[114.1642634383595,22.328876490065667],[114.16427635658401,22.328890930970147],[114.16431236457093,22.328931192097247]]]},"properties":{"OBJECTID":228616,"Shape__Length":57.010520375960304,"Shape__Area":181.80871850584816,"GeoRefNo":"3496721099","DateCreate":1142006400000,"BuildingBlockType":"Podium","BuildingCSUID":"3496721099P20060311","BuildingID":1108245780,"Status":"Active","BuildingNameEN":"JOYWISE MANSION","BuildingNameTC":"長華大廈","BaseHeight":5,"TopHeight":15.800000000000001,"Storeys":3,"StoreysInBasement":null,"DateStamp":1599580800000}},{"type":"Feature","id":229029,"geometry":{"type":"Polygon","coordinates":[[[114.16397484123523,22.326755327527216],[114.16406579144935,22.326856296666531],[114.16407419641664,22.326865625923482],[114.16407513784964,22.326866682576135],[114.16407668102561,22.326868389478289],[114.16407961208787,22.326871649750412],[114.16408137849015,22.326873609526498],[114.16406842912511,22.326883650519079],[114.1640208445578,22.326920581862201],[114.16400693417314,22.326931372312512],[114.16399143449844,22.326914005268918],[114.16391652755317,22.326829996808041],[114.16390102790088,22.326812629755587],[114.16390694927867,22.32680802462891],[114.16396534762558,22.326762686701688],[114.16397484123523,22.326755327527216]]]},"properties":{"OBJECTID":229029,"Shape__Length":54.065987559483013,"Shape__Area":169.95363549718573,"GeoRefNo":"3494020868","DateCreate":1142006400000,"BuildingBlockType":"Podium","BuildingCSUID":"3494020868P20060311","BuildingID":1108245869,"Status":"Active","BuildingNameEN":null,"BuildingNameTC":null,"BaseHeight":4.7000000000000002,"TopHeight":13.699999999999999,"Storeys":null,"StoreysInBasement":null,"DateStamp":1413216000000}},{"type":"Feature","id":229086,"geometry":{"type":"Polygon","coordinates":[[[114.16208590005427,22.332135326204465],[114.16211413400029,22.33216658360822],[114.16216548700712,22.332223453825407],[114.16221049250268,22.332273288631729],[114.16221231718137,22.332275311646217],[114.16212317183037,22.332344577158935],[114.16208964158442,22.332370627335337],[114.16207250756588,22.332383936850579],[114.16203898700795,22.332409987017247],[114.16202184327292,22.332423296526184],[114.16198832269619,22.33244934668225],[114.16193062999797,22.332494178216439],[114.16188846955384,22.332526928247091],[114.16188418854223,22.332529546720419],[114.16188021827564,22.332530991246955],[114.16187533575702,22.332530611512134],[114.1618709775899,22.332528543107149],[114.16186728932549,22.332525273696845],[114.16175127702952,22.332395051015517],[114.16190819179249,22.332273261078935],[114.1619338879668,22.33225331489189],[114.16195177917864,22.332239427503474],[114.16208590005427,22.332135326204465]]]},"properties":{"OBJECTID":229086,"Shape__Length":129.83789730702932,"Shape__Area":910.37859400846162,"GeoRefNo":"3473321476","DateCreate":1142006400000,"BuildingBlockType":"Podium","BuildingCSUID":"3473321476P20060311","BuildingID":1108245661,"Status":"Active","BuildingNameEN":"GOLDEN DIGITAL","BuildingNameTC":"黄金數碼廣場","BaseHeight":5.4000000000000004,"TopHeight":13.800000000000001,"Storeys":2,"StoreysInBasement":1,"DateStamp":1599580800000}},{"type":"Feature","id":229087,"geometry":{"type":"Polygon","coordinates":[[[114.16429709887247,22.332919339518842],[114.16425722013824,22.332950275194225],[114.1640434278894,22.33271147188724],[114.16408068675045,22.332669455536376],[114.16408888990958,22.332660208868095],[114.16431225239788,22.332907591906462],[114.16429709887247,22.332919339518842]]]},"properties":{"OBJECTID":229087,"Shape__Length":84.931082650939345,"Shape__Area":256.4705294909665,"GeoRefNo":"3495921528","DateCreate":1142006400000,"BuildingBlockType":"Podium","BuildingCSUID":"3495921528P20060311","BuildingID":1108245643,"Status":"Active","BuildingNameEN":"KAM ON BUILDING","BuildingNameTC":"金安大廈","BaseHeight":9,"TopHeight":14.5,"Storeys":2,"StoreysInBasement":null,"DateStamp":1599580800000}},{"type":"Feature","id":229090,"geometry":{"type":"Polygon","coordinates":[[[114.16303809670126,22.332892145521733],[114.16311641782541,22.332832423917079],[114.16318565943281,22.33290851239212],[114.1632493396479,22.332978495699443],[114.16316975644533,22.333039806642748],[114.16308547088239,22.332945285474789],[114.16303809670126,22.332892145521733]]]},"properties":{"OBJECTID":229090,"Shape__Length":63.515064581164722,"Shape__Area":223.61563150806924,"GeoRefNo":"3485321542","DateCreate":1142006400000,"BuildingBlockType":"Podium","BuildingCSUID":"3485321542P20060311","BuildingID":1108245640,"Status":"Active","BuildingNameEN":"YING LUN BUILDING","BuildingNameTC":"英倫大廈","BaseHeight":8,"TopHeight":16.199999999999999,"Storeys":null,"StoreysInBasement":null,"DateStamp":1413216000000}},{"type":"Feature","id":229277,"geometry":{"type":"Polygon","coordinates":[[[114.16394266642239,22.33243756642549],[114.16391840722734,22.332456311978103],[114.16383184485322,22.332523194562203],[114.16380563897873,22.332494204297344],[114.16373504817246,22.33241610215493],[114.16370231999787,22.332379904943139],[114.16375895397536,22.332335713863142],[114.16377597806481,22.332354507872083],[114.16382949597654,22.332311716256115],[114.16394266642239,22.33243756642549]]]},"properties":{"OBJECTID":229277,"Shape__Length":71.349117306984098,"Shape__Area":289.28014499648708,"GeoRefNo":"3492321485","DateCreate":1142006400000,"BuildingBlockType":"Podium","BuildingCSUID":"3492321485P20060311","BuildingID":1108245662,"Status":"Active","BuildingNameEN":"YUE FAT BUILDING","BuildingNameTC":"裕發大樓","BaseHeight":8,"TopHeight":15.1,"Storeys":null,"StoreysInBasement":null,"DateStamp":1413216000000}},{"type":"Feature","id":229281,"geometry":{"type":"Polygon","coordinates":[[[114.16104944016439,22.332923598191538],[114.16126913598131,22.332753501384168],[114.16140175475822,22.332900775720187],[114.16133316961705,22.332953950256751],[114.16129856152492,22.332980785824709],[114.16128141765093,22.332994086223696],[114.16124742112757,22.333020443218569],[114.16118147637877,22.333071568002527],[114.16114145978766,22.333026718278102],[114.16110666488159,22.332987729896097],[114.16107065678388,22.332947386801596],[114.16105912643305,22.33293446292117],[114.16104944016439,22.332923598191538]]]},"properties":{"OBJECTID":229281,"Shape__Length":101.55679310091563,"Shape__Area":627.77390800587909,"GeoRefNo":"3465521540","DateCreate":1142006400000,"BuildingBlockType":"Podium","BuildingCSUID":"3465521540P20060311","BuildingID":1108245639,"Status":"Active","BuildingNameEN":"WING WAH MANSION","BuildingNameTC":"永華大廈","BaseHeight":5.2999999999999998,"TopHeight":9.9000000000000004,"Storeys":null,"StoreysInBasement":null,"DateStamp":1413216000000}},{"type":"Feature","id":229282,"geometry":{"type":"Polygon","coordinates":[[[114.1609857945524,22.332471295412443],[114.16094557545277,22.332502428913848],[114.16085554598347,22.332401431092098],[114.16082088719564,22.332362551026243],[114.16091125634284,22.332292600026467],[114.16098548148651,22.33223515475127],[114.16105889494744,22.332316987996371],[114.1610863036977,22.332347532082292],[114.1611110628497,22.332374824897755],[114.16107564917893,22.332401741617154],[114.16103641059951,22.33243210763743],[114.16102231499389,22.33244302423396],[114.1609857945524,22.332471295412443]]]},"properties":{"OBJECTID":229282,"Shape__Length":84.4874214166597,"Shape__Area":444.62602201587367,"GeoRefNo":"3462921480","DateCreate":1142006400000,"BuildingBlockType":"Podium","BuildingCSUID":"3462921480P20060311","BuildingID":1108245664,"Status":"Active","BuildingNameEN":"SUN WAH HOUSE","BuildingNameTC":"新華大樓","BaseHeight":5,"TopHeight":10.699999999999999,"Storeys":null,"StoreysInBasement":null,"DateStamp":1413216000000}},{"type":"Feature","id":229502,"geometry":{"type":"Polygon","coordinates":[[[114.1627040307536,22.333403012719767],[114.16269932251967,22.333406678724234],[114.16264554649887,22.333402592204525],[114.16264018902146,22.333395159569271],[114.16262966786968,22.333383626598678],[114.16259566824648,22.333346444723222],[114.16251280940557,22.333255833627028],[114.16267850023004,22.333127063095262],[114.16270104688554,22.333152034613423],[114.16273936309567,22.333122200916694],[114.16279933554793,22.333188111285406],[114.16283335457989,22.333225500823822],[114.16284373985222,22.333236907341579],[114.16287420656029,22.333270395354571],[114.16283056081721,22.333304400749686],[114.16281752339381,22.33331456805459],[114.16271562174633,22.333393974120483],[114.1627040307536,22.333403012719767]]]},"properties":{"OBJECTID":229502,"Shape__Length":102.80628582324725,"Shape__Area":661.31308948625792,"GeoRefNo":"3480721579","DateCreate":1142006400000,"BuildingBlockType":"Podium","BuildingCSUID":"3480721579P20060311","BuildingID":1108245619,"Status":"Active","BuildingNameEN":"WING SHING BUILDING","BuildingNameTC":"永勝大樓","BaseHeight":7.5999999999999996,"TopHeight":21.399999999999999,"Storeys":3,"StoreysInBasement":1,"DateStamp":1599580800000}},{"type":"Feature","id":229503,"geometry":{"type":"Polygon","coordinates":[[[114.16080913963104,22.333147171749893],[114.16079124820789,22.333160905490601],[114.16078072498138,22.333168986816855],[114.1607346521636,22.333117255091537],[114.16076313475631,22.333095458100399],[114.16081051835259,22.333059214047346],[114.16084569927541,22.33303228833465],[114.16089159739821,22.333083875522508],[114.16085645529273,22.333110855432281],[114.16080913963104,22.333147171749893]]]},"properties":{"OBJECTID":229503,"Shape__Length":44.475422323715968,"Shape__Area":110.00024250372702,"GeoRefNo":"3461321561","DateCreate":1142006400000,"BuildingBlockType":"Podium","BuildingCSUID":"3461321561P20060311","BuildingID":1108245631,"Status":"Active","BuildingNameEN":"FLORAL COURT","BuildingNameTC":"華苑","BaseHeight":5.4000000000000004,"TopHeight":11.800000000000001,"Storeys":2,"StoreysInBasement":null,"DateStamp":1599580800000}},{"type":"Feature","id":229505,"geometry":{"type":"Polygon","coordinates":[[[114.16110919899631,22.333122572670554],[114.16103285335203,22.333181676164742],[114.16096660325056,22.33310760991553],[114.16090109958598,22.333034376331398],[114.16092422949858,22.333016470332915],[114.16095407581604,22.332993364730243],[114.16097667353586,22.332975870737371],[114.1609787562859,22.332978129669527],[114.16100053766824,22.333001753084265],[114.161035400458,22.333041084657594],[114.16104246630972,22.333048879909768],[114.16107153481329,22.33308094915105],[114.16110919899631,22.333122572670554]]]},"properties":{"OBJECTID":229505,"Shape__Length":62.801187162328254,"Shape__Area":216.09269371962046,"GeoRefNo":"3463321559","DateCreate":1234281600000,"BuildingBlockType":"Podium","BuildingCSUID":"3463321559P20090211","BuildingID":1108245629,"Status":"Active","BuildingNameEN":"VISTA","BuildingNameTC":"海峯","BaseHeight":5.5,"TopHeight":15.9,"Storeys":null,"StoreysInBasement":null,"DateStamp":1413216000000}},{"type":"Feature","id":229506,"geometry":{"type":"Polygon","coordinates":[[[114.16357111808617,22.332729260296215],[114.16355984754627,22.332738136433282],[114.16352593884228,22.332764837076404],[114.16343572264073,22.332666712399121],[114.16340055825167,22.332628483045738],[114.16345245508786,22.332588265136664],[114.16368132114033,22.332410896190655],[114.16369149468048,22.332402977197308],[114.16370187207977,22.332394886638788],[114.16378542034046,22.33248580423199],[114.16382535040786,22.332529072948528],[114.16381399252985,22.332538039402301],[114.16377415258729,22.332569381339486],[114.16376262967233,22.332578492265583],[114.16372675040758,22.332606700899142],[114.16371032515168,22.332619649421343],[114.16367442644616,22.332647921255639],[114.16366271907728,22.332657140526518],[114.16362564573333,22.332686324342987],[114.16360838560506,22.332699922988382],[114.16357111808617,22.332729260296215]]]},"properties":{"OBJECTID":229506,"Shape__Length":120.24768404724551,"Shape__Area":796.4097940170268,"GeoRefNo":"3490121503","DateCreate":1142006400000,"BuildingBlockType":"Podium","BuildingCSUID":"3490121503P20060311","BuildingID":1108245650,"Status":"Active","BuildingNameEN":"SUN FAIR BUILDING","BuildingNameTC":"新輝大廈","BaseHeight":7.7000000000000002,"TopHeight":15.199999999999999,"Storeys":1,"StoreysInBasement":1,"DateStamp":1599580800000}},{"type":"Feature","id":229507,"geometry":{"type":"Polygon","coordinates":[[[114.16473957908585,22.332491113164249],[114.16465334886291,22.332395863982381],[114.16470937210575,22.332352529616649],[114.16474234949401,22.332327021413974],[114.16477589055634,22.332301412374846],[114.1648620456756,22.332396635027504],[114.16484962928511,22.332406250593927],[114.16482905837731,22.332422311583588],[114.16479535941315,22.332448490451203],[114.16473957908585,22.332491113164249]]]},"properties":{"OBJECTID":229507,"Shape__Length":60.356851086739134,"Shape__Area":226.4353420076209,"GeoRefNo":"3502021483","DateCreate":1142006400000,"BuildingBlockType":"Podium","BuildingCSUID":"3502021483P20060311","BuildingID":1108245665,"Status":"Active","BuildingNameEN":"SILVER RIVER MANSION","BuildingNameTC":"銀河大廈","BaseHeight":8.0999999999999996,"TopHeight":13.300000000000001,"Storeys":3,"StoreysInBasement":null,"DateStamp":1599580800000}},{"type":"Feature","id":229699,"geometry":{"type":"Polygon","coordinates":[[[114.16505291013756,22.331652449908105],[114.16507765486386,22.331680096388901],[114.16506044620549,22.331694251297638],[114.16506793054008,22.331702488453004],[114.16512049881646,22.33176034441674],[114.16514365843611,22.331785833547464],[114.16524657259143,22.33189909904479],[114.16511328006767,22.332002951431551],[114.16499428111729,22.331871546485409],[114.16489106310013,22.331757940894175],[114.16504188762666,22.331640134735988],[114.16505291013756,22.331652449908105]]]},"properties":{"OBJECTID":229699,"Shape__Length":111.52562660409735,"Shape__Area":649.0306500568721,"GeoRefNo":"3505221404","DateCreate":1406476800000,"BuildingBlockType":"Podium","BuildingCSUID":"3505221404P20140728","BuildingID":1810130482,"Status":"Active","BuildingNameEN":"HIGH POINT","BuildingNameTC":"曉尚","BaseHeight":6.5999999999999996,"TopHeight":21.800000000000001,"Storeys":3,"StoreysInBasement":null,"DateStamp":1599580800000}},{"type":"Feature","id":229719,"geometry":{"type":"Polygon","coordinates":[[[114.16055113015169,22.332557909774795],[114.16059939623321,22.332611718808653],[114.16062862959834,22.332644313095109],[114.16068338881389,22.332705365277093],[114.16057128360194,22.332792137935979],[114.16051652440241,22.332731076686198],[114.1604873007511,22.332698491411445],[114.1604391705623,22.332644826847801],[114.16055113015169,22.332557909774795]]]},"properties":{"OBJECTID":229719,"Shape__Length":72.557110968661263,"Shape__Area":319.32120399582794,"GeoRefNo":"3458721514","DateCreate":1142006400000,"BuildingBlockType":"Podium","BuildingCSUID":"3458721514P20060311","BuildingID":1108245649,"Status":"Active","BuildingNameEN":"FUK WA COURT","BuildingNameTC":"福華閣","BaseHeight":5,"TopHeight":9.5,"Storeys":null,"StoreysInBasement":null,"DateStamp":1413216000000}},{"type":"Feature","id":230939,"geometry":{"type":"Polygon","coordinates":[[[114.16492115935201,22.332433022685393],[114.16490371096128,22.332413618027527],[114.16483044650552,22.332332139449985],[114.16479193331425,22.332289701898524],[114.16483892733758,22.332253294084051],[114.16486525516576,22.332282707274441],[114.1648788109695,22.332297754124003],[114.16492375383318,22.332348061194008],[114.16495032475245,22.332377526223638],[114.16496768929147,22.332396769132771],[114.16492115935201,22.332433022685393]]]},"properties":{"OBJECTID":230939,"Shape__Length":53.965078142876436,"Shape__Area":129.60368557300168,"GeoRefNo":"3503221477","DateCreate":1142006400000,"BuildingBlockType":"Podium","BuildingCSUID":"3503221477P20060311","BuildingID":1108245667,"Status":"Active","BuildingNameEN":"BERWICK MANSION","BuildingNameTC":"巴域居","BaseHeight":8,"TopHeight":17.699999999999999,"Storeys":2,"StoreysInBasement":null,"DateStamp":1599580800000}},{"type":"Feature","id":230940,"geometry":{"type":"Polygon","coordinates":[[[114.16295102987172,22.332458507722713],[114.16291662610121,22.332484883095955],[114.16289483250998,22.332501587795846],[114.16285914731259,22.332528947379721],[114.16284703219144,22.332538365229386],[114.16278770065702,22.332472364622937],[114.16281958044121,22.332448201550868],[114.16284343202641,22.332430124390523],[114.16284991553776,22.33243692497652],[114.16285785636403,22.332430839050598],[114.1628392795002,22.332409931655743],[114.16288884650287,22.332372386776573],[114.16290760781663,22.332393122600674],[114.16291514091189,22.332387415921225],[114.16290888066835,22.332380506990024],[114.16293146053546,22.332363395979364],[114.16295683150797,22.332391438103578],[114.16295854943591,22.332393334672421],[114.1629902874314,22.332428412157796],[114.16295102987172,22.332458507722713]]]},"properties":{"OBJECTID":230940,"Shape__Length":65.134449308456141,"Shape__Area":192.0405854888638,"GeoRefNo":"3482721488","DateCreate":1142006400000,"BuildingBlockType":"Podium","BuildingCSUID":"3482721488P20060311","BuildingID":1108245660,"Status":"Active","BuildingNameEN":"FULL ART COURT","BuildingNameTC":"富雅閣","BaseHeight":6,"TopHeight":13.5,"Storeys":2,"StoreysInBasement":null,"DateStamp":1599580800000}},{"type":"Feature","id":230941,"geometry":{"type":"Polygon","coordinates":[[[114.16375762721725,22.333031700518085],[114.16387604437919,22.332899023727201],[114.16391836212671,22.332946248003239],[114.16405932119507,22.333103562830768],[114.16398634915146,22.333159817570909],[114.16391833784962,22.333209968001764],[114.16375762721725,22.333031700518085]]]},"properties":{"OBJECTID":230941,"Shape__Length":93.051499415822221,"Shape__Area":518.70061350678463,"GeoRefNo":"3493121556","DateCreate":1142006400000,"BuildingBlockType":"Podium","BuildingCSUID":"3493121556P20060311","BuildingID":1108245628,"Status":"Active","BuildingNameEN":"SILVER BRIGHT BUILDING","BuildingNameTC":"銀輝樓","BaseHeight":9.5999999999999996,"TopHeight":24,"Storeys":4,"StoreysInBasement":null,"DateStamp":1599580800000}},{"type":"Feature","id":230943,"geometry":{"type":"Polygon","coordinates":[[[114.16418561910098,22.332551723061005],[114.16437414540147,22.332340909745575],[114.16443314762472,22.332406557554844],[114.1644721362934,22.332449934407475],[114.16451143557602,22.33249365443616],[114.1642879680074,22.332664974482643],[114.16424862019505,22.332621444039116],[114.16418561910098,22.332551723061005]]]},"properties":{"OBJECTID":230943,"Shape__Length":98.631168385596396,"Shape__Area":573.71202353410627,"GeoRefNo":"3497721495","DateCreate":1142006400000,"BuildingBlockType":"Podium","BuildingCSUID":"3497721495P20060311","BuildingID":1108245656,"Status":"Active","BuildingNameEN":"HAPPY BUILDING","BuildingNameTC":"快樂大廈","BaseHeight":6.2000000000000002,"TopHeight":15.5,"Storeys":2,"StoreysInBasement":1,"DateStamp":1599580800000}},{"type":"Feature","id":234055,"geometry":{"type":"Polygon","coordinates":[[[114.16089299789201,22.33368205035195],[114.16090281737394,22.333692971092635],[114.16091352279705,22.333704874446639],[114.16091588129071,22.333707493545976],[114.16086048854118,22.33375004921195],[114.1608804241182,22.333772221244818],[114.16087675456583,22.333775038423983],[114.16085195110497,22.333794090500248],[114.16083420521925,22.333807724922572],[114.1607014504111,22.333659348394331],[114.16074350467656,22.333626770247776],[114.16076112435884,22.333613126791985],[114.1608023243097,22.333581207777492],[114.16089299789201,22.33368205035195]]]},"properties":{"OBJECTID":234055,"Shape__Length":69.908952903048871,"Shape__Area":266.32955341671664,"GeoRefNo":"3461321626","DateCreate":1142006400000,"BuildingBlockType":"Podium","BuildingCSUID":"3461321626P20060311","BuildingID":1108245609,"Status":"Active","BuildingNameEN":"SUN YEE MANSION","BuildingNameTC":"順怡閣","BaseHeight":5.5999999999999996,"TopHeight":11.4,"Storeys":2,"StoreysInBasement":null,"DateStamp":1599580800000}},{"type":"Feature","id":234080,"geometry":{"type":"Polygon","coordinates":[[[114.16081207772316,22.332225759628297],[114.16081584485754,22.332230004553775],[114.16079544080762,22.332245676733169],[114.16076154137559,22.332207377575923],[114.16077744531553,22.332195193738997],[114.16077784391389,22.33219488836427],[114.160758501435,22.332173035514131],[114.16075039454553,22.332163876437598],[114.16074548652065,22.332167668974748],[114.16073017002704,22.332150364501398],[114.160806567932,22.332091377732034],[114.16082183172708,22.332108623765244],[114.16081739045143,22.332112064970833],[114.16084473235973,22.332143164020842],[114.16086108195591,22.332130722848031],[114.1608951715808,22.33216878458957],[114.16089456184038,22.33216925168151],[114.16087373931397,22.33218520251344],[114.16087013513624,22.332181141197012],[114.16086078021253,22.332188326630405],[114.160867844828,22.33219628715046],[114.16086811852618,22.332196595571716],[114.16086700255144,22.332205782361079],[114.16083872362,22.332227503355586],[114.16082910069034,22.332226986398414],[114.16082155312452,22.332218481555945],[114.16081207772316,22.332225759628297]]]},"properties":{"OBJECTID":234080,"Shape__Length":58.163730088311347,"Shape__Area":143.24636035114798,"GeoRefNo":"3461321457","DateCreate":1308499200000,"BuildingBlockType":"Tower","BuildingCSUID":"3461321457T20110620","BuildingID":1810069464,"Status":"Active","BuildingNameEN":"Maison Rose","BuildingNameTC":"御匯","BaseHeight":28.899999999999999,"TopHeight":126,"Storeys":29,"StoreysInBasement":null,"DateStamp":1599580800000}},{"type":"Feature","id":234081,"geometry":{"type":"Polygon","coordinates":[[[114.16086108195591,22.332130722848031],[114.1608951715808,22.33216878458957],[114.16091639331241,22.332192479123805],[114.16094044336812,22.332219331474828],[114.16084082917676,22.332296955856716],[114.16081673422629,22.332269733774801],[114.16079544080762,22.332245676733169],[114.16076154137559,22.332207377575923],[114.16070948852645,22.332148568881991],[114.16080852471119,22.332072041557144],[114.16086108195591,22.332130722848031]]]},"properties":{"OBJECTID":234081,"Shape__Length":69.165296944757117,"Shape__Area":283.25319484310427,"GeoRefNo":"3461521460","DateCreate":1308499200000,"BuildingBlockType":"Podium","BuildingCSUID":"3461521460P20110620","BuildingID":1810069478,"Status":"Active","BuildingNameEN":"MAISON ROSE","BuildingNameTC":"御滙","BaseHeight":5,"TopHeight":28.899999999999999,"Storeys":3,"StoreysInBasement":null,"DateStamp":1599580800000}},{"type":"Feature","id":235300,"geometry":{"type":"Polygon","coordinates":[[[114.16475920220218,22.333862744976127],[114.1648264662601,22.33381053516921],[114.1651715905675,22.333542659226815],[114.16516153520722,22.333530196304633],[114.16516754419735,22.33352550083633],[114.16514961704178,22.333506607574673],[114.16518899091731,22.333476385061228],[114.16520115262,22.333489606701566],[114.16519846351061,22.333493056189631],[114.16520452985331,22.333499052929163],[114.16526692032147,22.333451276601405],[114.16540847597797,22.33334018343],[114.16516412655952,22.333068219168705],[114.16518561906645,22.33305136965387],[114.16541068266555,22.333300710925407],[114.16544995943255,22.333269567221869],[114.16548801687995,22.333311832999136],[114.16530834022558,22.333451279551667],[114.16522131152325,22.333518822068843],[114.165230755514,22.333529307246877],[114.16515407531907,22.333589698249469],[114.16515682204401,22.333593807360586],[114.16482626859172,22.333851768774881],[114.16486209364137,22.333891271173805],[114.16481746757891,22.333927652071242],[114.16475920220218,22.333862744976127]]]},"properties":{"OBJECTID":235300,"Shape__Length":300.0783936951309,"Shape__Area":494.86033749042053,"GeoRefNo":"3506421610","DateCreate":1142006400000,"BuildingBlockType":"Podium","BuildingCSUID":"3506421610P20060311","BuildingID":1108245608,"Status":"Active","BuildingNameEN":null,"BuildingNameTC":null,"BaseHeight":9.0999999999999996,"TopHeight":12.300000000000001,"Storeys":null,"StoreysInBasement":null,"DateStamp":1413302400000}},{"type":"Feature","id":237442,"geometry":{"type":"Polygon","coordinates":[[[114.15725093591094,22.329224059387965],[114.15727718891091,22.329203778332271],[114.15725221371035,22.329175949200977],[114.15731959350457,22.329123918590167],[114.15734956915868,22.329157518132522],[114.15735698524668,22.329151791376301],[114.15743224711412,22.329235653068089],[114.15742480024561,22.329241445566648],[114.15744701874225,22.329266202859582],[114.15737967681831,22.329317977419681],[114.15735777917769,22.329293577586707],[114.15733126445303,22.3293140609088],[114.15730116318343,22.329280334920377],[114.15732757985838,22.32925992744822],[114.15731140497115,22.3292419042502],[114.15728504091295,22.329262271178777],[114.15725093591094,22.329224059387965]]]},"properties":{"OBJECTID":237442,"Shape__Length":75.141377046638468,"Shape__Area":233.23340388653037,"GeoRefNo":"3425721132","DateCreate":1114790400000,"BuildingBlockType":"Tower","BuildingCSUID":"3425721132T20050430","BuildingID":1108227960,"Status":"Active","BuildingNameEN":"Fung Sing Building","BuildingNameTC":"豐盛大廈","BaseHeight":17.5,"TopHeight":45.399999999999999,"Storeys":10,"StoreysInBasement":null,"DateStamp":1599580800000}},{"type":"Feature","id":237555,"geometry":{"type":"Polygon","coordinates":[[[114.15748054389324,22.328826134078355],[114.15750035333912,22.328810774155048],[114.15749727167035,22.328807334038245],[114.15748652217644,22.328795334451449],[114.15746417681052,22.328770390485214],[114.15752593407902,22.328722504783997],[114.15755839296679,22.328758738445138],[114.15757803162441,22.32874360362435],[114.15758385149333,22.32875014020043],[114.15761162250577,22.328781330706512],[114.15759040750547,22.328797780558379],[114.15759517554031,22.328803103027809],[114.15753503866391,22.328849719067165],[114.15753027761747,22.328844404363135],[114.15751051738795,22.328859726096514],[114.15748054389324,22.328826134078355]]]},"properties":{"OBJECTID":237555,"Shape__Length":49.96284477514056,"Shape__Area":121.52305003469857,"GeoRefNo":"3427421083","DateCreate":1114790400000,"BuildingBlockType":"Tower","BuildingCSUID":"3427421083T20050430","BuildingID":1108228281,"Status":"Active","BuildingNameEN":"Yen Kwong Mansion","BuildingNameTC":"仁光大廈","BaseHeight":8.9000000000000004,"TopHeight":45.200000000000003,"Storeys":13,"StoreysInBasement":null,"DateStamp":1599580800000}},{"type":"Feature","id":238605,"geometry":{"type":"Polygon","coordinates":[[[114.15765855849141,22.326445496279895],[114.15761557372188,22.326478967573362],[114.15745954671722,22.326307142099989],[114.15742191085192,22.326265696237375],[114.15738590544052,22.326226056678685],[114.15733372189365,22.326168597819702],[114.15734057465242,22.326098611598074],[114.15736411530969,22.326080155907693],[114.15737400723775,22.32607239982136],[114.15737906483723,22.326068436000803],[114.157382918709,22.326065411216675],[114.15738403506101,22.326064598597796],[114.15738499611012,22.32606378596029],[114.15739183017811,22.326058431642064],[114.15739343191272,22.326057176582594],[114.1574007319399,22.326051452065805],[114.15740777957184,22.326045926191355],[114.15740964340722,22.326044472490207],[114.15741765207849,22.326038197191771],[114.15741855487492,22.326037483883546],[114.15742704891919,22.3260308293581],[114.15746404411533,22.326001827537674],[114.15750527175301,22.325969511988003],[114.15756492810898,22.326035243698854],[114.15757762219761,22.326049224555117],[114.15758060229902,22.326047563281083],[114.15758283491125,22.326046588242843],[114.15758508693013,22.326045658359785],[114.15758736806079,22.326044782663697],[114.15758966859811,22.326043952122795],[114.15759198854083,22.32604317576768],[114.15759432789019,22.326042444567772],[114.15759667693854,22.32604176755251],[114.15759905509994,22.3260411356936],[114.15760144296033,22.326040558019329],[114.15760384051971,22.326040034529683],[114.15760625748449,22.326039565225827],[114.15760868414949,22.32603914107602],[114.15761111080708,22.326038771109683],[114.15761355687007,22.326038455329144],[114.15761601263205,22.326038193733236],[114.15761846838663,22.326037986320799],[114.157620924135,22.326037824061284],[114.15762338958238,22.326037715986377],[114.15762585502112,22.326037671125526],[114.15762832045367,22.326037671417591],[114.15763078587879,22.326037725893126],[114.15763325129652,22.32603783455215],[114.15763571670682,22.326037997394675],[114.15763817240455,22.326038205388926],[114.15764061838719,22.326038476596079],[114.1576439670429,22.326038928521822],[114.15764639359914,22.326039299063037],[114.15764882014798,22.326039723787762],[114.15765123698301,22.326040202694806],[114.15765363439903,22.32604072675246],[114.15765602210247,22.32604129596189],[114.1576584000921,22.326041919353621],[114.15766075866271,22.326042587895959],[114.1576630978131,22.326043310619497],[114.15766542725093,22.326044078494778],[114.15766772756331,22.32604489151953],[114.15767001816313,22.326045749696],[114.1576722796363,22.32604666205253],[114.15767452169048,22.326047619559695],[114.15767674432567,22.326048622217439],[114.15767893783544,22.326049670024659],[114.15768110222105,22.326050753950749],[114.15768324718643,22.326051892058018],[114.15768536302639,22.326053075314785],[114.15768744974216,22.326054294690405],[114.15768950733256,22.326055559215501],[114.15769153579753,22.32605686889007],[114.15769352543191,22.326058214682387],[114.15769548594085,22.326059605624142],[114.15769741732564,22.326061032684798],[114.15769930987861,22.326062504893791],[114.15770117330739,22.326064013221668],[114.15770299790556,22.326065557667285],[114.15770478367314,22.326067138230641],[114.15770653061013,22.326068754911745],[114.15770823871649,22.326070407710606],[114.15770990799228,22.326072096627211],[114.15771153843747,22.326073821661566],[114.15771312034683,22.326075573781935],[114.15771466342562,22.326077362020051],[114.15771616767378,22.326079186375935],[114.15771762338737,22.326081028787247],[114.15771904026914,22.326082916346881],[114.15772040861633,22.326084821961992],[114.15772172842772,22.326086754663098],[114.15772300940974,22.32608871445138],[114.15772424185593,22.326090701325693],[114.15772541605988,22.326092715284908],[114.15772655143446,22.326094756331294],[114.15772763827445,22.326096815433118],[114.15772867657989,22.326098892590402],[114.15772966634947,22.326100996833674],[114.15773059787806,22.326103119131282],[114.15773148087204,22.326105259484365],[114.15773231533142,22.32610741789285],[114.15773310125624,22.326109594356812],[114.15773382894122,22.326111779844481],[114.15773450809164,22.326113983387614],[114.15773513870742,22.326116204986203],[114.15773571108343,22.326118435608503],[114.15773623492603,22.326120675255684],[114.15773670052884,22.326122923926583],[114.15773710789061,22.326125190651783],[114.15773746672022,22.326127457371282],[114.15773777701644,22.326129733115643],[114.15773811628944,22.326133056411464],[114.15773831981367,22.326135341173824],[114.15773846509931,22.326137625929338],[114.15773854243868,22.32613991970743],[114.15773857124591,22.326142213479784],[114.15773854181451,22.32614450724531],[114.15773845414451,22.326146801003983],[114.1577383082371,22.326149085725177],[114.1577381040911,22.326151370439526],[114.15773784170646,22.326153655147024],[114.15773752108444,22.326155930817073],[114.15773714222503,22.326158197449676],[114.15773671483463,22.326160455045954],[114.15773621950041,22.326162703603654],[114.15773567563646,22.326164934094457],[114.15773507353386,22.326167164578411],[114.15773442290276,22.32616936796488],[114.15773370432781,22.326171562312741],[114.15773293722187,22.326173747624306],[114.15773211188099,22.326175905837243],[114.15773123800911,22.326178055013877],[114.15773030590229,22.326180177091874],[114.15772932526569,22.326182281103002],[114.15772828639412,22.326184358015478],[114.15772719899282,22.326186416861052],[114.15772605335653,22.326188448608008],[114.15772486889691,22.326190462289187],[114.15772362620356,22.326192439841172],[114.15772233498043,22.32619439932623],[114.15772099522999,22.326196322683234],[114.15771960695103,22.326198218942725],[114.15771817014475,22.326200079074152],[114.15771672355696,22.32620249007017],[114.15773067932372,22.326217861773269],[114.15773815216176,22.326226098548432],[114.15779381027843,22.326287422775987],[114.15779563529951,22.326285878760043],[114.15779752825462,22.326284416027313],[114.15779950855547,22.326283043610673],[114.15780156649312,22.326281779570166],[114.15780368265716,22.326280605842335],[114.15780586675156,22.326279540489473],[114.15780810907115,22.326278574479886],[114.15781039990701,22.32627772587356],[114.15781273926038,22.326276985639947],[114.15781510771835,22.326276353776734],[114.15781751498616,22.326275839315684],[114.15781994165098,22.326275442254488],[114.15782238771151,22.326275171623738],[114.1578248434638,22.326275009361112],[114.15782730890663,22.326274964497237],[114.15782977433358,22.326275037030914],[114.15783223974339,22.326275235992771],[114.15783467601922,22.326275543318218],[114.15783710257273,22.326275968040118],[114.15783949998979,22.326276519186774],[114.15784185856644,22.326277178695868],[114.15784417830268,22.326277946567444],[114.15784645919727,22.326278831832035],[114.15784868183981,22.326279816426236],[114.15785084622783,22.326280918411207],[114.15785295236499,22.326282110695178],[114.15785499054242,22.326283411338238],[114.15785694134968,22.326284802276877],[114.15785882419843,22.326286292544012],[114.15786061967825,22.326287864076146],[114.15786231808146,22.326289525902784],[114.15786392911691,22.326291259963881],[114.15786543337053,22.32629307528774],[114.15786684055,22.326294962844923],[114.15786814095124,22.326296904573113],[114.15786933457188,22.326298918533507],[114.15787041170913,22.326300977633171],[114.1578713723617,22.326303090902755],[114.15787221653088,22.326305249311613],[114.1578729345126,22.326307434797496],[114.1578735360109,22.326309665422666],[114.15787401132299,22.326311914094251],[114.15787436044884,22.326314180812261],[114.15787458338846,22.326316465576681],[114.15787468014304,22.326318759356916],[114.15787464100737,22.326321053121287],[114.15787448539557,22.326323337841433],[114.15787419389471,22.326325613515102],[114.1578737859177,22.326327880144568],[114.15787324205408,22.326330119666363],[114.15787258171792,22.32633232305222],[114.1578717952016,22.326334499331548],[114.15787089221396,22.32633663044431],[114.15786987275504,22.32633871639052],[114.15786873682481,22.326340757170165],[114.15786748442569,22.326342734722068],[114.15786613497059,22.326344649048494],[114.15786466904663,22.326346500147189],[114.15786311577558,22.326348269960366],[114.1578614557433,22.32634996751635],[114.15785970836394,22.326351583786806],[114.15785786393103,22.326353118770626],[114.15785594185992,22.326354554408873],[114.15785395185587,22.326355899733283],[114.15785188421235,22.326357154742727],[114.15784974863833,22.326358301377152],[114.15784754513379,22.326359339636561],[114.15784529311041,22.3263602785538],[114.15784299257062,22.326361100067704],[114.15784065321969,22.326361813209992],[114.1578382750576,22.326362417980668],[114.15783585808558,22.326362905349132],[114.15783342171655,22.326363275317647],[114.15783097565694,22.326363527887406],[114.15782851020154,22.326363654026647],[114.15782604476081,22.326363671798749],[114.157823579336,22.326363572173243],[114.15782112363475,22.326363346120658],[114.1578186873611,22.326363011703236],[114.15781627051749,22.326362550859869],[114.15781388280794,22.326361981652855],[114.15781152423367,22.326361295051591],[114.15780921420637,22.326360500088935],[114.15780695272724,22.326359587734348],[114.15780473979386,22.326358576048957],[114.15780258511393,22.326357456003368],[114.15780049839263,22.326356236629259],[114.15779848933767,22.326354908897198],[114.15779654823889,22.326353499897831],[114.15779468480524,22.326351991571098],[114.15779291844839,22.326350392949895],[114.15779122975418,22.326348713062501],[114.15778964784074,22.326346960942942],[114.1577879009741,22.32634479339703],[114.15777177685678,22.326357353047666],[114.15771599768213,22.326400774569464],[114.15768972923152,22.326421225747691],[114.15765855849141,22.326445496279895]]]},"properties":{"OBJECTID":238605,"Shape__Length":176.49562020587607,"Shape__Area":1591.0983620130417,"GeoRefNo":"3427820799","DateCreate":1230048000000,"BuildingBlockType":"Tower","BuildingCSUID":"3427820799T20081224","BuildingID":1108230041,"Status":"Active","BuildingNameEN":null,"BuildingNameTC":null,"BaseHeight":4.5999999999999996,"TopHeight":6.4000000000000004,"Storeys":1,"StoreysInBasement":null,"DateStamp":1306944000000}},{"type":"Feature","id":238606,"geometry":{"type":"Polygon","coordinates":[[[114.15925353960017,22.326372716978636],[114.15929132520989,22.326414273056692],[114.1592280221853,22.326463478374997],[114.15919484207951,22.326489269103],[114.15919651020282,22.326417669017026],[114.15922803104893,22.326392823520369],[114.15925353960017,22.326372716978636]]]},"properties":{"OBJECTID":238606,"Shape__Length":34.611183254205486,"Shape__Area":61.899285493542081,"GeoRefNo":"3445020823","DateCreate":1196179200000,"BuildingBlockType":"Tower","BuildingCSUID":"3445020823T20071128","BuildingID":1108230033,"Status":"Active","BuildingNameEN":"Tung Chau St Park Substation","BuildingNameTC":"通州街公園變電站","BaseHeight":4.7000000000000002,"TopHeight":11.6,"Storeys":null,"StoreysInBasement":null,"DateStamp":1307548800000}}]}