{"type":"FeatureCollection","features":[{"type":"Feature","id":297043,"geometry":{"type":"Polygon","coordinates":[[[114.16249862377201,22.44714717513768],[114.16250787689523,22.447150616561743],[114.16251512659362,22.44713828838043],[114.16260750434094,22.447158510134834],[114.16261490669433,22.447161951389557],[114.16259592413466,22.447208231505144],[114.16255903889879,22.447258854856837],[114.1624737869559,22.447213834733333],[114.16249399380902,22.447179000387496],[114.16248520352858,22.447175272286966],[114.16249862377201,22.44714717513768]]]},"properties":{"OBJECTID":297043,"Shape__Length":44.332053254970717,"Shape__Area":118.33244659959752,"GeoRefNo":"3479134194","DateCreate":1114790400000,"BuildingBlockType":"Temporary Structure","BuildingCSUID":"3479134194T20050430","BuildingID":1106128902,"Status":"Active","BuildingNameEN":null,"BuildingNameTC":null,"BaseHeight":null,"TopHeight":67.900000000000006,"Storeys":null,"StoreysInBasement":null,"DateStamp":1663257600000}},{"type":"Feature","id":297045,"geometry":{"type":"Polygon","coordinates":[[[114.162473087303,22.447181670638976],[114.1624644967533,22.447200630662945],[114.16237210695517,22.447164460505473],[114.162387880849,22.44712964600356],[114.1624802707253,22.447165816242446],[114.162473087303,22.447181670638976]]]},"properties":{"OBJECTID":297045,"Shape__Length":29.004855769642401,"Shape__Area":43.167405799145797,"GeoRefNo":"3478034191","DateCreate":1114790400000,"BuildingBlockType":"Tower","BuildingCSUID":"3478034191T20050430","BuildingID":1106128925,"Status":"Active","BuildingNameEN":null,"BuildingNameTC":null,"BaseHeight":63.399999999999999,"TopHeight":70,"Storeys":null,"StoreysInBasement":null,"DateStamp":1663257600000}},{"type":"Feature","id":297047,"geometry":{"type":"Polygon","coordinates":[[[114.162473087303,22.447181670638976],[114.1624802707253,22.447165816242446],[114.162387880849,22.44712964600356],[114.16239718423836,22.447108264350945],[114.16240582107783,22.447105780213896],[114.16243707709189,22.447104827312859],[114.16244324599002,22.447105019037807],[114.16249465144979,22.447126623010828],[114.16248724715412,22.447142105062877],[114.16249862377201,22.44714717513768],[114.16248520352858,22.447175272286966],[114.16248089577945,22.4471846748621],[114.162473087303,22.447181670638976]]]},"properties":{"OBJECTID":297047,"Shape__Length":33.951233684148853,"Shape__Area":47.827749148372497,"GeoRefNo":"3478334188","DateCreate":1210780800000,"BuildingBlockType":"Temporary Structure","BuildingCSUID":"3478334188T20080515","BuildingID":1106128938,"Status":"Active","BuildingNameEN":null,"BuildingNameTC":null,"BaseHeight":62.600000000000001,"TopHeight":67.5,"Storeys":null,"StoreysInBasement":null,"DateStamp":1663257600000}},{"type":"Feature","id":297048,"geometry":{"type":"Polygon","coordinates":[[[114.16272477633224,22.446988192827771],[114.16270697746677,22.446986733303959],[114.16270809914857,22.446955007075161],[114.1627082050522,22.446952011322157],[114.16268351000018,22.446951792427591],[114.16268316645566,22.446986532547641],[114.16264484524041,22.446985842235954],[114.1626451542258,22.446980537956037],[114.16263343336534,22.446979820087666],[114.16263312718289,22.446957599458784],[114.16259981355954,22.446971359023237],[114.16258316070615,22.446939962011822],[114.16264747454497,22.446912442769715],[114.16264732117801,22.446903554533446],[114.16268356478878,22.446891515517212],[114.16280324058644,22.446915233794957],[114.16280292804923,22.446948171259201],[114.16272496884926,22.446948174846554],[114.16272477633224,22.446988192827771]]]},"properties":{"OBJECTID":297048,"Shape__Length":68.841566898490854,"Shape__Area":135.30274898123943,"GeoRefNo":"3481134166","DateCreate":1210694400000,"BuildingBlockType":"Temporary Structure","BuildingCSUID":"3481134166T20080514","BuildingID":1106129015,"Status":"Active","BuildingNameEN":null,"BuildingNameTC":null,"BaseHeight":null,"TopHeight":null,"Storeys":null,"StoreysInBasement":null,"DateStamp":1663257600000}},{"type":"Feature","id":300364,"geometry":{"type":"Polygon","coordinates":[[[114.16519577388091,22.445420536675059],[114.1651151663265,22.445359340483591],[114.16514017432291,22.445331519468379],[114.16521992698809,22.445392589159695],[114.16519577388091,22.445420536675059]]]},"properties":{"OBJECTID":300364,"Shape__Length":29.333837604964323,"Shape__Area":42.613922003761651,"GeoRefNo":"3506333993","DateCreate":1114790400000,"BuildingBlockType":"Tower","BuildingCSUID":"3506333993T20050430","BuildingID":1106129733,"Status":"Active","BuildingNameEN":null,"BuildingNameTC":null,"BaseHeight":11.300000000000001,"TopHeight":19,"Storeys":null,"StoreysInBasement":null,"DateStamp":1660752000000}},{"type":"Feature","id":300366,"geometry":{"type":"Polygon","coordinates":[[[114.1651151663265,22.445359340483591],[114.16519577388091,22.445420536675059],[114.16516794828554,22.445452258651063],[114.16508774871176,22.445391432724257],[114.1651151663265,22.445359340483591]]]},"properties":{"OBJECTID":300366,"Shape__Length":30.438420347565469,"Shape__Area":48.452666006820948,"GeoRefNo":"3505933998","DateCreate":1114790400000,"BuildingBlockType":"Tower","BuildingCSUID":"3505933998T20050430","BuildingID":1106129707,"Status":"Active","BuildingNameEN":null,"BuildingNameTC":null,"BaseHeight":11.300000000000001,"TopHeight":19.199999999999999,"Storeys":null,"StoreysInBasement":null,"DateStamp":1660752000000}},{"type":"Feature","id":300367,"geometry":{"type":"Polygon","coordinates":[[[114.16524698496858,22.44536242035748],[114.16516625113184,22.445301251273388],[114.16519167698544,22.445271687402542],[114.16527275084449,22.445332693950341],[114.16524698496858,22.44536242035748]]]},"properties":{"OBJECTID":300367,"Shape__Length":29.877146241910953,"Shape__Area":45.162223486810305,"GeoRefNo":"3506733987","DateCreate":1114790400000,"BuildingBlockType":"Tower","BuildingCSUID":"3506733987T20050430","BuildingID":1106129766,"Status":"Active","BuildingNameEN":null,"BuildingNameTC":null,"BaseHeight":10.9,"TopHeight":18.899999999999999,"Storeys":null,"StoreysInBasement":null,"DateStamp":1660752000000}},{"type":"Feature","id":300368,"geometry":{"type":"Polygon","coordinates":[[[114.16521992698809,22.445392589159695],[114.16514017432291,22.445331519468379],[114.16516625113184,22.445301251273388],[114.16524698496858,22.44536242035748],[114.16521992698809,22.445392589159695]]]},"properties":{"OBJECTID":300368,"Shape__Length":30.00119365377374,"Shape__Area":46.149492001321249,"GeoRefNo":"3506533990","DateCreate":1114790400000,"BuildingBlockType":"Tower","BuildingCSUID":"3506533990T20050430","BuildingID":1106129747,"Status":"Active","BuildingNameEN":null,"BuildingNameTC":null,"BaseHeight":11.300000000000001,"TopHeight":20.300000000000001,"Storeys":null,"StoreysInBasement":null,"DateStamp":1660752000000}},{"type":"Feature","id":300461,"geometry":{"type":"Polygon","coordinates":[[[114.16520348421086,22.444526603495685],[114.16527193964529,22.44445427446912],[114.16531640058052,22.444490634261321],[114.16524795486592,22.444562963307117],[114.16520348421086,22.444526603495685]]]},"properties":{"OBJECTID":300461,"Shape__Length":33.527497320267273,"Shape__Area":65.030958007560685,"GeoRefNo":"3507233898","DateCreate":1504195200000,"BuildingBlockType":"Tower","BuildingCSUID":"3507233898T20170901","BuildingID":1810165356,"Status":"Active","BuildingNameEN":null,"BuildingNameTC":null,"BaseHeight":17.199999999999999,"TopHeight":25.300000000000001,"Storeys":null,"StoreysInBasement":null,"DateStamp":1676304000000}},{"type":"Feature","id":300510,"geometry":{"type":"Polygon","coordinates":[[[114.16527275084449,22.445332693950341],[114.16519167698544,22.445271687402542],[114.16521790922449,22.445241211509735],[114.16529904137528,22.445302100652839],[114.16527275084449,22.445332693950341]]]},"properties":{"OBJECTID":300510,"Shape__Length":30.128852247648052,"Shape__Area":46.473338999131379,"GeoRefNo":"3507133983","DateCreate":1114790400000,"BuildingBlockType":"Tower","BuildingCSUID":"3507133983T20050430","BuildingID":1106129786,"Status":"Active","BuildingNameEN":null,"BuildingNameTC":null,"BaseHeight":9.5999999999999996,"TopHeight":20.300000000000001,"Storeys":null,"StoreysInBasement":null,"DateStamp":1660752000000}},{"type":"Feature","id":300663,"geometry":{"type":"Polygon","coordinates":[[[114.16562435020073,22.445398180973125],[114.16559000543867,22.44532648716206],[114.16562604025532,22.44531133999838],[114.16564690352169,22.445352972562734],[114.16566137402629,22.445382578464582],[114.16562435020073,22.445398180973125]]]},"properties":{"OBJECTID":300663,"Shape__Length":25.632960141131178,"Shape__Area":35.950493624404793,"GeoRefNo":"3511033992","DateCreate":1114790400000,"BuildingBlockType":"Tower","BuildingCSUID":"3511033992T20050430","BuildingID":1106129743,"Status":"Active","BuildingNameEN":null,"BuildingNameTC":null,"BaseHeight":6.9000000000000004,"TopHeight":16.699999999999999,"Storeys":null,"StoreysInBasement":null,"DateStamp":1663257600000}},{"type":"Feature","id":300664,"geometry":{"type":"Polygon","coordinates":[[[114.16562604025532,22.44531133999838],[114.16568323032365,22.445287300285806],[114.16571762410477,22.445358760011391],[114.16568410723818,22.445372736841986],[114.16567008726342,22.445343562358083],[114.16564690352169,22.445352972562734],[114.16562604025532,22.44531133999838]]]},"properties":{"OBJECTID":300664,"Shape__Length":30.139648777302803,"Shape__Area":46.22947264592058,"GeoRefNo":"3511533988","DateCreate":1663257600000,"BuildingBlockType":"Tower","BuildingCSUID":"3511533988T20220916","BuildingID":1910225394,"Status":"Active","BuildingNameEN":null,"BuildingNameTC":null,"BaseHeight":6.7999999999999998,"TopHeight":15.300000000000001,"Storeys":null,"StoreysInBasement":null,"DateStamp":1663257600000}},{"type":"Feature","id":300665,"geometry":{"type":"Polygon","coordinates":[[[114.16564690352169,22.445352972562734],[114.16567008726342,22.445343562358083],[114.16568410723818,22.445372736841986],[114.16566137402629,22.445382578464582],[114.16564690352169,22.445352972562734]]]},"properties":{"OBJECTID":300665,"Shape__Length":12.3247934796184,"Shape__Area":9.2544597687951899,"GeoRefNo":"3511433993","DateCreate":1663257600000,"BuildingBlockType":"Tower","BuildingCSUID":"3511433993T20220916","BuildingID":1910225395,"Status":"Active","BuildingNameEN":null,"BuildingNameTC":null,"BaseHeight":6.7999999999999998,"TopHeight":15.300000000000001,"Storeys":null,"StoreysInBasement":null,"DateStamp":1663257600000}},{"type":"Feature","id":300666,"geometry":{"type":"Polygon","coordinates":[[[114.16636874855098,22.443849558679023],[114.16640396374193,22.443833436809093],[114.1664151165505,22.443853502480241],[114.16637990145291,22.443869624442883],[114.16636874855098,22.443849558679023]]]},"properties":{"OBJECTID":300666,"Shape__Length":13.083623765611554,"Shape__Area":10.104293942848495,"GeoRefNo":"3518933825","DateCreate":1663257600000,"BuildingBlockType":"Temporary Structure","BuildingCSUID":"3518933825T20220916","BuildingID":1910225400,"Status":"Active","BuildingNameEN":null,"BuildingNameTC":null,"BaseHeight":11.300000000000001,"TopHeight":14.300000000000001,"Storeys":null,"StoreysInBasement":null,"DateStamp":1664294400000}},{"type":"Feature","id":300681,"geometry":{"type":"Polygon","coordinates":[[[114.16640396374193,22.443833436809093],[114.16644335760927,22.44381540191787],[114.16646358050629,22.4438518503196],[114.16642421509606,22.443869872213668],[114.1664151165505,22.443853502480241],[114.16640396374193,22.443833436809093]]]},"properties":{"OBJECTID":300681,"Shape__Length":18.120010265772656,"Shape__Area":20.517121277959415,"GeoRefNo":"3519333824","DateCreate":1663257600000,"BuildingBlockType":"Temporary Structure","BuildingCSUID":"3519333824T20220916","BuildingID":1910225401,"Status":"Active","BuildingNameEN":null,"BuildingNameTC":null,"BaseHeight":11.300000000000001,"TopHeight":14.300000000000001,"Storeys":null,"StoreysInBasement":null,"DateStamp":1664294400000}},{"type":"Feature","id":300682,"geometry":{"type":"Polygon","coordinates":[[[114.1665201076737,22.443785930169195],[114.16655127114502,22.443771372353861],[114.16656830746143,22.443802797438757],[114.16653703527473,22.443817406001553],[114.1665201076737,22.443785930169195]]]},"properties":{"OBJECTID":300682,"Shape__Length":14.986507906796001,"Shape__Area":14.014639659113378,"GeoRefNo":"3520533819","DateCreate":1663257600000,"BuildingBlockType":"Temporary Structure","BuildingCSUID":"3520533819T20220916","BuildingID":1910225402,"Status":"Active","BuildingNameEN":null,"BuildingNameTC":null,"BaseHeight":11.6,"TopHeight":14.4,"Storeys":null,"StoreysInBasement":null,"DateStamp":1664294400000}},{"type":"Feature","id":300705,"geometry":{"type":"Polygon","coordinates":[[[114.16593509430291,22.444862793026878],[114.16601047005798,22.444836794905868],[114.16599933712061,22.444895794454428],[114.16594916171964,22.444896597135912],[114.16593509430291,22.444862793026878]]]},"properties":{"OBJECTID":300705,"Shape__Length":24.088330128923761,"Shape__Area":33.427925663150987,"GeoRefNo":"3514633938","DateCreate":1663257600000,"BuildingBlockType":"Temporary Structure","BuildingCSUID":"3514633938T20220916","BuildingID":1910225411,"Status":"Active","BuildingNameEN":null,"BuildingNameTC":null,"BaseHeight":7.2999999999999998,"TopHeight":11.9,"Storeys":null,"StoreysInBasement":null,"DateStamp":1664294400000}},{"type":"Feature","id":300706,"geometry":{"type":"Polygon","coordinates":[[[114.1659244153167,22.444837131455181],[114.16601595974564,22.444807702218888],[114.16601047005798,22.444836794905868],[114.16593509430291,22.444862793026878],[114.1659244153167,22.444837131455181]]]},"properties":{"OBJECTID":300706,"Shape__Length":24.564453690010602,"Shape__Area":26.864934738338494,"GeoRefNo":"3514633934","DateCreate":1663257600000,"BuildingBlockType":"Temporary Structure","BuildingCSUID":"3514633934T20220916","BuildingID":1910225412,"Status":"Active","BuildingNameEN":null,"BuildingNameTC":null,"BaseHeight":7.2999999999999998,"TopHeight":12.9,"Storeys":null,"StoreysInBasement":null,"DateStamp":1664294400000}},{"type":"Feature","id":300707,"geometry":{"type":"Polygon","coordinates":[[[114.1659244153167,22.444837131455181],[114.16591056208013,22.444803842003815],[114.16599277187331,22.444777975294997],[114.16599614932076,22.444786138782167],[114.16602161464829,22.444777734040127],[114.16601595974564,22.444807702218888],[114.1659244153167,22.444837131455181]]]},"properties":{"OBJECTID":300707,"Shape__Length":29.976972669871522,"Shape__Area":40.611488500784731,"GeoRefNo":"3514533931","DateCreate":1663257600000,"BuildingBlockType":"Temporary Structure","BuildingCSUID":"3514533931T20220916","BuildingID":1910225413,"Status":"Active","BuildingNameEN":null,"BuildingNameTC":null,"BaseHeight":7.2999999999999998,"TopHeight":12.9,"Storeys":null,"StoreysInBasement":null,"DateStamp":1664294400000}},{"type":"Feature","id":300708,"geometry":{"type":"Polygon","coordinates":[[[114.16514553527907,22.444491416384412],[114.16518181413369,22.444517205743786],[114.16516245753701,22.444541099019489],[114.16512654732875,22.444515571656087],[114.16514553527907,22.444491416384412]]]},"properties":{"OBJECTID":300708,"Shape__Length":15.979836884334979,"Shape__Area":15.491956350722944,"GeoRefNo":"3506233899","DateCreate":1663257600000,"BuildingBlockType":"Tower","BuildingCSUID":"3506233899T20220916","BuildingID":1910225418,"Status":"Active","BuildingNameEN":null,"BuildingNameTC":null,"BaseHeight":17.100000000000001,"TopHeight":21.399999999999999,"Storeys":null,"StoreysInBasement":null,"DateStamp":1663257600000}},{"type":"Feature","id":301146,"geometry":{"type":"Polygon","coordinates":[[[114.16249749208964,22.449015947513974],[114.16248257570619,22.449063397500336],[114.16246739046969,22.449061169330292],[114.16238880806794,22.44904214418645],[114.16238812699997,22.44903417737217],[114.16235683892369,22.449015086092899],[114.16232096129544,22.448998031032147],[114.16231253495334,22.448994027797927],[114.16230200757387,22.449015957117496],[114.16224584745315,22.448995994755062],[114.1622732427324,22.448911752160466],[114.16230593634361,22.448923295390671],[114.16231089403757,22.4489106558256],[114.16225154754143,22.448888914450308],[114.16227463215976,22.448867154143336],[114.16225831898579,22.448832009228539],[114.1622951336613,22.4488100017305],[114.16229086216201,22.448759066896681],[114.16237169297095,22.448735414382028],[114.16257998536278,22.448696556828303],[114.16258667165421,22.448724297517593],[114.16260246812271,22.448726501438504],[114.16261024990672,22.448767285986417],[114.16258901513763,22.448779008256437],[114.16249453984152,22.448801221658886],[114.16247616014898,22.448806682995343],[114.16244150547183,22.448816973718145],[114.16246031748716,22.448877426132047],[114.16243871496509,22.448885506188191],[114.16243725163328,22.448902131387339],[114.1624532373885,22.448904125923544],[114.16245272371786,22.448935601511806],[114.16246312930511,22.448938506902621],[114.16245526935315,22.448961737848059],[114.16241375773409,22.448952158344422],[114.16239865682188,22.449004492154906],[114.16244200423282,22.449015588761124],[114.16245870505479,22.448962623680142],[114.16248946243662,22.448971020311163],[114.16248213924391,22.449011189540133],[114.16249749208964,22.449015947513974]]]},"properties":{"OBJECTID":301146,"Shape__Length":182.37793735783515,"Shape__Area":738.72642234839964,"GeoRefNo":"3477534374","DateCreate":1207843200000,"BuildingBlockType":"Temporary Structure","BuildingCSUID":"3477534374T20080411","BuildingID":1106127508,"Status":"Active","BuildingNameEN":null,"BuildingNameTC":null,"BaseHeight":null,"TopHeight":null,"Storeys":null,"StoreysInBasement":null,"DateStamp":1665676800000}},{"type":"Feature","id":301208,"geometry":{"type":"Polygon","coordinates":[[[114.16260466619423,22.448839131756639],[114.16251132259312,22.448862863558126],[114.16249453984152,22.448801221658886],[114.16258901513763,22.448779008256437],[114.16260466619423,22.448839131756639]]]},"properties":{"OBJECTID":301208,"Shape__Length":33.88338062272247,"Shape__Area":69.417290318426737,"GeoRefNo":"3479334376","DateCreate":1114790400000,"BuildingBlockType":"Tower","BuildingCSUID":"3479334376T20050430","BuildingID":1106127650,"Status":"Active","BuildingNameEN":null,"BuildingNameTC":null,"BaseHeight":5.0999999999999996,"TopHeight":8.6999999999999993,"Storeys":null,"StoreysInBasement":null,"DateStamp":1665676800000}},{"type":"Feature","id":301218,"geometry":{"type":"Polygon","coordinates":[[[114.16249712832166,22.448868958844777],[114.16246031748716,22.448877426132047],[114.16244150547183,22.448816973718145],[114.16247616014898,22.448806682995343],[114.16249712832166,22.448868958844777]]]},"properties":{"OBJECTID":301218,"Shape__Length":21.84292137847202,"Shape__Area":27.120120177474991,"GeoRefNo":"3478534378","DateCreate":1114790400000,"BuildingBlockType":"Tower","BuildingCSUID":"3478534378T20050430","BuildingID":1106127636,"Status":"Active","BuildingNameEN":null,"BuildingNameTC":null,"BaseHeight":5,"TopHeight":8.4000000000000004,"Storeys":null,"StoreysInBasement":null,"DateStamp":1665676800000}},{"type":"Feature","id":302981,"geometry":{"type":"Polygon","coordinates":[[[114.16688063860809,22.447299934021636],[114.16684714524546,22.447235876787619],[114.16679121363573,22.447128915014172],[114.16698470171994,22.447041098388315],[114.16717640071506,22.446954083507208],[114.16726602778026,22.447122922185294],[114.16701907849365,22.447235887338824],[114.16698468684665,22.447251616290572],[114.16688063860809,22.447299934021636]]]},"properties":{"OBJECTID":302981,"Shape__Length":130.27799808269384,"Shape__Area":924.64742422750453,"GeoRefNo":"3524234202","DateCreate":1114790400000,"BuildingBlockType":"Tower","BuildingCSUID":"3524234202T20050430","BuildingID":1106128865,"Status":"Active","BuildingNameEN":"Mee Fat Building","BuildingNameTC":"美發大廈","BaseHeight":4.9000000000000004,"TopHeight":48.200000000000003,"Storeys":14,"StoreysInBasement":null,"DateStamp":1679241600000}},{"type":"Feature","id":304541,"geometry":{"type":"Polygon","coordinates":[[[114.16323833195389,22.44681336184253],[114.16321469296209,22.446872442577884],[114.16315832720403,22.44685374414189],[114.16318240675281,22.446793981201218],[114.16323833195389,22.44681336184253]]]},"properties":{"OBJECTID":304541,"Shape__Length":26.35129428035129,"Shape__Area":43.20726930041041,"GeoRefNo":"3486134156","DateCreate":1120492800000,"BuildingBlockType":"Temporary Structure","BuildingCSUID":"3486134156T20050705","BuildingID":1106129056,"Status":"Active","BuildingNameEN":null,"BuildingNameTC":null,"BaseHeight":null,"TopHeight":49.399999999999999,"Storeys":null,"StoreysInBasement":null,"DateStamp":1684944000000}},{"type":"Feature","id":304576,"geometry":{"type":"Polygon","coordinates":[[[114.16248515390241,22.443518681470184],[114.16250108974884,22.443520116471152],[114.16249620104657,22.443569574851924],[114.16247820893292,22.443567900721689],[114.16247923810961,22.443557387827109],[114.1624714857581,22.443556600765252],[114.16247462507995,22.443524942342332],[114.16246285917818,22.443523888975971],[114.16243364264879,22.443521273318847],[114.16240818766882,22.443518994377179],[114.16240769101448,22.443530697803979],[114.16240126972228,22.443530245707048],[114.16240065205388,22.443537902214374],[114.16238911633179,22.443534570208215],[114.16239100296318,22.44351523617042],[114.16239929178822,22.443493139385684],[114.1624656805747,22.443499466629312],[114.16248746888371,22.443501717602807],[114.16248515390241,22.443518681470184]]]},"properties":{"OBJECTID":304576,"Shape__Length":41.186995679149646,"Shape__Area":41.916922065047899,"GeoRefNo":"3478133787","DateCreate":1210694400000,"BuildingBlockType":"Open-sided Structure","BuildingCSUID":"3478133787T20080514","BuildingID":1106130564,"Status":"Active","BuildingNameEN":null,"BuildingNameTC":null,"BaseHeight":null,"TopHeight":null,"Storeys":null,"StoreysInBasement":null,"DateStamp":1682524800000}},{"type":"Feature","id":304746,"geometry":{"type":"Polygon","coordinates":[[[114.16258960380716,22.443738513245208],[114.16259311285103,22.443724859053958],[114.16267940560502,22.443744581124264],[114.16271003744997,22.44375158195983],[114.1627079164267,22.443759601270596],[114.16268696266023,22.443753467755528],[114.16268407681441,22.443759481786184],[114.16258960380716,22.443738513245208]]]},"properties":{"OBJECTID":304746,"Shape__Length":27.85223457455028,"Shape__Area":17.261864915780826,"GeoRefNo":"3480333813","DateCreate":1682524800000,"BuildingBlockType":"Open-sided Structure","BuildingCSUID":"3480333813T20230427","BuildingID":1910231456,"Status":"Active","BuildingNameEN":null,"BuildingNameTC":null,"BaseHeight":null,"TopHeight":null,"Storeys":null,"StoreysInBasement":null,"DateStamp":1682524800000}},{"type":"Feature","id":304747,"geometry":{"type":"Polygon","coordinates":[[[114.16327957514012,22.443627019989044],[114.1633054966038,22.443596715953419],[114.16327683090935,22.443575609371891],[114.16328448689502,22.44356642604096],[114.16324199827407,22.443535917587113],[114.1632286041075,22.443551759310171],[114.16320842079567,22.443575630701854],[114.16320249500973,22.443574492363958],[114.16320865686089,22.443545794094643],[114.1631506133255,22.443534573357077],[114.16315214425434,22.443527563234049],[114.1631540223438,22.443518963418896],[114.16315687497628,22.443519518311295],[114.16322460987409,22.443532693151866],[114.16324491604753,22.443526960523329],[114.16325952342967,22.443510472049326],[114.16326224313111,22.443507402103553],[114.16327003380044,22.443513763902224],[114.16332872465904,22.443561690565669],[114.16333655603373,22.443567098657997],[114.1633438689187,22.443572743304539],[114.16332111667143,22.443597892846874],[114.16331767267559,22.443601699798748],[114.16328896094718,22.443633436735531],[114.16327957514012,22.443627019989044]]]},"properties":{"OBJECTID":304747,"Shape__Length":65.674674706772251,"Shape__Area":71.046128415867315,"GeoRefNo":"3487033793","DateCreate":1682524800000,"BuildingBlockType":"Open-sided Structure","BuildingCSUID":"3487033793T20230427","BuildingID":1910231457,"Status":"Active","BuildingNameEN":null,"BuildingNameTC":null,"BaseHeight":null,"TopHeight":null,"Storeys":null,"StoreysInBasement":null,"DateStamp":1682524800000}},{"type":"Feature","id":304938,"geometry":{"type":"Polygon","coordinates":[[[114.16374030393011,22.442956338934493],[114.16371816389822,22.442922324462703],[114.16369426288631,22.442885604500113],[114.16367361695004,22.442853885505126],[114.16368368080923,22.442847818942059],[114.16374307640798,22.442812014487092],[114.16380760396567,22.442773116409235],[114.16387674275988,22.442872438941148],[114.16386974793089,22.442876339536788],[114.16386482237772,22.442879382405017],[114.16386327767729,22.442880339509319],[114.16385227047378,22.442887138558341],[114.16375806314241,22.442945368369315],[114.16374974701266,22.442950506025252],[114.16374030393011,22.442956338934493]]]},"properties":{"OBJECTID":304938,"Shape__Length":59.640068660137445,"Shape__Area":218.92711908442098,"GeoRefNo":"3491833715","DateCreate":1142006400000,"BuildingBlockType":"Podium","BuildingCSUID":"3491833715P20060311","BuildingID":1106137494,"Status":"Active","BuildingNameEN":null,"BuildingNameTC":null,"BaseHeight":9.1999999999999993,"TopHeight":13.800000000000001,"Storeys":null,"StoreysInBasement":null,"DateStamp":1684252800000}},{"type":"Feature","id":305234,"geometry":{"type":"Polygon","coordinates":[[[114.1704433339294,22.443873736269925],[114.17060078383338,22.44391650931551],[114.17060326331752,22.443948564910961],[114.17043970770135,22.443957570905717],[114.17043384404296,22.443871158240356],[114.1704433339294,22.443873736269925]]]},"properties":{"OBJECTID":305234,"Shape__Length":47.915680288193812,"Shape__Area":110.71228813320684,"GeoRefNo":"3561233833","DateCreate":1114790400000,"BuildingBlockType":"Tower","BuildingCSUID":"3561233833T20050430","BuildingID":1106130362,"Status":"Active","BuildingNameEN":"Tai Po Market MTR Station Public Toilet","BuildingNameTC":"港鐵大埔墟站公廁","BaseHeight":4.2000000000000002,"TopHeight":7.7999999999999998,"Storeys":1,"StoreysInBasement":null,"DateStamp":1788192000000}},{"type":"Feature","id":305235,"geometry":{"type":"Polygon","coordinates":[[[114.17043970770135,22.443957570905717],[114.17032125890897,22.4439259776324],[114.17032548289023,22.44396611817934],[114.17018285471107,22.443929060401342],[114.1701788724001,22.443870064810234],[114.17017489436394,22.443811131348319],[114.17028458061796,22.443839202496086],[114.17028085355712,22.443786600209169],[114.17027887833544,22.443758721756392],[114.17027791120908,22.443745072002073],[114.1702757603681,22.443714716578196],[114.17027488517851,22.443702364142844],[114.17027068941596,22.443643146575052],[114.17026979549058,22.443630529727042],[114.1702650166621,22.443563082950941],[114.17026495783087,22.44356225214656],[114.17026435854815,22.443553794106467],[114.17060037388869,22.443646869995099],[114.17065810524424,22.443662861451159],[114.17065925392276,22.443679836946714],[114.17065952555923,22.443683852259156],[114.17067177581836,22.443864893324641],[114.17067181523387,22.443865477054821],[114.17067378416721,22.443894574523441],[114.17067541505931,22.44391867687262],[114.17060036261003,22.443899082957472],[114.17044141234369,22.443857585765109],[114.1704433339294,22.443873736269925],[114.17043384404296,22.443871158240356],[114.17043970770135,22.443957570905717]]]},"properties":{"OBJECTID":305235,"Shape__Length":196.96639331192409,"Shape__Area":1471.3187402497826,"GeoRefNo":"3560933817","DateCreate":1207843200000,"BuildingBlockType":"Open-sided Structure","BuildingCSUID":"3560933817T20080411","BuildingID":1106130357,"Status":"Active","BuildingNameEN":null,"BuildingNameTC":null,"BaseHeight":null,"TopHeight":null,"Storeys":null,"StoreysInBasement":null,"DateStamp":1675612800000}},{"type":"Feature","id":307026,"geometry":{"type":"Polygon","coordinates":[[[114.17085606570724,22.441931956027762],[114.17089661229735,22.441969831266533],[114.17087048904321,22.441993995808836],[114.1708299424528,22.441956129594058],[114.17085606570724,22.441931956027762]]]},"properties":{"OBJECTID":307026,"Shape__Length":19.421447630178157,"Shape__Area":22.44803249797851,"GeoRefNo":"3564933614","DateCreate":1114790400000,"BuildingBlockType":"Tower","BuildingCSUID":"3564933614T20050430","BuildingID":1106131340,"Status":"Active","BuildingNameEN":null,"BuildingNameTC":null,"BaseHeight":15.199999999999999,"TopHeight":17.300000000000001,"Storeys":null,"StoreysInBasement":null,"DateStamp":1610380800000}},{"type":"Feature","id":307357,"geometry":{"type":"Polygon","coordinates":[[[114.16563389944645,22.444677691874638],[114.16565786581398,22.444729759075905],[114.1655638006289,22.444767227476415],[114.16553915845756,22.444718551601468],[114.16563389944645,22.444677691874638]]]},"properties":{"OBJECTID":307357,"Shape__Length":33.513763859124758,"Shape__Area":65.054400275457809,"GeoRefNo":"3510833922","DateCreate":1114790400000,"BuildingBlockType":"Tower","BuildingCSUID":"3510833922T20050430","BuildingID":1106130042,"Status":"Active","BuildingNameEN":null,"BuildingNameTC":null,"BaseHeight":11.1,"TopHeight":22.5,"Storeys":null,"StoreysInBasement":null,"DateStamp":1606752000000}},{"type":"Feature","id":308039,"geometry":{"type":"Polygon","coordinates":[[[114.16931135741099,22.446449273054562],[114.16930656389977,22.446464435142271],[114.1692748737628,22.446455778151776],[114.16927966727719,22.446440616064972],[114.16931135741099,22.446449273054562]]]},"properties":{"OBJECTID":308039,"Shape__Length":10.299989935259044,"Shape__Area":5.9499876646895711,"GeoRefNo":"3548634112","DateCreate":1114790400000,"BuildingBlockType":"Tower","BuildingCSUID":"3548634112T20050430","BuildingID":1106129222,"Status":"Active","BuildingNameEN":null,"BuildingNameTC":null,"BaseHeight":27,"TopHeight":30,"Storeys":null,"StoreysInBasement":null,"DateStamp":1619539200000}},{"type":"Feature","id":308370,"geometry":{"type":"Polygon","coordinates":[[[114.16444912431102,22.445704443720665],[114.16444271313806,22.445698239306694],[114.16443108356195,22.4457099328509],[114.16442072847376,22.445700739052679],[114.16445989014812,22.44566319532991],[114.16447607550296,22.445676008887883],[114.16444912431102,22.445704443720665]]]},"properties":{"OBJECTID":308370,"Shape__Length":16.366040546920324,"Shape__Area":11.924947821049255,"GeoRefNo":"3498834028","DateCreate":1210780800000,"BuildingBlockType":"Temporary Structure","BuildingCSUID":"3498834028T20080515","BuildingID":1106129564,"Status":"Active","BuildingNameEN":null,"BuildingNameTC":null,"BaseHeight":null,"TopHeight":null,"Storeys":null,"StoreysInBasement":null,"DateStamp":1619539200000}},{"type":"Feature","id":308371,"geometry":{"type":"Polygon","coordinates":[[[114.16827315578146,22.445331611088477],[114.16826005688434,22.445348555317935],[114.1682552647891,22.445347358076489],[114.1682626348926,22.445323015253148],[114.16827315578146,22.445331611088477]]]},"properties":{"OBJECTID":308371,"Shape__Length":7.0635620943634443,"Shape__Area":2.3729034544287591,"GeoRefNo":"3538133989","DateCreate":1207843200000,"BuildingBlockType":"Temporary Structure","BuildingCSUID":"3538133989T20080411","BuildingID":1106129776,"Status":"Active","BuildingNameEN":null,"BuildingNameTC":null,"BaseHeight":null,"TopHeight":null,"Storeys":null,"StoreysInBasement":null,"DateStamp":1619539200000}},{"type":"Feature","id":308373,"geometry":{"type":"Polygon","coordinates":[[[114.16299948624763,22.443311652689097],[114.16299467835422,22.443303416500608],[114.16300559803113,22.443298333289654],[114.16301019379041,22.443306251497305],[114.16299948624763,22.443311652689097]]]},"properties":{"OBJECTID":308373,"Shape__Length":4.5451445159658155,"Shape__Area":1.276592455373166,"GeoRefNo":"3484033764","DateCreate":1210694400000,"BuildingBlockType":"Temporary Structure","BuildingCSUID":"3484033764T20080514","BuildingID":1106130679,"Status":"Active","BuildingNameEN":null,"BuildingNameTC":null,"BaseHeight":null,"TopHeight":null,"Storeys":null,"StoreysInBasement":null,"DateStamp":1619539200000}},{"type":"Feature","id":308374,"geometry":{"type":"Polygon","coordinates":[[[114.16256173787396,22.44170614555393],[114.16256937066578,22.44168478928534],[114.16258529463518,22.441692038176512],[114.16257832561067,22.441710773143054],[114.16256173787396,22.44170614555393]]]},"properties":{"OBJECTID":308374,"Shape__Length":8.2951582591727728,"Shape__Area":4.2087095272003285,"GeoRefNo":"3479533586","DateCreate":1114790400000,"BuildingBlockType":"Tower","BuildingCSUID":"3479533586T20050430","BuildingID":1106131455,"Status":"Active","BuildingNameEN":null,"BuildingNameTC":null,"BaseHeight":20.800000000000001,"TopHeight":24.399999999999999,"Storeys":null,"StoreysInBasement":null,"DateStamp":1619539200000}},{"type":"Feature","id":310137,"geometry":{"type":"Polygon","coordinates":[[[114.16603797726492,22.445274514169729],[114.16602067269878,22.445242660431219],[114.16607524443755,22.445212644862064],[114.16609291832623,22.44524500721462],[114.16603797726492,22.445274514169729]]]},"properties":{"OBJECTID":310137,"Shape__Length":21.029294727557364,"Shape__Area":25.973668905220133,"GeoRefNo":"3515533980","DateCreate":1114790400000,"BuildingBlockType":"Tower","BuildingCSUID":"3515533980T20050430","BuildingID":1106129825,"Status":"Active","BuildingNameEN":null,"BuildingNameTC":null,"BaseHeight":6,"TopHeight":15.4,"Storeys":null,"StoreysInBasement":null,"DateStamp":1685894400000}},{"type":"Feature","id":310138,"geometry":{"type":"Polygon","coordinates":[[[114.1659837309543,22.445174471879906],[114.16596552260593,22.445140753556377],[114.16601824987455,22.445112126675475],[114.16603713223145,22.445145923242006],[114.1659837309543,22.445174471879906]]]},"properties":{"OBJECTID":310138,"Shape__Length":21.021740760087877,"Shape__Area":26.462263749024263,"GeoRefNo":"3515033968","DateCreate":1114790400000,"BuildingBlockType":"Tower","BuildingCSUID":"3515033968T20050430","BuildingID":1106129876,"Status":"Active","BuildingNameEN":null,"BuildingNameTC":null,"BaseHeight":6.2999999999999998,"TopHeight":15.5,"Storeys":null,"StoreysInBasement":null,"DateStamp":1685894400000}},{"type":"Feature","id":310140,"geometry":{"type":"Polygon","coordinates":[[[114.16596552260593,22.445140753556377],[114.16595019079703,22.445109392283037],[114.16600412222671,22.44508158021544],[114.16601824987455,22.445112126675475],[114.16596552260593,22.445140753556377]]]},"properties":{"OBJECTID":310140,"Shape__Length":20.130706214928111,"Shape__Area":23.554767672454872,"GeoRefNo":"3514833965","DateCreate":1114790400000,"BuildingBlockType":"Tower","BuildingCSUID":"3514833965T20050430","BuildingID":1106129889,"Status":"Active","BuildingNameEN":null,"BuildingNameTC":null,"BaseHeight":6.5,"TopHeight":15.4,"Storeys":null,"StoreysInBasement":null,"DateStamp":1685894400000}},{"type":"Feature","id":310142,"geometry":{"type":"Polygon","coordinates":[[[114.16600357970657,22.445211065427422],[114.1659837309543,22.445174471879906],[114.16603713223145,22.445145923242006],[114.16605797102267,22.445182462576192],[114.16600357970657,22.445211065427422]]]},"properties":{"OBJECTID":310142,"Shape__Length":21.89175786718458,"Shape__Area":29.091400350282058,"GeoRefNo":"3515233972","DateCreate":1114790400000,"BuildingBlockType":"Tower","BuildingCSUID":"3515233972T20050430","BuildingID":1106129860,"Status":"Active","BuildingNameEN":null,"BuildingNameTC":null,"BaseHeight":6.0999999999999996,"TopHeight":15.800000000000001,"Storeys":null,"StoreysInBasement":null,"DateStamp":1685894400000}},{"type":"Feature","id":310300,"geometry":{"type":"Polygon","coordinates":[[[114.16602067269878,22.445242660431219],[114.16600357970657,22.445211065427422],[114.16605797102267,22.445182462576192],[114.16607524443755,22.445212644862064],[114.16602067269878,22.445242660431219]]]},"properties":{"OBJECTID":310300,"Shape__Length":20.66186251893512,"Shape__Area":24.923432707658218,"GeoRefNo":"3515333976","DateCreate":1114790400000,"BuildingBlockType":"Tower","BuildingCSUID":"3515333976T20050430","BuildingID":1106129843,"Status":"Active","BuildingNameEN":null,"BuildingNameTC":null,"BaseHeight":6,"TopHeight":16,"Storeys":null,"StoreysInBasement":null,"DateStamp":1685894400000}},{"type":"Feature","id":310967,"geometry":{"type":"Polygon","coordinates":[[[114.1687045135439,22.445685564260302],[114.16852022407534,22.445791758424363],[114.16848692326025,22.445740611284684],[114.16870417375668,22.445615014453676],[114.16869480522375,22.445597363597713],[114.16869886486585,22.445503243533604],[114.16871122912256,22.445487531256699],[114.16850631209064,22.445344385761995],[114.16854556151006,22.445296116573193],[114.16871847927278,22.445418157685811],[114.16873108742519,22.445402978938716],[114.16875466667874,22.445374592436782],[114.1688245965415,22.44542579263917],[114.16882079322637,22.445496850926933],[114.16877642066291,22.445495155867917],[114.168770981283,22.445612926262996],[114.16881638013575,22.445614829436163],[114.16881339441682,22.445685650171484],[114.16873627910761,22.445731713373693],[114.16871595661063,22.445702487275014],[114.1687045135439,22.445685564260302]]]},"properties":{"OBJECTID":310967,"Shape__Length":194.26614882081506,"Shape__Area":664.59831055995346,"GeoRefNo":"3543034013","DateCreate":1114790400000,"BuildingBlockType":"Tower","BuildingCSUID":"3543034013T20050430","BuildingID":1106129533,"Status":"Active","BuildingNameEN":null,"BuildingNameTC":null,"BaseHeight":20.699999999999999,"TopHeight":31.300000000000001,"Storeys":null,"StoreysInBasement":null,"DateStamp":1697731200000}},{"type":"Feature","id":311668,"geometry":{"type":"Polygon","coordinates":[[[114.16977748182688,22.444410212134144],[114.16972758259186,22.444413372951058],[114.16971660232318,22.444240236601487],[114.17003676570081,22.444220344214557],[114.17003154107842,22.44410481385334],[114.17011431955504,22.444101132896702],[114.17011943437925,22.44421855874338],[114.17018429322889,22.44421462713137],[114.17019501888856,22.444367025269425],[114.16977623507157,22.444392506607571],[114.16977748182688,22.444410212134144]]]},"properties":{"OBJECTID":311668,"Shape__Length":160.50228850084488,"Shape__Area":949.37091824540983,"GeoRefNo":"3555633875","DateCreate":1259164800000,"BuildingBlockType":"Open-sided Structure","BuildingCSUID":"3555633875T20091126","BuildingID":1106130174,"Status":"Active","BuildingNameEN":null,"BuildingNameTC":null,"BaseHeight":null,"TopHeight":null,"Storeys":null,"StoreysInBasement":null,"DateStamp":1622044800000}},{"type":"Feature","id":311669,"geometry":{"type":"Polygon","coordinates":[[[114.17000062900472,22.444504121227837],[114.16999900647049,22.444478228044357],[114.16994847673968,22.444481302571656],[114.1699456531184,22.444441202894897],[114.16990396929202,22.444443739119116],[114.16990344905149,22.444436350016968],[114.1697798517597,22.444443870280054],[114.16977748182688,22.444410212134144],[114.16977623507157,22.444392506607571],[114.17019501888856,22.444367025269425],[114.17018429322889,22.44421462713137],[114.17017988499941,22.444151991528752],[114.17077457419599,22.444115824508991],[114.17077716591466,22.444152647282788],[114.17106512223093,22.444135323788238],[114.17109561278971,22.444160228795617],[114.17118282364078,22.444231463476555],[114.17118488457203,22.444268102816135],[114.17117065872239,22.444283212617314],[114.17114041886018,22.444315331257499],[114.17079000851001,22.444335113537591],[114.17079344605551,22.444383955065231],[114.1709911791007,22.444373372062842],[114.17105157297379,22.444422834043444],[114.17105248514129,22.444447162122874],[114.17000062900472,22.444504121227837]]]},"properties":{"OBJECTID":311669,"Shape__Length":406.83127783027214,"Shape__Area":3749.7574392168267,"GeoRefNo":"3561033876","DateCreate":1444924800000,"BuildingBlockType":"Tower","BuildingCSUID":"3561033876T20151016","BuildingID":1106130122,"Status":"Active","BuildingNameEN":"Tai Po Market Station","BuildingNameTC":"大埔墟站","BaseHeight":4.9000000000000004,"TopHeight":15.1,"Storeys":null,"StoreysInBasement":null,"DateStamp":1622044800000}},{"type":"Feature","id":313178,"geometry":{"type":"Polygon","coordinates":[[[114.164049149167,22.447130764269488],[114.16403575783089,22.447152164476535],[114.16396881423898,22.447117704636479],[114.16398155242601,22.447096607986701],[114.164049149167,22.447130764269488]]]},"properties":{"OBJECTID":313178,"Shape__Length":21.217084502322514,"Shape__Area":21.40232813346034,"GeoRefNo":"3494234187","DateCreate":1114790400000,"BuildingBlockType":"Tower","BuildingCSUID":"3494234187T20050430","BuildingID":1106128940,"Status":"Active","BuildingNameEN":"Chung Shun Lane Public Toilet","BuildingNameTC":"忠信里公廁","BaseHeight":16.899999999999999,"TopHeight":18.600000000000001,"Storeys":1,"StoreysInBasement":null,"DateStamp":1789833600000}},{"type":"Feature","id":313179,"geometry":{"type":"Polygon","coordinates":[[[114.16380591554329,22.446760049167612],[114.16378318455948,22.446836703140054],[114.16373379892819,22.446825247621323],[114.16375300479926,22.446745735502631],[114.16380591554329,22.446760049167612]]]},"properties":{"OBJECTID":313179,"Shape__Length":28.740858399711506,"Shape__Area":48.603879658313339,"GeoRefNo":"3491834147","DateCreate":1210780800000,"BuildingBlockType":"Open-sided Structure","BuildingCSUID":"3491834147T20080515","BuildingID":1106129091,"Status":"Active","BuildingNameEN":null,"BuildingNameTC":null,"BaseHeight":null,"TopHeight":null,"Storeys":null,"StoreysInBasement":null,"DateStamp":1676822400000}},{"type":"Feature","id":313180,"geometry":{"type":"Polygon","coordinates":[[[114.16375964012659,22.446848114281149],[114.16375408877128,22.446892850692883],[114.16377803550907,22.446895895894727],[114.16377401088843,22.446924576285987],[114.16367499860377,22.446912404222353],[114.16368557531472,22.446838292161065],[114.16375964012659,22.446848114281149]]]},"properties":{"OBJECTID":313180,"Shape__Length":36.938127456087791,"Shape__Area":71.928354498633553,"GeoRefNo":"3491334160","DateCreate":1114790400000,"BuildingBlockType":"Tower","BuildingCSUID":"3491334160T20050430","BuildingID":1106129039,"Status":"Active","BuildingNameEN":null,"BuildingNameTC":null,"BaseHeight":20.699999999999999,"TopHeight":30.199999999999999,"Storeys":null,"StoreysInBasement":null,"DateStamp":1676822400000}},{"type":"Feature","id":313181,"geometry":{"type":"Polygon","coordinates":[[[114.16376157080495,22.447096220066115],[114.1637735159286,22.447141220318603],[114.16373753507729,22.447148682967363],[114.16374267288391,22.447172274356905],[114.16369127175734,22.447181826022238],[114.16366879023546,22.447117322198203],[114.16376157080495,22.447096220066115]]]},"properties":{"OBJECTID":313181,"Shape__Length":34.329062883978423,"Shape__Area":63.032435087326718,"GeoRefNo":"3491434189","DateCreate":1676908800000,"BuildingBlockType":"Open-sided Structure","BuildingCSUID":"3491434189T20230221","BuildingID":1910229291,"Status":"Active","BuildingNameEN":null,"BuildingNameTC":null,"BaseHeight":null,"TopHeight":null,"Storeys":null,"StoreysInBasement":null,"DateStamp":1676908800000}},{"type":"Feature","id":313606,"geometry":{"type":"Polygon","coordinates":[[[114.17042578950195,22.449537250616086],[114.17042613907455,22.449952864693472],[114.17043737004049,22.449952805086856],[114.17044962253469,22.449952901114511],[114.17044987286019,22.450072321951115],[114.17043787898277,22.450071943641884],[114.17042110015916,22.450071532902854],[114.17042090670128,22.450150320311966],[114.17026619075848,22.450150024659468],[114.17026587642145,22.450180055133789],[114.17026576984293,22.450190455678111],[114.17018944989516,22.450190452551748],[114.17017016428611,22.450179852447196],[114.17012973140631,22.450162848117042],[114.17008740689215,22.450151332887387],[114.17004393228315,22.450145508508882],[114.17000006926887,22.450145477026563],[114.16995658634386,22.450151238992014],[114.16992157415416,22.450160239845211],[114.16988778193199,22.450173083306836],[114.16985562996243,22.4501896096385],[114.16956888716224,22.450189596976859],[114.16955179050306,22.450190044206405],[114.16955170396656,22.450176560568305],[114.16955163384812,22.450150069923737],[114.16963716779831,22.450150347566293],[114.16963626451238,22.450069101840459],[114.16962208910613,22.450069101207216],[114.16962135041049,22.44992762708765],[114.16963403368909,22.449927280885088],[114.16963403813192,22.44984128680667],[114.16963585627033,22.449719570878869],[114.16963620610855,22.449529579266297],[114.16972492627328,22.44947506637639],[114.16980109653781,22.449574621392916],[114.16983388655522,22.449554593823947],[114.16986239784933,22.449591548200519],[114.16989952152234,22.449567782470318],[114.16991376931874,22.449558661334809],[114.16996776006823,22.44955842000082],[114.16998435307764,22.449560813324009],[114.1699901797361,22.449521482983073],[114.17000154513092,22.449471725687072],[114.1700716109943,22.449470770870565],[114.17007141808622,22.449468114375083],[114.17042095972882,22.449468838265645],[114.17042573999547,22.449468777951658],[114.17042578950195,22.449537250616086]]]},"properties":{"OBJECTID":313606,"Shape__Length":362.71247788065529,"Shape__Area":6099.378521951382,"GeoRefNo":"3556434488","DateCreate":1650988800000,"BuildingBlockType":"Podium","BuildingCSUID":"3556434488P20220427","BuildingID":1910220683,"Status":"Active","BuildingNameEN":null,"BuildingNameTC":null,"BaseHeight":6.4000000000000004,"TopHeight":14.699999999999999,"Storeys":null,"StoreysInBasement":null,"DateStamp":1684252800000}},{"type":"Feature","id":315365,"geometry":{"type":"Polygon","coordinates":[[[114.16698502798116,22.442422463191473],[114.16691219834492,22.442422314242627],[114.16683387563575,22.442347744919839],[114.16683403707147,22.442128557659832],[114.16675673896303,22.442127893627848],[114.16660108442828,22.441986566196515],[114.16660078449584,22.441837608771362],[114.16683367912665,22.441836837721951],[114.16683437994737,22.441817602889433],[114.16683622932099,22.441767032437948],[114.16698507440961,22.441765100042364],[114.1670671809276,22.441766450570906],[114.16706678876547,22.441817617123505],[114.1670670108123,22.441837402870839],[114.16727854330513,22.441837036255983],[114.16727833091673,22.441817629788737],[114.1672778283706,22.441779602499363],[114.16729381932106,22.441765741692105],[114.16738883642861,22.44176607237803],[114.16740451467373,22.441779275824928],[114.16740567781528,22.441817637279463],[114.16740848878246,22.441909766177808],[114.16769694050336,22.441910189139161],[114.16769736744477,22.441917747656788],[114.1676983676258,22.441923996790418],[114.16769994096781,22.441930137590983],[114.16770258283441,22.441937307924221],[114.16770601159303,22.441944180296819],[114.16770944044534,22.44194962585696],[114.16771420984971,22.441955766838074],[114.16771963987054,22.441961420211609],[114.16772462311509,22.441965709960566],[114.16773110236949,22.44197029779891],[114.16773806739042,22.441974235471353],[114.16774417761512,22.441976990105378],[114.16775181302022,22.44197962742906],[114.16775971076518,22.441981515239096],[114.1677664136887,22.441982499935826],[114.16777455438859,22.441982960946429],[114.16777478314476,22.442200080258896],[114.16800784916937,22.44241702282973],[114.16792949701141,22.442490228444033],[114.16792918444696,22.442516850215373],[114.16790297478687,22.442515394863204],[114.16777057738915,22.44263893316824],[114.16761312439614,22.442492712112035],[114.16753773981347,22.442492454933856],[114.16753752097043,22.442423597682808],[114.16698502798116,22.442422463191473]]]},"properties":{"OBJECTID":315365,"Shape__Length":442.13990692094495,"Shape__Area":7736.8582465281816,"GeoRefNo":"3523933627","DateCreate":1114790400000,"BuildingBlockType":"Tower","BuildingCSUID":"3523933627T20050430","BuildingID":1106131124,"Status":"Active","BuildingNameEN":"Better Place","BuildingNameTC":"幸匯","BaseHeight":7.5999999999999996,"TopHeight":16.399999999999999,"Storeys":null,"StoreysInBasement":null,"DateStamp":1749139200000}},{"type":"Feature","id":317385,"geometry":{"type":"Polygon","coordinates":[[[114.16285167866559,22.443085462233007],[114.16284947838092,22.443086789067959],[114.16284721991482,22.443088028573342],[114.16284490725043,22.44308917867248],[114.16284254466242,22.443090237198408],[114.16284013623105,22.443091202345411],[114.16283768613377,22.443092072398056],[114.1628351988394,22.44309284582155],[114.1628326787197,22.443093521171395],[114.16282984560122,22.443094155134542],[114.16282698364297,22.443094665287589],[114.16282409915947,22.4430950503668],[114.16282148902961,22.443095289447303],[114.16281857911804,22.443095434946198],[114.16281566513909,22.443095453837664],[114.16281275331008,22.443095345941678],[114.16281100994917,22.443095220537757],[114.16280956055201,22.443095081252483],[114.16280811504382,22.443094910541539],[114.16280638665549,22.443094664221078],[114.16280466643191,22.443094372929622],[114.16280295563595,22.443094036847899],[114.16280125562766,22.443093656246958],[114.16279984831583,22.443093305291331],[114.1627981716306,22.443092843869795],[114.16279678550323,22.443092426090626],[114.16279541035634,22.443091978331275],[114.16279377545533,22.44309140159438],[114.1627921587248,22.443090782506225],[114.16279082613777,22.443090234512482],[114.16278924574738,22.443089538939486],[114.16278794532187,22.443088928006222],[114.16278640554589,22.443088157754847],[114.1627851405847,22.443087485417539],[114.16278389282104,22.443086785719444],[114.16278241940604,22.443085910539924],[114.16278121206086,22.443085152147344],[114.16277978897429,22.443084207618266],[114.16277862525317,22.443083392518201],[114.16277725628338,22.443082381258733],[114.16277591840377,22.443081334692884],[114.16277482803598,22.443080436157775],[114.16277376049975,22.443079514145438],[114.16277251064309,22.443078377463273],[114.16277149557052,22.443077405607387],[114.16277031022437,22.443076210684367],[114.16276916140805,22.443074985241587],[114.16276805009286,22.443073730362773],[114.16276662805588,22.443072013007164],[114.16267530409621,22.442939929985435],[114.16257890445381,22.442823176475176],[114.16257269879873,22.442816637153655],[114.1625687759885,22.442812689323297],[114.16256477973006,22.442808805873522],[114.16256071099475,22.442804987797739],[114.16255657123959,22.442801236360364],[114.16255236163026,22.442797552645096],[114.16254808352664,22.442793937826039],[114.16254373809437,22.442790393077274],[114.16253932679051,22.442786919301938],[114.16253485097501,22.442783517674119],[114.16253031191063,22.442780189187268],[114.1625257109573,22.442776934925167],[114.16252104966922,22.442773755790981],[114.16251632940637,22.442770652778172],[114.16251155152864,22.442767626880226],[114.16250671749314,22.442764679000291],[114.16250182895124,22.442761809951261],[114.16249688716569,22.442759020726601],[114.16249189378792,22.44275631213916],[114.16248685037213,22.442753685001872],[114.16248175827828,22.442751140127537],[114.16247661915777,22.442748678238765],[114.16247143466194,22.442746300238731],[114.16246620624794,22.442744006669407],[114.16246093556714,22.442741798253348],[114.16246158380196,22.442741949661546],[114.16245778983992,22.44274055429862],[114.16245397984505,22.442739197313628],[114.16245015420587,22.442737878977528],[114.16244631331098,22.442736599380606],[114.16244245774318,22.442735358703558],[114.16243831084148,22.442734072757847],[114.16243442612189,22.442732913171525],[114.1624305280894,22.442731792866425],[114.16242661722973,22.442730712023142],[114.1624226939314,22.442729670822388],[114.1624184770633,22.442728599343273],[114.16241452956743,22.442727640497914],[114.1624105709929,22.44272672165642],[114.1624066019226,22.44272584290907],[114.16240262284222,22.442725004346297],[114.16239863414036,22.442724206058411],[114.16239120276734,22.442722830596765],[114.16238374311072,22.442721595014035],[114.16237625808481,22.442720499671669],[114.16236875079812,22.442719545111792],[114.16236296265835,22.442718906862055],[114.16235716469831,22.442718352233211],[114.16235715489975,22.442718225896243],[114.16235232256432,22.44271766431012],[114.16234478523631,22.442716938487905],[114.16234072207472,22.442716592708081],[114.16233752621399,22.442716362325012],[114.16232734360381,22.44271579953503],[114.16231688025979,22.44271508455595],[114.162303810053,22.442714080999032],[114.16229365166326,22.442713221468289],[114.16228321127173,22.442712258783661],[114.16227103929104,22.442711057899263],[114.1622583008741,22.442709689809028],[114.16224528725974,22.442708180005059],[114.16223315533598,22.442706669918579],[114.16222219118923,22.442705219808854],[114.1622112395828,22.442703690141194],[114.16219834585453,22.442701180401766],[114.16218794552351,22.442698958327068],[114.1621775885373,22.442696567747308],[114.16216727159312,22.442694007759133],[114.16215701722805,22.442691284234424],[114.16214680912219,22.442688392927373],[114.16213665679554,22.442685336277094],[114.16212656355097,22.442682115457824],[114.16211653220557,22.442678731192338],[114.16210656606226,22.442675184745124],[114.16209666803533,22.442671477019566],[114.16208684113613,22.442667609280207],[114.16207708837609,22.442663582610979],[114.16206741266946,22.442659398276419],[114.16206537841984,22.442658752593207],[114.16206319331538,22.442657996905194],[114.16206103211469,22.442657184056557],[114.16205889646922,22.442656314769849],[114.16205574474196,22.442654906362115],[114.16205266015514,22.442653375055929],[114.16204964805144,22.442651723560957],[114.16204671416213,22.44264995476745],[114.16204409773847,22.442648233051656],[114.16204155525226,22.442646418148271],[114.16203909068615,22.442644512766833],[114.16203670763426,22.442642519707078],[114.16203586010802,22.442640985264394],[114.16203510214228,22.442639520454744],[114.16203438420222,22.442638038310285],[114.16203370677344,22.442636539824409],[114.16203307014732,22.442635025990501],[114.16203247490658,22.442633497621348],[114.16203192124543,22.442631955800604],[114.16203132846374,22.44263014125648],[114.16203086631614,22.442628573617036],[114.16203044691353,22.44262699568678],[114.16203007045011,22.442625408368805],[114.16202973712002,22.44262381274676],[114.1620294473118,22.442622209723705],[114.16202920102526,22.442620600563952],[114.16202899855179,22.442618985989945],[114.16202883989125,22.442617367265949],[114.16202872523782,22.442615745295022],[114.16202864723711,22.442613850427033],[114.16202862927226,22.442611954119677],[114.16202866159983,22.442610329001575],[114.16202873812834,22.442608705061478],[114.16202888297832,22.442606813555209],[114.1620287818301,22.442596021607748],[114.162028883261,22.4425858482652],[114.16202917587324,22.442575678191137],[114.16202965937502,22.442565514275262],[114.16203033376591,22.442555359858872],[114.16203119875414,22.442545217921992],[114.16203225404792,22.442535091534918],[114.1620334993554,22.442524983858316],[114.16203493438482,22.442514897872162],[114.16203655855291,22.442504836827389],[114.16203837147076,22.442494803523413],[114.16204037255511,22.442484801301415],[114.16204256122272,22.442474833051079],[114.16204493669612,22.442464901752402],[114.1620645810206,22.442393022916608],[114.16213090378044,22.442156195560262],[114.16219033242493,22.441914895661466],[114.16218828594911,22.441915139207847],[114.16218266267022,22.441874077566247],[114.16219780246675,22.441872284136377],[114.16219452560506,22.441848008703758],[114.16220714853287,22.441846616809759],[114.16221434651791,22.441817390565056],[114.16223042587293,22.441746184149419],[114.16223934757772,22.441731842331247],[114.16224897714361,22.441735433260401],[114.16229550987106,22.441729929962872],[114.16233716014096,22.441725053288476],[114.16238296051229,22.441720259423072],[114.16238987757609,22.441719492272693],[114.16239257826595,22.441717868386458],[114.16239758976333,22.441715016835495],[114.16239982130911,22.441713710056877],[114.16240176073069,22.441712504483537],[114.16240363818038,22.441711237226595],[114.16240543432848,22.441709888778547],[114.16240692494792,22.441708626905267],[114.16240853848431,22.441707083653892],[114.16241006809723,22.441705449006736],[114.16241170372474,22.441703524942863],[114.16241326582039,22.441701537027075],[114.16241510055409,22.441699060587847],[114.16241735667435,22.441695900219301],[114.16241795246142,22.441694964536442],[114.16241850181652,22.441693998597401],[114.16241899949344,22.441693006555706],[114.16241933569194,22.441692247936942],[114.16241973001068,22.441691220486625],[114.16241998247285,22.441690440187291],[114.1624205247566,22.441688338667461],[114.16242177030672,22.441683057857041],[114.16242303796624,22.441677218875935],[114.16242418135241,22.441671625692802],[114.16242656583927,22.441659620904787],[114.1624276617903,22.441654301701487],[114.16243168653456,22.441635973481365],[114.16249777286362,22.441654962471983],[114.16256937066578,22.44168478928534],[114.16258529463518,22.441692038176512],[114.16272955220899,22.441758654721088],[114.16273374137697,22.441760558256188],[114.16273763144191,22.441762412097525],[114.16274122833103,22.441764202248446],[114.16274479169955,22.441766049649466],[114.16274857090379,22.441768091946532],[114.16275255671377,22.441770341420241],[114.16275624954331,22.44177251600577],[114.16276014033204,22.441774904991597],[114.16276397982145,22.441777364591019],[114.16276776645728,22.441779893900893],[114.16277149887964,22.441782492018024],[114.16277517572857,22.441785157768376],[114.16277879535278,22.441787890248726],[114.16278279749027,22.441791042678609],[114.16278693939249,22.441794458719627],[114.16279078326511,22.441797777025066],[114.1627947538845,22.441801364539366],[114.16279843142986,22.441804841856506],[114.1628022225099,22.441808593528766],[114.16280572615149,22.441812222632596],[114.16280914264738,22.441815922979117],[114.16281243037706,22.441817219406431],[114.16281250342135,22.441817303576656],[114.16281615368672,22.441821580628368],[114.16281987377512,22.441826098076874],[114.16282350749616,22.44183067584126],[114.16282688681198,22.441835090493402],[114.16283018578414,22.441839557334522],[114.16283356215288,22.441844302230123],[114.16283669354063,22.441848872094099],[114.16283989202738,22.441853722449871],[114.16284285213969,22.441858389918153],[114.16284586885924,22.441863339863993],[114.16284865410232,22.441868099427673],[114.16285135297969,22.441872901788177],[114.16285423074527,22.441878227750102],[114.16285689355028,22.441883350146824],[114.16285959421357,22.441888755651632],[114.16286220326572,22.441894199889109],[114.16286381561562,22.441897683979384],[114.16286539046632,22.441901182786044],[114.16286692762348,22.441904696128439],[114.16286842689286,22.441908223555068],[114.16286988827453,22.441911764704709],[114.16287131147706,22.441915319216086],[114.1628726965005,22.441918886818335],[114.16287404305342,22.441922467059882],[114.16287535103874,22.441926059669804],[114.16287662035934,22.441929664196579],[114.16287785091808,22.441933280369259],[114.16287904261792,22.441936907736366],[114.16288019516735,22.441940546026924],[114.16288130866364,22.441944194879731],[114.16288238281534,22.44194785384321],[114.16288341771968,22.441951522556209],[114.16288503204872,22.441957570122522],[114.16288647610729,22.441963377012382],[114.1628878806966,22.441969469622492],[114.16288917764763,22.441975582812738],[114.1628900161633,22.44197984679651],[114.16289080222001,22.441984119354672],[114.16289291143188,22.441994758319314],[114.16289447453856,22.442003029992545],[114.16289644208226,22.44201398582365],[114.16289825179106,22.442024690955609],[114.16289957970733,22.442032998007836],[114.16290189597858,22.442048074647452],[114.16290298216553,22.442054771819041],[114.16290410866829,22.442061463214618],[114.16290541801533,22.442068950480195],[114.1629069265273,22.442077230908062],[114.16290839351571,22.442084968150265],[114.16290991442057,22.442092696366668],[114.16291232496927,22.442104404021297],[114.16291491822359,22.442116354340023],[114.16291641485554,22.442122982734784],[114.16291795122066,22.442129603276449],[114.16292101264051,22.442142291875335],[114.16292556552273,22.442163780512807],[114.16292933460002,22.44217983816532],[114.16293340473656,22.442195832269213],[114.16293777457287,22.442211757767328],[114.16294244294383,22.442227609963648],[114.16294740819851,22.442243383981562],[114.16295266907463,22.442259075034855],[114.16295822382413,22.442274678337149],[114.16296497629187,22.44229499726649],[114.16297016413722,22.44230952663478],[114.16297562419248,22.44232396960475],[114.16298135461241,22.442338321661012],[114.16298735364894,22.442352578559078],[114.16299361965103,22.44236673596415],[114.16300015057919,22.442380789541392],[114.16300694439383,22.442394734865708],[114.16301399915257,22.442408567873155],[114.16303580493856,22.442451499991623],[114.16305841377499,22.442494071589344],[114.16308181866926,22.442536269751781],[114.1630873071549,22.442545342939191],[114.16309551819107,22.442558766690684],[114.16310395750116,22.442572381094109],[114.1631123338903,22.442585716269978],[114.16312094088521,22.442599239750027],[114.1631302345145,22.442613644209008],[114.16313992844096,22.442628457058667],[114.16314449734699,22.442635658152231],[114.16314915922217,22.442642851938874],[114.1631554355269,22.44265230365713],[114.16316199460705,22.442661910361707],[114.16316659951913,22.442668498289631],[114.16317126612255,22.442675048565633],[114.16317583006958,22.442681336768956],[114.1631806168499,22.442687811650522],[114.16318462424941,22.442693140591341],[114.16318867303573,22.442698442444168],[114.16320602265067,22.442721717746036],[114.16322349347962,22.442744295182454],[114.16324138566137,22.442766585574198],[114.16325969375646,22.442788582238098],[114.16327841213122,22.44281027849102],[114.16328104757906,22.442846343287183],[114.1632762705043,22.442846851842486],[114.16327134023659,22.442847305479624],[114.16326640298138,22.442847687594778],[114.16326145990438,22.44284799800748],[114.1632553474913,22.442848282584823],[114.16324952166825,22.44284845168654],[114.16324340208722,22.44284852233131],[114.16323757356392,22.442848487614945],[114.16323345542774,22.442848976538119],[114.16322739746204,22.442849784704897],[114.16322164384694,22.442850651143573],[114.16321562112506,22.442851662136963],[114.16320990489196,22.442852721107702],[114.16320392547702,22.442853933573804],[114.16319825400909,22.442855183632396],[114.16319232557569,22.44285659603667],[114.1631864261787,22.442858110035825],[114.16318111539088,22.442859567012089],[114.16317583169845,22.442861106438542],[114.16317057636429,22.442862727863758],[114.16316535094282,22.442864430746067],[114.16316015689118,22.442866214724361],[114.1631549956667,22.44286807925695],[114.163149599915,22.44287012835202],[114.16314451065885,22.442872156522249],[114.16311520242301,22.44289154856525],[114.16299022668194,22.442984107300283],[114.16287153114237,22.443071740276451],[114.16287560401462,22.443077094786535],[114.16285527688001,22.443086015208667],[114.16285381697989,22.443084050416054],[114.16285167866559,22.443085462233007]]]},"properties":{"OBJECTID":317385,"Shape__Length":460.78315388027931,"Shape__Area":11566.66103824661,"GeoRefNo":"3478933656","DateCreate":1147968000000,"BuildingBlockType":"Podium","BuildingCSUID":"3478933656P20060519","BuildingID":1106137492,"Status":"Active","BuildingNameEN":null,"BuildingNameTC":null,"BaseHeight":16.899999999999999,"TopHeight":26.600000000000001,"Storeys":null,"StoreysInBasement":2,"DateStamp":1741276800000}},{"type":"Feature","id":318507,"geometry":{"type":"Polygon","coordinates":[[[114.1638545075209,22.446998323197732],[114.1638470414029,22.44702735793944],[114.16381353017128,22.44703503094264],[114.1638059387833,22.447016618953405],[114.16380613388694,22.446994465102279],[114.1638545075209,22.446998323197732]]]},"properties":{"OBJECTID":318507,"Shape__Length":16.492849704546451,"Shape__Area":17.219195224966523,"GeoRefNo":"3492534175","DateCreate":1210780800000,"BuildingBlockType":"Temporary Structure","BuildingCSUID":"3492534175T20080515","BuildingID":1106128993,"Status":"Active","BuildingNameEN":null,"BuildingNameTC":null,"BaseHeight":null,"TopHeight":null,"Storeys":null,"StoreysInBasement":null,"DateStamp":1725552000000}},{"type":"Feature","id":318508,"geometry":{"type":"Polygon","coordinates":[[[114.16311476940197,22.446763662131893],[114.16316517936731,22.446765409287288],[114.16316545256707,22.446774130650635],[114.16307484678123,22.446771614200188],[114.16307955428482,22.446752912895434],[114.16308455740673,22.446752949443628],[114.16308276207431,22.44673361509162],[114.16310973031905,22.446734177275633],[114.16311476940197,22.446763662131893]]]},"properties":{"OBJECTID":318508,"Shape__Length":26.363026648393969,"Shape__Area":19.258234898533967,"GeoRefNo":"3485234148","DateCreate":1210780800000,"BuildingBlockType":"Temporary Structure","BuildingCSUID":"3485234148T20080515","BuildingID":1106129092,"Status":"Active","BuildingNameEN":null,"BuildingNameTC":null,"BaseHeight":null,"TopHeight":null,"Storeys":null,"StoreysInBasement":null,"DateStamp":1725552000000}},{"type":"Feature","id":318509,"geometry":{"type":"Polygon","coordinates":[[[114.16562039375151,22.445663154628292],[114.16559382627932,22.445674178783349],[114.16558391394072,22.445657436263179],[114.16561191368604,22.445646003310387],[114.16562039375151,22.445663154628292]]]},"properties":{"OBJECTID":318509,"Shape__Length":10.349364252467222,"Shape__Area":6.4475469287977614,"GeoRefNo":"3510734026","DateCreate":1210780800000,"BuildingBlockType":"Temporary Structure","BuildingCSUID":"3510734026T20080515","BuildingID":1106129580,"Status":"Active","BuildingNameEN":null,"BuildingNameTC":null,"BaseHeight":null,"TopHeight":null,"Storeys":null,"StoreysInBasement":null,"DateStamp":1725552000000}},{"type":"Feature","id":318513,"geometry":{"type":"Polygon","coordinates":[[[114.16574765118567,22.442059903787019],[114.16581850116198,22.442059415304755],[114.16581822496765,22.442196071036911],[114.16574790568244,22.442197052889362],[114.16574765118567,22.442059903787019]]]},"properties":{"OBJECTID":318513,"Shape__Length":44.853048376886306,"Shape__Area":110.15174054111715,"GeoRefNo":"3512633634","DateCreate":1716220800000,"BuildingBlockType":"Open-sided Structure","BuildingCSUID":"3512633634T20240521","BuildingID":1910246382,"Status":"Active","BuildingNameEN":null,"BuildingNameTC":null,"BaseHeight":10.5,"TopHeight":13.699999999999999,"Storeys":null,"StoreysInBasement":null,"DateStamp":1725552000000}},{"type":"Feature","id":319196,"geometry":{"type":"Polygon","coordinates":[[[114.16365960232254,22.442987072041745],[114.16366443846471,22.442994798172872],[114.16367604656786,22.443013342982134],[114.16367684029663,22.44301486865221],[114.1636812419369,22.443023329284745],[114.16368113804934,22.443023743232423],[114.16366645889747,22.443082233658238],[114.16358795072303,22.443065148743504],[114.1635993787724,22.443019612880512],[114.16352740518678,22.443003975241457],[114.16352414663201,22.443017256697662],[114.1634902715895,22.443011474227387],[114.16349421118969,22.442978345870813],[114.16351645911955,22.44298066672955],[114.16351883134449,22.442961016651228],[114.16365960232254,22.442987072041745]]]},"properties":{"OBJECTID":319196,"Shape__Length":60.392681033660217,"Shape__Area":131.67787320666383,"GeoRefNo":"3490233732","DateCreate":1210780800000,"BuildingBlockType":"Open-sided Structure","BuildingCSUID":"3490233732T20080515","BuildingID":1810118624,"Status":"Active","BuildingNameEN":null,"BuildingNameTC":null,"BaseHeight":null,"TopHeight":null,"Storeys":null,"StoreysInBasement":null,"DateStamp":1685289600000}},{"type":"Feature","id":322499,"geometry":{"type":"Polygon","coordinates":[[[114.16355421306851,22.443150776553825],[114.16351681282931,22.443142384177751],[114.16352225421259,22.44311217368546],[114.16350163804219,22.443108553840847],[114.16350464485379,22.443096743245242],[114.16357695922221,22.443109830992242],[114.16357449121377,22.443121345524769],[114.16356132889315,22.443119034451986],[114.16355421306851,22.443150776553825]]]},"properties":{"OBJECTID":322499,"Shape__Length":24.709388477396654,"Shape__Area":24.100641343240909,"GeoRefNo":"3489533745","DateCreate":1410451200000,"BuildingBlockType":"Temporary Structure","BuildingCSUID":"3489533745T20140912","BuildingID":1810132955,"Status":"Active","BuildingNameEN":null,"BuildingNameTC":null,"BaseHeight":null,"TopHeight":null,"Storeys":null,"StoreysInBasement":null,"DateStamp":1685289600000}},{"type":"Feature","id":323092,"geometry":{"type":"Polygon","coordinates":[[[114.16523425204431,22.447738031424162],[114.16510099141026,22.447797317900523],[114.16505078608483,22.447783443468285],[114.16499931525195,22.447685558636707],[114.1651668352084,22.447607673980617],[114.16523425204431,22.447738031424162]]]},"properties":{"OBJECTID":323092,"Shape__Length":67.960709679228742,"Shape__Area":297.5591575145333,"GeoRefNo":"3505134255","DateCreate":1114790400000,"BuildingBlockType":"Tower","BuildingCSUID":"3505134255T20050430","BuildingID":1106128583,"Status":"Active","BuildingNameEN":"Shun On Building","BuildingNameTC":"順安樓","BaseHeight":4.7999999999999998,"TopHeight":56.399999999999999,"Storeys":12,"StoreysInBasement":null,"DateStamp":1689868800000}},{"type":"Feature","id":323093,"geometry":{"type":"Polygon","coordinates":[[[114.16540787401247,22.447650962716768],[114.16535094934909,22.447676876071647],[114.16533271903523,22.447642353885005],[114.16532352476636,22.447624943963369],[114.16531857241917,22.447615524126441],[114.16531106458753,22.447601275704933],[114.16528548753635,22.44755254275923],[114.16534061950719,22.44752627349953],[114.16540787401247,22.447650962716768]]]},"properties":{"OBJECTID":323093,"Shape__Length":43.676225125872179,"Shape__Area":99.32192883558605,"GeoRefNo":"3508334244","DateCreate":1114790400000,"BuildingBlockType":"Tower","BuildingCSUID":"3508334244T20050430","BuildingID":1106128646,"Status":"Active","BuildingNameEN":null,"BuildingNameTC":null,"BaseHeight":4.7000000000000002,"TopHeight":25.600000000000001,"Storeys":6,"StoreysInBasement":null,"DateStamp":1689868800000}},{"type":"Feature","id":323094,"geometry":{"type":"Polygon","coordinates":[[[114.16532352476636,22.447624943963369],[114.16533271903523,22.447642353885005],[114.16531908151659,22.44764916927782],[114.16532240387193,22.447654272894052],[114.16523138130088,22.447697148105824],[114.16521742847583,22.447673065777128],[114.16523396204755,22.447664567415266],[114.16522556298293,22.447649114624774],[114.16523975233031,22.447642063404111],[114.16523346044301,22.447631019160998],[114.16525304754271,22.447621871456274],[114.16523962689114,22.447596748678826],[114.16524169937902,22.447590719556334],[114.1652860232843,22.447570457859285],[114.16529223895844,22.44757271925825],[114.16530818170129,22.447602447832271],[114.16531106458753,22.447601275704933],[114.16531857241917,22.447615524126441],[114.16530462076008,22.447621898719301],[114.16530992371366,22.447631349014305],[114.16532352476636,22.447624943963369]]]},"properties":{"OBJECTID":323094,"Shape__Length":46.780708048649146,"Shape__Area":87.403360897995768,"GeoRefNo":"3507434244","DateCreate":1689868800000,"BuildingBlockType":"Tower","BuildingCSUID":"3507434244T20230721","BuildingID":1910233717,"Status":"Active","BuildingNameEN":null,"BuildingNameTC":null,"BaseHeight":13.6,"TopHeight":40.799999999999997,"Storeys":null,"StoreysInBasement":null,"DateStamp":1689868800000}},{"type":"Feature","id":324604,"geometry":{"type":"Polygon","coordinates":[[[114.16470869066563,22.447733786760718],[114.16468405369892,22.44783349445693],[114.16449445291887,22.447793877203825],[114.16455161128607,22.44772881716187],[114.16462839625322,22.447744852040216],[114.16465982581843,22.447611366278998],[114.16471555852425,22.447550207857166],[114.16475076924441,22.447558302776002],[114.16470869066563,22.447733786760718]]]},"properties":{"OBJECTID":324604,"Shape__Length":96.385136106584028,"Shape__Area":313.16901365761731,"GeoRefNo":"3500734262","DateCreate":1114790400000,"BuildingBlockType":"Tower","BuildingCSUID":"3500734262T20050430","BuildingID":1106128564,"Status":"Active","BuildingNameEN":"Spanish School Hong Kong","BuildingNameTC":null,"BaseHeight":7.7000000000000002,"TopHeight":32.399999999999999,"Storeys":5,"StoreysInBasement":null,"DateStamp":1700755200000}},{"type":"Feature","id":324608,"geometry":{"type":"Polygon","coordinates":[[[114.16871626169998,22.449541730580709],[114.16870169733492,22.44951383361418],[114.16873183461233,22.449500645617221],[114.16874639899562,22.449528309234264],[114.16871626169998,22.449541730580709]]]},"properties":{"OBJECTID":324608,"Shape__Length":13.712789065614359,"Shape__Area":11.751820759966748,"GeoRefNo":"3542934453","DateCreate":1701100800000,"BuildingBlockType":"Tower","BuildingCSUID":"3542934453T20231128","BuildingID":1910237105,"Status":"Active","BuildingNameEN":null,"BuildingNameTC":null,"BaseHeight":5.7999999999999998,"TopHeight":17.5,"Storeys":null,"StoreysInBasement":null,"DateStamp":1701100800000}},{"type":"Feature","id":326080,"geometry":{"type":"Polygon","coordinates":[[[114.16593290420283,22.445363845931258],[114.16589799024445,22.445291625942335],[114.16595053589796,22.445269491968453],[114.1659874683844,22.445340665994099],[114.16593290420283,22.445363845931258]]]},"properties":{"OBJECTID":326080,"Shape__Length":29.632059317412139,"Shape__Area":53.046082320079861,"GeoRefNo":"3514333987","DateCreate":1713283200000,"BuildingBlockType":"Tower","BuildingCSUID":"3514333987T20240417","BuildingID":1910246914,"Status":"Active","BuildingNameEN":null,"BuildingNameTC":null,"BaseHeight":6.4000000000000004,"TopHeight":14.300000000000001,"Storeys":null,"StoreysInBasement":null,"DateStamp":1713283200000}},{"type":"Feature","id":326081,"geometry":{"type":"Polygon","coordinates":[[[114.1659874683844,22.445340665994099],[114.16595053589796,22.445269491968453],[114.16598378235651,22.445255469008845],[114.16601899632205,22.445326673705715],[114.1659874683844,22.445340665994099]]]},"properties":{"OBJECTID":326081,"Shape__Length":24.783168801359786,"Shape__Area":32.041282051863945,"GeoRefNo":"3514733985","DateCreate":1713283200000,"BuildingBlockType":"Tower","BuildingCSUID":"3514733985T20240417","BuildingID":1910246915,"Status":"Active","BuildingNameEN":null,"BuildingNameTC":null,"BaseHeight":6.4000000000000004,"TopHeight":14.300000000000001,"Storeys":null,"StoreysInBasement":null,"DateStamp":1713283200000}},{"type":"Feature","id":327272,"geometry":{"type":"Polygon","coordinates":[[[114.17043746742948,22.450180407716502],[114.17008822332392,22.450179682790061],[114.17002549803512,22.450179660738765],[114.17002600956843,22.450151080743961],[114.1699635541684,22.450151221047484],[114.16995176850668,22.450075529578946],[114.16994628504754,22.450075529344858],[114.16994025586871,22.450023029578155],[114.16993724182524,22.449984801661682],[114.16993559853246,22.449949377125971],[114.16995177474948,22.449949122977795],[114.16994656799777,22.449897642692989],[114.16994410296054,22.449847436721267],[114.16994218646759,22.449792643484958],[114.16982681693798,22.449792446707072],[114.16982916575493,22.449612364023938],[114.16980109653781,22.449574621392916],[114.16972492627328,22.44947506637639],[114.16973069268441,22.44947169131926],[114.16971960886268,22.44945612098082],[114.16978291652669,22.449413993552067],[114.16986277125676,22.449522379487703],[114.16986673440111,22.449522234268716],[114.16989952152234,22.449567782470318],[114.1699449361935,22.449629793172619],[114.16996522484577,22.449629284359379],[114.16997259947478,22.449586547528817],[114.16998057657398,22.449586304768282],[114.16998435307764,22.449560813324009],[114.1699901797361,22.449521482983073],[114.17000154513092,22.449471725687072],[114.1700716109943,22.449470770870565],[114.17007141808622,22.449468114375083],[114.17042095972882,22.449468838265645],[114.17042573999547,22.449468777951658],[114.17042578950195,22.449537250616086],[114.17043731440999,22.449537198606698],[114.17043737004049,22.449952805086856],[114.17044962253469,22.449952901114511],[114.17044987286019,22.450072321951115],[114.17043787898277,22.450071943641884],[114.17043746742948,22.450180407716502]]]},"properties":{"OBJECTID":327272,"Shape__Length":331.70522497304944,"Shape__Area":4338.7740677914762,"GeoRefNo":"3557734485","DateCreate":1653580800000,"BuildingBlockType":"Tower","BuildingCSUID":"3557734485T20220527","BuildingID":1910220700,"Status":"Active","BuildingNameEN":"Tai Po Tung Cheong Street Leisure Building","BuildingNameTC":"大埔東昌街康體大樓","BaseHeight":14.699999999999999,"TopHeight":39.5,"Storeys":null,"StoreysInBasement":null,"DateStamp":1726675200000}},{"type":"Feature","id":327573,"geometry":{"type":"Polygon","coordinates":[[[114.16735007128317,22.445796284874778],[114.16734706890266,22.445838274140897],[114.16730257644076,22.445835525177042],[114.16730368682882,22.445819996474366],[114.16735007128317,22.445796284874778]]]},"properties":{"OBJECTID":327573,"Shape__Length":16.422396693814001,"Shape__Area":14.649855356050493,"GeoRefNo":"3528534044","DateCreate":1578499200000,"BuildingBlockType":"Temporary Structure","BuildingCSUID":"3528534044T20200109","BuildingID":1810195097,"Status":"Active","BuildingNameEN":null,"BuildingNameTC":null,"BaseHeight":3.8999999999999999,"TopHeight":6.0999999999999996,"Storeys":null,"StoreysInBasement":null,"DateStamp":1684944000000}},{"type":"Feature","id":327747,"geometry":{"type":"Polygon","coordinates":[[[114.16753658310712,22.445717902541404],[114.16754474268247,22.44573868642032],[114.16748998656055,22.445757261520821],[114.16748182699227,22.445736477639159],[114.16753658310712,22.445717902541404]]]},"properties":{"OBJECTID":327747,"Shape__Length":16.900001430084675,"Shape__Area":14.70000971638472,"GeoRefNo":"3530434034","DateCreate":1578499200000,"BuildingBlockType":"Temporary Structure","BuildingCSUID":"3530434034T20200109","BuildingID":1810195098,"Status":"Active","BuildingNameEN":null,"BuildingNameTC":null,"BaseHeight":5.2999999999999998,"TopHeight":8.0999999999999996,"Storeys":null,"StoreysInBasement":null,"DateStamp":1684944000000}},{"type":"Feature","id":327748,"geometry":{"type":"Polygon","coordinates":[[[114.16758411043014,22.445865445278692],[114.16756503526629,22.445888377382317],[114.16752994723011,22.44586396604636],[114.16756494056003,22.44585165955213],[114.16758411043014,22.445865445278692]]]},"properties":{"OBJECTID":327748,"Shape__Length":14.067504825382862,"Shape__Area":11.333909915503845,"GeoRefNo":"3530934049","DateCreate":1578499200000,"BuildingBlockType":"Temporary Structure","BuildingCSUID":"3530934049T20200109","BuildingID":1810195107,"Status":"Active","BuildingNameEN":null,"BuildingNameTC":null,"BaseHeight":7.7000000000000002,"TopHeight":11.9,"Storeys":null,"StoreysInBasement":null,"DateStamp":1684944000000}},{"type":"Feature","id":328074,"geometry":{"type":"Polygon","coordinates":[[[114.16611390759186,22.444081636674383],[114.16607571693903,22.444099904550551],[114.16602637817527,22.444005210604335],[114.16606400114972,22.443987382484917],[114.16611390759186,22.444081636674383]]]},"properties":{"OBJECTID":328074,"Shape__Length":32.05258854823451,"Shape__Area":51.03078415949885,"GeoRefNo":"3515633847","DateCreate":1678377600000,"BuildingBlockType":"Tower","BuildingCSUID":"3515633847T20230310","BuildingID":1910229900,"Status":"Active","BuildingNameEN":null,"BuildingNameTC":null,"BaseHeight":11.4,"TopHeight":17.399999999999999,"Storeys":null,"StoreysInBasement":null,"DateStamp":1684944000000}},{"type":"Feature","id":328248,"geometry":{"type":"Polygon","coordinates":[[[114.16849324056709,22.445360525578916],[114.16850631209064,22.445344385761995],[114.16871122912256,22.445487531256699],[114.16869886486585,22.445503243533604],[114.16861181713392,22.445443186510257],[114.16849324056709,22.445360525578916]]]},"properties":{"OBJECTID":328248,"Shape__Length":57.19411026576995,"Shape__Area":58.407374947659292,"GeoRefNo":"3541633999","DateCreate":1628179200000,"BuildingBlockType":"Open-sided Structure","BuildingCSUID":"3541633999T20210806","BuildingID":1910214182,"Status":"Active","BuildingNameEN":null,"BuildingNameTC":null,"BaseHeight":null,"TopHeight":null,"Storeys":null,"StoreysInBasement":null,"DateStamp":1684944000000}},{"type":"Feature","id":328249,"geometry":{"type":"Polygon","coordinates":[[[114.16869480522375,22.445597363597713],[114.16870417375668,22.445615014453676],[114.16848692326025,22.445740611284684],[114.16847580938891,22.445723095692497],[114.16854028665851,22.445685728653832],[114.1686013082299,22.445650633475186],[114.16869480522375,22.445597363597713]]]},"properties":{"OBJECTID":328249,"Shape__Length":57.262441000969346,"Shape__Area":58.997914798859448,"GeoRefNo":"3541534027","DateCreate":1628179200000,"BuildingBlockType":"Open-sided Structure","BuildingCSUID":"3541534027T20210806","BuildingID":1910214184,"Status":"Active","BuildingNameEN":null,"BuildingNameTC":null,"BaseHeight":null,"TopHeight":null,"Storeys":null,"StoreysInBasement":null,"DateStamp":1684944000000}},{"type":"Feature","id":328250,"geometry":{"type":"Polygon","coordinates":[[[114.16871595661063,22.445702487275014],[114.16868859235852,22.445718841673223],[114.16866804040862,22.445731124580089],[114.16859580630846,22.445772012157292],[114.16853125098213,22.445809754609648],[114.16852022407534,22.445791758424363],[114.1687045135439,22.445685564260302],[114.16871595661063,22.445702487275014]]]},"properties":{"OBJECTID":328250,"Shape__Length":49.24574504715968,"Shape__Area":50.745108484239914,"GeoRefNo":"3541834035","DateCreate":1628179200000,"BuildingBlockType":"Open-sided Structure","BuildingCSUID":"3541834035T20210806","BuildingID":1910214185,"Status":"Active","BuildingNameEN":null,"BuildingNameTC":null,"BaseHeight":null,"TopHeight":null,"Storeys":null,"StoreysInBasement":null,"DateStamp":1684944000000}},{"type":"Feature","id":328555,"geometry":{"type":"Polygon","coordinates":[[[114.17284621407367,22.446731499796837],[114.17285452678237,22.446743667002238],[114.17285963869436,22.446751149219725],[114.17286235930968,22.446755131355236],[114.17283693697722,22.446770139339502],[114.17282079164664,22.446746507868902],[114.17284621407367,22.446731499796837]]]},"properties":{"OBJECTID":328555,"Shape__Length":12.40001102209731,"Shape__Area":9.6100169189927573,"GeoRefNo":"3585334146","DateCreate":1548345600000,"BuildingBlockType":"Tower","BuildingCSUID":"3585334146T20190125","BuildingID":1810184309,"Status":"Active","BuildingNameEN":null,"BuildingNameTC":null,"BaseHeight":5.0999999999999996,"TopHeight":17.300000000000001,"Storeys":null,"StoreysInBasement":null,"DateStamp":1684944000000}},{"type":"Feature","id":328768,"geometry":{"type":"Polygon","coordinates":[[[114.16668303813609,22.443820582865396],[114.16668268573872,22.443819917479225],[114.16671476863807,22.44380470525309],[114.1666740136001,22.443728060760339],[114.16670239780177,22.443740133736256],[114.16670765237038,22.443750281950763],[114.16673233788687,22.443797956991123],[114.16672681155417,22.443800465396034],[114.16674403018341,22.44383558934846],[114.16670173593715,22.443855231100578],[114.16668303813609,22.443820582865396]]]},"properties":{"OBJECTID":328768,"Shape__Length":37.643101763011927,"Shape__Area":38.232955376803616,"GeoRefNo":"3522233817","DateCreate":1561564800000,"BuildingBlockType":"Temporary Structure","BuildingCSUID":"3522233817T20190627","BuildingID":1810188643,"Status":"Active","BuildingNameEN":null,"BuildingNameTC":null,"BaseHeight":11,"TopHeight":13.5,"Storeys":null,"StoreysInBasement":null,"DateStamp":1684944000000}},{"type":"Feature","id":331251,"geometry":{"type":"Polygon","coordinates":[[[114.1641670193154,22.443766711966902],[114.16413961334449,22.44377865710663],[114.16414505247673,22.443790126213418],[114.16411516910797,22.443803913367148],[114.16408847804,22.44375296142886],[114.16408287272685,22.443718856385381],[114.16408229328216,22.443715331030159],[114.16408313596129,22.443714946941174],[114.16413044072154,22.443694420291351],[114.1641670193154,22.443766711966902]]]},"properties":{"OBJECTID":331251,"Shape__Length":32.746115175815227,"Shape__Area":61.379262945864426,"GeoRefNo":"3495633815","DateCreate":1114790400000,"BuildingBlockType":"Tower","BuildingCSUID":"3495633815T20050430","BuildingID":1106130431,"Status":"Active","BuildingNameEN":null,"BuildingNameTC":null,"BaseHeight":37.5,"TopHeight":40.600000000000001,"Storeys":null,"StoreysInBasement":null,"DateStamp":1710345600000}},{"type":"Feature","id":331252,"geometry":{"type":"Polygon","coordinates":[[[114.16669843108032,22.44349233876261],[114.16667669559493,22.443501498342322],[114.16666738193497,22.443484179869063],[114.16664443086862,22.443501245261441],[114.16662850132738,22.443496726588371],[114.16662310168414,22.443492584969825],[114.16664888847215,22.443465731376925],[114.16667603758903,22.443451337457166],[114.16668673607138,22.443467178273178],[114.16669843108032,22.44349233876261]]]},"properties":{"OBJECTID":331252,"Shape__Length":22.370722648713539,"Shape__Area":22.682449468088464,"GeoRefNo":"3521833783","DateCreate":1210780800000,"BuildingBlockType":"Temporary Structure","BuildingCSUID":"3521833783T20080515","BuildingID":1106130582,"Status":"Active","BuildingNameEN":null,"BuildingNameTC":null,"BaseHeight":null,"TopHeight":null,"Storeys":null,"StoreysInBasement":null,"DateStamp":1710345600000}},{"type":"Feature","id":331254,"geometry":{"type":"Polygon","coordinates":[[[114.16678333121048,22.443754523230428],[114.16677937004927,22.443746908774042],[114.16676570242028,22.443720894428864],[114.16678100806789,22.443714011737402],[114.16677249968848,22.443690407491264],[114.16683781080886,22.443691702905657],[114.1668648853467,22.443692192225264],[114.16686523386024,22.443709142412889],[114.16684115137423,22.443709213166954],[114.16684688134232,22.44373215088013],[114.16678333121048,22.443754523230428]]]},"properties":{"OBJECTID":331254,"Shape__Length":32.120577850063519,"Shape__Area":46.4449753699312,"GeoRefNo":"3523133809","DateCreate":1210780800000,"BuildingBlockType":"Temporary Structure","BuildingCSUID":"3523133809T20080515","BuildingID":1106130450,"Status":"Active","BuildingNameEN":null,"BuildingNameTC":null,"BaseHeight":null,"TopHeight":null,"Storeys":null,"StoreysInBasement":null,"DateStamp":1710432000000}},{"type":"Feature","id":331266,"geometry":{"type":"Polygon","coordinates":[[[114.16429200034604,22.443088435122679],[114.16426505614183,22.443150102918132],[114.1642191565038,22.443134132586344],[114.16424614850921,22.443070440715616],[114.16429200034604,22.443088435122679]]]},"properties":{"OBJECTID":331266,"Shape__Length":25.119460129787889,"Shape__Area":37.998238983584535,"GeoRefNo":"3496833743","DateCreate":1114790400000,"BuildingBlockType":"Tower","BuildingCSUID":"3496833743T20050430","BuildingID":1106130787,"Status":"Active","BuildingNameEN":null,"BuildingNameTC":null,"BaseHeight":19.5,"TopHeight":26.399999999999999,"Storeys":null,"StoreysInBasement":null,"DateStamp":1710259200000}},{"type":"Feature","id":331267,"geometry":{"type":"Polygon","coordinates":[[[114.1646417943538,22.443162789450291],[114.1645957003601,22.443194613986286],[114.1645762989809,22.443173018163478],[114.16460493942951,22.443150976991692],[114.16456377341858,22.443106778360427],[114.16459151296739,22.443089821901602],[114.1646417943538,22.443162789450291]]]},"properties":{"OBJECTID":331267,"Shape__Length":32.3407739729779,"Shape__Area":38.658984623736913,"GeoRefNo":"3500633747","DateCreate":1210780800000,"BuildingBlockType":"Open-sided Structure","BuildingCSUID":"3500633747T20080515","BuildingID":1106130754,"Status":"Active","BuildingNameEN":null,"BuildingNameTC":null,"BaseHeight":13.5,"TopHeight":17.300000000000001,"Storeys":null,"StoreysInBasement":null,"DateStamp":1710259200000}},{"type":"Feature","id":331268,"geometry":{"type":"Polygon","coordinates":[[[114.16425773181338,22.443039582019441],[114.16424614850921,22.443070440715616],[114.1642191565038,22.443134132586344],[114.16421719136211,22.443137181205188],[114.16415422588115,22.443118053284916],[114.16415706366448,22.443105582447167],[114.16415058422037,22.443103793907632],[114.16416034860318,22.443071787304579],[114.16415140499055,22.443051588901803],[114.16416225754337,22.443036165734174],[114.1641786195719,22.443006086566545],[114.16425773181338,22.443039582019441]]]},"properties":{"OBJECTID":331268,"Shape__Length":41.344283206741977,"Shape__Area":104.04321816603289,"GeoRefNo":"3496333737","DateCreate":1210694400000,"BuildingBlockType":"Temporary Structure","BuildingCSUID":"3496333737T20080514","BuildingID":1106130801,"Status":"Active","BuildingNameEN":null,"BuildingNameTC":null,"BaseHeight":19.800000000000001,"TopHeight":23,"Storeys":null,"StoreysInBasement":null,"DateStamp":1710259200000}},{"type":"Feature","id":331270,"geometry":{"type":"Polygon","coordinates":[[[114.16615029808081,22.44309259363294],[114.16610458516278,22.443149731988907],[114.16607650244967,22.443129217798059],[114.16612126036925,22.443072898178027],[114.16615029808081,22.44309259363294]]]},"properties":{"OBJECTID":331270,"Shape__Length":23.015919307886694,"Shape__Area":28.835435788017278,"GeoRefNo":"3516133743","DateCreate":1114790400000,"BuildingBlockType":"Tower","BuildingCSUID":"3516133743T20050430","BuildingID":1106130781,"Status":"Active","BuildingNameEN":null,"BuildingNameTC":null,"BaseHeight":19,"TopHeight":26.100000000000001,"Storeys":null,"StoreysInBasement":null,"DateStamp":1710345600000}},{"type":"Feature","id":331272,"geometry":{"type":"Polygon","coordinates":[[[114.16454928911597,22.443090251161482],[114.16456377341858,22.443106778360427],[114.16460493942951,22.443150976991692],[114.1645762989809,22.443173018163478],[114.16448858513817,22.443075735397866],[114.16451698275762,22.443053233669541],[114.16454928911597,22.443090251161482]]]},"properties":{"OBJECTID":331272,"Shape__Length":35.837807083653423,"Shape__Area":53.210719027531596,"GeoRefNo":"3499933744","DateCreate":1210694400000,"BuildingBlockType":"Temporary Structure","BuildingCSUID":"3499933744T20080514","BuildingID":1106130767,"Status":"Active","BuildingNameEN":null,"BuildingNameTC":null,"BaseHeight":13.5,"TopHeight":16,"Storeys":null,"StoreysInBasement":null,"DateStamp":1710259200000}},{"type":"Feature","id":331273,"geometry":{"type":"Polygon","coordinates":[[[114.16451698275762,22.443053233669541],[114.16448858513817,22.443075735397866],[114.1645762989809,22.443173018163478],[114.1645957003601,22.443194613986286],[114.16458088508077,22.443196755157281],[114.16456639942068,22.443195529888072],[114.16453018757764,22.443165229226874],[114.16451405522187,22.443170430713092],[114.16448903508065,22.443160635541755],[114.16443999046096,22.443053518104087],[114.16449661837105,22.443034242056747],[114.16451698275762,22.443053233669541]]]},"properties":{"OBJECTID":331273,"Shape__Length":55.689889830064637,"Shape__Area":95.21340560791009,"GeoRefNo":"3499633746","DateCreate":1710259200000,"BuildingBlockType":"Open-sided Structure","BuildingCSUID":"3499633746T20240313","BuildingID":1910244838,"Status":"Active","BuildingNameEN":null,"BuildingNameTC":null,"BaseHeight":13.5,"TopHeight":17.100000000000001,"Storeys":null,"StoreysInBasement":null,"DateStamp":1710259200000}},{"type":"Feature","id":331274,"geometry":{"type":"Polygon","coordinates":[[[114.16414558638604,22.443901218923497],[114.16413488174717,22.443891781255175],[114.16414112737408,22.443879947605087],[114.16413759583465,22.443878753501011],[114.16414401781012,22.443869800580089],[114.16413438661328,22.443863830871745],[114.16415365250863,22.443837270655383],[114.16417034692881,22.443842942460446],[114.16422299763259,22.44387219433364],[114.16421474356311,22.443913587040253],[114.16419695698711,22.443903950152059],[114.16421028738364,22.443882368405976],[114.1641724897849,22.443861035508121],[114.16414558638604,22.443901218923497]]]},"properties":{"OBJECTID":331274,"Shape__Length":36.769091759123476,"Shape__Area":29.879398588117962,"GeoRefNo":"3495933826","DateCreate":1710432000000,"BuildingBlockType":"Open-sided Structure","BuildingCSUID":"3495933826T20240315","BuildingID":1910244975,"Status":"Active","BuildingNameEN":null,"BuildingNameTC":null,"BaseHeight":41.399999999999999,"TopHeight":43.600000000000001,"Storeys":null,"StoreysInBasement":null,"DateStamp":1710432000000}},{"type":"Feature","id":331275,"geometry":{"type":"Polygon","coordinates":[[[114.16589946343763,22.444059569551545],[114.16593450852875,22.444042293319477],[114.1659917769889,22.444142126877988],[114.16595688868944,22.444159203379147],[114.16589946343763,22.444059569551545]]]},"properties":{"OBJECTID":331275,"Shape__Length":33.187693833754189,"Shape__Area":50.980252334867359,"GeoRefNo":"3514333853","DateCreate":1716220800000,"BuildingBlockType":"Tower","BuildingCSUID":"3514333853T20240521","BuildingID":1910245019,"Status":"Active","BuildingNameEN":null,"BuildingNameTC":null,"BaseHeight":11.199999999999999,"TopHeight":17.899999999999999,"Storeys":null,"StoreysInBasement":null,"DateStamp":1716220800000}},{"type":"Feature","id":331276,"geometry":{"type":"Polygon","coordinates":[[[114.16628797377568,22.445061702758508],[114.16628381769524,22.445090467103395],[114.16629285226854,22.445091650683427],[114.16628701081679,22.44513028258611],[114.16628550027221,22.445140645475721],[114.16624682213549,22.445117014216525],[114.16627083064184,22.445088769431322],[114.16627501942595,22.445059217001123],[114.16628797377568,22.445061702758508]]]},"properties":{"OBJECTID":331276,"Shape__Length":23.044152139758911,"Shape__Area":20.128410919616218,"GeoRefNo":"3517733964","DateCreate":1710691200000,"BuildingBlockType":"Temporary Structure","BuildingCSUID":"3517733964T20240318","BuildingID":1910245108,"Status":"Active","BuildingNameEN":null,"BuildingNameTC":null,"BaseHeight":7.7000000000000002,"TopHeight":10.699999999999999,"Storeys":null,"StoreysInBasement":null,"DateStamp":1712592000000}},{"type":"Feature","id":331277,"geometry":{"type":"Polygon","coordinates":[[[114.16555769886561,22.444566370044697],[114.16553813964487,22.444545112249624],[114.16556954909191,22.444523089707044],[114.16558850367933,22.444544285507316],[114.16555769886561,22.444566370044697]]]},"properties":{"OBJECTID":331277,"Shape__Length":14.204068089570647,"Shape__Area":12.367669375747298,"GeoRefNo":"3510433902","DateCreate":1710691200000,"BuildingBlockType":"Temporary Structure","BuildingCSUID":"3510433902T20240318","BuildingID":1910245163,"Status":"Active","BuildingNameEN":null,"BuildingNameTC":null,"BaseHeight":14.199999999999999,"TopHeight":16.100000000000001,"Storeys":null,"StoreysInBasement":null,"DateStamp":1716393600000}},{"type":"Feature","id":331278,"geometry":{"type":"Polygon","coordinates":[[[114.16517830630642,22.443835725776221],[114.16517565751101,22.443838187738692],[114.16519860952319,22.443867323813233],[114.1651743293562,22.443884351423485],[114.16514872843577,22.443857882298875],[114.165129527519,22.443841672322684],[114.16516374042043,22.443819516138767],[114.16517830630642,22.443835725776221]]]},"properties":{"OBJECTID":331278,"Shape__Length":20.757950769303353,"Shape__Area":23.433702451608792,"GeoRefNo":"3506333825","DateCreate":1710691200000,"BuildingBlockType":"Temporary Structure","BuildingCSUID":"3506333825T20240318","BuildingID":1910245171,"Status":"Active","BuildingNameEN":null,"BuildingNameTC":null,"BaseHeight":21.100000000000001,"TopHeight":25.899999999999999,"Storeys":null,"StoreysInBasement":null,"DateStamp":1710691200000}},{"type":"Feature","id":331279,"geometry":{"type":"Polygon","coordinates":[[[114.16524932011686,22.445500109575089],[114.16524299615929,22.44549503219967],[114.16526006614431,22.445475615058967],[114.16528885134178,22.445497877190373],[114.16527152656057,22.445517057447006],[114.16524932011686,22.445500109575089]]]},"properties":{"OBJECTID":331279,"Shape__Length":13.222419595098096,"Shape__Area":10.67680392043356,"GeoRefNo":"3507334007","DateCreate":1711382400000,"BuildingBlockType":"Temporary Structure","BuildingCSUID":"3507334007T20240326","BuildingID":1910245696,"Status":"Active","BuildingNameEN":null,"BuildingNameTC":null,"BaseHeight":null,"TopHeight":null,"Storeys":null,"StoreysInBasement":null,"DateStamp":1711382400000}},{"type":"Feature","id":331280,"geometry":{"type":"Polygon","coordinates":[[[114.16506450233568,22.445570312676232],[114.16508197083041,22.445583432580193],[114.165100673309,22.445597516753569],[114.16507302939307,22.445627245885145],[114.16503792372367,22.445600168035014],[114.16506450233568,22.445570312676232]]]},"properties":{"OBJECTID":331280,"Shape__Length":18.12783223311558,"Shape__Area":20.493921921466026,"GeoRefNo":"3505334019","DateCreate":1711382400000,"BuildingBlockType":"Open-sided Structure","BuildingCSUID":"3505334019T20240326","BuildingID":1910245706,"Status":"Active","BuildingNameEN":null,"BuildingNameTC":null,"BaseHeight":null,"TopHeight":null,"Storeys":null,"StoreysInBasement":null,"DateStamp":1711382400000}},{"type":"Feature","id":331281,"geometry":{"type":"Polygon","coordinates":[[[114.16515548297637,22.445468115226756],[114.16514150072369,22.445483821334474],[114.16505662731285,22.445419358760748],[114.16507060122336,22.445403541314143],[114.16511681727845,22.445438700234678],[114.16515548297637,22.445468115226756]]]},"properties":{"OBJECTID":331281,"Shape__Length":27.096557391262046,"Shape__Area":25.529548041144849,"GeoRefNo":"3505734002","DateCreate":1716220800000,"BuildingBlockType":"Temporary Structure","BuildingCSUID":"3505734002T20240521","BuildingID":1910245711,"Status":"Active","BuildingNameEN":null,"BuildingNameTC":null,"BaseHeight":null,"TopHeight":null,"Storeys":null,"StoreysInBasement":null,"DateStamp":1716220800000}},{"type":"Feature","id":331282,"geometry":{"type":"Polygon","coordinates":[[[114.16381545606377,22.44362289917154],[114.16380174260792,22.443608889027807],[114.1638732706825,22.443557138986421],[114.16392385772913,22.443612750513225],[114.16392615796239,22.443617856788013],[114.16385909130639,22.443670611397931],[114.16385441613723,22.443665625668423],[114.16389103694304,22.443637361927554],[114.16385180123318,22.443594960513611],[114.16381545606377,22.44362289917154]]]},"properties":{"OBJECTID":331282,"Shape__Length":45.829481972806597,"Shape__Area":51.493114558225543,"GeoRefNo":"3493233799","DateCreate":1711296000000,"BuildingBlockType":"Open-sided Structure","BuildingCSUID":"3493233799T20240325","BuildingID":1910245629,"Status":"Active","BuildingNameEN":null,"BuildingNameTC":null,"BaseHeight":null,"TopHeight":null,"Storeys":null,"StoreysInBasement":null,"DateStamp":1711296000000}},{"type":"Feature","id":331283,"geometry":{"type":"Polygon","coordinates":[[[114.16383159949505,22.443712299007949],[114.16381062859911,22.443682127376114],[114.16383068478434,22.443670459476873],[114.16383882405317,22.443681981278647],[114.16385856849506,22.443672398392856],[114.16387140514746,22.443694513295515],[114.16385349266407,22.443702196683475],[114.16383159949505,22.443712299007949]]]},"properties":{"OBJECTID":331283,"Shape__Length":17.561915122325377,"Shape__Area":15.987376781017565,"GeoRefNo":"3492633808","DateCreate":1711296000000,"BuildingBlockType":"Temporary Structure","BuildingCSUID":"3492633808T20240325","BuildingID":1910245631,"Status":"Active","BuildingNameEN":null,"BuildingNameTC":null,"BaseHeight":null,"TopHeight":null,"Storeys":null,"StoreysInBasement":null,"DateStamp":1711296000000}},{"type":"Feature","id":331284,"geometry":{"type":"Polygon","coordinates":[[[114.16373974270098,22.443760437818103],[114.16376867421242,22.443816641837575],[114.16375485482143,22.443821613248385],[114.16374438081044,22.443804208453045],[114.16374237478402,22.44380482985661],[114.16373947752112,22.443801514631485],[114.16372900150809,22.443805450337432],[114.16372632721506,22.443801927881218],[114.16372276084857,22.44380337797303],[114.16370760722658,22.443775613326871],[114.16373974270098,22.443760437818103]]]},"properties":{"OBJECTID":331284,"Shape__Length":20.523282370985687,"Shape__Area":19.076391936015977,"GeoRefNo":"3491633818","DateCreate":1711296000000,"BuildingBlockType":"Temporary Structure","BuildingCSUID":"3491633818T20240325","BuildingID":1910245654,"Status":"Active","BuildingNameEN":null,"BuildingNameTC":null,"BaseHeight":null,"TopHeight":null,"Storeys":null,"StoreysInBasement":null,"DateStamp":1711296000000}},{"type":"Feature","id":331285,"geometry":{"type":"Polygon","coordinates":[[[114.16378946398943,22.443739340017157],[114.16375505355427,22.443753548821803],[114.16374145574635,22.443725544275225],[114.16376467451339,22.443716127391681],[114.16376961827457,22.443726458633627],[114.16378196602055,22.443721176816005],[114.16378946398943,22.443739340017157]]]},"properties":{"OBJECTID":331285,"Shape__Length":14.691553926664467,"Shape__Area":11.694170597556592,"GeoRefNo":"3491933812","DateCreate":1711296000000,"BuildingBlockType":"Temporary Structure","BuildingCSUID":"3491933812T20240325","BuildingID":1910245655,"Status":"Active","BuildingNameEN":null,"BuildingNameTC":null,"BaseHeight":null,"TopHeight":null,"Storeys":null,"StoreysInBasement":null,"DateStamp":1711296000000}},{"type":"Feature","id":331286,"geometry":{"type":"Polygon","coordinates":[[[114.16378946398943,22.443739340017157],[114.1638190021624,22.443726136985692],[114.16384895620794,22.443778699632428],[114.1638184333665,22.443792817826598],[114.16378946398943,22.443739340017157]]]},"properties":{"OBJECTID":331286,"Shape__Length":20.100518594237812,"Shape__Area":22.737397147254537,"GeoRefNo":"3492433815","DateCreate":1711296000000,"BuildingBlockType":"Temporary Structure","BuildingCSUID":"3492433815T20240325","BuildingID":1910245656,"Status":"Active","BuildingNameEN":null,"BuildingNameTC":null,"BaseHeight":null,"TopHeight":null,"Storeys":null,"StoreysInBasement":null,"DateStamp":1711296000000}},{"type":"Feature","id":331287,"geometry":{"type":"Polygon","coordinates":[[[114.16491731149843,22.443914508006809],[114.16498689664814,22.443911234171892],[114.16498881834757,22.443938061900738],[114.16491923318451,22.443941335736465],[114.16491731149843,22.443914508006809]]]},"properties":{"OBJECTID":331287,"Shape__Length":20.298982859424072,"Shape__Area":21.351413346202381,"GeoRefNo":"3504133834","DateCreate":1711296000000,"BuildingBlockType":"Temporary Structure","BuildingCSUID":"3504133834T20240325","BuildingID":1910245657,"Status":"Active","BuildingNameEN":null,"BuildingNameTC":null,"BaseHeight":null,"TopHeight":null,"Storeys":null,"StoreysInBasement":null,"DateStamp":1711296000000}},{"type":"Feature","id":331288,"geometry":{"type":"Polygon","coordinates":[[[114.16453933918949,22.445915171289709],[114.16457395235761,22.445894124748733],[114.1645699076248,22.445915085478703],[114.1645945805549,22.445991508377816],[114.16460178965112,22.446019515069839],[114.16457502628496,22.446023833117394],[114.1645587020481,22.445975808195701],[114.16456430461814,22.4459738850449],[114.16453933918949,22.445915171289709]]]},"properties":{"OBJECTID":331288,"Shape__Length":34.619599046817797,"Shape__Area":38.303852168044351,"GeoRefNo":"3500234059","DateCreate":1711468800000,"BuildingBlockType":"Open-sided Structure","BuildingCSUID":"3500234059T20240327","BuildingID":1910245879,"Status":"Active","BuildingNameEN":null,"BuildingNameTC":null,"BaseHeight":null,"TopHeight":null,"Storeys":null,"StoreysInBasement":null,"DateStamp":1711468800000}}]}