{"type":"FeatureCollection","features":[{"type":"Feature","id":248554,"geometry":{"type":"Polygon","coordinates":[[[114.19702859259539,22.290833470244046],[114.1970736190592,22.290644320521977],[114.19731316714726,22.290694659143018],[114.19729978295345,22.290750819585167],[114.19727795153366,22.290842424490556],[114.19726822329464,22.290883244505697],[114.19702859259539,22.290833470244046]]]},"properties":{"OBJECTID":248554,"Shape__Length":93.452173501563323,"Shape__Area":542.06063381972865,"GeoRefNo":"3836016864","DateCreate":1114790400000,"BuildingBlockType":"Tower","BuildingCSUID":"3836016864T20050430","BuildingID":1103120278,"Status":"Active","BuildingNameEN":"Sentact Building","BuildingNameTC":"新達大廈","BaseHeight":4.5999999999999996,"TopHeight":81.200000000000003,"Storeys":22,"StoreysInBasement":null,"DateStamp":1599580800000}},{"type":"Feature","id":248555,"geometry":{"type":"Polygon","coordinates":[[[114.20163250702538,22.290887250957507],[114.20164103685694,22.29088899644762],[114.20166018780795,22.290892915158235],[114.20166212652828,22.290884990307067],[114.20168968908959,22.290890500277769],[114.20171907589831,22.290928836468478],[114.20170447359484,22.290988526536051],[114.20161317086469,22.290969951684012],[114.20161889404483,22.290945473751069],[114.20163250702538,22.290887250957507]]]},"properties":{"OBJECTID":248555,"Shape__Length":37.722285675777798,"Shape__Area":90.013434941103185,"GeoRefNo":"3882216892","DateCreate":1114790400000,"BuildingBlockType":"Tower","BuildingCSUID":"3882216892T20050430","BuildingID":1103120259,"Status":"Active","BuildingNameEN":"W Business Centre","BuildingNameTC":"北角好景中心","BaseHeight":6,"TopHeight":86.700000000000003,"Storeys":19,"StoreysInBasement":null,"DateStamp":1599580800000}},{"type":"Feature","id":248556,"geometry":{"type":"Polygon","coordinates":[[[114.19763378546203,22.290480284398239],[114.19768722680718,22.290250937920597],[114.19786006820433,22.290287206272104],[114.19780485757897,22.290514407176762],[114.19763378546203,22.290480284398239]]]},"properties":{"OBJECTID":248556,"Shape__Length":88.069080883629709,"Shape__Area":469.7465491075161,"GeoRefNo":"3841316840","DateCreate":1114790400000,"BuildingBlockType":"Tower","BuildingCSUID":"3841316840T20050430","BuildingID":1103120346,"Status":"Active","BuildingNameEN":"China Harbour Building","BuildingNameTC":"振華大廈","BaseHeight":4.5,"TopHeight":81.400000000000006,"Storeys":22,"StoreysInBasement":null,"DateStamp":1599580800000}},{"type":"Feature","id":248755,"geometry":{"type":"Polygon","coordinates":[[[114.19661154843705,22.289759673568998],[114.19676852492381,22.289792128043331],[114.19671840218641,22.290006538884704],[114.19654165879535,22.289970262023484],[114.19654500754311,22.289956544997676],[114.19654775062763,22.289945308758568],[114.19655049371171,22.289934072609704],[114.19655323679537,22.289922836460747],[114.1965559799756,22.289911600221433],[114.19655870792896,22.289900426114624],[114.1965608699829,22.289891569696628],[114.19657916642737,22.289895541940453],[114.19661154843705,22.289759673568998]]]},"properties":{"OBJECTID":248755,"Shape__Length":85.803297995542323,"Shape__Area":421.52854045392058,"GeoRefNo":"3830716764","DateCreate":1114790400000,"BuildingBlockType":"Tower","BuildingCSUID":"3830716764T20050430","BuildingID":1103120455,"Status":"Active","BuildingNameEN":"King Man Court","BuildingNameTC":"景文樓","BaseHeight":9,"TopHeight":76,"Storeys":21,"StoreysInBasement":null,"DateStamp":1599580800000}},{"type":"Feature","id":248756,"geometry":{"type":"Polygon","coordinates":[[[114.19761398431818,22.289210448224743],[114.1975865041403,22.289327124649667],[114.19749305826976,22.289307831981709],[114.19751701333291,22.289204597298074],[114.19752010228305,22.289191482356003],[114.19756504724631,22.289200561070366],[114.19761398431818,22.289210448224743]]]},"properties":{"OBJECTID":248756,"Shape__Length":46.172541942167683,"Shape__Area":130.51118647565022,"GeoRefNo":"3839716710","DateCreate":1114790400000,"BuildingBlockType":"Tower","BuildingCSUID":"3839716710T20050430","BuildingID":1103120649,"Status":"Active","BuildingNameEN":"Wai Wing Building","BuildingNameTC":"偉榮洋樓","BaseHeight":18.5,"TopHeight":61.799999999999997,"Storeys":14,"StoreysInBasement":null,"DateStamp":1599580800000}},{"type":"Feature","id":248757,"geometry":{"type":"Polygon","coordinates":[[[114.19706356867927,22.289334107874641],[114.19712098016277,22.289345952141424],[114.19711462077501,22.28937056094464],[114.19715467342644,22.289378777958881],[114.19714170649272,22.28943043124896],[114.19710231515772,22.289422281968974],[114.19709424090274,22.289455054853086],[114.19704211447446,22.289444324027421],[114.1970503494346,22.289411531168156],[114.19700883143817,22.289402941887314],[114.19702179893633,22.289351518075822],[114.19705724442062,22.289358789909642],[114.19706356867927,22.289334107874641]]]},"properties":{"OBJECTID":248757,"Shape__Length":52.857657908709065,"Shape__Area":119.66293195294932,"GeoRefNo":"3834916716","DateCreate":1114790400000,"BuildingBlockType":"Tower","BuildingCSUID":"3834916716T20050430","BuildingID":1103120604,"Status":"Active","BuildingNameEN":"Fok Wah Mansion","BuildingNameTC":"福華洋樓","BaseHeight":15.4,"TopHeight":63.5,"Storeys":16,"StoreysInBasement":1,"DateStamp":1599580800000}},{"type":"Feature","id":248758,"geometry":{"type":"Polygon","coordinates":[[[114.19744190408588,22.28941215975253],[114.19742302018818,22.289490196071387],[114.19743117128095,22.289492244357199],[114.19742309425703,22.289528803619085],[114.19725908895742,22.289495464847324],[114.19726742316477,22.289458164778669],[114.19727335150905,22.289459758750539],[114.1972928101036,22.289381401247194],[114.19744190408588,22.28941215975253]]]},"properties":{"OBJECTID":248758,"Shape__Length":60.657832859336928,"Shape__Area":212.2051118503619,"GeoRefNo":"3837916723","DateCreate":1114790400000,"BuildingBlockType":"Tower","BuildingCSUID":"3837916723T20050430","BuildingID":1103120584,"Status":"Active","BuildingNameEN":"Wilmont Court","BuildingNameTC":"威明閣","BaseHeight":16,"TopHeight":85.400000000000006,"Storeys":23,"StoreysInBasement":null,"DateStamp":1599580800000}},{"type":"Feature","id":248759,"geometry":{"type":"Polygon","coordinates":[[[114.1961386091765,22.289550904043725],[114.19618976276887,22.289337664879664],[114.19634760579261,22.289369172075965],[114.19629707231405,22.289583112532945],[114.1961386091765,22.289550904043725]]]},"properties":{"OBJECTID":248759,"Shape__Length":81.800975260987812,"Shape__Area":403.95664923828275,"GeoRefNo":"3826016737","DateCreate":1114790400000,"BuildingBlockType":"Tower","BuildingCSUID":"3826016737T20050430","BuildingID":1103120568,"Status":"Active","BuildingNameEN":"Wah Hong Mansion","BuildingNameTC":"華康大廈","BaseHeight":14,"TopHeight":84.200000000000003,"Storeys":23,"StoreysInBasement":null,"DateStamp":1599580800000}},{"type":"Feature","id":248760,"geometry":{"type":"Polygon","coordinates":[[[114.1970679994165,22.289040516199236],[114.19709856537678,22.288911501467325],[114.19719232117417,22.288930875780917],[114.197181840692,22.288972971019426],[114.19716263305519,22.288968961480084],[114.1971423141502,22.289055726864845],[114.1970679994165,22.289040516199236]]]},"properties":{"OBJECTID":248760,"Shape__Length":49.014655342873148,"Shape__Area":124.24408690731352,"GeoRefNo":"3835616670","DateCreate":1114790400000,"BuildingBlockType":"Tower","BuildingCSUID":"3835616670T20050430","BuildingID":1103120712,"Status":"Active","BuildingNameEN":"Happy House","BuildingNameTC":"樂景樓","BaseHeight":21,"TopHeight":47.600000000000001,"Storeys":8,"StoreysInBasement":1,"DateStamp":1599580800000}},{"type":"Feature","id":248930,"geometry":{"type":"Polygon","coordinates":[[[114.19582040108278,22.29114013623191],[114.1957709893714,22.291235710406426],[114.19541066395657,22.291071927482815],[114.1954569376131,22.290982457847022],[114.19566226494906,22.291071533464081],[114.19573119452502,22.291101436598588],[114.19582040108278,22.29114013623191]]]},"properties":{"OBJECTID":248930,"Shape__Length":105.38867870732888,"Shape__Area":469.83216112398497,"GeoRefNo":"3820816918","DateCreate":1114790400000,"BuildingBlockType":"Tower","BuildingCSUID":"3820816918T20050430","BuildingID":1103120189,"Status":"Active","BuildingNameEN":"Wellborne Commercial Centre","BuildingNameTC":"威邦商業中心","BaseHeight":16.899999999999999,"TopHeight":83.400000000000006,"Storeys":21,"StoreysInBasement":null,"DateStamp":1599580800000}},{"type":"Feature","id":248931,"geometry":{"type":"Polygon","coordinates":[[[114.19599504980069,22.291301040362821],[114.19587998493087,22.291285657687371],[114.19590854081655,22.291163725718238],[114.19592114751094,22.29116594929155],[114.19593595297982,22.291106345782019],[114.19603567561026,22.291125613764752],[114.19599504980069,22.291301040362821]]]},"properties":{"OBJECTID":248931,"Shape__Length":64.261945025660964,"Shape__Area":232.15915851213535,"GeoRefNo":"3823016928","DateCreate":1114790400000,"BuildingBlockType":"Tower","BuildingCSUID":"3823016928T20050430","BuildingID":1103120167,"Status":"Active","BuildingNameEN":"Carnival Commercial Building","BuildingNameTC":"嘉滙商業大廈","BaseHeight":18.600000000000001,"TopHeight":81.400000000000006,"Storeys":19,"StoreysInBasement":null,"DateStamp":1599580800000}},{"type":"Feature","id":248934,"geometry":{"type":"Polygon","coordinates":[[[114.19596999392522,22.290892876925007],[114.19597512426189,22.290871699773291],[114.19598770744572,22.290873910882031],[114.1959898546623,22.290864752309687],[114.19603078758912,22.290874072586593],[114.19602289779597,22.290905648741688],[114.19608368684639,22.290919057077708],[114.1960759487029,22.290951807379177],[114.19603124027348,22.290941500061564],[114.19602844176352,22.290955197503909],[114.19607274668465,22.290965359206101],[114.19606589477482,22.290994358712073],[114.19600527638457,22.290981643901425],[114.19600010212685,22.291004519629364],[114.19595893762636,22.290996624224302],[114.195982647714,22.290895492146316],[114.19596999392522,22.290892876925007]]]},"properties":{"OBJECTID":248934,"Shape__Length":63.246934954780656,"Shape__Area":115.0520292777984,"GeoRefNo":"3824416896","DateCreate":1114790400000,"BuildingBlockType":"Tower","BuildingCSUID":"3824416896T20050430","BuildingID":1103120254,"Status":"Active","BuildingNameEN":"Kar Wan Building","BuildingNameTC":"嘉運大廈","BaseHeight":7.7000000000000002,"TopHeight":68.299999999999997,"Storeys":23,"StoreysInBasement":null,"DateStamp":1599580800000}},{"type":"Feature","id":249375,"geometry":{"type":"Polygon","coordinates":[[[114.19749315121766,22.288990215402958],[114.19763682860354,22.289019593547149],[114.19760682246225,22.289146095986165],[114.19746515980977,22.289116994619448],[114.19749315121766,22.288990215402958]]]},"properties":{"OBJECTID":249375,"Shape__Length":58.786846853882899,"Shape__Area":215.85440080430058,"GeoRefNo":"3839616679","DateCreate":1114790400000,"BuildingBlockType":"Tower","BuildingCSUID":"3839616679T20050430","BuildingID":1103120692,"Status":"Active","BuildingNameEN":"Ching Wah Building","BuildingNameTC":"清華大廈","BaseHeight":19.199999999999999,"TopHeight":86.900000000000006,"Storeys":23,"StoreysInBasement":null,"DateStamp":1599580800000}},{"type":"Feature","id":249376,"geometry":{"type":"Polygon","coordinates":[[[114.19906396733586,22.289137691813675],[114.19904604781857,22.289211693397206],[114.19896830055582,22.289195388566466],[114.19897755956494,22.289157524861952],[114.19896706486129,22.289155323994528],[114.19897577470817,22.289119196412667],[114.19906396733586,22.289137691813675]]]},"properties":{"OBJECTID":249376,"Shape__Length":35.43783457223298,"Shape__Area":73.484879418213396,"GeoRefNo":"3854916697","DateCreate":1114790400000,"BuildingBlockType":"Tower","BuildingCSUID":"3854916697T20050430","BuildingID":1103120676,"Status":"Active","BuildingNameEN":"Kashi Court","BuildingNameTC":"雅怡閣","BaseHeight":26.699999999999999,"TopHeight":106.90000000000001,"Storeys":25,"StoreysInBasement":null,"DateStamp":1599580800000}},{"type":"Feature","id":249711,"geometry":{"type":"Polygon","coordinates":[[[114.1953778484166,22.291328782724378],[114.19538629110151,22.291313973520438],[114.19539411859482,22.291300243184907],[114.19535917916518,22.291284914982104],[114.19537712482695,22.291250402036024],[114.19541770057414,22.291268911259536],[114.19543295762409,22.291241737714095],[114.19549437530864,22.291269875780333],[114.1954801180526,22.291297623564308],[114.19552605155677,22.291317883183066],[114.19550843972414,22.291352994927642],[114.19545850563253,22.291330574012164],[114.19545184435239,22.291341942618114],[114.19543817483009,22.291335795865422],[114.1954294520485,22.291352483925692],[114.1953778484166,22.291328782724378]]]},"properties":{"OBJECTID":249711,"Shape__Length":56.541561613133865,"Shape__Area":119.76359737736352,"GeoRefNo":"3817916935","DateCreate":1114790400000,"BuildingBlockType":"Tower","BuildingCSUID":"3817916935T20050430","BuildingID":1103120149,"Status":"Active","BuildingNameEN":"Circle Court","BuildingNameTC":"永光閣","BaseHeight":12.5,"TopHeight":77.099999999999994,"Storeys":23,"StoreysInBasement":null,"DateStamp":1599580800000}},{"type":"Feature","id":251193,"geometry":{"type":"Polygon","coordinates":[[[114.19892185131961,22.289650697902506],[114.19886958746375,22.289639950705244],[114.19887965956167,22.289597389797823],[114.19885827703253,22.289592661284907],[114.19886551920425,22.289562013784916],[114.19885962186201,22.289560859297357],[114.19886244066927,22.289546105940349],[114.19884634520858,22.28954251556042],[114.19885058196438,22.289524747768496],[114.19884872649756,22.28952431069369],[114.19884696210617,22.289523589088159],[114.19884533212687,22.289522600675834],[114.19884387659484,22.289521369733905],[114.1988426312606,22.289519926496521],[114.19884162671181,22.289518306412198],[114.19884088762198,22.289516549273124],[114.19884043214451,22.289514698237802],[114.19884868544628,22.289478990289169],[114.19884962825459,22.289477364567919],[114.19885082081113,22.289475912098979],[114.19885223191956,22.289474670877773],[114.19885382466644,22.289473673373642],[114.19885555738678,22.289472945680494],[114.19885738475402,22.289472506834191],[114.1988577828603,22.28946912517149],[114.19886468187389,22.289469906558246],[114.19887170936714,22.289440984478322],[114.19888699502134,22.289443923767308],[114.19889032419321,22.289428818777935],[114.19889736448823,22.289430183161389],[114.19890655141607,22.289389129131724],[114.19892574052012,22.289393085908731],[114.19892668974897,22.289389960189069],[114.19896455916762,22.289397767966435],[114.19895090558826,22.289455702837291],[114.19895718683323,22.289456984871961],[114.19895520836502,22.289465379741873],[114.19896284190156,22.289466995905808],[114.19895842927065,22.289489953174716],[114.19897186591504,22.28949266766455],[114.1989560227247,22.289556668977035],[114.19896321589314,22.289558223070244],[114.1989592419407,22.289580974200181],[114.19895250951453,22.28960409406525],[114.19894043651419,22.289601767163226],[114.1989386860174,22.289609116074498],[114.19893269444756,22.289607961421829],[114.19892185131961,22.289650697902506]]]},"properties":{"OBJECTID":251193,"Shape__Length":82.239107212356075,"Shape__Area":252.44392316261707,"GeoRefNo":"3853816735","DateCreate":1300377600000,"BuildingBlockType":"Tower","BuildingCSUID":"3853816735T20110318","BuildingID":1810060322,"Status":"Active","BuildingNameEN":"Mount East","BuildingNameTC":"曉峯","BaseHeight":44.100000000000001,"TopHeight":135.30000000000001,"Storeys":26,"StoreysInBasement":null,"DateStamp":1599580800000}},{"type":"Feature","id":251406,"geometry":{"type":"Polygon","coordinates":[[[114.19821222300556,22.28992133932876],[114.19813118901672,22.289905036428088],[114.19811955359863,22.28995361468958],[114.19803645237559,22.289936685197016],[114.19805124085143,22.2898715922218],[114.19799972652679,22.28986030452495],[114.1979997341879,22.289860271471849],[114.19801145163649,22.289809108281023],[114.19809160407586,22.289825571560527],[114.19822777499681,22.289853672959687],[114.198227533335,22.289854724246805],[114.19821222300556,22.28992133932876]]]},"properties":{"OBJECTID":251406,"Shape__Length":71.933443584000571,"Shape__Area":214.13171846237452,"GeoRefNo":"3845416781","DateCreate":1114790400000,"BuildingBlockType":"Tower","BuildingCSUID":"3845416781T20050430","BuildingID":1103120465,"Status":"Active","BuildingNameEN":"Kings Court","BuildingNameTC":"景興閣","BaseHeight":24.5,"TopHeight":93,"Storeys":26,"StoreysInBasement":null,"DateStamp":1599580800000}},{"type":"Feature","id":251407,"geometry":{"type":"Polygon","coordinates":[[[114.20193912586467,22.289886948723485],[114.20193451070492,22.28990830063832],[114.20194686081555,22.289910556835732],[114.20193907766763,22.28994361979624],[114.20182792175841,22.289921936900878],[114.20182305726135,22.289942601168651],[114.20193470682506,22.289964282546023],[114.20192839425472,22.289994358308288],[114.20191554968078,22.289991874072275],[114.20190995756909,22.290016211662291],[114.20182301065172,22.289999731086937],[114.20180500472652,22.290074124186368],[114.20178129185699,22.290069608637211],[114.20177885720007,22.29007925245627],[114.20174872163281,22.290073380134853],[114.20176814267343,22.289980168894854],[114.20174936986626,22.289976555825106],[114.20172969632387,22.290068161727188],[114.20169895430996,22.290061996716634],[114.20170027397863,22.290054486284212],[114.20167310289973,22.290049293139354],[114.20168937447464,22.289973069902214],[114.20161897643962,22.289959520822702],[114.2016250623353,22.289935181812506],[114.20161196927063,22.289932239466729],[114.20161852305633,22.289900557040866],[114.20170497951743,22.289917956938393],[114.20170910669515,22.289898212646733],[114.20162363925347,22.289881268556623],[114.20162995913809,22.289853257747744],[114.20164259828661,22.289855880206378],[114.20164888713093,22.289830714590675],[114.20172422922958,22.289846313303016],[114.2017415726926,22.289770886215052],[114.20176485121465,22.289775693164962],[114.20176905231783,22.289761932192196],[114.20179641273891,22.289767523452401],[114.20177537438619,22.289860151116741],[114.20179464091402,22.289863762662698],[114.20181513509682,22.289771349466768],[114.20184123609707,22.289776662318427],[114.2018383174226,22.289789060915695],[114.20186771242666,22.289794935592631],[114.20185143688322,22.289870011599039],[114.20193912586467,22.289886948723485]]]},"properties":{"OBJECTID":251407,"Shape__Length":217.68844518776032,"Shape__Area":633.79925696189957,"GeoRefNo":"3883216781","DateCreate":1114790400000,"BuildingBlockType":"Tower","BuildingCSUID":"3883216781T20050430","BuildingID":1103120441,"Status":"Active","BuildingNameEN":"Tanner Garden Block 2","BuildingNameTC":"丹拿花園２座","BaseHeight":34.700000000000003,"TopHeight":85.700000000000003,"Storeys":22,"StoreysInBasement":null,"DateStamp":1599580800000}},{"type":"Feature","id":251408,"geometry":{"type":"Polygon","coordinates":[[[114.2028092201962,22.289894070960337],[114.20254976185279,22.289874407546904],[114.20255524250049,22.289814838226405],[114.20263647668158,22.289821240868072],[114.20263861290064,22.28979691400674],[114.20262305789258,22.289795814833344],[114.20262639528455,22.28976207732628],[114.20264219797497,22.289763405115433],[114.20264407206518,22.289734719753842],[114.20256314133903,22.289728119116436],[114.20256806152423,22.289669335728465],[114.20282879975036,22.289689637915568],[114.20282273537693,22.289748890093659],[114.20274012224125,22.289742682555929],[114.20273848858636,22.28976953168285],[114.20275527937365,22.289771085881714],[114.20275243646932,22.289805051245402],[114.20273465830437,22.289803500183986],[114.20273203082218,22.289828516884203],[114.20281425229595,22.289834916389502],[114.2028092201962,22.289894070960337]]]},"properties":{"OBJECTID":251408,"Shape__Length":139.90980975742602,"Shape__Area":461.6429298346377,"GeoRefNo":"3892616773","DateCreate":1114790400000,"BuildingBlockType":"Tower","BuildingCSUID":"3892616773T20050430","BuildingID":1103120479,"Status":"Active","BuildingNameEN":"King's Court","BuildingNameTC":"和景閣","BaseHeight":42.600000000000001,"TopHeight":70.200000000000003,"Storeys":9,"StoreysInBasement":null,"DateStamp":1599580800000}},{"type":"Feature","id":251409,"geometry":{"type":"Polygon","coordinates":[[[114.19884537417475,22.289907042278163],[114.19881223609433,22.289900024735076],[114.1988254434247,22.289846011669805],[114.19882828201433,22.289846612815133],[114.19883129635622,22.289834285059051],[114.19882845776679,22.289833683913756],[114.1988008286112,22.289827833010634],[114.19880427363104,22.289813744224478],[114.19879765019233,22.289812341581079],[114.19881151793464,22.289755627366432],[114.19882927671625,22.289759508129844],[114.19883267098209,22.289746052035575],[114.19885196499281,22.2897497574845],[114.19885945460661,22.289751195859729],[114.1988678915515,22.289716336494244],[114.19887772945442,22.289718646456787],[114.1988834145322,22.289695383331093],[114.19889123248836,22.289697213228216],[114.19892698671919,22.289705582013124],[114.19887754581178,22.28991385504083],[114.19884537417475,22.289907042278163]]]},"properties":{"OBJECTID":251409,"Shape__Length":68.818925456508893,"Shape__Area":182.07069409119958,"GeoRefNo":"3853516767","DateCreate":1114790400000,"BuildingBlockType":"Tower","BuildingCSUID":"3853516767T20050430","BuildingID":1103120476,"Status":"Active","BuildingNameEN":"Villa Claire","BuildingNameTC":"明軒","BaseHeight":24.199999999999999,"TopHeight":105.2,"Storeys":26,"StoreysInBasement":null,"DateStamp":1599580800000}},{"type":"Feature","id":251410,"geometry":{"type":"Polygon","coordinates":[[[114.19890529524478,22.28966468868683],[114.19878432009591,22.28963956473352],[114.19884183485533,22.289398276103814],[114.1988598347086,22.289401991932102],[114.19886751005961,22.289370773727192],[114.19884949925199,22.289367104318622],[114.1988643758875,22.289303864518452],[114.19901740952983,22.289335286870024],[114.19894119485598,22.289662101130943],[114.19890775681419,22.28965527843863],[114.19890529524478,22.28966468868683]]]},"properties":{"OBJECTID":251410,"Shape__Length":112.43839463524414,"Shape__Area":608.03412825517432,"GeoRefNo":"3853816732","DateCreate":1300377600000,"BuildingBlockType":"Podium","BuildingCSUID":"3853816732P20110318","BuildingID":1810060323,"Status":"Active","BuildingNameEN":"MOUNT EAST","BuildingNameTC":"曉峯","BaseHeight":18,"TopHeight":44.100000000000001,"Storeys":6,"StoreysInBasement":null,"DateStamp":1599580800000}},{"type":"Feature","id":251411,"geometry":{"type":"Polygon","coordinates":[[[114.19907386365418,22.289099140514381],[114.19904557943657,22.289093348892717],[114.19900818240183,22.28908566036392],[114.19898264369161,22.28908038951359],[114.19898108645768,22.289086824680503],[114.19894105771908,22.289078401221719],[114.1990006228268,22.288826247581877],[114.19921317455015,22.288870187903694],[114.19920188362089,22.288917110435566],[114.19919525471389,22.288944526890376],[114.19916779297695,22.289064242028452],[114.19913389016143,22.289057466766597],[114.19913087352163,22.289070329594448],[114.19912576377909,22.289069269288014],[114.1991058585276,22.289080978965689],[114.19907958308835,22.289075656486233],[114.19907386365418,22.289099140514381]]]},"properties":{"OBJECTID":251411,"Shape__Length":101.03994350981658,"Shape__Area":591.73420978935701,"GeoRefNo":"3855616674","DateCreate":1307894400000,"BuildingBlockType":"Podium","BuildingCSUID":"3855616674P20110613","BuildingID":1810069162,"Status":"Active","BuildingNameEN":"LIME HABITAT","BuildingNameTC":"形品","BaseHeight":27,"TopHeight":40.5,"Storeys":4,"StoreysInBasement":null,"DateStamp":1599580800000}},{"type":"Feature","id":251412,"geometry":{"type":"Polygon","coordinates":[[[114.19780738763411,22.289185629664381],[114.19781141198668,22.289167152480069],[114.19783179080979,22.289171674188776],[114.19782741704584,22.289189654734269],[114.19780738763411,22.289185629664381]]]},"properties":{"OBJECTID":251412,"Shape__Length":8.3996775949447571,"Shape__Area":4.4075424980330098,"GeoRefNo":"3842616698","DateCreate":1505232000000,"BuildingBlockType":"Tower","BuildingCSUID":"3842616698T20170913","BuildingID":1810165757,"Status":"Active","BuildingNameEN":null,"BuildingNameTC":null,"BaseHeight":21.199999999999999,"TopHeight":42,"Storeys":null,"StoreysInBasement":null,"DateStamp":1505232000000}},{"type":"Feature","id":251622,"geometry":{"type":"Polygon","coordinates":[[[114.20315766056687,22.28970812288344],[114.20315100695193,22.289781563186835],[114.20312433996661,22.289779351393513],[114.20312127129245,22.289819282883673],[114.20313979160821,22.289821290461219],[114.20313666733905,22.289852952976883],[114.20313025733795,22.289917912848146],[114.20286557805798,22.289900147126911],[114.20287056756703,22.289844837440832],[114.20288488915959,22.289846169778674],[114.20288843145673,22.289800500879256],[114.20289732017893,22.289801161758049],[114.20289972258183,22.289782340462416],[114.2028565173128,22.289780179775171],[114.20285899525668,22.289751614602277],[114.20285936418841,22.289747361479119],[114.20289368554459,22.2897502380054],[114.20289963996714,22.289688501065356],[114.2029932184662,22.289695553646915],[114.20298488597271,22.289782994846465],[114.20303204637518,22.289786749398836],[114.20304037883952,22.28969930819693],[114.20315766056687,22.28970812288344]]]},"properties":{"OBJECTID":251622,"Shape__Length":135.7221095213707,"Shape__Area":579.480689806128,"GeoRefNo":"3895916776","DateCreate":1114790400000,"BuildingBlockType":"Tower","BuildingCSUID":"3895916776T20050430","BuildingID":1103120474,"Status":"Active","BuildingNameEN":"North Point View Mansion","BuildingNameTC":"美景新廈","BaseHeight":42.600000000000001,"TopHeight":58,"Storeys":7,"StoreysInBasement":1,"DateStamp":1599580800000}},{"type":"Feature","id":251623,"geometry":{"type":"Polygon","coordinates":[[[114.19884537417475,22.289907042278163],[114.19887754581178,22.28991385504083],[114.19887156030529,22.289939069092792],[114.1988697714994,22.289946604580972],[114.1988671530697,22.289957634944006],[114.19883486456781,22.289951314635239],[114.19883748125434,22.289940291497452],[114.19883926065533,22.289932795835959],[114.19884537417475,22.289907042278163]]]},"properties":{"OBJECTID":251623,"Shape__Length":16.785737250415178,"Shape__Area":16.975337567200572,"GeoRefNo":"3853216780","DateCreate":1114790400000,"BuildingBlockType":"Tower","BuildingCSUID":"3853216780T20050430","BuildingID":1103120463,"Status":"Active","BuildingNameEN":null,"BuildingNameTC":null,"BaseHeight":11,"TopHeight":20.5,"Storeys":null,"StoreysInBasement":null,"DateStamp":1505059200000}},{"type":"Feature","id":251624,"geometry":{"type":"Polygon","coordinates":[[[114.20209275771556,22.289920529560348],[114.20209545454757,22.289908721505938],[114.20207025496101,22.289902604558396],[114.20208875590035,22.289828668752264],[114.20200057038907,22.289810114761497],[114.20200591217403,22.289785561013399],[114.20198936268662,22.28978213934662],[114.20199577033867,22.289752096257352],[114.20210252365158,22.289774248052204],[114.20210664966487,22.289755917224017],[114.20199978709621,22.289734291031241],[114.20200643210995,22.289704835978988],[114.20202217791305,22.289707731734801],[114.20202752476051,22.289683853746713],[114.20211940990919,22.289700777841052],[114.20213563100187,22.289629773363298],[114.202161055792,22.28963493491576],[114.20216371584843,22.289623201548849],[114.20219004827855,22.289628547450786],[114.20216957340227,22.289716224670563],[114.20218859223522,22.289719607462708],[114.20220935190972,22.289632466344393],[114.20224327513326,22.289639432409302],[114.20224083370603,22.289651131065686],[114.20226736090574,22.289656498507799],[114.20225081549299,22.289724921825172],[114.20232269938992,22.289739842601445],[114.20231661679813,22.289765099420379],[114.20233125904092,22.289768290079117],[114.20232408854507,22.289799980487672],[114.20222996402927,22.289780904680999],[114.20222583212488,22.289799844358004],[114.20231971848931,22.289819294162704],[114.20231335015146,22.289847439833324],[114.20229863141724,22.289845228375864],[114.20229399617446,22.289866293852658],[114.20229352902389,22.289868417297203],[114.20221399212211,22.289853290633136],[114.20221057878585,22.28986683692634],[114.20219524601298,22.28992768606016],[114.20217425076731,22.289923850510991],[114.20217189691928,22.289935884098195],[114.20214119257514,22.289929229615144],[114.2021623524689,22.289839225011495],[114.20214357639996,22.289834694295514],[114.20212192929988,22.289926535892448],[114.20209275771556,22.289920529560348]]]},"properties":{"OBJECTID":251624,"Shape__Length":217.95568254792735,"Shape__Area":637.28569034012469,"GeoRefNo":"3887316766","DateCreate":1114790400000,"BuildingBlockType":"Tower","BuildingCSUID":"3887316766T20050430","BuildingID":1103120470,"Status":"Active","BuildingNameEN":"Tanner Garden Block 3","BuildingNameTC":"丹拿花園３座","BaseHeight":34.700000000000003,"TopHeight":85.599999999999994,"Storeys":22,"StoreysInBasement":null,"DateStamp":1599580800000}},{"type":"Feature","id":251625,"geometry":{"type":"Polygon","coordinates":[[[114.19748400292363,22.289713532619373],[114.1974790477274,22.289734092556007],[114.19747691542639,22.28974294004227],[114.19745692388257,22.289738877176607],[114.19745079671462,22.289764562503297],[114.19724308733468,22.289722084037699],[114.19724982992082,22.289696789396483],[114.19723438267403,22.289693650035662],[114.19724161455186,22.289663147912375],[114.19729886423454,22.28967504830652],[114.19730281428656,22.289660229542619],[114.19724517031359,22.289648150212397],[114.197251255208,22.289622485307618],[114.19726914034834,22.289626204667993],[114.19727441679818,22.289603163622516],[114.1974791636022,22.289645648114966],[114.19747365614096,22.289668735523477],[114.19749379043809,22.289672922540063],[114.19748752116541,22.289698934885443],[114.19743052831352,22.289686992081325],[114.19742702347195,22.289701688426796],[114.19748400292363,22.289713532619373]]]},"properties":{"OBJECTID":251625,"Shape__Length":102.4995130571247,"Shape__Area":304.58889137676465,"GeoRefNo":"3837516757","DateCreate":1114790400000,"BuildingBlockType":"Tower","BuildingCSUID":"3837516757T20050430","BuildingID":1103120516,"Status":"Active","BuildingNameEN":"Jade Mansion","BuildingNameTC":"寶翠洋樓","BaseHeight":16.199999999999999,"TopHeight":84.900000000000006,"Storeys":25,"StoreysInBasement":null,"DateStamp":1599580800000}},{"type":"Feature","id":251626,"geometry":{"type":"Polygon","coordinates":[[[114.19996963318489,22.289357779418154],[114.19998225640612,22.289304223740004],[114.20005729001711,22.289319703525308],[114.20003260273491,22.289424323081089],[114.19999568241968,22.289416706776503],[114.20000079742589,22.28939424705689],[114.20001463098647,22.289397646557472],[114.20002193586639,22.289368715267081],[114.19996963318489,22.289357779418154]]]},"properties":{"OBJECTID":251626,"Shape__Length":42.581458460686299,"Shape__Area":65.864183550763656,"GeoRefNo":"3865216713","DateCreate":1114790400000,"BuildingBlockType":"Tower","BuildingCSUID":"3865216713T20050430","BuildingID":1103120614,"Status":"Active","BuildingNameEN":null,"BuildingNameTC":null,"BaseHeight":30.199999999999999,"TopHeight":46.899999999999999,"Storeys":5,"StoreysInBasement":null,"DateStamp":1599580800000}},{"type":"Feature","id":251627,"geometry":{"type":"Polygon","coordinates":[[[114.20004657764011,22.28949795148894],[114.20006879950397,22.28950279314985],[114.20005566352509,22.289558586244649],[114.19999515024254,22.289546151411209],[114.19998372846196,22.28959803887027],[114.1999246976125,22.289586058310604],[114.19993735345889,22.289534167157981],[114.19987353126641,22.28952116093091],[114.19988626922689,22.289464573753722],[114.19992628494145,22.289473629485897],[114.19992798500596,22.289465594062786],[114.20002505075865,22.289484800826198],[114.20002310383234,22.289492837008023],[114.20004657764011,22.28949795148894]]]},"properties":{"OBJECTID":251627,"Shape__Length":64.95507289850822,"Shape__Area":167.73033663487456,"GeoRefNo":"3864616735","DateCreate":1114790400000,"BuildingBlockType":"Tower","BuildingCSUID":"3864616735T20050430","BuildingID":1103120564,"Status":"Active","BuildingNameEN":"Ming Yuen Mansions (Stage 3)","BuildingNameTC":"明園洋樓（第三期）","BaseHeight":30.199999999999999,"TopHeight":88.099999999999994,"Storeys":19,"StoreysInBasement":null,"DateStamp":1599580800000}},{"type":"Feature","id":251628,"geometry":{"type":"Polygon","coordinates":[[[114.19965355190327,22.289066317956546],[114.19963955086833,22.289063350925339],[114.1996366190948,22.289072078445603],[114.19955801592428,22.289055556108281],[114.19952595537796,22.289048816973441],[114.19944008446799,22.289030766890388],[114.19944658794088,22.289005660658571],[114.19943670820207,22.289003625718735],[114.19944352351419,22.288975843216953],[114.19948699613612,22.28898534739859],[114.19949453921724,22.288953891585177],[114.19945106823096,22.288944846251482],[114.19945643022176,22.288925098410814],[114.19946433460096,22.288926909936322],[114.19947139595676,22.288898897117797],[114.1996653396013,22.288939781580833],[114.19965847392075,22.288967847660803],[114.19966810842118,22.2889703421903],[114.19966274870509,22.288990778351973],[114.19961038298155,22.288979006881853],[114.19960283667109,22.289009544918297],[114.19966404596602,22.28902213603093],[114.19966434737829,22.289022198028938],[114.19965355190327,22.289066317956546]]]},"properties":{"OBJECTID":251628,"Shape__Length":96.919498050283366,"Shape__Area":294.61423687587137,"GeoRefNo":"3860416675","DateCreate":1114790400000,"BuildingBlockType":"Tower","BuildingCSUID":"3860416675T20050430","BuildingID":1103120707,"Status":"Active","BuildingNameEN":"Ming Yuen Mansions (Stage 1) Block D","BuildingNameTC":"明園大廈（第一期）Ｄ座","BaseHeight":30.199999999999999,"TopHeight":88.900000000000006,"Storeys":19,"StoreysInBasement":null,"DateStamp":1599580800000}},{"type":"Feature","id":251629,"geometry":{"type":"Polygon","coordinates":[[[114.19996963318489,22.289357779418154],[114.19991918557128,22.289347231424845],[114.19991286947595,22.289376618526418],[114.19992472451224,22.289378876844733],[114.19991967979699,22.289401028065761],[114.19988627349042,22.289394136666576],[114.19991059473583,22.289289439521273],[114.19998225640612,22.289304223740004],[114.19996963318489,22.289357779418154]]]},"properties":{"OBJECTID":251629,"Shape__Length":41.424393390781923,"Shape__Area":62.007990182383466,"GeoRefNo":"3864416712","DateCreate":1114790400000,"BuildingBlockType":"Tower","BuildingCSUID":"3864416712T20050430","BuildingID":1103120625,"Status":"Active","BuildingNameEN":null,"BuildingNameTC":null,"BaseHeight":30.199999999999999,"TopHeight":47.299999999999997,"Storeys":5,"StoreysInBasement":null,"DateStamp":1599580800000}},{"type":"Feature","id":251630,"geometry":{"type":"Polygon","coordinates":[[[114.19815039164237,22.289103443102384],[114.19815857146072,22.289069131060735],[114.19817081722756,22.289017763962786],[114.19817903669951,22.288983285299452],[114.19827952296174,22.289004282167426],[114.19827071461381,22.289038947576618],[114.19835394625581,22.289055984037368],[114.19839549686942,22.289090086209306],[114.19883487797387,22.289182791465759],[114.19878130704382,22.289404769646502],[114.19877312932921,22.289438655020621],[114.19877038383433,22.289450031543907],[114.19876762796244,22.289461450602793],[114.19876487218714,22.289472869661594],[114.19876211631436,22.289484288720356],[114.19875930933465,22.289495919825079],[114.19872054461482,22.289487462547658],[114.19831028761762,22.289397956929445],[114.19830630973561,22.289417245521307],[114.19818302044688,22.289391591327242],[114.19818778630577,22.289372970991401],[114.19816382915597,22.289367972619551],[114.198223497813,22.289118664990749],[114.19821356839509,22.289116597472756],[114.19815039164237,22.289103443102384]],[[114.19835801016438,22.289323515840728],[114.19868797900544,22.289393273520496],[114.19872098721849,22.289253239801642],[114.19871152716914,22.28925122625402],[114.19870071486216,22.289297096706633],[114.1986756457831,22.289291760814628],[114.1986864581949,22.289245890363656],[114.19839002966209,22.289182795900903],[114.19835801016438,22.289323515840728]]]},"properties":{"OBJECTID":251630,"Shape__Length":340.07772712894138,"Shape__Area":1867.3873099810442,"GeoRefNo":"3846316684","DateCreate":1114790400000,"BuildingBlockType":"Tower","BuildingCSUID":"3846316684T20050430","BuildingID":1103120594,"Status":"Active","BuildingNameEN":"Kiangsu Chekiang School Nursery KG Primary & Int'l Section","BuildingNameTC":"蘇浙小學暨幼稚園","BaseHeight":24,"TopHeight":56.200000000000003,"Storeys":4,"StoreysInBasement":1,"DateStamp":1599580800000}},{"type":"Feature","id":251631,"geometry":{"type":"Polygon","coordinates":[[[114.20003260273491,22.289424323081089],[114.20005729001711,22.289319703525308],[114.20012868989826,22.289334433713638],[114.2001156146349,22.289388044915849],[114.20006466733076,22.289377992098466],[114.20005834729038,22.289406232045568],[114.2000716855881,22.289409174210881],[114.20006665419292,22.289431347559507],[114.20003260273491,22.289424323081089]]]},"properties":{"OBJECTID":251631,"Shape__Length":41.562583600958114,"Shape__Area":61.888346723046268,"GeoRefNo":"3865916715","DateCreate":1114790400000,"BuildingBlockType":"Tower","BuildingCSUID":"3865916715T20050430","BuildingID":1103120612,"Status":"Active","BuildingNameEN":null,"BuildingNameTC":null,"BaseHeight":30.199999999999999,"TopHeight":46.899999999999999,"Storeys":5,"StoreysInBasement":null,"DateStamp":1599580800000}},{"type":"Feature","id":251632,"geometry":{"type":"Polygon","coordinates":[[[114.19965355190327,22.289066317956546],[114.19966434737829,22.289022198028938],[114.19971274831065,22.289032154342593],[114.19972029612876,22.28900207523743],[114.1996802820918,22.288993478299794],[114.19968661237856,22.288968221000246],[114.19969896019853,22.288970248352641],[114.19970404081187,22.288947939999314],[114.19984355226525,22.288977349558362],[114.19983753000261,22.289000800875382],[114.19985160713127,22.289003281850373],[114.1998452767756,22.289028539156245],[114.19980847537545,22.289021079653757],[114.19980166716647,22.289050927203277],[114.19984678430329,22.289060140088854],[114.1998471649019,22.289060217788595],[114.19983620171655,22.289105023447455],[114.19976161127003,22.289089216949328],[114.19976327153326,22.289082247418168],[114.19973239518619,22.289075228749191],[114.19973086222119,22.289082700906821],[114.19965355190327,22.289066317956546]]]},"properties":{"OBJECTID":251632,"Shape__Length":84.331364594552241,"Shape__Area":215.27830582703439,"GeoRefNo":"3861716683","DateCreate":1114790400000,"BuildingBlockType":"Tower","BuildingCSUID":"3861716683T20050430","BuildingID":1103120700,"Status":"Active","BuildingNameEN":"Ming Yuen Mansions (Stage 1) Block C","BuildingNameTC":"明園大廈（第一期）Ｃ座","BaseHeight":30.199999999999999,"TopHeight":88.200000000000003,"Storeys":19,"StoreysInBasement":null,"DateStamp":1599580800000}},{"type":"Feature","id":251633,"geometry":{"type":"Polygon","coordinates":[[[114.19745848236101,22.28917903073291],[114.19745745294165,22.289183443318709],[114.19747262570077,22.289186508822954],[114.19748874675197,22.289189765925283],[114.19748298220154,22.289214475991269],[114.19746686114762,22.289211218888365],[114.19746192012819,22.289232399047442],[114.19744674736438,22.289229333542245],[114.19742303987977,22.289224543727045],[114.19741418714962,22.289262491366447],[114.19734306488124,22.289248121805883],[114.19735191762969,22.289210174170261],[114.19731303739351,22.289202318733185],[114.19731797853137,22.289181138668852],[114.19730185748509,22.289177881549559],[114.19730762206588,22.289153171489854],[114.19733891586273,22.289159494035026],[114.1973399451886,22.289155081540287],[114.19745848236101,22.28917903073291]]]},"properties":{"OBJECTID":251633,"Shape__Length":58.199989211959334,"Shape__Area":129.65995559210171,"GeoRefNo":"3838216700","DateCreate":1114790400000,"BuildingBlockType":"Tower","BuildingCSUID":"3838216700T20050430","BuildingID":1103120668,"Status":"Active","BuildingNameEN":"Universal Towers Block B","BuildingNameTC":"宇宙閣Ｂ座","BaseHeight":23.899999999999999,"TopHeight":87.400000000000006,"Storeys":23,"StoreysInBasement":null,"DateStamp":1599580800000}},{"type":"Feature","id":251634,"geometry":{"type":"Polygon","coordinates":[[[114.19728296630792,22.289148189963257],[114.19727720172303,22.28917290011238],[114.19726108067863,22.28916964298903],[114.19725613962966,22.289190823141961],[114.19721725940418,22.289182967681896],[114.1972084066211,22.289220915400637],[114.19713728439471,22.289206545749817],[114.19714613719609,22.289168598034873],[114.19710725698289,22.289160742638721],[114.19711219815028,22.289139562580544],[114.19709607701651,22.289136305440792],[114.1971018417288,22.289111595297953],[114.19713313550716,22.28911791797314],[114.19713416483924,22.289113505479659],[114.19725270194164,22.289137454822768],[114.1972516725161,22.289141867407292],[114.19728296630792,22.289148189963257]]]},"properties":{"OBJECTID":251634,"Shape__Length":58.200040197647461,"Shape__Area":129.65996682924049,"GeoRefNo":"3836016695","DateCreate":1114790400000,"BuildingBlockType":"Tower","BuildingCSUID":"3836016695T20050430","BuildingID":1103120675,"Status":"Active","BuildingNameEN":"Universal Towers Block A","BuildingNameTC":"宇宙閣Ａ座","BaseHeight":23.899999999999999,"TopHeight":87.5,"Storeys":23,"StoreysInBasement":null,"DateStamp":1599580800000}},{"type":"Feature","id":251635,"geometry":{"type":"Polygon","coordinates":[[[114.19673662926871,22.289105398713588],[114.19673942761438,22.289094027816638],[114.19674223735501,22.289082267878776],[114.19674504719224,22.289070507850553],[114.19674785693195,22.289058747912552],[114.19675066667119,22.289046987974505],[114.196753476507,22.289035227946055],[114.19687178501793,22.289059635809746],[114.19684941400149,22.289153658784024],[114.19673077390979,22.289129787273986],[114.19673662926871,22.289105398713588]]]},"properties":{"OBJECTID":251635,"Shape__Length":46.389335531704887,"Shape__Area":133.6578607104266,"GeoRefNo":"3831916690","DateCreate":1114790400000,"BuildingBlockType":"Tower","BuildingCSUID":"3831916690T20050430","BuildingID":1103120689,"Status":"Active","BuildingNameEN":"Raymond Court","BuildingNameTC":"俊文樓","BaseHeight":22.100000000000001,"TopHeight":83.400000000000006,"Storeys":23,"StoreysInBasement":null,"DateStamp":1599580800000}},{"type":"Feature","id":252291,"geometry":{"type":"Polygon","coordinates":[[[114.19983620171655,22.289105023447455],[114.1998471649019,22.289060217788595],[114.19989577080095,22.289070143043482],[114.19990306702582,22.289038687969004],[114.1998625609595,22.289030551527706],[114.19986815631364,22.2890069024997],[114.19988346758086,22.289009379684469],[114.19988845457904,22.288986815139889],[114.20002674949301,22.289015968153961],[114.20002129370481,22.289039016540404],[114.2000361128739,22.289041954162499],[114.20003027159143,22.289065833331733],[114.20001830483935,22.289063278290548],[114.19999001065108,22.289057237228302],[114.19998246370187,22.289087545904206],[114.20001057779345,22.289093595753169],[114.20002346586989,22.28909636911413],[114.20001786891001,22.289119559301277],[114.2000028013354,22.289116163589295],[114.19999762093838,22.289139229815991],[114.19994413197962,22.289127894974062],[114.19994604651889,22.289120007260951],[114.19991442974907,22.289112990899461],[114.19991231341241,22.289121152268915],[114.19985920438732,22.289109897988432],[114.19983620171655,22.289105023447455]]]},"properties":{"OBJECTID":252291,"Shape__Length":84.133381227079667,"Shape__Area":206.81935276406116,"GeoRefNo":"3864516684","DateCreate":1114790400000,"BuildingBlockType":"Tower","BuildingCSUID":"3864516684T20050430","BuildingID":1103120693,"Status":"Active","BuildingNameEN":"Ming Yuen Mansions (Stage 1) Block B","BuildingNameTC":"明園大廈（第一期）Ｂ座","BaseHeight":30.199999999999999,"TopHeight":88.900000000000006,"Storeys":19,"StoreysInBasement":null,"DateStamp":1599580800000}},{"type":"Feature","id":252292,"geometry":{"type":"Polygon","coordinates":[[[114.20025148046366,22.289063341798339],[114.20024532641713,22.289088122367314],[114.20025594811084,22.289090613919946],[114.20025035128658,22.28911380402478],[114.20024086054127,22.289111674978646],[114.20020292560818,22.289103164925386],[114.20019537788795,22.289133244052529],[114.20023343164955,22.289140860961325],[114.20024279960036,22.289142736084347],[114.20023720593291,22.289166843970797],[114.20022781827549,22.289164348717112],[114.20022109540884,22.289190475562492],[114.20018183018472,22.289182170691348],[114.20011354071029,22.289167726802312],[114.20003525503245,22.289151168618588],[114.20004182978339,22.289125222324181],[114.20003145323194,22.289122271153854],[114.2000375461711,22.289099767855184],[114.20004549536975,22.289101399275211],[114.20009262539276,22.28911107209553],[114.20009992708164,22.289081223018417],[114.20005300332247,22.28907124737373],[114.20004459947332,22.289069460692264],[114.20004970513672,22.289046960424006],[114.20005884438532,22.289048997509553],[114.20006566987057,22.289024197525848],[114.20025148046366,22.289063341798339]]]},"properties":{"OBJECTID":252292,"Shape__Length":94.048124189061141,"Shape__Area":264.53441457365369,"GeoRefNo":"3866416694","DateCreate":1114790400000,"BuildingBlockType":"Tower","BuildingCSUID":"3866416694T20050430","BuildingID":1103120680,"Status":"Active","BuildingNameEN":"Ming Yuen Mansions (Stage 1) Block A","BuildingNameTC":"明園大廈（第一期）Ａ座","BaseHeight":30.199999999999999,"TopHeight":88.200000000000003,"Storeys":19,"StoreysInBasement":null,"DateStamp":1599580800000}},{"type":"Feature","id":253903,"geometry":{"type":"Polygon","coordinates":[[[114.19806730283437,22.291261000256306],[114.19808697229406,22.291176205437214],[114.1980926001567,22.291151943563595],[114.19811912264912,22.291157438744101],[114.19815245068801,22.29116434388089],[114.1981628700253,22.291166502637239],[114.19818181431988,22.291170427564936],[114.19817616071232,22.291194400103752],[114.19815608417363,22.291279528758849],[114.19811365313954,22.291270635550841],[114.19806730283437,22.291261000256306]]]},"properties":{"OBJECTID":253903,"Shape__Length":43.518055964811531,"Shape__Area":116.14586380353879,"GeoRefNo":"3845716925","DateCreate":1114790400000,"BuildingBlockType":"Tower","BuildingCSUID":"3845716925T20050430","BuildingID":1103120176,"Status":"Active","BuildingNameEN":"M1 Hotel ","BuildingNameTC":null,"BaseHeight":4.5,"TopHeight":92.299999999999997,"Storeys":21,"StoreysInBasement":null,"DateStamp":1599580800000}},{"type":"Feature","id":254217,"geometry":{"type":"Polygon","coordinates":[[[114.19654961621269,22.292749202536111],[114.19656808003609,22.292680619747983],[114.19657639402413,22.292682558063003],[114.19658487826418,22.292638536983777],[114.19662577744744,22.292645477994537],[114.19662786746662,22.292632693898184],[114.196642895266,22.292620996232309],[114.19664555438251,22.29260787739128],[114.19673292885685,22.292622672226138],[114.19672991618728,22.292638251053859],[114.1967380075212,22.292649488130955],[114.19673534759907,22.292664400455415],[114.19677418065196,22.292671054237431],[114.1967667929701,22.292714615261978],[114.19677591262487,22.292716049739624],[114.19676327084089,22.292785649045484],[114.19656298026487,22.292752063438755],[114.19654961621269,22.292749202536111]]]},"properties":{"OBJECTID":254217,"Shape__Length":77.061498798375766,"Shape__Area":316.57375856981446,"GeoRefNo":"3830217090","DateCreate":1114790400000,"BuildingBlockType":"Tower","BuildingCSUID":"3830217090T20050430","BuildingID":1103119843,"Status":"Active","BuildingNameEN":"Provident Centre Block 10","BuildingNameTC":"和富中心第１０座","BaseHeight":11.6,"TopHeight":79,"Storeys":25,"StoreysInBasement":null,"DateStamp":1599580800000}},{"type":"Feature","id":254218,"geometry":{"type":"Polygon","coordinates":[[[114.19780272593167,22.292990907470685],[114.19777278698976,22.292966754600098],[114.19766193063937,22.292943734547492],[114.19762429546758,22.292935919305918],[114.19757480460281,22.292949439877642],[114.19754874797545,22.292870189009715],[114.19762015314537,22.292850553894439],[114.19763977835642,22.292854861153824],[114.19766536739068,22.292744951207624],[114.19773149002411,22.292758486382592],[114.19771932267561,22.292807303165919],[114.19773559032396,22.292810774610146],[114.19774747175373,22.292761757834192],[114.19781615132494,22.292775816330924],[114.19780695482577,22.292812919385515],[114.19780494019963,22.292821047387754],[114.19778860254574,22.292886961310668],[114.19780289051778,22.292889492193439],[114.1978090968655,22.292890591501774],[114.19786063529027,22.29293045096987],[114.19780272593167,22.292990907470685]]]},"properties":{"OBJECTID":254218,"Shape__Length":114.16865865074413,"Shape__Area":458.77424052587384,"GeoRefNo":"3842217113","DateCreate":1114790400000,"BuildingBlockType":"Tower","BuildingCSUID":"3842217113T20050430","BuildingID":1103119834,"Status":"Active","BuildingNameEN":"Provident Centre Block 17","BuildingNameTC":"和富中心第１７座","BaseHeight":11.6,"TopHeight":79,"Storeys":25,"StoreysInBasement":null,"DateStamp":1599580800000}},{"type":"Feature","id":254424,"geometry":{"type":"Polygon","coordinates":[[[114.19676327084089,22.292785649045484],[114.19677591262487,22.292716049739624],[114.19678493931227,22.292717469598557],[114.19679110624413,22.292672098534798],[114.19683358276538,22.292677746384761],[114.19683564182574,22.29266439128326],[114.19684433893393,22.292656780736351],[114.19684684938133,22.292639686900721],[114.19693886124489,22.292650693789568],[114.19693616149274,22.292665155855332],[114.1969454117463,22.292677317694956],[114.19694320502944,22.292692916835819],[114.19698234197068,22.292697781383161],[114.19697758553973,22.292742095334674],[114.19698482782036,22.292742729559137],[114.19697776236494,22.292812604254948],[114.19676893915785,22.292786599544726],[114.19676327084089,22.292785649045484]]]},"properties":{"OBJECTID":254424,"Shape__Length":77.283612385232686,"Shape__Area":317.27489944532778,"GeoRefNo":"3832217094","DateCreate":1114790400000,"BuildingBlockType":"Tower","BuildingCSUID":"3832217094T20050430","BuildingID":1103119842,"Status":"Active","BuildingNameEN":"Provident Centre Block 11","BuildingNameTC":"和富中心第１１座","BaseHeight":11.6,"TopHeight":79.099999999999994,"Storeys":25,"StoreysInBasement":null,"DateStamp":1599580800000}},{"type":"Feature","id":254426,"geometry":{"type":"Polygon","coordinates":[[[114.1963396738626,22.292702621313655],[114.19636295009735,22.29263085187538],[114.19637003137242,22.292632840740247],[114.19638078106185,22.292592033307329],[114.19642738973293,22.292601738496025],[114.19643002478873,22.292589908602327],[114.19644165496861,22.29257941180617],[114.19644612136284,22.292561178256065],[114.19653304247898,22.292580611472172],[114.19652834452559,22.292597941448516],[114.1965375247195,22.292612491739398],[114.19653471018492,22.292627366331416],[114.19657056847805,22.292635812560373],[114.19655914273207,22.292678536024944],[114.19656808003609,22.292680619747983],[114.19654961621269,22.292749202536111],[114.19645766045421,22.292729516539037],[114.19636566774146,22.292711174251064],[114.1963396738626,22.292702621313655]]]},"properties":{"OBJECTID":254426,"Shape__Length":78.173352753087116,"Shape__Area":326.78794165166181,"GeoRefNo":"3828017085","DateCreate":1114790400000,"BuildingBlockType":"Tower","BuildingCSUID":"3828017085T20050430","BuildingID":1103119848,"Status":"Active","BuildingNameEN":"Provident Centre Block 9","BuildingNameTC":"和富中心第９座","BaseHeight":11.6,"TopHeight":78.700000000000003,"Storeys":25,"StoreysInBasement":null,"DateStamp":1599580800000}},{"type":"Feature","id":254427,"geometry":{"type":"Polygon","coordinates":[[[114.19697776236494,22.292812604254948],[114.19698482782036,22.292742729559137],[114.19699306983276,22.292743451346432],[114.19699558092434,22.292700528841078],[114.19703701796179,22.292701488699201],[114.1970376071589,22.292691105937113],[114.19704985210672,22.292680948301491],[114.19705107256669,22.292663221757394],[114.19714230144447,22.292669587249005],[114.1971404177016,22.292689206966447],[114.19715125449716,22.292697982563336],[114.19715013458126,22.292708976946138],[114.19718684767888,22.292710775128416],[114.19719410224268,22.292711130476345],[114.19719152546172,22.29275435777647],[114.19720131361808,22.292754966386084],[114.19719634876137,22.292826402944808],[114.1969818099334,22.292813108293316],[114.19697776236494,22.292812604254948]]]},"properties":{"OBJECTID":254427,"Shape__Length":77.623650954477213,"Shape__Area":319.65059481036843,"GeoRefNo":"3834317097","DateCreate":1114790400000,"BuildingBlockType":"Tower","BuildingCSUID":"3834317097T20050430","BuildingID":1103119841,"Status":"Active","BuildingNameEN":"Provident Centre Block 12","BuildingNameTC":"和富中心第１２座","BaseHeight":11.6,"TopHeight":79.099999999999994,"Storeys":25,"StoreysInBasement":null,"DateStamp":1599580800000}},{"type":"Feature","id":254428,"geometry":{"type":"Polygon","coordinates":[[[114.19764660602377,22.292565504013197],[114.19768228867127,22.292528471345648],[114.19768818804626,22.292533394083687],[114.1977094637429,22.292509966812375],[114.19772656978031,22.292525108876632],[114.19777469532494,22.292567708975522],[114.19778826136798,22.292553923331358],[114.19781341014507,22.292546670206402],[114.19780453454591,22.292523756597138],[114.19780862163101,22.292522486182509],[114.19783953361193,22.29251287793441],[114.19783795867897,22.292508629500652],[114.19788647171622,22.29249409429401],[114.19788998667796,22.292493041138087],[114.19789692228159,22.292490963104079],[114.19789666667275,22.292491592932979],[114.19791887922723,22.292554605651318],[114.19786363854691,22.292570724988636],[114.19786696311235,22.292580019959452],[114.19792218770067,22.292563990929356],[114.19794524281103,22.292629083467293],[114.1978849179734,22.292648784747623],[114.1978816715184,22.292640752790156],[114.1978511796662,22.292650130710829],[114.19783661447488,22.292667103125652],[114.19783068043084,22.292689358330652],[114.19783585648076,22.292696933902544],[114.19783257543898,22.292710050676],[114.19782194335036,22.292752555223856],[114.19775304723245,22.292738756387902],[114.19776474981595,22.292690477344955],[114.19774917532744,22.292687531396531],[114.19773719885448,22.292735582269785],[114.1976706517065,22.292722253952899],[114.19768375750837,22.292665961592089],[114.19769013845729,22.292667295769103],[114.19769808458538,22.292635961824342],[114.19772229711707,22.292641035003303],[114.19772884764902,22.292614011192097],[114.19771779898466,22.292604593583611],[114.19770496613776,22.292616182067036],[114.19767928854812,22.292593884513334],[114.19764660602377,22.292565504013197]]]},"properties":{"OBJECTID":254428,"Shape__Length":143.00315939401952,"Shape__Area":480.18538943660695,"GeoRefNo":"3843117077","DateCreate":1114790400000,"BuildingBlockType":"Tower","BuildingCSUID":"3843117077T20050430","BuildingID":1103119845,"Status":"Active","BuildingNameEN":"Provident Centre Block 16","BuildingNameTC":"和富中心第１６座","BaseHeight":11.6,"TopHeight":79.299999999999997,"Storeys":25,"StoreysInBasement":null,"DateStamp":1599580800000}},{"type":"Feature","id":254429,"geometry":{"type":"Polygon","coordinates":[[[114.19768579807818,22.29205118235884],[114.19764599122588,22.29204304022085],[114.19759888737048,22.29203340552241],[114.19760253294896,22.292017970364],[114.19759684618822,22.292016807224915],[114.19760028345331,22.292002254114273],[114.19755617292685,22.291993231657823],[114.19756452280396,22.291957752428132],[114.19756776251525,22.291943986904094],[114.19764920483036,22.291960511911423],[114.19764424355702,22.291981687917445],[114.19775410158913,22.292004859015734],[114.19774992277637,22.292022819570125],[114.19775940714644,22.292024730581968],[114.19775406798331,22.292047678448426],[114.19768957468884,22.292034683645024],[114.19768579807818,22.29205118235884]]]},"properties":{"OBJECTID":254429,"Shape__Length":60.306899700665895,"Shape__Area":128.26896936497519,"GeoRefNo":"3840917011","DateCreate":1114790400000,"BuildingBlockType":"Tower","BuildingCSUID":"3840917011T20050430","BuildingID":1103119932,"Status":"Active","BuildingNameEN":"Fortune Court","BuildingNameTC":"盈富閣","BaseHeight":12.1,"TopHeight":75.599999999999994,"Storeys":21,"StoreysInBasement":null,"DateStamp":1599580800000}},{"type":"Feature","id":254430,"geometry":{"type":"Polygon","coordinates":[[[114.19764660602377,22.292565504013197],[114.19759987403644,22.292524923397004],[114.19757372743804,22.29252008930694],[114.19745279535955,22.292494118828479],[114.19747431322561,22.292404755720053],[114.19753734246875,22.29241809648741],[114.1975434191539,22.292394224431206],[114.19749798401443,22.292385332801622],[114.19751090715229,22.29233185703708],[114.19769525974056,22.29237009872228],[114.19769696637111,22.292364016648417],[114.19778202438228,22.29238236269034],[114.19777886026334,22.292394735324692],[114.19777555076408,22.292407676455532],[114.19777175420784,22.292422521936828],[114.19776755691056,22.292438934192649],[114.19776666087023,22.292442438100061],[114.19774553993462,22.292438215394558],[114.19769219111934,22.292495024976617],[114.19769870049723,22.292500625564816],[114.19767645626339,22.292523604588673],[114.19768228867127,22.292528471345648],[114.19764660602377,22.292565504013197]]]},"properties":{"OBJECTID":254430,"Shape__Length":109.72525534380615,"Shape__Area":496.70313997079296,"GeoRefNo":"3839517061","DateCreate":1114790400000,"BuildingBlockType":"Tower","BuildingCSUID":"3839517061T20050430","BuildingID":1103119870,"Status":"Active","BuildingNameEN":"Provident Centre Block 15","BuildingNameTC":"和富中心第１５座","BaseHeight":11.6,"TopHeight":79.200000000000003,"Storeys":25,"StoreysInBasement":null,"DateStamp":1599580800000}},{"type":"Feature","id":254431,"geometry":{"type":"Polygon","coordinates":[[[114.19771229049344,22.292117070903082],[114.19770083673298,22.29216521969202],[114.19763305663267,22.292151028911931],[114.19763006027769,22.292163322052751],[114.19761541517737,22.292160150025925],[114.1976046072151,22.292204547313496],[114.19758574119284,22.292200531641491],[114.19758383417459,22.292207301963796],[114.19756124983583,22.292201965132584],[114.19756275051321,22.292195637995178],[114.19754275791038,22.292191382518418],[114.19755317212717,22.292147173573696],[114.19753884772544,22.292143832987538],[114.19754197419036,22.292131998858391],[114.19747222020288,22.29211772933532],[114.19748353166263,22.29206946950362],[114.19771229049344,22.292117070903082]]]},"properties":{"OBJECTID":254431,"Shape__Length":73.475710803915575,"Shape__Area":179.74163955548678,"GeoRefNo":"3840217025","DateCreate":1114790400000,"BuildingBlockType":"Tower","BuildingCSUID":"3840217025T20050430","BuildingID":1103119903,"Status":"Active","BuildingNameEN":"Gain Yu Building","BuildingNameTC":"僑裕大廈","BaseHeight":14.300000000000001,"TopHeight":71.200000000000003,"Storeys":21,"StoreysInBasement":null,"DateStamp":1599580800000}},{"type":"Feature","id":254432,"geometry":{"type":"Polygon","coordinates":[[[114.19613669400826,22.292635833963612],[114.19616244090327,22.292569687358114],[114.19617012585118,22.292572277870288],[114.19618558658942,22.292528921626978],[114.19622694998365,22.292541616364453],[114.19623017855474,22.292531164024666],[114.19624666170417,22.292520184878363],[114.19625059853243,22.292507308182405],[114.19633656223776,22.292534144562786],[114.19633097107827,22.292549255094126],[114.19633692051572,22.292561426305568],[114.19633205937527,22.292576389188753],[114.19636971273711,22.292589214015315],[114.1963564994207,22.29262904011517],[114.19636295009735,22.29263085187538],[114.1963396738626,22.292702621313655],[114.19613669400826,22.292635833963612]]]},"properties":{"OBJECTID":254432,"Shape__Length":77.209033171232235,"Shape__Area":321.18357092052804,"GeoRefNo":"3826417076","DateCreate":1114790400000,"BuildingBlockType":"Tower","BuildingCSUID":"3826417076T20050430","BuildingID":1103119855,"Status":"Active","BuildingNameEN":"Provident Centre Block 8","BuildingNameTC":"和富中心第８座","BaseHeight":11.6,"TopHeight":79.200000000000003,"Storeys":25,"StoreysInBasement":null,"DateStamp":1599580800000}},{"type":"Feature","id":254433,"geometry":{"type":"Polygon","coordinates":[[[114.20054876409974,22.292034422440587],[114.20053909577737,22.292074951760107],[114.20049748041393,22.292066326183139],[114.20049269950525,22.292085924599316],[114.20040458856634,22.292067310766523],[114.20040915507802,22.29204801915434],[114.20035721433035,22.292037253428646],[114.20036703419122,22.291996192555207],[114.20041878542415,22.292007079225424],[114.20044027883526,22.291914939799565],[114.20045203785166,22.291917328675314],[114.20052980316805,22.291932917560704],[114.20052854824034,22.291938113152511],[114.20050745776017,22.292025426565345],[114.20050738667837,22.292025717993948],[114.20054876409974,22.292034422440587]]]},"properties":{"OBJECTID":254433,"Shape__Length":73.106235677218294,"Shape__Area":207.96510984705176,"GeoRefNo":"3870017003","DateCreate":1114790400000,"BuildingBlockType":"Tower","BuildingCSUID":"3870017003T20050430","BuildingID":1103119923,"Status":"Active","BuildingNameEN":"Marble Court","BuildingNameTC":"馬寶閣","BaseHeight":12.199999999999999,"TopHeight":72.5,"Storeys":21,"StoreysInBasement":null,"DateStamp":1599580800000}},{"type":"Feature","id":254434,"geometry":{"type":"Polygon","coordinates":[[[114.19791604599631,22.291996952513749],[114.19789130727142,22.29209712928235],[114.19788787100595,22.292111044024004],[114.19782991940338,22.292098815488814],[114.19777458486182,22.292087602720979],[114.19779375307508,22.292005197784693],[114.19780551802592,22.291954619619762],[114.19792066436744,22.291978250844856],[114.19791604599631,22.291996952513749]]]},"properties":{"OBJECTID":254434,"Shape__Length":54.265103804487438,"Shape__Area":181.60207988349538,"GeoRefNo":"3843217012","DateCreate":1114790400000,"BuildingBlockType":"Tower","BuildingCSUID":"3843217012T20050430","BuildingID":1103119919,"Status":"Active","BuildingNameEN":"Teemko Court","BuildingNameTC":"添金閣","BaseHeight":12.1,"TopHeight":75.099999999999994,"Storeys":21,"StoreysInBasement":null,"DateStamp":1599580800000}},{"type":"Feature","id":254435,"geometry":{"type":"Polygon","coordinates":[[[114.20031545374734,22.292148424746578],[114.2002628190117,22.29213754557631],[114.20025185686033,22.292184536928225],[114.20016969318037,22.29216793151393],[114.20018067169572,22.29212056647787],[114.20015249977489,22.292114743608902],[114.20018653031933,22.291965104971759],[114.20021487621092,22.291970959778268],[114.20022483311023,22.291927446988488],[114.20030714451451,22.291944443921974],[114.20029724334346,22.291987972331626],[114.20035130263192,22.29199913800683],[114.20031545374734,22.292148424746578]]]},"properties":{"OBJECTID":254435,"Shape__Length":89.000869621481058,"Shape__Area":382.1219261619774,"GeoRefNo":"3867017016","DateCreate":1114790400000,"BuildingBlockType":"Tower","BuildingCSUID":"3867017016T20050430","BuildingID":1103119909,"Status":"Active","BuildingNameEN":"Odeon Building","BuildingNameTC":"國賓大廈","BaseHeight":18.600000000000001,"TopHeight":76.700000000000003,"Storeys":19,"StoreysInBasement":null,"DateStamp":1599580800000}},{"type":"Feature","id":254436,"geometry":{"type":"Polygon","coordinates":[[[114.20129801506583,22.292195568896407],[114.20111342283749,22.29215802091748],[114.2011137795015,22.292156560702477],[114.201136599579,22.292063122113166],[114.20113833887089,22.292056000031408],[114.20114032391167,22.292056412885156],[114.20128520697922,22.292086542204601],[114.20127987593723,22.292107135540313],[114.20129648097696,22.292110456578445],[114.2012934200749,22.292122490436963],[114.20131358630536,22.292126832932215],[114.20130238747267,22.292176267896888],[114.20129801506583,22.292195568896407]]]},"properties":{"OBJECTID":254436,"Shape__Length":61.941473802857573,"Shape__Area":211.83085952781485,"GeoRefNo":"3877417018","DateCreate":1114790400000,"BuildingBlockType":"Tower","BuildingCSUID":"3877417018T20050430","BuildingID":1103119904,"Status":"Active","BuildingNameEN":"Workingberg Commercial Building","BuildingNameTC":"華寶商業大廈","BaseHeight":19.100000000000001,"TopHeight":77,"Storeys":19,"StoreysInBasement":null,"DateStamp":1599580800000}},{"type":"Feature","id":254437,"geometry":{"type":"Polygon","coordinates":[[[114.20108376902157,22.292353305463418],[114.20103573582453,22.292343500681284],[114.2010233275967,22.292392069678705],[114.20098883220042,22.292385121508012],[114.20100112940476,22.292336436666805],[114.2009882992631,22.292333817709522],[114.20097591869937,22.292382520442807],[114.20093838009358,22.292374959263856],[114.2009508181025,22.292326166850732],[114.20090631200136,22.292317081969156],[114.20091590422911,22.292279254061199],[114.20096046097431,22.292288339384207],[114.20096961702352,22.292252421695412],[114.20100705216373,22.292260047271046],[114.20099791854214,22.292295977149905],[114.20101069113274,22.292298581575711],[114.20101977001778,22.29226263797775],[114.20105458263703,22.292269729320349],[114.20104540332072,22.292305659479574],[114.20109339623025,22.29231544548124],[114.20108376902157,22.292353305463418]]]},"properties":{"OBJECTID":254437,"Shape__Length":84.571113485927626,"Shape__Area":153.85307085830959,"GeoRefNo":"3875617048","DateCreate":1114790400000,"BuildingBlockType":"Tower","BuildingCSUID":"3875617048T20050430","BuildingID":1103119885,"Status":"Active","BuildingNameEN":"Ka Wai Building Block B","BuildingNameTC":"嘉威大廈Ｂ座","BaseHeight":8.4000000000000004,"TopHeight":75.599999999999994,"Storeys":25,"StoreysInBasement":null,"DateStamp":1599580800000}},{"type":"Feature","id":254644,"geometry":{"type":"Polygon","coordinates":[[[114.20058512027511,22.292063381947482],[114.20059092715526,22.292039605450267],[114.20065589950602,22.292053098243162],[114.200674971754,22.291975006639763],[114.20072408627759,22.291984567543139],[114.20070486558943,22.292063267025373],[114.20090660204582,22.292105161443516],[114.2009259649826,22.292025878809344],[114.2009751232756,22.292035260462601],[114.20095556816543,22.29211533014999],[114.20101968814886,22.292128645833237],[114.20101388133759,22.292152422345463],[114.20104229494667,22.29215832287279],[114.20103584288302,22.292184741300765],[114.20100742926884,22.292178840682048],[114.20094330926368,22.292165524994058],[114.20055094822601,22.292084043686188],[114.2005568030692,22.292057501283622],[114.20058512027511,22.292063381947482]]]},"properties":{"OBJECTID":254644,"Shape__Length":149.76045659431793,"Shape__Area":368.7193845720185,"GeoRefNo":"3873217021","DateCreate":1114790400000,"BuildingBlockType":"Tower","BuildingCSUID":"3873217021T20050430","BuildingID":1103119908,"Status":"Active","BuildingNameEN":"Marble Garden","BuildingNameTC":"寶馬花園","BaseHeight":21.600000000000001,"TopHeight":77.5,"Storeys":21,"StoreysInBasement":null,"DateStamp":1599580800000}},{"type":"Feature","id":254645,"geometry":{"type":"Polygon","coordinates":[[[114.19992340103886,22.29249929330016],[114.19987877985015,22.292490158394624],[114.19986941341109,22.292530209909252],[114.19954249538333,22.292463031756871],[114.19955468220586,22.292410920551166],[114.19948674734313,22.292396928518805],[114.19947319821944,22.292394137869973],[114.199335054503,22.292365685334445],[114.19926711968394,22.292351693210044],[114.19925490260069,22.292403933175439],[114.19919139522175,22.292390872006745],[114.1992031640774,22.292338520669901],[114.19913731350174,22.292324957700231],[114.19902077310523,22.292300954384839],[114.19889296311628,22.292274629841636],[114.19882502518261,22.292260636900245],[114.19883072491778,22.292235450710177],[114.19879998214226,22.292229118718112],[114.19880135321887,22.292223439714768],[114.19880411059725,22.292212018581917],[114.19880670592487,22.292201268988141],[114.19880954573378,22.292189506576715],[114.19881211972533,22.292178844853701],[114.19881483132838,22.292167613640824],[114.1988160447175,22.29216258775342],[114.19884589064868,22.292168435642111],[114.19885453294631,22.292130246668524],[114.19946621417327,22.292257347917719],[114.19946281509637,22.292271659673393],[114.19948080439451,22.292274935370443],[114.19948449603071,22.292261117819617],[114.19991190844129,22.292348498506144],[114.19989342287664,22.292427544108943],[114.19990583203769,22.292430134043705],[114.19990650063788,22.292427693061313],[114.199907570953,22.292425630043663],[114.19990904218177,22.292423793095843],[114.19991105958319,22.292422112571028],[114.19991340883809,22.292420859508759],[114.1999157462442,22.292420137810019],[114.19991818833032,22.292419841077539],[114.19992070104306,22.292420017810578],[114.19992326351235,22.292420629812558],[114.19992567779005,22.292421771842914],[114.19992778354997,22.29242335623713],[114.19992962118157,22.292425507070185],[114.19993088671373,22.292427989408576],[114.19993148731638,22.292430445833393],[114.19993152499418,22.292432964739977],[114.19993099827333,22.292435435593646],[114.19993859850172,22.292437042594809],[114.19992340103886,22.29249929330016]]]},"properties":{"OBJECTID":254645,"Shape__Length":296.86569949868471,"Shape__Area":1939.0363029363991,"GeoRefNo":"3858917038","DateCreate":1114790400000,"BuildingBlockType":"Tower","BuildingCSUID":"3858917038T20050430","BuildingID":1103119874,"Status":"Active","BuildingNameEN":"Java Road Municipal Services Building","BuildingNameTC":"渣華道市政大廈","BaseHeight":18.899999999999999,"TopHeight":37.700000000000003,"Storeys":5,"StoreysInBasement":null,"DateStamp":1786982400000}},{"type":"Feature","id":254646,"geometry":{"type":"Polygon","coordinates":[[[114.20132963861309,22.292404094418782],[114.20128716523261,22.292395304816907],[114.20127511818531,22.292443364271008],[114.20123404945505,22.292435072753506],[114.2012463259899,22.292386853335515],[114.20122587880974,22.292382621860675],[114.20121346001901,22.292430915891465],[114.20117345296214,22.29242283867643],[114.20118572829915,22.292374312944357],[114.20113374651876,22.292363555511145],[114.2011435802084,22.292325640769526],[114.20119539307366,22.292336106626166],[114.20120446978972,22.292300224968479],[114.20124495069106,22.292308455264113],[114.20123574422716,22.292344257293436],[114.20125612277408,22.292348373636933],[114.20126523588097,22.292312579477187],[114.20130583304865,22.29232083340036],[114.2012968664793,22.292356603609115],[114.20133962502555,22.292365240547895],[114.20132963861309,22.292404094418782]]]},"properties":{"OBJECTID":254646,"Shape__Length":88.36559934972756,"Shape__Area":172.16059411031102,"GeoRefNo":"3877917051","DateCreate":1114790400000,"BuildingBlockType":"Tower","BuildingCSUID":"3877917051T20050430","BuildingID":1103119880,"Status":"Active","BuildingNameEN":"Ka Wai Building Block A","BuildingNameTC":"嘉威大廈Ａ座","BaseHeight":8.4000000000000004,"TopHeight":75.799999999999997,"Storeys":25,"StoreysInBasement":null,"DateStamp":1599580800000}},{"type":"Feature","id":254647,"geometry":{"type":"Polygon","coordinates":[[[114.19789130727142,22.29209712928235],[114.19791604599631,22.291996952513749],[114.19796355052631,22.292007125112615],[114.19796691431345,22.291994641371367],[114.19799268178677,22.292000122582451],[114.19798952898071,22.292012688023853],[114.19802954697235,22.292021257379201],[114.19802181889639,22.292051881236013],[114.19800431755831,22.292121233116788],[114.19796290917824,22.292112281308857],[114.19795918770093,22.292126092688484],[114.19793639538464,22.292121283234646],[114.19793961804888,22.292107303138046],[114.19789130727142,22.29209712928235]]]},"properties":{"OBJECTID":254647,"Shape__Length":52.640198019109818,"Shape__Area":143.88943808125913,"GeoRefNo":"3843917012","DateCreate":1114790400000,"BuildingBlockType":"Tower","BuildingCSUID":"3843917012T20050430","BuildingID":1103119917,"Status":"Active","BuildingNameEN":"Wah Shing Building","BuildingNameTC":"華成大廈","BaseHeight":12.1,"TopHeight":36.200000000000003,"Storeys":8,"StoreysInBasement":null,"DateStamp":1599580800000}},{"type":"Feature","id":256085,"geometry":{"type":"Polygon","coordinates":[[[114.19721542638683,22.292477045720481],[114.19719897945063,22.292430672009385],[114.19720727521766,22.292428123970744],[114.19719662396888,22.292398499713439],[114.19724471078517,22.292384321280942],[114.19724648954889,22.292389009937818],[114.19726914430869,22.292382000044274],[114.19728086462894,22.292339968236966],[114.19724650675433,22.292333098993776],[114.19725982010772,22.292279760826432],[114.19744406672994,22.292317628220346],[114.19743150544879,22.292370543764143],[114.19738611521716,22.292361400233407],[114.19737992284715,22.292385363778696],[114.19744730927825,22.292399136596131],[114.19742485140415,22.292488146722928],[114.19728266638431,22.292457962776183],[114.19721542638683,22.292477045720481]]]},"properties":{"OBJECTID":256085,"Shape__Length":104.93591781886532,"Shape__Area":385.16266206463661,"GeoRefNo":"3837017056","DateCreate":1114790400000,"BuildingBlockType":"Tower","BuildingCSUID":"3837017056T20050430","BuildingID":1103119876,"Status":"Active","BuildingNameEN":"Provident Centre Block 14","BuildingNameTC":"和富中心第１４座","BaseHeight":11.6,"TopHeight":79.099999999999994,"Storeys":25,"StoreysInBasement":null,"DateStamp":1599580800000}},{"type":"Feature","id":256257,"geometry":{"type":"Polygon","coordinates":[[[114.20136923809973,22.292264881728425],[114.20131326465038,22.292253487213415],[114.20132182147307,22.292220333236958],[114.20129374292131,22.292214428915262],[114.20129801506583,22.292195568896407],[114.20130238747267,22.292176267896888],[114.20134608045909,22.292185409595483],[114.20134895697258,22.292174443725536],[114.20136620476026,22.292177974711716],[114.20136335514292,22.29218902384023],[114.20141351061763,22.292199517601997],[114.2014173467844,22.292200320204561],[114.20140819415894,22.292238495032421],[114.20137775955467,22.292232098280941],[114.20136923809973,22.292264881728425]]]},"properties":{"OBJECTID":256257,"Shape__Length":42.892265687178337,"Shape__Area":76.867293808651922,"GeoRefNo":"3879417035","DateCreate":1114790400000,"BuildingBlockType":"Tower","BuildingCSUID":"3879417035T20050430","BuildingID":1103119897,"Status":"Active","BuildingNameEN":"Yu Wai Mansion","BuildingNameTC":"旭威閣","BaseHeight":9.4000000000000004,"TopHeight":76.599999999999994,"Storeys":23,"StoreysInBasement":null,"DateStamp":1599580800000}},{"type":"Feature","id":256258,"geometry":{"type":"Polygon","coordinates":[[[114.19721542638683,22.292477045720481],[114.19714034936244,22.292498352867238],[114.19713501128761,22.292483312308537],[114.19711810361181,22.292487927265874],[114.1971099523188,22.292512563285051],[114.19713621232357,22.292518620453084],[114.19711527002109,22.292607662314609],[114.19705346098604,22.292594721649479],[114.19706525121241,22.292541588865333],[114.19705130793425,22.292538746679234],[114.19703898288184,22.292591690427731],[114.19697709253788,22.292578732675743],[114.19698910222776,22.292527134263068],[114.19685861128889,22.292500303458961],[114.19692200037296,22.292438494818814],[114.1970042302852,22.292358314800488],[114.19705233995707,22.292311404563602],[114.19705464351374,22.29231341467408],[114.19709149441189,22.292345570929523],[114.19709436786609,22.292348078375053],[114.19708925803012,22.292353148986045],[114.1970512895622,22.292390826414852],[114.19710037869389,22.292426877766538],[114.19713709736516,22.29241605123736],[114.19718013090051,22.292403362786779],[114.19719093879286,22.292433141629783],[114.19719897945063,22.292430672009385],[114.19721542638683,22.292477045720481]]]},"properties":{"OBJECTID":256258,"Shape__Length":139.72222561901677,"Shape__Area":526.58359070941856,"GeoRefNo":"3833717064","DateCreate":1114790400000,"BuildingBlockType":"Tower","BuildingCSUID":"3833717064T20050430","BuildingID":1103119866,"Status":"Active","BuildingNameEN":"Provident Centre Block 12A","BuildingNameTC":"和富中心第１２Ａ座","BaseHeight":11.6,"TopHeight":78.900000000000006,"Storeys":25,"StoreysInBasement":null,"DateStamp":1599580800000}},{"type":"Feature","id":256260,"geometry":{"type":"Polygon","coordinates":[[[114.1995565056835,22.291649850337301],[114.19942578078071,22.291622807420477],[114.19943882122794,22.291568215476932],[114.19956954617948,22.29159525838347],[114.19956765100106,22.291603192233566],[114.1995565056835,22.291649850337301]]]},"properties":{"OBJECTID":256260,"Shape__Length":39.985528634560055,"Shape__Area":85.4601344864613,"GeoRefNo":"3859916966","DateCreate":1114790400000,"BuildingBlockType":"Tower","BuildingCSUID":"3859916966T20050430","BuildingID":1103120041,"Status":"Active","BuildingNameEN":"Marble Place","BuildingNameTC":"馬寶居","BaseHeight":17.600000000000001,"TopHeight":72.900000000000006,"Storeys":20,"StoreysInBasement":null,"DateStamp":1599580800000}},{"type":"Feature","id":256263,"geometry":{"type":"Polygon","coordinates":[[[114.20186551507796,22.291782940485376],[114.20179629876435,22.29176890843662],[114.20178624143999,22.291811871734957],[114.20176158700026,22.291806901636939],[114.20175115427567,22.291804798471635],[114.20170194438779,22.291794878023076],[114.20171210523684,22.291752224825633],[114.20170263615263,22.291750249473413],[114.20164676880367,22.291738594613079],[114.20165717033008,22.291695415348091],[114.20171311320176,22.291706756559734],[114.20171693417893,22.291690894855599],[114.2016609912162,22.291679553645245],[114.2016713927339,22.291636374469341],[114.20171785380296,22.291645793426849],[114.20172825520365,22.291602614156847],[114.20177471626533,22.291612033098112],[114.20176237064761,22.291663282977829],[114.20177947162026,22.291666603258406],[114.20178138210464,22.291658672360391],[114.2017917835838,22.291615493086375],[114.20184203732737,22.291625680924504],[114.20183163595992,22.29166886020165],[114.20183922227943,22.291670398122129],[114.20188947517262,22.291680585765008],[114.201879354079,22.291723821804265],[114.20182910117104,22.291713634158313],[114.20182538326677,22.291729516800231],[114.20187563618009,22.291739704447291],[114.20186551507796,22.291782940485376]]]},"properties":{"OBJECTID":256263,"Shape__Length":122.81248648176623,"Shape__Area":338.82095582771723,"GeoRefNo":"3883316977","DateCreate":1114790400000,"BuildingBlockType":"Tower","BuildingCSUID":"3883316977T20050430","BuildingID":1103119998,"Status":"Active","BuildingNameEN":"Tung Po Building","BuildingNameTC":"東寶大廈","BaseHeight":19.300000000000001,"TopHeight":81.400000000000006,"Storeys":20,"StoreysInBasement":null,"DateStamp":1599580800000}},{"type":"Feature","id":256439,"geometry":{"type":"Polygon","coordinates":[[[114.20350861946508,22.291686425695474],[114.20345643864572,22.291675725840548],[114.20347033046382,22.291616752317601],[114.20342519052569,22.291607503601671],[114.20344619581543,22.291506579133763],[114.20349397716791,22.29151636708016],[114.20350425429865,22.291472738623508],[114.20355675956199,22.291483504965655],[114.20354641519307,22.291527108873314],[114.20356263477335,22.29153043136882],[114.20356350064823,22.291526771565497],[114.20357295128642,22.291486825116753],[114.20363201519534,22.291498936187665],[114.20362170976047,22.291542532778788],[114.20366753734569,22.291551920398057],[114.20364476085723,22.291652475472816],[114.20359798560366,22.291642896012501],[114.20358404017723,22.291701890867287],[114.20356353315762,22.291697685885232],[114.20352493736938,22.291689771658127],[114.20353889077991,22.291630793423337],[114.20352260859518,22.291627458834792],[114.20350861946508,22.291686425695474]]]},"properties":{"OBJECTID":256439,"Shape__Length":115.81092686496797,"Shape__Area":401.46192167688656,"GeoRefNo":"3901416965","DateCreate":1114790400000,"BuildingBlockType":"Tower","BuildingCSUID":"3901416965T20050430","BuildingID":1103120023,"Status":"Active","BuildingNameEN":"Healthy Gardens Block A","BuildingNameTC":"健威花園Ａ座","BaseHeight":19.399999999999999,"TopHeight":82.299999999999997,"Storeys":23,"StoreysInBasement":null,"DateStamp":1599580800000}},{"type":"Feature","id":256440,"geometry":{"type":"Polygon","coordinates":[[[114.20082881105796,22.291790570483496],[114.20082751513857,22.29179204636948],[114.20082557690343,22.29179406752926],[114.2008235459807,22.291796008330142],[114.20082142634845,22.291797865069],[114.20081922179065,22.291799634133028],[114.20081693667358,22.291801312360843],[114.20081457526648,22.291802896500773],[114.20081214203267,22.2918043834818],[114.20080964162968,22.291805770593975],[114.20080707871497,22.291807055127467],[114.20080445814021,22.291808234733558],[114.20080178495108,22.291809307063581],[114.20079906419339,22.291810270220321],[114.20079630091291,22.291811122216316],[114.20079350044664,22.291811861605868],[114.20079066813156,22.291812486943257],[114.20078780920768,22.291812996963497],[114.20078492910909,22.291813390762641],[114.20078203336705,22.291813667617451],[114.20077912741571,22.291813826985308],[114.20077621678632,22.291813868504136],[114.20077330691318,22.291813792173169],[114.20077040342466,22.291813598081852],[114.20076751175513,22.291813286680927],[114.20076463733896,22.291812858511435],[114.20076070638133,22.291812076677807],[114.20058253363729,22.291775619129268],[114.20050043444995,22.291758743856331],[114.20032226176529,22.291721834490509],[114.20031939927756,22.291721341923026],[114.20031656132265,22.291720738817119],[114.20031375284978,22.291720026165418],[114.20031097871124,22.291719205321797],[114.20030824375925,22.291718277640172],[114.20030555265205,22.291717244745406],[114.20030291014493,22.291716108352581],[114.20030032070211,22.291714870538129],[114.20029778907893,22.291713533468698],[114.20029531935144,22.291712099311084],[114.20029291608104,22.291710570773805],[114.20029058324678,22.29170895029451],[114.2002883250219,22.291707240852762],[114.20028614528854,22.29170544533779],[114.20028404783177,22.29170356690976],[114.20028203624263,22.291701608728886],[114.20028011401517,22.291699574316581],[114.20027828464345,22.291697467194314],[114.20027655103924,22.291695290883606],[114.20027491650261,22.291693049357473],[114.20027338365422,22.291690746318061],[114.20027195521195,22.291688385919091],[114.20027063369952,22.291685972133667],[114.20026942134955,22.291683509296188],[114.20026832029758,22.291681001560409],[114.20026733248523,22.291678453260744],[114.20026645965993,22.291675868912307],[114.20026570318097,22.291673253030147],[114.20026506450473,22.291670610039144],[114.20026454469939,22.291667944544688],[114.20026414463912,22.291665261242606],[114.20026386500396,22.291662564828723],[114.2002637063769,22.291659859818292],[114.20026366895283,22.291657151087787],[114.20026375282954,22.291654443242841],[114.20026395781375,22.291651740979393],[114.2002642836151,22.291649048993406],[114.20026472955507,22.291646371980903],[114.20026529505222,22.2916437145476],[114.2002659789428,22.291641081389578],[114.20026678016011,22.2916384770223],[114.20026769724929,22.291635905961282],[114.2002687286585,22.291633372722071],[114.2002698725446,22.291630881639598],[114.2002711268705,22.291628437048921],[114.2002724895991,22.291626043284968],[114.20027395830498,22.291623704321609],[114.20027553046583,22.291621424403562],[114.20027720326813,22.291619207414406],[114.20027897389829,22.291617057147434],[114.2002808392517,22.291614977395923],[114.20028279602955,22.291612971772601],[114.20028484093307,22.291611043709612],[114.20028697037228,22.291609196639051],[114.20028918066022,22.291607433722227],[114.20029146791576,22.291605758030055],[114.20029382816074,22.291604172452953],[114.20029625741692,22.291602679700645],[114.20029875131799,22.291601282482986],[114.20030130559451,22.291599983148522],[114.20030391588007,22.291598783955536],[114.20030657751707,22.291597686981756],[114.20030928594494,22.291596694124276],[114.20031203650599,22.291595807099572],[114.20031482434854,22.291595027533866],[114.20031764471781,22.291594356782415],[114.20032049266486,22.29159379583934],[114.20032336314382,22.291593345789039],[114.20032625139984,22.291593007444909],[114.20032915219285,22.2915927813496],[114.2003320606709,22.291592667955324],[114.20033497169084,22.291592667353132],[114.2003378802066,22.291592779634048],[114.20034078117209,22.291593004527915],[114.20034366954108,22.291593341764507],[114.20034654026742,22.291593790622155],[114.20034938849892,22.291594350379061],[114.20035220909233,22.291595020042624],[114.2007920473327,22.291691033507501],[114.20079486492382,22.291691714361797],[114.20079764798784,22.291692508645788],[114.20080039118733,22.291693414825055],[114.20080308957291,22.291694431274813],[114.20080573780707,22.291695556009117],[114.20080833094035,22.29169678686139],[114.2008108641203,22.291698121484341],[114.20081333249453,22.291699557440463],[114.2008157314046,22.2917010919309],[114.20081805628911,22.291702722156884],[114.20082030278071,22.291704444958302],[114.20082246660907,22.291706257084797],[114.20082454369791,22.291708155015023],[114.20082653006791,22.291710135317945],[114.20082842193388,22.291712194110918],[114.20083021580172,22.291714327601671],[114.20083190827428,22.291716531726845],[114.20083349605146,22.291718802152282],[114.20083497622133,22.291721134814633],[114.20083634596897,22.291723525198996],[114.20083760257643,22.291725968700145],[114.20083874381099,22.291728460803117],[114.20083976753698,22.291730996812309],[114.20084067161862,22.291733571761153],[114.20084145450248,22.291736180954036],[114.20084211473208,22.291738819333947],[114.20084265094799,22.291741481934281],[114.20084306217896,22.291744163788358],[114.20084334764772,22.291746859658499],[114.20084350686828,22.291749564577955],[114.20084353945153,22.291752273399283],[114.20084344529958,22.291754980975096],[114.20084322479968,22.291757682157876],[114.20084287814505,22.291760371800095],[114.20084240611114,22.291763044934825],[114.20084180947339,22.291765696414505],[114.20084108958952,22.291768321272066],[114.20084024752612,22.291770914450193],[114.20083928512608,22.291773471072105],[114.20083820413534,22.291775986351272],[114.20083700659092,22.291778455410899],[114.20083569472395,22.291780873735298],[114.20083427095966,22.291783236628227],[114.20083273820849,22.291785539573894],[114.20083109918687,22.291787778417834],[114.20082935709634,22.291789948644258],[114.20082881105796,22.291790570483496]]]},"properties":{"OBJECTID":256440,"Shape__Length":137.93984449787337,"Shape__Area":816.2942680249937,"GeoRefNo":"3870516981","DateCreate":1114790400000,"BuildingBlockType":"Tower","BuildingCSUID":"3870516981T20050430","BuildingID":1103119997,"Status":"Active","BuildingNameEN":"China United Centre","BuildingNameTC":"華滙中心","BaseHeight":17.5,"TopHeight":114.8,"Storeys":27,"StoreysInBasement":null,"DateStamp":1599580800000}},{"type":"Feature","id":256442,"geometry":{"type":"Polygon","coordinates":[[[114.19709923078264,22.29155947287795],[114.19709328967248,22.291583684454555],[114.19708855143449,22.29158271181565],[114.1970648601484,22.291577848619038],[114.19706377994551,22.291582250731864],[114.19700283266194,22.291569739886182],[114.19700387958079,22.291565330914604],[114.19698018897989,22.291560467886143],[114.19697545084048,22.291559495243906],[114.19698120914036,22.291535246036538],[114.19698594727898,22.291536218678591],[114.19702859043242,22.291544972180034],[114.19702906419786,22.291545069471194],[114.19703214212031,22.291545701322153],[114.19705137445382,22.291549649193229],[114.19705184831628,22.291549746484311],[114.19709923078264,22.29155947287795]]]},"properties":{"OBJECTID":256442,"Shape__Length":31.386230250466351,"Shape__Area":37.439911320195279,"GeoRefNo":"3834516961","DateCreate":1114790400000,"BuildingBlockType":"Tower","BuildingCSUID":"3834516961T20050430","BuildingID":1103120061,"Status":"Active","BuildingNameEN":"RICA VICTORIA","BuildingNameTC":"港輝豪庭","BaseHeight":9.1999999999999993,"TopHeight":14.5,"Storeys":29,"StoreysInBasement":null,"DateStamp":1599580800000}},{"type":"Feature","id":256443,"geometry":{"type":"Polygon","coordinates":[[[114.20338574561889,22.291263448129346],[114.2033766795208,22.291297784229616],[114.20338575245843,22.291299647479061],[114.20339483490436,22.291301500702417],[114.20341051826944,22.291241507782598],[114.20346102746058,22.29125198342593],[114.2034465725677,22.291312076389033],[114.2034962041884,22.291322218844879],[114.20347425473445,22.291417381215368],[114.20342373017569,22.291407038690323],[114.20340939839542,22.291466619592388],[114.2033857831005,22.291461824493911],[114.20335933656527,22.291456044162093],[114.20337312789202,22.291396680268363],[114.20335552574505,22.291393077037085],[114.20334186605439,22.29145222561775],[114.20328857802284,22.291440578667117],[114.2033017171355,22.291382062319482],[114.20324800004687,22.291371066172225],[114.20326926547948,22.291275725317348],[114.20332298428679,22.291286757218721],[114.20333866007978,22.291226594711787],[114.20338574050139,22.291236362937589],[114.20339051603909,22.291237359408026],[114.20339252417116,22.291237775842724],[114.20338574561889,22.291263448129346]]]},"properties":{"OBJECTID":256443,"Shape__Length":123.34753591385859,"Shape__Area":406.9484261526207,"GeoRefNo":"3900216938","DateCreate":1114790400000,"BuildingBlockType":"Tower","BuildingCSUID":"3900216938T20050430","BuildingID":1103120111,"Status":"Active","BuildingNameEN":"Healthy Gardens Block F","BuildingNameTC":"健威花園Ｆ座","BaseHeight":19.399999999999999,"TopHeight":82.400000000000006,"Storeys":23,"StoreysInBasement":null,"DateStamp":1599580800000}},{"type":"Feature","id":256444,"geometry":{"type":"Polygon","coordinates":[[[114.19720930043478,22.291504386368441],[114.1971837138052,22.291499134207175],[114.19718691195246,22.291485641690958],[114.19716416898626,22.291480973090099],[114.19716563214155,22.291474800113267],[114.19714478443281,22.291470520582426],[114.19714332127667,22.291476693649361],[114.19711678780348,22.291471247076377],[114.19711825096073,22.291465074009672],[114.19712096828013,22.291453609742884],[114.1971208308421,22.291453409822022],[114.19719575493606,22.291468783565158],[114.19721671744941,22.291473094501598],[114.19720930043478,22.291504386368441]]]},"properties":{"OBJECTID":256444,"Shape__Length":28.723414621357755,"Shape__Area":22.982165981132585,"GeoRefNo":"3836216952","DateCreate":1114790400000,"BuildingBlockType":"Tower","BuildingCSUID":"3836216952T20050430","BuildingID":1103120095,"Status":"Active","BuildingNameEN":"RICA VICTORIA","BuildingNameTC":"港輝豪庭","BaseHeight":9.1999999999999993,"TopHeight":13,"Storeys":29,"StoreysInBasement":null,"DateStamp":1599580800000}},{"type":"Feature","id":256445,"geometry":{"type":"Polygon","coordinates":[[[114.20381630746377,22.291325696004975],[114.20386466466465,22.29133572901852],[114.2038509516929,22.291394712751931],[114.20390182107303,22.291405108005922],[114.20388021816181,22.291500482321126],[114.20382880830613,22.291489958734939],[114.20382678581137,22.291498657730411],[114.20381971081098,22.291529089493761],[114.20381508347519,22.291548993218331],[114.20376576803099,22.29153897985552],[114.2037797630371,22.291479919142532],[114.20376069734581,22.291476016381537],[114.20374691884372,22.291535152553042],[114.20369298294129,22.29152420102028],[114.20370711857053,22.291465048809918],[114.20365749959372,22.291454891696798],[114.20367951102548,22.291359678359068],[114.20372984100915,22.291369963402026],[114.20374400433869,22.291310694868308],[114.20379667067743,22.291321621851512],[114.20378288183076,22.291380802459535],[114.20380230880377,22.291384772436086],[114.20381630746377,22.291325696004975]]]},"properties":{"OBJECTID":256445,"Shape__Length":122.13954537734432,"Shape__Area":397.74405702016884,"GeoRefNo":"3904116947","DateCreate":1114790400000,"BuildingBlockType":"Tower","BuildingCSUID":"3904116947T20050430","BuildingID":1103120080,"Status":"Active","BuildingNameEN":"Healthy Gardens Block E","BuildingNameTC":"健威花園Ｅ座","BaseHeight":19.399999999999999,"TopHeight":82.299999999999997,"Storeys":23,"StoreysInBasement":null,"DateStamp":1599580800000}},{"type":"Feature","id":256447,"geometry":{"type":"Polygon","coordinates":[[[114.19635079026062,22.291456461169847],[114.19631597172096,22.29144830302366],[114.19632300010322,22.291419898967018],[114.19630286119603,22.291416212193688],[114.19629635994532,22.291443302681824],[114.19625800180619,22.29143472041806],[114.19626801692716,22.291389621450541],[114.19623127117548,22.291382075793333],[114.19624092092853,22.291343184251755],[114.19627614073477,22.291350895982269],[114.19628771673121,22.291305756639755],[114.19632722119641,22.291314501761729],[114.19632041167026,22.291343079722512],[114.19634059278899,22.291347530569816],[114.19634756086641,22.291318890277839],[114.19638246177276,22.291326420598384],[114.19637152619761,22.291370333240589],[114.19641409646889,22.291378990194474],[114.19640579098201,22.29141452598429],[114.19636307398368,22.291406625902628],[114.19635079026062,22.291456461169847]]]},"properties":{"OBJECTID":256447,"Shape__Length":78.612169406043208,"Shape__Area":167.878399168009,"GeoRefNo":"3826716946","DateCreate":1114790400000,"BuildingBlockType":"Tower","BuildingCSUID":"3826716946T20050430","BuildingID":1103120113,"Status":"Active","BuildingNameEN":"Kin Yip Mansion","BuildingNameTC":"建業大廈","BaseHeight":12.9,"TopHeight":73,"Storeys":23,"StoreysInBasement":null,"DateStamp":1599580800000}},{"type":"Feature","id":256448,"geometry":{"type":"Polygon","coordinates":[[[114.19695571577603,22.291401959160019],[114.19695173728876,22.291418713088586],[114.19694891909198,22.291430580763109],[114.19694870718656,22.291431473286067],[114.19693496664426,22.291428652647589],[114.19688189973414,22.291417759338728],[114.19688890707616,22.291388250453434],[114.19694197494552,22.291399139605851],[114.19695571577603,22.291401959160019]]]},"properties":{"OBJECTID":256448,"Shape__Length":20.793565828359107,"Shape__Area":23.594797834532653,"GeoRefNo":"3833316944","DateCreate":1114790400000,"BuildingBlockType":"Tower","BuildingCSUID":"3833316944T20050430","BuildingID":1103120124,"Status":"Active","BuildingNameEN":"RICA VICTORIA","BuildingNameTC":"港輝豪庭","BaseHeight":9.1999999999999993,"TopHeight":14.5,"Storeys":null,"StoreysInBasement":null,"DateStamp":1512316800000}},{"type":"Feature","id":256628,"geometry":{"type":"Polygon","coordinates":[[[114.19674871184404,22.291501242737951],[114.19672271600808,22.291495957140924],[114.1967048930547,22.291492333348003],[114.19669787324128,22.291490906014165],[114.19666637438135,22.291484501555111],[114.19664570416768,22.291464352420927],[114.1966285370348,22.291460150489232],[114.19662186469637,22.291458517301781],[114.19663985891457,22.291383618984245],[114.19663987006889,22.291383581325164],[114.19664261716709,22.291384152989632],[114.19667834992175,22.291391588503959],[114.19667890117208,22.291389273616371],[114.19666816168741,22.291386990632876],[114.19666417436751,22.291385404529684],[114.19666166150959,22.29138403913532],[114.19665931397532,22.291382438924455],[114.19665693009033,22.29138042990159],[114.19665573268784,22.291378210862046],[114.19665532872038,22.291375539923372],[114.19665586400903,22.291372889098554],[114.19665718981388,22.291370420956998],[114.19665930454481,22.291368558041878],[114.19666296084232,22.291367270821308],[114.1966658335667,22.291366865898201],[114.19666873267157,22.291367045704806],[114.19667151977407,22.291367786688095],[114.19667382510329,22.291369440636178],[114.19667622357194,22.291370957758847],[114.19667856587373,22.291373986705324],[114.19668236743463,22.291374718353101],[114.19668882542703,22.291347643297001],[114.19679375200806,22.291368866119473],[114.19678997129357,22.291385781668005],[114.19678601911977,22.291403464479398],[114.19678315378587,22.291416284526619],[114.19680975570401,22.29142143367698],[114.19679345280493,22.291494375229682],[114.19675288249496,22.291486522307117],[114.19674871184404,22.291501242737951]]]},"properties":{"OBJECTID":256628,"Shape__Length":70.347749508110269,"Shape__Area":231.54608058690417,"GeoRefNo":"3831116946","DateCreate":1114790400000,"BuildingBlockType":"Tower","BuildingCSUID":"3831116946T20050430","BuildingID":1103120097,"Status":"Active","BuildingNameEN":"North Point Asia-Pac Commercial Centre","BuildingNameTC":"北角亞太商業中心","BaseHeight":19.800000000000001,"TopHeight":91.799999999999997,"Storeys":21,"StoreysInBasement":null,"DateStamp":1599580800000}},{"type":"Feature","id":263825,"geometry":{"type":"Polygon","coordinates":[[[114.20303025074809,22.290102680288694],[114.20302935477454,22.29011512996453],[114.20297340041853,22.290111726674866],[114.20297042391833,22.290153419749995],[114.20303453548227,22.290157627075072],[114.20302860980507,22.290231762700451],[114.20302034495734,22.290231290468348],[114.20301963236155,22.290245166682347],[114.20297065247124,22.290241212572017],[114.20297111076141,22.290234803191858],[114.20289274071219,22.290229302598451],[114.20289221843662,22.290236058674424],[114.20283998796621,22.290232863167656],[114.20284095987199,22.290219001361834],[114.20283230063944,22.290218434271452],[114.202838317935,22.290144337289451],[114.20289015938322,22.290148282491543],[114.20289386525556,22.290105019416629],[114.20286419482356,22.290102707010277],[114.20284745974236,22.290101402781602],[114.20285362499972,22.290011002061831],[114.20303608042882,22.290021680227483],[114.20303025074809,22.290102680288694]]]},"properties":{"OBJECTID":263825,"Shape__Length":112.54048533918068,"Shape__Area":420.08998055905039,"GeoRefNo":"3895416792","DateCreate":1114790400000,"BuildingBlockType":"Tower","BuildingCSUID":"3895416792T20050430","BuildingID":1103120400,"Status":"Active","BuildingNameEN":"Fortune Building","BuildingNameTC":"吉利洋樓","BaseHeight":42.600000000000001,"TopHeight":58.100000000000001,"Storeys":7,"StoreysInBasement":null,"DateStamp":1599580800000}},{"type":"Feature","id":263845,"geometry":{"type":"Polygon","coordinates":[[[114.20144214974886,22.292824225083589],[114.20148600509042,22.292833301517909],[114.20148082544632,22.29285507107403],[114.20146726810009,22.29285235202536],[114.20146155708801,22.292875976912754],[114.20143146392165,22.292869539301698],[114.20144214974886,22.292824225083589]]]},"properties":{"OBJECTID":263845,"Shape__Length":19.528481835338528,"Shape__Area":19.976428219909831,"GeoRefNo":"3880117104","DateCreate":1515081600000,"BuildingBlockType":"Tower","BuildingCSUID":"3880117104T20180105","BuildingID":1810170319,"Status":"Active","BuildingNameEN":null,"BuildingNameTC":null,"BaseHeight":15.9,"TopHeight":20.899999999999999,"Storeys":null,"StoreysInBasement":null,"DateStamp":1515081600000}},{"type":"Feature","id":263994,"geometry":{"type":"Polygon","coordinates":[[[114.1985807555911,22.291071145895323],[114.19858996265413,22.29103350140171],[114.19859245471552,22.291023311993357],[114.1986418353451,22.291033566954329],[114.19865082630187,22.291035434091835],[114.19866777625857,22.291038954117166],[114.19867625133426,22.291040714129142],[114.19869808101393,22.29104524745301],[114.19870610726545,22.291046914327833],[114.1987264591726,22.291051140805802],[114.19871483151097,22.291098338229084],[114.19868683930545,22.291092661105797],[114.19867635773301,22.291142127948532],[114.19866720793983,22.291140425100931],[114.19865321162726,22.29113782038387],[114.19865100923728,22.291137410508991],[114.19864501237045,22.291136294497761],[114.19864108154835,22.291135562913279],[114.19862580223185,22.291132719415934],[114.19862178552691,22.291131971948619],[114.19863315589181,22.291081773328646],[114.19862705837821,22.291080536681083],[114.1986083598095,22.291076744341932],[114.19860565764256,22.291076196364937],[114.1985807555911,22.291071145895323]]]},"properties":{"OBJECTID":263994,"Shape__Length":50.421092953531094,"Shape__Area":108.43103986876034,"GeoRefNo":"3851316905","DateCreate":1114790400000,"BuildingBlockType":"Tower","BuildingCSUID":"3851316905T20050430","BuildingID":1103120218,"Status":"Active","BuildingNameEN":"Hang Lung Bank Eastern Branch Building","BuildingNameTC":"恒隆銀行東區分行大廈","BaseHeight":11.1,"TopHeight":65.200000000000003,"Storeys":17,"StoreysInBasement":null,"DateStamp":1599580800000}},{"type":"Feature","id":263995,"geometry":{"type":"Polygon","coordinates":[[[114.20065186752649,22.290995442160099],[114.20065922755514,22.290960677506082],[114.20073014717649,22.290975220653152],[114.20073254504301,22.290964990858949],[114.20086679551849,22.290992504956801],[114.20086470294518,22.291002710595965],[114.20092948647734,22.291016141359233],[114.2009219424427,22.291050427971221],[114.2009091155369,22.291047877458848],[114.2009027583518,22.291076256058602],[114.20084898131522,22.291065318727728],[114.20083269697938,22.291136139391394],[114.20077777570447,22.291125081918317],[114.20078483149929,22.291092661383512],[114.20076221687003,22.291088042123352],[114.20075487275828,22.291120429286405],[114.20069708499453,22.291108609120695],[114.20071444453048,22.291037952217973],[114.20065996609624,22.29102688967285],[114.20066674854665,22.29099844599946],[114.20065186752649,22.290995442160099]]]},"properties":{"OBJECTID":263995,"Shape__Length":97.021988438431876,"Shape__Area":315.64834627738918,"GeoRefNo":"3872116898","DateCreate":1114790400000,"BuildingBlockType":"Tower","BuildingCSUID":"3872116898T20050430","BuildingID":1103120219,"Status":"Active","BuildingNameEN":"Roca Centre Block 2","BuildingNameTC":"樂嘉中心第二座","BaseHeight":19.5,"TopHeight":82.5,"Storeys":24,"StoreysInBasement":null,"DateStamp":1599580800000}},{"type":"Feature","id":263996,"geometry":{"type":"Polygon","coordinates":[[[114.20239377603603,22.29109344984235],[114.20234728144472,22.291084103508496],[114.20235326681714,22.291061317486839],[114.20234377905344,22.291059406472822],[114.20236222012554,22.290989203103209],[114.20234741098072,22.290986220178468],[114.20232896990161,22.291056423636725],[114.20231948213855,22.291054512621269],[114.20231349336686,22.291077311375421],[114.20226771564752,22.291068109034949],[114.20228279418609,22.29100359269594],[114.20228673879085,22.29100104191895],[114.202259720838,22.290961563176495],[114.20225125214577,22.290964735697656],[114.20221645331303,22.290956762496755],[114.20221913584287,22.290947382237373],[114.20219396005072,22.290941360218095],[114.20220427865877,22.290899181610556],[114.20222841570933,22.290905101925375],[114.20223119820812,22.290895829746674],[114.20230654071473,22.290913385574253],[114.20230707750348,22.290911578010288],[114.20233121162433,22.290916825889891],[114.20233436464872,22.290904529294728],[114.20231067223335,22.290899156994509],[114.20231122858546,22.290897136304704],[114.20223496656732,22.290879752927548],[114.20223703541684,22.29087092688302],[114.20221255811252,22.290865338136939],[114.20222121023929,22.290830124568245],[114.20222259079232,22.290825100886138],[114.20223642606499,22.290827769979963],[114.20228002764854,22.29083679756701],[114.20232008030393,22.290807897614069],[114.20233374085203,22.290751447916779],[114.20237976861735,22.29076051817195],[114.20237372398992,22.290783410585501],[114.20238403573107,22.290785485373966],[114.20236559479353,22.290855688747754],[114.20238809528142,22.290860101904336],[114.20240197024641,22.290807281034535],[114.20240955912932,22.290808728983098],[114.20241264015702,22.290809316842722],[114.20241859518465,22.290784678551077],[114.20246391537107,22.290793325538171],[114.20245191462064,22.290837943239033],[114.2024779678745,22.290873931404509],[114.20249975602015,22.29087846386243],[114.20253054896916,22.290885524008679],[114.20252064209475,22.290924998892827],[114.20249624727141,22.290920038166217],[114.202494072344,22.290929238369557],[114.20243377215716,22.290915873717992],[114.20242690882935,22.290940496981626],[114.20250353539646,22.290957934936337],[114.20250148189531,22.290966764323056],[114.20252594102857,22.290972590082273],[114.20251717062534,22.291008048776433],[114.2024862430697,22.291002129126735],[114.20248443052505,22.291010469195808],[114.20244953341084,22.29100380568179],[114.20244635926035,22.290998645812543],[114.20240387015089,22.291023590043579],[114.20240933355562,22.291031320933122],[114.20239377603603,22.29109344984235]]]},"properties":{"OBJECTID":263996,"Shape__Length":217.11306380549394,"Shape__Area":661.40017621493632,"GeoRefNo":"3889316890","DateCreate":1114790400000,"BuildingBlockType":"Tower","BuildingCSUID":"3889316890T20050430","BuildingID":1103120226,"Status":"Active","BuildingNameEN":"Two Island Place","BuildingNameTC":"港運城二座","BaseHeight":23.899999999999999,"TopHeight":112.90000000000001,"Storeys":34,"StoreysInBasement":null,"DateStamp":1599580800000}},{"type":"Feature","id":263997,"geometry":{"type":"Polygon","coordinates":[[[114.19780377685406,22.290948195869902],[114.19782085919078,22.290874073626938],[114.19782434842753,22.290858933060612],[114.19807597453281,22.290909132448245],[114.19805449892935,22.291000566730599],[114.19799439734352,22.290988211382146],[114.19798941878935,22.291005540718153],[114.19799190548619,22.291006484907065],[114.19799464774393,22.291009079048198],[114.19799670755735,22.291012572547981],[114.19799719906396,22.291015785219248],[114.19799664469363,22.291021070465156],[114.19799472778902,22.291023814670744],[114.1979920129249,22.291026566385458],[114.1979895854824,22.291028600760065],[114.19798631823504,22.291030502674534],[114.19798180270763,22.291032050299588],[114.19784747054956,22.291004436836882],[114.19784289463077,22.290999281213129],[114.1978400154711,22.290995513196115],[114.19783762316716,22.290991133471753],[114.19783745082573,22.290985950998635],[114.19783935588946,22.290980579516539],[114.19784212727839,22.290978131406657],[114.1978455247877,22.29097645316682],[114.19784983792829,22.290975166466527],[114.19785415920001,22.290974393517388],[114.19785471254002,22.290974511837216],[114.19785826889689,22.290959816471499],[114.19780377685406,22.290948195869902]]]},"properties":{"OBJECTID":263997,"Shape__Length":85.767264965136633,"Shape__Area":349.6452987782946,"GeoRefNo":"3843516887","DateCreate":1114790400000,"BuildingBlockType":"Tower","BuildingCSUID":"3843516887T20050430","BuildingID":1103120247,"Status":"Active","BuildingNameEN":"Max Share Centre","BuildingNameTC":"上潤中心","BaseHeight":18.899999999999999,"TopHeight":78.900000000000006,"Storeys":19,"StoreysInBasement":null,"DateStamp":1599580800000}},{"type":"Feature","id":263998,"geometry":{"type":"Polygon","coordinates":[[[114.19641484936182,22.291001237325492],[114.19640387812611,22.291045953159749],[114.19638857644314,22.291043073331934],[114.19638686077658,22.291050063784727],[114.19636257893467,22.291045295377966],[114.19637519894609,22.290993974890146],[114.1963542729836,22.290989423715981],[114.19636419856488,22.290943581169152],[114.19638633866404,22.290948674304225],[114.19639850438001,22.290899201083249],[114.19641996502661,22.29090379363782],[114.1964182822546,22.290911442419723],[114.19643599372391,22.290915058310922],[114.19642585424432,22.290956384130386],[114.19645339077913,22.290962422743277],[114.19646252398204,22.290964425624839],[114.19645246991216,22.29100929974879],[114.19644462476418,22.291007618472207],[114.19641484936182,22.291001237325492]]]},"properties":{"OBJECTID":263998,"Shape__Length":53.86500230856312,"Shape__Area":97.770728773686926,"GeoRefNo":"3828016896","DateCreate":1114790400000,"BuildingBlockType":"Tower","BuildingCSUID":"3828016896T20050430","BuildingID":1103120238,"Status":"Active","BuildingNameEN":"Hung Yat Building","BuildingNameTC":"鴻日大廈","BaseHeight":12.4,"TopHeight":75.799999999999997,"Storeys":21,"StoreysInBasement":null,"DateStamp":1599580800000}},{"type":"Feature","id":264000,"geometry":{"type":"Polygon","coordinates":[[[114.19626939130174,22.291061917951062],[114.19622943992093,22.291053705494413],[114.19623443708853,22.291033254051936],[114.19618115760647,22.291021194594666],[114.19618749752139,22.29099438787123],[114.19622440508223,22.291002296099066],[114.19622733852825,22.290990501390141],[114.19619026776016,22.290982674458071],[114.19619714447539,22.290953597822323],[114.1962512301796,22.290964526001805],[114.19625737428737,22.290939380572805],[114.19629780123402,22.290947618432035],[114.19628997669435,22.290979098325504],[114.19629496837622,22.290980079175291],[114.19628186983829,22.291032145643999],[114.19627703002527,22.291031185726677],[114.19626939130174,22.291061917951062]]]},"properties":{"OBJECTID":264000,"Shape__Length":54.537937025727395,"Shape__Area":96.821424043435584,"GeoRefNo":"3826516899","DateCreate":1114790400000,"BuildingBlockType":"Tower","BuildingCSUID":"3826516899T20050430","BuildingID":1103120234,"Status":"Active","BuildingNameEN":"Ming Yuet Building","BuildingNameTC":"明月大廈","BaseHeight":7.5999999999999996,"TopHeight":70.700000000000003,"Storeys":24,"StoreysInBasement":null,"DateStamp":1599580800000}},{"type":"Feature","id":264003,"geometry":{"type":"Polygon","coordinates":[[[114.20338571991223,22.291127391019238],[114.20335951785987,22.291121996435486],[114.2033706087238,22.291075490062799],[114.2033192371298,22.291065117661532],[114.20332998121472,22.291020846879213],[114.20338111547366,22.291031432980553],[114.2033856980153,22.291011496764131],[114.20333474315265,22.291001225352201],[114.20334466981583,22.290960323125312],[114.20338568990266,22.290968558670393],[114.20339620585143,22.29097066993511],[114.20340468340747,22.290933933859428],[114.20351419183849,22.290956613104047],[114.2034834030592,22.29108548590931],[114.20347110456804,22.291082849179887],[114.20345630549642,22.29114192345677],[114.20338571991223,22.291127391019238]]]},"properties":{"OBJECTID":264003,"Shape__Length":87.396147502315671,"Shape__Area":290.17191090590154,"GeoRefNo":"3900016910","DateCreate":1114790400000,"BuildingBlockType":"Tower","BuildingCSUID":"3900016910T20050430","BuildingID":1103120217,"Status":"Active","BuildingNameEN":"Chaton House","BuildingNameTC":"天順樓","BaseHeight":13.5,"TopHeight":72.400000000000006,"Storeys":22,"StoreysInBasement":null,"DateStamp":1599580800000}},{"type":"Feature","id":264004,"geometry":{"type":"Polygon","coordinates":[[[114.20259131246871,22.290938327640301],[114.20256477840196,22.290932883583253],[114.20257356972201,22.290899395907211],[114.20259866579002,22.290904544980023],[114.20260003050541,22.290898422541076],[114.20263161672241,22.290904717919098],[114.20267095122352,22.290881594162727],[114.20267577712299,22.290862091939022],[114.20267931468624,22.290847161764827],[114.20268587027206,22.290848497704705],[114.20269156570285,22.29082402922031],[114.20273993337037,22.29083377918705],[114.202717306259,22.290925894365444],[114.2027348552373,22.290929427145496],[114.20275353927072,22.290857599262765],[114.20280526819056,22.290868740743996],[114.20279481450535,22.290913621645451],[114.2028183393907,22.290918670334481],[114.20281111246055,22.290948740133032],[114.20282911290781,22.290952454346165],[114.20285848212698,22.290958514245482],[114.20285830148065,22.290959266074037],[114.20284942555939,22.290996172502624],[114.20282414406034,22.290991228945099],[114.20282227714733,22.291000369140054],[114.20276987701915,22.290989593421767],[114.20277426725988,22.290971999255575],[114.20275709925494,22.290968468857209],[114.20274184321694,22.291029607363345],[114.20275873909279,22.291033469591927],[114.20276285530376,22.29101697404548],[114.20281503341207,22.291027739777562],[114.20281283824497,22.291036536770861],[114.20283721273391,22.29104156581489],[114.20282826909855,22.291077063746172],[114.20275675587739,22.291062890150911],[114.20274838483293,22.291096694292467],[114.20273058083245,22.291092746145903],[114.20271939818572,22.291137342151103],[114.20268440141058,22.291129851317724],[114.20270198226615,22.291059706746349],[114.20268227641957,22.29105543108594],[114.20266488316138,22.291125728513844],[114.20265601549009,22.29112389607613],[114.2026497796725,22.291146513637123],[114.20260347611563,22.291137150368751],[114.2026201395124,22.29107025589342],[114.20262811819622,22.291066805919826],[114.20260219372831,22.291024947039634],[114.2025907627945,22.291030766563939],[114.20255914289406,22.291023498404439],[114.20256066448002,22.291016594069507],[114.20253248962501,22.291010503403662],[114.20254103143873,22.290975266356448],[114.20256684915853,22.290980686419182],[114.2025688781042,22.290971854777887],[114.20258293411855,22.290974805652926],[114.2026378341163,22.290986331027536],[114.20264388079477,22.290959998839192],[114.20258882286763,22.290948702508295],[114.20259131246871,22.290938327640301]]]},"properties":{"OBJECTID":264004,"Shape__Length":209.34110182414727,"Shape__Area":575.64491137609377,"GeoRefNo":"3893016897","DateCreate":1114790400000,"BuildingBlockType":"Tower","BuildingCSUID":"3893016897T20050430","BuildingID":1103120216,"Status":"Active","BuildingNameEN":"Three Island Place","BuildingNameTC":"港運城三座","BaseHeight":23.899999999999999,"TopHeight":110.2,"Storeys":33,"StoreysInBasement":null,"DateStamp":1599580800000}},{"type":"Feature","id":264005,"geometry":{"type":"Polygon","coordinates":[[[114.19859245471552,22.291023311993357],[114.19858996265413,22.29103350140171],[114.1985807555911,22.291071145895323],[114.19857570629379,22.291091784260377],[114.1985431609681,22.291084821400002],[114.19853817840929,22.291105336125685],[114.19852426032141,22.291112819408415],[114.19845079575919,22.291097466944183],[114.198440659897,22.291085341699386],[114.19845964625338,22.291005704134037],[114.19846736090618,22.29097334556144],[114.19847682078519,22.290975413216273],[114.19850138749635,22.290960653714816],[114.19851820506256,22.290989230418187],[114.19859674165772,22.291005784419163],[114.19859245471552,22.291023311993357]]]},"properties":{"OBJECTID":264005,"Shape__Length":55.277840055552893,"Shape__Area":175.77901734243056,"GeoRefNo":"3849716904","DateCreate":1114790400000,"BuildingBlockType":"Tower","BuildingCSUID":"3849716904T20050430","BuildingID":1103120221,"Status":"Active","BuildingNameEN":"Henan Electric Development Building","BuildingNameTC":"豫港電力發展大廈","BaseHeight":19.399999999999999,"TopHeight":85.099999999999994,"Storeys":21,"StoreysInBasement":null,"DateStamp":1599580800000}},{"type":"Feature","id":264006,"geometry":{"type":"Polygon","coordinates":[[[114.19818982381113,22.290252771331652],[114.19816738857637,22.290248411225956],[114.19817996743281,22.290196720613853],[114.19815578444108,22.290191801921264],[114.19814352022084,22.290243772620208],[114.19811514056005,22.290238257187021],[114.19811792042523,22.290225268433637],[114.19809272654143,22.290220160672625],[114.19810188947733,22.290183472642145],[114.1980354127068,22.290170239282304],[114.19804784361534,22.290121091633413],[114.19811373021712,22.290135278609498],[114.198127461225,22.290080977637349],[114.19825082817599,22.290105478559486],[114.19823722816051,22.29016004773424],[114.19830540893032,22.290174365996339],[114.19829500753239,22.290218041288092],[114.19822752728871,22.290205753556005],[114.19821787674572,22.290245533382969],[114.19819303036395,22.290240496030641],[114.19818982381113,22.290252771331652]]]},"properties":{"OBJECTID":264006,"Shape__Length":100.67863388798125,"Shape__Area":278.60087247328039,"GeoRefNo":"3846316801","DateCreate":1114790400000,"BuildingBlockType":"Tower","BuildingCSUID":"3846316801T20050430","BuildingID":1103120399,"Status":"Active","BuildingNameEN":"Po Fung Building","BuildingNameTC":"寶豐大廈","BaseHeight":14.300000000000001,"TopHeight":90.5,"Storeys":25,"StoreysInBasement":null,"DateStamp":1599580800000}},{"type":"Feature","id":264007,"geometry":{"type":"Polygon","coordinates":[[[114.20241982115247,22.290102777682939],[114.20241602344792,22.290118940754972],[114.20243362306111,22.290122427503835],[114.20242766431173,22.290147242437659],[114.20235924485414,22.290133180518271],[114.20235461807191,22.290152744743409],[114.20242289544321,22.290167177213707],[114.20241519290053,22.290199512856582],[114.20239755335444,22.290195803868318],[114.2023937025394,22.290212364114957],[114.20234571195564,22.29020230847874],[114.20232783584447,22.290277321205021],[114.20229920925499,22.290271343542127],[114.20229660433547,22.290282648217861],[114.20227153778373,22.290277450508466],[114.20229224866451,22.290190770767829],[114.20226887458308,22.290186042294689],[114.20224818928659,22.290272608964958],[114.20221880499574,22.290266515904811],[114.20222138286475,22.290255308494388],[114.2021952288932,22.290250097939193],[114.20221313649037,22.290176574824105],[114.20214061959322,22.290161687783197],[114.20214679965261,22.290136921048958],[114.20213449955153,22.290134444150521],[114.20214168458286,22.290105541774622],[114.202227671606,22.290123713223704],[114.2022327737527,22.290102807066919],[114.2022333762126,22.290100338450888],[114.20214517842659,22.290080416130543],[114.20215297759546,22.290051941890486],[114.20216854306392,22.290056023652252],[114.20217438690661,22.290033062010732],[114.20224454696536,22.290049135307765],[114.20226305192138,22.289976346733319],[114.20228751020474,22.2899822365566],[114.20229141059031,22.28996822881081],[114.20232253916089,22.289975704082721],[114.20229914974529,22.290063421146364],[114.20232163165841,22.29006885820802],[114.20234378681796,22.28998114494749],[114.20237293828727,22.289987937985757],[114.20236903463727,22.290001027951384],[114.20239300246543,22.290007836973054],[114.202373511015,22.290080858075275],[114.20242233058853,22.290092097126628],[114.20241982115247,22.290102777682939]]]},"properties":{"OBJECTID":264007,"Shape__Length":199.8969578168892,"Shape__Area":573.72195556661677,"GeoRefNo":"3889016810","DateCreate":1114790400000,"BuildingBlockType":"Tower","BuildingCSUID":"3889016810T20050430","BuildingID":1103120393,"Status":"Active","BuildingNameEN":"Tanner Garden Block 4","BuildingNameTC":"丹拿花園４座","BaseHeight":34.700000000000003,"TopHeight":83.099999999999994,"Storeys":22,"StoreysInBasement":null,"DateStamp":1599580800000}},{"type":"Feature","id":264008,"geometry":{"type":"Polygon","coordinates":[[[114.19691434564632,22.290331802619409],[114.1969297331941,22.290266505853833],[114.19695164645493,22.290173516944755],[114.19709060622228,22.290201049298972],[114.19708413184078,22.290227969682228],[114.19708231227526,22.29023553540695],[114.19707297334878,22.290274366911213],[114.19705234130105,22.290360154744704],[114.19691434564632,22.290331802619409]]]},"properties":{"OBJECTID":264008,"Shape__Length":65.202364012365308,"Shape__Area":262.81865788085554,"GeoRefNo":"3833716823","DateCreate":1114790400000,"BuildingBlockType":"Tower","BuildingCSUID":"3833716823T20050430","BuildingID":1103120376,"Status":"Active","BuildingNameEN":"Tsing Wan Building","BuildingNameTC":"青雲大廈","BaseHeight":12.1,"TopHeight":70.900000000000006,"Storeys":22,"StoreysInBasement":null,"DateStamp":1599580800000}},{"type":"Feature","id":264009,"geometry":{"type":"Polygon","coordinates":[[[114.2027831044483,22.290466139125932],[114.20270063849277,22.290449401293639],[114.20272123695824,22.290361678390589],[114.20273172041563,22.290363655057082],[114.20274298148651,22.290317921446352],[114.20281501298955,22.29033254252413],[114.2027831044483,22.290466139125932]]]},"properties":{"OBJECTID":264009,"Shape__Length":47.691078637676277,"Shape__Area":126.35387436770223,"GeoRefNo":"3893616826","DateCreate":1114790400000,"BuildingBlockType":"Tower","BuildingCSUID":"3893616826T20050430","BuildingID":1103120359,"Status":"Active","BuildingNameEN":null,"BuildingNameTC":null,"BaseHeight":42.600000000000001,"TopHeight":53.399999999999999,"Storeys":5,"StoreysInBasement":1,"DateStamp":1599580800000}},{"type":"Feature","id":264011,"geometry":{"type":"Polygon","coordinates":[[[114.19782638632982,22.290194167456626],[114.19783799029832,22.290146017995728],[114.19784023032666,22.290136723023689],[114.19789219915644,22.290147234709995],[114.19790349099135,22.290103426938998],[114.19790410440899,22.290101046837702],[114.19791484062746,22.290103425464906],[114.19796269809677,22.290114028330279],[114.19795038860792,22.290159004529908],[114.19800137722839,22.290169317905914],[114.19798688164538,22.290227218213015],[114.19782638632982,22.290194167456626]]]},"properties":{"OBJECTID":264011,"Shape__Length":57.505147136908732,"Shape__Area":143.22805832259806,"GeoRefNo":"3843716804","DateCreate":1114790400000,"BuildingBlockType":"Tower","BuildingCSUID":"3843716804T20050430","BuildingID":1103120408,"Status":"Active","BuildingNameEN":"Gala Garden","BuildingNameTC":"嘉樂園","BaseHeight":14.4,"TopHeight":78.200000000000003,"Storeys":24,"StoreysInBasement":null,"DateStamp":1599580800000}},{"type":"Feature","id":264012,"geometry":{"type":"Polygon","coordinates":[[[114.20189250113522,22.290396514261555],[114.20187637343302,22.290393222107895],[114.20186978670138,22.290420070995012],[114.20178259063556,22.290401969710949],[114.20176539391882,22.290473459060799],[114.20174316822096,22.290468985541185],[114.20173972934531,22.29048331812405],[114.2017094322419,22.290477026980046],[114.20173182398656,22.29038516618489],[114.20170937659047,22.290380270332218],[114.20168707231701,22.290472427134851],[114.20165999833046,22.290466887919699],[114.20166346294903,22.290452666591857],[114.20163804122222,22.290447452945166],[114.20165705950508,22.290369221515977],[114.20160132312773,22.290357553071679],[114.20160645982075,22.290336622095598],[114.2015949599032,22.290334162102081],[114.20160132653906,22.290308082397836],[114.20166993059422,22.290322250085865],[114.20167507750001,22.290300968717698],[114.20160439438939,22.290286292653999],[114.20161038957453,22.290261430605259],[114.20162414443594,22.290264125681691],[114.20162987657288,22.290241636017893],[114.20168252067205,22.290252362941519],[114.20170242865596,22.290172469553063],[114.20172516837349,22.290177223490854],[114.20172825591592,22.290164831914186],[114.20176148566676,22.290171593822603],[114.20173856760377,22.290263838235667],[114.20175945487226,22.290268158350692],[114.20178220793679,22.290175810559418],[114.2018093267006,22.290181328977113],[114.20180617628614,22.290193736278251],[114.20183286944477,22.290199286454971],[114.20181416504158,22.290273865059998],[114.20190449465684,22.290292639257142],[114.20189834803386,22.290317446704695],[114.20191040233651,22.290319872997134],[114.20190380548033,22.290348116487021],[114.20180102121166,22.290326760092679],[114.20179585492376,22.290348084634161],[114.20189884443096,22.290369356383003],[114.20189250113522,22.290396514261555]]]},"properties":{"OBJECTID":264012,"Shape__Length":209.68644120763076,"Shape__Area":593.05842948456734,"GeoRefNo":"3883016824","DateCreate":1114790400000,"BuildingBlockType":"Tower","BuildingCSUID":"3883016824T20050430","BuildingID":1103120354,"Status":"Active","BuildingNameEN":"Tanner Garden Block 1","BuildingNameTC":"丹拿花園１座","BaseHeight":34.700000000000003,"TopHeight":83.400000000000006,"Storeys":22,"StoreysInBasement":null,"DateStamp":1599580800000}},{"type":"Feature","id":264013,"geometry":{"type":"Polygon","coordinates":[[[114.20281989302062,22.290102714110585],[114.2028166949713,22.290132537182568],[114.20280727673605,22.290220367039801],[114.20280019370172,22.290286420340863],[114.20279949166564,22.290292967566884],[114.20275430091786,22.290285069742616],[114.20274807145614,22.290283981011878],[114.20275432768752,22.290216074670315],[114.20278601874595,22.290218643694882],[114.20278751312259,22.290204808446141],[114.20271169644042,22.290198469405063],[114.20271937808592,22.290125227903985],[114.20268736896439,22.290122185712203],[114.20268302675885,22.290166078228097],[114.20261393012663,22.29015995914046],[114.20261851016504,22.290116419956995],[114.20258772760606,22.290113267196418],[114.20258078342881,22.290187234907712],[114.20250256639885,22.290180909334474],[114.20250761353581,22.290125220907768],[114.20251549986627,22.290125920617093],[114.20251723243267,22.290106935889199],[114.20249005534529,22.290104664470377],[114.20249026246915,22.290102766561191],[114.20249992274702,22.290018290205811],[114.20282590666294,22.290046632776814],[114.20281989302062,22.290102714110585]]]},"properties":{"OBJECTID":264013,"Shape__Length":156.14509259546506,"Shape__Area":553.55512973289592,"GeoRefNo":"3892216793","DateCreate":1114790400000,"BuildingBlockType":"Tower","BuildingCSUID":"3892216793T20050430","BuildingID":1103120389,"Status":"Active","BuildingNameEN":"Feiloon Terrace","BuildingNameTC":"輝濃臺","BaseHeight":42.600000000000001,"TopHeight":58.899999999999999,"Storeys":7,"StoreysInBasement":null,"DateStamp":1599580800000}},{"type":"Feature","id":264014,"geometry":{"type":"Polygon","coordinates":[[[114.19848873389557,22.29023792717895],[114.19849628182524,22.290232893945209],[114.19851299973307,22.290236889209638],[114.19851173659202,22.290242697245176],[114.19860130347078,22.290261270645324],[114.19858705231013,22.290319384456435],[114.19852053241598,22.290305987395477],[114.19851547336481,22.290326810980027],[114.19846946413512,22.290317101973287],[114.19848873389557,22.29023792717895]]]},"properties":{"OBJECTID":264014,"Shape__Length":42.677511094586961,"Shape__Area":91.667358894364767,"GeoRefNo":"3850316820","DateCreate":1114790400000,"BuildingBlockType":"Tower","BuildingCSUID":"3850316820T20050430","BuildingID":1103120384,"Status":"Active","BuildingNameEN":"Echo Peak Tower","BuildingNameTC":"寶峰閣","BaseHeight":14.6,"TopHeight":85.799999999999997,"Storeys":23,"StoreysInBasement":null,"DateStamp":1599580800000}},{"type":"Feature","id":264015,"geometry":{"type":"Polygon","coordinates":[[[114.19757247217045,22.290467682782733],[114.19738606573313,22.290429370678638],[114.19715152020019,22.290379889717403],[114.19705234130105,22.290360154744704],[114.19707297334878,22.290274366911213],[114.19708231227526,22.29023553540695],[114.19708413184078,22.290227969682228],[114.19716370547089,22.290244419674401],[114.19715628747393,22.290275263805203],[114.19719607430426,22.290283488698115],[114.19719861763443,22.290272913605712],[114.19722798404526,22.290278984368346],[114.19723137518109,22.290264884244429],[114.19727684588791,22.290274284100239],[114.19728468756772,22.290241677944998],[114.19741638866948,22.290268903622458],[114.19741494889784,22.290274896167549],[114.19741003635254,22.290295342309371],[114.19740855410288,22.290301511498814],[114.19745402483338,22.290310911304928],[114.1974506368241,22.290325012155439],[114.19748000335369,22.290331082872431],[114.19747746237269,22.290341658510684],[114.19751724924053,22.290349883415089],[114.19752466036921,22.290319037824119],[114.19760423410226,22.290335487509751],[114.19759529613715,22.290372687790168],[114.19757247217045,22.290467682782733]]]},"properties":{"OBJECTID":264015,"Shape__Length":159.80928201338938,"Shape__Area":813.96317811019549,"GeoRefNo":"3837016831","DateCreate":1114790400000,"BuildingBlockType":"Tower","BuildingCSUID":"3837016831T20050430","BuildingID":1103120358,"Status":"Active","BuildingNameEN":"Two Chinachem Exchange Square","BuildingNameTC":"華懋交易廣場ＩＩ期","BaseHeight":20.100000000000001,"TopHeight":114.59999999999999,"Storeys":26,"StoreysInBasement":null,"DateStamp":1599580800000}},{"type":"Feature","id":264185,"geometry":{"type":"Polygon","coordinates":[[[114.20358907988093,22.291169259537096],[114.20356343164291,22.291163978951772],[114.20354759746333,22.291160718974961],[114.20356341826414,22.291093639685123],[114.20358980963213,22.290981741734051],[114.20363113481339,22.290990381016307],[114.20362292489467,22.291025301271507],[114.20369911953591,22.291041214001972],[114.20368959581141,22.291082768916969],[114.20363887274098,22.291072048288658],[114.20363291274484,22.29109857935364],[114.20368347002054,22.291109497510959],[114.20367375033202,22.291151907747619],[114.20359693105833,22.291135864615981],[114.20358907988093,22.291169259537096]]]},"properties":{"OBJECTID":264185,"Shape__Length":76.154450794559978,"Shape__Area":173.79783768102467,"GeoRefNo":"3902016915","DateCreate":1114790400000,"BuildingBlockType":"Tower","BuildingCSUID":"3902016915T20050430","BuildingID":1103120210,"Status":"Active","BuildingNameEN":"Fu Bong Mansion","BuildingNameTC":"富邦大廈","BaseHeight":12.800000000000001,"TopHeight":76.599999999999994,"Storeys":22,"StoreysInBasement":null,"DateStamp":1599580800000}},{"type":"Feature","id":264186,"geometry":{"type":"Polygon","coordinates":[[[114.20218127252326,22.290936351919107],[114.20215579900902,22.290931368642955],[114.2021535891182,22.290940532634401],[114.20212050084838,22.29093432788428],[114.20211718947979,22.290928533267284],[114.20207203064049,22.290956584362799],[114.20207720343502,22.290963488284103],[114.20206331229791,22.291026450429776],[114.20201581833133,22.291016542541627],[114.20202205065587,22.290994472712551],[114.20201208708923,22.290991883191779],[114.20203095210792,22.290921768925607],[114.20201329261032,22.290918184070193],[114.20199481148772,22.290988376299413],[114.20198532732172,22.290986451085775],[114.20197931550638,22.291009284238072],[114.20193293438653,22.290999805469117],[114.20194968052921,22.290935938926904],[114.20195668315711,22.290931200196155],[114.20192995636752,22.290892456626839],[114.20192237031694,22.290896000153069],[114.20188683421253,22.290888041173478],[114.2018885475518,22.290879884086731],[114.20186105691924,22.290874530368502],[114.20187183453653,22.290830242156748],[114.20189547314233,22.290836040323388],[114.2018982556617,22.290826768059976],[114.20197359808985,22.290844324042322],[114.20197413488266,22.290842516569743],[114.20199826897927,22.290847764498928],[114.20200142203124,22.29083546781979],[114.20197772964018,22.290830095470913],[114.20197828599679,22.29082807478224],[114.20190202405716,22.290810691248414],[114.20190409292657,22.290801865208053],[114.2018798915432,22.290796339493181],[114.20188968463023,22.290756132552133],[114.20195281346376,22.290768711845764],[114.20199559213029,22.29074477821414],[114.20201015017223,22.290685855638454],[114.20205778424135,22.290695719708424],[114.2020515551245,22.290717714584975],[114.20206151876945,22.290720304013096],[114.20204265379297,22.29079041837484],[114.2020602742476,22.290794445733841],[114.20207879433966,22.290723810898516],[114.20208827848921,22.290725736197079],[114.20209420445897,22.290703261659488],[114.20213787528411,22.290712304987402],[114.20212409478339,22.290772882495901],[114.20215092562628,22.29081052554551],[114.20220825945285,22.290822436293727],[114.20219893741367,22.290863326978936],[114.20217485850418,22.290857438257813],[114.20217207590538,22.290866710525911],[114.20209673353756,22.290849154635776],[114.2020928814821,22.290865588716326],[114.20216830753934,22.290882787343595],[114.20216623878237,22.290891613387206],[114.20219077109292,22.290897101259588],[114.20218127252326,22.290936351919107]]]},"properties":{"OBJECTID":264186,"Shape__Length":223.32072095173126,"Shape__Area":679.68958738800097,"GeoRefNo":"3886216882","DateCreate":1114790400000,"BuildingBlockType":"Tower","BuildingCSUID":"3886216882T20050430","BuildingID":1103120248,"Status":"Active","BuildingNameEN":"One Island Place","BuildingNameTC":"港運城一座","BaseHeight":23.899999999999999,"TopHeight":113.40000000000001,"Storeys":34,"StoreysInBasement":null,"DateStamp":1599580800000}},{"type":"Feature","id":264188,"geometry":{"type":"Polygon","coordinates":[[[114.20235100242985,22.290474214291528],[114.20243942930573,22.290493038428899],[114.2024438164937,22.290473992597917],[114.20235535537662,22.29045518156266],[114.20236262631624,22.290423389364292],[114.20237770006125,22.290426548343458],[114.20238301094024,22.290404103331209],[114.20245453198697,22.290419067090514],[114.20247247726981,22.290343698443706],[114.20249546742329,22.290348562317227],[114.20249860022942,22.290335696340257],[114.20252955275063,22.290342028954761],[114.20250758095894,22.290432932727885],[114.20253145295978,22.290437972102406],[114.20255267752583,22.290347035392458],[114.20258109552555,22.290353118160141],[114.20257807461599,22.290365999111778],[114.20260323767653,22.290371329328014],[114.2026027069932,22.290373590229532],[114.20258474519855,22.290450104969768],[114.20263604256263,22.290460968611445],[114.2026301358363,22.290486248710916],[114.20264549228337,22.290489476523923],[114.20264549920415,22.290489645124609],[114.20264284722548,22.290500847766999],[114.20264019524636,22.29051205040933],[114.2026396690886,22.290514118506348],[114.20257083063207,22.290499658944487],[114.20256621939312,22.290519750109318],[114.20263490600367,22.290534274266211],[114.20263489118989,22.290534455693845],[114.20263223920954,22.290545658336004],[114.20262958722874,22.290556860978096],[114.20262884747247,22.290559912002344],[114.20261323589241,22.290556639707344],[114.20260810500405,22.290578287293837],[114.20256028159648,22.290567810326053],[114.20254188825491,22.29064664888881],[114.20251306894852,22.290640624244944],[114.2025099696677,22.290653775132654],[114.2024843094927,22.290648283422851],[114.20250609508604,22.290555634516249],[114.20248145272267,22.290550365611029],[114.20245967147996,22.29064301044993],[114.20243266444082,22.290637230416131],[114.20243593847698,22.290623968696512],[114.20240955167743,22.29061848314004],[114.20242615693554,22.290547622890124],[114.2023531426553,22.290532011044785],[114.20235875240775,22.290507870757523],[114.20234406038261,22.290504568039356],[114.20235100242985,22.290474214291528]]]},"properties":{"OBJECTID":264188,"Shape__Length":203.05182849415971,"Shape__Area":576.42979860348078,"GeoRefNo":"3891016844","DateCreate":1114790400000,"BuildingBlockType":"Tower","BuildingCSUID":"3891016844T20050430","BuildingID":1103120321,"Status":"Active","BuildingNameEN":"Tanner Garden Block 5","BuildingNameTC":"丹拿花園５座","BaseHeight":34.700000000000003,"TopHeight":83.400000000000006,"Storeys":22,"StoreysInBasement":null,"DateStamp":1599580800000}},{"type":"Feature","id":264189,"geometry":{"type":"Polygon","coordinates":[[[114.20302600009623,22.290581521254936],[114.20301806694708,22.290615102285194],[114.20301431824765,22.290630970241406],[114.20298972190872,22.290626022444755],[114.20297387246318,22.290694195476718],[114.20292777862862,22.290684771580672],[114.20293542312976,22.290650253041953],[114.20291365241954,22.29064648020552],[114.20290598566152,22.290680316121808],[114.2028597542284,22.290670864143291],[114.20287569578534,22.290602517900055],[114.20281853636234,22.290591076410056],[114.20280255745887,22.290659115702791],[114.20275494987133,22.290649410966765],[114.2027632148282,22.290614582044576],[114.20274271551919,22.290610677496115],[114.20273428601826,22.290645198589516],[114.20268748031013,22.290635657340641],[114.20270343313609,22.290567472128245],[114.20267344900432,22.290561613500753],[114.20268440866045,22.290511947105585],[114.20302600009623,22.290581521254936]]]},"properties":{"OBJECTID":264189,"Shape__Length":129.67973133431715,"Shape__Area":370.9474866127556,"GeoRefNo":"3894616853","DateCreate":1114790400000,"BuildingBlockType":"Tower","BuildingCSUID":"3894616853T20050430","BuildingID":1103120313,"Status":"Active","BuildingNameEN":"Yalford Building","BuildingNameTC":"友福園","BaseHeight":16.199999999999999,"TopHeight":81.5,"Storeys":25,"StoreysInBasement":null,"DateStamp":1599580800000}},{"type":"Feature","id":264191,"geometry":{"type":"Polygon","coordinates":[[[114.19688058250863,22.290951130920519],[114.19687950191656,22.290955532851882],[114.1968784213244,22.290959934692957],[114.19687734063517,22.290964336624327],[114.1968762600429,22.29096873855568],[114.1968751793535,22.290973140396712],[114.19687409876109,22.290977542328054],[114.19687301807157,22.290981944259382],[114.19687193747903,22.290986346100386],[114.19687085688642,22.290990748031689],[114.19686977619669,22.290995149963006],[114.19686869560394,22.290999551803978],[114.19686761491407,22.291003953735284],[114.1968665343212,22.291008355666527],[114.19686636227203,22.291009056554625],[114.19676218512403,22.290987333750532],[114.19677689796575,22.290925229865206],[114.19677395754708,22.290924480684648],[114.19677141491432,22.290923180586979],[114.19676925066591,22.290921374727755],[114.19676760067065,22.290919153396526],[114.19676654257719,22.29091663398194],[114.19676618318974,22.290914240910261],[114.19676627029516,22.290912615386929],[114.19676640596029,22.290911269807022],[114.19676683276721,22.290910077711999],[114.19676732747648,22.290908704996113],[114.19676887008707,22.290906411027667],[114.19677093676864,22.290904505311708],[114.19677316850917,22.29090324074987],[114.19677617661058,22.290902265072621],[114.19677994172135,22.290901975629808],[114.19678047937619,22.290899616312746],[114.1968927280202,22.290921769320132],[114.19689216214624,22.290924252631555],[114.19689595625367,22.290925871805211],[114.19689770926644,22.290927125581153],[114.1968982591513,22.290927518796902],[114.19690008225136,22.290929622887869],[114.19690061835401,22.290930677959881],[114.19690132383911,22.290932066331312],[114.19690191451147,22.290934712683136],[114.19690190494399,22.290934989202071],[114.19690182125363,22.290937414116058],[114.19690122455103,22.290939428109699],[114.19690104928422,22.29094001981796],[114.1968996417652,22.290942384029218],[114.19689877056888,22.290943266970928],[114.19689767728008,22.29094437489297],[114.19689526566231,22.290945881047985],[114.19689495495541,22.290945987918693],[114.19689254149444,22.290946818312172],[114.19689027826529,22.290947066392313],[114.19688965702477,22.290947134560035],[114.19688677964116,22.29094678579165],[114.19688649218627,22.290947989248359],[114.1968864405918,22.290948205267298],[114.19688196039827,22.290947177864791],[114.19688157474857,22.290947089412292],[114.19688058250863,22.290951130920519]]]},"properties":{"OBJECTID":264191,"Shape__Length":46.148591452223386,"Shape__Area":116.90857480199189,"GeoRefNo":"3832416891","DateCreate":1114790400000,"BuildingBlockType":"Tower","BuildingCSUID":"3832416891T20050430","BuildingID":1103120252,"Status":"Active","BuildingNameEN":"Loong Wan Building","BuildingNameTC":"隆運大廈","BaseHeight":13.6,"TopHeight":91.099999999999994,"Storeys":22,"StoreysInBasement":null,"DateStamp":1599580800000}},{"type":"Feature","id":264194,"geometry":{"type":"Polygon","coordinates":[[[114.19903214867024,22.29036121228625],[114.1990416775937,22.290363186160992],[114.19903715271182,22.290381476868767],[114.19904751359734,22.290383702493479],[114.19897171863988,22.290696539608632],[114.19882409671928,22.290665870724727],[114.19890294713764,22.290334199800192],[114.19903214867024,22.29036121228625]]]},"properties":{"OBJECTID":264194,"Shape__Length":106.54019766707663,"Shape__Area":586.72615066238211,"GeoRefNo":"3853516846","DateCreate":1114790400000,"BuildingBlockType":"Tower","BuildingCSUID":"3853516846T20050430","BuildingID":1103120312,"Status":"Active","BuildingNameEN":"Everwin Building","BuildingNameTC":"康威大廈","BaseHeight":14.4,"TopHeight":79.700000000000003,"Storeys":24,"StoreysInBasement":null,"DateStamp":1599580800000}},{"type":"Feature","id":264195,"geometry":{"type":"Polygon","coordinates":[[[114.20376884584249,22.290482728417381],[114.20375513432849,22.290542007450071],[114.2037499315808,22.290564500170461],[114.20369419901235,22.290552747014935],[114.20368273505532,22.290599624000915],[114.2035633196008,22.29057490693414],[114.20354817953998,22.290571773181227],[114.2035595136925,22.290524344003167],[114.20349854254788,22.290511486113843],[114.20352257158569,22.290410635357496],[114.2035632899278,22.290418895110051],[114.20358372231989,22.290423039870948],[114.20359364739137,22.290381507198273],[114.20372892730195,22.290410739998308],[114.20371919863283,22.290450521427548],[114.20377373647193,22.290461584471952],[114.20376884584249,22.290482728417381]]]},"properties":{"OBJECTID":264195,"Shape__Length":96.078876412231963,"Shape__Area":448.40767291606551,"GeoRefNo":"3902316850","DateCreate":1114790400000,"BuildingBlockType":"Tower","BuildingCSUID":"3902316850T20050430","BuildingID":1103120329,"Status":"Active","BuildingNameEN":"Golden Cassia Court","BuildingNameTC":"金桂閣","BaseHeight":18.100000000000001,"TopHeight":88,"Storeys":25,"StoreysInBasement":null,"DateStamp":1599580800000}}]}